ply
format ascii 1.0
element vertex 14745
property float x
property float y
property float z
end_header
50.239972617938115 44.12922480940683 55.47934979849644
50.15131457279397 44.22582208963097 55.47475046684646
50.23997278077074 44.12922483551705 55.479350547552386
50.23997294364731 44.12922487018187 55.47935130853698
50.23997310459921 44.129224905081365 55.47935206141317
50.23997326489016 44.12922494801705 55.4793528224192
50.23997342305623 44.129224993960776 55.479353578244684
50.23997357699071 44.12922503586502 55.4793543099933
50.2399737260206 44.129225073434085 55.47935501431145
50.23997386947168 44.12922510638613 55.479355687859325
50.239974006688676 44.12922513445943 55.47935632740757
50.239974136992096 44.12922515740642 55.47935692964026
50.23997425976388 44.129225175013225 55.479357491556925
50.239974376384524 44.129225194598106 55.47935802924418
50.239974487925814 44.12922522190602 55.479358555278395
50.23997459163681 44.12922524825977 55.47935904570551
50.23997468959735 44.12922528338111 55.47935952297302
50.23997473580664 44.12922530254119 55.47935975166369
50.15119657143917 44.225947182164475 55.47473893062542
50.239974779576514 44.12922532077609 55.47935996839989
50.239974856751275 44.12922534333015 55.47936033738091
50.239974919701055 44.129225346285814 55.47936061716682
50.239974970254764 44.12922533713689 55.479360826049174
50.239975006354314 44.12922530923485 55.479360945892275
50.23997503126513 44.12922527542464 55.47936100862135
50.23997504826305 44.12922524897161 55.47936104678382
50.23997252544166 44.12922475856331 55.47934932359307
50.151321384078244 44.22581482197602 55.4747508166489
50.23997268038984 44.12922478286174 55.479350035628244
50.23997283519515 44.12922481534186 55.47935075826207
50.239972988012155 44.12922484802941 55.47935147247142
50.2399731400304 44.129224888388485 55.47935219370675
50.23997328988289 44.12922493160406 55.47935290937454
50.23997343560973 44.12922497094638 55.47935360165745
50.23997357659678 44.1292250061468 55.479354267497
50.23997371223062 44.129225036949954 55.4793549038559
50.23997384191696 44.12922506311952 55.47935550780683
50.23997396503947 44.12922508443221 55.47935607634379
50.23997408173014 44.12922510342353 55.479356613523535
50.23997419191741 44.129225121635706 55.47935712114831
50.239974298548276 44.129225152215184 55.47935763016234
50.23997439667944 44.12922517753066 55.47935809472444
50.239974489636246 44.129225212354996 55.47935854966725
50.23997451685811 44.129225222380995 55.47935868265844
50.10799237025225 44.28524368655462 55.47063667713712
50.10808222098379 44.28514884115739 55.470648133606396
50.108198876085495 44.28502533313272 55.470663131890966
50.108327358573185 44.28488920496266 55.470679683830895
50.108463075770345 44.28474536454448 55.4706971836392
50.10860271120122 44.28459736918543 55.47071518941351
50.10875000983688 44.28444118955351 55.47073420433462
50.10890164771402 44.28428038784618 55.47075378656107
50.10905669727856 44.284115954747115 55.47077381392572
50.15120793510043 44.225935088937206 55.474739728005986
50.23997457355239 44.12922524327311 55.47935895965135
50.23997464692738 44.12922526567819 55.47935931178431
50.23997470559267 44.12922526343292 55.47935956566807
50.23997475408106 44.129225255306494 55.47935976690688
50.239974788458724 44.129225226644884 55.47935987816575
50.23997481294438 44.129225194638266 55.47935994150684
50.239974830023854 44.129225169696944 55.479359982100576
50.239974837712964 44.129225143682596 55.47935998009076
50.23997483910199 44.1292251299075 55.47935996727671
50.239974837833955 44.12922512699616 55.47935995772838
50.239974832119266 44.129225120107904 55.47935992324697
50.23997481618265 44.12922511194495 55.47935984224301
50.23997479007333 44.12922509917993 55.479359710367206
50.239974765482295 44.12922510322535 55.47935960820417
50.239974758110435 44.129225104484206 55.47935957764116
50.23997471682493 44.129225111474454 55.479359406393556
50.23997467646236 44.12922513615472 55.479359263457695
50.23997466895689 44.12922514140116 55.47935923778008
50.23997020162298 44.129220833095275 55.47933375946528
50.239970241946494 44.12922094717137 55.47933409259174
50.2399702822629 44.12922106380309 55.47933442919313
50.23997029931797 44.12922112298698 55.47933458509242
50.23997031547621 44.12922118269698 55.47933473778525
50.23997035110699 44.129221303975 55.479335060237084
50.239970376331584 44.129221421523226 55.47933533199118
50.23997038420903 44.1292214273681 55.47933537451436
50.23997038909157 44.129221451505714 55.47933542901541
50.23997040687542 44.12922155192003 55.479335644671515
50.23997040356762 44.12922165993924 55.47933577837571
50.23997042902222 44.12922167814608 55.47933591484943
50.239970436839755 44.12922174825157 55.479336045270216
50.239970441768506 44.12922180473631 55.47933614435118
50.239970415896636 44.1292219062804 55.47933617033755
50.23997045327498 44.12922193270083 55.47933637030772
50.23997045279995 44.12922201992954 55.47933648789723
50.23997045160338 44.129222059097984 55.47933653639172
50.23997041121316 44.12922215949717 55.479336497214554
50.23997045294026 44.129222186668045 55.47933671726257
50.239970444603756 44.129222274872596 55.47933680175616
50.23997044066826 44.12922231179286 55.47933683516939
50.23997038994402 44.129222411600324 55.47933674991563
50.239970433303895 44.12922243814458 55.479336976255794
50.239970422176285 44.12922253453564 55.47933705975511
50.23997041849392 44.12922256264876 55.479337082194476
50.15105530246111 44.22609598351568 55.47471869041593
50.150847674807366 44.226316151319416 55.47469881499961
50.15086785697153 44.226294756856916 55.47470079163509
50.15078903901836 44.22637833817018 55.47469326662918
50.108775107535976 44.28440382144426 55.470741069713114
50.10864021818209 44.284548120089 55.47072322650685
50.108453743270914 44.284746786235466 55.470698834710234
50.10850600610073 44.28469170151387 55.47070547043134
50.10834008778558 44.2848686724886 55.470683698321984
50.10837518039627 44.28483169063433 55.47068815209779
50.108218053923494 44.28499928290822 55.470667534071154
50.10826028795617 44.28495478053015 55.47067289239233
50.10808817303623 44.28513812267475 55.4706503874408
50.108155085286484 44.28506762248 55.470658874770805
50.108072937899806 44.28515607536184 55.470647814411535
50.1080676758874 44.2851617906011 55.47064708930843
50.108039994404116 44.28519250652709 55.47064305568023
50.23997243508836 44.129224715448906 55.47934886868086
50.23997238856218 44.12922470822099 55.4793486549721
50.23997258249102 44.12922473682143 55.479349543651196
50.239972729727135 44.12922476691381 55.47935022985489
50.23997287414091 44.12922479336831 55.479350898705505
50.23997301845999 44.12922483135673 55.47935158296474
50.23997316005767 44.1292248696182 55.47935225567845
50.23997329815039 44.129224906576205 55.47935291125154
50.23997343166829 44.12922493957713 55.4793535413574
50.23997356064172 44.12922497092271 55.47935414928674
50.23997368434247 44.12922499945874 55.47935473026634
50.23997380197976 44.12922502395213 55.47935527914073
50.239973914708244 44.129225051032854 55.47935581006337
50.23997402197828 44.12922508012698 55.47935631983921
50.239974122835356 44.129225109056115 55.47935680129896
50.23997421797176 44.12922514242234 55.479357263788366
50.23997443787961 44.129225202562125 55.47935830952922
50.23997423513135 44.129225149265864 55.47935734833903
50.108040509254195 44.28519207428465 55.470643083839605
50.108079358957426 44.285151750192675 55.4706478064586
50.108151616571874 44.285075717090855 55.47065693841468
50.10825175063722 44.28496987348039 55.47066975434393
50.108367185919604 44.284847687228805 55.47068458558659
50.10849564660265 44.284711575427636 55.470701136986804
50.10862903292009 44.28457022620821 55.47071832923166
50.10876824221069 44.28442266886246 55.47073628465285
50.10891521667939 44.28426680611012 55.4707552667702
50.10906462228317 44.284108364238556 55.47077456319859
50.15121372381097 44.225928908087 55.474739996516234
50.239974306032124 44.129225176451136 55.47935769619252
50.23997438259299 44.12922519410151 55.47935805575709
50.23997444862311 44.129225200505246 55.47935835376574
50.239974503766604 44.12922519510294 55.47935858789228
50.23997454745777 44.12922517578241 55.47935875276106
50.23997458073588 44.1292251485611 55.47935886117967
50.239974604774545 44.12922511821398 55.47935892483956
50.23997462294085 44.12922509930572 55.47935897847067
50.23997463133297 44.12922507524719 55.47935898222331
50.23997463509072 44.129225068981 55.47935899008624
50.23997463513746 44.12922506908808 55.4793589904379
50.23997463017812 44.129225063374044 55.479358960875956
50.23997461625295 44.12922505682124 55.47935889089148
50.23997459336982 44.12922504927929 55.47935878031251
50.23997458098515 44.12922505407532 55.479358732645224
50.23997456472313 44.12922505931795 55.47935866860719
50.239974525807455 44.1292250623813 55.47935850235248
50.23997449634373 44.12922507866226 55.47935839563232
50.23997448071215 44.12922508800239 55.47935833997714
50.23997442737627 44.12922513377858 55.47935816915776
50.239974420622076 44.12922514098417 55.479358149458676
50.23997436387512 44.12922520858419 55.4793579936385
50.23997435228938 44.129225223077206 55.47935796277417
50.535546008479606 44.31422417418135 55.43601027718732
50.535587040262044 44.31425039633042 55.43600269407618
50.53623095652925 44.3146620000622 55.435883746578895
50.697109393351354 44.42258323556854 55.40766909049272
50.69712047422883 44.42259474101121 55.40766926085612
50.72197702352511 44.450572524463034 55.40768025191974
50.21045374305275 44.05205239768166 55.41460865728486
50.21047785143125 44.052111539744025 55.41466174767886
50.210480252060535 44.05211742937923 55.4146670244167
50.21048584156408 44.05213114154468 55.41467933051912
50.210507253145586 44.052183668518914 55.414726469135516
50.210515672239694 44.052204319442154 55.41474506303126
50.21053479253721 44.0522512285203 55.41478709301695
50.21055808783364 44.052308376513885 55.414838381162006
50.21056252112169 44.05231925299819 55.41484812618291
50.21056055013247 44.05231441406155 55.41484386385038
50.210569876249416 44.052337296855725 55.41486431406739
50.23997019712905 44.12922067635857 55.47933352475195
50.239970216807805 44.129220765919456 55.47933373381808
50.239970240598424 44.12922078479063 55.47933386391469
50.23997020705987 44.129220837191696 55.47933378889977
50.23997027170874 44.12922086633064 55.47933411204908
50.23997028234458 44.12922089585548 55.47933419914136
50.23997028088151 44.129220977110904 55.47933430420822
50.239970323136056 44.12922100944817 55.47933453365442
50.23997035261971 44.129221118326704 55.47933481216977
50.23997036173964 44.12922112547106 55.47933486191804
50.23997033443543 44.12922119663584 55.479334839952784
50.2399703712223 44.129221156712134 55.47933494631382
50.23997039655248 44.12922124371388 55.47933517662317
50.23997040301305 44.129221342588636 55.47933534056919
50.239970431213024 44.12922136416063 55.479335493684815
50.23997045522367 44.12922146126735 55.47933573207756
50.23997046069574 44.129221486370525 55.47933579048558
50.239970440352565 44.12922157651126 55.47933582504421
50.239970486465 44.12922161015866 55.479336073185905
50.239970501152804 44.1292217298147 55.47933630167876
50.23997050883439 44.12922173531054 55.479336342865174
50.23997046272913 44.12922181882484 55.479336255490594
50.239970512512734 44.12922175976692 55.47933639252901
50.239970525451966 44.12922186125438 55.47933658843705
50.23997051844821 44.12922197516255 55.47933671403149
50.23997053868026 44.129221988302646 55.479336820678434
50.23997046886518 44.129222069686946 55.47933662652852
50.23997054041306 44.12922204167111 55.47933690148534
50.23997054152714 44.12922211429136 55.47933700599381
50.23997051871624 44.129222225605986 55.479337058792154
50.239970545569264 44.12922224121092 55.47933719782165
50.23997045810252 44.12922232180228 55.47933692526655
50.23997054158535 44.129222303633796 55.47933726601012
50.2399705368464 44.12922236593762 55.47933733072817
50.23997050184289 44.12922247601197 55.47933732841918
50.23997052985927 44.12922249120257 55.479337471975924
50.23997043127851 44.129222569451045 55.479337147525285
50.239970522814474 44.12922255609385 55.4793375301437
50.239970516340065 44.129222614843556 55.479337582384204
50.15113336965676 44.22601322777986 55.474726341569436
50.151187823621015 44.22595550304952 55.474731675878175
50.15099772095708 44.22615709239089 55.47471351158186
50.15100315206381 44.226151335021896 55.47471404331753
50.10879623106288 44.284381555158205 55.470743752475755
50.150981924067636 44.226173845951195 55.47471201674593
50.15081972966434 44.226345842514405 55.47469653116467
50.108689259852085 44.284496434443 55.47072945189754
50.108748956695834 44.284433521902365 55.47073702894487
50.10858075834835 44.28461292859883 55.47071495636308
50.10861700027564 44.28457473977082 55.47071955458292
50.108470352739715 44.28473142458089 55.470700220783
50.10848677378767 44.284714125498525 55.470702302834056
50.10835181542477 44.28485836404454 55.470684495634686
50.10837533760542 44.2848335828064 55.47068747849634
50.10822522206951 44.28499374016363 55.47066776594731
50.108275176880696 44.28494111438601 55.47067409975753
50.10808304564188 44.28514542867769 55.47064909547627
50.10819921013293 44.28502305681528 55.47066382282712
50.10805393984719 44.2851778177517 55.47064482305962
50.10818963336031 44.28503351173814 55.47066248519321
50.10817539971171 44.28504985940433 55.470660224504655
50.23997240424919 44.12922470718176 55.47934872225813
50.23997248884304 44.129224707275114 55.479349092921915
50.23997241913352 44.12922469978616 55.47934877730795
50.23997262776251 44.129224727832415 55.47934972961603
50.239972765292734 44.12922475276882 55.47935036623271
50.239972900381 44.12922477814968 55.479350992762924
50.239973034045654 44.12922481047252 55.479351622581305
50.23997316453441 44.129224842872155 55.479352238594075
50.2399732916402 44.129224876225216 55.47935284109689
50.239973414735914 44.129224909517625 55.47935342595167
50.23997353450508 44.129224947521834 55.47935400269976
50.23997364963242 44.12922498633562 55.479354560226525
50.23997375989032 44.129225026813714 55.4793550987076
50.239973880980195 44.12922507392551 55.479355693735414
50.23997384650576 44.1292250648961 55.47935553034388
50.239974042679805 44.12922511017557 55.47935645173952
50.23997420097891 44.129225141788304 55.47935718848687
50.108177044429766 44.28504828008865 55.470660381359174
50.10822406256708 44.28499926402601 55.47066616891102
50.108302171575446 44.28491699653818 55.47067606640647
50.108401816503225 44.284811703367815 55.470688808471174
50.10852109700372 44.28468539165223 55.470704152411685
50.10864654626522 44.284552508584255 55.4707203030173
50.10877972522319 44.28441136832079 55.470737472169475
50.10891987571101 44.28426277482225 55.47075556196809
50.109063883809554 44.28411006748867 55.47077415771655
50.15120045637793 44.22594293659451 55.4747384561329
50.239972348856384 44.12922469177197 55.479348458487216
50.239973865827054 44.12922507334048 55.47935562655945
50.23997396335872 44.129225109839325 55.479356103838185
50.23997405128145 44.129225132519984 55.47935652007082
50.23997413023437 44.12922514572269 55.479356884011295
50.239974199434215 44.129225147298435 55.479357189280236
50.23997425848425 44.129225136690636 55.47935743337666
50.23997430873473 44.129225120936084 55.479357631868545
50.2399743501186 44.12922510001358 55.479357784433226
50.23997438279317 44.129225076122026 55.479357894776314
50.23997440893635 44.12922505868671 55.4793579853682
50.23997442690738 44.12922504075824 55.47935803948816
50.23997443845856 44.12922503061934 55.479358076174606
50.239974621151006 44.12922506614264 55.479358925133894
50.23997444115038 44.129225029857146 55.47935808691953
50.239974443155624 44.129225027088566 55.47935809190463
50.23997443894811 44.129225020778165 55.4793580648177
50.23997442635416 44.129225014091546 55.47935800048053
50.23997440610383 44.129225011106826 55.47935790768582
50.23997440545941 44.129225011491044 55.4793579053902
50.239974379215155 44.12922501931816 55.47935780117403
50.23997434385683 44.129225029428966 55.479357660169654
50.239974332801516 44.129225036736564 55.479357621770795
50.23997430160163 44.12922505723624 55.479357513233666
50.23997435806881 44.12922512224412 55.479357849754834
50.23997426175531 44.12922509360327 55.47935738859235
50.239974250982286 44.1292251036852 55.479357355236154
50.23997424378064 44.129225185423486 55.479357435829506
50.239974195065344 44.129225168348015 55.47935719902201
50.2399741899477 44.129225174336725 55.47935718482192
50.374000117662135 44.2096854879646 55.4578047289627
50.53558073672021 44.31424793897498 55.436004754503955
50.536111124841966 44.31458690029244 55.435906736880135
50.697111738714426 44.42258570122425 55.40766912023828
50.697120174897904 44.42259446055981 55.40766924995761
50.72197697602544 44.45057255085681 55.40768023718821
50.72197702837775 44.45057259513442 55.40768023851771
50.72197707495546 44.450572635656336 55.40768023947134
50.72197716328179 44.450572719648484 55.40768023982703
50.695224752059076 44.5119428341623 55.42126290878061
50.695210073663006 44.511973683264856 55.42126953624485
50.69517783038653 44.51204144238393 55.4212840949769
50.69515836444445 44.512082350398295 55.42129288434951
50.69514558198763 44.51210921310215 55.42129865594276
50.20043887239489 43.86231642650634 55.253401137190636
50.18115619963135 43.9753879867427 55.342256114292496
50.18117093456189 43.975425548183395 55.342292878509845
50.181181482755655 43.975452214998306 55.34231869161226
50.16271670542987 43.99261014537292 55.349728916104624
50.16272109888439 43.99261725048974 55.34973643304184
50.162703010146934 43.99259663634448 55.34971127785349
50.16272955546151 43.9926336461162 55.349752725572415
50.21044269501433 44.05202530275082 55.41458416484956
50.21044574121049 44.0520327711269 55.41459096609065
50.21046807684802 44.052087568818415 55.41464005964646
50.21047995435072 44.05211670372141 55.41466627158316
50.21049442192249 44.05215219809669 55.41469807122385
50.210516221968845 44.05220567690656 55.414746088930144
50.210521099869325 44.05221764423028 55.41475681040636
50.210516331957876 44.05220594219915 55.41474642532427
50.21053241483841 44.05224540211424 55.41478172171837
50.21054795313768 44.052283520749505 55.41481592961605
50.21055628368073 44.05230395422739 55.41483433296126
50.21057545381569 44.05235098575487 55.41487646875894
50.239970217015745 44.1292206257734 55.47933354246071
50.2399702245622 44.12922063216574 55.479333584285186
50.239970220005105 44.12922069481075 55.47933365026786
50.239970237139566 44.12922065990125 55.47933367742691
50.23997027132026 44.12922073744097 55.47933393352203
50.239970294901426 44.12922082667647 55.47933415923494
50.239970318392736 44.129220845353736 55.479334287754554
50.2399702911016 44.12922090250049 55.47933424661504
50.23997034977377 44.12922092822422 55.47933453889999
50.23997035971108 44.129220955981516 55.47933462050776
50.23997036359472 44.12922103959104 55.479334752223735
50.23997040209688 44.1292210690429 55.479334961275214
50.239970433992575 44.12922117824371 55.47933525079788
50.23997044211774 44.12922118449346 55.479335294961615
50.239970421753995 44.129221262256635 55.47933531244924
50.23997045117987 44.129221213839145 55.47933537491505
50.23997047586458 44.12922130201035 55.479335604001555
50.239970488117905 44.129221407444284 55.47933580231944
50.2399705066324 44.12922142142226 55.479335902592695
50.2399704682641 44.12922149204703 55.479335831423946
50.23997052181606 44.12922148536408 55.479336056822405
50.239970534235226 44.12922154251602 55.47933618962796
50.23997053018542 44.129221642110366 55.479336308523834
50.23997056050247 44.12922166526606 55.47933647308539
50.239970580433805 44.129221772135104 55.479336707003114
50.239970583091846 44.129221789277295 55.47933674216334
50.23997055827475 44.12922188273044 55.47933676166982
50.23997060501252 44.129221914726486 55.47933701028515
50.23997061226504 44.129222034112985 55.47933720584024
50.23997062374994 44.1292220414463 55.4793372662068
50.23997056959664 44.129222130434094 55.47933715108951
50.23997062794164 44.1292220800516 55.47933733753028
50.2399706344204 44.12922216769013 55.47933748614082
50.23997061800779 44.129222281434224 55.479337570297744
50.23997064045004 44.12922229393423 55.47933768574758
50.23997056376031 44.12922238019666 55.47933746817788
50.23997063897048 44.12922235296133 55.47933776024695
50.23997063681908 44.12922241872476 55.47933784104511
50.23997060584981 44.1292225301838 55.47933785830652
50.23997063193008 44.12922254347615 55.47933799077852
50.239970541259424 44.129222627248396 55.4793377085536
50.23997062601754 44.12922260812995 55.47933805357999
50.239970620540966 44.12922266666812 55.4793381099009
50.239970578740596 44.12922277338777 55.479338073218145
50.239970617939164 44.12922279225323 55.47933827079641
50.15115417822554 44.22599122892852 55.47472878022059
50.15113746917898 44.226008947503274 55.47472718305653
50.15086081201438 44.226302291809205 55.47470055053647
50.15095591593014 44.226201472597175 55.47470984743656
50.10881048492072 44.28436870773065 55.47074482886897
50.1507776676875 44.22639049401542 55.47469283453418
50.108705089357144 44.284481967608116 55.47073071442335
50.10872124931009 44.284464946286604 55.47073276245804
50.10863184312519 44.28456065898665 55.47072091221089
50.10859125486423 44.284604111937696 55.47071553191583
50.108482981102945 44.28472023166488 55.470701110590596
50.10850245654434 44.28469936715263 55.47070369710413
50.10848450607798 44.284718624408356 55.470701304194364
50.10835916572799 44.28485265532513 55.47068474187028
50.10839130683299 44.28481880489508 55.47068881397112
50.108221445400204 44.28499963989804 55.47066663962178
50.10831977265437 44.28489608346365 55.470679097126066
50.10819479700034 44.28502942731171 55.470662683119215
50.108308974638305 44.28490801750664 55.470677539744806
50.10831119118993 44.28490679572934 55.4706774455726
50.23997245220886 44.12922470282202 55.47934892634858
50.2399725441465 44.12922472324775 55.479349357073644
50.23997266340707 44.12922473812215 55.479349899861916
50.23997256163663 44.129224726329355 55.47934943791111
50.23997279224022 44.12922476199357 55.47935049692286
50.23997291853903 44.12922478755875 55.47935108520666
50.23997304235873 44.12922481663919 55.47935166745416
50.23997316359735 44.12922485022767 55.479352244580696
50.23997328173817 44.129224887452146 55.47935281312671
50.23997339602417 44.12922492646401 55.47935336723995
50.23997352245701 44.129224975851855 55.47935398879339
50.23997348417592 44.12922496464284 55.4793538057379
50.2399736851883 44.12922501886006 55.47935476058811
50.108314057250915 44.28490392732345 55.470677758106206
50.10836524334124 44.28485049425274 55.47068408294776
50.108445975243804 44.284765447497335 55.47069431843944
50.108547015650394 44.28465866645943 55.470707243428976
50.10866370421507 44.28453513751302 55.47072224112657
50.108788930892445 44.28440248346003 55.47073836535418
50.108918485430735 44.28426522071143 55.470755054975456
50.10905860645124 44.28411662869161 55.470773151001865
50.15118334418375 44.2259610426479 55.474736551544595
50.23997226348942 44.129224669126486 55.47934805349758
50.239972399380584 44.12922469568558 55.479348685161064
50.23997253354375 44.1292247227467 55.47934930994439
50.239973507616256 44.129224974682145 55.479353922183606
50.239973611388905 44.12922500996065 55.47935442512477
50.23997370949477 44.12922504428379 55.47935490193379
50.23997379971169 44.12922506892797 55.479355330909165
50.239973881555315 44.12922508321517 55.47935570899918
50.23997395427229 44.129225085096365 55.47935603009285
50.239974018152466 44.12922507733968 55.47935629925759
50.23997407407163 44.12922506518245 55.47935652751457
50.23997412205637 44.12922504961311 55.4793567163362
50.23997416236425 44.129225032026426 55.479356868764214
50.23997419635538 44.1292250201801 55.47935700139911
50.23997422348873 44.12922501162157 55.47935710850629
50.23997424302384 44.12922500340505 55.47935718280118
50.2399743795507 44.129225022386336 55.479357806853045
50.23997424721001 44.12922500392972 55.479357201857056
50.239974256643436 44.129225004370674 55.47935724378203
50.239974261099945 44.12922499895619 55.47935725587413
50.23997425737019 44.12922499186702 55.479357229811434
50.23997424609354 44.12922498666189 55.47935717327679
50.239974398551816 44.12922501036529 55.47935787358935
50.239974242681186 44.12922498766653 55.47935715970843
50.23997422827526 44.129224990262585 55.47935710016954
50.23997420283868 44.12922499777433 55.479356999058325
50.23997426247438 44.12922502377188 55.479357295939344
50.239974183001394 44.12922500995904 55.479356928883945
50.23997417047241 44.12922501728144 55.47935688405056
50.23997413030065 44.12922504900838 55.479356751617956
50.239974118197324 44.12922506166516 55.479356715967256
50.23997408142287 44.129225098918646 55.47935660599735
50.2399740538919 44.129225129150214 55.47935652688204
50.23997402151812 44.12922516592988 55.47935643553784
50.37379505403588 44.20956619461024 55.457843136161785
50.49270559299256 44.309075071364006 55.43997726578152
50.53590855461553 44.31445903391284 55.43594508029892
50.69711669131277 44.4225908750451 55.407669189854516
50.697118170736516 44.42259241103932 55.4076692126236
50.721976921033374 44.45057257372798 55.40768022169461
50.72197698659601 44.450572627044224 55.40768022379322
50.72197702225169 44.45057265648657 55.40768022484375
50.72197711120228 44.45057273800167 55.407680225825864
50.69521532209515 44.51196265054978 55.42126716673154
50.695201235038894 44.51199225678876 55.42127352720514
50.69517043818679 44.512056976693785 55.421287432794706
50.69515388832204 44.51209175792642 55.421294905350344
50.69514018218351 44.51212056293532 55.42130109389852
50.67798594101659 44.55224433237795 55.427018374250096
50.67796736773542 44.55228514747216 55.427026315310364
50.67796165991962 44.552297692138936 55.42702875509496
50.728375383186645 44.67137985185618 55.42875777349798
50.74435980686 44.788682549216745 55.43988094184304
50.74438758766913 44.78873350184004 55.43988001269011
50.74445841165753 44.78886395664789 55.439877697870216
50.25408679359606 43.8263664323938 55.24304266290602
50.25404934299121 43.82639338707622 55.24305602136888
50.25405862027371 43.82638671731353 55.243052716523735
50.25402400979511 43.82641163096103 55.24306506372976
50.254030086398146 43.82640726228116 55.24306289906367
50.253997815868246 43.826430495231804 55.24307441362103
50.254000326304336 43.826428690300204 55.24307351927584
50.23061783182989 43.94089359892052 55.332473853184425
50.23064650402685 43.94089139365599 55.33247898971017
50.23063708150917 43.940954748578534 55.332529110217024
50.181173899574176 43.975432733131264 55.34229942723653
50.230620143560074 43.94107250565629 55.33262240836913
50.18120703644743 43.97551681206442 55.34238121407539
50.21043378491464 44.052003453478655 55.41456436132481
50.21045124816857 44.05204629217541 55.41460285377281
50.21045748508722 44.05206159377282 55.414616560433345
50.2104490340097 44.05204085471514 55.41459809723608
50.21047581232973 44.05210655354929 55.41465692298267
50.21048207471898 44.05212191625822 55.41467071426585
50.2104821924989 44.05212219985042 55.41467108471629
50.21050758781515 44.05218450436357 55.41472689754238
50.2105163142689 44.05220590831102 55.414746188723
50.21053424417511 44.05224989729687 55.414785594258575
50.21055246610698 44.05229459748985 55.41482575063948
50.21056127141233 44.05231620029119 55.414845102831045
50.210554579009866 44.05229977646456 55.41483049392076
50.21058314208662 44.05236985344062 55.414893253679935
50.23997019087935 44.12922049001225 55.479333241726266
50.23997020852439 44.12922055713045 55.47933341109494
50.23997024807103 44.129220588746485 55.479333627690536
50.23997028447904 44.12922067899796 55.47933391098108
50.239970299622456 44.12922069076311 55.47933399345257
50.23997029223097 44.129220753946534 55.47933404775874
50.23997032620658 44.12922074910745 55.47933418993901
50.239970346754546 44.129220795716854 55.47933434388668
50.2399703661916 44.12922088246951 55.47933454804141
50.23997039309616 44.12922090326596 55.47933469441894
50.23997036766315 44.12922096219735 55.47933466386676
50.23997043190342 44.12922100407957 55.47933500270898
50.23997043513886 44.129221013393405 55.47933502965853
50.239970439007166 44.12922109655662 55.4793351606951
50.239970477482935 44.12922112588764 55.47933536946519
50.23997050783984 44.12922123376827 55.47933565043654
50.239970517180396 44.12922124067083 55.47933570081953
50.239970501421055 44.12922132025183 55.479335740969084
50.2399705283088 44.12922127614863 55.47933579823632
50.239970552441974 44.12922135749734 55.479336015547055
50.239970566167536 44.12922146287093 55.47933622023085
50.23997058499873 44.12922147620528 55.47933632100825
50.239970551217354 44.12922155407292 55.47933627986765
50.23997060266377 44.12922154629457 55.479336494540604
50.239970614204715 44.129221596562175 55.47933661405469
50.239970611861736 44.129221699274666 55.47933674470467
50.23997064106536 44.12922171845023 55.47933689892882
50.239970588356684 44.12922179260469 55.479336769789185
50.23997066156451 44.12922182453628 55.47933713425945
50.23997066449134 44.12922184157137 55.4793371704501
50.23997064452336 44.12922193961213 55.47933721749034
50.239970686870166 44.129221966029675 55.479337439219265
50.239970697520924 44.12922208643151 55.47933765105222
50.23997070630219 44.12922209173644 55.479337696793536
50.23997066254148 44.12922218373431 55.47933763132721
50.23997070997487 44.12922212292833 55.47933775567317
50.239970719388 44.12922221724591 55.4793379262998
50.23997070909465 44.12922233184203 55.47933803842904
50.23997072873985 44.12922234297504 55.479338139751924
50.239970661558814 44.12922243168591 55.47933796719104
50.239970729106844 44.12922240185165 55.47933822213304
50.23997072864166 44.129222467393255 55.47933831001279
50.239970701734876 44.1292225788655 55.47933834508667
50.239970727854484 44.12922259200294 55.47933847751852
50.23997064349376 44.12922267793487 55.47933822589517
50.239970724036894 44.12922266648405 55.47933856297837
50.23997072095493 44.12922271529574 55.47933861644424
50.23997067913028 44.12922282174761 55.47933857928781
50.23997071490237 44.12922283882807 55.47933875940865
50.15114240002919 44.22600372029725 55.474727664837516
50.239970705661605 44.129222943797416 55.47933886294126
50.239970704210734 44.12922296094035 55.479338880104876
50.15100834728555 44.22614588987035 55.474714969550945
50.151091880688824 44.22605733518476 55.47472312651132
50.150873193875256 44.22628922514644 55.47470215922162
50.150913657965205 44.226246328313366 55.474706107793345
50.10882932776824 44.28435104110647 55.470746481996
50.10882386109867 44.284356894161796 55.47074575715959
50.108598391413544 44.28459659808931 55.470716435323624
50.10869699883302 44.284492758690696 55.470728924244995
50.10859036697837 44.28460717285413 55.470714702965296
50.1084895737837 44.284715325078864 55.47070125941764
50.10853937345206 44.28466205518612 55.47070784572608
50.108504579879096 44.28469952098819 55.47070316058785
50.108356919414106 44.28485696018661 55.47068380374675
50.10844386428292 44.28476536603022 55.470694827741
50.10833083387776 44.284886102590455 55.470679936152905
50.10843654972345 44.28477365725764 55.47069370296614
50.1084442980617 44.28476656579036 55.470694324373184
50.23997263869046 44.12922474455215 55.479349800420295
50.23997275375423 44.129224776200566 55.47935034783838
50.2399728695424 44.129224807055465 55.47935089734078
50.23997298929511 44.129224838690845 55.479351465279365
50.239973109261506 44.129224869000964 55.47935203233568
50.23997323441317 44.12922490036951 55.479352623556494
50.239973362352536 44.12922493137687 55.47935322649239
50.10844820344059 44.28476259155315 55.470694772371
50.108505364758166 44.284702791696496 55.47070187910853
50.1085856371493 44.28461825706876 55.47071204688567
50.10868446852895 44.28451385609949 55.470724673951906
50.10879791899473 44.28439380122064 55.4707392399111
50.10891995788444 44.28426455943306 55.47075494174547
50.1090492680304 44.284127535433676 55.47077160668593
50.15116359669474 44.22598194363891 55.47473439790086
50.23997217942609 44.129224650177584 55.479347659289346
50.23997231095976 44.12922468530441 55.4793482836205
50.23997244124499 44.129224723251525 55.47934890635245
50.23997256917088 44.12922475905136 55.479349515804174
50.23997269462679 44.1292247942533 55.4793501136168
50.23997281678092 44.12922482618718 55.479350692483465
50.23997293590591 44.1292248585416 55.47935125865894
50.23997305091001 44.12922488733234 55.479351801895106
50.239973162114 44.12922491633881 55.47935232878213
50.23997326839229 44.129224941500304 55.47935282881879
50.23997336983745 44.12922496534267 55.47935330587573
50.239973465283825 44.129224983687806 55.47935374911531
50.23997355479675 44.129224998671376 55.479354161753484
50.239973637386775 44.129225007005246 55.479354534945415
50.23997371317527 44.129225010851385 55.47935487218869
50.23997378187239 44.129225010147735 55.479355172128564
50.2399738431304 44.12922500440349 55.47935543256861
50.23997389739898 44.129224996797795 55.47935565984009
50.23997394602313 44.1292249946296 55.47935586984758
50.23997398749768 44.129224990997976 55.479356046530995
50.23997402276209 44.12922499228577 55.47935620276201
50.239974105474175 44.129224999614365 55.479356575109406
50.23997403603582 44.1292249936864 55.47935626282471
50.23997421375217 44.12922500136136 55.479357051782436
50.2399740508162 44.12922499385279 55.47935632779361
50.23997407051131 44.12922499026218 55.47935640913561
50.23997408186922 44.12922498157271 55.47935644696402
50.239974086550625 44.12922497706472 55.47935646128477
50.23997408346063 44.129224970910855 55.47935643930755
50.239974202282184 44.12922498273467 55.479356975987685
50.23997408225385 44.12922497125885 55.47935643449906
50.239974073659404 44.1292249699513 55.47935639506008
50.239974056661 44.129224972163335 55.47935632363879
50.23997405957716 44.129224990465886 55.479356361521596
50.23997403698701 44.1292249869432 55.47935625773999
50.23997403366141 44.129224989260635 55.479356246352644
50.239974002702716 44.129225010475444 55.47935613985311
50.23997406035595 44.129225050527644 55.47935644733235
50.23997398040927 44.129225034948966 55.479356075779535
50.23997396435479 44.12922505138529 55.479356028007324
50.239973938846646 44.12922510153639 55.47935598508015
50.23997392072528 44.12922509733824 55.479355899945965
50.23997391629138 44.12922510200317 55.47935588692464
50.23997385713034 44.129225157792796 55.479355704327574
50.23997385422199 44.12922516082512 55.479355695748566
50.492755240931686 44.309118019393395 55.43996720572642
50.49272271145655 44.3090959740084 55.439974030862786
50.49276647865815 44.30912764692137 55.43996492505658
50.697117636581936 44.42259186070389 55.40766920352213
50.53633340793661 44.31473215149337 55.435867478776615
50.69712467837944 44.422599201361194 55.40766930575897
50.69714067791044 44.422615813858044 55.407669551756484
50.721976951576025 44.450572668193104 55.40768020852518
50.72197695752615 44.450572673112546 55.40768020869925
50.69521874658005 44.51195544148656 55.42126562166874
50.69519754096524 44.5120000095305 55.42127519616176
50.695190901116774 44.51201396478545 55.42127819408179
50.6951616159387 44.512075508978526 55.4212914170077
50.6951389473285 44.51212314857705 55.421301652360896
50.69513231726411 44.51213708220815 55.42130464596386
50.6779813597673 44.5522543813897 55.427020339762535
50.67795845730181 44.55230470159496 55.42703013486201
50.67795783310648 44.55230607354116 55.427030401639996
50.728362159338374 44.67136847033055 55.42875925683763
50.74434302890408 44.788691385808676 55.43988533982056
50.744373627540824 44.78874549427814 55.439884121494785
50.74444251600818 44.78886823934605 55.439881468458964
50.75339130052757 44.85467908710247 55.441476733099805
50.753401337787054 44.85469380691325 55.4414774427594
50.75340477121837 44.854698722329346 55.44147766647093
50.75341331467807 44.85471965233405 55.441479606077564
50.75341983217059 44.85474104718789 55.44148194868916
50.75342488792327 44.854751190494625 55.4414827399908
50.335424829347986 43.77779283183353 55.224802080482974
50.33541767876453 43.77779548335958 55.224801966070046
50.33542040114183 43.77779447372694 55.22480201062001
50.28095004100308 43.8163196066889 55.24383673956517
50.28095555568112 43.81631629397087 55.24383548302471
50.25411899452355 43.82634325378255 55.24303117563149
50.280926814217665 43.816334187736786 55.2438426737478
50.28091357298243 43.81634243080509 55.243845985895156
50.25409578160093 43.82635997057426 55.243039461093616
50.28087172844634 43.816368502945856 55.243856475976095
50.25407174627594 43.82637727993311 55.243048040280094
50.25408529309128 43.826367540404384 55.24304321435535
50.25404688963033 43.82639518129751 55.243056912930626
50.254056923245386 43.8263879673152 55.24305333838771
50.230672958303025 43.94090264364165 55.3324947181483
50.23067865936544 43.940921281562325 55.33251151972426
50.23063993974651 43.94096374310574 55.33253724450054
50.23066155894928 43.94102762478214 55.332595336743296
50.23066382175196 43.94103441594538 55.33260150382198
50.230627878529475 43.94109597354234 55.33264369912651
50.23065684311803 43.94108217036663 55.33263931269401
50.21044910741788 44.05204105113373 55.414597919247456
50.21045278720395 44.052050073485745 55.41460612262891
50.21047225796146 44.05209784294857 55.414648910969824
50.21048474037366 44.05212846164288 55.414676458281846
50.21049600020674 44.05215608648409 55.41470120211212
50.210484158091276 44.05212702758527 55.41467529279873
50.21051728432393 44.052208299195335 55.41474809269096
50.210520825419955 44.05221698692047 55.414755874137875
50.21051772978679 44.05220938657684 55.41474918629151
50.210531122358226 44.052242247103116 55.414778549700245
50.21054623584905 44.052279323187626 55.41481183086695
50.210551964342066 44.05229337181906 55.41482453659769
50.2105727473336 44.052344360741785 55.4148702080134
50.23997017535005 44.12922043232459 55.479333094562804
50.23997019618295 44.12922045178094 55.47933321250695
50.239970194435486 44.12922049317075 55.47933326163594
50.239970252238 44.12922054163584 55.47933358131084
50.23997025798619 44.12922054689362 55.479333613702124
50.23997027119131 44.129220607362846 55.479333754501354
50.23997027871875 44.12922058068753 55.479333750876606
50.23997031691874 44.12922064522104 55.47933400673351
50.239970346783096 44.12922072582241 55.479334248122626
50.23997037292996 44.12922074662943 55.479334391195806
50.239970358877756 44.12922080448543 55.479334409018094
50.239970420812696 44.129220848234006 55.47933474032314
50.239970424387096 44.129220851047386 55.479334759839375
50.23997043215749 44.129220930546786 55.479334902941275
50.23997043098278 44.129220865943935 55.47933480916632
50.23997047039052 44.129220958261506 55.4793351084307
50.23997043784535 44.12922101517822 55.479335043962024
50.23997050339673 44.12922105977627 55.479335392273015
50.23997051499233 44.12922106792614 55.47933545424469
50.23997050809596 44.129221147526025 55.479335533241525
50.23997053069517 44.129221111800824 55.47933558321809
50.239970554076336 44.12922117992413 55.47933577909089
50.23997057628783 44.12922128135251 55.47933601553197
50.2399705947865 44.12922129411371 55.47933611406661
50.23997057411708 44.129221372466326 55.47933613102393
50.23997061592158 44.12922136424556 55.47933630285665
50.239970629003764 44.1292214102127 55.47933642322184
50.23997063819375 44.129221511189556 55.47933660200705
50.239970663680026 44.129221528267166 55.47933673707034
50.23997062829886 44.12922160540733 55.479336687924295
50.239970691219945 44.12922163139542 55.479336999182905
50.23997069507446 44.1292216479755 55.47933703881279
50.23997068814107 44.12922174712979 55.479337144474385
50.23997072510919 44.129221769316445 55.47933733683934
50.239970669344125 44.12922184448192 55.47933719569919
50.23997074555065 44.129221888340496 55.47933758966711
50.23997075180516 44.129221891948404 55.47933762201272
50.239970724995445 44.129221987567675 55.4793376357628
50.239970756309425 44.12922191590525 55.479337674608814
50.23997077377883 44.12922201545771 55.47933788770514
50.23997077658391 44.129222131845225 55.47933805966545
50.239970790658234 44.129222139787856 55.47933813221003
50.23997074634125 44.12922223262872 55.479338065463565
50.239970795548956 44.129222188668024 55.47933822069156
50.239970801869944 44.12922226388614 55.4793383515713
50.239970791486705 44.1292223775132 55.47933846197738
50.239970811312546 44.12922238845824 55.47933856383359
50.23997075064712 44.1292224790141 55.47933842234332
50.239970812850245 44.12922245338291 55.47933865963998
50.239970813061234 44.12922251207188 55.479338741080284
50.23997078981495 44.12922262288676 55.47933879128598
50.239970816495145 44.12922263645946 55.47933892677037
50.23997073816746 44.12922272342473 55.47933870299036
50.239970816548364 44.12922272922376 55.47933905426811
50.23997081595199 44.12922276022302 55.47933909418414
50.2399707724983 44.129222864826694 55.47933904735661
50.23997081852882 44.12922288505955 55.47933927673593
50.23997070990649 44.12922296347525 55.47933890853092
50.239970804140206 44.12922300384635 55.4793393766765
50.23997081433926 44.12922300816677 55.47933942727735
50.15114990165452 44.225995826982185 55.47472879533275
50.23997081238712 44.12922304249059 55.47933946581594
50.23997080733997 44.129223130356074 55.47933956425237
50.1510167541785 44.22613703479762 55.47471617451575
50.15106856478029 44.22608210928953 55.47472123031037
50.108825026593564 44.284355667733834 55.47074590446744
50.150882670641295 44.226279233567276 55.47470345305895
50.150891454348205 44.226269921760235 55.47470431009404
50.10872030490642 44.28446820262262 55.4707318805461
50.150852022763544 44.226311736251915 55.47470054449661
50.108812773361805 44.28437076289825 55.47074361386149
50.10860946816906 44.284587047946104 55.47071712563656
50.10870900723006 44.28448216648053 55.47072975310975
50.10861248893751 44.28458582751589 55.47071684744102
50.10866029715298 44.284534646092396 55.47072318444053
50.10862724284712 44.28457028086031 55.47071871941168
50.108485428648684 44.284721577503966 55.47070009833048
50.108571560587094 44.28463082473298 55.47071102431161
50.108463044338166 44.284746811896085 55.4706967030142
50.10856807463846 44.28463500277884 55.47071041188582
50.108582119429514 44.284621335760946 55.47071181222614
50.10858409442299 44.28461931532649 55.47071204236238
50.10864387636968 44.28455672837314 55.47071949025183
50.10872332333434 44.284473094575596 55.47072954283358
50.10881967715628 44.28437135595544 55.47074183813417
50.108929645671886 44.28425503206472 55.470755941426376
50.10904852500006 44.284129166428194 55.470771226596256
50.151155813306175 44.22599015702014 55.47473338342305
50.239972093978245 44.1292246158487 55.47934723791686
50.239972219908566 44.12922465084889 55.479347837530625
50.23997234447803 44.12922468815458 55.47934843434652
50.23997246697692 44.129224725015966 55.479349021483394
50.239972586865136 44.129224760137454 55.47934959479814
50.239972703902005 44.12922479418457 55.479350154149515
50.239972817369306 44.129224824981094 55.47935069340603
50.23997292686525 44.12922485234847 55.479351210562854
50.239973031992946 44.129224876118904 55.47935170365128
50.23997313237327 44.12922489613896 55.4793521708002
50.23997322761139 44.12922491226433 55.479352610082145
50.23997331735718 44.129224924372906 55.479353019796164
50.23997340168651 44.12922493451875 55.479353403092375
50.23997348013723 44.12922494178195 55.47935375668457
50.23997355225513 44.12922494522239 55.47935407729341
50.239973618895874 44.1292249504454 55.47935437635688
50.23997367958633 44.129224956164194 55.47935465003725
50.239973733504065 44.12922495924617 55.47935489043442
50.23997378221395 44.12922496879875 55.47935511689748
50.23997387195056 44.12922497967864 55.47935552488558
50.23997379792924 44.12922497129666 55.47935518916006
50.23997398630274 44.129224990101015 55.47935604006645
50.239973823738566 44.12922497514225 55.479355307485186
50.23997385783746 44.12922497874681 55.47935546178935
50.23997388330275 44.12922497269632 55.479355565030986
50.23997390180256 44.12922496650128 55.47935563756424
50.23997391270532 44.129224956729786 55.47935567191459
50.239973917349026 44.12922495178117 55.47935568546578
50.23997405291288 44.12922496769848 55.47935630109598
50.239973917446946 44.12922495195289 55.47935568613029
50.23997391536041 44.12922495023422 55.47935567463303
50.23997390634371 44.129224950228476 55.47935563513042
50.23997389107244 44.12922495920826 55.479355580559044
50.239973889786015 44.12922496068753 55.479355576953765
50.239973869456875 44.12922498168911 55.47935551672096
50.239973868429225 44.12922501414546 55.479355556746974
50.23997384491196 44.12922501001742 55.479355448073946
50.239973840301595 44.1292250150484 55.47935543478183
50.2399738022596 44.12922505183993 55.47935531862611
50.23997378988328 44.12922506652032 55.479355284555936
50.239973754716615 44.12922510611975 55.479355184846824
50.239973845504636 44.129225158793744 55.47935565477816
50.2399737320205 44.12922513157069 55.47935512035041
50.239973695620435 44.12922516822178 55.47935501119396
50.37388307813296 44.209617814605856 55.45782522500792
50.49285261249662 44.30919907375321 55.439947353672764
50.53604199046652 44.31454748699215 55.435922231521815
50.69713346819785 44.42260836108868 55.407669434025664
50.69713487687462 44.4226098236349 55.40766945570505
50.721976949016096 44.45057267428329 55.40768020678286
50.721976874507575 44.45057268443465 55.407680190024294
50.69521708699662 44.51195890650118 55.42126637315823
50.69520528719542 44.51198370809733 55.421271700681885
50.69518525335165 44.51202582426825 55.42128074508314
50.69517781009935 44.51204145414921 55.42128410706316
50.695168603388645 44.51206080383594 55.42128826397537
50.69515056222613 44.51209872043672 55.42129640975942
50.69512810976361 44.51214591646416 55.421306546505235
50.67799675736075 44.55222043212874 55.42701379816683
50.677990087285906 44.552235097044914 55.427016647272666
50.67797513589369 44.55226797236181 55.42702303261922
50.67795751056697 44.552306777452614 55.42703054134438
50.677952977524356 44.552316674021924 55.42703250343577
50.677945343283355 44.552333464227196 55.4270357623645
50.728342251929234 44.67135131295929 55.42876148505228
50.74431991908352 44.788695498978555 55.43989061697273
50.74436984637879 44.78878168768718 55.4398884257063
50.74441972668403 44.78886786524149 55.43988624327944
50.75337027725084 44.85468604473171 55.441481254295795
50.75338051662935 44.85470003555191 55.44148181522847
50.75338381501548 44.854704760521926 55.44148203060019
50.75339202689578 44.85472487607123 55.441483894588266
50.75339790626158 44.854745544771916 55.44148622541587
50.75340250475118 44.8547560782891 55.44148715303185
50.75340663450325 44.8547652767935 55.441487944551945
50.77617807309831 44.91106827684446 55.43846651223575
50.77614053792219 44.91111975973361 55.43847420333513
50.776103615232984 44.91117009211015 55.438481812278866
50.776101946935924 44.91117238347268 55.43848215368049
50.776060746362305 44.91122769452765 55.43849076328492
50.33545093053199 43.777783153258255 55.224802497614675
50.33544460632181 43.777785498334865 55.224802396563575
50.33544720917524 43.77778453302819 55.224802439165956
50.33544217264531 43.777786400544414 55.22480235922731
50.33544336748605 43.77778595742088 55.224802378778115
50.335431690677446 43.77779028757578 55.22480219020231
50.33544034946606 43.77778707643928 55.224802331199804
50.33543915919544 43.777787517769625 55.22480231241446
50.33542894656743 43.77779130490365 55.224802147858895
50.33543504664712 43.777789042606344 55.224802247650004
50.33542611677464 43.77779235400562 55.22480210413147
50.33543095354541 43.777790560226705 55.22480218323401
50.33542319741723 43.77779343632195 55.224802058952186
50.33542671694333 43.77779213106269 55.22480211649472
50.280916203685784 43.81634084906985 55.24384538500112
50.28095894299828 43.816315128171176 55.243835598686914
50.280969351667494 43.816308868184876 55.24383321947185
50.28088171550819 43.81636249256385 55.24385418908889
50.28092569446078 43.816336002634316 55.243844095432095
50.280930365110365 43.81633319148781 55.24384302564678
50.280846094658 43.81638484922598 55.2438632847185
50.280908271168954 43.816346949731674 55.243848556386
50.28088590459109 43.81636087807377 55.24385415570397
50.25406968927739 43.82637878834211 55.243048790151775
50.28084246259709 43.81638796146733 55.2438650625153
50.23069364307807 43.94096725098703 55.33255318382281
50.23070405643975 43.94099908924328 55.332582048891965
50.230682708558405 43.94109178070171 55.33265354184032
50.23068937312786 43.94111220315028 55.33267205351143
50.21045400696699 44.05205307168545 55.41460868589918
50.21048414324564 44.052127008098736 55.414674908050216
50.21048676466491 44.05213343951459 55.41468066800162
50.2104847192408 44.05212841545138 55.414676294247506
50.21049331327461 44.052149504234805 55.41469509244537
50.210509659692136 44.05218960452 55.4147310966877
50.21051709903165 44.052207850390445 55.41474756510759
50.21053350652955 44.05224810466599 55.414783617582
50.21055009609776 44.052288799742044 55.41482019263162
50.210558214548826 44.05230871762703 55.41483803107535
50.21055150810986 44.05229225816578 55.41482341621775
50.210580225161294 44.052362713543246 55.414886501026
50.210583435683986 44.0523705895344 55.41489357071429
50.23997015084639 44.12922037954525 55.47933291482387
50.239970186172854 44.1292204160425 55.47933311963097
50.23997022791318 44.12922048201737 55.47933339297261
50.23997025316467 44.12922050723251 55.479333538171446
50.23997030435406 44.12922058897749 55.47933387453678
50.23997031761017 44.129220601720476 55.4793339500831
50.23997032827502 44.12922065485161 55.47933406968832
50.239970370849136 44.1292206880651 55.479334301736266
50.23997037770327 44.12922069954291 55.479334347505166
50.23997040318977 44.129220771595364 55.4793345579901
50.239970436512316 44.12922080029537 55.47933474332254
50.23997047661874 44.12922089176387 55.47933504448237
50.23997049161636 44.12922090402927 55.47933512700165
50.23997049265647 44.12922097478264 55.47933522862499
50.23997052490458 44.12922097596214 55.479335371495424
50.23997054042979 44.12922101063512 55.479335487066834
50.239970563225214 44.12922110184559 55.479335712047586
50.23997058740381 44.129221119711886 55.47933584246502
50.23997057220857 44.12922119176734 55.479335874761034
50.239970632400855 44.129221229685385 55.4793361904339
50.23997063446036 44.1292212311524 55.47933620146756
50.23997064030043 44.12922132229801 55.47933635209187
50.23997063766051 44.12922124003524 55.47933622767121
50.23997067414767 44.129221344787155 55.479336531201795
50.23997064153103 44.129221417694296 55.47933648835754
50.23997070617971 44.12922145447181 55.479336821985434
50.23997071594369 44.12922146056767 55.47933687311635
50.23997070595471 44.12922155220693 55.47933695508398
50.23997072926976 44.129221502934215 55.47933698961009
50.23997075171144 44.12922157811887 55.47933719105527
50.2399706995629 44.129221650581776 55.47933706204856
50.23997076797716 44.12922168773103 55.479337412680316
50.239970784628994 44.12922169732412 55.4793374987791
50.239970759492586 44.129221788625415 55.47933751393476
50.23997080056253 44.129221763934204 55.479337659953984
50.23997081183201 44.12922181772467 55.479337783112115
50.23997081615097 44.129221927646626 55.47933795283326
50.23997083754253 44.129221939448996 55.47933806272385
50.23997079926097 44.12922203021918 55.479338019572815
50.23997084885748 44.12922201572342 55.47933821692716
50.23997085487227 44.12922206146183 55.47933830602202
50.23997084971316 44.1292221720756 55.47933843517674
50.23997087270468 44.129222184912344 55.47933855349447
50.23997082334439 44.129222275857046 55.47933846205616
50.239970878589205 44.129222263704264 55.479338687365406
50.239970880656614 44.12922230739001 55.47933875635407
50.23997086671859 44.12922241820877 55.47933884733679
50.23997089062822 44.12922243087939 55.479338969448136
50.23997083135639 44.1292225215596 55.47933883423257
50.23997089303508 44.129222513698735 55.4793390936115
50.23997089352953 44.12922255353191 55.47933915042491
50.2399708694867 44.12922266248194 55.47933919458309
50.239970900284106 44.12922267743704 55.4793393499982
50.23997082523155 44.12922276454743 55.47933914076292
50.23997090523665 44.12922280114527 55.479339541408095
50.239970906119204 44.129222801581534 55.47933954587237
50.239970860066805 44.12922290330973 55.4793394837172
50.23997090617364 44.12922280522062 55.47933955110335
50.239970910023644 44.12922292559824 55.479339733114614
50.2399708910358 44.129223040330125 55.479339807346776
50.23997091201709 44.12922304934027 55.47933991160957
50.23997083231163 44.129223140680814 55.47933968779717
50.239970910622 44.129223137583864 55.47934002656134
50.23997090871023 44.129223171601865 55.47934006485721
50.151155615058826 44.22598982496835 55.47472972157321
50.15122681892129 44.22591433932674 55.47473666355647
50.151023543974674 44.226129889274546 55.47471718964612
50.15105249370664 44.22609919855663 55.47472001127703
50.108835379301325 44.28434692322742 55.470746488527354
50.15088865418072 44.226272943366304 55.47470439349234
50.15089387922718 44.22626740404752 55.47470490244252
50.10872762924158 44.28446253185482 55.47073211991831
50.108839859280806 44.28434416992229 55.47074639387802
50.10884700109422 44.284336640239864 55.47074730142077
50.10872884735764 44.28446315873015 55.470731630597726
50.108766318378755 44.28442364608488 55.47073639443142
50.108607601403605 44.28459281984944 55.47071560644204
50.108723790370334 44.28447028302696 55.47073038380243
50.10872624615098 44.28446765985649 55.470730707334525
50.10872580329645 44.284468161377646 55.470730639392585
50.10858989722373 44.28461313478742 55.47071280084555
50.10870654490549 44.28449004711378 55.470727659153226
50.10874266400122 44.284451582234055 55.47073237844788
50.108760307840626 44.28443336461437 55.47073449096022
50.10878666483141 44.28440597232056 55.470737706754214
50.108861921746076 44.28432684715825 55.470747196209025
50.10895157371928 44.28423230833252 55.47075859472305
50.1090529439976 44.28412521801874 55.47077154865153
50.15114199182799 44.22600477405029 55.47473179681921
50.15129548746873 44.22584206182212 55.474746854048846
50.23997213148853 44.1292246269715 55.47934741747787
50.23997225082441 44.129224664550556 55.47934799174482
50.239972367264 44.12922469600373 55.47934854492133
50.23997248143207 44.12922472797347 55.47934908885692
50.23997259302699 44.12922476041558 55.47934962216965
50.239972701167 44.12922478972369 55.47935013604973
50.239972805482104 44.12922481573316 55.479350628650636
50.23997290560749 44.12922483828952 55.47935109816243
50.239973001195516 44.12922485725181 55.47935154286915
50.23997309188369 44.12922487248758 55.47935196100116
50.23997317735187 44.12922488388512 55.47935235100302
50.23997325795911 44.129224895063636 55.479352719412574
50.23997333404541 44.129224909306004 55.47935307222303
50.23997340363458 44.129224917029504 55.47935338763156
50.23997346872781 44.12922493063214 55.47935369141277
50.239973566254776 44.12922495090842 55.479354146415005
50.23997349094492 44.129224937522324 55.4793537981803
50.239973660930616 44.12922495927319 55.47935457258728
50.239973761419165 44.12922496838154 55.47935502524034
50.239973528834746 44.12922494882964 55.47935397965694
50.23997358144264 44.1292249586692 55.47935422358761
50.23997362691386 44.12922496301193 55.47935442871723
50.23997366555016 44.12922496386534 55.47935459912166
50.23997369693763 44.12922496048081 55.479354731960974
50.239973721630044 44.129224956132084 55.47935483415188
50.239973739721705 44.12922495196965 55.479354907686
50.23997382315079 44.1292249543262 55.4793552763528
50.239973741989786 44.129224952202016 55.479354917939375
50.23997391295892 44.12922495180113 55.47935566626367
50.23997375164137 44.129224951581705 55.479354959363995
50.23997375609035 44.12922494645123 55.4793549718127
50.239973753982 44.129224943319606 55.47935495828154
50.2399737719753 44.12922495544152 55.47935505372549
50.23997374885843 44.12922495377998 55.47935495019007
50.2399738799824 44.12922495960618 55.47935553252874
50.23997374674226 44.12922495635341 55.47935494445138
50.239973731931684 44.1292249675605 55.47935489495365
50.23997372745485 44.12922499470946 55.47935491259037
50.23997371352354 44.12922499294966 55.47935484915452
50.239973710848446 44.129224996221716 55.47935484192618
50.23997368145113 44.129225025688974 55.479354753587316
50.23997374781984 44.129225059670844 55.479355090913884
50.23997366632147 44.12922504607652 55.47935471528676
50.23997364353797 44.12922507284009 55.47935465220842
50.23997366826681 44.12922511871753 55.47935482346483
50.23997361388965 44.129225107493895 55.479354569885636
50.2399735952898 44.129225126715745 55.47935451478578
50.23997359866395 44.12922517843063 55.479354600513446
50.239973553490685 44.129225167090496 55.4793543870891
50.23997353564198 44.12922518389934 55.47935433196896
50.492899435106125 44.309237263597005 55.43993777734502
50.49276957750838 44.30914844867756 55.4399649922143
50.492951999702 44.30928025180173 55.439927031058026
50.6971342717583 44.42260919818621 55.4076694458098
50.53636934940063 44.314758236617685 55.43586261249621
50.72197675569171 44.45057266652046 55.40768017022901
50.69521577222591 44.51196164261447 55.42126696936088
50.69519359061415 44.512008271757225 55.42127698359137
50.69519213227021 44.512011334464525 55.421277642263306
50.69519058329898 44.51201459007021 55.42127834162417
50.695166938126505 44.512064287610556 55.42128901738192
50.69514850414551 44.51210303257599 55.421297340263465
50.695141667056134 44.512117403080175 55.42130042717229
50.677991010092185 44.55223302560951 55.42701626882206
50.67797915844672 44.552259096377306 55.4270213262032
50.677970822640134 44.55227743517111 55.427024882543
50.677949543552785 44.55232420410185 55.427033977602036
50.65786372534295 44.67996274881677 55.44158404027472
50.65786455367335 44.680014303968214 55.441588251620914
50.74429980463249 44.78870012015762 55.43989531098144
50.74436533972704 44.78881247797392 55.439892359688464
50.74439744700731 44.788866893836556 55.43989085264906
50.7533437994265 44.854694313714475 55.44148687002125
50.75335659558043 44.85471181463314 55.44148757365597
50.75335700790069 44.85471228565946 55.44148758156079
50.753365689017144 44.85473143875112 55.44148921631434
50.753371945455065 44.854751169501434 55.44149133677495
50.75337637246609 44.85476750317643 55.441493214349315
50.753377327584886 44.85477101089702 55.44149361685088
50.776159875671596 44.91108980555974 55.43847071998263
50.776121239193216 44.911141889035314 55.43847876379833
50.7761008376247 44.91117361583894 55.43848242135688
50.77608181872555 44.91119484706437 55.43848699628813
50.776043580435875 44.91124644763127 55.43849494968285
50.77604107655228 44.91124919839932 55.43849555817934
50.73030750971925 44.978266715719215 55.44698503881716
50.73030951144682 44.97827759588723 55.44698265934285
50.73031201465289 44.978291214060505 55.44697968237517
50.730314483053085 44.97830465213393 55.446976745759855
50.73031692133742 44.97831793357638 55.44697384414941
50.33547101379412 43.777775706098176 55.22480281919943
50.3354655280567 43.7777777402321 55.2248027317505
50.33546780074022 43.777776897374224 55.224802768945814
50.335456466156174 43.77778110063458 55.22480258579944
50.335463599949264 43.77777845496191 55.224802702562286
50.3354645509266 43.77777810227863 55.224802718122284
50.33545433563623 43.77778189042449 55.224802553351466
50.335462488564815 43.77777886694935 55.22480268567795
50.33546080454317 43.77777949133949 55.224802659198005
50.335452123974136 43.77778271030446 55.22480251959438
50.33545730401478 43.777780789216756 55.224802604330016
50.33544982179936 43.77778356375044 55.22480248436966
50.335453587110365 43.77778216733638 55.22480254594795
50.33543964518071 43.77778733753522 55.22480232036583
50.33544744374075 43.77778444533666 55.224802447919785
50.3354497896193 43.77778357533879 55.224802486274655
50.33543704510002 43.777788301453974 55.224802280335545
50.335444983320876 43.777785357465824 55.22480241013547
50.335445850298555 43.777785035937164 55.22480242430582
50.33543436549652 43.77778929486223 55.22480223902282
50.33544355566987 43.77778588673127 55.2248023881738
50.33544174642483 43.77778655755901 55.224802359667734
50.335431600763286 43.77779031983975 55.224802196333314
50.33543778936544 43.77778802472862 55.22480229746056
50.335428744242655 43.77779137885706 55.22480215214783
50.335433648874 43.777789559923704 55.22480223227222
50.280968420691075 43.81631028303182 55.24383430539672
50.28098587053806 43.8162997810538 55.24383030926977
50.280890721712154 43.81635797582396 55.24385304936176
50.28093491808933 43.81633133611022 55.24384288658084
50.280945744107214 43.816324816412816 55.24384040307383
50.28085531081698 43.81638021456735 55.24386210552995
50.28090031903693 43.81635308311225 55.24385175362129
50.28090304950777 43.81635143765386 55.24385112612231
50.2307138687096 43.94102712645691 55.33260762376244
50.26156510625067 43.92958640302943 55.33282534517261
50.2615234066129 43.92968953184303 55.332898712863084
50.230703369381374 43.94115177824447 55.33270818841163
50.23071570111567 43.94118671075383 55.33274007881029
50.210513297707635 44.05219853599664 55.41473896700019
50.21052346582092 44.05222348263756 55.41476130713055
50.210515702862295 44.05220443088767 55.41474437524643
50.2105438681579 44.052273531919504 55.414806261474595
50.210547049176455 44.05228133630075 55.41481325020301
50.21054757393851 44.05228261776269 55.41481452787956
50.21055511020466 44.05230111128251 55.41483100450233
50.21057066467441 44.052339268926964 55.41486526172835
50.210580282451794 44.052362859219215 55.41488652047737
50.239970113306484 44.129220295218744 55.479332634703916
50.210584500626716 44.052373202262935 55.414895910933794
50.239970167106364 44.12922037000078 55.4793329729512
50.23997017781363 44.12922038055782 55.47933303433421
50.23997019871332 44.12922042783188 55.479333190734394
50.23997023297292 44.129220457708314 55.47933338178518
50.23997024087545 44.129220468974836 55.47933343185635
50.23997027540467 44.12922052823385 55.479333664398524
50.23997030714703 44.12922055988385 55.4793338468566
50.23997035186767 44.12922063173474 55.47933414131387
50.239970374559846 44.129220653629226 55.479334270746854
50.23997037958145 44.1292207009481 55.47933435765967
50.23997042745285 44.12922073952945 55.47933462027495
50.23997043982983 44.129220750541016 55.479334689595206
50.23997045445317 44.12922081408563 55.47933484082563
50.23997049293643 44.12922083899801 55.479335043566515
50.23997049982817 44.12922085074177 55.47933508986493
50.239970528272565 44.12922093005214 55.47933532326327
50.23997055890087 44.129220953744195 55.47933548992398
50.2399705479758 44.12922101559204 55.479335526920124
50.23997060034281 44.12922104956785 55.47933580290858
50.2399706137247 44.12922105961892 55.479335875312756
50.239970618707616 44.129221139173524 55.47933600628076
50.23997064767248 44.12922113287147 55.479336124506034
50.23997066325881 44.12922116816313 55.4793362411939
50.239970688093784 44.129221264088315 55.47933648157637
50.23997071232706 44.129221279072055 55.4793366082787
50.23997069956451 44.12922135917782 55.47933666227467
50.23997075661771 44.129221389491434 55.479336953765184
50.23997076109799 44.12922139230356 55.47933697724761
50.23997076671761 44.12922148725076 55.479337132121856
50.23997076937117 44.12922141458343 55.47933704405156
50.23997080280397 44.129221507606985 55.47933731811325
50.239970769945 44.12922158760549 55.47933728393629
50.239970831230714 44.12922161764891 55.47933759359522
50.23997084514629 44.12922162496274 55.479337664581806
50.23997083233684 44.129221720608776 55.47933773969227
50.23997086184016 44.129221684141285 55.47933781889172
50.23997087816656 44.12922174370303 55.47933797211762
50.23997082664593 44.12922182480054 55.479337857707094
50.23997089267918 44.12922185424165 55.479338187334825
50.23997091379378 44.12922186431934 55.47933829364611
50.23997088401556 44.129221960898846 55.479338295711074
50.23997092834894 44.12922194194345 55.47933846389377
50.239970935724685 44.12922198520781 55.47933855555572
50.23997086852722 44.12922206773814 55.479338374443664
50.23997093778107 44.129222097929784 55.4793387192078
50.23997095910396 44.129222107450566 55.479338825667426
50.23997091962624 44.12922220647202 55.47933878859703
50.23997096747364 44.129222180126774 55.479338962033495
50.23997097229329 44.12922222972354 55.47933905118687
50.23997089492677 44.12922231376106 55.47933882760027
50.23997096742657 44.12922234446826 55.47933918728957
50.2399709862176 44.12922235258912 55.479339280738586
50.23997093960938 44.12922245261469 55.47933921381292
50.23997098770663 44.12922241037121 55.47933936653283
50.23997098907664 44.12922247418649 55.47933946008271
50.239970905935664 44.129222559044734 55.47933921232902
50.23997098076853 44.129222590474605 55.479339583228935
50.23997099606216 44.129222596939215 55.479339659086584
50.23997094490991 44.12922269698505 55.47933957228511
50.23997099569272 44.129222645970714 55.47933972473531
50.239970993814026 44.12922271806072 55.47933981540755
50.23997098035073 44.12922283347609 55.47933991477588
50.239970997126605 44.12922284059139 55.479339998018645
50.2399709378916 44.12922293787581 55.47933987202481
50.23997099453593 44.12922289786122 55.479340065240244
50.2399709910701 44.129222960880696 55.47934013651655
50.239970966000385 44.12922307255746 55.47934017991767
50.23997098911933 44.12922308217074 55.479340294371255
50.23997091723749 44.12922317516224 55.47934010709262
50.23997098499592 44.129223177568115 55.479340407186896
50.23997098313711 44.12922320219718 55.47934043283398
50.239970939514336 44.12922330738267 55.47934038606401
50.23997097894831 44.12922332256986 55.479340579627106
50.15116128073143 44.22598386662614 55.474730596603024
50.15119820700373 44.225944718110995 55.474734185188055
50.15102898380874 44.22612417137395 55.47471804952686
50.15105068882194 44.2261011603032 55.47472015995956
50.10895028755315 44.28422774255591 55.47076042710116
50.15092916987331 44.22623004328273 55.47470869276026
50.10884145629044 44.284344400321785 55.47074595169566
50.10891041725953 44.28427168605171 55.470754717596066
50.1088371488213 44.28435072178712 55.47074480439407
50.10889099420069 44.28429312962358 55.47075192396579
50.10888165799768 44.284303785968845 55.47075046353463
50.108824504474164 44.28436566454589 55.47074265442869
50.10888901494528 44.28429686135665 55.47075111804489
50.10891654613785 44.284268620087495 55.470754351946766
50.10892569377219 44.28425914375725 55.47075545772089
50.108990912612555 44.28419081702788 55.470763599064924
50.10906804361774 44.28410974481094 55.47077331695678
50.15113823266462 44.22600872060734 55.47473117061078
50.15127224064908 44.225866690054424 55.47474447667753
50.151174704260384 44.22597006336281 55.47473477702391
50.239972089705525 44.12922462926235 55.479347237603946
50.23997221124969 44.12922467225358 55.4793478289686
50.23997232385471 44.129224708486774 55.47934837190681
50.239972434054046 44.12922474219141 55.479348900838744
50.239972543224866 44.1292247742079 55.47934942294961
50.23997264899336 44.129224803125844 55.47934992590683
50.23997275100341 44.129224828785524 55.479350407931264
50.23997284890409 44.12922485103715 55.47935086728046
50.23997294236148 44.129224869744206 55.47935130230445
50.23997303102709 44.12922488477837 55.47935171130067
50.23997311459377 44.129224896031545 55.479352092775486
50.239973195618546 44.1292249049006 55.479352459845586
50.23997328105436 44.12922491493349 55.47935284783344
50.23997335850369 44.12922491967878 55.47935319358504
50.23997345180777 44.12922493102124 55.47935361783392
50.151255936343205 44.225883962468906 55.47474280422783
50.23997204790052 44.12922463049103 55.479347056176465
50.23997216382017 44.12922467979543 55.479347631565865
50.23997227667934 44.12922472022506 55.479348181374434
50.23997238648225 44.12922475470428 55.47934870963269
50.23997249328093 44.12922478628427 55.479349220754344
50.23997259673012 44.12922481480196 55.47934971300337
50.23997269648698 44.129224840102374 55.479350184665655
50.239972792214076 44.12922486204042 55.47935063406393
50.23997288359058 44.12922488048386 55.47935105961164
50.239972970281485 44.12922489530845 55.47935145967078
50.23997305199207 44.12922490640962 55.47935183280704
50.239973128436105 44.12922491369669 55.479352177642376
50.239973199904576 44.12922492064244 55.47935250021561
50.2399732656137 44.1292249236654 55.47935279218011
50.239973326471386 44.129224929841115 55.47935306721987
50.23997338115903 44.12922493202719 55.479353309760285
50.239973430976264 44.12922493967525 55.47935353846081
50.239973474083214 44.12922494206908 55.47935373056083
50.23997351194869 44.129224949360264 55.47935390642105
50.23997356968296 44.12922495507322 55.47935416714479
50.239973530295 44.129224952493104 55.479353991078995
50.239973651628546 44.12922495572735 55.47935452697797
50.23997372935696 44.1292249524298 55.47935486291789
50.23997354312042 44.12922495410586 55.47935404946918
50.23997356744091 44.1292249550805 55.47935415733424
50.23997358525973 44.1292249553471 55.47935423574949
50.23997359609265 44.1292249514385 55.47935427783726
50.23997360076075 44.12922495057299 55.47935429709696
50.2399736702595 44.12922495078889 55.47935460180966
50.23997360103452 44.12922495169204 55.47935429983136
50.23997359948279 44.12922495667726 55.47935429987379
50.239973591807185 44.12922496860972 55.4793542826236
50.23997361890246 44.12922498634806 55.47935442564106
50.23997358363304 44.12922498425324 55.47935426828099
50.239973577705 44.129224992772066 55.47935425400224
50.23997355580185 44.12922501588574 55.479354189772636
50.23997361431242 44.12922503956695 55.479354478547556
50.23997354529096 44.12922503144609 55.479354165080544
50.239973526056986 44.12922505592325 55.479354114413006
50.2399735247819 44.129225089864 55.47935415539162
50.23997349704141 44.12922508538883 55.479354027743895
50.23997348722605 44.12922509448361 55.47935399722821
50.239973438853625 44.12922513533012 55.479353841386484
50.23997343795696 44.12922513575628 55.47935383804359
50.35789982846808 44.23146652627173 55.462429911735676
50.35793688209057 44.23149791528556 55.462423353610184
50.520107730600074 44.33650140690933 55.440523382790346
50.52011766404042 44.33650851151862 55.44052157707731
50.69520667271415 44.511980750264314 55.42127107945839
50.69520029807718 44.51199413615832 55.42127395876746
50.695194546126785 44.51200622807955 55.4212765555323
50.69517814410966 44.51204070696988 55.421283960538275
50.69516165907237 44.51207535815852 55.4212914032357
50.69515487421543 44.512089619797585 55.421294466474706
50.695136366600266 44.512128532880375 55.421302821336226
50.69513123115992 44.51213931628822 55.421305140954395
50.69512467868316 44.51215308873774 55.421308099347286
50.67798505740889 44.55224605664789 55.427018832420174
50.677967281092585 44.55228517498357 55.427026412560394
50.677965988453366 44.55228801860403 55.427026964114226
50.677946095651116 44.55233176217937 55.427035458690355
50.657864430428965 44.68001898502115 55.4415887297147
50.65786456401732 44.68002772913048 55.44158944731706
50.673771246058436 44.79737764392621 55.4527326611438
50.744373215233395 44.78886059765199 55.43989535832758
50.74436106556196 44.788857583806355 55.43989763130325
50.744378217506636 44.788888268275926 55.439896982684246
50.75330788427553 44.85470496174833 55.44149439699131
50.75335531874549 44.85471275117956 55.44148792995974
50.75331817105392 44.85472296622495 55.44149558831106
50.75332492047042 44.85473520246573 55.44149643722168
50.75332822747143 44.854740997151865 55.44149682125632
50.75333486562823 44.85475987455108 55.4414987440446
50.75336881511867 44.85477288984272 55.441495298352336
50.753337884928214 44.85477963236449 55.44150139465736
50.75333864230865 44.854795652380815 55.4415038184716
50.776135944325205 44.911116966565416 55.438476414325024
50.77609837660406 44.91116750533557 55.43848425015224
50.77605828445266 44.91122067872388 55.43849271883887
50.730306992844206 44.97826396975815 55.44698564609425
50.73030947695453 44.978277430804745 55.446982697824986
50.730309397788716 44.97827705825313 55.446982785434905
50.730311916002535 44.97829071574927 55.44697979537973
50.730311777761244 44.978290018780115 55.446979953586634
50.730314336249734 44.97830389688299 55.44697691546553
50.730314153124354 44.97830295479691 55.44697712715647
50.730316757065154 44.97831707890018 55.44697403512393
50.73031652375881 44.978315864196055 55.446974306450315
50.730319191302655 44.97833033215525 55.44697113902038
50.7303188809332 44.97832870089062 55.44697150169296
50.73032162172974 44.978343561132164 55.44696824784758
50.73032124913938 44.9783415873704 55.446968684966706
50.730323633476644 44.97835454856022 55.446965850523995
50.73032605347014 44.978367674410876 55.44696297697463
50.73032646190783 44.97836988461047 55.44696249256488
50.73032852708509 44.97838105122146 55.446960044239646
50.335489233142376 43.777768950149984 55.22480311061467
50.33548379809294 43.777770965501574 55.224803023882544
50.33548672193064 43.77776988115492 55.22480307172603
50.33547577530619 43.77777394054847 55.22480289483296
50.33548233195821 43.777771508919514 55.22480300213254
50.33548407978891 43.77777086071268 55.224803030726044
50.335474127376244 43.777774551380766 55.22480287015722
50.33548077466506 43.77777208614201 55.22480297891079
50.335481194161446 43.77777193056627 55.22480298577211
50.33547239522619 43.77777519344438 55.22480284412381
50.33548036560251 43.77777223776748 55.22480297278754
50.335477908304924 43.77777314884639 55.22480293429769
50.33547058554731 43.77777586425794 55.22480281684071
50.3354746920072 43.77777434132548 55.22480288399076
50.33546156304535 43.777779210038744 55.22480267160573
50.335468707613344 43.77777656038223 55.224802788459435
50.33547153335651 43.777775512421286 55.224802834655854
50.335459483293306 43.777779981003164 55.224802639970946
50.33546673689173 43.77777729091639 55.224802758572025
50.33546803253049 43.777776810414 55.224802779747485
50.33545731876136 43.77778078340739 55.22480260696301
50.33546518798134 43.77777786509904 55.224802735002456
50.33546421750013 43.77777822493042 55.22480271972167
50.33545508102998 43.77778161295628 55.22480257277415
50.335460514589116 43.77777959786205 55.22480266155702
50.33545274895632 43.77778247749252 55.224802537047225
50.3354566496058 43.7777810308972 55.22480260076326
50.33544243557647 43.77778630197939 55.22480237093026
50.33545034342113 43.77778336927097 55.22480250013251
50.3354528456578 43.777782441293084 55.22480254099264
50.33543981187076 43.77778727466192 55.224802330498534
50.3354478383536 43.777784297963215 55.22480246158346
50.33544871375067 43.77778397331471 55.224802475873375
50.33543709909408 43.777788280377166 55.224802288613255
50.33544655090233 43.77778477525944 55.22480244173441
50.335444371834264 43.7777855832188 55.22480240733489
50.33543430080687 43.777789317804434 55.22480224533399
50.33544000678818 43.77778720169825 55.22480233843629
50.280977157282074 43.81630591811343 55.24383321674881
50.280997271290246 43.81629381768479 55.24382861555932
50.26161395591783 43.929582906180485 55.33283540280583
50.26162476700561 43.92959298204193 55.33284650765529
50.261530333286785 43.92969514120244 55.33290513521361
50.26156947512877 43.929722973086434 55.33293826344925
50.261573555318066 43.92972642047009 55.33294216372401
50.21051190989027 44.05219513729204 55.41473578910083
50.26155050721601 43.92978354004378 55.33298281228865
50.21053567316484 44.05225343883602 55.41478799307083
50.210541468328046 44.05226765039966 55.414800858540076
50.2105589991656 44.05231066110059 55.414839370706005
50.21057206144552 44.052342702013284 55.414868201182
50.2105829595034 44.052369439636855 55.41489214250245
50.210576314470046 44.052353130221135 55.414877675202575
50.23997009541266 44.12922025663758 55.47933250339592
50.23997010184118 44.129220263624894 55.47933254113998
50.23997013252955 44.12922031303759 55.47933274335021
50.23997014198366 44.129220314795624 55.47933278717275
50.239970165925456 44.12922034595617 55.479332934791444
50.239970208220115 44.12922040701942 55.47933320382283
50.23997023359706 44.12922043055364 55.479333347265204
50.2399702424911 44.12922047020533 55.47933344062129
50.239970283913166 44.12922050368841 55.47933366799298
50.239970300117314 44.12922051821261 55.479333758895876
50.23997031864506 44.12922056965821 55.479333910629464
50.23997035970228 44.129220602463775 55.47933413547363
50.239970366564165 44.12922060876005 55.47933417416769
50.239970394748624 44.12922067155545 55.47933438377041
50.239970406429514 44.129220667058554 55.47933442876538
50.23997043011557 44.129220702494585 55.47933458112951
50.23997047077039 44.129220775754376 55.47933485971071
50.239970497372326 44.12922079867966 55.479335007683275
50.23997050149714 44.12922085206514 55.47933509899093
50.23997054503293 44.129220885393266 55.47933533540852
50.239970559931336 44.129220898123066 55.47933541813022
50.23997057513212 44.12922096587862 55.47933557766702
50.239970618512025 44.129220997427765 55.479335810961224
50.239970621871564 44.12922100035062 55.47933582968645
50.239970647178296 44.12922108296813 55.47933605387837
50.23997063647908 44.129221026517605 55.479335929568734
50.23997067914671 44.129221105509046 55.47933622482968
50.23997067013116 44.12922117253016 55.47933627728714
50.23997071827738 44.129221201667384 55.47933652814965
50.23997073509467 44.12922121325764 55.47933661771314
50.239970739661736 44.12922129514288 55.47933675005707
50.23997078799498 44.12922132235393 55.47933699909617
50.239970789537814 44.129221323514265 55.47933700744602
50.23997080835594 44.12922141858201 55.47933722029735
50.239970794263186 44.12922133396075 55.47933704247561
50.2399708388383 44.1292214361692 55.47933737794343
50.239970822205876 44.12922151788158 55.47933741719281
50.23997087574722 44.12922154338544 55.47933768670222
50.23997088965025 44.12922155107424 55.47933775814819
50.239970888257034 44.129221645053406 55.47933788097693
50.239970922215974 44.129221634976524 55.479338015898364
50.239970934530774 44.12922166799703 55.47933811514059
50.23997089246953 44.1292217502046 55.479338043686724
50.23997095185865 44.129221774183954 55.47933833671891
50.23997098004192 44.12922178696554 55.47933847770169
50.23997095424733 44.12922188120229 55.47933849400159
50.2399710137289 44.12922190426828 55.47933878618565
50.2399710217195 44.129221907654696 55.479338825831746
50.239970948244206 44.12922199024401 55.47933861730263
50.23997101339644 44.12922201351601 55.47933893460778
50.239971031513875 44.129221944655264 55.479338919494296
50.23997105350275 44.12922202927094 55.47933913189479
50.23997100460236 44.129222124186526 55.479339047918515
50.23997107003467 44.1292221466565 55.4793393653502
50.23997108493933 44.12922215229352 55.47933943836869
50.23997098810385 44.12922223552852 55.479339128403716
50.23997105808074 44.12922225916708 55.47933946734464
50.23997109490245 44.12922221067758 55.479339562106716
50.23997110426511 44.129222275449195 55.47933969197783
50.23997103825842 44.12922237110351 55.47933953408655
50.2399711080167 44.12922239422049 55.47933987135429
50.239971121465686 44.129222398892935 55.47933993667339
50.2399710109828 44.12922248213348 55.47933956693805
50.23997108524282 44.12922250664474 55.47933992583711
50.23997112330063 44.129222440399346 55.479340001653945
50.239971127247586 44.12922252119695 55.47934012978957
50.239971054549706 44.12922261790297 55.4793399440326
50.239971127652794 44.12922264206577 55.47934029738599
50.239971132305584 44.12922264368953 55.47934031999365
50.239971018075735 44.12922272707978 55.47933993405135
50.2399710932075 44.129222753175696 55.47934029894276
50.23997113167372 44.129222656748894 55.47934033514235
50.23997112392074 44.12922276361808 55.47934044779811
50.23997105398575 44.129222861909234 55.47934027631768
50.239971115727215 44.129222843514285 55.47934052151976
50.2399711113727 44.129222882287294 55.47934055563936
50.2399710102711 44.12922296827454 55.47934023076397
50.239971085296645 44.129222995250245 55.47934059639715
50.239971102865 44.12922300150127 55.47934068192541
50.23997103940498 44.12922310100102 55.479340540464605
50.23997109838932 44.129223057939086 55.479340739748935
50.23997109189113 44.12922311970796 55.4793407960273
50.23997099018486 44.129223204774235 55.47934046723979
50.23997106686183 44.12922323209009 55.47934084057313
50.239971088879564 44.129223239788466 55.479340947576105
50.23997101500519 44.12922333538416 55.4793407551426
50.23997108675592 44.129223339736036 55.47934107539356
50.23997108581859 44.12922335967559 55.47934109864323
50.23997104080772 44.12922346544349 55.4793410465922
50.23997109894134 44.12922348467489 55.479341327611344
50.151163255781825 44.225981824226864 55.47473113458116
50.151254877698285 44.22588469147473 55.474740058912204
50.15102863620376 44.22612459569616 55.474718390586
50.15114383402209 44.22600246898649 55.47472961115066
50.108950927596496 44.2842289324987 55.470759879960426
50.15102515662136 44.22612834455608 55.474718454654976
50.15111604240823 44.22603195254718 55.47472704083821
50.15106586638987 44.22608518549804 55.474722415270165
50.108947611889384 44.28423418443727 55.47075886674244
50.151019084484744 44.226134846001486 55.47471829371146
50.15102742655918 44.22612599801586 55.47471907834493
50.15102632102116 44.22612717384112 55.474718996133845
50.10893949319781 44.28424440755797 55.47075727441323
50.109050437576116 44.28412733513161 55.47077140723482
50.15104535384977 44.22610705120088 55.47472121926042
50.15106294887922 44.22608841661797 55.47472305900823
50.1510988248143 44.22605040959568 55.47472673325277
50.15118270989511 44.22596151346296 55.474735135292036
50.15127841621431 44.22586008949318 55.47474471845909
50.15128443461146 44.225853698038335 55.474745230337106
50.15129856797989 44.22583871818218 55.4747466311665
50.23997195777106 44.129224571334504 55.479346580236275
50.23997206956905 44.12922462748763 55.47934714696788
50.239972178450884 44.12922467532492 55.479347689517795
50.239972283882395 44.129224713035995 55.47934820306232
50.239972386215996 44.12922474627407 55.47934869690087
50.23997248533924 44.129224776627034 55.479349172719395
50.23997258088797 44.12922480358521 55.47934962822367
50.239972672641514 44.129224827725125 55.47935006323781
50.239972760503065 44.12922485040191 55.47935047919724
50.239972843874746 44.12922486929261 55.479350870295946
50.23997292258436 44.129224885049865 55.47935123667523
50.239972996058 44.129224895327724 55.479351572602795
50.23997306429759 44.12922490190159 55.479351880522756
50.23997312707702 44.12922490471115 55.479352159361994
50.239973185094186 44.129224910128386 55.47935242091917
50.23997323732439 44.12922491209311 55.47935265239187
50.23997329725178 44.12922492886484 55.479352937893594
50.23997327731969 44.12922492516494 55.47935284551163
50.239973382258206 44.129224936479105 55.479353320682506
50.23997347841122 44.12922494792872 55.479353757557206
50.23997328595827 44.12922492787895 55.47935288707346
50.23997332741754 44.12922493260656 55.4793530751581
50.239973363536365 44.12922494044292 55.479353244115615
50.23997339310648 44.12922494432078 55.479353378957924
50.239973416528954 44.12922494751722 55.47935348593758
50.23997343369672 44.12922494996177 55.47935356448912
50.23997350690834 44.129224952720676 55.47935388895362
50.23997343556802 44.129224950542046 55.479353573481774
50.239973585725224 44.12922495148978 55.47935423249652
50.23997344462698 44.12922495271509 55.47935361614286
50.23997344941225 44.12922495815155 55.4793536445615
50.23997344801374 44.129224968557466 55.47935365271182
50.239973518780175 44.1292249788246 55.479353976766596
50.23997344684764 44.129224973444465 55.47935365430867
50.23997344028985 44.129224988072146 55.47935364565231
50.239973425449065 44.129225011949174 55.479353613404314
50.239973502200215 44.12922502602186 55.479353968894095
50.239973421864875 44.12922501814492 55.47935360620491
50.239973402998146 44.12922504231083 55.479353556718976
50.23997341183719 44.1292250727766 55.479353637231895
50.239973381644106 44.12922506807388 55.47935349852923
50.23997337223916 44.12922507703972 55.47935346963429
50.2399733330128 44.129225108444636 55.47935334090087
50.23997343617957 44.12922513553159 55.479353829950064
50.23997332783611 44.12922511307028 55.479353324572074
50.23997328411726 44.129225147875346 55.47935318082547
50.357913193799625 44.23147786661456 55.46242749550808
50.23997326759371 44.12922516020703 55.47935312536748
50.492620380974365 44.30905827131084 55.43999671511267
50.52011064075678 44.33650356714603 55.4405228419605
50.492776366209455 44.309170645268566 55.43996424277499
50.49126399694667 44.39880511997691 55.453477043333095
50.53448407068667 44.40419997579769 55.449460935936344
50.69516428610264 44.51206980345242 55.42129022028284
50.695163952151375 44.51207050562413 55.421290371035596
50.69514951196774 44.51210087849308 55.421296888630366
50.69514216853956 44.512116296961615 55.42130020569175
50.69513319893323 44.51213515148431 55.42130425525002
50.67799521616472 44.55222354416586 55.42701455866742
50.677978437074586 44.5522604783379 55.427021709758264
50.677977338935335 44.552262895860686 55.42702217766545
50.67796533622728 44.5522894392401 55.42702724764789
50.67795887508048 44.552303520045164 55.427030053623426
50.63271843825454 44.63760121331797 55.44073220326128
50.63271497223731 44.63760648300618 55.44073320909574
50.657864523661914 44.680029075778016 55.441589587218814
50.65786423204974 44.68004009572232 55.44159071343931
50.67375482251967 44.79731972818226 55.45273058783407
50.67377039119875 44.79737736742105 55.452732591409045
50.67381149631781 44.79752973045104 55.45273788386574
50.74439718008661 44.78897831406319 55.43990170201151
50.75327233381771 44.85471538264453 55.44150182860948
50.75328025099204 44.85473330993691 55.44150339258363
50.753312206713005 44.85474509512182 55.44150007520374
50.75328797554015 44.85475126757836 55.44150499267338
50.753292567451346 44.85476066118046 55.441505740135476
50.75329639491192 44.85476895853102 55.441506437496145
50.753298468531064 44.85478828101587 55.44150917251986
50.776131425920454 44.91112204734703 55.43847749607567
50.75329834141103 44.85480807901328 55.44151234063423
50.77607840700679 44.911189707799565 55.438489066343834
50.77607457567376 44.91119397945057 55.43848998870528
50.77606055834501 44.911212500719444 55.43849295931457
50.77603545922895 44.91124573007423 55.43849826926385
50.7303070471104 44.978264319007536 55.44698557548065
50.73030935488269 44.97827688346341 55.44698282986641
50.73031166365588 44.97828945342417 55.44698008305511
50.73031396915512 44.97830200561883 55.44697734013232
50.73031627536118 44.978314558866145 55.44697459668308
50.73031858502675 44.978327125317826 55.44697184975129
50.73032090979649 44.97833976175979 55.44696908622683
50.73032326483778 44.97835254384093 55.446966288843996
50.73032574088621 44.97836594913206 55.44696335150056
50.73032560389622 44.978365201166646 55.44696351472121
50.73032568184142 44.978365622379265 55.446963422342506
50.73032816861394 44.978379031138104 55.44696047841773
50.7303291054911 44.978384059734694 55.446959371906686
50.73033092360951 44.978393763537674 55.446957230754776
50.73033080146875 44.978393099094276 55.446957376007845
50.73033093536698 44.97839380657899 55.446957219125494
50.730331841395376 44.97839857279257 55.44695615993765
50.37381571693612 43.7697565593733 55.22209976104642
50.37381384632861 43.769756964693556 55.22209985404268
50.33549962022115 43.77776509856659 55.22480327628112
50.373810944282766 43.769757587274256 55.222100001526016
50.335492579502656 43.77776770941357 55.22480316320289
50.33549850246531 43.77776551280028 55.22480326011221
50.335500698020866 43.77776469854969 55.22480329602253
50.335491328067576 43.777768173217424 55.2248031448935
50.335497348256354 43.77776594055033 55.22480324336644
50.33549828871716 43.777765591768635 55.22480325874482
50.33549002173584 43.777768657377464 55.22480312570703
50.33549659922781 43.77776621815689 55.22480323238372
50.33549543833388 43.777766648563656 55.22480321428157
50.335488655534974 43.77776916373786 55.22480310556175
50.33549298930655 43.77776755650646 55.224803176411584
50.335487214292115 43.77776969792593 55.22480308420758
50.33549035585045 43.777768532843105 55.22480313555313
50.33547911882218 43.77777269991091 55.22480295409159
50.33548569649894 43.777770260501356 55.22480306161766
50.33548760543723 43.777769552550936 55.22480309280917
50.335477414278955 43.77777333173837 55.224802928494285
50.33548411739754 43.7777708458113 55.224803038042296
50.3354848256739 43.77777058313975 55.22480304961246
50.33547565341224 43.77777398445153 55.22480290199395
50.335483361457065 43.7777711260172 55.22480302669389
50.335481532449265 43.77777180414915 55.22480299804071
50.335473804957985 43.7777746696461 55.22480287407209
50.33547846470498 43.77777294153239 55.22480295018366
50.335464665824595 43.77777805866438 55.22480272704765
50.335471874075594 43.7777753854089 55.22480284481142
50.33547505728694 43.777774204885006 55.22480289679265
50.335462540758186 43.77777884643622 55.2248026946577
50.33546988503474 43.777776122738196 55.2248028146159
50.33547168907275 43.77777545369498 55.22480284406655
50.33546033311132 43.77777966483312 55.224802660924
50.335467781132536 43.77777690266646 55.22480278253382
50.33546786969609 43.777776869822056 55.224802783978475
50.33545804467086 43.777780513192596 55.224802625874304
50.33546767827899 43.77777694079569 55.224802780959436
50.33546366153767 43.777778430131775 55.22480271754667
50.3354556662935 43.77778139490682 55.224802589350446
50.335459504351746 43.777779971534976 55.22480265196756
50.33544524441494 43.77778525961528 55.224802421575255
50.33545319885829 43.77778230965041 55.224802551362124
50.335455258427835 43.77778154584559 55.22480258495281
50.335442570251786 43.7777862510199 55.2248023802532
50.335450654978786 43.77778325274463 55.224802512121826
50.33545094716492 43.777783144385964 55.224802516883834
50.335439813079354 43.777787273208475 55.22480233758141
50.33545029222234 43.777783387232006 55.22480250650902
50.31206612583898 43.892401290086966 55.314328840614905
50.26165032044962 43.92961429381542 55.332870706392534
50.312017871727974 43.892554993036995 55.31444259969506
50.26160704717152 43.92975238310278 55.33297226799229
50.261621185979266 43.929762558607294 55.332984334469096
50.21053981038768 44.052263589233206 55.414797081691034
50.21056531906726 44.0523261731487 55.41485311708365
50.2105705615964 44.05233903540798 55.41486463242585
50.21056886016902 44.05233485442191 55.41486103298254
50.23997001211757 44.12922015780015 55.479332002952674
50.23997001247306 44.129220158293464 55.47933200518658
50.23997005500232 44.12922020562824 55.47933225641131
50.23997001608879 44.12922016233914 55.479332026574404
50.23997007994602 44.129220234080606 55.479332404703186
50.23997012985875 44.129220291410334 55.47933270198095
50.239970149484265 44.12922031229746 55.47933281659938
50.2399701699798 44.12922034955183 55.47933295748311
50.239970205176974 44.129220379278564 55.47933315243532
50.239970219569365 44.12922039329731 55.479333234709
50.239970245785216 44.12922044081265 55.47933341472591
50.239970280817 44.12922046952967 55.479333607568364
50.23997028900291 44.12922047728286 55.47933365406084
50.23997032146835 44.12922053549659 55.47933387612916
50.23997035631821 44.12922056316298 55.47933406673348
50.23997035748714 44.12922056428867 55.47933407339791
50.23997039706131 44.12922063298819 55.47933434098944
50.23997036641718 44.12922057633796 55.47933412904363
50.23997042335871 44.129220654500884 55.479334485690124
50.23997043447118 44.12922070581471 55.47933460476274
50.239970472164345 44.12922073378664 55.47933480824038
50.23997048946286 44.12922074747257 55.4793349027868
50.23997051019768 44.12922080875447 55.47933507768225
50.23997054727539 44.1292208364884 55.479335278137626
50.239970555216246 44.12922084326826 55.479335322221274
50.23997058448662 44.12922091624459 55.47933555054776
50.239970600659234 44.12922091534182 55.47933562014809
50.23997061727187 44.129220942163904 55.479335729711906
50.239970658409405 44.129221025674994 55.47933602447129
50.23997068154504 44.12922104354117 55.4793361503203
50.23997069048514 44.12922111259608 55.47933628421677
50.23997073146366 44.12922113761414 55.47933649803235
50.23997074561693 44.12922114762739 55.47933657376345
50.2399707621431 44.12922122874049 55.479336757431014
50.23997080366837 44.12922125172625 55.479336970853325
50.23997080791415 44.12922125446518 55.47933699320818
50.23997083297048 44.12922134656793 55.47933722931619
50.239970828173064 44.129221292229246 55.47933713375476
50.23997086540493 44.12922136403833 55.47933739535253
50.239970856260754 44.12922144477519 55.47933746606337
50.23997090349639 44.12922146545813 55.479337701338835
50.23997092474677 44.12922147600981 55.47933780889518
50.23997092478605 44.12922156712057 55.47933793406328
50.23997097256757 44.12922158649095 55.479338169929036
50.23997098047784 44.129221590421594 55.47933820996991
50.239970940404575 44.1292216706226 55.479338144470866
50.239970992371596 44.12922169079302 55.4793383997675
50.23997100558031 44.1292216484665 55.47933839955565
50.23997102980371 44.129221707008796 55.47933858597327
50.239971005506646 44.129221797331034 55.47933860346218
50.23997105791225 44.1292218164741 55.479338859270385
50.23997107935075 44.12922182566574 55.47933896578483
50.23997106889337 44.12922192541309 55.4793390568244
50.239971121048555 44.12922194397965 55.47933931074483
50.23997112642786 44.12922194622219 55.47933933738367
50.23997107177778 44.12922203630456 55.479339221592085
50.2399711291839 44.129222055345174 55.47933949916283
50.239971135733875 44.12922197666292 55.479339419907625
50.23997116212195 44.129222067860226 55.479339660606726
50.23997112917846 44.129222168106004 55.47933965383706
50.239971185904444 44.129222186742595 55.47933992787445
50.23997119732809 44.12922219093036 55.479339983657226
50.239971121808466 44.12922228161989 55.479339777286405
50.23997118323119 44.12922230126777 55.47934007328372
50.23997120799629 44.12922224336977 55.479340102328166
50.23997122135173 44.12922231448695 55.47934025839382
50.239971172017604 44.129222415716065 55.47934018117941
50.239971232191536 44.12922243494806 55.479340471136226
50.23997124170355 44.1292224382308 55.479340517304124
50.23997115216281 44.129222529781714 55.47934025070015
50.23997121778716 44.12922255002568 55.47934056591906
50.23997124427192 44.12922247268469 55.47934057582175
50.2399712504521 44.129222561018345 55.479340724078114
50.23997119523814 44.129222664165546 55.479340623740455
50.239971254576744 44.12922267523918 55.479340898845784
50.23997125457574 44.12922268333245 55.47934090994474
50.239971164098634 44.129222776802884 55.47934064187262
50.23997123197172 44.1292227979676 55.47934096820466
50.2399712537504 44.12922280481146 55.479341072988184
50.23997112623431 44.129222887233055 55.47934062752098
50.239971198549696 44.129222909950535 55.47934097544126
50.23997124860728 44.129222866939365 55.479341135694554
50.23997124363953 44.12922292420144 55.47934119249349
50.23997115766993 44.12922301952502 55.47934094670747
50.23997122927945 44.129223041516134 55.4793412905394
50.23997123714562 44.12922304396447 55.47934132835351
50.23997111308928 44.1292231267033 55.479340898475826
50.23997118825288 44.129223150442925 55.4793412602741
50.239971235712936 44.12922307076089 55.47934135884047
50.23997122891366 44.12922316293594 55.47934145551466
50.23997114182679 44.12922325698816 55.479341203090584
50.239971217343985 44.12922328024159 55.47934156577061
50.239971229169754 44.129223283814106 55.47934162247074
50.23997109104361 44.129223361381 55.47934112386936
50.23997117177613 44.12922338701143 55.47934151265446
50.239971231426445 44.12922334480482 55.47934171602934
50.239971233480745 44.12922340574831 55.47934180863672
50.239971119591544 44.12922349133787 55.479341427203735
50.23997120075511 44.12922351678603 55.47934181762687
50.239971250493454 44.12922353160554 55.479342055820496
50.23997114951599 44.12922362223898 55.47934173786297
50.23997123101488 44.12922364750571 55.47934212950591
50.23997127713157 44.129223660963895 55.479342349968455
50.15116278791939 44.22598237524735 55.47473145860382
50.239971264983225 44.129223781009706 55.479342461449036
50.23997132172886 44.12922379702897 55.47934273198176
50.15116026715415 44.22598510667269 55.474731609704264
50.239971380153946 44.129223940104225 55.4793431841805
50.23997136485623 44.12922388885764 55.479343046867996
50.23997139086033 44.12922394272767 55.47934323467548
50.15115605231776 44.22598963774561 55.47473162053171
50.1512673533218 44.2258716373802 55.47474242892379
50.15114895997455 44.225997228879976 55.47473141476057
50.15126673705049 44.22587230212517 55.474742445522494
50.15128719219392 44.22585067457636 55.47474482703935
50.15129732322801 44.22583992756404 55.474745769361995
50.239971647232124 44.12922428119435 55.479344821975026
50.239971750347976 44.12922437450919 55.479345401660105
50.2399719046941 44.12922450985878 55.47934626341065
50.23997186310339 44.12922446101493 55.47934601422663
50.23997193764016 44.12922450904997 55.4793464066105
50.239971971998266 44.1292245309944 55.47934658721075
50.23997207771126 44.12922459092299 55.4793471324687
50.23997217992091 44.12922464000654 55.47934764750299
50.23997227864913 44.129224680603585 55.47934813564524
50.239972374322655 44.12922471860132 55.4793486068414
50.23997246693547 44.129224756273146 55.47934906418398
50.23997255569286 44.12922478932048 55.479349498294745
50.23997264081683 44.12922482180042 55.47934991571208
50.239972737586015 44.12922485918636 55.479350390868106
50.23997269381668 44.1292248452708 55.479350180059896
50.23997283921889 44.12922488482517 55.47935087121186
50.2399729194515 44.12922489691043 55.47935123922444
50.23997299746183 44.12922490677215 55.47935159445257
50.239973063659484 44.12922490911326 55.47935188762153
50.239973133855145 44.12922491275678 55.47935220008923
50.23997320177897 44.12922491416765 55.47935249954293
50.239972722497754 44.12922485783033 55.47935032291852
50.23997279890476 44.12922488390139 55.47935069336161
50.23997286956025 44.129224897665544 55.479351021728114
50.23997293545342 44.129224909679245 55.479351326833346
50.23997299551136 44.12922491235416 55.4793515935672
50.23997305056754 44.129224914565214 55.47935183775617
50.239973100460276 44.12922491632008 55.47935205870252
50.23997314559297 44.12922492259054 55.479352264994006
50.23997318507157 44.129224926884476 55.47935244380798
50.239973219310336 44.12922493372449 55.47935260316357
50.23997326332175 44.12922494125066 55.47935280626642
50.23997324045261 44.12922493924686 55.47935270334665
50.23997334281523 44.12922494598409 55.47935316095547
50.23997342416868 44.129224949954875 55.47935352274517
50.23997324775971 44.12922494101419 55.479352737777575
50.23997326998749 44.12922494439108 55.479352839771906
50.23997328621644 44.12922494700758 55.47935291444709
50.23997329638672 44.129224949147236 55.479352961930104
50.23997332741211 44.12922496006226 55.479353112801164
50.239973300263784 44.12922495724943 55.47935299002786
50.23997342217328 44.12922497023669 55.47935354182987
50.239973300978136 44.129224960940064 55.479352998220065
50.23997329918382 44.129224974847816 55.47935300944091
50.23997329082165 44.12922499421104 55.47935299937775
50.239973400529735 44.12922501455692 55.47935350783093
50.23997329056147 44.12922499483969 55.47935299910063
50.23997327535186 44.12922502401011 55.47935297249913
50.23997330122856 44.12922505353875 55.47935312635431
50.23997326142559 44.12922504603595 55.47935294171721
50.23997325197737 44.12922505789828 55.47935291660647
50.23997322076121 44.12922508602303 55.479352818459034
50.23997331522237 44.129225110797236 55.479353266203276
50.23997321652057 44.12922509065537 55.479352806239476
50.23997318012799 44.12922512557904 55.479352694745884
50.23997323541681 44.12922515375407 55.47935297557416
50.23997316426427 44.12922513851884 55.47935264301238
50.23997312971891 44.12922516750312 55.47935253146163
50.49267128628983 44.309098385543706 55.43998624986136
50.286837608214874 44.30685824298149 55.48714879614203
50.405685735248454 44.40657535489959 55.46931379046592
50.49133137860109 44.39889115149264 55.45346942438481
50.41989968368915 44.474181587308976 55.47827159123841
50.53748572461197 44.57510414884757 55.454438142879155
50.69516362341601 44.512071195678104 55.421290519542865
50.58054747239357 44.58033358285279 55.450442666038946
50.580599893521835 44.5803361566762 55.45043392986196
50.58060645077195 44.58033673527498 55.45043286995292
50.6779885606957 44.55223804508996 55.427017450279024
50.67798498132316 44.552245844636495 55.427019005112754
50.67797984499346 44.55225715939197 55.4270211909694
50.677976705561264 44.552264274454544 55.427022453366064
50.67796824461004 44.55228270283297 55.42702613174677
50.67795330913073 44.55231557605984 55.42703249813725
50.67795092049898 44.552320835882725 55.427033515424796
50.632711435709304 44.63761181172662 55.44073410924294
50.6327052657852 44.63762110655574 55.44073567494222
50.657862922390215 44.68001016515504 55.4415886682462
50.65786361381936 44.68005153623714 55.441592034804444
50.673769342980385 44.79737492955416 55.45273247663265
50.67376783171898 44.797371472235255 55.45273231195587
50.67378995590143 44.79745329816157 55.45273515801216
50.673808233979244 44.797520905420484 55.4527375093902
50.75326581106414 44.85471724813561 55.44150318475748
50.67384779190432 44.79766752455531 55.45274260251421
50.753239487950765 44.85474056308824 55.44151116734361
50.75324181369583 44.85474370881627 55.44151128964762
50.753249448990836 44.85476102240308 55.44151280184478
50.75327730514011 44.8547735450393 55.44151026764994
50.75325376406437 44.854779173975274 55.44151498660996
50.75325497817743 44.85479406291316 55.44151715641363
50.75325528180229 44.854798000698665 55.441517733116925
50.75325279476958 44.85481781663337 55.441521287433716
50.77604655532461 44.9112246418466 55.4384968151046
50.77602960874731 44.911252025136754 55.43849970952435
50.73030476836323 44.9782519964803 55.44698827712529
50.730307026342935 44.978264238411946 55.44698559653582
50.73030700245495 44.97826415806698 55.44698561936436
50.73030929120367 44.97827657734422 55.44698290106292
50.73030923144741 44.97827629509572 55.44698296730971
50.73031155499317 44.97828890756757 55.44698020718807
50.730311466344276 44.97828846288677 55.44698030838605
50.73031381116506 44.9783011939149 55.44697752264632
50.73031371218511 44.978300685677965 55.44697763695764
50.73031605629316 44.978313415716826 55.44697485174066
50.730315979401055 44.978313014744394 55.44697494123473
50.73031827090711 44.97832546742029 55.44697221758465
50.730318245576846 44.978325333618216 55.44697224725883
51.152568506306125 45.203523062255925 55.319703575575
51.152568395632144 45.20352310709866 55.319703627819294
50.73031863242353 44.97832743333579 55.44697178774139
50.730320555358034 44.97833786666352 55.446969504017915
51.152568174527936 45.20352318560694 55.31970373152629
51.15256787256655 45.203523296211 55.31970387336232
50.73032290582562 44.97835059692925 55.4469667151039
51.15256778911717 45.203523965380185 55.319703950980426
51.15256745905292 45.20352335680414 55.31970406212911
51.15256723761871 45.20352338901197 55.319704163198246
51.15256784015752 45.2035233118023 55.319703888809194
50.7303252461645 44.978363238164036 55.44696394205182
50.73032530680774 44.97836356491825 55.44696387028689
51.14223159988604 45.19942125074567 55.32197334416128
51.142230916709735 45.199420502284845 55.321973505788975
51.14223053784768 45.199420086688825 55.321973596246096
51.152567073903946 45.20352339867427 55.31970423707119
50.730327822888135 44.978377089700125 55.44696089639136
51.14222958573265 45.19941904135401 55.32197382498069
51.14222898275543 45.19941838112117 55.321973967066256
50.86974582444424 45.067635927359994 55.4026208082947
51.142230018760515 45.199419517379674 55.32197372001521
50.73032801160144 44.97837809978215 55.44696067382604
50.73032934122212 44.97838515332458 55.44695911280363
50.73033103617048 44.97839419469669 55.44695711727263
50.73033002525947 44.97838869751227 55.446958319233104
50.730331461125644 44.97839632798091 55.4469566319785
50.73033024152763 44.97838969940801 55.44695808168041
50.86961906571231 45.06757630782617 55.40265724999737
50.373831458232964 43.769753071617366 55.22209901812347
50.37383184021838 43.769752984680686 55.22209900128094
50.373824039442326 43.76975471939901 55.22209936618779
50.37383120718294 43.769753117224056 55.22209903513303
50.37382928289999 43.769753521043924 55.22209913756257
50.37382290182154 43.76975492932589 55.22209944158503
50.37382680018156 43.76975404052676 55.22209927050447
50.37381492289808 43.769756717614115 55.222099807636425
50.373821696748934 43.76975516139548 55.222099516457604
50.373824219083005 43.76975458541666 55.22209940623007
50.373813566140825 43.769756985661374 55.22209988844719
50.373820453418446 43.769755403711336 55.2220995922241
50.37382153699857 43.76975515650477 55.222099544752176
50.3738121416756 43.76975727652176 55.222099968429234
50.37381978067097 43.769755544136714 55.22209962842281
50.37381801048084 43.769755935676585 55.22209971231675
50.373810682258885 43.76975757550357 55.22210004986643
50.373815106585354 43.769756564626995 55.22209985681688
50.33549606849972 43.77776641485913 55.22480322458323
50.335502016404334 43.77776420901108 55.22480332179306
50.37381190286435 43.76975726896286 55.22210001085453
50.33549480035278 43.7777668848594 55.22480320601031
50.335500821820716 43.777764651734046 55.2248033043909
50.335501761961766 43.777764303073624 55.224803319745085
50.33549345814297 43.7777673823245 55.22480318624267
50.335500045904 43.777764939312846 55.22480329296553
50.33549886679543 43.77776537647324 55.22480327457593
50.335492037122336 43.77776790901564 55.22480316519994
50.335496379322194 43.77776629867113 55.22480323609881
50.33549054987482 43.77776846026586 55.22480314308813
50.335493614300205 43.77776732379797 55.224803193107775
50.33548241633176 43.777771476352896 55.22480301247505
50.3354890026338 43.77776903376348 55.224803120009184
50.33549091220631 43.77776832558372 55.22480315116981
50.335480684104596 43.777772118448276 55.224802986418034
50.33548736142561 43.77776964210933 55.22480309539835
50.335487922218164 43.77776943413552 55.22480310454623
50.33547885435489 43.77777279671077 55.224802958768805
50.33548680210265 43.77776984944134 55.22480308695455
50.33548440684349 43.777770737530844 55.224803049350335
50.335476948686264 43.777773503127946 55.22480292988373
50.33548113584507 43.77777195029305 55.224802998172365
50.33547495080719 43.77777424374304 55.22480289948737
50.33547761419851 43.777773256008786 55.224802942913314
50.335465566875826 43.777777723523286 55.22480274863163
50.33547288522557 43.777775009465905 55.224802867987826
50.335474033590174 43.777774583588744 55.224802886707565
50.335463290873946 43.7777785672784 55.22480271372467
50.33547160375194 43.77777548452693 55.22480284836513
50.33546991091539 43.777776112199355 55.22480282164851
50.33546096612075 43.77777942911132 55.22480267803628
50.3354661073505 43.77777752246147 55.224802761825735
50.33545855831412 43.77778032174652 55.22480264098353
50.33546232864494 43.77777892350221 55.224802702423304
50.312065504842664 43.8924081829939 55.31433443393765
50.312064220617856 43.892433381594245 55.31435519582169
50.31206355720289 43.89244137547938 55.314361700636795
50.31201724873903 43.89256627567592 55.31445188051023
50.31201673934835 43.89258917073204 55.31447095394839
50.312016593414924 43.89259197475426 55.31447326330131
50.29174216297028 44.003753358626234 55.3965746937007
50.311989216893956 43.89267948835655 55.314538065307886
50.29174033759193 44.003757898468976 55.39657793052804
50.29167129846802 44.00392665978211 55.39669459396745
50.29167040546863 44.00392890682918 55.39669622852011
50.23997004138823 44.129220187471766 55.47933217187011
50.239970057909105 44.129220204682 55.47933226784533
50.239970086129546 44.129220240239434 55.4793324402375
50.23997011570837 44.12922026695439 55.479332606448374
50.23997012770808 44.12922027968456 55.47933267647387
50.239970161104424 44.12922032325896 55.47933288253596
50.23997019033705 44.12922034961201 55.479333046733984
50.23997019804093 44.129220357381556 55.47933309113747
50.23997023655005 44.12922040880997 55.47933333036933
50.2399702656772 44.1292204340642 55.479333492597924
50.23997026933645 44.12922043773053 55.47933351365596
50.23997031193564 44.12922049800703 55.47933378294189
50.23997030642303 44.12922048343861 55.479333738809046
50.23997033688393 44.12922052157935 55.47933392455883
50.239970387479914 44.129220589857255 55.47933423984937
50.23997040669205 44.12922060782776 55.479334348655804
50.239970431101405 44.129220660908416 55.47933452839501
50.23997046233388 44.129220685781185 55.479334699321896
50.23997047442914 44.129220697206904 55.4793347679764
50.23997050617111 44.12922076013234 55.479334993339904
50.23997053721363 44.12922078386348 55.47933516186856
50.239970543031646 44.12922078923181 55.47933519471738
50.23997058071588 44.12922086227566 55.479335459990615
50.23997058916808 44.12922085650756 55.479335489099356
50.23997060803581 44.12922088447453 55.47933561011155
50.23997062031724 44.12922094432894 55.47933574602138
50.239970654874035 44.12922096677363 55.47933592817827
50.23997067565292 44.12922098210217 55.479336040222776
50.239970694221036 44.12922105207232 55.4793362175473
50.23997072853531 44.12922107357137 55.47933639734458
50.239970741663 44.12922108260503 55.47933646723949
50.239970768057304 44.12922116142809 55.479336690989555
50.239970802453016 44.12922118164113 55.4793368693792
50.2399708083056 44.129221185718194 55.479336900607905
50.23997084072897 44.12922127360758 55.47933716320447
50.239970851499834 44.12922125774914 55.47933718862628
50.23997087150822 44.129221291710984 55.479337322859195
50.239970874177004 44.12922136864262 55.47933744009241
50.239970913275855 44.12922138725907 55.47933763689234
50.23997093644675 44.12922140014855 55.47933775606812
50.23997094529713 44.12922148584747 55.47933791240571
50.239970984239164 44.12922150363489 55.479338107381345
50.23997099889516 44.12922151122666 55.47933818199241
50.23997101413208 44.12922160596449 55.47933837870481
50.23997105419096 44.12922162193071 55.47933857607386
50.23997106005655 44.12922162477764 55.479338605671906
50.23997103835238 44.12922171065372 55.47933862841842
50.23997108228954 44.129221727381335 55.47933884381965
50.239971090815146 44.12922168732552 55.479338826210096
50.239971116033786 44.12922174071988 55.47933900992448
50.23997110346001 44.129221835569545 55.47933908497471
50.23997114883723 44.12922185062002 55.47933930438275
50.23997117028028 44.1292218588126 55.47933940954647
50.239971167543914 44.129221961515086 55.4793395384596
50.23997121277695 44.129221975896314 55.47933975631791
50.2399712204809 44.1292219788614 55.4793397941304
50.23997117899512 44.1292220741238 55.479339743107246
50.23997122821865 44.129222089442784 55.47933997973112
50.23997123888883 44.12922203255207 55.47933994841921
50.239971260560026 44.12922210032126 55.479340136316274
50.239971235978885 44.12922220433026 55.47934017133791
50.239971284795985 44.129222218966184 55.479340405244436
50.23997129754746 44.12922222308163 55.47934046674412
50.23997123704376 44.1292223199701 55.479340334650026
50.239971289329 44.129222335816166 55.479340585407826
50.23997131189773 44.129222287934184 55.47934061857288
50.23997132381311 44.12922234656967 55.479340751207026
50.23997128546321 44.12922245264548 55.47934072875465
50.239971337606804 44.129222467590054 55.47934097765527
50.23997134573699 44.129222470205484 55.47934101685501
50.23997127419503 44.129222568970164 55.479340838985436
50.239971329289936 44.12922258521009 55.47934110259044
50.239971349289824 44.12922250474851 55.47934107980707
50.23997135571881 44.12922259302046 55.47934122906861
50.23997125708283 44.12922268412136 55.47934092200849
50.23997131511261 44.129222701715165 55.479341200326154
50.23997136213802 44.12922269606365 55.47934139855215
50.23997136293663 44.12922271565254 55.479341428924414
50.23997129370362 44.12922281688806 55.47934126455828
50.23997135264041 44.12922283347991 55.47934154547413
50.2399713696225 44.129222838313154 55.47934162648946
50.23997126380182 44.1292229302493 55.47934128910494
50.23997132906992 44.12922294836595 55.47934159984497
50.23997137242243 44.12922290855758 55.4793417351228
50.23997137364529 44.12922296054832 55.479341811805966
50.239971296709896 44.12922306113394 55.47934161281033
50.2399713625459 44.129223078732345 55.47934192532688
50.23997137822535 44.129223082873146 55.47934199968641
50.239971258707264 44.12922317163577 55.47934159795119
50.23997132940744 44.129223191175186 55.479341934436476
50.23997137886634 44.12922314694503 55.47934209039512
50.23997137884864 44.129223204249016 55.479342168933655
50.23997128928694 44.12922330115298 55.47934190958178
50.239971360827724 44.129223320539154 55.47934224953893
50.23997138630554 44.12922332714772 55.4793423702025
50.239971245368736 44.12922340924772 55.47934186550903
50.2399713202585 44.129223430551036 55.47934222276547
50.23997139140463 44.129223449536084 55.47934256044362
50.23997139737822 44.1292234510458 55.47934258868017
50.23997127544794 44.129223538830416 55.479342175037374
50.23997135073439 44.12922356000323 55.479342533852275
50.23997140138696 44.129223494440744 55.47934266577322
50.23997140776761 44.12922357485914 55.47934280404861
50.23997130622496 44.12922366924355 55.47934248876148
50.23997138114025 44.129223689981416 55.47934284535397
50.23997143112268 44.12922370263591 55.47934308164652
50.23997133975402 44.129223801982306 55.47934281773058
50.23997141459947 44.129223822316824 55.47934317346376
50.23997147098885 44.12922383602023 55.47934343925883
50.23997145240969 44.129223958554675 55.4793435259855
50.23997152280879 44.12922397556487 55.47934385768227
50.23997150224491 44.12922390663986 55.47934367304981
50.23997153402247 44.12922397772161 55.479343909758995
50.23997149923841 44.129224102466004 55.47934392853726
50.2399715707738 44.12922411936347 55.479344265056426
50.23997161937578 44.12922412798838 55.47934448977418
50.23997170629171 44.12922429251675 55.47934509619956
50.23997164538133 44.129224163225686 55.479344652025496
50.23997175617723 44.12922429663847 55.479345320361396
50.239971763162515 44.12922430414306 55.47934536125385
50.23997195548887 44.1292245103352 55.47934648655411
50.23997187236164 44.12922440485489 55.47934597773268
50.23997199336644 44.12922450299314 55.47934664239172
50.23997197655521 44.12922448525769 55.47934654442413
50.23997199369901 44.12922449804529 55.4793466370604
50.23997207765089 44.12922455982146 55.4793470895357
50.23997217407543 44.129224616713714 55.47934758994304
50.239972267429366 44.129224670698264 55.47934807291148
50.239972356991586 44.1292247175987 55.47934852955281
50.23997248420687 44.129224773383996 55.479349163310296
50.239972390991056 44.12922473593905 55.47934870363771
50.23997260795582 44.12922481539892 55.47934976299287
50.23997244325783 44.12922476417528 55.479348971312874
50.239972524669575 44.129224797890345 55.479349374164485
50.23997260185806 44.1292248268849 55.479349752041436
50.23997267442263 44.12922484933837 55.479350100690965
50.239972741937045 44.12922486307596 55.47935041526253
50.23997280473195 44.129224873418565 55.479350704504206
50.239972862645615 44.12922488062999 55.47935096806951
50.23997291590875 44.12922488879751 55.47935121257639
50.239972964177795 44.12922489616221 55.479351434106846
50.239973007693656 44.129224907099584 55.47935163971892
50.239973093181945 44.1292249210472 55.47935203330732
50.23997301028335 44.12922490761049 55.479351651763174
50.23997317734507 44.12922493140876 55.47935241617151
50.23997304585823 44.12922491710267 55.47935182060973
50.2399730785151 44.129224925070154 55.47935197458318
50.23997310545386 44.12922493170229 55.4793521016783
50.23997312669475 44.12922493758209 55.479352202783616
50.239973167408216 44.12922494921692 55.47935239707766
50.239973137685624 44.129224945544095 55.47935226184873
50.23997324392854 44.12922495366384 55.47935273835064
50.23997314248678 44.12922494957459 55.479352288408144
50.23997315224153 44.129224961179524 55.47935234705662
50.23997315594035 44.129224977093635 55.47935238509082
50.2399732084145 44.12922498946807 55.47935263191327
50.23997315577202 44.12922498505041 55.47935239526949
50.23997328864354 44.12922499466829 55.47935299046462
50.23997315322008 44.12922499792945 55.479352401760465
50.23997314370925 44.129225019177476 55.47935238925184
50.23997319878607 44.12922503585837 55.47935265338256
50.239973139068695 44.12922502785841 55.47935238083495
50.23997312697671 44.12922504542729 55.479352351972885
50.23997311415974 44.12922507494325 55.47935233632569
50.23997310512479 44.129225073320974 55.479352294525434
50.23997320437551 44.1292250882847 55.47935274978961
50.239973102418475 44.12922507632066 55.47935228678661
50.23997306998628 44.12922510595561 55.47935218538455
50.23997313022074 44.12922513171424 55.47935248456049
50.239973059022546 44.12922511670487 55.479352152108575
50.23997302775729 44.12922514560873 55.47935205481491
50.286824765874414 44.30681029576103 55.48714757433481
50.239973006962686 44.129225163429595 55.47935198817969
50.28690665544023 44.30711749476838 55.48715414589023
50.419799120189325 44.474077039313755 55.47828420062535
50.41966215175657 44.47393431748412 55.478301357535955
50.41992995620536 44.47435998382693 55.47827553285565
50.53746172859639 44.575141053801346 55.45444842257231
50.420136704483795 44.4746897104136 55.47825565418768
50.53741552206772 44.57521223632768 55.45446823706959
50.58058357048968 44.580348211282434 55.45043829726866
50.580413794787624 44.580433246198254 55.45047855364703
50.56362721975671 44.62251043777698 55.455801218844044
50.56363710593641 44.6225087629576 55.455799178826524
50.56374842709292 44.62248872113261 55.45577586930435
50.5637047841212 44.62249805940447 55.4557854313138
50.56372740652111 44.6224943944457 55.45578081108492
50.63271394343543 44.6376078915067 55.44073309997309
50.56377299361564 44.62248719210157 55.455771553072395
50.63269695415382 44.63763361201677 55.44073774276718
50.63269568050123 44.637635548688216 55.440738112972525
50.62945329213605 44.72329584370818 55.449963880331
50.62945015679324 44.723296173135836 55.44996391794557
50.6737497652032 44.79730828619846 55.452730038536544
50.67376504467303 44.79736473839861 55.4527320032704
50.67380635379776 44.79751558701331 55.45273729032972
50.67380408913786 44.79750917123421 55.452737026336735
50.67382641464275 44.7975917552295 55.452739898479166
50.673842967858334 44.7976529719764 55.45274202781549
50.753233744503945 44.85474588050434 55.441512945682234
50.7531972101752 44.854755678850495 55.4415204381508
50.75320663650787 44.854771336571055 55.441521396158954
50.75320694994361 44.854771806210536 55.441521419906366
50.75320977933165 44.854789741778085 55.44152381167022
50.753249528828846 44.85479931875861 55.441518877189694
50.75321094829454 44.85480805143352 55.44152653263028
50.753225537239906 44.85482367848654 55.441526647133784
50.75320741166548 44.85482755056918 55.44153020708204
50.70562320081723 44.91990785282997 55.45131547431326
50.7056242133861 44.919910282521286 55.451315360005346
50.73030489081244 44.9782527153851 55.44698812556821
50.73030708256492 44.97826463686987 55.44698551925801
50.73030925396641 44.97827645501708 55.446982936320595
51.16456423160446 45.03605545521463 55.30794928030485
51.16456423855445 45.03605544709677 55.30794927882779
51.164564188022936 45.03605550602953 55.30794928949702
50.730311438377186 44.978288339984616 55.44698033835649
51.153506724521456 45.14020023240351 55.31695896818361
51.15350724421637 45.14019601032668 55.31695859938179
51.15350646363425 45.14020170163269 55.31695913259314
51.15350785835808 45.140193883293236 55.31695825480319
51.157847726377824 45.086680019368 55.313334845227345
51.15785132326456 45.08665954309969 55.31333257902485
50.73031360715257 44.97830014380847 55.44697775854631
51.15256782719692 45.20352115737345 55.31970376499335
51.142083550299674 45.16543404044068 55.32112124889004
51.15256773577849 45.2035210649519 55.31970380035903
51.15256871245291 45.203522055779686 55.3197034227343
51.14208315097616 45.16542965316293 55.321121010555004
50.73031579455292 44.97831204016583 55.446975157575096
51.15256780359586 45.20352180310202 55.319703814408356
51.152567427388234 45.20352112770872 55.31970394219449
51.13923286094014 45.18902082308847 55.32269033383761
51.152568709021196 45.203522724775375 55.31970346451973
50.73031800646086 44.978324056714214 55.44697252893563
51.139231746044985 45.18902053030533 55.322690648474186
51.139231657197755 45.189020477896236 55.322690659978136
51.13923149844402 45.18902043278459 55.32269070318365
51.15256778527613 45.2035224820045 55.319703863454876
51.139232550280774 45.18902073703712 55.32269041942376
50.730320316173106 44.978336577239496 55.44696978714282
50.73032027051233 44.97833633081633 55.44696984122219
51.139231099935785 45.189020422695926 55.32269085977908
51.13923076295978 45.18902022101126 55.3226909020528
51.13923012828646 45.18902003700218 55.32269107307405
51.1525677783037 45.20352319877227 55.319703909699555
50.730320475365076 44.978337439494545 55.44696959824881
50.73032260339387 44.978348944434316 55.446967075581824
51.139229046379555 45.189019758001535 55.322691380790125
51.13922890878678 45.18901967246923 55.322691396566555
51.1392286128508 45.18901958342498 55.322691474796386
51.1422311800531 45.19942079299285 55.32197344006179
51.13922985448401 45.18901995749545 55.32269114679596
50.73032452720095 44.97835930919669 55.44696479906696
50.73032504068285 44.97836206678786 55.44696419244066
50.86403511991477 45.04070314763456 55.408909044560474
50.864031349085245 45.040700923885794 55.40891021193395
50.8640265188381 45.0406983000108 55.408911669659474
51.14222915479017 45.19941857160442 55.32197392323798
50.99470651896482 45.10043105054973 55.36937829720368
50.73032780001044 44.97837694739452 55.44696092560609
50.73032657733741 44.978370286878175 55.44696238067637
50.730327883941484 44.97837722224051 55.4469608462352
50.7303277088845 44.97837626938648 55.446961054479246
50.73032808782623 44.97837822394412 55.446960615853406
50.73032872364864 44.97838144790654 55.446959886138245
50.7303283247597 44.978379279159796 55.44696036037256
50.73032831175694 44.978379346003265 55.446960360360706
50.73032932489527 44.9783845444564 55.446959190716235
50.73032799213044 44.978377301651896 55.446960774842424
50.73032830629762 44.97837934813465 55.446960363272794
50.43935031817032 43.75287531939199 55.21019183791155
50.43934468653261 43.75287655518779 55.2101936618306
50.4393447780926 43.752876535999434 55.210193632084696
50.3738384434177 43.76975153780409 55.22209868130393
50.43934451899162 43.75287659298868 55.21019371598617
50.4393389354731 43.752877822004834 55.210195523934416
50.37383760773432 43.7697516735317 55.222098746211785
50.373840840868574 43.76975094235502 55.222098601256604
50.37383043643512 43.76975325837187 55.222099086771436
50.37383670255082 43.769751831728534 55.22209881075723
50.3738387330481 43.769751371673365 55.222098720162435
50.37382938888163 43.76975345104677 55.22209915652481
50.37383575793572 43.769752001335995 55.22209887578613
50.37383646756838 43.769751840619605 55.22209884408991
50.373828291323505 43.76975365899972 55.222099226475095
50.373835339585796 43.769752081796256 55.222098901832496
50.37383372090575 43.76975242803786 55.222098984618256
50.37382715046857 43.76975387962952 55.222099296880096
50.37383124256763 43.76975295189243 55.222099114601164
50.373819098365516 43.76975568730964 55.22209966474814
50.37382593976673 43.76975412361407 55.22209936652243
50.373828483315776 43.76975354590182 55.22209925376504
50.37381775561072 43.769755959945904 55.22209974093548
50.37382470956179 43.769754370778294 55.22209943767335
50.37382580197536 43.76975412289105 55.22209938912691
50.37381634287896 43.76975625648014 55.22209981610125
50.373824039523 43.769754514955274 55.22209947150225
50.37382226341037 43.76975491096609 55.22209955404836
50.373814897248124 43.76975656085821 55.22209989253406
50.373819359890405 43.769755546555224 55.2220996950677
50.33549949899789 43.77776514201528 55.22480328489786
50.373813389381645 43.76975688601505 55.22209996830327
50.37381615341634 43.769756258520545 55.22209984561892
50.335498196443325 43.77776562477645 55.22480326575952
50.37381184018077 43.76975722260927 55.22210004484916
50.373813027148245 43.769756953523995 55.222099991967895
50.33549677825681 43.77776615042066 55.22480324473396
50.33550348444321 43.7777636635212 55.22480335317046
50.335502040134195 43.777764199018236 55.22480333055871
50.33549531455436 43.77776669294316 55.22480322297741
50.33549931057631 43.77776521099476 55.22480328813358
50.335493772365034 43.77776726457269 55.22480319994302
50.33549645978982 43.777766267927454 55.22480324374704
50.33548558257971 43.777770301501775 55.22480306852337
50.335492142529816 43.777767868706775 55.224803175475714
50.335493485014325 43.77776737084022 55.22480319735274
50.33548378342345 43.77777096842392 55.22480304133488
50.33549068088533 43.77776841051264 55.22480315342537
50.335490175654485 43.777768597835205 55.22480314550559
50.33548191958222 43.77777165933447 55.22480301309454
50.33548699901885 43.77776977560534 55.2248030958457
50.335479972539034 43.777772381101954 55.22480298349055
50.33548377066708 43.777770972552815 55.2248030453559
50.33547070614163 43.77777581728574 55.22480283460969
50.33547795886949 43.77777312757834 55.224802952799365
50.33548039365253 43.77777222463176 55.22480299244909
50.33546849702257 43.777776636241526 55.22480280076118
50.33547588740369 43.7777738954882 55.22480292117004
50.335477044389684 43.77777346641679 55.22480294000904
50.335466242456526 43.777777472049344 55.22480276618746
50.33547414434224 43.77777454166559 55.22480289448643
50.31210587305493 43.89233591847334 55.31428658400051
50.312062395475834 43.892459859375144 55.31437686005576
50.31206110413616 43.89247994498993 55.31439332388799
50.312016165546424 43.89261175491109 55.314489745669775
50.31201549796009 43.89262722576294 55.31450253108939
50.29174022658836 44.003758176936955 55.39657813204807
50.291740045106906 44.003758700992954 55.39657859608671
50.291739480748724 44.00376012141347 55.396579629738866
50.291670508495294 44.00392867671151 55.396696096924686
50.29167249329811 44.00392390773004 55.39669290482687
50.29167257516299 44.003923741750455 55.39669283326915
50.239970067819115 44.12922021505728 55.479332325486936
50.23997009189847 44.12922023963887 55.4793324646824
50.239970098908984 44.12922024847613 55.47933250751362
50.23997014175507 44.12922029403441 55.47933275768888
50.23997016550841 44.129220317970464 55.47933289457084
50.23997016944597 44.129220322840354 55.479332918499
50.23997021643113 44.12922037488767 55.47933319570657
50.2399702398652 44.129220398149364 55.47933333026493
50.23997024114484 44.129220399706334 55.47933333800595
50.239970291278006 44.12922045903888 55.47933363899694
50.239970262919286 44.12922042447173 55.47933346735773
50.239970310765614 44.12922047980658 55.47933375284751
50.23997033998841 44.12922052427939 55.47933394186124
50.2399703661803 44.12922054630422 55.47933408680241
50.2399703818529 44.12922056235861 55.479334177476304
50.239970415224064 44.12922061516018 55.47933439608693
50.2399704411915 44.1292206362735 55.47933453879446
50.23997045266984 44.12922064774532 55.47933460480988
50.239970490007856 44.129220709540846 55.47933485313494
50.239970516269715 44.12922072880623 55.47933499459681
50.23997052394519 44.129220735827104 55.479335037848784
50.23997056528943 44.129220805450345 55.479335314460705
50.23997059122649 44.129220824008165 55.47933545352919
50.239970594404824 44.12922082682148 55.47933547131051
50.239970610517545 44.129220886408305 55.47933562363495
50.23997063990444 44.12922090464231 55.47933577737008
50.23997063174313 44.12922087818618 55.4793357053266
50.23997066228769 44.12922092095148 55.47933589778731
50.239970685314965 44.12922098846958 55.47933609127975
50.23997071444178 44.129221005967636 55.47933624286605
50.2399707309896 44.12922101763681 55.479336331357416
50.239970759211516 44.1292210935833 55.4793365591663
50.23997078804516 44.129221110288256 55.47933670838036
50.23997079804501 44.129221117193126 55.47933676165428
50.23997083318628 44.12922120034562 55.47933702965714
50.23997086153397 44.129221216436605 55.479337175900326
50.23997086563608 44.12922121929316 55.47933719778724
50.239970874390764 44.12922129334285 55.47933733772401
50.23997090604463 44.1292213099062 55.47933749909686
50.23997090379956 44.129221281041794 55.47933744966363
50.23997093000615 44.12922132428515 55.47933762377915
50.23997094707394 44.129221405668964 55.47933781019053
50.239970979067635 44.12922142089869 55.47933797122229
50.23997099860809 44.12922143141172 55.4793380712358
50.2399710185459 44.12922152045076 55.47933828072071
50.23997105192606 44.12922153367496 55.47933844507402
50.2399710657502 44.12922154118961 55.479338515935524
50.23997108936533 44.12922163705066 55.47933875088695
50.23997112237002 44.12922164961708 55.47933891269324
50.23997113095896 44.12922165354529 55.47933895570339
50.23997112172252 44.1292217428321 55.479339037740004
50.23997115905402 44.129221755668226 55.47933921886843
50.2399711930388 44.1292217668001 55.479339382999584
50.23997119631234 44.12922176827858 55.4793393993666
50.23997118839766 44.129221865045594 55.4793394974549
50.23997122733213 44.12922187626654 55.479339683388744
50.23997122337377 44.12922182083271 55.47933959000003
50.23997125569042 44.12922188548772 55.4793398202536
50.23997125287559 44.12922198910949 55.47933995008424
50.23997129298056 44.12922199911587 55.47934013947881
50.23997131138518 44.12922200483624 55.47934022794206
50.239971271480066 44.12922210371869 55.47934018880887
50.239971315537275 44.12922211456881 55.47934039667245
50.23997135504567 44.12922212407159 55.47934058276304
50.239971361650845 44.12922212607604 55.47934061444478
50.2399713293234 44.129222231843364 55.479340617948566
50.23997137369015 44.12922224192987 55.47934082612039
50.23997137854834 44.12922217727872 55.47934075870432
50.23997140040993 44.12922224868363 55.4793409524232
50.239971336118515 44.12922235003567 55.47934080986195
50.23997138352513 44.12922236132308 55.47934103299645
50.239971427836856 44.12922237071932 55.47934123998025
50.23997143581323 44.12922237269635 55.47934127763052
50.23997138547108 44.1292224805727 55.47934120512009
50.23997143406879 44.1292224909631 55.47934143224123
50.2399714449939 44.12922241693616 55.47934137853654
50.23997145941692 44.129222496639905 55.479341551058496
50.23997138043603 44.12922259931387 55.479341345968336
50.23997143203998 44.12922261098741 55.47934158801759
50.239971479875685 44.12922262078523 55.47934181098799
50.23997148026343 44.129222620936105 55.479341812893374
50.23997136854628 44.12922271708315 55.479341455458396
50.23997142404133 44.12922273006137 55.47934171634126
50.23997147694112 44.12922274107511 55.479341963161374
50.23997148069594 44.129222623994366 55.479341818983514
50.23997149670028 44.12922274521099 55.47934205538392
50.23997140824962 44.129222847871276 55.47934180879581
50.239971465521194 44.129222860321 55.47934207673511
50.23997150578947 44.12922283502118 55.479342218407915
50.23997150821542 44.12922286910955 55.47934227580028
50.23997138765854 44.12922296409933 55.47934187805806
50.23997144770546 44.12922297806159 55.479342160228924
50.23997150486774 44.12922299006971 55.4793424270837
50.239971520590544 44.12922299325324 55.47934250031983
50.23997142387478 44.12922309404876 55.47934221497081
50.23997148554098 44.12922310780109 55.47934250394636
50.23997152562859 44.12922306540853 55.47934262137814
50.23997152872059 44.129223116761324 55.47934270537317
50.239971393555614 44.12922320797193 55.4793422384603
50.23997145853595 44.129223223431225 55.479342544294155
50.23997152070261 44.129223236947226 55.47934283513772
50.239971540288494 44.12922324091261 55.47934292636735
50.239971426165965 44.12922333707169 55.479342558412924
50.23997149221944 44.129223352491756 55.4793428688935
50.23997154444285 44.12922333684323 55.47934307617261
50.239971545285115 44.129223363683494 55.479343116684426
50.23997145776585 44.129223465909064 55.47934287357954
50.239971522658195 44.12922348071399 55.479343178130264
50.239971554451344 44.12922348724087 55.479343326344065
50.23997141937946 44.129223577769864 55.47934285890379
50.23997148770681 44.12922359443386 55.47934318105097
50.239971553109555 44.1292236090905 55.479343487633884
50.23997157051302 44.12922361247347 55.47934356850524
50.239971449214806 44.129223707025375 55.47934316691506
50.23997151728848 44.12922372325589 55.47934348735636
50.239971581991526 44.12922373729471 55.47934379002696
50.23997159051435 44.12922373887362 55.479343829524495
50.2399714823911 44.12922383865768 55.479343492821044
50.23997155031156 44.12922385442104 55.479343811950386
50.23997161494623 44.12922386801465 55.47934411371064
50.23997162596484 44.129223869825225 55.47934416445796
50.23997158782786 44.129223989308805 55.47934416133252
50.23997165289993 44.12922400261672 55.4793444646167
50.239971677962565 44.12922400613602 55.47934457922351
50.23997163304904 44.12922413070595 55.479344553393645
50.239971698425 44.129224143534685 55.47934485735159
50.23997175530762 44.12922415133965 55.479345117215004
50.239971751355306 44.12922414086033 55.479345085526475
50.23997175758145 44.1292241514275 55.47934512729528
50.23997176007065 44.129224297286875 55.47934533830479
50.23997182119341 44.129224306462305 55.47934561862089
50.23997186790953 44.12922430702062 55.479345824011574
50.23997186645225 44.129224304148 55.479345813687424
50.23997186860104 44.12922430689692 55.479345826870784
50.23997202584691 44.12922449272 55.47934677056794
50.23997196942089 44.129224414659106 55.47934641631949
50.23997203565125 44.12922447859498 55.47934679413432
50.23997206667434 44.12922450648155 55.47934696827876
50.23997215785184 44.129224573756815 55.47934745994782
50.23997224502874 44.129224632746144 55.47934792272592
50.23997230461482 44.129224671895464 55.479348237432674
50.23997232847293 44.12922468737676 55.47934836317433
50.23997240704175 44.12922472810608 55.479348763196384
50.23997248144396 44.1292247634027 55.47934913751476
50.23997255145236 44.12922479281936 55.47934948452078
50.23997261687265 44.12922481619868 55.479349803147386
50.239972677780564 44.12922483639043 55.47935009763586
50.239972751356646 44.12922486239744 55.47935045559116
50.239972717269765 44.12922485255743 55.479350292785014
50.23997284199176 44.12922488202416 55.47935087951474
50.23997292103043 44.12922489364034 55.479351241654115
50.23997300466993 44.12922490667428 55.479351625891056
50.23997273449157 44.12922485947904 55.47935037771545
50.23997278603299 44.12922487596454 55.479350626092426
50.23997283238894 44.12922488707178 55.479350844377635
50.239972873763236 44.129224897316654 55.479351039659264
50.23997291002571 44.129224906962534 55.479351211728435
50.239972941234775 44.12922491845685 55.479351364198735
50.23997301045274 44.12922493340031 55.47935168788655
50.23997294934934 44.12922492322524 55.479351406283754
50.23997308844253 44.12922494179664 55.47935204101431
50.239972967138506 44.12922493401133 55.479351499001
50.23997298748729 44.129224952413466 55.479351613378284
50.23997300193277 44.12922496939838 55.479351699953824
50.23997306201447 44.12922498154084 55.47935197978043
50.23997300462064 44.12922497554803 55.479351720163926
50.23997313083843 44.129224983837574 55.47935228439218
50.239973010355314 44.129224992839895 55.47935176900571
50.239973012468056 44.12922501140201 55.47935180372552
50.2399730497813 44.12922502589318 55.47935198704457
50.239973011219746 44.12922502336977 55.47935181467643
50.23997311548557 44.12922502665852 55.47935227589059
50.239973007912226 44.12922503578598 55.47935181722286
50.239972996880766 44.129225054383184 55.47935179441693
50.239973037632396 44.12922506757345 55.479351991011995
50.23997299114389 44.12922506362438 55.479351781966564
50.2399729783581 44.12922508036116 55.47935174892395
50.23997296221137 44.129225105836355 55.47935171314825
50.23997295508816 44.12922510498223 55.47935168077556
50.23997303421015 44.12922511245034 55.479352037589194
50.23997295224116 44.12922510762368 55.47935167192907
50.2399729186329 44.12922513300077 55.479351559534265
50.23997296890673 44.129225155497465 55.479351810605834
50.239972907176295 44.12922514305255 55.479351523142526
50.28688454175735 44.307035055247354 55.48715193985592
50.419551598145596 44.4738185885692 55.47831517769034
50.28695354355648 44.30729368424389 55.48715766321759
50.41968375394928 44.47409881476841 55.47830612902583
50.42002996310156 44.474575726715926 55.47826887952856
50.41989025448878 44.474426084043984 55.47828616557665
50.42015652403656 44.47484848434411 55.47826044538998
50.49845975176004 44.620623307177645 55.46501225140251
50.498390901843926 44.620627420266715 55.46502424977586
50.49844517600477 44.620633140191856 55.46501753441511
50.56361996386467 44.62251244980038 55.45580294001255
50.49846776884363 44.62063575030132 55.46501480910024
50.5635642253478 44.622527924165986 55.45581616698152
50.5635682022302 44.62252725950167 55.45581534894159
50.56368468969072 44.62250600968085 55.45579087816462
50.5636342188981 44.62251676375368 55.45580192321031
50.53526629703745 44.66573663696295 55.464163724326184
50.63269431132833 44.637637613746804 55.440738466796034
50.535306918744865 44.66574070204768 55.464155372721734
50.6294441556533 44.72329428583964 55.449963925480915
50.629444488255395 44.723295644277314 55.44996395716332
50.673763647474935 44.79736094633907 55.45273184271576
50.673760947231884 44.79735368958515 55.45273153342745
50.67379136602702 44.79746605991717 55.4527354446474
50.67379919824313 44.79749497529305 55.45273645145979
50.67384083473806 44.797646428682654 55.452741772181255
50.67383666870538 44.797633668735806 55.452741273190256
50.67387098223617 44.79776067426171 55.45274568864471
50.67387392444536 44.79777155335444 55.45274606709417
50.75320591811852 44.854772072433896 55.44152162984281
50.75315646777523 44.85478468829196 55.441531668349704
50.75318275882958 44.85479632894756 55.441529248176884
50.753160184428864 44.85480180993595 55.44153378658698
50.75316174839446 44.85481868648462 55.44153621554788
50.75316184180353 44.85481941580214 55.441536316320374
50.70560019135305 44.91985497251194 55.45131740806284
50.705624079373166 44.91991000872027 55.45131536153557
50.70561799779344 44.91989769771813 55.45131539845653
50.73030491183815 44.97825284806993 55.446988098504846
50.73030497381961 44.97825322894447 55.44698801987977
51.16456477996367 45.03605481553585 55.30794916440702
50.730307096975565 44.97826474830753 55.44698549840363
50.73030711087952 44.978264848062125 55.4469854791559
51.1645641989203 45.03605549319775 55.307949287100726
51.164564199693714 45.03605549229431 55.30794928693629
51.16456419511166 45.03605549763816 55.30794928790375
51.16456429926265 45.03605537619835 55.307949265934376
51.16456431316463 45.03605535996089 55.3079492629803
51.16456439632876 45.036055263014624 55.307949245455674
51.1645644185468 45.0360552370594 55.30794924073089
51.164564491516636 45.03605515201856 55.307949225371345
51.164564520429515 45.03605511823651 55.30794921921828
51.164564619066745 45.03605500319606 55.30794919838888
51.16456471413869 45.03605489231119 55.307949178310345
50.73030925565737 44.97827650141104 55.44698293012587
50.73030925746876 44.97827651681797 55.44698292734711
51.15784938053487 45.0866705936413 55.31333380254923
51.157851307581694 45.08665962016463 55.31333258824787
51.15784839688722 45.086676191099194 55.313334422172105
51.15785087867647 45.08666206866343 55.31333285884601
51.164564067682875 45.03605564625068 55.3079493148073
51.157852338816916 45.08665376003012 55.31333193908591
50.73031002610662 44.97828069440288 55.44698201368866
50.73031141189348 44.97828822514413 55.446980366563736
51.142081674320906 45.16542320992062 55.32112105580671
51.14208115410122 45.1654202064378 55.32112100225248
51.14208139958753 45.165422459904306 55.32112110674057
51.14208235174216 45.16542506335911 55.3211209306048
51.15784655891148 45.08668665501749 55.31333558022014
50.730313555582924 44.9782998766981 55.446977818363976
51.14208297082658 45.16543280835363 55.32112138946633
51.14208178991164 45.16542595980607 55.32112126500247
51.1392318159867 45.18902027520488 55.32269050111188
50.73031570980288 44.97831157876041 55.44697525840337
51.139231017444175 45.18902010000459 55.3226907425732
51.13923085974103 45.189020006634436 55.322690762831854
51.13923057871925 45.1890199266995 55.32269083927608
51.13923236090719 45.18902062707959 55.3226904447605
51.1392317044361 45.18902024452283 55.32269053194514
50.73031790336682 44.97832347591338 55.446972653784265
51.13923037158415 45.18901998628455 55.32269095092548
51.13923000547016 45.18901976570588 55.32269099617574
51.13922935741307 45.18901958226229 55.32269117287824
50.73032022378997 44.978336061265225 55.446969898515896
50.730319825494306 44.978333878279756 55.44697037400928
50.73032015441292 44.97833565691238 55.44696998405154
50.994656387342985 45.10039915249534 55.36939448711253
50.99460367925812 45.10036565745621 55.369411560333276
50.86411078806647 45.04073299501846 55.40888809389683
51.13922971229643 45.189019870726085 55.32269116385489
51.13922914026719 45.18901952016405 55.32269123179165
50.73032248215474 44.97834821626545 55.44696722748233
50.86412162891179 45.04074532667791 55.40888374319525
50.86398581752537 45.04066539192952 55.408925761477924
50.73032525132341 44.97836221355771 55.44696405432316
50.73032323399624 44.97835225511281 55.44696633912634
50.73032508751872 44.97836217132747 55.44696415364221
50.73032491160089 44.97836121293069 55.446964363006714
50.7303251339373 44.97836239025729 55.44696410221785
50.73032629258584 44.97836822787269 55.44696277667214
50.73032625901439 44.978368045272 55.44696281659314
50.73032626856346 44.978368104900646 55.44696280437306
50.730326859997625 44.97837114749869 55.44696212068466
50.73032586994644 44.978365765007204 55.44696329770129
50.73032535955036 44.97836282589035 55.44696392296443
50.73032595897001 44.97836674356974 55.446963136234956
50.73032821844295 44.978378870225114 55.446960467749875
50.730326355829 44.97836873666255 55.44696268293048
50.43936994929513 43.752871061680004 55.210185474854114
50.43937427016164 43.75287014363498 55.21018407237516
50.439359287984885 43.75287337334231 55.21018893057982
50.439366656846325 43.75287179833312 55.21018653973152
50.439368773994204 43.7528713482102 55.21018585257212
50.43935583707406 43.752874142890505 55.21019004697031
50.43936368006646 43.75287246693978 55.21018750224813
50.43936299548039 43.752872617451494 55.210187723935704
50.43935231790408 43.75287492945894 55.21019118525918
50.43935754407781 43.75287381575295 55.21018948927174
50.439340935802896 43.75287739610111 55.2101948747536
50.43934874227288 43.75287572921668 55.210192341752375
50.43935212562083 43.75287500865742 55.21019124375033
50.439337146727944 43.7528782437138 55.21019610027083
50.439345104710554 43.7528765437354 55.21019351818348
50.439346788590264 43.75287618543814 55.210192971678964
50.37384283113847 43.76975044159367 55.22209853812372
50.43934244043834 43.75287714679864 55.21019437917812
50.439340635782 43.75287754613389 55.21019496331237
50.373841985778654 43.76975058907473 55.222098598537556
50.4393347510263 43.7528788493456 55.21019686799486
50.373834727100636 43.76975220008211 55.22209893971425
50.37384107363505 43.769750758214904 55.2220986585681
50.373843648330364 43.76975017612966 55.222098543038314
50.37383369177328 43.76975239714521 55.222099005234256
50.373840121492904 43.7697509393337 55.222098718880915
50.373841132198805 43.769750711368374 55.222098673253996
50.373832585488444 43.7697526178058 55.22209907004568
50.37383959611617 43.76975104710329 55.222098748126
50.373838048013965 43.76975138630059 55.22209882315354
50.37383144443142 43.76975284827422 55.22209913541454
50.37383539017026 43.76975195994646 55.2220989564468
50.373823357627415 43.769754662931724 55.22209950528672
50.37383023936976 43.76975309996624 55.22209920017603
50.37383262737252 43.76975256127184 55.22209909241364
50.373822024878095 43.7697549423659 55.22209957635749
50.37382901477406 43.7697533554614 55.222099266129916
50.373829945117905 43.76975314536646 55.22209922426238
50.373820627345154 43.76975524360746 55.222099646645844
50.37382841204753 43.76975348774793 55.22209929522414
50.373826585340986 43.76975389672183 55.22209937925491
50.3738191940269 43.76975555450657 55.22209971773252
50.37382368406308 43.76975453928593 55.22209951631906
50.33550284257382 43.77776390142847 55.22480334364462
50.37381769227977 43.7697558890758 55.222099787665215
50.373820477180914 43.769755259095824 55.22209966289467
50.33550148407997 43.777764404938324 55.22480332357128
50.373816170101996 43.76975622649823 55.222099859424375
50.37381755422108 43.76975591276923 55.22209979773369
50.335500052069975 43.77776493571174 55.224803302301524
50.37381497147077 43.76975650023533 55.22209991179093
50.37381409730682 43.769756699800105 55.22209995001916
50.33549856221077 43.777765487938055 55.224803280094285
50.33550309773906 43.77776380592081 55.22480335397506
50.33549042071276 43.777768506954175 55.2248031494994
50.33549701316367 43.77776606211384 55.22480325692693
50.33550037752866 43.77776481442851 55.224803311718134
50.33548867907794 43.777769152548515 55.22480312321814
50.335495399256516 43.77776666034305 55.224803232704296
50.335497614072125 43.777765838972414 55.2248032687694
50.335486888910374 43.7777698161402 55.2248030961549
50.33549373591716 43.77776727690327 55.22480320768423
50.33549480772481 43.7777668794209 55.22480322513329
50.335485014574516 43.77777051094729 55.224803067711505
50.33549245221948 43.777767752756105 55.22480318825714
50.335491531731456 43.777768094041456 55.224803173832065
50.335483110922624 43.77777121662341 55.22480303881113
50.335488695479285 43.777769145577274 55.22480312972982
50.3121058678682 43.892336651894794 55.31428719854735
50.3121063333019 43.89235420909578 55.314302097931716
50.31615478940039 43.89095592184701 55.31373823287191
50.31206119118546 43.89248372112304 55.314396524228265
50.31206285433821 43.89249756902433 55.31440868885727
50.3120631879032 43.892506883953615 55.31441662129614
50.31201568168689 43.89263349513294 55.31450785698551
50.29180602723078 44.00359747585654 55.396467222753124
50.291806214857345 44.00359704584121 55.39646696170038
50.291739563408704 44.003759952189355 55.3965795542924
50.291742223833936 44.00375352077968 55.39657519915983
50.29174254696432 44.003752753028714 55.396574696402
50.291672942918254 44.003922882971935 55.3966922904262
50.291675369410434 44.00391702236872 55.39668832858915
50.291675690527086 44.0039162501034 55.39668781077195
50.23997011214563 44.12922026612141 55.47933258970022
50.239970130577234 44.12922028883991 55.47933270160165
50.239970131559694 44.129220290372196 55.47933270800715
50.23997018542971 44.129220343324015 55.47933301661242
50.23997015300141 44.1292203133028 55.47933283338435
50.23997020017221 44.129220364551955 55.47933311031001
50.23997025907757 44.12922042328009 55.47933344889556
50.23997027095152 44.129220440857935 55.47933352502076
50.23997031362613 44.129220483147606 55.47933376996066
50.23997033344607 44.1292205050932 55.47933388688284
50.23997034416085 44.129220519302166 55.47933395330894
50.23997038829117 44.129220569199475 55.4793342150621
50.23997040866816 44.12922058855315 55.479334330868426
50.23997041765372 44.12922060042942 55.47933438651992
50.23997046338327 44.12922065741995 55.47933466500933
50.23997048425757 44.1292206746001 55.479334780011996
50.23997049249256 44.12922068402134 55.479334829007854
50.239970538618465 44.12922074821251 55.47933511911195
50.23997055987091 44.12922076361644 55.47933523333411
50.239970566487116 44.12922077057944 55.47933527186699
50.239970614247696 44.129220841086855 55.47933557779658
50.239970635725086 44.12922085509359 55.479335691087286
50.23997064065276 44.12922085986601 55.4793357192187
50.2399706651201 44.12922092289574 55.479335912861124
50.239970689214175 44.12922093734228 55.47933603821677
50.239970710477145 44.12922095050776 55.47933614941409
50.239970712479135 44.12922095236006 55.479336160724316
50.239970739268855 44.12922102338771 55.479336375511764
50.23997076346507 44.129221036639564 55.479336499675725
50.239970747131196 44.12922099984618 55.479336377653226
50.23997078161348 44.1292210480261 55.479336594790226
50.23997081275487 44.129221126501605 55.47933683885645
50.23997083730754 44.12922113834579 55.47933696265059
50.23997085016132 44.129221146384424 55.479337029980655
50.239970886179876 44.12922123143835 55.47933730443472
50.23997090992992 44.129221242999165 55.4793374243245
50.23997091746783 44.12922124748191 55.47933746349177
50.23997093294203 44.129221326081 55.479337639102546
50.23997095915357 44.12922133850865 55.47933777096327
50.23997098263443 44.129221349233255 55.47933788852673
50.23997098560663 44.12922135094932 55.47933790389974
50.23997100620947 44.12922143565309 55.479338110350014
50.23997103219763 44.12922144723614 55.47933824007355
50.239971026288046 44.129221415489624 55.47933817063506
50.23997105212078 44.12922145708977 55.479338340858725
50.23997107850916 44.1292215476304 55.47933858065818
50.23997110532167 44.12922155767485 55.47933871188178
50.239971122561805 44.12922156518661 55.47933879770205
50.23997115061069 44.12922166136939 55.47933905251543
50.239971177833276 44.12922167025958 55.47933918395155
50.23997119219413 44.129221675810555 55.47933925447005
50.23997122178055 44.12922177724812 55.47933952322717
50.23997125020407 44.12922178467826 55.47933965792063
50.239971261571924 44.12922178883395 55.479339713414966
50.23997126007382 44.12922188708024 55.47933984163845
50.23997129127096 44.12922189543466 55.47933998974885
50.23997131962972 44.12922190204676 55.479340123036316
50.23997132758464 44.12922190442121 55.47934016113777
50.23997132540151 44.12922200904523 55.479340295110376
50.23997135758828 44.1292220161615 55.47934044585686
50.23997138583991 44.12922202191153 55.47934057749244
50.23997138822622 44.12922202249476 55.479340588745
50.23997138740283 44.129222132953096 55.479340736677685
50.23997142030966 44.12922213900694 55.47934088912058
50.23997140260464 44.12922205493793 55.47934069623419
50.23997144006389 44.12922214288301 55.479340980965176
50.23997141034951 44.129222251301464 55.479340999551795
50.23997144620912 44.12922225827336 55.479341166187865
50.23997147850768 44.12922226360815 55.47934131497998
50.23997148642561 44.129222264991625 55.47934135155991
50.23997146475401 44.12922237901543 55.479341413065306
50.239971501525005 44.12922238498184 55.47934158231402
50.23997150649127 44.12922233024173 55.47934152896842
50.23997152406259 44.12922238875992 55.47934168621569
50.239971475391364 44.1292224999902 55.47934162562562
50.23997151673625 44.12922250678681 55.47934181604765
50.23997155342586 44.129222511966084 55.47934198386004
50.23997156190424 44.12922251321517 55.479342022710476
50.239971523612155 44.12922262875736 55.47934201349837
50.23997156509514 44.129222634851615 55.47934220356177
50.23997157672119 44.12922257565762 55.479342173276876
50.239971590071214 44.129222638198414 55.47934231755283
50.23997152328059 44.129222750212655 55.479342178672184
50.23997157001883 44.12922275746143 55.479342393338385
50.23997161149779 44.129222762883266 55.47934258246168
50.23997161955561 44.12922276384539 55.47934261907626
50.2399715166209 44.129222870716795 55.47934231482272
50.239971566289526 44.12922287927326 55.479342544118666
50.23997161423068 44.12922288606468 55.479342763426445
50.23997162904509 44.12922281610733 55.4793427323407
50.23997164178462 44.12922288944907 55.4793428887605
50.239971556303075 44.12922299987424 55.47934266583033
50.23997160810815 44.129223008139164 55.479342904084206
50.239971654619055 44.12922301430356 55.47934311626706
50.23997166281869 44.12922301522737 55.4793431534503
50.23997154007071 44.12922311897646 55.479342758127686
50.23997159486103 44.1292231287148 55.479343011478846
50.23997164682798 44.12922313660327 55.479343249925364
50.23997166751485 44.12922306017009 55.47934323567776
50.23997167602205 44.12922314020736 55.47934338274491
50.23997157509861 44.12922324751942 55.47934308790568
50.23997163021326 44.12922325692877 55.47934334222613
50.239971680726654 44.12922326410097 55.47934357332321
50.239971687964044 44.12922326491631 55.479343606142734
50.23997155073267 44.12922336475552 55.47934314201639
50.23997160740399 44.12922337533914 55.47934340476627
50.239971661474684 44.129223384089045 55.47934365360941
50.23997168868098 44.129223300388155 55.47934365794734
50.23997169003431 44.12922338774858 55.47934378372608
50.23997158034627 44.12922349220782 55.47934344658252
50.2399716383232 44.129223502749824 55.47934371499419
50.23997169136091 44.129223510741014 55.47934395827173
50.23997170080908 44.12922351176924 55.479344001067
50.239971609866984 44.12922361969275 55.479343750786605
50.23997166770941 44.1292236297991 55.47934401801144
50.23997170652754 44.12922358305545 55.47934412391335
50.239971709949884 44.12922363523599 55.47934421049099
50.23997164020729 44.12922374788579 55.479344059552005
50.23997169804537 44.129223757578515 55.47934432619043
50.23997173029562 44.12922376100854 55.47934447215775
50.23997167193837 44.12922387746338 55.47934437630886
50.2399717297064 44.12922388667448 55.47934464197964
50.239971761861185 44.12922388954162 55.47934478675663
50.239971708720134 44.12922401075336 55.479344720281595
50.2399717669108 44.12922401964501 55.47934498736532
50.23997180954883 44.12922402238611 55.47934517788778
50.239971810901636 44.12922415816107 55.479345370084815
50.23997186221237 44.12922416236777 55.47934560060588
50.23997182294158 44.12922404932686 55.47934527351073
50.23997187951369 44.12922416134874 55.479345674990626
50.239971919881654 44.1292243106 55.479346056569
50.23997196363564 44.12922430932703 55.479346246472616
50.23997194131556 44.12922426025665 55.47934608138655
50.23997197267354 44.129224306529466 55.47934628222218
50.23997204936941 44.129224477370286 55.479346852542086
50.23997208834206 44.12922447171454 55.47934701548984
50.23997204004026 44.129224393174205 55.479346696169046
50.23997209741481 44.129224458965226 55.479347037739096
50.23997212962615 44.12922449234403 55.479347224623154
50.23997230447949 44.12922466258549 55.479348224067365
50.2399722122191 44.12922456560341 55.4793476869
50.23997227833307 44.129224620127005 55.47934805129225
50.23997229013176 44.12922462959255 55.47934811595846
50.23997236309001 44.12922468189873 55.47934850728774
50.239972431449274 44.12922472642643 55.47934886780117
50.23997249512861 44.12922476332961 55.47934919735566
50.239972625052644 44.129224819866934 55.47934984400963
50.23997251445937 44.12922477470646 55.47934929763569
50.23997255438856 44.12922479750053 55.479349503803945
50.23997260865101 44.12922482290069 55.479349776329684
50.239972658176285 44.1292248447557 55.47935002324215
50.23997270284265 44.12922486330256 55.479350244333205
50.23997275139853 44.129224885039505 55.47935048683754
50.23997273766177 44.12922488131906 55.47935042156405
50.23997284083808 44.12922490445585 55.479350905235734
50.23997292494839 44.12922491920817 55.479351293892336
50.239972742789654 44.12922488434018 55.479350448169725
50.23997277756405 44.12922490220856 55.47935062500149
50.23997280732007 44.12922492440931 55.47935078579549
50.23997283153277 44.12922494748814 55.47935092351344
50.23997291082739 44.12922496471951 55.47935129447757
50.239972833361904 44.12922495008482 55.479350935087744
50.2399729850781 44.129224973061866 55.47935163115339
50.23997285002182 44.12922497419547 55.47935104113884
50.23997286258987 44.1292249965727 55.47935112688867
50.239972910645164 44.12922501540842 55.47935136322013
50.239972866007164 44.12922500856777 55.47935115831318
50.239972978530304 44.129225020341416 55.47935166733637
50.23997286886462 44.12922502355381 55.47935119138885
50.23997286897742 44.129225045631664 55.47935122217182
50.23997290573752 44.129225060818314 55.47935140402223
50.23997286688575 44.129225057049794 55.47935122867466
50.23997296712866 44.12922506210646 55.479351674693206
50.239972862298806 44.12922507087957 55.4793512275563
50.23997284931437 44.12922509121978 55.47935119858725
50.23997289652371 44.12922510156829 55.479351419569554
50.239972845353336 44.12922509732394 55.47935118961155
50.23997282865351 44.12922511704057 55.47935114351296
50.239972824332796 44.12922513650133 55.47935115128597
50.239972808516896 44.129225135214504 55.47935108024419
50.23997288625275 44.12922514009756 55.47935142743982
50.23997280084503 44.12922514114127 55.479351054771115
50.28688916887921 44.307052846535726 55.48715194992273
50.286939405930475 44.30724084558824 55.48715636442214
50.28691147458022 44.307136448810354 55.48715380241262
50.36665437433686 44.45211977300942 55.479893364188506
50.41978525800697 44.47431313340877 55.47829913100115
50.41962675652429 44.47414234242571 55.47831868860612
50.41993182452559 44.474623145636976 55.47828905504848
50.49834961197712 44.62062984369741 55.46503143207157
50.42008528316464 44.47486594332857 55.478274197892446
50.49833810793197 44.62063955825395 55.46503619968926
50.49843946515353 44.620637323144486 55.46501970542317
50.498359035530314 44.62064176402059 55.465033610377006
50.498423606305025 44.620649642001396 55.46502594937613
50.563561527766794 44.62252869209408 55.45581681256686
50.498427178107235 44.62065009752895 55.46502553164366
50.53514933686168 44.66573513371946 55.46418670358298
50.53511967386311 44.66573555444032 55.46419244760293
50.535144417308636 44.665737951375846 55.464187368766986
50.53525663050008 44.665741313561135 55.46416512131098
50.53518748165265 44.66574214794964 55.464178526785055
50.53524358152892 44.66574785438138 55.46416698328451
50.62944438538735 44.72329560672027 55.4499639571592
50.53525282503109 44.6657487889142 55.46416508187437
50.67375691114723 44.797341993122764 55.452731059281284
50.67375459373896 44.797335303961006 55.45273078741093
50.67377732666641 44.79741929330379 55.4527337105488
50.67379822110117 44.79749202124522 55.452736334962566
50.673791689461765 44.79747233003819 55.45273555701073
50.67383101192405 44.79761613820412 55.4527405927895
50.6738283179106 44.79760778122096 55.45274026863834
50.673849319694426 44.79768540520523 55.45274296960122
50.67387351039231 44.797770242039235 55.45274601689904
50.67386484642557 44.7977427975118 55.45274496649999
50.75312521887774 44.85479269511879 55.441538017424264
50.67390054886715 44.79787504227571 55.45274956205166
50.75310643670188 44.85481340373471 55.44154436068691
50.7531073279161 44.85481472058916 55.44154442526771
50.753160870957686 44.85481964553071 55.441536510549284
50.70557652738057 44.919800672950274 55.45131937263576
50.705597749702555 44.91985010440212 55.45131740166382
50.70559450062082 44.91984362776229 55.45131739277609
50.70561333385275 44.919888323088315 55.45131540780241
50.705612281005614 44.919886208981794 55.45131540930272
51.16456491360586 45.03605465956308 55.307949136103005
51.16456491459182 45.03605465840611 55.30794913588932
51.164564884507826 45.036054693495515 55.307949142244155
51.65622387016279 44.94550139186157 55.15316289499011
51.41720186071254 44.98858359681703 55.23000705120958
51.858026444771966 44.81489610122682 55.085594189194794
50.705619523357 44.91990357361074 55.451314595599285
50.730305095436975 44.978253938751706 55.44698786982623
51.16456426168866 45.036055419880945 55.30794927376009
51.16456426523152 45.036055415742425 55.3079492730069
51.1645642417365 45.03605544314326 55.30794927796732
51.164564359340474 45.03605530602044 55.307949253162626
51.16456437423912 45.03605528861502 55.30794924999377
51.164564450973614 45.036055199170264 55.30794923382896
51.164564470318965 45.03605517656468 55.307949229710204
51.16456454206157 45.03605509295517 55.307949214609806
51.16456456428139 45.036055066980985 55.30794920987151
51.16456463089334 45.03605498936828 55.307949195864644
51.16456465421024 45.03605496209926 55.30794919088275
51.16456471850707 45.0360548872004 55.30794917737545
51.16456474010674 45.03605486191819 55.30794917274373
51.16456482867899 45.03605475861252 55.30794915403668
50.730307186398946 44.97826530015606 55.44698538470409
51.164563981122704 45.03605574712305 55.30794933302207
51.164564011367546 45.03605571180442 55.30794932660089
51.16456388032088 45.03605586463469 55.307949354267045
51.1645640905011 45.03605561960278 55.30794930996147
51.164564141239794 45.03605556034549 55.30794929918399
50.730309287152785 44.97827671222831 55.44698288822958
51.146020791896305 45.1124809878436 55.31765773295707
51.06032260881983 45.011181691275915 55.34891487469615
51.04888058446511 45.03640006277222 55.35308353810984
51.157847803796095 45.08667956611251 55.313334795775354
51.164563860772994 45.036055887431914 55.307949358393884
50.73031140453574 44.978288193793 55.44698037433798
50.73031139332951 44.9782881512473 55.446980385593285
51.04888337680182 45.0364105626561 55.35308322171694
51.04886271006312 45.03638217498661 55.35309037352627
51.04886196756894 45.036382014397915 55.35309071426778
51.142080997905026 45.16542136095303 55.321121180985784
51.04887623207197 45.036395761019385 55.35308520778089
50.730313428879946 44.97829919730589 55.4469779679324
50.73031352388228 44.978299712592914 55.44697785512449
51.04608124624708 45.06007017773213 55.35463586472024
51.048859459901735 45.03638288568257 55.3530920029321
51.04601586340421 45.05997282032771 55.35465849005724
51.13923163720054 45.189020205194815 55.322690540806114
50.73031565588268 44.978311277314795 55.44697532344016
51.13922969007166 45.18901957486571 55.32269103477655
50.91183713405272 44.97550431805986 55.39907295126598
50.91175025481567 44.97548819986112 55.39909972221021
50.73031784865113 44.978323145450126 55.446972722544245
50.863971754178536 45.040648766070845 55.408931510718844
50.863920031492285 45.040618362030585 55.40894750660412
50.7303219320213 44.978343926833766 55.44696802757294
51.13922902636105 45.18901945003618 55.32269124516951
50.911737844767146 44.97548638373882 55.399103535637664
50.7303191226586 44.97833002830351 55.4469712128283
50.730320102758384 44.978335315940086 55.44697005222636
50.73032360464208 44.97835312320092 55.446966027498156
50.730322440269006 44.978346795266475 55.446967411500815
50.73032310847614 44.97835056619696 55.446966601565045
50.73032248656456 44.97834817782319 55.44696722926047
50.73032192577156 44.978345117971706 55.4469678971996
50.73032254943337 44.97834844974136 55.44696716237873
50.73032459610211 44.97835883861329 55.44696481222058
50.73032381144322 44.978354571478704 55.44696574520112
50.73032420486889 44.978356822319554 55.4469652648868
50.73032516428901 44.97836176455043 55.446964155075705
50.73032321716579 44.97835117974918 55.44696646980201
50.730323450096904 44.97835324820673 55.44696610266041
50.73032535588285 44.978363460026756 55.44696385375288
50.730324263848956 44.97835751353609 55.44696515308663
50.7303257744058 44.978365572866615 55.44696337447185
50.73032453900264 44.97835884955286 55.44696484395514
50.73032437355124 44.978357789276316 55.44696505873672
50.52006628670072 43.73520879376411 55.19581100498604
50.520063065578285 43.73520931529518 55.195811636695915
50.520024132864975 43.735215611195514 55.19581920975388
50.52003785578451 43.73521339826313 55.19581659088884
50.4689900936199 43.742271462459286 55.19966146946601
50.52001631337452 43.73521688764442 55.195820827460295
50.52001283485281 43.73521745109053 55.195821511589976
50.439377035856 43.7528695538891 55.210183174895604
50.43938418251744 43.75286802357967 55.210180856426305
50.46899103526651 43.74227129225626 55.19966115542441
50.439373915175004 43.752870249977704 55.21018418443624
50.4393811594422 43.75286870079209 55.21018183409541
50.4393827033273 43.75286837212454 55.21018133304247
50.439363290941145 43.75287255409936 55.210187628093124
50.43937073242256 43.75287096162418 55.21018521388189
50.43937914623916 43.7528691532987 55.21018248501422
50.439377222588206 43.752869576166894 55.21018310795098
50.43935991452487 43.75287330952651 55.21018872012948
50.43936749446624 43.75287168673587 55.210186261068245
50.439371989848354 43.7528707270645 55.210184802409486
50.43935648852392 43.752874076301794 55.210189828177036
50.43936421052912 43.75287242239591 55.21018732309955
50.43936677105238 43.75287187686874 55.21018649215096
50.43935299750156 43.752874859122336 55.210190957101375
50.439360825331406 43.75287318562564 55.210188417379165
50.439361298229635 43.75287308523501 55.21018826387585
50.439341328061104 43.7528773986748 55.210194738648525
50.43934938619614 43.752875675852785 55.21019212421339
50.4393601551249 43.75287333801657 55.21018863389483
50.43935517993694 43.75287443934938 55.21019024422918
50.43933751167005 43.75287826142615 55.21019597207763
50.43934570828223 43.75287650960801 55.210193312651626
50.43934901984854 43.75287580512499 55.21019223786433
50.43933360895283 43.752879147666754 55.21019723300034
50.43934191968329 43.75287737525265 55.210194536160266
50.43934262434277 43.75287722574307 55.21019430741866
50.37384637827023 43.76974952920009 55.22209843586775
50.439341065201496 43.75287757248096 55.21019481190726
50.43933545361415 43.75287882151781 55.210196627528845
50.37383905643681 43.769751159584914 55.2220987772512
50.3738454221547 43.769749722895746 55.22209849034218
50.37384784807646 43.7697491781065 55.222098379601746
50.37383800905459 43.76975137061427 55.222098837520896
50.37384447313366 43.76974991195177 55.22209854606224
50.373845329165746 43.76974972023746 55.222098506715014
50.373836912812 43.76975159709077 55.222098897715746
50.3738440003689 43.769750011636766 55.22209857098378
50.373842398948106 43.76975036416282 55.22209864774716
50.37383579169099 43.76975182995613 55.22209895863316
50.37383975969056 43.769750940151766 55.22209877683449
50.37382768824409 43.769753647564656 55.22209932967026
50.37383462954907 43.76975207526661 55.22209901975749
50.373837372229424 43.76975145768941 55.22209889540925
50.373826374078085 43.76975393062065 55.22209939587678
50.37383344082633 43.7697523274159 55.22209908164719
50.373834928063054 43.769751991607066 55.22209901469429
50.373825009645074 43.769754229567354 55.22209946200691
50.37383222438146 43.76975258666141 55.22209914435382
50.37383248366275 43.769752528376536 55.222099132547854
50.37382362435059 43.769754532282406 55.22209952956152
50.37383200822757 43.76975263458378 55.22209915454004
50.37382957133566 43.769753181665926 55.222099265869176
50.373814569237425 43.76975659245221 55.22209992918007
50.3738221840374 43.769754852730394 55.22209959685728
50.373826948692354 43.76975376785565 55.22209938702053
50.373812945607455 43.769756961923605 55.2221000007967
50.37382069635135 43.769755187757184 55.22209966428558
50.37382402562131 43.769754430366355 55.222099517324615
50.33550342553773 43.777763684064496 55.22480336135914
50.37381917854086 43.76975552985511 55.222099732931326
50.37382134578922 43.76975503733453 55.22209963699825
50.3355019661922 43.77776422497542 55.22480333964397
50.37381759287669 43.76975589525714 55.22209980051886
50.37381848545526 43.76975569190088 55.22209976127286
50.33550041529946 43.77776479983835 55.224803316427796
50.37381676416108 43.76975609146451 55.2220998331439
50.373815034423174 43.76975649412343 55.22209990478267
50.33549195535319 43.77776793694034 55.22480318072871
50.33549883474501 43.77776538569902 55.2248032927454
50.37381232793136 43.76975711935452 55.22210001934882
50.33549018874295 43.777768591796914 55.22480315404064
50.33549720465618 43.77776598992831 55.22480326826585
50.31619812752877 43.890843362477426 55.31365741627833
50.31615461007729 43.8909608196046 55.31374234424008
50.316156169657376 43.89096890179266 55.31374977552561
50.316156282415236 43.89097572634198 55.31375563072107
50.316110048615194 43.89110240999711 55.31384747468729
50.31611265995636 43.89110734268765 55.313852588585945
50.31611305079788 43.89111256171226 55.31385717248445
50.29180777983643 44.00359325725296 55.39646438935246
50.29181260765981 44.003581520463385 55.39645635738117
50.2918137618272 44.00357872573767 55.396454459004275
50.29174494622692 44.00374693226556 55.396570728301185
50.29175070295261 44.003732925586384 55.39656112811741
50.291752076703546 44.003729590190886 55.396558851028914
50.291679807148014 44.003906242522916 55.39668096245529
50.29168651645857 44.00388990804783 55.39666975400861
50.291687734023164 44.00388694864495 55.39666772951098
50.239970147133164 44.12922030875474 55.47933280144092
50.2399701624024 44.12922032508229 55.47933289072273
50.23997016428278 44.12922032771129 55.47933290256587
50.23997020251912 44.129220367450436 55.479333124566296
50.23997021953131 44.12922038469522 55.47933322274098
50.239970234526226 44.12922040021707 55.47933330971596
50.23997023464508 44.129220400612134 55.47933331077856
50.239970275637646 44.12922044661693 55.47933355344764
50.23997029277258 44.12922046227475 55.47933364998276
50.239970240472815 44.12922040686341 55.47933334488124
50.23997030486264 44.12922047620359 55.479333722048516
50.2399703501588 44.129220526348504 55.47933398924795
50.23997036661131 44.12922054205686 55.47933408286329
50.23997037691006 44.1292205539218 55.47933414425122
50.23997042492044 44.12922060898405 55.479334430085636
50.23997044144997 44.129220623339194 55.47933452218184
50.23997045088858 44.12922063376038 55.479334577821504
50.23997050083668 44.12922069295844 55.479334877817365
50.23997051719746 44.129220706445324 55.479334967983306
50.23997052553884 44.1292207161148 55.47933501778567
50.23997057654352 44.12922078037437 55.47933532935352
50.23997059334471 44.12922079214897 55.47933541909936
50.23997060108027 44.1292208009321 55.4793354650321
50.23997065255904 44.12922087026325 55.47933578563429
50.239970669624796 44.12922088067853 55.47933587467415
50.23997067746899 44.129220888229085 55.47933591939181
50.23997072840843 44.12922096307686 55.47933624519997
50.23997074610173 44.12922097181476 55.47933633468733
50.23997075368831 44.129220978271455 55.479336376775905
50.23997078388444 44.12922104956178 55.47933660684424
50.239970803507646 44.1292210591863 55.47933670600131
50.2399708215968 44.129221066587746 55.479336795389045
50.239970828421725 44.12922107137134 55.479336831846084
50.23997085746744 44.12922115031921 55.47933706738087
50.23997087827084 44.129221157876344 55.47933716887111
50.23997089718108 44.12922116366246 55.47933725963932
50.23997090297341 44.129221167143285 55.4793372897861
50.239970930864985 44.12922125311791 55.47933752990575
50.23997095280055 44.129221258901936 55.47933763392244
50.239970971673955 44.12922126388841 55.479337723432224
50.23997097587582 44.129221265895254 55.47933774459034
50.23997100400581 44.12922135795104 55.47933799409705
50.23997102698005 44.129221362243385 55.47933810061696
50.23997104583641 44.12922136641121 55.479338188928956
50.239971048182454 44.12922136729706 55.479338200420365
50.239971054148604 44.1292214579622 55.47933835093781
50.239971077740606 44.129221464212854 55.47933846285024
50.23997110071038 44.1292214678557 55.47933856845941
50.23997110280125 44.129221449165655 55.47933855197677
50.23997111762189 44.129221471767195 55.47933864790102
50.23997112751742 44.129221567134124 55.47933882208028
50.23997115144819 44.12922157241691 55.4793389341487
50.23997117427878 44.12922157547784 55.47933903834997
50.23997118820809 44.12922157834171 55.47933910329169
50.239971200468254 44.12922167840531 55.47933929427191
50.239971224658284 44.129221682804086 55.479339406263165
50.239971247944666 44.12922168496809 55.4793395112304
50.23997125951992 44.129221687083685 55.479339564834376
50.239971272328724 44.129221792011364 55.479339764890774
50.239971297410975 44.12922179527852 55.479339879237656
50.239971320267784 44.12922179695167 55.47933998164984
50.23997133033457 44.12922179817103 55.479340027416924
50.239971343219665 44.12922190772896 55.47934023415985
50.23997136849205 44.12922191021506 55.47934034826797
50.23997139152952 44.12922191110602 55.479340450398354
50.23997139938788 44.129221911729886 55.479340485675266
50.239971411194354 44.12922202601921 55.47934069418464
50.239971437647796 44.12922202742207 55.47934081197985
50.23997146018749 44.129222027716494 55.479340911111564
50.23997146478257 44.129222027919425 55.479340931517186
50.23997144756704 44.12922214406596 55.47934101545319
50.23997147619585 44.12922214643094 55.47934114409684
50.23997150356398 44.12922214692517 55.47934126465202
50.2399715262483 44.12922214639383 55.47934136328431
50.23997152754451 44.129222146371916 55.479341368931856
50.23997150764761 44.129222267280134 55.479341447655585
50.23997153805297 44.129222268575816 55.47934158261388
50.23997156639832 44.129222268233654 55.47934170630198
50.2399715403936 44.12922217396095 55.47934146306281
50.23997158198665 44.12922226758178 55.479341773687224
50.23997153170566 44.12922238971146 55.479341720999145
50.23997156522441 44.129222391888604 55.47934187080384
50.23997159699669 44.12922239235988 55.47934201061847
50.239971625033476 44.12922239141757 55.47934213213165
50.23997163137075 44.12922239100699 55.47934215932678
50.2399715852367 44.129222515550225 55.47934212811412
50.23997162032573 44.129222516976654 55.47934228376711
50.23997165239166 44.129222516839235 55.47934242403289
50.239971653076964 44.12922245702723 55.47934234497775
50.23997167159375 44.129222515907216 55.47934250686269
50.239971599979356 44.12922263928496 55.47934236244278
50.23997163658693 44.12922264183361 55.47934252628684
50.239971671990745 44.1292226426997 55.479342682549884
50.2399717033446 44.129222641984576 55.47934281890409
50.23997170849534 44.129222641664995 55.47934284102679
50.2399716480005 44.12922276647525 55.47934274727773
50.23997168627025 44.12922276845555 55.47934291762266
50.23997172059629 44.1292227687438 55.479343068372074
50.23997171742702 44.129222680255964 55.479342933092525
50.23997173709385 44.12922276811429 55.47934313977062
50.239971653364506 44.129222890655626 55.479342941137716
50.239971693376276 44.12922289372836 55.4793431206117
50.23997173115471 44.12922289513415 55.47934328801638
50.239971756891585 44.12922287783001 55.479343377008526
50.23997175980777 44.12922289465971 55.47934341287083
50.239971695492784 44.12922301832316 55.4793433008156
50.23997173579539 44.12922302084995 55.47934348081452
50.23997177198973 44.12922302148769 55.47934364022686
50.239971782771704 44.129223021151105 55.47934368699203
50.23997168999409 44.12922314166078 55.479343445938895
50.23997173349562 44.12922314544399 55.479343641673296
50.239971774295334 44.12922314748744 55.479343823186525
50.23997179128047 44.12922309070246 55.47934381968026
50.23997179819306 44.12922314713333 55.47934392737683
50.23997172405234 44.1292232684853 55.479343769112035
50.23997176782591 44.129223271783445 55.47934396537261
50.23997180564102 44.12922327261958 55.47934413215642
50.23997181075315 44.12922327252107 55.479344154413326
50.23997170794419 44.12922338970646 55.47934386486054
50.23997175453397 44.129223394275215 55.47934407519968
50.23997179748605 44.12922339682856 55.47934426684018
50.239971812212985 44.12922330194995 55.47934420118152
50.23997181711033 44.12922339675977 55.479344352703535
50.23997173617825 44.12922351517721 55.47934416066546
50.23997178219423 44.12922351905108 55.479344367538026
50.239971823862575 44.12922352065129 55.47934455224792
50.23997182538349 44.12922352059927 55.479344558838434
50.239971716780275 44.129223635869266 55.479344241278
50.239971764165006 44.12922364050342 55.47934445518899
50.23997180944191 44.1292236435758 55.479344657724695
50.23997182590794 44.12922353152658 55.479344576126984
50.239971830037426 44.12922364329681 55.47934474755382
50.23997174504591 44.12922376212306 55.47934453829562
50.239971792433195 44.12922376614527 55.479344751378235
50.23997183614586 44.129223768014086 55.479344945411114
50.23997184624491 44.12922376738907 55.47934498878922
50.239971776436036 44.12922389029533 55.47934485163101
50.239971823340056 44.129223893459084 55.4793450614191
50.239971864896646 44.1292238937038 55.47934524377986
50.23997187165749 44.12922389296784 55.47934527238384
50.23997181385299 44.12922402249196 55.47934519688597
50.23997185870442 44.12922402392101 55.47934539530356
50.23997190125083 44.129224023832826 55.47934558154322
50.23997191217853 44.1292240214935 55.47934562619904
50.239971902751215 44.12922416056331 55.47934577569749
50.23997194378374 44.12922415880365 55.47934595301291
50.23997196581156 44.1292241527486 55.47934604119153
50.23997199845294 44.1292243029247 55.479346390194955
50.23997202937569 44.12922429432558 55.47934651384474
50.23997199282056 44.12922420477007 55.47934623086458
50.23997203836738 44.12922428770984 55.47934654415361
50.23997210769284 44.1292244545108 55.479347076647585
50.2399721328582 44.12922444100642 55.47934716834936
50.2399720875757 44.12922436131555 55.47934686067526
50.23997213456252 44.12922442634998 55.47934715570716
50.23997227915217 44.12922461585327 55.47934804901688
50.23997216964852 44.129224471046456 55.479347370709576
50.23997226883746 44.129224579232286 55.47934795359589
50.239972243374694 44.1292245505386 55.47934780269927
50.239972259280755 44.129224566698426 55.479347894540474
50.23997231163197 44.12922461884732 55.479348195391566
50.239972374054474 44.129224669818896 55.479348538741476
50.239972410497344 44.129224701185706 55.47934874140006
50.23997243209347 44.12922471963515 55.47934886130582
50.23997248486253 44.12922475736869 55.479349144210595
50.239972533040785 44.12922479431083 55.47934940592106
50.239972631722964 44.12922484562615 55.47934990856622
50.23997255676879 44.129224814739544 55.47934953788024
50.23997257648248 44.129224832696465 55.47934964886494
50.23997261483296 44.12922487084246 55.47934986917964
50.23997264780236 44.12922490247135 55.47935005698342
50.239972743142005 44.12922493227296 55.47935051547271
50.23997265025072 44.12922490561239 55.47935007201686
50.23997282589026 44.129224948542436 55.47935090024471
50.239972675377366 44.12922493932279 55.479350228323646
50.23997269726502 44.12922496860426 55.47935036436701
50.2399727583573 44.12922499135129 55.47935066316869
50.23997270341498 44.12922497918306 55.479350405818096
50.239972832437445 44.129225002766105 55.47935100331263
50.23997271330812 44.12922499846567 55.47935047560578
50.239972723582554 44.12922502371868 55.47935055525454
50.23997276486527 44.12922504295741 55.47935076247386
50.23997272627912 44.129225036365604 55.47935058441642
50.239972835076344 44.129225052400926 55.47935108296615
50.23997272767363 44.12922504949516 55.479350608537246
50.23997272585521 44.129225071005074 55.47935063008198
50.239972764945776 44.12922508877394 55.47935082568276
50.23997272299727 44.129225081908125 55.479350632521744
50.239972829709984 44.12922509515579 55.47935111811647
50.23997271710985 44.129225096050234 55.479350626135556
50.239972702274294 44.129225116505296 55.47935058921587
50.23997275794747 44.12922512858768 55.47935084964995
50.23997269956665 44.12922511984459 55.47935058193711
50.23997267984877 44.12922514053868 55.47935052395991
50.28687439909609 44.30699783248379 55.48715043688905
50.28686219099173 44.30695219647024 55.48714932273246
50.286906601745414 44.30711823423381 55.48715335692757
50.286912931108866 44.30714236391041 55.4871535431011
50.33896983639096 44.471883599942224 55.487019621292745
50.33896676005044 44.47187282705443 55.487019815372875
50.33900636257246 44.472011459892755 55.487017303963206
50.3389793485391 44.471917504367994 55.487019177447095
50.33913143383147 44.47245736138849 55.487011495991894
50.42000592714314 44.47477893849481 55.478283910907805
50.339139222114824 44.47248501904928 55.487011105674384
50.4704930661878 44.64043275392055 55.47219194750027
50.470488046472205 44.64043295952757 55.472192702799575
50.498334300946254 44.620643113289326 55.46503788154752
50.47049239176439 44.64043283366197 55.47219208224054
50.47059946220603 44.64042950364848 55.47217664541117
50.470577355562725 44.64043040632544 55.47217996992896
50.498422800751534 44.620650324807556 55.465026284004566
50.47059596322394 44.640429880619116 55.47217732101241
50.53503387318402 44.66573667394532 55.4642090724616
50.47066349492764 44.640427952884146 55.47216769480431
50.53502922574514 44.665739999310624 55.46420963143842
50.53513644522998 44.665742745403364 55.46418842283423
50.535068817194926 44.665743545827425 55.464201535110796
50.53512597196678 44.66574890102804 55.46418982251405
50.5352415204625 44.665748902097945 55.46416727585294
50.53513737987571 44.6657499812654 55.46418748352937
50.560416121007584 44.708160776762846 55.46501821601747
50.56037296608009 44.70814843250945 55.46502540481258
50.560429356402565 44.70818922467353 55.46501721245276
50.673789965532684 44.79746713338657 55.45273535168958
50.673784622719154 44.79745105094664 55.45273471567836
50.673821807685634 44.79758759988931 55.4527394855019
50.673820370908125 44.79758314851249 55.4527393127028
50.67383146431953 44.797624122059716 55.45274073898945
50.67386266489348 44.797735884897044 55.452744701984685
50.673856038441315 44.79771488363506 55.452743898457214
50.673893210698566 44.79785136644021 55.45274866637902
50.67389111796331 44.797844611247314 55.452748410902025
50.67390429465283 44.79789327113475 55.45275010492193
50.7531046246886 44.85481538218921 55.441544969567985
50.67392626294634 44.79797436316319 55.452752928730455
50.705573687108824 44.91979515745783 55.45131932323601
50.70557155968952 44.919791013248386 55.4513192899347
50.70558400737549 44.91982066111296 55.45131794757207
50.705589907272525 44.91983472737527 55.45131730736712
50.70560775849776 44.91987738220252 55.451315343332965
51.1645643145153 45.03605535815362 55.30794926251457
51.164564315166416 45.036055357392854 55.307949262376006
51.16456431031604 45.03605536304955 55.30794926340003
51.164564409987676 45.03605524683664 55.30794924237862
51.16456442033713 45.03605523474075 55.3079492401734
51.16456449899735 45.036055143047406 55.30794922359989
51.16456451411832 45.036055125371696 55.30794922037552
51.16456458402079 45.03605504390191 55.307949205658716
51.16456460095986 45.03605502409481 55.30794920204192
51.16456466736032 45.03605494671824 55.307949188071504
51.16456468380139 45.03605492748095 55.30794918455129
51.164564747656385 45.03605485308042 55.307949171124086
51.16456476165078 45.036054836687605 55.307949168113474
51.164564830669875 45.0360547562767 55.30794915360547
51.16456483805696 45.03605474757476 55.307949151978306
51.16456491393042 45.036054659080406 55.30794913595344
51.5285803168663 44.873625638637336 55.18508702244244
51.85799500127813 44.81483145857459 55.08560113213823
51.85801615114734 44.814873149632476 55.085596603237
51.85803896339145 44.81491832730022 55.085591701826814
51.90456201766725 44.91864822694083 55.073213855045594
50.730305172779154 44.97825436997136 55.44698777667006
50.705625229871664 44.919919234486194 55.45131339117202
51.164564049231636 45.03605566757693 55.30794931855319
51.06997507841298 44.957129481173965 55.34288077931322
51.069899088272365 44.957070331709396 55.342908497970086
51.16456415648561 45.03605554253554 55.30794929594212
51.16456419860185 45.03605549333285 55.30794928698408
50.73030679893544 44.97826321068845 55.44698584342471
50.73030735628849 44.97826623478797 55.446985181493
51.06988009724195 44.95705555639272 55.342915425371785
51.069809637154904 44.95700070469611 55.34294112674423
51.0697404615574 44.95694686082688 55.342966359704135
51.16456386567654 45.03605588170615 55.30794935735314
51.069892178721815 44.95706495344179 55.34291101834279
50.7303094251196 44.978277461646854 55.44698272428151
51.04871752965259 45.036182704144416 55.353140608712195
51.048660550554985 45.036104440298104 55.35316032677551
50.91171963815983 44.97524940328458 55.39911423904151
51.0488386948209 45.03634422545244 55.35309820016771
51.069735430513916 44.956942944856394 55.34296819486197
50.7303114965744 44.978288700670554 55.44698026418699
50.91180371110057 44.97538036254623 55.399085817604714
50.9116734835565 44.97523963249277 55.39912848744618
50.91159181414632 44.97522579150235 55.39915362445956
50.73031353954019 44.97829979220785 55.446977837129495
50.730313590054706 44.97830004960832 55.446977779013174
50.77622919136438 44.911096765672966 55.438442270189526
50.7762347548329 44.91108927567683 55.438441110553455
50.77621842345008 44.91110774315525 55.438445006005196
50.911761271163435 44.97542159596841 55.39909782435717
50.91157972116575 44.975223777051106 55.39915734579245
50.73031377821583 44.978301068676856 55.446977555755836
50.730315728145754 44.97831162158927 55.44697524299607
50.776160315158045 44.91117619887545 55.438458482750015
50.77617338992144 44.91115870660926 55.43845574211158
50.77613597771628 44.91120097980334 55.43846467040365
50.91171780591801 44.97546438655577 55.39911010894974
50.73031793087525 44.978323517365226 55.44697263324029
50.73031789067004 44.97832329752467 55.44697268117996
50.730317936324056 44.97832354326224 55.4469726271816
50.73032104767036 44.97833938164831 55.44696904938414
50.73032092397277 44.97833870888735 55.446969196471585
50.73032099514628 44.97833911174076 55.44696911006746
50.730321574540284 44.978342089139815 55.44696844066388
50.73032020208397 44.97833462732542 55.44697007233968
50.73032028753663 44.978336184626436 55.4469698478373
50.730320195191474 44.97833568089341 55.44696995781155
50.730320315676884 44.978336323276075 55.446969815995594
50.73032249431292 44.978347407280495 55.44696731145927
50.73032165232108 44.978342826835394 55.446968312781465
50.73032208461163 44.97834530107238 55.44696778490139
50.73032302999542 44.978350162054376 55.44696669233286
50.730322732895104 44.978349340737374 55.4469669562403
50.73032153215344 44.97834279779888 55.44696838542362
50.73032310727045 44.97835121558859 55.44696652921628
50.73032221118348 44.97834633543681 55.44696759548068
50.730323542521646 44.97835342581036 55.44696602932389
50.73032245129765 44.97834748556251 55.44696732748785
50.73032403663725 44.97835595624677 55.44696545942907
50.730322201216225 44.978345968918404 55.44696764246176
50.52018453038497 43.735189692887616 55.19578817132415
50.52013655583464 43.73519744637093 55.19579746597377
50.52017069029007 43.73519193361125 55.19579088458103
50.52015811839762 43.73519396907065 55.195793349691925
50.52006527736533 43.73520895862595 55.195811214596475
50.5200973913073 43.73520377954203 55.195805082370924
50.520129207560366 43.735198648265424 55.195799005357145
50.52013397089797 43.73519788011825 55.19579809616383
50.52005686798333 43.735210332218564 55.19581296122435
50.520089552241885 43.73520506081212 55.19580671729122
50.52012725066783 43.73519896823202 55.195799414449766
50.52010758050768 43.73520215346045 55.19580327560735
50.52001505014741 43.73521709384448 55.195821088730526
50.52004848097525 43.735211702119415 55.19581470290392
50.52008157119474 43.73520636516673 55.19580838083588
50.52008540674669 43.735205746618036 55.195807648582495
50.52000600310538 43.73521857059528 55.1958229597233
50.52003994810732 43.735213095738615 55.19581647401653
50.520079588071965 43.73520668921218 55.19580879371151
50.52006056679295 43.735209770430785 55.19581253611871
50.51999690181261 43.735220056102314 55.195824841132875
50.520031314347506 43.735214505732806 55.19581826523624
50.52003956508699 43.73521317508224 55.1958166894468
50.4393780616264 43.752869397629325 55.21018283564112
50.43938535067552 43.752867840271016 55.21018047062762
50.520025993465985 43.73521537457775 55.19581936819276
50.52001654527615 43.7352169057677 55.195821232751115
50.43937494898455 43.75287009631641 55.21018384213203
50.43938233399852 43.75286852080413 55.21018144574145
50.51999626060403 43.735220195354785 55.19582525380138
50.439371755723954 43.752870816359156 55.210184874358234
50.4393792807563 43.75286920986235 55.21018243264638
50.43938083977187 43.75286887918167 55.21018192655948
50.4393684863334 43.75287155657524 55.21018593088609
50.43937746224149 43.75286962558239 55.21018301990459
50.43937479552255 43.75287021547462 55.21018388309325
50.43935730651857 43.752873987062536 55.210189554024055
50.43936512645337 43.75287232156022 55.21018701621854
50.43936887224206 43.75287152727293 55.210185800239195
50.43935371701755 43.75287480751062 55.21019071320491
50.43936165997257 43.75287311670011 55.21018813538432
50.439362759319394 43.75287288359152 55.21018777850746
50.43935006091712 43.75287564584376 55.21019189362091
50.4393604385627 43.75287339913315 55.21018852948913
50.43935597425606 43.752874391726316 55.21018997402
50.43933799869531 43.752878281286335 55.21019580138649
50.43934632366305 43.752876507066134 55.210193099800605
50.439349575491484 43.752875816726004 55.21019204425488
50.43933408713142 43.75287917946358 55.21019706415237
50.43934256936312 43.752877369980595 55.2101943117104
50.43934349415365 43.7528771738953 55.21019401149811
50.4393301441746 43.75288008276316 55.21019833726612
50.43934114012843 43.75287769988274 55.21019477293282
50.43933716016396 43.752878590009345 55.210196060209505
50.37384344516451 43.769750127531154 55.22209860085562
50.373849972559384 43.76974864555396 55.222098311192774
50.43933137334076 43.75287988734385 55.21019793157818
50.37384243677863 43.7697503336757 55.22209865735006
50.37384910142454 43.76974881574619 55.222098364064706
50.373851761007 43.76974821565251 55.22209824411658
50.3738414267276 43.769750537839386 55.22209871513369
50.37384820415574 43.769748993203876 55.22209841741015
50.37384976075403 43.769748641881534 55.22209834725852
50.37384040032971 43.769750745210764 55.22209877390222
50.37384726459415 43.76974918369367 55.222098470865305
50.37384769345638 43.769749086937715 55.222098451518235
50.3738393017663 43.76975097654399 55.222098831969404
50.373846951756896 43.76974924965603 55.2220984873569
50.37384531139291 43.76974961079389 55.222098565966846
50.37383093320736 43.76975287143336 55.22209920596667
50.37383817487881 43.76975121551996 55.222098890669066
50.373843045282435 43.76975010969642 55.22209867456293
50.37382963400174 43.769753155443354 55.22209926926792
50.373836987462674 43.76975147427926 55.22209894894256
50.373840687508405 43.769750633931295 55.22209878489746
50.37382827063594 43.76975346086533 55.222099331889865
50.37383575260979 43.76975174793772 55.22209900719382
50.37383823614876 43.769751184162004 55.222098896938775
50.37382686665645 43.76975377832335 55.22209939486379
50.37383446256631 43.7697520395334 55.222099065108736
50.37383570936347 43.769751756200066 55.22209900991473
50.37382542691942 43.7697541057221 55.22209945848563
50.373833357450444 43.769752296058265 55.22209911125462
50.37383281954014 43.769752419850704 55.222099134267154
50.373815924294775 43.76975629108179 55.22209986581133
50.37382392363679 43.76975445447583 55.22209952135836
50.37383023905682 43.76975301262322 55.22209924522481
50.373814265673744 43.76975667573369 55.22209993525277
50.37382239138307 43.769754810185574 55.22209958532176
50.37382764850251 43.769753611970074 55.22209935442035
50.316198135512735 43.890847823595266 55.31366122083237
50.350462482090606 43.88424816926303 55.31152946890883
50.35046399865118 43.88424548105719 55.3115272931952
50.31615648544897 43.89098056090974 55.31375982151947
50.35040237663466 43.88438499569004 55.31162991763084
50.35040393318689 43.88438215804108 55.311627647661524
50.31611358796337 43.89111723324505 55.31386134081474
50.35034058165621 43.88452567908742 55.311733195002276
50.35034249300608 43.88452200845637 55.311730320210565
50.29181525130879 44.00357511441543 55.39645199998603
50.29182018469666 44.00356310968094 55.3964437702619
50.291821219339326 44.003560603747864 55.396442067252664
50.291754528050795 44.00372363241379 55.39655477594398
50.291760608503445 44.00370882466699 55.39654460966619
50.2917621592151 44.00370505654286 55.396542033232606
50.291691643862215 44.00387743250058 55.396661203173736
50.29169918808917 44.00385904811235 55.39664856622804
50.29170141353855 44.003853630569196 55.39664484947501
50.23997017530497 44.129220340748134 55.47933296873037
50.23997018669699 44.12922035413584 55.47933303699624
50.23997019016548 44.12922036147438 55.47933306225657
50.23997024749625 44.12922041431084 55.47933338586233
50.23997025926926 44.12922042566515 55.4793334530073
50.239970262650615 44.1292204324278 55.479333477095906
50.23997030676622 44.129220478345445 55.47933373332493
50.239970320352455 44.129220489993614 55.47933380881524
50.239970332190964 44.12922050006031 55.479333874480645
50.23997033549332 44.12922050586517 55.47933389690924
50.239970380224285 44.12922055737613 55.47933416350719
50.23997039422444 44.129220567241646 55.47933423836493
50.23997040612061 44.12922057613831 55.47933430267766
50.23997040948917 44.12922058149652 55.47933432478348
50.23997045485848 44.12922063764132 55.47933460053469
50.23997046858483 44.12922064693334 55.4793346734063
50.23997048049578 44.12922065477523 55.47933473633674
50.23997048376509 44.129220659648624 55.479334757342684
50.23997052983542 44.12922072053771 55.47933504267327
50.239970543796844 44.12922072853393 55.47933511479678
50.23997055577448 44.12922073530842 55.47933517655494
50.23997055903211 44.12922074005105 55.47933519733044
50.23997060560605 44.129220805391626 55.47933549097392
50.23997061959897 44.129220812435115 55.47933556192836
50.23997063120896 44.12922081869073 55.47933562136426
50.23997063449545 44.129220823006506 55.47933564168052
50.23997068208182 44.129220892375315 55.47933594528505
50.23997069574599 44.12922089889232 55.47933601407721
50.23997070727265 44.1292209042676 55.479336071940374
50.23997071049638 44.12922090836415 55.479336091681006
50.239970758521096 44.12922098228627 55.479336403452294
50.23997077193992 44.12922098812429 55.4793364702383
50.239970783287575 44.129220992703594 55.47933652622537
50.23997078619121 44.12922099643266 55.47933654405975
50.23997083466317 44.129221075190294 55.47933686442393
50.23997084804211 44.129221080115606 55.4793369297831
50.239970859331834 44.12922108376916 55.479336984246444
50.239970862015916 44.12922108700623 55.47933700044417
50.239970910197584 44.129221171132485 55.47933732690201
50.23997092414969 44.129221174642105 55.479337392829585
50.239970935039146 44.12922117763884 55.47933744463856
50.23997093758686 44.12922118019351 55.47933745930274
50.23997098540899 44.12922126965014 55.47933779149864
50.23997099990129 44.12922127187007 55.47933785802299
50.23997101100435 44.129221273722386 55.479337909197525
50.239971013356964 44.129221275761495 55.47933792229989
50.23997106028978 44.12922137060841 55.47933825799541
50.23997107526402 44.12922137166493 55.47933832503466
50.239971086375 44.129221372541345 55.479338374904984
50.23997108829086 44.129221374055724 55.479338385374376
50.23997111833214 44.12922147193045 55.47933865123601
50.23997113428304 44.12922147421631 55.47933872423971
50.23997115024025 44.12922147389128 55.479338793689124
50.2399711612361 44.129221473868554 55.47933884182165
50.23997116312405 44.12922147470943 55.47933885124483
50.239971191283324 44.12922157895752 55.4793391176066
50.239971208222684 44.12922157984032 55.479339193015086
50.23997122424626 44.12922157873042 55.47933926167839
50.23997123558273 44.12922157757306 55.47933930974628
50.239971237259226 44.12922157787085 55.479339317498216
50.23997126429797 44.129221687795635 55.479339586739826
50.23997128173425 44.129221687638434 55.479339662898035
50.23997129800678 44.12922168566922 55.47933973147293
50.239971308820984 44.12922168379428 55.47933977626876
50.23997131054572 44.12922168349853 55.479339783417636
50.23997133687664 44.12922179867999 55.47934005677058
50.2399713539274 44.12922179787787 55.47934013035542
50.23997137031067 44.1292217951186 55.47934019833149
50.239971381217906 44.129221792238575 55.479340242155956
50.23997138225885 44.12922179175818 55.479340246056374
50.23997140794141 44.12922191191469 55.47934052339474
50.239971425405955 44.129221910154506 55.47934059747758
50.23997144141718 44.129221906761835 55.47934066295511
50.23997145125626 44.12922190324204 55.479340701223144
50.239971452065845 44.12922190263824 55.479340703940835
50.239971476387986 44.12922202757009 55.47934098187169
50.23997149501291 44.12922202468961 55.479341059500285
50.23997151097505 44.12922202052712 55.479341123706675
50.23997152002484 44.129222016182936 55.479341157386486
50.23997152020094 44.1292220158922 55.479341157758924
50.23997154350438 44.129222144996604 55.47934143695204
50.23997156230463 44.12922214132133 55.47934151425822
50.23997157728805 44.12922213655809 55.47934157335342
50.239971540162664 44.12922205213992 55.479341294923415
50.23997158333357 44.12922213251255 55.479341594283696
50.239971587548844 44.12922226714588 55.47934179745257
50.23997160763672 44.12922226432398 55.47934188156954
50.23997162718996 44.12922225977272 55.47934196097215
50.23997164208739 44.12922225417 55.47934201853903
50.23997164659719 44.12922225046697 55.4793420332125
50.239971646834846 44.12922238935383 55.47934222479421
50.23997166901787 44.12922238548809 55.47934231665616
50.23997168897925 44.12922238016292 55.479342396784816
50.23997170319129 44.129222373764435 55.47934245025785
50.23997170560098 44.129222371375526 55.47934245753534
50.23997167770811 44.12922251539381 55.47934253294032
50.23997170339549 44.12922251223863 55.479342641126806
50.239971727427815 44.129222507557515 55.47934273997046
50.2399717474207 44.129222501514974 55.479342819252935
50.239971751766596 44.129222479179475 55.47934280764633
50.2399717581922 44.12922249476931 55.47934285717953
50.239971729823935 44.12922263971642 55.47934293177645
50.23997175701343 44.129222635889 55.47934304562022
50.23997178175496 44.12922263057507 55.47934314670216
50.23997180113763 44.12922262381626 55.47934322232912
50.239971807166576 44.129222619745434 55.4793432431521
50.239971749107056 44.12922276729136 55.47934319126155
50.23997177891063 44.129222764407004 55.47934331784931
50.239971807478895 44.1292227600467 55.479343437001205
50.23997183189417 44.129222754119866 55.47934353581321
50.23997184413114 44.129222735009265 55.47934356319526
50.239971847656975 44.129222746967486 55.479343595044654
50.23997176218016 44.12922289453516 55.47934342309145
50.239971793170966 44.12922289252498 55.479343556078746
50.23997182478957 44.12922288921952 55.47934369003886
50.239971852835225 44.12922288428506 55.47934380611403
50.23997187553928 44.12922287759316 55.479343896380996
50.23997187962473 44.12922287557008 55.47934391150049
50.239971802756344 44.12922302008975 55.47934377307213
50.23997183532027 44.129223017651576 55.47934391236275
50.23997186596691 44.12922301372154 55.47934404120865
50.23997189229364 44.129223008008 55.47934414868579
50.23997188626436 44.12922291388314 55.47934399314542
50.23997190012345 44.129223004990635 55.479344178842126
50.239971806403005 44.129223146761575 55.47934396282784
50.23997184039743 44.12922314517386 55.47934410955108
50.239971872809605 44.12922314214934 55.47934424737261
50.23997190103499 44.12922313725377 55.479344364288366
50.23997190668025 44.129223063801724 55.47934428824579
50.23997191288704 44.1292231337748 55.47934441142955
50.23997183983997 44.12922327154269 55.47934428047632
50.23997187364207 44.12922326930956 55.47934442547171
50.239971904512636 44.12922326538528 55.479344555306376
50.23997191731182 44.129223208699194 55.47934453360064
50.23997192043803 44.129223261252655 55.47934461939275
50.239971832602755 44.12922339627152 55.47934441989319
50.239971868981755 44.1292233950774 55.47934457760128
50.23997190303879 44.12922339231516 55.479344722987435
50.23997192512059 44.12922336715001 55.479344785185134
50.23997192607352 44.12922338722366 55.47934481689849
50.239971858905335 44.12922351930142 55.47934470388939
50.2399718957824 44.1292235176736 55.47934486318404
50.23997192751959 44.12922351362408 55.47934499664289
50.23997193382226 44.12922351196677 55.479345021975945
50.23997184577854 44.12922364267391 55.47934481564812
50.23997188490057 44.12922364202122 55.47934498611393
50.23997192022075 44.12922363928592 55.47934513706977
50.2399719362189 44.129223563519005 55.47934510319884
50.239971938951996 44.12922363544533 55.479345213846926
50.23997187186343 44.12922376604044 55.479345099152596
50.239971910684304 44.12922376468615 55.47934526733667
50.23997194470821 44.129223760819464 55.47934541106254
50.23997195166679 44.12922375861345 55.47934543851585
50.239971899884644 44.129223890545916 55.479345392701006
50.239971937551864 44.12922388807637 55.479345554301915
50.23997196812341 44.12922388203678 55.479345679924805
50.239971969186264 44.12922388163415 55.47934568402788
50.239971932868265 44.129224018110236 55.4793457121821
50.23997196878476 44.12922401410427 55.47934586400676
50.23997199669522 44.12922400596048 55.479345975086794
50.23997199775455 44.12922400551048 55.479345979109496
50.23997197356528 44.12922415096515 55.479346072707486
50.23997200665366 44.12922414465201 55.47934620897921
50.23997203401066 44.1292241352002 55.47934631584049
50.23997203840557 44.129224130570506 55.479346328739396
50.239972053563406 44.129224281998596 55.47934660287952
50.239972079520115 44.129224270627205 55.47934670097381
50.23997208966634 44.12922425646781 55.479346725990595
50.239972142892526 44.12922441891489 55.479347181993795
50.23997215761348 44.12922439978888 55.47934722023489
50.23997210925529 44.12922429463761 55.47934686415921
50.23997215629518 44.12922438310632 55.47934719157348
50.239972258125 44.129224543092015 55.479347857092144
50.23997218635099 44.12922443108489 55.47934738904555
50.239972238962395 44.129224508741615 55.479347726030824
50.239972252227005 44.12922452671733 55.47934780879325
50.23997238533058 44.12922467380919 55.479348593607114
50.239972310543024 44.12922459781409 55.47934816176605
50.239972336478715 44.12922462929662 55.47934831856013
50.23997236337402 44.129224661382636 55.47934848038546
50.23997241073551 44.12922471674597 55.47934876379063
50.23997242851942 44.12922473892661 55.4793488721171
50.23997245289296 44.12922476983219 55.47934902127716
50.23997248964933 44.129224821577495 55.47934925326654
50.239972637029126 44.12922490002063 55.47935000643261
50.23997249904488 44.12922483618385 55.47934931445931
50.239972520726894 44.12922487341528 55.47934946050849
50.23997254606526 44.129224918717384 55.479349633645455
50.2399726665097 44.129224967260214 55.47935022780952
50.23997254747813 44.1292249216872 55.47934964390839
50.23997256531268 44.12922496295425 55.47934977864162
50.23997259360273 44.12922499989468 55.479349953236024
50.239972577034976 44.12922499428693 55.479349872973
50.23997268624746 44.129225026766704 55.479350395902046
50.239972578791395 44.12922500000877 55.47934988851634
50.23997258655372 44.12922503128674 55.4793499654273
50.239972613369815 44.12922505753331 55.479350118894416
50.239972588540596 44.129225050817055 55.47935000092403
50.23997269052863 44.1292250747339 55.47935048046105
50.23997258846083 44.12922505884274 55.47935001158524
50.23997258441154 44.129225083370414 55.47935002749846
50.239972619501316 44.12922510502033 55.479350210899526
50.23997258006359 44.129225095764525 55.47935002545735
50.239972689351234 44.12922511786212 55.479350534472054
50.23997257357401 44.12922510915064 55.47935001539641
50.2399725572539 44.12922512844621 55.47934997038336
50.286843442554286 44.306882124001994 55.48714760130181
50.286817584930176 44.30678551230403 55.48714520091832
50.28693139260079 44.307212027710264 55.487154684618844
50.28700773216298 44.30749795664776 55.48716118597383
50.28698918108908 44.307428608255286 55.48715949398324
50.33899445564141 44.47197349263887 55.48701903561856
50.339099641539875 44.47234628402897 55.4870135686256
50.3390859391246 44.472298235604384 55.48701441609816
50.339137417965105 44.47247869617763 55.48701121817805
50.33914068892386 44.47249258580908 55.48701165210664
50.47037625027212 44.640437527849926 55.472209517471384
50.33925046704475 44.47288235208967 55.48700613035427
50.470372919846135 44.64043795671492 55.47221020523679
50.47047835462686 44.64043441487068 55.472194836566985
50.47044593318232 44.6404357269152 55.472199704740376
50.47047407787895 44.64043487428515 55.472195661481294
50.47058174429135 44.64043123224171 55.47217995141446
50.470542029354135 44.640432821418784 55.472185903223846
50.47057502921656 44.64043184624008 55.47218117813254
50.53502222222304 44.66574420872343 55.464210557670384
50.53497188067324 44.66574490630512 55.464220307657385
50.53501502833198 44.665748447316886 55.464211517995764
50.53512332996484 44.66575015770452 55.46419020657935
50.53504606979162 44.665751137869734 55.464205179536904
50.53510891292432 44.66575684591921 55.4641923200805
50.535114901184556 44.66575740184344 55.464191093459235
50.579582867917026 44.739830628150656 55.46693247026264
50.56038744852757 44.70820426784813 55.465025510086846
50.67380021365099 44.79751186856403 55.45273676529139
50.6738157045897 44.79756894717245 55.45273875505727
50.67385241515891 44.79770340938724 55.45274345922202
50.673850316319374 44.7976967610717 55.45274320476504
50.673863766506884 44.79774636224748 55.45274493298824
50.67388507482278 44.79782490557729 55.45274767039415
50.67392171256073 44.79795924447085 55.452752367226495
50.67391906391238 44.79795043942568 55.45275204032304
50.70555674999919 44.9197577017245 55.45132032843067
50.705568634536476 44.919785916924575 55.45131907280608
50.705588679332564 44.91983248332537 55.45131724602015
50.70558661605952 44.919828721491676 55.451317140441006
51.164564446516636 45.03605520410838 55.30794923456779
51.16456444749982 45.036055202957215 55.307949234356684
51.16456443329208 45.0360552195268 55.30794923735627
51.16456453735903 45.03605509818889 55.307949215407675
51.16456454609299 45.03605508797434 55.30794921354139
51.16456462112567 45.0360550005121 55.30794919773417
51.164564633815424 45.03605498566969 55.307949195021486
51.16456469880999 45.03605490992147 55.307949181339126
51.164564712710906 45.036054893659305 55.3079491783651
51.16456477442361 45.03605482174357 55.30794916537957
51.16456478782614 45.036054806055816 55.30794916250544
51.16456484643645 45.036054737761255 55.30794915017727
51.16456485705994 45.03605472531052 55.30794914788675
51.164564917620766 45.03605465474464 55.30794913514946
51.16456492383051 45.036054647435925 55.30794913378655
51.52855337213204 44.873612454446594 55.1850933947247
51.48090537169442 44.786841398530285 55.19473173363102
51.85798767549928 44.81481637309108 55.08560275168418
51.7304934321759 44.74291139915975 55.11748315937109
51.85800870221843 44.814857826871474 55.08559824872147
51.85798142071313 44.814801713261524 55.08560427482348
51.85802911959979 44.814898086985025 55.08559387564925
51.85800330626772 44.81484502802515 55.08559957470334
51.8580487749699 44.81493685331482 55.085589665094105
51.85802578348549 44.814889604970666 55.08559474032623
51.90456285087527 44.9186484770254 55.07321375514225
51.8580501867321 44.814938218121426 55.085589474626815
51.904563933672236 44.918649420675294 55.07321352302455
51.904563703274526 44.91864888869382 55.0732136271739
51.90456498111213 44.918650362517255 55.073213293690515
51.90456492055796 44.918650225453796 55.07321332060812
51.90456526273278 44.918650627334 55.07321323011453
52.35387547639493 45.255572856117766 54.909463282440974
52.35387521296251 45.25557556236605 54.90946430072678
52.35387580809706 45.255570235093714 54.90946221589549
52.353876089201265 45.25556722019865 54.909461094454905
50.70559602575223 44.91985115353351 55.451316119985535
50.70560444099927 44.91987123145485 55.4513152026585
51.06988564890105 44.957059862917404 55.34291340007923
51.069856743581425 44.95703736097942 55.342923943731535
51.06980684301149 44.95699851870128 55.34294214577935
51.07002331071996 44.95716702185573 55.34286318574374
51.069948680373905 44.95710892453339 55.34289040829376
51.164564340609104 45.03605532761634 55.30794925692328
51.904566147863434 44.918651690333455 55.073212992154694
51.90456805773167 44.91865478281708 55.07321234662512
51.904567349229964 44.91865312607771 55.073212670341384
51.90456899571122 44.91865569418266 55.07321213002246
51.90456854676788 44.918654635080074 55.07321233668464
51.9045699114199 44.91865658294475 55.07321191872219
51.904569717584806 44.918656117782874 55.07321200925409
51.90457045875729 44.91865713325919 55.073211789268484
52.34856267896862 45.26961862409148 54.91420682748648
52.348562629966956 45.269618171429215 54.91420676864283
52.34856266014356 45.269618482875586 54.91420683452468
52.3485628076203 45.26961958753145 54.91420677790079
52.34856248020109 45.26961656613991 54.91420638762739
52.3538744264126 45.25558081350775 54.90946656550639
52.353874848707335 45.2555787785878 54.909465564596616
52.35387517953732 45.2555759334804 54.90946443753421
50.70562186754263 44.91991289609753 55.45131327835237
51.06960265844847 44.95683958417209 55.343016625455455
51.06958574809245 44.95682641978784 55.343022793760746
51.06956338763855 44.95680901489433 55.343030950106815
51.06974371595812 44.95694938647482 55.34296517248913
51.06967567465341 44.95689641784727 55.34298999157603
51.069886937677126 44.957060873419294 55.34291293009269
51.06976829486257 44.9569685130753 55.34295620684627
51.904571874435845 44.91866016508807 55.07321118849713
51.90457089873332 44.91865774369721 55.07321165741885
51.90457272739309 44.9186609949676 55.07321099134241
51.90457202379969 44.918659215947805 55.073211334931635
51.904573577653636 44.91866180493426 55.0732107976696
51.9045731090343 44.91866060979421 55.07321102820699
51.90457439899325 44.918662598630675 55.073210608719364
51.90457417942252 44.91866203951572 55.07321071659409
51.904575223520425 44.91866337676307 55.073210422118464
51.90457518456129 44.91866327735167 55.07321044129307
51.90457539668566 44.918663541614876 55.07321038269251
52.246240639472845 45.26427308281597 54.96235400604648
52.24623856662794 45.26427054404925 54.962354484943354
52.24622490674792 45.26426259331447 54.96235874887846
52.246267216698214 45.264290801033994 54.962345993792
52.246261723659664 45.264284148631354 54.962347272375695
52.246293119616254 45.26430809048014 54.96233818744251
52.24628511542336 45.26429854726261 54.96234006950817
52.30082548824739 45.27555186703876 54.93918766969912
52.30082510159326 45.27554658430674 54.93918673195019
52.3008436905033 45.27554433760819 54.93917903655723
52.30084290358924 45.27553837009634 54.939178113484246
52.300861610815325 45.2755368941066 54.93917053081486
52.30086031041485 45.275530279617286 54.939169674259105
52.3008775697232 45.27552165043387 54.939161181462524
52.300894544751515 45.27551282162889 54.939152758153995
50.73030749528422 44.978266983750075 55.44698501700226
50.73030759326767 44.9782675115942 55.4469849010608
50.90926367766268 44.946824368008464 55.39750379892111
50.909250771998884 44.946813152010066 55.39750834653482
50.776379893317966 44.91091762123796 55.43840754304389
50.90948077530743 44.94693738948456 55.39743029158387
50.920793875401245 44.921707296175825 55.39330785756346
51.069730307201056 44.9569389564466 55.34297006366678
51.904576276109054 44.91866613213133 55.0732098925736
51.904577102561746 44.918666876480714 55.07320971142309
51.90457616118486 44.918664490611846 55.07321017205933
52.01298859178563 45.055634104139514 55.0419057554972
51.904577069411644 44.91866549755209 55.07320994174523
52.1004304277803 45.12334003905505 55.011433048214755
52.00162741767642 45.00188818344723 55.03950394609461
52.10051457282778 45.12344533946793 55.01140429201965
52.10042985032206 45.123332279408636 55.01143212670061
52.10059731120822 45.12354886947115 55.011376014943295
52.10051221024253 45.12343538266775 55.01140398641287
52.18517345870377 45.20893279480161 54.97828033183448
52.100592885412965 45.12353638634678 55.0113764232709
52.185174804218605 45.20893856752448 54.978280582488225
52.185170404569476 45.2089194260816 54.97827974773287
52.24618322159155 45.264249106307716 54.96237312090388
52.185171413798116 45.20892373728665 54.97827993467097
52.24621083916202 45.26426752175208 54.96236479547781
52.24619022282438 45.26424166391729 54.96236948187676
52.246238213794655 45.2642857360935 54.96235653835012
52.24621509323423 45.26425690870805 54.96236181562115
52.24626532764125 45.264303728121206 54.96234835372633
50.7303079152794 44.97826925703161 55.44698451882448
50.730309641009555 44.97827860919316 55.44698247056413
50.77632291468073 44.9109838255452 55.438420886336246
50.77633439545986 44.910968452308374 55.43841848170324
50.776298818412236 44.91100840631579 55.438427006332304
50.911607961790196 44.975167956476525 55.399149975019256
50.730311709363804 44.97828981039762 55.44698001651363
50.776219433595344 44.911097866358 55.43844598465319
50.77621985394547 44.911097310375524 55.438445895650275
50.776218679457976 44.91109863613629 55.43844617612312
50.77625734047717 44.911059207667456 55.438436355573074
50.77627757721883 44.9110323631967 55.43843208163951
50.9115614824165 44.975203673279125 55.3991633304217
50.73031361790049 44.97830019176886 55.446977746946565
50.73031276379329 44.97829551327617 55.44697876629188
50.73031383019661 44.97830127616572 55.446977502407165
50.77615165874604 44.911175814933976 55.43846196791332
50.77615892997578 44.91116624587106 55.43846042158871
50.77613918009838 44.911188545083206 55.43846513717064
50.77618993364544 44.91113678511818 55.438452244764406
50.73031601717639 44.978313074560965 55.44697491269771
50.73031592181795 44.978312553880194 55.446975026317936
50.73031604236151 44.978313201749884 55.44697488385121
50.730319182430165 44.9783292342513 55.446971267637075
50.73031826061511 44.97832421833913 55.44697236402557
50.73031882519928 44.978327402844684 55.446971679876384
50.7303196727033 44.97833174818349 55.44697070181705
50.7303183250424 44.97832548658921 55.44697218417471
50.73031782492987 44.97832275954725 55.44697277964629
50.73031855352728 44.978326639397096 55.446971922594095
50.73032006562261 44.97833434493147 55.44697018288677
50.73031955223827 44.97833155015604 55.44697079363931
50.73031975959916 44.97833277850348 55.446970535757316
50.73032054346611 44.97833679326135 55.446969631621805
50.7303190312557 44.97832856343059 55.44697143036943
50.730320662769934 44.97833806154208 55.446969420085765
50.73031909246772 44.978329504816145 55.4469712891412
50.730321071925275 44.97834013115804 55.44696895107483
50.730319687853 44.9783325923594 55.446970598116174
50.73032150802227 44.978342350337876 55.44696844968648
50.73031985935194 44.9783333734887 55.44697041124223
50.730321978113665 44.978344754719984 55.44696790784033
50.52031391388864 43.73516879380454 55.19576319701536
50.52024030548609 43.73518068163078 55.19577738906952
50.520269779940755 43.73517592771309 55.19577175673401
50.52030176501235 43.73517075986065 55.19576557177515
50.52028517688851 43.7351734444567 55.19576881537641
50.520204445235635 43.73518648120662 55.19578436877944
50.52023444485087 43.735181642772176 55.19577863759673
50.52026590376762 43.73517656355358 55.19577258371307
50.52025630555258 43.73517811709536 55.19577446199554
50.5201673202471 43.7351924851165 55.19579159296579
50.52019800576123 43.73518753609498 55.1957857310465
50.52022821668234 43.73518266362376 55.19577995984615
50.52022953685583 43.7351824507097 55.19577970770067
50.5201604011919 43.73519361761352 55.195793048960624
50.52019150419738 43.73518860109453 55.195787105962175
50.52022779430705 43.735182732843164 55.195780049422986
50.520203689788914 43.735186635896305 55.19578477908232
50.52012143580134 43.73519991901571 55.195800630136404
50.520153342251135 43.73519477285687 55.195794533178656
50.52018693303492 43.73518934950379 55.195788069589156
50.52017790285551 43.73519081169126 55.19578984146066
50.52011393338587 43.73520114596828 55.195802200568046
50.52014627381041 43.73519592966235 55.195796019453965
50.52015521793294 43.735194487173125 55.19579431113763
50.52007321863061 43.73520772995778 55.19581011954188
50.520106341248024 43.73520238753025 55.19580378926335
50.52014232130432 43.735196576254 55.19579684838382
50.52013065024319 43.73519846686348 55.195799144953384
50.520065034561796 43.73520906730302 55.1958118238693
50.52009861149459 43.7352036514513 55.19580540557682
50.52010938725522 43.73520191348763 55.19580334683925
50.52002230655427 43.735215976580704 55.19582013219042
50.52005674167141 43.73521042233642 55.195813550096
50.52009268115488 43.73520462089176 55.195806643589904
50.52008655238748 43.73520561411758 55.19580785297131
50.52001336477332 43.735217436634706 55.19582198534152
50.52004824169221 43.73521181103803 55.19581531805751
50.5200653867242 43.73520904566965 55.19581204132294
50.52000413537989 43.735218943462996 55.19582389657401
50.520039454134775 43.735213246488264 55.195817143930775
50.520043478255985 43.735212597427136 55.19581637484818
50.43937605488198 43.75286994799054 55.21018347431773
50.519994706195746 43.73522048276276 55.19582584798768
50.520036905673955 43.735213662714635 55.195817672918125
50.520019864427795 43.73521642474806 55.19582103835877
50.43937279026329 43.752870695757004 55.210184528421046
50.43938044510978 43.7528690648123 55.21018204425335
50.48869828163081 43.745513827081055 55.20561202397583
50.43936948587809 43.75287145338169 55.2101855952878
50.43937771171082 43.75286969718478 55.21018292619025
50.439376706278864 43.75286992055068 55.21018325153986
50.43935808443884 43.75287394340811 55.210189289088135
50.43936611016137 43.75287223049743 55.210186684864254
50.43937084227395 43.752871225074784 55.21018514890201
50.439354529149355 43.752874760958925 55.21019043671752
50.43936268238524 43.7528730213092 55.21018779106886
50.4393649004264 43.75287254949387 55.21018707118739
50.43935094418038 43.75287558459186 55.210191594003234
50.439359251731176 43.752873810282054 55.21018889845814
50.43935934809295 43.75287379024582 55.21018886713603
50.43933874231217 43.752878253029905 55.210195546755656
50.43934732882937 43.75287641410455 55.210192761209285
50.439359092829825 43.75287384733673 55.21018894969806
50.439353533981574 43.752875091848935 55.21019074751835
50.43933491217719 43.75287913184719 55.21019678330164
50.43934364348764 43.7528772623603 55.210193950737185
50.439348157603604 43.75287629921577 55.2101924859459
50.4393310293017 43.7528800229032 55.210198036860675
50.439339919469646 43.75287811869946 55.210195152832455
50.43934287309663 43.752877489152915 55.21019419434002
50.439327074488574 43.752880932943185 55.210199313391136
50.43933610985766 43.75287899914588 55.2101963821046
50.43933736106375 43.752878732654914 55.210195976051075
50.37385394091693 43.76974767230206 55.222098172327705
50.43933344484831 43.75287961752326 55.21019724178865
50.43933163998609 43.752880025753825 55.21019782508468
50.37384625553118 43.769749397103816 55.22209852372585
50.37385307164847 43.76974784929437 55.222098221395186
50.43932606795417 43.75288128907541 55.21019962554732
50.37384523248096 43.769749613384576 55.22209857736423
50.373852184225285 43.76974803095795 55.22209827098526
50.37385647140779 43.76974706385179 55.22209807751311
50.37384416820092 43.76974984236568 55.22209863111175
50.373851253501144 43.76974822613966 55.22209832059732
50.37385477378804 43.76974743130553 55.22209816210713
50.37384305395354 43.76975008728275 55.222098684711185
50.37385027416384 43.76974843676976 55.22209837009399
50.37385298075246 43.76974782503346 55.2220982485598
50.37384191910073 43.769750337268505 55.22209873902389
50.37384926578643 43.769748655864944 55.22209841991502
50.37385130580446 43.7697481938682 55.22209832878437
50.37383309962605 43.769752356101804 55.222099121919484
50.37384072127228 43.76975060804011 55.22209879278872
50.37384817784923 43.76974890163359 55.22209846883074
50.37384921751617 43.76974866585512 55.22209842255635
50.37383172721857 43.76975267289417 55.22209918014232
50.37383947078155 43.769750895858934 55.222098846267784
50.373847058846906 43.76974915667953 55.22209851797906
50.37384714365396 43.76974913829598 55.2220985137669
50.373830307194496 43.76975300472197 55.22209923830179
50.373838185284946 43.76975119408671 55.2220989000323
50.37384695487638 43.76974918168108 55.22209852187363
50.373844717967145 43.76974969958211 55.22209861597037
50.35046554716547 43.88424250233088 55.31152496183121
50.35047186262598 43.884229373190315 55.31151499314978
50.350475372325356 43.884222307232825 55.31150956137661
50.3504056801097 43.88437881245699 55.31162502453314
50.35041231886691 43.88436496989347 55.31161452613947
50.35041590024083 43.8843576411771 55.31160892782218
50.35034471150692 43.88451763081508 55.31172692844369
50.35035214227271 43.884502000274296 55.31171511347317
50.350355492440116 43.88449516256046 55.3117098849647
50.291822440383584 44.003557641202896 55.396440047368664
50.291827717094435 44.00354478823108 55.396431219867864
50.2918298224309 44.00353966518147 55.396427707816756
50.291763861798216 44.00370091792941 55.3965392016311
50.29177009285186 44.00368573255068 55.3965287622827
50.291772709097366 44.00367936061291 55.39652438687609
50.29170385970875 44.00384767541806 55.39664076351751
50.29171077237156 44.00383082377656 55.39662917214633
50.291713822540174 44.00382339094372 55.396624063097335
50.239970193879685 44.12922037084405 55.47933309137986
50.23997020022301 44.12922038427271 55.4793331375877
50.29165417512896 44.00396928457013 55.39672503175439
50.23997026611329 44.12922044127839 55.47933350440531
50.23997027247199 44.12922045316234 55.4793335485613
50.23997027444218 44.129220463158745 55.47933357090526
50.239970339080664 44.129220513937184 55.47933392369649
50.239970345368704 44.12922052450405 55.47933396573602
50.239970347859234 44.12922053429643 55.47933399007929
50.239970412984206 44.12922058852173 55.47933434973035
50.23997041925413 44.12922059776387 55.47933438987309
50.23997042167761 44.12922060776005 55.479334414202214
50.23997048705233 44.12922066610891 55.47933478060436
50.23997049403933 44.12922067310193 55.479334820802485
50.23997049728773 44.12922068139239 55.4793348464048
50.23997044861622 44.1292206342849 55.47933456858782
50.239970497192814 44.12922068277633 55.47933484788764
50.239970562049486 44.12922074557424 55.47933521812436
50.23997056889303 44.129220751574685 55.47933525633243
50.23997057204396 44.12922075858917 55.479335279757194
50.23997057188672 44.12922076075364 55.47933528203801
50.23997063731244 44.12922082774827 55.47933566052476
50.239970644037136 44.129220832729644 55.47933569681404
50.239970647327866 44.129220838242624 55.479335718791376
50.239970646911814 44.129220841021095 55.47933572078078
50.23997071293402 44.12922091241966 55.479336107922066
50.239970719252945 44.129220916676346 55.47933614143989
50.23997072253946 44.12922092089205 55.479336161618974
50.239970721928735 44.12922092375066 55.479336162865664
50.23997078839251 44.12922100000654 55.47933655860487
50.239970794514306 44.129221003294894 55.47933658993076
50.23997079762465 44.12922100640034 55.47933660781504
50.23997079641554 44.129221009248944 55.479336606426926
50.23997086386611 44.12922109017546 55.479337012896224
50.23997086945556 44.129221092761796 55.47933704092719
50.23997087229805 44.129221094829205 55.47933705621412
50.239970870717286 44.129221097254906 55.47933705261792
50.239970939356056 44.1292211828184 55.479337470653235
50.23997094439308 44.12922118465776 55.47933749523969
50.23997094661146 44.1292211859369 55.47933750671147
50.239970944580904 44.129221187879665 55.47933750048257
50.2399710147549 44.12922127792386 55.47933793138964
50.239971019220164 44.12922127897027 55.47933795238386
50.239971020794535 44.12922127941374 55.47933795988827
50.23997101830166 44.12922128084374 55.479337950930905
50.239971089537526 44.12922137572119 55.479338393119875
50.23997109382354 44.129221375679094 55.47933841183557
50.23997109473502 44.12922137523857 55.47933841522365
50.23997109195517 44.129221375990646 55.47933840407924
50.23997116438318 44.12922147566856 55.47933885807585
50.23997116808323 44.12922147475565 55.47933887303027
50.239971168314135 44.129221473382145 55.47933887215734
50.23997116505068 44.12922147355643 55.47933885810194
50.239971238170355 44.129221578278205 55.47933932204797
50.23997124187274 44.129221576162614 55.479339335362624
50.23997124201698 44.12922157352992 55.47933933238256
50.239971238103365 44.12922157302967 55.47933931455397
50.239971311943236 44.12922168290914 55.47933978873046
50.23997131474362 44.129221679980105 55.47933979697822
50.23997131435641 44.1292216762776 55.47933979020263
50.23997131030778 44.12922167486056 55.47933977052497
50.239971383330726 44.1292217903946 55.47934024888072
50.239971386506284 44.12922178611479 55.47934025691862
50.23997138593215 44.12922178118864 55.47934024764557
50.23997138175014 44.12922177882812 55.47934022608919
50.239971454212935 44.12922189979185 55.47934070944052
50.239971456976605 44.129221894453664 55.47934071422233
50.23997145659488 44.12922188819812 55.479340703968255
50.23997145206046 44.12922188505107 55.47934067978923
50.23997152287096 44.12922201147298 55.479341163391275
50.2399715261317 44.12922200483035 55.47934116856082
50.23997152546799 44.12922199739825 55.479341155457405
50.239971521125426 44.129221993436374 55.479341131000915
50.239971584006895 44.12922213160175 55.47934159598347
50.23997158883162 44.12922212523257 55.47934160837862
50.23997159285608 44.12922211730073 55.47934161512464
50.239971591739035 44.129222108714 55.47934159845162
50.23997158823883 44.12922210436811 55.47934157715784
50.23997164807591 44.129222248149155 55.47934203650975
50.23997165352898 44.12922224053853 55.47934204995406
50.23997165744716 44.129222231530306 55.47934205475782
50.23997165706494 44.129222221604635 55.4793420394665
50.23997165384777 44.129222217256924 55.47934201941001
50.239971709429796 44.12922236652278 55.47934246764868
50.23997171599548 44.12922235769943 55.47934248430263
50.239971720035534 44.12922234759591 55.47934248813761
50.2399717188661 44.12922233655526 55.47934246786852
50.239971716835484 44.129222333207615 55.47934245438128
50.239971758626886 44.12922249436906 55.47934285853438
50.2399717678677 44.12922248582083 55.47934288728332
50.23997177566939 44.12922247590104 55.47934290784697
50.239971779876456 44.12922246472926 55.47934291094795
50.23997177727655 44.12922245255638 55.47934288285978
50.23997177679456 44.1292224513936 55.47934287915338
50.23997181191546 44.12922261564471 55.479343258327205
50.239971822681824 44.12922260608905 55.4793432923762
50.239971831399686 44.129222595199124 55.47934331562188
50.23997183494542 44.12922258299201 55.479343314405696
50.23997179448628 44.12922248878751 55.47934300794729
50.23997183297455 44.129222572422776 55.4793432912729
50.2399718484281 44.12922274649237 55.479343597770466
50.23997186229853 44.129222737428236 55.47934364609016
50.239971874715934 44.129222727022935 55.4793436862054
50.23997188331024 44.12922271521329 55.479343707648084
50.23997188663083 44.129222701951605 55.479343703998936
50.23997188522128 44.12922269588294 55.47934368949918
50.23997189105502 44.129222869013404 55.47934395257191
50.239971907773224 44.12922285933047 55.47934401251639
50.239971921260825 44.12922284818492 55.47934405630372
50.23997192997665 44.12922283548501 55.47934407705738
50.239971920363004 44.12922279310436 55.47934397680539
50.23997193054856 44.129222822997406 55.479344062430556
50.23997191064099 44.12922300005572 55.479344218140504
50.23997193063007 44.12922299118643 55.47934429352827
50.23997194802981 44.1292229808645 55.479344355581304
50.23997196171229 44.12922296897675 55.47934439920403
50.23997196891713 44.129222955217074 55.479344411885364
50.23997196925562 44.129222952365055 55.479344409455265
50.239971922512524 44.12922313006591 55.47934444850252
50.23997194446051 44.1292231219056 55.47934453344331
50.239971966100754 44.129223112655 55.47934461554031
50.23997198325941 44.12922310161096 55.47934467554671
50.239971994288496 44.12922308853929 55.47934470592281
50.23997197582768 44.129222980666185 55.479344477068764
50.239971996099996 44.12922308494422 55.47934470892538
50.23997192759313 44.129223258725276 55.47934464726597
50.23997195154149 44.129223251287 55.47934474195926
50.239971974892384 44.12922324276442 55.479344832548
50.239971994874125 44.129223232575235 55.479344906092805
50.23997201105635 44.12922322066229 55.47934496063013
50.2399720002795 44.129223115612135 55.47934476930605
50.23997201273954 44.129223217892005 55.47934496420229
50.239971928511565 44.129223386352564 55.479344826382345
50.23997195288396 44.12922337921888 55.479344923350894
50.239971977995815 44.12922337141658 55.47934502264112
50.239971999906224 44.129223361931366 55.479345105599606
50.2399720138343 44.129223342974974 55.47934514060043
50.23997201412782 44.129223350655934 55.47934515242372
50.23997201398533 44.12922323988994 55.47934499983826
50.239971951952214 44.129223506533215 55.479345093933944
50.23997197698684 44.12922349886249 55.479345193066294
50.23997200114624 44.12922349016971 55.47934528696293
50.23997201683311 44.12922347138861 55.479345329908135
50.239972016984595 44.12922347921549 55.479345341309426
50.23997194744154 44.129223633007165 55.479345247687625
50.239971974445496 44.12922362598263 55.47934535633261
50.239971999492624 44.12922361761997 55.47934545457046
50.239972019697404 44.12922360696092 55.479345528447574
50.23997202208773 44.12922360486737 55.47934553604547
50.23997196952239 44.129223752778714 55.47934550872172
50.23997199755735 44.129223745432924 55.47934562144192
50.23997202017388 44.12922373545475 55.479345706817014
50.23997202342349 44.1292236342669 55.47934558222995
50.2399720283352 44.12922372846609 55.479345732977215
50.23997199348473 44.129223873313066 55.47934577904357
50.2399720201649 44.129223864709395 55.47934588410379
50.239972040583424 44.12922385303445 55.47934595752348
50.23997204257364 44.1292238504453 55.479345962688896
50.239972020248004 44.12922399547191 55.47934606386261
50.23997204537957 44.129223985396905 55.47934616012119
50.23997205682477 44.12922394554413 55.47934615557858
50.23997206036402 44.12922397135632 55.479346206493176
50.239972052055805 44.1292241208953 55.47934637525627
50.23997207493771 44.129224108841306 55.479346458945955
50.239972088450955 44.12922409200058 55.47934649503226
50.23997208157567 44.12922406172065 55.47934642337591
50.239972088154715 44.12922409150981 55.47934649306143
50.23997209332658 44.129224252693604 55.479346736845216
50.239972111962885 44.12922423735132 55.47934679742713
50.23997212362622 44.12922421830943 55.479346822390795
50.23997212374431 44.1292242108279 55.47934681264398
50.239972160587854 44.12922437422556 55.479347198192514
50.239972169406364 44.12922435217777 55.47934720657143
50.239972164592785 44.129224328829466 55.47934715345529
50.2399722385359 44.12922450236877 55.47934771541972
50.239972232016186 44.12922446992194 55.479347642348
50.23997218005391 44.12922436390443 55.47934726929748
50.23997221582631 44.12922444453105 55.47934753659949
50.239972316437736 44.12922460132591 55.47934819240382
50.239972240012406 44.12922449209218 55.479347707788506
50.239972271928025 44.12922455608084 55.479347935371315
50.239972290066255 44.12922459169651 55.47934806368146
50.23997232739109 44.12922466136773 55.479348322753495
50.239972332447984 44.12922467081786 55.479348357868346
50.23997236836622 44.12922473691326 55.479348605873554
50.23997237881902 44.1292247577763 55.47934868028089
50.23997239821982 44.1292247992602 55.4793488221721
50.23997251911206 44.12922490523581 55.47934949709027
50.23997241746409 44.12922484536645 55.479348969719084
50.23997242196768 44.12922485708197 55.47934900551826
50.23997243954785 44.12922490878059 55.479349153448446
50.23997244346602 44.12922492291446 55.47934919000118
50.23997245093726 44.12922495630495 55.479349268535266
50.23997248991994 44.12922500707308 55.47934950893563
50.23997245557702 44.12922499042427 55.47934933566697
50.23997245611538 44.12922499953499 55.47934935052422
50.2399724556423 44.12922503502028 55.479349397134776
50.239972530335464 44.129225077407824 55.47934978245573
50.23997245405317 44.129225046485686 55.47934940590361
50.239972448701 44.129225068784955 55.47934941305288
50.239972458880196 44.12922510210067 55.47934950334577
50.23997243846908 44.129225094216196 55.479349403124814
50.239972542608896 44.12922512810238 55.479349905764
50.23997243525095 44.12922510013016 55.479349397142244
50.286917312134364 44.30715974123609 55.48715310874249
50.28697564612593 44.30737806642746 55.487158213520985
50.28695433290534 44.3072984820593 55.487156194885266
50.287040296628504 44.30762065237419 55.48716335392115
50.33906333652578 44.472218803727856 55.487015768186154
50.33905067816241 44.47217431867319 55.48701652540639
50.33909906734687 44.4723460428197 55.48701407010866
50.339221177408966 44.472779241895395 55.487007835609106
50.339215246438 44.47275836993978 55.48700818281212
50.339235096344936 44.47282880231435 55.48700717266401
50.47036162975203 44.6404389405247 55.4722122367655
50.47036622672604 44.64043879694916 55.472211573613265
50.47045988466289 44.6404358778075 55.47219806652212
50.47046712326737 44.64043565661996 55.472197025415255
50.47055868641746 44.640432911767014 55.47218388999317
50.470553389912304 44.64043311006541 55.472184675039884
50.47055746744262 44.6404329911578 55.47218409221111
50.53500724543075 44.665751809532864 55.46421268492886
50.53498126842229 44.66575225599293 55.46421770702271
50.53500216606693 44.66575409024707 55.464213437464736
50.53510687197857 44.66575751895812 55.46419264791724
50.535050189489155 44.665758318827486 55.464203624488135
50.560276089714336 44.70815764407768 55.46504334095694
50.560315097938854 44.708184756879014 55.46503762002304
50.673813826476376 44.797563384855096 55.4527385327548
50.67381285397032 44.79756050238472 55.452738417613006
52.50538210440202 45.19589939324817 54.803839944904496
52.46210723847665 45.22138694309938 54.83848577336752
50.67382042970078 44.797588372678426 55.452739390085696
50.6738473814808 44.79768748659431 55.45274284926032
52.40405625232268 45.229208012266184 54.876872146378396
52.404055330021436 45.229205766380694 54.87687218659386
52.40403680723402 45.22921648811952 54.876885696271486
52.4040801470223 45.229191857183594 54.87685418993037
52.46210482046392 45.221389186991615 54.83848777300787
50.6738742748184 44.79778632665729 55.45274630011218
50.67388178972152 44.797813946480545 55.45274726440442
52.40397654476856 45.229252502645664 54.876929906569586
52.40397613563907 45.22925086042979 54.87692977743798
52.40396234134138 45.22925870744101 54.8769398070431
52.40400426740456 45.22924042709491 54.87691059055055
52.4040030004768 45.22923579469848 54.87691029373663
52.40402936567932 45.22922081796731 54.87689112889347
50.673915134685615 44.79793686166036 55.45275154817657
52.353874759651205 45.255555329621416 54.90945922955117
52.35387449531681 45.255552973115336 54.909458860841546
52.35387428052579 45.25555499294967 54.90945963991757
52.35387540773911 45.255555796025035 54.90945867748705
52.3538748237698 45.255550653169706 54.909457880244716
52.35387604967673 45.25555623159098 54.90945812342133
52.35387512013389 45.2555481206778 54.909456875044214
50.70556030182612 44.919767682914355 55.45131951227225
50.70556787372402 44.919785639571984 55.45131871794066
51.16456464691808 45.03605497030983 55.307949192193675
51.16456465019999 45.03605496646109 55.30794919148425
51.1645645737802 45.03605505558582 55.30794920761919
51.16456472603747 45.036054878051445 55.30794917550024
51.16456473286398 45.03605487005435 55.30794917403118
51.16456479954495 45.03605479233154 55.30794915998668
51.16456480871051 45.0360547815979 55.30794915801704
51.16456486781995 45.03605471270848 55.30794914557356
51.165085963021596 45.03236692635336 55.30733286395104
51.27858681310914 44.91821939921775 55.2625100662446
51.27862662693546 44.91817837891084 55.26249401373821
51.62036306770414 44.674547186477156 55.14078502653636
51.62036104858065 44.67454729332522 55.14078560545583
51.7304443875901 44.74287333894231 55.11749433172328
51.73039184574846 44.742832585772604 55.11750630126288
51.857961072123096 44.814759794955535 55.08560877463428
51.85794228202191 44.81472109072802 55.08561292952474
51.85798105005526 44.81479922931153 55.085604492469386
51.85796514852739 44.814766503729984 55.08560800637112
51.858000475870696 44.814837587706215 55.0856003275548
51.85798946314347 44.81481495552385 55.08560275859738
51.85801897052684 44.81487413383744 55.08559636019864
51.85801516513691 44.81486632187147 55.08559719956499
51.85802796823728 44.81489191836809 55.085594429694815
52.35387325463947 45.25556392675682 54.90946316538556
52.35387309316833 45.2555624187267 54.909462921366746
52.353872913184134 45.25556366700046 54.90946345240454
52.35387393261064 45.255564432018865 54.909462592623
52.35387347439867 45.25556021091329 54.9094619161405
52.353874603161145 45.255564924281984 54.90946202408206
52.35387386627802 45.25555821085948 54.90946095669882
52.353875267841914 45.25556537305121 54.909461449775485
52.35387420240777 45.25555575541366 54.909459930901036
52.35387592702657 45.255565781558346 54.90946087019729
50.7055858237174 44.919828293814206 55.45131681039153
51.06987540233477 44.957051880029105 55.34291713757077
51.069843834820304 44.95702730577789 55.342928652300884
51.0697625646662 44.956964044734406 55.34295829690288
51.070006609013575 44.9571540141375 55.34286927785003
51.06993614918318 44.957099163694494 55.342894979145484
51.070026100327325 44.95716918204031 55.342862168011806
51.16456455790012 45.03605507410588 55.30794921097195
51.85804066902408 44.81491731146839 55.08559168186861
51.904564152220374 44.918648623549515 55.07321363946295
51.90456598151209 44.91865130889821 55.07321306691178
51.904565289301274 44.918649784037925 55.073213367678264
51.90456696290101 44.91865223070117 55.073212845532765
51.90456641492697 44.9186509747295 55.0732130917048
51.904567922675376 44.91865313339129 55.07321262883289
51.90456752797233 44.91865219358899 55.07321281195813
51.90456886960999 44.918654013805956 55.073212416718334
51.90456862136946 44.9186534118914 55.073212533684355
51.90456977950312 44.91865488751566 55.073212208315525
51.90456971957698 44.91865474092201 55.07321223676469
51.90457002582037 44.91865512939641 55.073212151012754
52.30089274957285 45.27549870337093 54.939150548407454
52.30089243998749 45.27549663087867 54.93915024194908
52.30087829005436 45.27550464419771 54.93915739808433
52.34856126513424 45.26960558400743 54.91420514826041
52.35387188618135 45.25556898916514 54.90946598892087
52.35387306932089 45.25557412770114 54.9094661563725
52.353872325165895 45.25556707334416 54.909465003152036
52.35387376398734 45.25557462854243 54.909465564882524
52.353872731990364 45.25556492712272 54.90946398795951
52.353874451477125 45.25557510016886 54.90946497291259
52.353875134131385 45.25557551795889 54.90946437125666
50.705593881180604 44.919847469199865 55.45131594598653
50.70560358927825 44.91987058945505 55.45131489976386
50.92064351357928 44.92161733938812 55.39336131674665
50.92062214574611 44.92160455333378 55.393368913917186
50.77644536030645 44.91083552134224 55.438393054305024
50.920874039421875 44.921690638465684 55.393282560733645
50.92082576804281 44.9216638894091 55.39329961735339
51.06961441194987 44.95684872612342 55.34301233806508
51.069544794207786 44.95679453020361 55.34303773218002
51.06974750585617 44.95695232936229 55.34296378994926
51.069649918411066 44.95687636003923 55.342999386439104
51.06974988553348 44.956954175259696 55.342962921821695
51.90457078534378 44.91865745733558 55.073211712734505
51.90457166647255 44.91865830343234 55.07321151091864
51.90457081224858 44.918656136744765 55.07321192919065
51.904572534903885 44.91865913113008 55.07321131303722
51.90457186165373 44.918657433795076 55.07321164098825
51.90457338458724 44.91865994358709 55.073211118993214
51.904572854715425 44.91865857455181 55.07321138258706
51.904574227608705 44.91866074036642 55.07321092800953
51.90457381760292 44.91865967688285 55.0732111326597
51.90457506991759 44.918661523160786 55.07321073938822
51.9045747203452 44.9186606075622 55.07321091534002
51.90457590509298 44.91866229459839 55.07321055314593
51.904575579091286 44.91866143935473 55.073210717462196
51.90457671681202 44.9186630560832 55.07321037019766
51.904576410884545 44.91866224888521 55.07321052515929
51.904577512647606 44.91866380743816 55.073210190040484
51.904577212812725 44.918663023287195 55.07321034076335
52.00167375137691 45.001926720330495 55.039487329326434
52.00165011011687 45.00190540693706 55.03949609506009
52.087248540820596 45.07013512147178 55.009161920060556
52.087223305942985 45.07011000842353 55.0091717102067
52.10052170079619 45.123434244410994 55.01139867374034
52.08729002126006 45.07017638242796 55.00914583184998
52.10059942928168 45.12353163760446 55.01137212986416
52.100561158508924 45.12348056629685 55.01138470333332
52.185165576486924 45.20889825536739 54.97827882225394
52.18516354891473 45.20888943366658 54.978278437535636
52.24619049472477 45.26422583718821 54.96236737957644
52.24618164430298 45.26421482020623 54.9623694019557
52.246216627033746 45.26424348546819 54.9623595300592
52.246206475312476 45.264231053948976 54.96236187570645
52.24624235234204 45.26426084255503 54.96235180073447
52.246230866669464 45.26424703142099 54.962354486648024
52.24626766103023 45.26427790304589 54.962344194629694
52.246254722880494 45.26426261952574 54.96234725480582
52.246292622878876 45.264294701820766 54.96233668923898
52.24627765893818 45.26427725507846 54.962340257564115
52.30084213730339 45.27553188456298 54.9391770756781
52.30084115067588 45.27552364084116 54.939175761433916
52.300859548089065 45.27552477190064 54.939168836332406
52.3008583531887 45.27551526140746 54.93916734218131
52.300876925383164 45.27551762342755 54.93916060264099
52.30087545276713 45.27550625984064 54.93915883482549
52.30089411585267 45.275510517949 54.93915245049596
50.705621090584586 44.919912340691276 55.45131299343682
50.77634325589018 44.910946645575166 55.43841801412526
50.776344656283015 44.91094482406819 55.43841771332012
50.77634086655384 44.9109490727468 55.43841862239665
50.77637710630904 44.91091233960847 55.438409385331894
50.77639211572528 44.910892670225635 55.43840618175169
50.77641060103808 44.91087843079093 55.43840084208671
50.776432942572555 44.91084879262962 55.43839612385649
50.920751397137536 44.921682180057154 55.393322945412166
51.904576029161476 44.91866414110189 55.073210239125444
51.904576845310444 44.918664894602635 55.073210057185946
51.9045776531276 44.918665638024066 55.0732098774985
52.001677846023235 45.001932046784354 55.03948552657471
52.10047523294112 45.12338588596805 55.01141611083824
52.10055584528754 45.12348683330009 55.01138857270726
52.18516872096785 45.20891209840241 54.97827942813515
52.18517006326215 45.20891785997896 54.97827967834141
52.246186484179 45.26423689197666 54.9623703212785
52.2462136347645 45.26425507009732 54.96236214597417
50.73030767600237 44.97826794656428 55.446984804369535
50.730306942263155 44.978263917543565 55.44698568116927
50.73030805493171 44.978269938489156 55.44698436154772
50.776279243240474 44.91101993118282 55.438433157068914
50.776288509847376 44.91100789634626 55.438431164035215
50.77626565135597 44.91103378047884 55.43843661136755
50.77631456863037 44.910983999287865 55.438424170597855
50.776349496320755 44.91094852255712 55.43841527822773
50.73031009604428 44.97828098049608 55.446981941131426
50.77621309077371 44.911095738892534 55.43844879611511
50.77622726026904 44.91107736655145 55.438445744389654
50.77619540037357 44.91111379902702 55.43845328718221
50.77624936970178 44.91105875877374 55.43843957800718
50.77628546155326 44.91102201163194 55.43843040152935
50.73031189169231 44.9782907512642 55.4469798054199
50.73031075016582 44.97828451414222 55.446981166017835
50.73031220958897 44.978292390410935 55.44697943751508
50.77614554522293 44.91117323573741 55.43846475155202
50.77616205425919 44.911151813883535 55.438461198191845
50.776123737177215 44.911195510232986 55.43847028647923
50.77618229723535 44.91113573970929 55.43845541794103
50.73031421372819 44.97830323581192 55.44697706055912
50.73031349238806 44.97829929927815 55.446977919797405
50.7303144633474 44.97830451156193 55.44697677294829
50.73031694233852 44.97831719188943 55.446973915451295
50.776097694123024 44.91122514042768 55.43847647316932
50.73031653686797 44.978315116245064 55.44697438301301
50.77611401173368 44.91121422040545 55.438471529333334
50.730316468356406 44.978315363464944 55.446974394758826
50.73031530672061 44.978309028870164 55.446975777930355
50.73031690920003 44.978317607205014 55.44697388786755
50.73031637587634 44.978314700163395 55.44697452275955
50.73031734676564 44.978319838998885 55.4469733842125
50.73031691976746 44.97831751238774 55.446973892431906
50.730317788974475 44.97832209840451 55.44697287477092
50.7303169776477 44.978317679154976 55.446973840257755
50.730318239795274 44.97832440461161 55.44697235509315
50.73031661327188 44.97831554751452 55.446974290392916
50.73031870266123 44.97832677486587 55.446971821257215
50.73031873598919 44.97832756232147 55.44697171344155
50.73031916258446 44.97832973111701 55.446971223206134
50.730319602587315 44.978331975295475 55.446970716750926
50.575823313169565 43.72812388912833 55.180675290588844
50.57582752279847 43.728123224149286 55.18067491324298
50.52033233207325 43.735165823131474 55.19575967732626
50.57580485873466 43.728126806124166 55.18067694420372
50.575813982949896 43.728125363310596 55.18067612682839
50.57582311620155 43.7281239202134 55.18067530825472
50.57581829924276 43.72812468134844 55.18067573996673
50.52029867968249 43.73517126662752 55.19576623533098
50.52032766917288 43.735166590546676 55.19576069256904
50.57580435392117 43.72812688486378 55.18067698979537
50.575813718936644 43.728125405178375 55.180676150439
50.5758093690025 43.72812609254477 55.180676540285646
50.52026389591397 43.735176892901364 55.19577301195032
50.52029347911366 43.735172121116335 55.1957673561793
50.52032291833467 43.7351673722831 55.19576172573165
50.57580395334581 43.72812694860614 55.18067702554458
50.52034164786827 43.73516435117344 55.19575814477068
50.52025818277542 43.735177830386675 55.19577423337366
50.520288265670324 43.73517297774422 55.19576847999437
50.520318993238746 43.735168017337884 55.19576257277659
50.52031155054111 43.73516922184132 55.19576402801357
50.520221862759655 43.735183704917176 55.19578130741385
50.52025252381987 43.73517875912351 55.19577544436746
50.52028272959075 43.73517388675666 55.195769668270316
50.520283215098246 43.735173808467636 55.195769575641066
50.52018455342464 43.735189739070265 55.195788570957376
50.52021569596319 43.735184715868094 55.19578261791935
50.52024654676205 43.73517973951802 55.19577671899131
50.52028257414189 43.735173912215906 55.1957697011089
50.520254634135355 43.73517843502468 55.195775172865105
50.52017778349209 43.73519084770102 55.19578999995933
50.520209380871535 43.73518575092952 55.195783958317996
50.520244147967986 43.73518013283655 55.1957772293527
50.52022810057197 43.735182731462956 55.195780379698405
50.52013872104922 43.73519716518236 55.19579760312739
50.52017100451316 43.735191957854916 55.19579143120851
50.52020286857962 43.73518681805557 55.19578533849171
50.52020417588011 43.73518660719507 55.1957850886221
50.5201313822008 43.73519836594928 55.19579914388956
50.52016410036625 43.73519308834039 55.195792887536726
50.52020237852031 43.7351868983176 55.1957854420219
50.52017921020658 43.73519065120577 55.19578999954014
50.52009050204002 43.73520497708529 55.195807098263316
50.52012394486077 43.73519958273661 55.195800704563794
50.520157330039495 43.73519419635119 55.195794311079254
50.520155375995685 43.73519451291685 55.195794695810086
50.52008237425483 43.73520630569977 55.19580879464668
50.52011634422453 43.73520082606625 55.19580229809735
50.520134285699356 43.73519793208445 55.19579886790876
50.52007413385861 43.73520765261732 55.19581051368347
50.52010862477623 43.735202088712974 55.19580391558166
50.520114360275954 43.735201163552055 55.19580281888068
50.520030356515065 43.7352147323292 55.19581903213896
50.52006580794728 43.73520901343749 55.195812249951736
50.52010534852867 43.73520262443294 55.19580460072237
50.520091864845256 43.73520481011818 55.19580726568558
50.520021279221865 43.73521621484627 55.195820916095315
50.52005730674898 43.73521040274068 55.19581402142515
50.52007169256733 43.73520808204211 55.195811269022045
50.43937719790944 43.7528698160865 55.2101830919659
50.520012083441486 43.73521771660907 55.1958228237867
50.520048614351936 43.73521182310533 55.1958158312419
50.52005090944445 43.735211452863844 55.19581539212253
50.43937398465984 43.752870555542984 55.21018412912941
50.48870390531796 43.74551282482616 55.205610949033286
50.520047027717595 43.735212082320785 55.19581616122137
50.52002882647905 43.73521503379145 55.19581976729687
50.43937075208663 43.75287129872523 55.21018517260386
50.48869211367735 43.745515012507724 55.20561317529501
50.48871134732964 43.7455114742806 55.20560953430237
50.43936749694633 43.75287204634419 55.210186223439834
50.48868017264729 43.74551722838676 55.20561542960691
50.48868802617825 43.74551578358367 55.20561394292918
50.439355747745246 43.752874619369315 55.21019002918613
50.439364164156125 43.752872815234554 55.210187298991535
50.488672918018814 43.74551857680252 55.20561679848553
50.439371465090304 43.752871254578146 55.21018493019942
50.43935223754524 43.75287542696869 55.21019116221821
50.43936080532651 43.75287358938429 55.210188383023144
50.439366294385366 43.75287241733835 55.210186601961844
50.43934866109475 43.75287625215415 55.210192316395194
50.43935736462265 43.75287438625867 55.210189493084826
50.43936096407751 43.752873618425525 55.210188325077056
50.43934502115474 43.752877094088014 55.210193490846535
50.439353847097195 43.75287520455207 55.21019062756032
50.439355564512994 43.752874837951296 55.21019007029104
50.43933222256278 43.75287990140156 55.21019763604892
50.43934130039199 43.75287795878384 55.21019469096001
50.43935086323752 43.75287590131626 55.21019158964964
50.43934990848529 43.75287611750077 55.210191898182764
50.439328287663 43.75288081461524 55.21019890535875
50.43933755544041 43.75287882671766 55.210195899119185
50.439344920276454 43.75287725241752 55.210193509592415
50.4393243065263 43.75288173777422 55.21020018966386
50.43933373897676 43.7528797140949 55.210197130055455
50.43933988413397 43.752878401352184 55.21019513616854
50.373858097211794 43.76974668050471 55.22209801269433
50.43932986116798 43.75288061729616 55.210198380617996
50.43933531873682 43.752879449483544 55.21019661002908
50.373857248572804 43.76974685860151 55.222098057864315
50.43932593397703 43.75288153158157 55.2101996471486
50.439330749988024 43.75288050197808 55.21019808460417
50.37385637860958 43.76974704270018 55.22209810338277
50.43932194281434 43.75288246202582 55.21020093418089
50.439326612535474 43.75288146263592 55.21019941920841
50.37385546829057 43.769747239416205 55.22209814891208
50.439317868636635 43.75288341630181 55.2102022475251
50.439322236941834 43.752882479932545 55.21020083049142
50.373854489480394 43.76974745867777 55.22209819387687
50.373861843912785 43.76974577358737 55.22209787541755
50.43931793020904 43.75288348595962 55.2102022190797
50.37384586635418 43.76974943646121 55.22209856624109
50.3738534771374 43.76974768826023 55.22209823893478
50.37386093666369 43.76974597971841 55.222097915601026
50.3738635016105 43.769745398352086 55.22209780127373
50.35047698397165 43.88421897512792 55.311507026068
50.35048597288258 43.884199698806604 55.31149256074545
50.350494877740395 43.884180610537825 55.31147823434876
50.350496406788565 43.88417749326977 55.311475849664994
50.35041843741041 43.88435231196684 55.311604897319825
50.35042816337372 43.88433137092683 55.311589206396995
50.35043760136688 43.88431108555089 55.31157399678737
50.350439189075516 43.884307754868885 55.31157147656699
50.350358431656566 43.8844889800597 55.31170521164189
50.350369137327505 43.884465818192794 55.31168788784565
50.35037935148989 43.884443779179385 55.31167138732364
50.35038092401153 43.88444045219774 55.31166887798932
50.291831798290005 44.00353485087199 55.39642439938042
50.291839764650746 44.00351541890048 55.39641101837736
50.35031993339908 43.88457914181139 55.31177073471223
50.350321526305734 43.88457576691925 55.31176819060359
50.29177495058873 44.00367389687692 55.396520629360616
50.29178353945702 44.003652943082024 55.396506196146106
50.29179255067979 44.00363095348603 55.396491042607465
50.29179381204706 44.003627876203026 55.39648892294743
50.291716440847615 44.0038170061725 55.39661966895971
50.291726263697555 44.00379303697218 55.39660315245329
50.291736026073146 44.00376921120986 55.39658672955393
50.2917381109108 44.00376412320979 55.396583222681784
50.29165691799287 44.00396259384533 55.39672042423593
50.29166741306314 44.003936981309636 55.39670277152715
50.2916782364243 44.00391056260585 55.39668455685978
50.29168129474003 44.00390309754394 55.39667940995236
50.239970275026025 44.12922046712244 55.47933357890041
50.239970278293 44.12922047590054 55.47933360525313
50.2399702799765 44.129220483560694 55.47933362313617
50.23997027937676 44.12922048783348 55.47933362637116
50.2399703481598 44.12922053641384 55.47933399430073
50.2399703503757 44.12922054538144 55.47933401630959
50.23997035183428 44.12922055197347 55.4793340317421
50.23997035053055 44.1292205572716 55.479334033300105
50.239970421738235 44.12922060853644 55.479334415532946
50.23997042338397 44.12922061684513 55.47933443414032
50.239970423978434 44.12922062322375 55.47933444549511
50.23997042203999 44.12922062886695 55.47933444474637
50.239970496949546 44.12922069076448 55.47933485778118
50.23997049706076 44.12922069634092 55.479334865918716
50.2399704940121 44.129220702446936 55.47933486094198
50.23997057091139 44.12922076727814 55.4793352867169
50.23997057062969 44.12922077190652 55.47933529183268
50.23997056705383 44.12922077727594 55.47933528353623
50.23997055115875 44.129220761309334 55.479335192008236
50.23997056675772 44.12922077759751 55.47933528268036
50.23997064546753 44.12922084609208 55.479335721411545
50.23997064449834 44.12922085005071 55.479335722597234
50.23997064061679 44.12922085418925 55.47933571127307
50.239970639180854 44.129220855372296 55.47933570660642
50.23997072045592 44.129220927342686 55.479336161342395
50.23997071845553 44.1292209308771 55.479336157429316
50.23997071440678 44.129220933659305 55.47933614351198
50.23997071163464 44.12922093535507 55.479336133695966
50.23997079435368 44.129221012293776 55.47933660157288
50.23997079225739 44.12922101446729 55.47933659537258
50.239970787969334 44.129221015973144 55.4793365786561
50.23997078386594 44.12922101778897 55.479336563173675
50.23997086835722 44.12922109961687 55.47933704552085
50.23997086586618 44.12922110069222 55.47933703608491
50.23997086030174 44.12922110171317 55.479337013112314
50.239970855677285 44.12922110289494 55.47933699447775
50.23997094187365 44.129221189658224 55.47933749106443
50.23997093874883 44.12922118978123 55.479337477545926
50.23997093309259 44.12922118936588 55.47933745220078
50.23997092729503 44.12922119026686 55.47933742804257
50.23997101524785 44.129221282017774 55.47933793916537
50.23997101148666 44.12922128114437 55.47933792149243
50.23997100526117 44.129221279622534 55.4793378921359
50.23997099871033 44.12922127975245 55.47933786362029
50.23997108878695 44.12922137643745 55.47933839081486
50.23997108424157 44.129221374610346 55.47933836839867
50.23997107800922 44.129221371645244 55.479338337032054
50.2399710700876 44.129221370834124 55.479338301221205
50.23997116156004 44.12922147337777 55.47933884256727
50.239971156939404 44.129221470181236 55.47933881794269
50.239971150618274 44.12922146585442 55.47933878431907
50.23997114112849 44.129221463699324 55.479338739795566
50.23997123445223 44.1292215722783 55.47933929753057
50.239971229349905 44.129221567921206 55.47933926920395
50.23997122299782 44.12922156223403 55.47933923357843
50.23997121196853 44.129221557643575 55.47933917897052
50.23997130678076 44.129221673411685 55.47933975308825
50.23997130137438 44.129221667803805 55.47933972171383
50.23997129519881 44.12922166070719 55.47933968492785
50.239971283877225 44.12922165385431 55.47933962593574
50.2399712412669 44.12922159719757 55.47933936156703
50.23997128211472 44.12922165315358 55.47933961725438
50.23997137824617 44.1292217767816 55.47934020793362
50.23997137289699 44.12922176980078 55.479340174926186
50.23997136630287 44.129221761537536 55.47934013470631
50.23997135555766 44.129221753011265 55.47934007594317
50.23997135115033 44.129221750884795 55.47934005372095
50.23997144833476 44.12922188240587 55.47934065984104
50.23997144258716 44.12922187421136 55.4793406234234
50.23997143576708 44.129221864711276 55.47934058051699
50.23997142554563 44.129221854616915 55.479340521896695
50.23997141899122 44.129221850823384 55.479340487982824
50.239971517388724 44.12922199002137 55.4793411099484
50.2399715114305 44.12922198055752 55.479341070866774
50.23997150479181 44.129221969732335 55.47934102693699
50.23997149285685 44.12922195866314 55.4793409594738
50.239971485359234 44.12922195373666 55.47934091987425
50.23997158448727 44.12922209968329 55.47934155429827
50.2399715787528 44.1292220888762 55.47934151435392
50.23997157141781 44.12922207692734 55.47934146583259
50.23997155975387 44.12922206439305 55.47934139754658
50.23997155062061 44.12922205768136 55.479341348333456
50.23997164939414 44.129222211199966 55.47934199159276
50.23997164394844 44.12922219908637 55.47934195112079
50.23997163669887 44.129222185868514 55.47934190123273
50.23997162500426 44.129222171965736 55.479341830934885
50.2399716144086 44.12922216346557 55.47934177286264
50.239971712235004 44.12922232463188 55.47934242246528
50.23997170756061 44.12922231121487 55.47934238358366
50.23997170085435 44.12922229671396 55.47934233431508
50.2399716897816 44.129222281402434 55.47934226480848
50.239971676941764 44.12922226991893 55.47934219281339
50.23997177266534 44.129222439194514 55.47934284433059
50.239971769068234 44.12922242455197 55.47934280848634
50.23997176320296 44.12922240882464 55.4793427612189
50.23997175265701 44.1292223921908 55.47934269220562
50.239971737560126 44.12922237716736 55.47934260546785
50.23997183195436 44.12922256958433 55.479343282910165
50.23997182998501 44.12922255498377 55.4793432542534
50.239971827807715 44.129222539226504 55.479343223098894
50.23997182311166 44.12922252236149 55.479343179392
50.23997181425943 44.12922250445724 55.47934311605462
50.23997179835823 44.129222485632475 55.47934302057871
50.2399717719761 44.129222439049755 55.47934284111298
50.23997179631679 44.12922248387891 55.47934300923107
50.23997188327513 44.12922268730475 55.479343669206244
50.239971884168995 44.1292226717198 55.4793436517403
50.23997188354341 44.12922265498955 55.47934362604769
50.239971879685925 44.12922263709321 55.479343584598965
50.23997187134823 44.12922261805001 55.47934352195287
50.2399718549091 44.12922259785518 55.47934342224109
50.23997185278629 44.129222595805516 55.479343410130824
50.23997193032494 44.12922282094791 55.47934405863927
50.239971931702655 44.129222805479856 55.47934404345307
50.23997193473461 44.12922278910753 55.4793440342722
50.23997193533408 44.12922277152558 55.47934401277708
50.239971931954514 44.12922275266415 55.47934397209772
50.239971923088014 44.129222732486454 55.47934390557889
50.23997190796893 44.1292227110315 55.47934380992035
50.23997190707614 44.129222710564754 55.47934380536947
50.2399719709 44.12922293976616 55.47934439937336
50.23997197589071 44.12922292375089 55.479344399262004
50.239971979792195 44.129222906636215 55.47934439287134
50.23997198147602 44.12922288831144 55.479344375106734
50.23997197770494 44.12922286846279 55.47934433135811
50.23997196882091 44.12922284720423 55.479344263279664
50.2399719103347 44.12922271797326 55.479343829806346
50.23997195872958 44.12922283266546 55.47934419913199
50.23997200088204 44.12922307378318 55.47934471455955
50.239972007753124 44.129223058119905 55.47934472316746
50.23997201462643 44.12922304159015 55.479344730596324
50.23997201946657 44.12922302383916 55.47934472744417
50.23997202038458 44.12922300460923 55.4793447050834
50.23997201601553 44.12922298375747 55.47934465733937
50.23997200178691 44.12922294972316 55.47934454832354
50.23997200636986 44.1292229631549 55.47934458682481
50.23997201980136 44.12922320630675 55.47934497924023
50.239972031195634 44.12922319165766 55.47934500905189
50.23997204048468 44.12922317568583 55.47934502782758
50.23997204811269 44.129223158587614 55.47934503778227
50.23997205173369 44.1292231398878 55.47934502798836
50.23997205214117 44.1292231197852 55.479345002194165
50.23997204035193 44.12922307774637 55.47934489288169
50.23997204684703 44.12922310226694 55.479344954971445
50.23997201497009 44.12922334986753 55.479345155031375
50.23997202986718 44.12922333697291 55.47934520259295
50.23997204447461 44.129223323219755 55.47934524770784
50.23997205762359 44.12922330832256 55.47934528486498
50.23997206744524 44.129223291800116 55.47934530521812
50.23997207310376 44.12922327358683 55.47934530501641
50.239972074987605 44.12922325377788 55.47934528609183
50.23997206375596 44.12922318070949 55.479345136651816
50.23997207449797 44.12922324888162 55.47934527722988
50.23997201760894 44.129223478440665 55.47934534298116
50.239972033589666 44.129223465870126 55.4793453957338
50.239972050719594 44.129223452933616 55.47934545301809
50.23997206585953 44.12922343871561 55.479345499827794
50.239972078058585 44.12922342296617 55.47934553165487
50.239972085372244 44.12922340513237 55.47934553922353
50.239972082619815 44.12922334744384 55.47934544802378
50.23997208619435 44.129223395825406 55.47934553005615
50.23997207662367 44.12922326774232 55.47934531241606
50.23997203458795 44.12922359389817 55.47934557574976
50.23997205281755 44.129223581349585 55.479345638383066
50.239972068985864 44.129223567503516 55.47934569020745
50.23997208187751 44.129223551986236 55.47934572538671
50.239972087256575 44.129223523996096 55.47934571054796
50.239972087431134 44.12922353596479 55.47934572773255
50.23997208781722 44.12922343740375 55.479345594206485
50.23997203484021 44.129223721951504 55.47934575253281
50.239972052984456 44.12922370925868 55.47934581459427
50.23997207049871 44.12922369581194 55.479345872862
50.23997208337239 44.129223680156315 55.47934590777277
50.239972088812976 44.129223633537386 55.479345867646344
50.23997208907403 44.12922366731623 55.47934591513144
50.239972053708904 44.12922383793668 55.47934599430248
50.23997207166519 44.12922382443777 55.47934605443485
50.23997208511868 44.12922380869949 55.47934609177187
50.23997209081389 44.12922376675098 55.47934605916823
50.23997209162289 44.12922379337357 55.479346099235556
50.239972060798294 44.12922397058081 55.4793462073315
50.239972074992 44.12922395494794 55.479346248055364
50.23997209099899 44.129223939836436 55.47934629743716
50.239972101124664 44.129223921839895 55.479346317099676
50.23997210195818 44.12922391453002 55.479346310722065
50.23997209833257 44.12922407326779 55.47934651261572
50.239972111070564 44.12922405576084 55.47934654439231
50.23997211652231 44.12922403463966 55.47934653929546
50.239972116404815 44.12922403283092 55.47934653629938
50.23997212785365 44.129224195424044 55.479346809510915
50.239972135986335 44.12922417456584 55.47934681651783
50.23997213537882 44.12922414927381 55.47934677915836
50.23997213486726 44.12922414864866 55.47934677605991
50.23997216491587 44.129224322973315 55.479347146836304
50.23997216705119 44.12922429762563 55.47934712141459
50.23997216382368 44.1292242695456 55.47934706875421
50.239972160130066 44.12922426149926 55.4793470415366
50.23997221253906 44.12922443047434 55.479347502916156
50.239972202246015 44.12922439678216 55.4793474116081
50.23997218703258 44.12922437170705 55.47934731056979
50.23997226208817 44.12922453896251 55.47934786878616
50.23997222931493 44.12922449047808 55.47934765871733
50.239972208070384 44.129224442115536 55.47934749931332
50.23997221828299 44.12922447782685 55.47934759303912
50.23997232080196 44.129224653347826 55.47934828288942
50.23997225158517 44.129224580480304 55.47934787974002
50.23997224954606 44.12922457741345 55.47934786660083
50.23997225006969 44.12922457911236 55.4793478712253
50.239972278465224 44.12922467508686 55.479348127271216
50.239972280527965 44.12922468186609 55.47934814560694
50.23997234037351 44.12922478779622 55.479348553067716
50.23997230388639 44.129224756220744 55.47934834992903
50.23997230541023 44.12922476230737 55.479348364953964
50.23997232030361 44.12922482454265 55.47934851557093
50.23997232377525 44.12922484204138 55.47934855478407
50.23997232995728 44.129224886426584 55.4793486427551
50.23997233237584 44.129224914281295 55.479348691563004
50.239972333098486 44.12922494111944 55.47934873154793
50.239972388252 44.12922501055837 55.47934906839403
50.23997233115978 44.12922497829602 55.479348774059076
50.23997232977476 44.12922498981608 55.47934878379699
50.239972322102616 44.12922502359994 55.47934879654017
50.23997232021036 44.12922502925291 55.479348796007216
50.28686939830966 44.30698066178636 55.487148710310365
50.286945884279525 44.3072670208032 55.48715532278024
50.286934297912154 44.30722387201083 55.487154129382496
50.286982906317256 44.30740603612074 55.48715818407481
50.33902790399847 44.47209387336929 55.487017779825734
50.33903024998281 44.4721022017544 55.48701766155842
50.33915172179077 44.47253318118325 55.48701147138054
50.33919288913704 44.47267927814812 55.48700938298844
50.33928091076318 44.4729916135693 55.48700490703124
50.47036075384654 44.64043900012551 55.47221238370095
50.47030593809582 44.64044102674153 55.47222049210349
50.470352179519324 44.64043956209339 55.472213808364124
50.47045795625583 44.64043599300696 55.47219837979412
50.47040678513986 44.64043786057717 55.47220593357078
50.47044729894178 44.64043660509596 55.47220009541326
50.47049867635548 44.6404350407401 55.472192709505606
50.47054188612538 44.64043377120853 55.472186527204165
50.534936602674435 44.66575333324114 55.46422630979529
52.505387979360364 45.19588572949111 54.80383430279795
52.50538803065743 45.195885601186006 54.80383424984548
52.50538784461145 45.19588602819161 54.80383442618441
52.53161045336428 45.213413194509215 54.79059879525458
52.53161109060335 45.213414989990625 54.790598660489636
50.5349904340333 44.66575772371043 55.46421534660264
50.53500827482844 44.665759199946955 55.46421171096795
52.5053854298295 45.19589161459286 54.80383673304141
52.50538567449604 45.195891001097664 54.80383647985176
52.505384744265214 45.19589313260244 54.8038373601025
52.505386299500486 45.19588968634647 54.80383593652765
52.50538685337236 45.19588830134489 54.803835364926094
50.56027667785696 44.70817528213708 55.465044093879314
50.56026551607516 44.70817251158142 55.46504597378592
52.46210971744363 45.22138448428545 54.8384836350525
52.4621105568379 45.22138367046569 54.83848292145663
52.404084657339986 45.22917770687699 54.87684827474739
52.50538270260613 45.1958979014325 54.803839329208245
52.50538319953346 45.195896663615684 54.80383881833723
52.505383620657135 45.19589586705951 54.803838488852335
52.505384403455125 45.195893913435135 54.803837682564435
50.56027658438293 44.70817989366162 55.46504433536434
50.57957045100028 44.73992106793644 55.466942535761845
52.40402662695446 45.22921151531197 54.87689064909153
52.40402602597812 45.22920988561582 54.876890637466246
52.404011499007254 45.229218053972055 54.87690117807007
52.4040528315447 45.22920021470854 54.87687241665796
52.40405084529999 45.229196258503265 54.876872703597506
52.40407845490574 45.229189187052405 54.876854593700386
52.40407481285037 45.22918332779912 54.87685543724399
52.46210498788811 45.22138902585294 54.83848763133541
50.67382781510962 44.79761640116331 55.452740350097486
50.67384606678091 44.79768335382079 55.45274269031197
52.40394803009884 45.229254867612546 54.87694748652703
52.40394782415432 45.22925269535988 54.87694711536359
52.35387337288354 45.255536300984346 54.90945546779436
52.40397497585115 45.22924328194428 54.87692874627609
52.403974122332684 45.22923873016589 54.87692822072988
52.404001968272446 45.22923162302893 54.8769099614676
52.40400024408718 45.229224376830786 54.87690934322363
52.40402902831445 45.22921988272796 54.87689111772799
50.67387554952063 44.79779144821516 55.452746469766936
50.67387997295352 44.79780765700983 55.45274703668914
50.7764631428646 44.91078452208506 55.43839312596168
50.77646692367759 44.910779697096146 55.43839230088932
50.776456633010895 44.91079104246305 55.438394796148295
50.776492231361345 44.91075568351339 55.43838562147106
50.77649825582962 44.91074797470846 55.43838430963865
50.77650728697529 44.910740939243084 55.43838171188872
52.353872332182775 45.255544026000535 54.90945867741753
52.35387218218236 45.25554264050594 54.9094584549573
52.353872001524 45.255543717745844 54.90945893981382
52.35387298867885 45.255544639160135 54.909458156764984
52.35387256056883 45.25554073253974 54.90945753491698
52.35387363818853 45.2555452443065 54.909457641245226
52.35387295411769 45.25553907661996 54.90945666806729
52.353874280863465 45.25554581723063 54.909457124062385
52.35387329211596 45.25553696419065 54.909455734346324
52.403948201638826 45.22926486753674 54.87694965926104
50.67391323099057 44.79792971926926 55.452751301868204
50.77640153591437 44.91085447113187 55.43840778112443
50.77641271728783 44.91084023385535 55.438405336568096
50.77639277300297 44.91086333518845 55.43841001721723
50.77643329452276 44.910822571333036 55.4383996455907
50.77646325171925 44.91079272330116 55.438391937682155
50.7764912774266 44.91076503716795 55.438384693586116
50.776514920502464 44.910734678362346 55.438379560024856
50.77651720831207 44.91073966602657 55.438377956674316
50.77652586271772 44.910728491975924 55.438376086137296
50.77653004258743 44.910727223417 55.43837460629105
51.16508583812639 45.0323669006081 55.30733286205849
51.16508583733763 45.0323669004098 55.30733286203737
51.165085834559704 45.032366899933216 55.30733286201993
51.16508588339305 45.032366909141075 55.30733286253954
51.19962168601218 44.89179987237269 55.289980868448154
51.19962971827075 44.89176482294805 55.289976545087725
51.19963854305287 44.891726311695265 55.28997179498311
51.31120003694973 44.776712135344454 55.244992294115576
51.31120756396162 44.77667724958369 55.24498815903528
51.62035763027441 44.674547657887985 55.14078653395015
51.6203559402269 44.674547828446094 55.14078699572859
51.62042624631669 44.67453405224771 55.14076966249524
51.62042389606269 44.67453437032391 55.140770281941215
51.730485396283484 44.74285274613514 55.11748371186907
51.73046559415102 44.74283831169662 55.11748824553427
51.83869648295584 44.7287242591721 55.08878447509967
51.83869413542183 44.728719175221556 55.088784885480834
51.83870266179053 44.72873607335563 55.08878326980616
52.35387073864912 45.255551868211896 54.90946249916223
52.35387058495898 45.25555039137481 54.909462255531665
52.289543922391296 45.221764937547036 54.93674316160701
52.353871424579566 45.25555251123069 54.90946195581506
52.35387100488502 45.2555485219296 54.90946130247144
52.35387210448448 45.25555313164254 54.909461412591796
52.353871413769085 45.255546632465055 54.90946035550742
52.35387277769891 45.255553751276906 54.90946087617458
52.35387181964628 45.25554480665535 54.909459429148825
52.35387344391266 45.255554334391434 54.909460337090145
52.35387410407132 45.25555486341994 54.90945978953073
50.70555733034415 44.919761931254186 55.45131945528741
50.705569074003776 44.91978971712597 55.45131824155416
50.77637043276455 44.91089407340332 55.438414581334285
50.776343959701855 44.910920926011386 55.43842132631896
50.77640260550784 44.91086169325655 55.43840634870072
50.77643328996389 44.910830996570255 55.438398470990464
50.77646258024874 44.910801845357724 55.438390930161226
50.776490179100335 44.91077455340737 55.43838380023895
50.92046267378868 44.92149953057202 55.39342608894093
50.77653507395288 44.91072435603198 55.43837301213942
50.92066940435286 44.92156780104855 55.393355336425444
50.92063583907975 44.921546744112234 55.39336731851509
50.92087225469462 44.921634942295306 55.39328590435059
50.920857119987 44.9216261275491 55.393291273402596
51.06950919227331 44.95676680754448 55.34305071840389
51.06950492883962 44.95676348854413 55.3430522735551
51.069627812120615 44.95685914399369 55.3430074499331
51.069617994242996 44.9568515010075 55.34301103115145
51.06974642234411 44.95695147290758 55.34296418497204
51.069724614142444 44.95693449581774 55.342972139842516
51.06986645328632 44.95704490768253 55.34292040178039
51.06982544898966 44.95701298714423 55.34293535871896
51.06998860140908 44.95713999045969 55.34287584631258
51.0699205328503 44.95708700151497 55.342900675354976
51.16456455858008 45.03605507330806 55.30794921082464
51.07001361997262 44.957159461613465 55.34286672033352
51.16456465362718 45.03605496237062 55.3079491906879
51.857959624132725 44.814753737644466 55.08560933730532
51.8579838815068 44.814802156857176 55.08560409545961
51.858036850832605 44.81490947620554 55.08559252382335
51.85800706125657 44.81484837055383 55.08559909077992
51.858054466740064 44.81494429250364 55.08558874444972
51.858028236721154 44.814890456145406 55.08559452926175
51.90456494055765 44.91864897234932 55.07321352639133
51.85804861080261 44.81493091378067 55.0855901431523
51.90456594320936 44.91864985364055 55.07321331021628
51.90456549103439 44.918648802923705 55.07321351571907
51.904566917627044 44.918650733636966 55.073213096239506
51.9045665522506 44.91864987885411 55.07321326324667
51.90456786449158 44.91865160894243 55.073212884974645
51.90456760287848 44.91865098931272 55.07321300580946
51.90456877184553 44.91865248606302 55.0732126761863
51.90456866664803 44.91865224106228 55.07321272408764
51.90456920508555 44.91865292759305 55.07321257273734
52.289452053115596 45.2217182422395 54.93677621945614
52.28944940689916 45.22171546369185 54.93677686457884
52.28943466070554 45.221707532595985 54.93678207741054
52.289478686082134 45.2217346414153 54.93676724907771
52.28947206507098 45.221727744116116 54.93676887495977
52.28950497370967 45.22175080526536 54.93675839015533
52.289493956252855 45.221739417695396 54.936761114847016
52.289530860812036 45.22176670622485 54.9367496626509
52.28951492006736 45.221750286894924 54.93675361709748
52.353871183392606 45.255562218656806 54.9094648701183
52.28953520227272 45.22176066788737 54.93674633424871
52.35387188004667 45.255562827548154 54.90946430616472
52.35387257031492 45.255563399616115 54.90946373881563
50.70558684103226 44.919831415155436 55.45131650189116
50.70558360523859 44.919824137910915 55.45131672849628
50.70558750936377 44.91983339249917 55.45131632007018
50.77630478129669 44.91096889906611 55.43843015889792
50.7763230738794 44.9109455896022 55.43842616207367
50.776296192200746 44.910977662152966 55.43843234018551
50.7763387869673 44.91093439864933 55.4384214957109
50.77637147980178 44.910901413333534 55.438413141403174
50.776403031243845 44.91086971092716 55.43840506043211
50.776433512824255 44.91083918769637 55.438397238925916
50.77646269485816 44.91081008506041 55.43838973422656
50.920547794965955 44.92155673681943 55.39339551374091
50.9207635779769 44.9216267030742 55.3933217272257
51.06949646490052 44.95675690668128 55.34305536101624
51.06962048412073 44.956853446061245 55.34301012303747
51.06974535910555 44.956950651545895 55.34296457290434
51.90457065022525 44.91865575299489 55.07321200402629
51.904569739333326 44.91865361731545 55.073212421153784
51.904571507915435 44.91865659804453 55.07321180403072
51.904570757860085 44.91865484250119 55.07321214700349
51.90457237191007 44.918657419315515 55.07321160752369
51.90457172245382 44.9186559186441 55.07321190128617
51.90457321114161 44.918658229697506 55.07321141455728
51.90457265589257 44.91865694744552 55.073211665585745
51.904574054685526 44.91865902277729 55.073211224148565
51.9045735342886 44.91865782449106 55.07321145884485
51.90457489015224 44.91865980402622 55.0732110362636
51.90457437058236 44.91865860772794 55.073211270573076
51.90457570764562 44.91866057602959 55.07321085117038
51.90457518418904 44.91865938328323 55.07321108516573
51.90457649744417 44.918661339651734 55.07321066940921
51.90457597492279 44.918660150549286 55.07321090273634
51.90457726790821 44.918662093460554 55.07321049062931
51.90457674265511 44.918660908961485 55.0732107233873
52.00166574854267 45.00191816207268 55.03949053042116
51.90457748731234 44.9186616579979 55.07321054721007
52.08723358300451 45.07012021896272 55.009167727135285
52.08719176327632 45.070078603286035 55.00918395104226
52.087299307635604 45.07018560779125 55.0091422329528
52.08725551350524 45.07014202744837 55.009159222802076
52.087363559283666 45.0702495313965 55.0091173100757
52.08731855177139 45.070204743750054 55.009134770617266
52.185161384938226 45.208879954050246 54.97827802325709
52.08737917065338 45.07026505266667 55.009111256983005
52.24619303592229 45.2642148655057 54.96236501495746
52.232968602456594 45.21095237444423 54.96010462229018
52.24621843127327 45.26423210924037 54.96235739856145
52.232996571078 45.21097823251581 54.96009725435377
52.246243294913626 45.264249013274615 54.96234994432531
52.23302371899162 45.21100333185328 54.960090102614856
52.24626790550229 45.264265698633 54.96234256006971
52.24624629373503 45.26423987341656 54.96234763443237
52.300840923244415 45.27551981035136 54.93917506088147
52.300858216027706 45.27551281979372 54.939166892600596
52.300875430003174 45.27550581545785 54.939158752144195
50.70560596478584 44.91987717180737 55.451314380437594
50.77627266228569 44.911009857171166 55.438437172499306
50.77625099636266 44.911031978447696 55.43844267248039
50.7763069672543 44.910975016001 55.43842843824437
50.77634024915001 44.91094135013212 55.438419945447365
50.776372757013434 44.91090854998631 55.438411638610305
50.7764045170743 44.91087657140854 55.43840351350064
50.77643551937438 44.91084541506801 55.43839557397248
50.70562196102554 44.91991464813712 55.45131283288709
50.705609048987164 44.919884494120886 55.451314054562914
50.73030678508084 44.978262929501575 55.44698588305178
50.776205116777774 44.911087060489635 55.43845316890405
50.77621213780513 44.911078081639474 55.43845163935322
50.77620088783417 44.91109138509662 55.438454241491094
50.77624050941755 44.91105094629553 55.43844418122819
50.776275139437935 44.91101573824453 55.4384353693442
50.77630919387185 44.91098119327915 55.438426693046836
50.730308574697005 44.97827264126385 55.4469837574597
50.73030769266208 44.9782678233351 55.4469848086125
50.73030892839681 44.97827447622935 55.44698334685869
50.776173016478054 44.91112816737058 55.43846015431453
50.77614565185299 44.91115612613346 55.43846709827891
50.77620844712003 44.911092031833626 55.438451154554
50.77624373700928 44.91105608843494 55.43844218376227
50.73031022083302 44.978281625737914 55.446981796509434
50.73031080307473 44.97828463178524 55.44698112223938
50.73030991149707 44.97827976707522 55.44698218416349
50.730311186635774 44.97828660875436 55.4469806784258
50.77610527077635 44.91120578434645 55.438476172321025
50.77612834162581 44.911176178971495 55.4384711603996
50.77607871636178 44.91123289958496 55.43848291288418
50.77614082822879 44.911169488486266 55.438467144676366
50.77617669063594 44.911132890925295 55.43845803826851
50.730312486220484 44.978293811858734 55.44697911792096
50.73031298688017 44.97829638181861 55.44697853980241
50.73031166597195 44.978289178948195 55.44698011259157
50.73031345940531 44.978298805032296 55.446977994432984
50.73031268348639 44.97829457533961 55.44697891815616
50.73031391313936 44.97830113012977 55.44697747094846
50.7303131148487 44.978296779663175 55.446978421172346
50.73031435764834 44.97830340668731 55.44697695824971
50.73031301554081 44.978296094079035 55.44697855562133
50.730314798797835 44.9783056650552 55.44697644953645
50.776108820772926 44.91121074423502 55.43847407249565
50.73031470006133 44.97830572147098 55.446976500194
50.730315157291344 44.97830805894484 55.44697597329903
50.73031560353524 44.97831034095952 55.446975458984824
50.73031604615097 44.97831260513273 55.446974948772095
50.73031649059328 44.97831487941032 55.446974436368265
50.57585789495379 43.72811842402032 55.180672191520614
50.575866348482606 43.728117087095285 55.180671434284235
50.57587459962768 43.72811578315476 55.18067069484476
50.575873999625244 43.72811587795521 55.1806707486213
50.575832000125075 43.72812251697159 55.180674511870976
50.57584071971457 43.72812113853029 55.180673730611296
50.575849389078556 43.72811976775348 55.18067295394523
50.57585798229546 43.72811840899547 55.18067218410826
50.57586636903582 43.72811708379825 55.18067143245893
50.57586163532676 43.72811783177649 55.18067185671063
50.57582289135664 43.728123955889075 55.18067532835598
50.575831798736544 43.72812254775581 55.18067453027231
50.575840622234566 43.728121152868155 55.18067373970937
50.575849332316366 43.72811977616615 55.180672959221354
50.57585795153055 43.72811841401773 55.18067218681084
50.575850239165916 43.72811963292237 55.18067287792984
50.57581345763944 43.728125446637456 55.18067617379924
50.57582259477467 43.72812400183173 55.180675355249235
50.57583161749115 43.72812257537817 55.18067454686123
50.575840433695404 43.72812118274026 55.18067375657948
50.575839948175165 43.7281212594436 55.18067380009834
50.57584931371535 43.72811977918906 55.18067296086002
50.57580369405632 43.72812698994018 55.180677048659625
50.57581305211224 43.728125509989496 55.180676210390416
50.57582229448884 43.72812404859558 55.18067538239433
50.575831302424604 43.72812262576679 55.180674574893345
50.575830820705264 43.728122701902365 55.1806746180604
50.52031766943695 43.73516823484466 55.19576285806472
50.520347195659724 43.73516347168781 55.19575720863427
50.575812613991545 43.72812557901431 55.18067624972528
50.57582193411342 43.72812410565683 55.18067541465241
50.575823030071646 43.72812393262061 55.180675316382164
50.52031267292695 43.7351690565265 55.19576394077386
50.52034272407755 43.735164208434924 55.195758188852324
50.575812121684734 43.72812565735824 55.18067629365946
50.575821864500064 43.72812411689597 55.180675420810104
50.57581421658235 43.72812532646634 55.18067610586491
50.520277053931125 43.73517481844955 55.195770884576476
50.52030771402232 43.73516987217081 55.19576501652199
50.52033796309351 43.73516499215283 55.195759226747754
50.57581196176574 43.728125683133044 55.18067630782023
50.52034869270911 43.73516326123814 55.195757173640104
50.52024036704166 43.73518075282825 55.19577803419173
50.52027156778247 43.73517571946015 55.19577206372787
50.52030248934578 43.735170730959766 55.19576614531174
50.520335771289325 43.73516535249156 55.19575970083834
50.5203181867397 43.73516819861003 55.195763141403276
50.52023426745849 43.7351817532062 55.19577933402188
50.52026595363031 43.735176641309224 55.19577326890136
50.520298856037485 43.73517132762898 55.19576692588336
50.5202886711039 43.73517297648601 55.19576892181962
50.520196069795745 43.73518793167293 55.19578677570472
50.52022828756056 43.73518273419922 55.195780610325635
50.52025999897055 43.735177618381485 55.195774541595966
50.520261453144784 43.735177383799964 55.19577426340214
50.520156744440484 43.73519429218078 55.195794434145796
50.52018954562005 43.735189000783 55.195788158694185
50.520222121768185 43.73518374539232 55.195781923911554
50.52025954359595 43.73517769307234 55.19577463868522
50.52023668638505 43.735181395803636 55.195779136921956
50.52014957853709 43.73519546521353 55.1957959431554
50.52018286826913 43.73519009478875 55.195789572493716
50.520217021856155 43.73518458119123 55.195783005646504
50.520211359746995 43.73518549846972 55.19578412034479
50.520142441858596 43.7351966335485 55.19579744670885
50.52017622049425 43.735191184054614 55.19579098088788
50.52019138426711 43.73518873777147 55.195788078943366
50.52010056506799 43.73520340661533 55.19580560112573
50.52013524586209 43.73519781155855 55.19579896246982
50.520169453965195 43.73519229263755 55.195792413297035
50.52017258576663 43.73519178740052 55.19579181393901
50.52009268480806 43.73520469542425 55.19580725116151
50.52012797013397 43.735199002558744 55.195800494521755
50.520167709276976 43.73519257837987 55.195792781855545
50.52015272685355 43.7351950084696 55.195795754864406
50.520084694449025 43.73520600214032 55.19580892344555
50.52012056087401 43.73520021527509 55.19580205353885
50.52013525474699 43.73519784459475 55.1957992398737
50.52003970326538 43.735213278987075 55.195817684830445
50.520076636710854 43.735207319835844 55.19581060951131
50.52011294999851 43.7352014607423 55.195803652964955
50.520117436437346 43.73520073688306 55.19580279366522
50.52003089055127 43.73521471892275 55.19581951897604
50.520068370778915 43.735208671351586 55.19581233731075
50.52011000564548 43.73520194243466 55.19580427066289
50.52009771363049 43.73520393685108 55.195806715475875
50.48872638488461 43.74550872262888 55.20560668293922
50.520059986956085 43.73521004203895 55.19581408891008
50.52008025713382 43.73520677131121 55.1958102044066
50.488667854515036 43.74551951831616 55.2056177538039
50.48871497678662 43.7455108415164 55.20560883602939
50.52005137732404 43.735211449391656 55.19581588564107
50.52006138164281 43.735209835088064 55.19581396812305
50.439369198579556 43.75287179705789 55.2101856596409
50.48870339056523 43.74551299450465 55.205611022411034
50.520042630817144 43.73521287898732 55.195817709876025
50.5200430797579 43.735212806561364 55.19581762395285
50.439365905568074 43.75287256163696 55.210186721857795
50.48869158315064 43.74551519020096 55.205613250017805
50.488750000655074 43.74550441498236 55.20560220061322
50.488727343890204 43.7455086090953 55.20560648121302
50.439362566349956 43.75287333805789 55.21018779886553
50.48867949745565 43.745517440111584 55.20561552933411
50.488705680386715 43.74551262173249 55.2056105733857
50.4393502578821 43.7528760428972 55.21019178481221
50.43935916525071 43.75287413121629 55.21018889559181
50.48866713327766 43.74551974437195 55.20561786036677
50.488683798228365 43.74551667737377 55.205614706058086
50.439346660361906 43.752876880325715 55.21019294503394
50.43935572631986 43.75287493345531 55.21019000449096
50.488654558898816 43.745522089232644 55.20562023057114
50.488661957501456 43.745520727974764 55.20561883005887
50.439342994776496 43.752877736422626 55.21019412691832
50.43935222751134 43.752875751791265 55.210191132480276
50.48864444819456 43.74552397706123 55.20562213561804
50.48863952718983 43.745524890456664 55.20562306457201
50.43933930112992 43.7528785973856 55.210195318022954
50.43934868453641 43.75287658104615 55.21019227464833
50.439356315983275 43.752874946493726 55.21018979895299
50.43933553357574 43.75287947880574 55.21019653263062
50.43934508575735 43.752877424923454 55.21019343464663
50.4393519223612 43.75287596122725 55.21019121674146
50.43933172091822 43.75288037039119 55.21019776181849
50.43934144475277 43.752878278690176 55.21019460825676
50.43934810012911 43.75287685331128 55.21019244919408
50.43932784004754 43.75288128026426 55.21019901275921
50.4393377356206 43.752879151049235 55.21019580355892
50.43934407175665 43.752877794791026 55.21019374798402
50.4393238909435 43.75288220849048 55.210200285453055
50.43933396407925 43.752880040075375 55.21019701876966
50.43934042081456 43.75287865673637 55.21019492419933
50.439319867287736 43.7528831577231 55.21020158181683
50.439330124324364 43.752880947906924 55.210198255680396
50.43933670015433 43.752879538142736 55.210196122568675
50.35050005582822 43.884170059898125 55.3114701614492
50.35050805373241 43.88415303533054 55.31145735032703
50.35051166728543 43.88414562282099 55.31145169328343
50.35044484639705 43.88429582202427 55.311562466020426
50.35045381546291 43.88427659657208 55.311548036535996
50.350458833922914 43.884266043146916 55.311540058489165
50.35038761371742 43.88442621000932 55.31165816127737
50.35039852028068 43.884402568326145 55.31164049118574
50.35040556197346 43.88438753236693 55.3116291897546
50.35032903300382 43.88455967984044 55.311756115543446
50.35034187586152 43.88453162419722 55.31173520663551
50.35035110160669 43.88451175911609 55.31172032221623
50.291800022918345 44.00361271875345 55.3964784758261
50.291810831002394 44.003586332401085 55.39646027720701
50.2918197889082 44.003564461221465 55.3964451904571
50.35032851749839 43.8845633024272 55.31175812691487
50.2918205688386 44.0035625568927 55.39644387673718
50.29174466215272 44.00374813211678 55.39657219720531
50.29175610198905 44.003720201215316 55.39655293050329
50.29176658654835 44.00369459958388 55.39653526662256
50.29176850199528 44.003689922078124 55.3965320390063
50.29168757650558 44.003887762206276 55.396668834048896
50.29170005874462 44.003857283758094 55.39664780692215
50.291711975521494 44.00382818239462 55.39662772525093
50.291715757122844 44.003818946566014 55.39662135075231
50.23997027837737 44.129220492806446 55.47933362881611
50.23997027747736 44.12922049773352 55.47933363163343
50.291655093909 44.00396731461264 55.396724019029136
50.29166125623922 44.003952262928756 55.396713628716064
50.23997034932523 44.12922056087697 55.479334032966875
50.23997034731979 44.12922056593369 55.47933403112006
50.23997034433242 44.12922056941705 55.479334022813745
50.23997033935706 44.129220573957774 55.4793340072502
50.2399704210044 44.12922063108092 55.479334443247694
50.23997041806395 44.12922063588045 55.479334436952534
50.23997041439988 44.12922063879164 55.47933442489713
50.23997040778886 44.129220643365315 55.479334402214434
50.239970493282456 44.12922070354111 55.479334859247075
50.23997048934069 44.129220708035184 55.47933484814697
50.23997048525257 44.12922071001648 55.47933483295854
50.23997047737856 44.12922071372973 55.479334803563255
50.23997045200281 44.12922068863412 55.47933465798403
50.23997047660188 44.129220714106765 55.4793348006785
50.23997056120277 44.12922078231941 55.479335264826744
50.23997055611327 44.12922078395557 55.479335244778596
50.23997054823479 44.12922078605223 55.47933521314587
50.23997054540577 44.12922078709884 55.47933520219014
50.23997063349205 44.12922085887443 55.47933568649315
50.23997062755029 44.12922085990502 55.479335661881095
50.23997061913079 44.129220860962434 55.479335626452865
50.239970614200345 44.12922086225748 55.47933560663341
50.23997070581996 44.129220938003954 55.47933611186066
50.23997069866996 44.12922093865394 55.479336081434184
50.23997068950093 44.12922093882247 55.47933604150346
50.239970682914674 44.12922093982721 55.47933601403301
50.23997077783295 44.1292210198756 55.47933653961084
50.23997076973956 44.12922101979528 55.479336504050124
50.23997075980782 44.129221019030716 55.479336459498484
50.239970751534926 44.12922101969337 55.47933642417091
50.239970849957004 44.12922110399781 55.479336970934966
50.239970840402776 44.12922110348272 55.47933692837919
50.23997082946224 44.129221101908904 55.47933687829857
50.23997082000842 44.12922110185585 55.47933683681646
50.23997092134107 44.1292211908797 55.47933740280389
50.23997091099702 44.129221189332 55.4793373553719
50.23997089963717 44.129221186482134 55.47933730170402
50.23997088827989 44.12922118544771 55.47933725053801
50.23997099309609 44.12922127963423 55.47933783886678
50.2399709819567 44.129221277011645 55.479337786476385
50.23997097046379 44.12922127271812 55.47933773024508
50.23997095617936 44.12922127020535 55.47933766422958
50.23997106505313 44.12922137037464 55.479338278538975
50.23997105365653 44.12922136634196 55.47933822308748
50.23997104125958 44.129221361052004 55.47933816152928
50.239971025618 44.129221355787585 55.479338085794126
50.23997099420053 44.12922131804123 55.479337896395464
50.23997102343042 44.129221355380054 55.47933807565308
50.23997113746117 44.129221462976524 55.479338722740465
50.239971125563315 44.129221457669615 55.47933866334517
50.23997111295884 44.129221450990826 55.47933859897274
50.23997109685908 44.129221444355174 55.4793385193494
50.23997108991158 44.129221442291325 55.47933848608672
50.23997121075456 44.12922155729851 55.47933917317974
50.23997119745989 44.129221551088015 55.47933910642645
50.239971184544245 44.12922154308208 55.47933903887031
50.23997116906891 44.12922153461116 55.479338959464314
50.23997115526072 44.12922152972837 55.4793388922833
50.239971268968404 44.12922164671214 55.479339550834126
50.23997125530512 44.12922163754638 55.4793394784119
50.23997123964507 44.129221627646956 55.47933939623708
50.239971219668796 44.12922161939705 55.4793392974194
50.23997133946499 44.12922174467034 55.479339994011454
50.23997132505615 44.129221734304366 55.47933991667705
50.239971308622515 44.129221723187996 55.479339829444186
50.23997128814512 44.129221712046096 55.479339724463955
50.23997123734203 44.12922164445409 55.4793394092073
50.2399712826994 44.12922170992884 55.479339697706074
50.2399714087593 44.129221844864276 55.47934043498987
50.23997139293406 44.129221833446316 55.479340350008094
50.239971376068 44.12922182098332 55.479340259033734
50.23997135504894 44.12922180840431 55.47934014970937
50.23997134508217 44.12922180377792 55.47934009970612
50.23997147559137 44.12922194742296 55.479340868427435
50.23997145955044 44.12922193458223 55.47934078054908
50.23997144158385 44.129221920925374 55.47934068311626
50.23997141970827 44.12922190697823 55.47934056816318
50.23997140657725 44.12922190009258 55.47934050120056
50.23997154203431 44.12922205165674 55.47934130245873
50.239971524720275 44.12922203760371 55.479341207340674
50.23997150582666 44.12922202265951 55.47934110408125
50.239971483828334 44.12922200717143 55.479340986476515
50.239971466541526 44.12922199735494 55.47934089728992
50.239971606689465 44.12922215775041 55.479341731210766
50.23997158863878 44.12922214233346 55.47934163099495
50.23997156958149 44.129222125947564 55.47934152504065
50.2399715467687 44.129222109048115 55.47934140193218
50.239971524741634 44.129222095309515 55.47934128660163
50.23997167148565 44.12922226562827 55.479342163028264
50.239971652313926 44.12922224885005 55.47934205603461
50.23997163234577 44.129222231113374 55.479341944237405
50.23997160988671 44.12922221264298 55.479341820523054
50.23997158220692 44.129222193807045 55.479341673439514
50.23997156877446 44.12922217188211 55.47934158452392
50.239971580505106 44.12922219272841 55.4793416645055
50.23997173487405 44.12922237486845 55.47934259054841
50.239971714360706 44.12922235668564 55.479342475751196
50.239971694698966 44.129222337483036 55.47934236328507
50.23997167188445 44.129222317551786 55.47934223600963
50.2399716440929 44.12922229709487 55.47934208621268
50.239971633893205 44.129222290297704 55.479342032211186
50.23997177647314 44.12922246596534 55.479342897736686
50.239971754891265 44.129222445399954 55.47934277499037
50.23997173238789 44.12922242399533 55.479342647056384
50.239971706185955 44.12922240188561 55.479342501954775
50.23997168398222 44.12922238646449 55.47934238354218
50.23997183386336 44.129222576684946 55.47934330101339
50.239971812702954 44.12922255468256 55.479343178141804
50.23997179103512 44.12922253186581 55.479343051930314
50.23997176533446 44.12922250825373 55.47934290696328
50.23997173412586 44.129222483936914 55.479342736903675
50.23997172027721 44.12922245982307 55.4793426431621
50.239971730702266 44.12922248156952 55.47934271865987
50.23997188699056 44.129222688417855 55.479343687007514
50.23997186748221 44.12922266511205 55.479343569584074
50.239971846551 44.1292226409758 55.479343444788874
50.23997182234278 44.129222615973575 55.47934330445189
50.2399717930665 44.129222590119085 55.47934314074661
50.239971774310916 44.129222576338144 55.479343039687606
50.23997195238299 44.129222824380214 55.47934415996614
50.23997193484007 44.129222800698045 55.47934405063528
50.23997191783614 44.12922277632872 55.479343942722515
50.23997189868786 44.12922275105096 55.4793438241709
50.239971876122596 44.12922272481386 55.479343689336105
50.23997184876653 44.12922269759631 55.4793435321717
50.23997181467781 44.12922266938435 55.47934334415288
50.23997181198348 44.12922266515237 55.47934332654536
50.239971813464564 44.12922266879306 55.479343338027505
50.23997200525855 44.12922296120932 55.479344579287925
50.23997199255537 44.12922293765632 55.47934449133312
50.23997197891673 44.12922291325771 55.47934439812072
50.239971964389596 44.12922288803708 55.47934429988886
50.23997194762893 44.129222861849456 55.47934419054709
50.239971926657276 44.129222834521414 55.47934406119593
50.23997190072345 44.12922280606108 55.479343908556196
50.23997186873558 44.12922277647095 55.479343727848686
50.2399718506138 44.129222762845764 55.47934362977965
50.23997204499139 44.12922309753786 55.4793449403555
50.23997203725206 44.12922307448136 55.47934487482436
50.23997202873802 44.129223050588216 55.47934480475211
50.23997201803748 44.129223025630694 55.4793447236423
50.23997200760061 44.12922300002464 55.479344642797784
50.23997199269786 44.12922297304479 55.47934454050715
50.23997197415728 44.129222944889676 55.479344420669825
50.23997195073065 44.12922291546114 55.47934427768373
50.23997192011308 44.1292228845705 55.47934410119424
50.239971882433835 44.129222852389645 55.47934389200327
50.23997188012589 44.12922284863409 55.479343876741865
50.2399718811138 44.129222851682705 55.47934388525148
50.2399720724018 44.12922323226727 55.479345245254876
50.239972069431765 44.1292232100043 55.47934520170274
50.239972064870614 44.12922318672902 55.47934514979248
50.23997206025811 44.12922316277001 55.47934509671922
50.239972052912925 44.12922313757788 55.47934502998462
50.23997204484887 44.129223111575556 55.47934495898974
50.23997203292865 44.129223084182065 55.479344869195586
50.23997201677709 44.129223055397844 55.47934475895951
50.23997199511159 44.12922302508869 55.47934462247943
50.23997196767016 44.12922299332759 55.4793444587077
50.23997193221609 44.12922295990306 55.4793442575573
50.23997190931661 44.129222941673035 55.47934413224355
50.239972086228306 44.12922338494833 55.47934551528246
50.23997208838602 44.129223364506 55.47934549668854
50.239972090893396 44.129223343524636 55.4793454788867
50.23997209098775 44.12922332128329 55.47934544878679
50.239972090502874 44.12922329825689 55.47934541507273
50.23997208794998 44.12922327407837 55.47934537071973
50.239972083378184 44.12922324877453 55.47934531597987
50.23997207706206 44.12922322242836 55.479345252169495
50.23997206805476 44.12922319484484 55.47934517487381
50.239972053482894 44.129223165464076 55.47934507073862
50.23997203494717 44.12922313471372 55.47934494736212
50.239972009736704 44.12922310215204 55.47934479226417
50.23997197813193 44.129223067977335 55.479344606945034
50.23997193748204 44.12922303187116 55.47934437935698
50.23997192596261 44.12922300673318 55.47934429441276
50.23997193035491 44.12922302617991 55.479344340331046
50.239972087691456 44.12922353363213 55.4793457256726
50.23997209271616 44.1292235144371 55.47934572134773
50.23997209820356 44.12922349488372 55.47934571855794
50.23997210273224 44.12922347447162 55.47934571039069
50.2399721063654 44.12922345321598 55.4793456971437
50.23997210888114 44.12922343104678 55.47934567774887
50.23997210954224 44.12922340775432 55.479345648689375
50.23997210915229 44.12922338356797 55.47934561379975
50.2399721067238 44.129223358216706 55.47934556838281
50.239972102267615 44.1292233317223 55.47934551251593
50.23997209508681 44.12922330392401 55.47934544292597
50.239972083970535 44.129223274564474 55.47934535395599
50.23997206754288 44.129223243392175 55.47934523923439
50.239972046215115 44.1292232106053 55.479345100834294
50.239972017545185 44.129223175782315 55.479344927480966
50.2399719816427 44.12922313911472 55.479344719917144
50.23997194712749 44.129223109169615 55.479344527652515
50.23997209008762 44.129223661805256 55.479345912010515
50.23997209512894 44.12922364241267 55.47934590748748
50.239972101994724 44.129223623146096 55.479345911128746
50.2399721083417 44.12922360326552 55.47934591165523
50.23997211245802 44.1292235821353 55.47934590069651
50.23997211622337 44.12922356038801 55.479345887354
50.23997211862803 44.129223537681284 55.4793458667352
50.23997212102084 44.1292235144368 55.47934584532672
50.239972121339974 44.12922348999363 55.47934581319066
50.23997212115091 44.12922346482856 55.47934577783825
50.239972118176254 44.129223438262926 55.47934572836306
50.23997211420108 44.129223410826704 55.47934567331097
50.2399721059724 44.12922338162013 55.47934559719901
50.239972092312314 44.12922335040511 55.479345494541185
50.23997207388277 44.12922331745813 55.47934536861615
50.23997204937161 44.12922328255222 55.47934521336521
50.23997201760592 44.12922324554542 55.47934502345592
50.239971978959844 44.1292232066952 55.4793448008803
50.23997195160021 44.12922313701087 55.47934458543955
50.23997195631694 44.12922318646626 55.47934467394809
50.23997209203395 44.12922378996721 55.4793460963629
50.23997209744887 44.129223770295795 55.479346093093696
50.239972103809905 44.129223750634864 55.4793460939831
50.23997210945078 44.1292237302606 55.47934609073931
50.23997211354042 44.12922370896307 55.47934607943429
50.23997211489672 44.12922368625911 55.47934605422725
50.23997211621287 44.129223637459475 55.4793459930434
50.239972115363784 44.1292236789765 55.47934604628196
50.23997211913843 44.1292235942324 55.479345946554034
50.23997212093158 44.12922355903034 55.479345906114204
50.23997212193757 44.12922353264025 55.47934587431571
50.23997212196525 44.12922351414868 55.47934584906811
50.23997212002167 44.12922349991027 55.479345821020985
50.2399721178236 44.12922349654334 55.47934580677398
50.23997211537697 44.12922348471634 55.479345779831746
50.23997211711794 44.129223500215275 55.47934580872061
50.23997210595742 44.129223454176156 55.47934569667393
50.23997209237415 44.12922342190684 55.47934559290621
50.239972071543704 44.12922338712898 55.47934545395307
50.23997204495593 44.12922335040841 55.4793452871166
50.23997201094836 44.12922331144552 55.47934508470384
50.23997196923013 44.1292232703493 55.47934484559039
50.2399719639495 44.12922325466915 55.47934480094851
50.23997196512104 44.129223266751566 55.47934482265609
50.23997210253831 44.12922389981605 55.47934629307687
50.2399721082471 44.12922387941185 55.479346290089566
50.23997211151368 44.129223857710535 55.47934627462537
50.239972113281326 44.12922383506419 55.47934625129918
50.239972112585725 44.12922377520586 55.47934616613193
50.23997211265524 44.12922382246791 55.47934623127583
50.23997211455173 44.12922369901262 55.47934607021288
50.2399721150225 44.12922350351818 55.47934580407356
50.23997210677137 44.12922350204595 55.4793457659124
50.23997209670549 44.12922350669232 55.47934572819655
50.239972083234534 44.12922348849432 55.47934564422538
50.23997209198579 44.12922350896607 55.47934571064283
50.23997206113282 44.12922345227063 55.47934549772027
50.23997203234818 44.129223413754126 55.479345318797215
50.23997199532438 44.129223372668804 55.47934510026118
50.23997198304774 44.129223360890805 55.47934503032892
50.23997211529107 44.129224010285455 55.479346500490536
50.23997211894432 44.12922398808232 55.47934648603167
50.239972118568275 44.12922396389237 55.47934645119802
50.2399721133568 44.12922388408285 55.47934631887911
50.23997211551221 44.129223948615206 55.47934641685299
50.23997208338286 44.129223511801335 55.47934567685026
50.23997206402328 44.12922350409237 55.47934558147591
50.23997203952301 44.12922348601474 55.479345449359606
50.239972004752445 44.129223430843716 55.47934522136863
50.239972131223496 44.129224122253724 55.47934672388806
50.23997213095994 44.12922409718293 55.479346688338694
50.239972125555354 44.12922406959086 55.47934662681174
50.239972124425805 44.12922406596881 55.479346616894986
50.23997215212277 44.129224237156826 55.47934697306759
50.23997214626275 44.12922420804956 55.47934690746703
50.23997212992933 44.12922412277153 55.479346718929754
50.239972134918844 44.12922417898295 55.47934681790194
50.23997218062586 44.12922435712251 55.47934726249853
50.239972166614194 44.129224322143145 55.47934715313633
50.23997214789429 44.12922428756481 55.479347023701465
50.23997219802344 44.129224443615385 55.479347457363595
50.23997217222144 44.12922440059144 55.479347285321325
50.239972153775675 44.12922432051742 55.47934709467104
50.23997216496841 44.129224390591354 55.47934723983249
50.23997221013572 44.129224525821414 55.47934762319699
50.23997218057776 44.12922448989936 55.47934744444609
50.697130822744185 44.422605709759 55.40766937354265
50.53634140503638 44.31474001184087 55.43586756807515
50.536357973252414 44.31475111559655 55.43586479992824
50.78634822589307 44.404106283376805 55.391798738242
50.78636783448271 44.40409148986551 55.3917935843986
50.786395840769 44.40407042124131 55.39178621537858
50.78639993850266 44.40406732970821 55.39178513835156
50.78640353984723 44.40406462292666 55.39178419044306
50.23997227398193 44.12922466989686 55.47934810051336
50.23997221432684 44.12922460195676 55.47934774600593
50.2399721907218 44.12922454768267 55.47934756815241
50.239972196032795 44.129224583536214 55.47934764060348
50.69714067452194 44.422615947304564 55.40766952328809
50.69713776336984 44.42261292975148 55.407669477464026
50.786312334333275 44.40413336239796 55.39180817170723
50.786361164458505 44.40409658350714 55.391795329422294
50.78640846728897 44.40406095698284 55.39178288855044
50.78642088878835 44.404051585177896 55.3917796238022
50.78642543840103 44.40404817616003 55.39177842491982
50.23997220785645 44.129224672281374 55.47934781414369
50.72197674590534 44.45057277382242 55.4076801464969
50.7219767326029 44.45057277161616 55.40768014432142
50.721976816358165 44.45057278776943 55.407680157559156
50.78632528974902 44.40412365076534 55.391804758333606
50.78637371067629 44.40408718088036 55.39179202356239
50.786420147833425 44.40405220759915 55.391779810201655
50.78643033852636 44.40404451854852 55.39177713182341
50.78643239247028 44.40404298620527 55.39177658970357
50.23997220882494 44.12922467953724 55.47934782834031
50.239972216848656 44.12922475347175 55.4793479649173
50.72197675412941 44.450572793689574 55.40768014408236
50.72197683486202 44.45057282681326 55.40768015327584
50.72197677716359 44.450572816311755 55.40768014402918
50.72197690280795 44.45057284172003 55.40768016364864
50.78633775245301 44.40411431208721 55.391801474300046
50.78638556461728 44.404078301598965 55.39178889951768
50.786431431261505 44.40404375809083 55.3917768361932
50.78643628157231 44.40404009830001 55.391775561425426
50.786436443559964 44.4040399833597 55.391775517892
50.23997221805806 44.129224769790206 55.47934799260223
50.239972219833916 44.12922482823859 55.47934808056689
50.72197685097582 44.45057286708332 55.407680148271965
50.72197682683422 44.45057286294624 55.40768014435088
50.72197692081155 44.45057288132951 55.407680159151724
50.72197698650699 44.45057289667806 55.407680168990865
50.78634982043492 44.40410527211308 55.39179829389388
50.7863972273493 44.404069566784244 55.391785825701795
50.786438890689624 44.404038189091814 55.39177486785829
50.23997221960644 44.12922484630701 55.47934810435879
50.23997221632371 44.12922489528562 55.47934815717422
50.72197685924519 44.450572892170726 55.407680144805695
50.72197693691902 44.45057292180663 55.40768015410451
50.72197688187436 44.45057291152788 55.407680145336016
50.72197700442248 44.450572936569834 55.40768016441921
50.78631335309467 44.4041327887951 55.391807878264494
50.78636185046805 44.40409626092596 55.39179512344133
50.78640871734329 44.404060962459994 55.39178279726531
50.78643944663215 44.404037774712364 55.391774721072146
50.786447401405646 44.404031828144326 55.391772623050954
50.239972214740604 44.12922490802957 55.479348167723565
50.23997223406107 44.1292249710711 55.47934833883805
50.23997220559947 44.129224951806734 55.47934818774226
50.72197695062644 44.45057296316542 55.40768014840478
50.7219769356663 44.4505729605108 55.40768014599343
50.72197702034599 44.45057297732912 55.407680159278385
50.72197708577876 44.4505729923408 55.407680169134196
50.78632565241663 44.40412357510451 55.391804636946404
50.78637375452656 44.40408734495961 55.39179198607569
50.7864203518465 44.40405224919328 55.391779730835914
50.78644926051513 44.40403043444458 55.39177213323978
50.78646525942808 44.404018427036476 55.39176791987788
50.78646588974625 44.40401795133098 55.39176775422969
50.78646636258877 44.40401759628635 55.39176762972754
50.239972205011824 44.12922495372409 55.47934818779873
50.28689442269864 44.30707489644705 55.487150419415784
50.286929736771825 44.30720723456868 55.48715336878706
50.721976954499794 44.45057297747773 55.40768014626075
50.69521915658136 44.51195492488789 55.421265403837296
50.695211902332936 44.51197014252438 55.421268681903754
50.72197710208471 44.45057303300674 55.407680164087765
50.72197716509829 44.45057304800011 55.40768017347012
50.78633809415656 44.404114254118866 55.39180135817587
50.786385951801776 44.404078207841 55.391788771633955
50.78643222282584 44.404043357511945 55.39177660225307
50.78647707837902 44.404009573873225 55.39176480506664
50.78648562017757 44.40400312764688 55.39176256023104
50.78649361226378 44.40399712143691 55.39176045654939
50.28701216493813 44.307516139172684 55.48716024617297
50.339029730328676 44.47210035348966 55.487017686845476
50.33901878590051 44.47206140894675 55.487018214612945
50.695195616570246 44.51200437353542 55.42127603475612
50.695194098241686 44.51200755866629 55.42127672085724
50.69520754834567 44.511979344733014 55.42127064288995
50.69521895046866 44.51195542860294 55.42126549021349
50.78630174824262 44.404141680861514 55.39181091041145
50.78635062408796 44.40410486663687 55.391798056220324
50.78639806331969 44.40406913532643 55.3917855797448
50.83660507302578 44.5211969080425 55.393878757073466
50.83664369463426 44.5212089343095 55.393872418892244
50.83663819713824 44.52106327262591 55.39385939557238
50.83667325150256 44.52121929715416 55.39386768046434
50.33906385298309 44.47222132170437 55.48701592213003
50.33917939479238 44.47263127737172 55.4870100382846
50.33917718755172 44.4726234324878 55.48701014717872
50.69518927612259 44.51201769245087 55.42127889816614
50.69518425559285 44.5120282741564 55.421281162128025
50.69517632943442 44.512044901056655 55.421284743841355
50.69519596554823 44.51200371148465 55.42127587042194
50.69520724276379 44.51198005777201 55.42127077415175
50.774709830014245 44.569125057222166 55.410022973162455
50.83657376192639 44.52145640473219 55.39390994207719
50.83661398524646 44.52146437219194 55.39390290014738
50.83665302682732 44.52147284686322 55.39389613681716
50.83669076479479 44.52148172728168 55.39388966594295
50.83668240634644 44.52126256349774 55.393870087820275
50.83672397283102 44.52149088562401 55.39388410181628
50.339183467129644 44.47264570692174 55.487009825759
50.339302656483525 44.47306853714124 55.48700373845621
50.47027395922957 44.640442038728374 55.47222511375088
50.74532326196994 44.62921775638811 55.42339460491678
50.69515765926138 44.51208413415648 55.42129317414954
50.74538726492257 44.62927351138466 55.423386592603165
50.745450430343865 44.62932917078857 55.423378752937
50.74551244698684 44.62938428870433 55.4233711061939
50.74557313378075 44.62943856681481 55.42336366000798
50.83662278341387 44.521736084889255 55.393927476372994
50.83666206628533 44.52174162368292 55.39392038216337
50.83670012932606 44.52174716407848 55.393913525039935
50.8367367380863 44.52175280509771 55.39390696011979
50.836727416033185 44.52151078720334 55.39388535828509
50.836764502813665 44.521757840241875 55.39390205439004
50.47034469954267 44.64043977457608 55.472214873924045
50.470377949975344 44.64043870426909 55.47221005696791
50.745364816804866 44.629320656277415 55.42339653561649
50.74544332621606 44.62941107829472 55.42338906314005
50.74538451115659 44.62936012293267 55.42339645597333
50.74550672160408 44.62946650653424 55.423381148541694
50.745568949852796 44.6295211715711 55.423373407165556
50.74562965977929 44.62957474549217 55.4233658806239
50.745688975760686 44.62962719736528 55.423358538451815
50.83667104302188 44.52201342511438 55.39394493228899
50.83670933540466 44.52201601205404 55.39393774490647
50.83674613758763 44.522018340101326 55.39393082192485
50.836781206468316 44.52202043762411 55.39392421330686
50.83677381105721 44.52182759589613 55.39390699449082
50.83679853277633 44.52202148399929 55.39392094919319
50.47043712704677 44.640436806506735 55.47220148858013
50.47047639092596 44.64043556672303 55.47219581583794
50.74450056395095 44.78877007671416 55.439859705164295
50.744460862453735 44.78875015860549 55.439866157135974
50.74456499535923 44.788803469241714 55.43984933769077
50.74462790109955 44.78883682806626 55.439839289036584
50.74468920588845 44.78886985693249 55.43982954639733
50.74474902947847 44.78890235995819 55.43982006551736
50.74480680766871 44.78893422450518 55.439810954594265
50.835682846382966 44.68139837249523 55.41042661162825
50.83572079180008 44.681296803943894 55.41040886273064
50.835756672872165 44.68119997033112 55.4103920039395
50.83578978508463 44.68110958812134 55.410376348626315
50.83580687511995 44.68103589021528 55.4103656861508
50.83579277523988 44.6811013542267 55.410374928015386
52.50538875160082 45.19588379211221 54.80383350324399
52.505388991682445 45.1958831866892 54.80383325339557
52.50538803952354 45.19588536869445 54.80383415450076
52.50538952174033 45.1958820847737 54.8038327979814
52.50538992207587 45.195881063497374 54.80383237655051
52.531609986023824 45.21341190187639 54.79059886124044
52.51867039269495 45.174773399029114 54.78937408005942
52.53161153554738 45.21341624856703 54.79059855971889
52.51867045523288 45.174773507024575 54.789373955718744
52.53161004011903 45.21341208333115 54.79059881029414
52.53161458670297 45.21342481250774 54.79059795932316
52.53161287638896 45.21342003081478 54.79059827030436
52.53161532630481 45.21342688907738 54.79059781288136
52.53161418118346 45.21342368746868 54.79059802120466
50.47052908829232 44.6404339307234 55.47218822010255
50.470564498320755 44.640432835726585 55.472183118896766
50.74453373819206 44.78886268067918 55.43986167206934
50.74451042354697 44.78885106058736 55.43986546841835
50.74459835769044 44.78889577391343 55.43985123589624
50.744661579056896 44.78892862086276 55.43984107102603
50.74472321115417 44.788961010854614 55.439831197402384
50.74478323658452 44.788992798180566 55.43982160458373
50.74484120043158 44.78902382912457 55.43981237371743
50.7448972681125 44.78905403223627 55.43980346296103
50.83562026303083 44.68172517689499 55.410471091888176
50.83565805375167 44.68162156617957 55.410453180854674
50.83569349810942 44.68152303658221 55.41043625282303
50.835712675409326 44.68146894297556 55.41042701902016
52.5053853980898 45.19589144630728 54.80383666430268
52.50538557282647 45.19589101072012 54.80383648452837
52.45752394811136 45.17675601446045 54.831069681031906
52.505386259633674 45.195889539357566 54.803835876575434
52.505386712800856 45.19588840594947 54.803835408809235
52.50538711777442 45.195887638756645 54.80383509147461
52.50538786038456 45.195885779175356 54.803834324017664
50.5349798571337 44.665758183354484 55.464217362351256
50.535004923904225 44.665760044137855 55.46421227651203
50.7445665999621 44.78895556826345 55.439863732413755
50.744560884902704 44.78895271870974 55.439864662891665
50.74463169306463 44.78898843694245 55.43985317450585
50.744695202854544 44.78902087088656 55.43984290873965
50.74475718095864 44.789052721725646 55.439832909843986
50.744817572287616 44.789083883279694 55.43982317916336
50.74487591045677 44.78911417960174 55.439813798112766
50.744932310625416 44.789143573918075 55.43980473881872
50.74498601760874 44.78917181976358 55.43979613683397
50.835558700458265 44.682045439743064 55.410514731016995
50.83559625081841 44.68193952820415 55.41049665133218
50.83563165111937 44.681838058511644 55.410479451961706
50.83566017124895 44.68171524093154 55.41046167454405
50.83563692852003 44.681822582196375 55.41047685455665
52.40407139062742 45.229174791569235 54.87685554031909
52.40407070054975 45.229173572856205 54.87685567545526
52.40405881341036 45.22918017317371 54.876864281585725
52.457496956142364 45.176758736227086 54.83108691154151
52.45749239488545 45.17675912503783 54.831089774595114
52.457521905616574 45.17675631752125 54.83107105129682
52.45751398485251 45.17675699890144 54.83107602731815
52.50538449651198 45.19589368096682 54.803837586622194
50.560268615931875 44.70817475192517 55.46504552333984
50.56025235459836 44.70816477742722 55.465047972904166
50.56027596028214 44.708179769177924 55.465044441959705
50.74457567366471 44.788981438392646 55.439864322840435
50.75350785119122 44.85464211524798 55.441451922539954
50.753467104700746 44.85465322345565 55.44146030748414
50.75356092226129 44.8546276365856 55.44144099972548
50.753612447182064 44.85461356577634 55.441430392911855
50.75366262906929 44.85459983482845 55.44142005829514
50.753711153284996 44.854586535044206 55.44141006150113
50.753757704898746 44.8545737579785 55.441400468243295
50.75380196760537 44.85456159582293 55.44139134455965
50.75384357125154 44.854550156987614 55.44138276781386
50.806129757156306 44.837238113100355 55.419526584152976
50.882662335303166 44.84017642837622 55.395733942496875
50.88272961773868 44.8401504941566 55.39570395838726
52.403998502809266 45.22921447601057 54.876908131196245
52.40399805745997 45.22921283136266 54.87690802315812
52.40398156304316 45.22922170162443 54.87691989931353
52.404023910139394 45.22920367517646 54.87689048895828
52.40402260915133 45.22919985528084 54.87689039736665
52.40404926702303 45.22919285375171 54.87687287218487
52.40404676666371 45.22918686327137 54.876873003533255
52.404074196518295 45.2291822230038 54.87685555422535
50.673815640875 44.79757055560617 55.45273877257713
50.67381520668256 44.79756892101682 55.45273871632185
50.67381579329712 44.79757106370933 55.45273879140899
50.75349407299363 44.85465989878375 55.44145698791632
50.75346574088087 44.85466763387746 55.441462819980416
50.75354773831727 44.85464520963967 55.44144593510749
50.75360001588376 44.85463085237027 55.44143516049088
50.75365126145773 44.8546167271163 55.44142459039956
50.75370063227821 44.85460307314126 55.44141439977185
50.75374815873768 44.85458988365402 55.44140458259102
50.753793147683496 44.854577356852644 55.441395282964066
50.75383531011583 44.8545655771499 55.44138656125676
50.75387492503756 44.85455446854082 55.44137836006391
50.88262249779377 44.840196150351694 55.39574995594339
50.882724791483426 44.840156509453834 55.39570445350054
50.882744311776435 44.84014679363143 55.395696627706286
50.88276593978219 44.84014061769353 55.39568612831157
52.353871528082344 45.25552607958186 54.90945460105546
52.353871441029455 45.25552528702433 54.909454475107424
52.353871324992056 45.25552585598129 54.90945475282372
52.353872163279746 45.255526777358504 54.9094541259455
52.35387181526019 45.25552365194262 54.909453634237636
52.40394731394525 45.2292455284316 54.876945789619796
52.40394678642167 45.22924030750673 54.87694491699287
52.40397341399438 45.2292344279522 54.87692766519913
52.403972650728655 45.22922652641594 54.87692632355194
52.403999872572115 45.22922307607308 54.87690926930271
50.673849380692204 44.79769392436422 55.45274309310345
50.753480353570026 44.85467769105526 55.44146204513406
50.75346165233611 44.85468279860502 55.4414658950073
50.75353436125635 44.85466288031284 55.44145091737933
50.753587682617905 44.85464818611713 55.441439919641546
50.75363971215579 44.854633772075616 55.44142917628982
50.753690401660414 44.854619657798786 55.441418698273104
50.753738847732166 44.85460608931696 55.44140867145575
50.75378463150483 44.85459318715832 55.44139918304101
50.77654636840167 44.9106943959418 55.43837271811881
50.77657060646504 44.91067100573217 55.438366375675926
50.88258289120466 44.84021585859336 55.39576583648569
50.88268768519863 44.840175052967844 55.39571929987925
50.911027171223694 44.85273477699338 55.388881381527796
50.91103602689533 44.85272987626363 55.38887843918373
50.91110321447829 44.85272060022163 55.38885062994264
52.353869940255635 45.25553266629707 54.90945807262163
52.35386982319533 45.255531555472736 54.90945789090314
52.35386966756849 45.2555323782482 54.909458279737606
52.35387060475966 45.255533398652865 54.90945757624504
52.353870238094075 45.255529954999076 54.909457016855114
52.353871263605456 45.255534126599265 54.90945708459586
52.353870670597715 45.255528624049916 54.909456198226756
52.353871915953846 45.2555348353641 54.90945659450469
52.35387107127121 45.2555270640423 54.90945535019648
52.353872561504666 45.255535521331275 54.909456105295114
52.353873200643946 45.2555361441738 54.90945560550661
50.67385673614608 44.79772077392422 55.45274403436644
50.67388377012209 44.79781916040497 55.45274748973114
50.75346661856125 44.85469550422863 55.44146710820648
50.7534533328417 44.854699132592664 55.44146984320915
50.75352128939056 44.854680511036996 55.44145584372335
50.753575305327416 44.85466560323608 55.441444699198115
50.75362855146794 44.85465081870394 55.44143369931787
50.75368028788104 44.85463634768253 55.44142299452355
50.77651881330791 44.91072967134816 55.4383787159727
50.776543512662684 44.91070572914757 55.43837226773974
50.77656684431799 44.91068324905651 55.43836615753402
50.920902706876184 44.92090125722983 55.393255662871724
50.92109973790094 44.92096685271164 55.39318812114473
51.06931736001138 44.95661746845444 55.343120692068695
50.92124036557318 44.92099785967288 55.39314070435215
51.0694311006599 44.956706007052496 55.343079203366685
51.0694043078204 44.95668514918242 55.34308897645305
51.06954244715847 44.956792681972246 55.3430385879686
51.06953541586715 44.95678720822272 55.34304115273686
51.069597340130954 44.95683541203735 55.34301856488774
51.069868205663255 44.957046260378846 55.34291976239337
51.06986686295848 44.95704521512006 55.3429202521652
51.069841603654496 44.957025552734564 55.34292946589767
51.10251419948402 44.815702395507586 55.32539313703542
51.10251400140612 44.81570056127116 55.32539315248199
51.19964888316633 44.89168118200357 55.28996622896198
51.19965035498329 44.891674759042296 55.28996543673037
51.199659930085005 44.89163297627475 55.28996028288719
51.19966136042795 44.89162673429639 55.28995951297934
51.19967057962309 44.891586504571094 55.28995455070345
51.199671074849746 44.89158434341064 55.289954284138545
51.199673152690025 44.891575276394015 55.28995316573287
52.28948444883111 45.22171888115159 54.93676117193197
52.2894807731645 45.221715122287975 54.9367620895779
52.28946604010062 45.2217075088209 54.936767364295704
52.2895096708328 45.22173445015004 54.93675268506042
52.28950055162109 45.22172517668015 54.936754972882156
52.289534356235116 45.22174970305465 54.936744381990124
52.28952010586265 45.22173530763284 54.93674797767982
52.35387032526764 45.255542040073095 54.909460238492315
52.35386943479696 45.25553351472307 54.909458835506655
52.353871000327516 45.25554272990567 54.90945971938365
52.35387166943265 45.25554340230205 54.909459201742195
50.67391444804829 44.79793320248762 55.45275144423367
50.67389376966951 44.79785557042419 55.45274876808098
50.673918282073515 44.797944541433154 55.452751897822694
50.753453382003954 44.854713220397414 55.44147207488736
50.753438007264364 44.854717415332345 55.441475239309085
50.75350838454683 44.8546981420778 55.44146074298621
50.77633390227051 44.91092310489047 55.438425009026886
50.776368125860806 44.91088829629323 55.43841630248362
50.776541052040486 44.910716572770305 55.438371729089425
50.92097879611783 44.9209537574458 55.39322822214956
50.92117860704997 44.9210196231391 55.393159760219376
51.0694103776237 44.9566898816706 55.34308676251608
51.069525483424215 44.95677948282858 55.34304477585155
51.06963987976706 44.95686853167619 55.343003047972154
51.06975278371244 44.95695641878358 55.34296186446802
51.06965803739794 44.95688266067728 55.342996424604365
51.06986508680036 44.957043838130545 55.34292090013559
51.06976459312344 44.9569656060921 55.3429575567127
51.06997668201986 44.95713070642533 55.342880194008885
51.16508579059713 45.03236689162296 55.307332861546826
51.3112223319487 44.776590885173334 55.244979319506214
51.51299312817635 44.64599047783612 55.177419203458115
51.620414803087854 44.67453582420982 55.14077261581613
51.620479437365375 44.67452304625787 55.14075671268672
51.83866853262298 44.728663770597265 55.08878936457353
51.857955040299885 44.8147443209978 55.08561034889878
51.83868878160325 44.72870329985877 55.08878547952284
51.85797351972843 44.814780872995776 55.08560638197342
51.838709036583325 44.72874289559202 55.08878159769422
51.85799189260783 44.81481719857902 55.08560243915583
51.857969933365034 44.81477208717726 55.08560728529271
51.85801011903263 44.81485322655858 55.085598528401775
51.85798865989564 44.814809135923724 55.085603264692914
51.85802810120711 44.814888772060456 55.085594670029344
51.858007189402606 44.8148458100652 55.08559928519638
51.85804568094635 44.81492353155147 55.085590897257916
51.85802576952968 44.81488262523292 55.085595291607724
51.90456596822728 44.91864848745632 55.07321353434346
51.85804577191827 44.81492243064981 55.085590978743916
51.904566911586386 44.91864935166155 55.07321332516025
51.9045666228353 44.9186486752198 55.07321345729555
51.90456781550176 44.91865022611378 55.07321311705476
51.90456764708854 44.9186498281164 55.07321319469514
51.904568702855926 44.91865108560826 55.07321291258623
51.9045686473789 44.91865095602213 55.073212937910725
51.90456900836382 44.91865139495199 55.07321283996944
52.087332701388505 45.070218794667056 55.00912928835668
52.08732624270921 45.07021236746821 55.00913179400055
52.08729607440799 45.070182354861494 55.009143495729134
52.08739432015325 45.07028009882572 55.00910538676256
52.08737744206671 45.07026330296478 55.00911193462386
52.2329848230838 45.21096735315225 54.960100351899534
52.2329743925868 45.2109577051736 54.96010310035825
52.233014368824826 45.21099467051473 54.96009256831459
52.23299954212354 45.21098095639983 54.96009647514413
52.289429409303274 45.22169428022603 54.936781699996246
52.28941593474761 45.22168012197844 54.93678498285407
52.28945557102918 45.22171048111634 54.93677290802046
52.28943872584772 45.22169293401737 54.936777044808196
52.28948138400554 45.22172644488127 54.93676422871383
52.28946027157477 45.221704512399214 54.936769426223066
52.289507182760005 45.221742333087164 54.93675553988746
52.28953253180656 45.22175794035866 54.93674700166656
50.7055724727563 44.91979801858886 55.45131781629547
50.705562681555776 44.91977516947186 55.451318737944604
50.70557740526168 44.91980980805977 55.451317272631385
50.776232655228156 44.91103440519973 55.438449604383656
50.77621396568466 44.91105350349767 55.43845434657105
50.7762672425841 44.910999086966164 55.43844082479731
50.77630174471619 44.91096392216598 55.43843205757142
50.77633639325167 44.91092862453003 55.438423250856395
51.904569634357614 44.91865336380293 55.073212470446855
51.904570496267965 44.91865421314809 55.07321226944451
51.90456965242211 44.91865218648378 55.07321266383567
51.90457135168141 44.91865504236553 55.07321207222664
51.90457059450101 44.918653225510646 55.07321242583739
51.90457219428779 44.918655857164445 55.07321187829277
51.904571502944705 44.918654202333784 55.07321220048761
51.9045730325458 44.9186566560014 55.07321168730363
51.904572373545676 44.91865509974416 55.07321199092739
51.904573864387245 44.918657441952696 55.073211498895944
51.90457319951898 44.918655889211166 55.07321180235081
51.90457467407224 44.91865822068104 55.07321131323957
51.90457400401965 44.91865667205217 55.07321161637878
51.90457546140492 44.9186589915681 55.07321113045048
51.904574786839525 44.91865744763556 55.07321143313035
51.90457622624547 44.918659754037584 55.07321095063383
51.90457554782475 44.91865821537038 55.07321125271405
51.90457696850771 44.918660507554996 55.07321077388403
51.90457628687355 44.918658974706354 55.07321107522803
52.00165658374729 45.00190874352278 55.03949412976161
51.904576985777105 44.918659646817545 55.073210914985
52.08721839066783 45.07010508578979 55.00917362454592
52.00166628356182 45.001916286832795 55.039490742330166
52.08728249144571 45.07016885934298 55.00914876017919
52.08721796995367 45.0701046522259 55.00917379131084
52.08734574688714 45.07023179191229 55.00912422370531
52.08727431605045 45.07016070883883 55.00915193538518
52.087408114735716 45.07029384133905 55.00910003154341
52.23298689366337 45.210969281165085 54.960099804367076
52.23301697872784 45.210997097245134 54.96009187869109
52.233046838396305 45.211024704800764 54.9600840124132
50.70559229126441 44.91984488272932 55.45131577571769
50.70558053781913 44.91981718841117 55.451316957807606
50.7055979085508 44.91985806924791 55.45131522481078
50.70559667951096 44.91985516303936 55.45131535133979
50.705598857971836 44.91986026587388 55.45131514084438
50.77616596063494 44.911110544757136 55.43846541200274
50.77616969658703 44.91110579887535 55.43846459366838
50.77616229500598 44.91111427453769 55.43846634433697
50.77620020136997 44.91107562314033 55.43845671444379
50.776234696598536 44.91104043499672 55.43844795321402
50.77626951298187 44.91100490859837 55.438439111903
50.70560660639552 44.91987871675297 55.45131430647456
50.70561191028258 44.919891273517074 55.45131375614285
50.705617356569086 44.919903899203426 55.4513132673878
50.70560990671663 44.919886188601055 55.45131406126388
50.77606625365439 44.91121999760323 55.43848965481138
50.776075095003705 44.91120878376868 55.438487715721564
50.776099837259025 44.911185994977146 55.43848108943271
50.776111996339935 44.911170543419345 55.43847842684483
50.776133615058 44.911151675758745 55.43847249127748
50.776167711907945 44.91111696297601 55.43846382159782
50.776202295866135 44.91108168753936 55.4384550373827
50.77623712618141 44.911046161523856 55.43844619049537
50.73030701374102 44.978264117318886 55.44698561743203
50.73030758285048 44.97826706423368 55.44698495739493
50.73030810131189 44.978269741616344 55.44698435691582
50.77606715667295 44.911227576928816 55.438488238545276
50.77610104369302 44.9111931688998 55.43847960949341
50.77613520215468 44.911158409415904 55.43847092191063
50.77616977328808 44.91112316988493 55.438462137765995
50.730309180526014 44.97827577969719 55.44698305468103
50.730309698417365 44.97827845092571 55.446982455223264
50.7303101828638 44.978280944331814 55.44698189507598
50.776068266709544 44.91123500111158 55.43848676187601
50.77610261923466 44.91120003198329 55.438478026635494
50.77613744106586 44.91116451747874 55.43846918150414
50.73031132938083 44.978287343674296 55.44698051334997
50.73031180908682 44.97828980896516 55.44697995910191
50.730312267346804 44.97829216093045 55.446979429982306
50.73031271460127 44.97829445427936 55.44697891380979
50.5758746008332 43.72811578299164 55.18067069472741
50.57588283793352 43.7281144808181 55.180669956700214
50.68136137323239 43.72014002421709 55.15087435524963
50.68139016912415 43.72013779328593 55.150864888507684
50.68141869922505 43.720135586756285 55.150855502248696
50.681446987541975 43.720133403191795 55.150846187813606
50.68147499739921 43.72013124564913 55.150836956869924
50.68150307795382 43.72012910390315 55.15082766417201
50.68149564839838 43.72012965940089 55.15083014304792
50.57586637921577 43.7281170822392 55.180671431529774
50.575874838874974 43.728115744414936 55.18067067372037
50.575883272877974 43.72811441028477 55.180669918332555
50.6813555304867 43.72014032538155 55.15087655032544
50.68138462423862 43.720138072730535 55.15086698320527
50.68141335254947 43.72013585339286 55.15085752717131
50.68144291333286 43.72013361075727 55.15084772288011
50.68142832969894 43.72013469980975 55.15085259115553
50.681473280778 43.72013133292282 55.1508376039814
50.57585790475002 43.72811842167036 55.18067219091494
50.57586658330504 43.72811704882659 55.18067141363385
50.57587519296705 43.72811568684128 55.18067064253648
50.57588370896423 43.7281143398326 55.180669879773745
50.68134938643158 43.72014065350125 55.1508788379196
50.681380013286955 43.720138321186425 55.150868695982425
50.681365658182585 43.72013939591368 55.150873483009406
50.68141175878358 43.72013593975048 55.15085811832142
50.575840418945866 43.72812118511806 55.18067375788536
50.57584920539088 43.72811979652606 55.180672970493546
50.575858044545186 43.72811839841079 55.180672178783354
50.57586681839393 43.72811701052104 55.1806713929578
50.575875486962474 43.72811563951167 55.18067061648467
50.57588391401086 43.7281143076947 55.18066986130789
50.57588240615901 43.728114546038135 55.18066999641763
50.68134731712424 43.72014076843198 55.15087960037483
50.57583128047435 43.72812262931335 55.180674576834065
50.575840251628904 43.72812121159244 55.1806737728685
50.57584922802995 43.72811979218284 55.18067296872463
50.575858148545926 43.728118381368006 55.18067216966938
50.57586694150389 43.728116991099625 55.18067138191361
50.57587553212694 43.72811563288441 55.180670612263974
50.575869324932874 43.72811661447459 55.180671168308066
50.57583101325722 43.72812267178368 55.180674600699106
50.575840160493996 43.728121225570234 55.180673781179806
50.575849205418834 43.72811979564083 55.18067297079011
50.575858064490106 43.72811839583102 55.180672176801714
50.57585677056957 43.728118600453776 55.18067229271006
50.5758669234022 43.72811699433277 55.18067138340936
50.57582142512214 43.728124187901095 55.180675459652775
50.575830743365096 43.7281227149341 55.18067462471652
50.57583995302849 43.728121259245036 55.18067379947042
50.575849021281584 43.728119826302745 55.180672986761394
50.575846027775526 43.72812029984068 55.180673254869696
50.57581149742375 43.72812575813847 55.18067634888135
50.575820996205834 43.72812425691864 55.1806754976714
50.575830410006176 43.72812276896111 55.18067465413411
50.57583971891874 43.72812129787022 55.18067381989766
50.57583636364308 43.72812182876912 55.18067412036203
50.520332705448695 43.735165856409196 55.195760363051825
50.57581090598343 43.72812585360228 55.180676401206014
50.575820554307214 43.728124328346524 55.180675536731705
50.57583008115367 43.728122822977184 55.180674682909775
50.575827188929466 43.72812328071035 55.18067494187332
50.520296815000464 43.73517166270799 55.19576736353128
50.52032771429006 43.735166677562944 55.19576144745108
50.5758103490046 43.72812594346318 55.180676450495625
50.575820069688945 43.72812440764666 55.180675579239704
50.57581852872576 43.72812465161094 55.18067571718495
50.520291357134745 43.7351725593906 55.195768539170786
50.520322755901866 43.735167493437814 55.195762525641896
50.52035358136874 43.735162519996265 55.19575662202222
50.52035706701112 43.73516195764256 55.19575595467652
50.52025406732926 43.73517859177079 55.195775810132204
50.520286198430085 43.735173407665016 55.19576965637423
50.52031793786016 43.73516828664903 55.195763576792956
50.52035276761018 43.73516265392644 55.19575679922153
50.52033195782461 43.73516602469335 55.19576089215215
50.52021553288621 43.735184825225346 55.19578332158578
50.52024836692995 43.73517952774676 55.19577703353697
50.52028087843496 43.735174282144186 55.19577080594
50.52031414736712 43.73516890992745 55.195764397579154
50.5203072528208 43.735170026794634 55.195765754342034
50.52020932484007 43.73518584338126 55.195784644442284
50.52024266667351 43.73518046377446 55.195778257519976
50.52027566212326 43.73517513990864 55.195771935760106
50.52028693325026 43.73517332136987 55.19576977687415
50.52020316270073 43.73518685417146 55.19578595883861
50.52023696805462 43.7351813996192 55.19577948184715
50.52027185490027 43.7351757652956 55.19577275496732
50.52026450397431 43.73517695673292 55.195774206721495
50.520162455219946 43.73519343892585 55.19579389211613
50.52019702455959 43.735187861157826 55.19578726919016
50.52023120619772 43.735182345795316 55.195780719325455
50.52024647587893 43.73517988201412 55.195777793772955
50.52015560793435 43.73519456073453 55.1957953415813
50.520190692225015 43.735188899693775 55.19578861849858
50.52022527416516 43.73518331962069 55.19578199095635
50.5202287773359 43.735182754375764 55.19578131974231
50.52014868970532 43.73519569412062 55.195796805696176
50.52018434113541 43.73518994135955 55.195789972239794
50.52022348541239 43.73518361314021 55.19578237336069
50.52021068725455 43.73518569020398 55.19578492308677
50.52010506891082 43.73520275006896 55.1958053062701
50.520141587946355 43.73519685732531 55.19579830664061
50.52017773457134 43.73519102449189 55.19579137691544
50.52019439636575 43.735188335899345 55.19578818308841
50.520097283307294 43.73520402398664 55.19580694126091
50.52013448297492 43.73519802113992 55.195799808942
50.52017114327023 43.73519210524894 55.195792779374564
50.52017990082419 43.73519069207313 55.195791100409515
50.52008929040144 43.73520533156711 55.19580861770466
50.520127064681695 43.73519923578704 55.19580137352182
50.52016566936288 43.735193002069906 55.1957939382497
50.52016143394532 43.7351936895158 55.19579478256679
50.520081219196534 43.73520665190911 55.19581031018535
50.52011956675175 43.73520046341793 55.19580295444676
50.52014588445843 43.7351962163214 55.195797906483556
50.488739248766166 43.745506418412695 55.20560422779293
50.520072937671245 43.73520800639413 55.19581204464262
50.52011184353112 43.735201727609265 55.1958045802322
50.52012875266227 43.73519899878356 55.19580133638503
50.48872788848087 43.74550853481901 55.20560636980537
50.52006455654182 43.735209377090975 55.19581379932153
50.520103948016754 43.735203019773955 55.19580624043301
50.52011224278452 43.73520168111067 55.19580464885015
50.48871639602112 43.74551067639696 55.205608536563865
50.48876543779316 43.745501642762925 55.205599256616466
50.5200971420946 43.73520413325089 55.19580766855059
50.52009411150623 43.73520462540261 55.19580827479656
50.488704645162855 43.74551286834885 55.20561075132689
50.488754568297445 43.745503670097094 55.205601305331335
50.52008031362085 43.735206870453815 55.19581107015315
50.48864167081045 43.74552449574924 55.20562265889532
50.48869277285021 43.74551508326469 55.20561298888223
50.488743510685794 43.74550573391196 55.2056033890554
50.488778277914776 43.74549933273805 55.205596809235196
50.43935789486075 43.752874608356734 55.21018928675018
50.488680730791415 43.74551733073244 55.2056152581457
50.48873226063227 43.745507835057616 55.20560550859018
50.48876325050285 43.74550212900113 55.20559964376115
50.43935445027243 43.75287541938391 55.210190396709976
50.48866847487837 43.74551961958566 55.20561756723619
50.48872091853028 43.745509953478596 55.20560764544025
50.48875008860699 43.745504582980445 55.20560212485097
50.43935098359974 43.75287623440642 55.21019151390922
50.48865596516272 43.74552195789482 55.20561992348445
50.48870926816518 43.7455121323288 55.20560983945123
50.488738345446976 43.745506777456086 55.20560433689214
50.439347431653715 43.75287707391704 55.210192658135384
50.488643287404 43.74552432829468 55.2056223111659
50.48869743289365 43.745514346990575 55.20561206788909
50.48872698707251 43.74550890386085 55.205606475220975
50.43934384049908 43.75287792279318 55.21019381498215
50.48863034600473 43.74552675013297 55.20562474781206
50.48868532624923 43.74551661481239 55.20561434665942
50.488714502957265 43.74551124180732 55.20560882522789
50.43934018041674 43.752878790938404 55.21019499372886
50.488617105313665 43.745529230742854 55.20562723992316
50.48867286924685 43.74551895178317 55.20561669024612
50.488700993379595 43.74551377284776 55.205611367930004
50.35051374590869 43.884141285110644 55.31144840452731
50.48860366339582 43.74553175014038 55.20562976955907
50.48866025571503 43.74552131896658 55.205619063009394
50.48869118616766 43.74551562228237 55.205613209928515
50.35046091742632 43.88426164099272 55.31153673653641
50.350471170586786 43.88423945363864 55.31152014287483
50.488647516695806 43.745523709994316 55.205621459284046
50.48868174073202 43.74551740835423 55.20561498241783
50.35040705010947 43.88438436639107 55.31162680684787
50.35041746179857 43.88436184072229 55.31160995884691
50.35042940398572 43.88433579852333 55.31159053783253
50.35043559464801 43.884322539969396 55.31158058356968
50.35035164819664 43.88451060084632 55.31171944913256
50.35036307111918 43.88448578336714 55.31170091593967
50.35037560350882 43.884458413511766 55.311680516041086
50.35038441060049 43.884439397457356 55.31166628244432
50.350307007393 43.884613550951705 55.31179467671821
50.35032026579265 43.884584542709305 55.311773070234246
50.35033200302029 43.884559008930346 55.31175401139498
50.350351284270126 43.884515059325565 55.31172176164921
50.35033262807529 43.88455767322411 55.311753007736
50.291775256959625 44.00367342484962 55.39652065333105
50.291786391100935 44.003646229376564 55.396501880069344
50.29179627089588 44.00362209383806 55.39648521423914
50.291798158830645 44.003617480692384 55.39648202745639
50.29172117344155 44.00380571712486 55.39661221845913
50.291732982892086 44.00377687034448 55.39659230295105
50.2917441166135 44.003749670235905 55.396573519321805
50.29174819301987 44.003739709136404 55.39656663757785
50.291665597636594 44.00394165797923 55.396706306819866
50.29167784104107 44.00391174917309 55.39668565555268
50.29169024314613 44.00388144919475 55.39666472977248
50.291696793302194 44.003865442277046 55.39665366997843
50.23997033705908 44.12922057580718 55.47933399972195
50.239970329326994 44.129220580094405 55.47933397173575
50.23997032080271 44.12922058287155 55.47933393820793
50.239970309896314 44.1292205874505 55.47933389671795
50.23997040651042 44.12922064421089 55.47933439777474
50.23997039786383 44.12922064795749 55.47933436504116
50.23997038904096 44.129220649490804 55.47933432849901
50.23997037687083 44.129220652657736 55.47933427953653
50.23997033502089 44.12922061294692 55.47933404174678
50.23997037443755 44.129220653428895 55.47933426993629
50.239970467142726 44.129220717599715 55.47933476403777
50.239970457598986 44.12922071837109 55.47933472329285
50.23997044529294 44.12922071994249 55.479334671546056
50.239970438984 44.129220721346385 55.47933464583776
50.23997053677667 44.12922078946177 55.479335167634915
50.2399705262079 44.12922078972059 55.479335121696984
50.23997051363999 44.12922078987282 55.479335066856216
50.2399705034498 44.12922079103436 55.479335023814976
50.23997060648405 44.129220863748635 55.479335574880444
50.239970595150375 44.12922086315154 55.47933552441782
50.239970582059996 44.12922086215465 55.47933546571204
50.23997056778596 44.12922086252104 55.47933540369196
50.23997067604214 44.12922094054193 55.47933598491059
50.23997066360678 44.12922093931985 55.479335928765
50.23997065033613 44.12922093686925 55.479335867275225
50.239970633454156 44.12922093562012 55.47933579161558
50.23997060901766 44.12922090935845 55.47933564855079
50.23997063185071 44.129220935634244 55.47933578461156
50.239970745086275 44.1292210199883 55.47933639632936
50.239970731957385 44.12922101772282 55.479336335714535
50.23997071800209 44.12922101424775 55.47933626982041
50.23997070085288 44.129221011480425 55.47933619090733
50.23997069596003 44.12922101113809 55.479336169006174
50.23997081402168 44.12922110160443 55.479336810248526
50.23997080007943 44.12922109834675 55.47933674470987
50.2399707857929 44.129221093563835 55.479336675570636
50.23997076819863 44.12922108943708 55.479336592843126
50.23997075970419 44.129221088289725 55.47933655406198
50.23997088335771 44.129221184972 55.47933722832539
50.23997086834484 44.129221180843025 55.47933715690186
50.239970853398354 44.12922117497951 55.47933708338945
50.23997083539368 44.129221169477994 55.47933699697822
50.239970822864606 44.12922116685283 55.479336938497234
50.2399709536038 44.12922126981358 55.47933765241072
50.239970937219105 44.129221264915934 55.47933757392371
50.23997092109291 44.129221258249245 55.479337494142136
50.23997090258619 44.129221251436796 55.479337403733396
50.23997088555997 44.12922124718193 55.47933732331835
50.23997100643628 44.12922135077162 55.47933799489341
50.239970989221035 44.129221343167174 55.47933790905508
50.23997096996985 44.12922133516952 55.47933781375947
50.239970947329155 44.12922132757104 55.47933770416489
50.239970942915726 44.129221322611784 55.4793376780296
50.239970946640355 44.12922132758773 55.47933770117066
50.239971076967976 44.12922143797016 55.47933842346325
50.23997105791825 44.12922142970917 55.47933832868877
50.23997103763892 44.12922142063045 55.47933822740664
50.239971014005256 44.12922141182034 55.47933811180039
50.23997100703341 44.129221409746755 55.479338078417726
50.23997114758203 44.12922152720873 55.47933885519255
50.239971127036306 44.12922151800107 55.47933875256661
50.23997110541566 44.129221507914636 55.47933864402681
50.23997108092357 44.129221497786084 55.479338522851656
50.23997106599546 44.12922149266717 55.479338450441276
50.23997121775648 44.129221618666115 55.47933928804036
50.239971195350684 44.12922160854333 55.47933917601152
50.23997117265123 44.12922159726413 55.47933906110991
50.239971147899475 44.12922158555649 55.47933893663105
50.2399711232892 44.12922157618946 55.47933881598307
50.23997126237221 44.12922170136626 55.47933959692236
50.239971239372956 44.129221688581936 55.47933947864266
50.23997121380462 44.12922167550451 55.47933934870787
50.23997118533686 44.12922166232174 55.47933920592857
50.23997114592569 44.129221610144356 55.47933896171797
50.23997117815947 44.12922165949675 55.47933917061469
50.23997132871352 44.12922179611661 55.47934001749796
50.23997130366684 44.12922178234054 55.4793398888896
50.23997127812317 44.12922176762986 55.47933975682216
50.23997124894628 44.12922175295153 55.47933960888497
50.23997123294196 44.12922174566979 55.47933952879336
50.23997139287627 44.1292218930682 55.479340431551066
50.23997136691199 44.12922187789544 55.479340297007326
50.239971341130385 44.12922186166489 55.47934016181255
50.23997131193835 44.129221845307455 55.47934001150539
50.23997128579741 44.12922183238424 55.479339879273994
50.23997145618766 44.12922199170312 55.47934084418442
50.239971429480185 44.12922197506424 55.47934070437395
50.23997140265501 44.12922195749812 55.47934056277589
50.23997137319107 44.12922193956317 55.47934040911353
50.23997133955231 44.129221921661404 55.479340237210295
50.23997132659921 44.12922190168858 55.47934015307247
50.239971337473754 44.129221920598134 55.47934022664714
50.239971518892915 44.12922209191241 55.47934125632269
50.23997149073075 44.12922207389669 55.479341108251575
50.23997146304869 44.12922205492141 55.479340960966894
50.239971433015874 44.129222035481185 55.47934080274769
50.23997139921713 44.1292220158891 55.4793406278247
50.239971387242704 44.12922200946996 55.479340566568155
50.239971552173245 44.12922217437503 55.47934151522785
50.23997152287149 44.12922215404374 55.47934135898833
50.23997149212299 44.12922213310755 55.479341195581966
50.23997145768179 44.12922211191697 55.47934101565191
50.239971435653686 44.12922209975841 55.479340902484566
50.23997161271349 44.12922227610374 55.479341919967496
50.23997158157757 44.129222254348136 55.47934175374
50.23997154938607 44.129222231967724 55.47934158203169
50.239971514725084 44.12922220914048 55.47934139889354
50.239971481641184 44.129222190082146 55.479341227834
50.23997167303071 44.12922237928173 55.47934232571852
50.239971639999595 44.12922235599811 55.47934214909347
50.239971606706916 44.12922233208029 55.47934197045264
50.23997157091401 44.12922230768545 55.4793417802059
50.239971531652756 44.12922228294703 55.47934157429589
50.23997150039489 44.12922222940783 55.479341363929905
50.23997152281552 44.12922227788032 55.47934152863614
50.23997169850118 44.12922245901795 55.47934254667477
50.239971663098544 44.12922243352597 55.479342356632316
50.239971626561854 44.12922240750924 55.479342160902675
50.23997158706158 44.12922238106326 55.47934195160309
50.23997156145424 44.12922236577583 55.479341818465414
50.23997175603634 44.129222563450526 55.479342941961136
50.23997171908454 44.12922253627873 55.47934274282855
50.23997168162445 44.12922250861537 55.47934254079512
50.23997164152706 44.1292224804763 55.479342326557266
50.23997159781434 44.12922245193667 55.479342095934086
50.23997158788982 44.129222434285396 55.47934202824701
50.23997159332233 44.129222449178826 55.47934207247482
50.23997177315156 44.129222640282315 55.479343122335266
50.23997173437248 44.12922261092808 55.47934291220478
50.23997169435792 44.12922258112455 55.479342696046245
50.23997165120177 44.12922255085203 55.47934246548357
50.239971621793806 44.12922253183541 55.479342310582425
50.239971826865 44.12922274555089 55.47934350202877
50.239971785911145 44.12922271437389 55.47934327987163
50.23997174541573 44.129222682902494 55.47934305931872
50.239971703131204 44.12922265099216 55.479342830326985
50.23997165720027 44.12922261859032 55.479342584689036
50.23997163366113 44.12922257502242 55.47934242181219
50.239971641699455 44.12922260834924 55.47934250274296
50.23997183721838 44.129222819021344 55.47934364817341
50.23997179519496 44.12922278576268 55.47934341847561
50.23997175264365 44.12922275219161 55.47934318603686
50.239971708182175 44.12922271820596 55.479342944662605
50.23997165957261 44.129222683682 55.47934268438047
50.23997165270971 44.12922267058301 55.479342636349116
50.239971653992924 44.12922267990925 55.479342654764594
50.23997188739064 44.12922292479949 55.47934401305498
50.23997184339183 44.12922288962104 55.479343772070784
50.23997180041759 44.12922285438259 55.479343535492184
50.239971755272386 44.129222818680674 55.479343288768405
50.239971708537325 44.12922278264016 55.47934303461638
50.23997166202602 44.12922274989499 55.47934278596533
50.239971890566196 44.1292229945077 55.47934412259805
50.23997184653621 44.12922295749779 55.47934387896473
50.23997180032987 44.129222920009894 55.47934362514289
50.239971752508886 44.12922288218257 55.4793433637829
50.23997170119712 44.129222843812215 55.479343086387765
50.239971663329314 44.12922276103028 55.47934280695056
50.23997166959523 44.12922282182388 55.479342917799876
50.23997193662959 44.12922310040077 55.47934446963972
50.23997189111617 44.12922306149484 55.47934421690761
50.2399718432021 44.129223022065176 55.47934395294163
50.23997179370539 44.129222982316165 55.47934368160528
50.23997174172976 44.1292229421454 55.47934339883223
50.239971684480764 44.129222901190445 55.47934309188509
50.23997167684373 44.12922288259784 55.479343032926174
50.239971678608015 44.12922289728495 55.4793430608035
50.23997193314703 44.129223166105156 55.4793445445263
50.239971883761385 44.129223124713555 55.47934427142286
50.23997183324573 44.12922308310752 55.47934399307579
50.23997178001975 44.12922304101126 55.4793437021844
50.23997172166246 44.129222998051866 55.47934338763283
50.239971687543985 44.12922297463558 55.47934320606292
50.23997211515332 44.12922366276538 55.47934602311991
50.239972117758064 44.12922363969714 55.47934600288147
50.23997211880648 44.12922361562365 55.47934597444697
50.23997212041752 44.12922359126456 55.47934594808508
50.2399721202609 44.12922356579861 55.47934591246201
50.23997211885444 44.12922353940229 55.479345870088025
50.239972117234636 44.12922351238997 55.479345825934374
50.23997191984316 44.12922322732311 55.479344570238695
50.23997186862124 44.12922318392159 55.47934428633475
50.23997181380531 44.12922313979781 55.47934398569755
50.23997175486235 44.12922309493441 55.479343665968486
50.463232496069786 44.19128369635051 55.441922414430366
50.23997211140289 44.12922381071799 55.47934620967049
50.23997211236755 44.12922378725538 55.47934618170716
50.23997211357782 44.12922376357344 55.479346154518794
50.23997211559502 44.12922373985511 55.47934613081499
50.239972117401535 44.12922371566635 55.47934610554296
50.23997211693333 44.12922369021239 55.47934606857151
50.2399721170562 44.12922366454869 55.47934603390132
50.23997211597184 44.12922363799002 55.47934599271547
50.23997211340889 44.12922361042985 55.47934594367919
50.239972110652666 44.12922358229763 55.47934589301144
50.23997210489273 44.129223552630876 55.479345827081715
50.239972096400166 44.12922352155264 55.4793457472462
50.23997194916754 44.12922332898089 55.47934483815018
50.239971898958416 44.129223284261826 55.47934455687488
50.2399718441667 44.12922323848051 55.479344254069765
50.23997178579414 44.129223192004346 55.47934393462664
50.59800918607376 44.26882620971156 55.419477627592876
50.463311221537 44.191304721994285 55.4419078467359
50.59818537855892 44.268878838787174 55.4194423329368
50.23997211270966 44.12922393705777 55.47934638872158
50.239972113063644 44.129223912904536 55.479346357135896
50.23997211337526 44.129223888523555 55.479346325052234
50.23997211370107 44.1292238639104 55.47934629271229
50.2399721135599 44.129223838833134 55.479346257690054
50.23997211192257 44.1292238128477 55.47934621486851
50.23997211093328 44.12922378681796 55.47934617482473
50.23997210927864 44.12922376017303 55.47934613102254
50.23997210723215 44.12922373300235 55.479346084782776
50.239972106062694 44.129223705753375 55.47934604227713
50.239972102673065 44.129223677217226 55.47934598828083
50.23997209731712 44.12922364749968 55.47934592405101
50.23997209024928 44.12922361669771 55.47934585083503
50.239972080480115 44.12922358447467 55.479345763837195
50.23997206460578 44.12922354973469 55.4793456466447
50.239972041346874 44.129223512202344 55.47934549327553
50.23997201055181 44.12922347200963 55.47934530324688
50.2399719707346 44.12922342889746 55.479345069694496
50.23997192472098 44.129223383929045 55.47934480645418
50.23997187249315 44.12922333726043 55.47934451366196
50.463047965512715 44.19123432856025 55.44195696548093
50.59815155308579 44.26888861105196 55.41944822715766
50.598581540760925 44.26901651367989 55.419362116328585
50.598568909248044 44.269011099874994 55.419364719437056
50.59860633528473 44.269023886251674 55.419357151011596
50.239972118428255 44.12922404111477 55.47934655652714
50.23997211624713 44.12922401501593 55.47934651116804
50.23997211485815 44.129223989179 55.47934646963809
50.23997211165721 44.12922396236849 55.479346418835746
50.23997210616446 44.12922393437597 55.47934635637323
50.239972100828666 44.12922390630091 55.47934629448497
50.239972098427515 44.12922386255389 55.47934622395041
50.23997210006064 44.12922390379845 55.479346287687775
50.23997209614153 44.1292238330344 55.479346173439225
50.239972091948076 44.12922381099054 55.47934612482892
50.23997208856344 44.12922379551617 55.47934608877418
50.23997208900013 44.12922380533932 55.47934610416343
50.239972085610546 44.129223767037985 55.47934603677038
50.2399720819847 44.12922373787887 55.47934598088481
50.23997207639965 44.12922370751883 55.479345914769965
50.23997206836994 44.12922367578372 55.4793458360606
50.239972056662545 44.129223642247965 55.47934573877209
50.239972040132685 44.12922360656853 55.47934561741937
50.23997201655175 44.12922356808232 55.479345461331064
50.23997198525541 44.129223526741995 55.47934526753231
50.239971944584376 44.12922348221258 55.479345028295725
50.239971895826756 44.12922343515014 55.479344750163364
50.59784758783624 44.26881890794893 55.419508181499694
50.598297693447506 44.26895258469471 55.41941805110196
50.59873411526484 44.26908196168248 55.419330671245184
50.759223463577506 44.374765769547636 55.39149997552552
50.23997213362588 44.12922417557658 55.479346807565264
50.23997212498776 44.12922414524819 55.47934672812086
50.239972121064824 44.12922411743389 55.47934667277893
50.23997211582723 44.129224088959816 55.479346610773426
50.23997210613882 44.129224058293964 55.47934652626559
50.239972101551274 44.1292239735662 55.479346389932246
50.239972103770214 44.12922405100611 55.4793465058924
50.239972100083065 44.129223907658826 55.479346293082074
50.239972086683636 44.129223801603004 55.47934608889091
50.239972078142806 44.12922379200383 55.47934603831135
50.23997206667832 44.12922378442938 55.47934597770345
50.23997205291154 44.129223783682264 55.47934591637758
50.239972047446344 44.129223761959025 55.47934586263668
50.23997204965993 44.12922378514865 55.47934590414677
50.23997204121726 44.12922373046925 55.47934579215095
50.23997203032314 44.12922369669823 55.47934569810195
50.239972013881214 44.12922366040695 55.47934557629498
50.23997198995727 44.129223621017594 55.479345417465176
50.23997195747201 44.12922357834057 55.47934521662501
50.3739851400699 44.20967908457884 55.45779956658664
50.59799184548373 44.26888314122116 55.419478346124826
50.598447172803716 44.26901800639454 55.419387186191386
50.75914673973716 44.37479962399073 55.39151659730418
50.7592174644099 44.374779003217824 55.391503029368195
50.75923064487923 44.37476530705194 55.391498868156845
50.786572346649734 44.40393737241041 55.391739808223406
50.23997214611613 44.129224283949895 55.47934701095345
50.239972135676055 44.12922425148156 55.47934692068039
50.23997212786007 44.12922422066487 55.47934684416724
50.23997211686219 44.1292241882967 55.479346751588295
50.239972105125545 44.129224085334464 55.47934655892455
50.239972108441165 44.1292241691385 55.47934668841931
50.2399720367529 44.12922379092352 55.479345855534305
50.23997201759247 44.12922380384588 55.47934578933672
50.23997201411386 44.12922378288844 55.47934574534797
50.23997201473475 44.12922380818052 55.47934578276606
50.239972006110065 44.12922374979743 55.47934566489198
50.23997198967486 44.12922371288763 55.47934554226596
50.2399719650834 44.1292236724811 55.47934537911684
50.535798773141806 44.314393207574696 55.435967838030805
50.59813792000129 44.26894832708545 55.4194481286151
50.62569131024467 44.29626347323639 55.41996888100664
50.759128516319144 44.37481701031422 55.39152209377984
50.78650443043863 44.40398855650114 55.39175766624386
50.78654674034664 44.40395669483547 55.39174653795562
50.78657343277419 44.40393655680973 55.3917395222484
50.786587758231555 44.40392580681187 55.39173574940405
50.78659328464919 44.40392163723839 55.3917342968916
50.78659869420406 44.40391757181686 55.391732872989934
50.2399721500722 44.12922436012231 55.47934713278367
50.23997213641749 44.12922432493471 55.47934702469935
50.23997211989815 44.12922428843582 55.47934690226848
50.23997211357069 44.12922427723891 55.47934685919186
50.23997199647232 44.12922384021404 55.47934574672075
50.239971990878516 44.12922383493905 55.479345714982074
50.239971989629325 44.129223855318095 55.47934573746866
50.239971983203866 44.12922380155361 55.479345635563874
50.37401561991437 44.20969679286612 55.457793937249534
50.53597587826825 44.314506915567335 55.435935406672414
50.536261564099206 44.31468876484435 55.4358821963628
50.75903401287397 44.37485735608445 55.39154234306462
50.786428759465615 44.404045585994396 55.39177756316687
50.786473350149265 44.40401200485535 55.391765835245934
50.786516647042845 44.403979399209604 55.39175444745786
50.786558931183045 44.403947556502935 55.39174332600571
50.78660002356006 44.40391661190482 55.39173251792427
50.78661224777391 44.403907388491945 55.391729305088774
50.786621686846686 44.40390029901016 55.39172681998177
50.23997217074638 44.129224473212815 55.47934737849045
50.239972149786794 44.129224432369334 55.47934723065022
50.239972124703655 44.129224389584465 55.47934706208454
50.23997211774967 44.12922437942441 55.47934701768624
50.23997197129927 44.12922390055962 55.47934571924732
50.373903501663115 44.20963149017609 55.45781520959986
50.23997196734815 44.129223910872184 55.47934571608865
50.53585864752913 44.31443338241259 55.43595786181706
50.53615372809496 44.31462112915434 55.43590285460215
50.786441338013745 44.40403615676819 55.391774249100145
50.78648540431625 44.404002971283795 55.39176265900014
50.78652860013492 44.403970441357934 55.391751297848664
50.786570560426426 44.40393884254874 55.39174026157184
50.786611571239504 44.403907958995745 55.39172947499284
50.78662890756998 44.40389487778765 55.391724918641785
50.78663919119194 44.4038871605225 55.3917222103219
50.23997216944635 44.129224544491265 55.47934747058392
50.23997213566038 44.12922449475704 55.47934725436458
50.239972121008485 44.129224475588614 55.479347163889315
50.535732241320495 44.314354122579914 55.435982090820644
50.37396311688228 44.20966624259319 55.457803795769635
50.536032274119286 44.314544954928294 55.43592612323031
50.53633065249022 44.31473479000883 55.43587049560963
50.786453231197925 44.40402724580612 55.39177111501401
50.78649703065554 44.403994261025154 55.39175959513146
50.78653982981578 44.40396202984696 55.391748338302904
50.786581666342414 44.403930523837595 55.39173733463144
50.78662229157786 44.403899930529086 55.39172664948184
50.7866426755034 44.40388454915173 55.3917212922369
50.78665001920146 44.40387905092456 55.391719356497866
50.23997220443921 44.12922466789866 55.47934779316293
50.23997215917765 44.12922460876049 55.479347513777036
50.23997212261804 44.129224565930365 55.47934729488048
50.53580819748476 44.31440296807814 55.435968226729045
50.53620365572266 44.3146551244248 55.43589481759965
50.5359909143171 44.31451982136042 55.435934506917775
50.72197667034152 44.45057276252213 55.40768013388879
50.78646455755356 44.40401876291287 55.39176812985413
50.78650792507748 44.403986103376795 55.39175672358138
50.786550555323345 44.4039539989765 55.391745511236245
50.786592019458524 44.40392277319056 55.39173460553796
50.78663228734881 44.40389244869908 55.39172401441405
50.78665247297066 44.40387721641208 55.39171870935867
50.78665943933657 44.403872002135124 55.391716872891486
50.23997220388135 44.12922473868489 55.47934788783202
50.23997213416878 44.12922466189265 55.479347477126595
50.2399721227654 44.12922462431661 55.47934737562679
50.23997212213679 44.129224649519294 55.479347407449225
50.56374296132514 44.34400422084224 55.43610711329123
50.56366521916765 44.34395252226604 55.43612066926272
50.72197668446951 44.450572803109154 55.40768012842881
50.72197676182557 44.45057281384379 55.40768014150537
50.78647530356416 44.404010718126926 55.39176529719407
50.78651854284786 44.40397815459773 55.39175392472527
50.78656086849206 44.40394627923739 55.39174279254098
50.786602246077194 44.40391511801411 55.391731909687856
50.786642383434966 44.40388489124177 55.391721352972624
50.78666271443564 44.403869548586485 55.39171600979712
50.786670873925246 44.4038634365049 55.39171385942649
50.23997219462322 44.12922480267555 55.47934793506937
50.239972117776716 44.129224728030195 55.47934749606149
50.563819526198046 44.34405515175079 55.43609376001311
50.7219766959641 44.4505728448278 55.40768012221952
50.721976642314395 44.45057283949972 55.40768011272027
50.72197677496472 44.45057285510976 55.40768013571242
50.78644239465768 44.40403555020177 55.39177394627771
50.78648611192095 44.40400262638646 55.39176244813639
50.78652911865602 44.403970237505305 55.39175113689457
50.786571386484844 44.40393840502614 55.3917400200033
50.78661257514126 44.403907385564224 55.39172918690936
50.78665231170018 44.40387746027689 55.39171873565621
50.786673935424766 44.403861141382414 55.39171305283221
50.786687277442056 44.403851128716326 55.391709539079
50.23997218427019 44.129224865001504 55.4793479752271
50.23997211549792 44.1292247545927 55.47934752252143
50.23997211008687 44.12922479630971 55.47934755605221
50.69521601769576 44.51196138501789 55.421266834044
50.695213432466666 44.51196680993702 55.42126800209818
50.72197678612156 44.450572896980965 55.407680129405506
50.721976863910356 44.45057290851797 55.40768014240436
50.786453623925865 44.40402714179143 55.39177098647312
50.78649709520572 44.4039944027037 55.391759553097344
50.78654007540157 44.40396203310061 55.391748248928955
50.78658201008983 44.403930451120466 55.39173721970907
50.786622992083956 44.403899586773804 55.39172644103864
50.78666241529929 44.403869896993044 55.39171607226098
50.78668843582328 44.403850259146616 55.391709234040626
50.78670005417593 44.40384155174925 55.39170617268776
50.78670486810932 44.403837918469605 55.39170490760417
50.78670736530179 44.40383604607159 55.39170424972667
50.239972196386745 44.12922494339248 55.47934813584528
50.23997210431851 44.129224826397 55.479347572062906
50.239972096833405 44.129224854426 55.47934757773022
50.695207722747654 44.51197880976766 55.42127058011111
50.69520520668188 44.511984126701705 55.42127171339462
50.695196814806465 44.512001735074996 55.421275505129444
50.69521812592282 44.51195702120546 55.42126587580629
50.78650845279142 44.40398589675077 55.39175655966304
50.78655105830724 44.4039538089488 55.39174535408897
50.78659264120756 44.403922491485254 55.39173441744833
50.78663300820483 44.4038920900704 55.391723800559035
50.78667187910889 44.40386281589452 55.39171357709101
50.83676596678079 44.52077372998974 55.393806568544356
50.836762567512835 44.520696928165556 55.39379979908932
50.8367777665906 44.52078152009342 55.39380503023747
50.28686205948918 44.30695404521502 55.48714735903225
50.28694402642815 44.30726121382348 55.48715420420514
50.69518128615492 44.51203437506237 55.42128251612117
50.69517940707261 44.51203831778737 55.42128336516269
50.695194191520265 44.51200729843352 55.421276684825735
50.69520685009802 44.51198074142739 55.42127096486701
50.786520014879045 44.40397723648026 55.39175351248262
50.83667104459345 44.52096785085511 55.39384378454366
50.83670707788717 44.52098331627412 55.39383828179717
50.8367420518485 44.52099851636332 55.39383295914021
50.836775769055194 44.521013924656 55.39382790072766
50.83680795691626 44.52103004661227 55.393823208403134
50.83680379951842 44.520936047310904 55.393814922541154
50.970718328231186 44.54168826050706 55.35315643150565
50.28698693294369 44.307422008517705 55.487157784190906
50.33902896283845 44.47209628196751 55.48701737140303
50.69517441747849 44.51204880372223 55.421285618072005
50.69517042430657 44.512057224646256 55.42128741832338
50.695162138171625 44.5120746097592 55.421291162412714
50.69518308559363 44.51203066177619 55.421281697157454
50.83668080457048 44.52122208582828 55.393866483182805
50.83671673614081 44.5212351035386 55.39386076340634
50.836751613691156 44.521247649929286 55.39385520276035
50.83678544913779 44.52125972822441 55.39384979924225
50.970664340189984 44.541922026215325 55.35319766932726
50.970731706656686 44.54190117882032 55.35316825935756
50.970741442815914 44.54181470760176 55.353157215420524
50.97075383299929 44.54189480645694 55.35315863838609
50.339043267548554 44.47214704415419 55.48701664490296
50.33917840107226 44.47262750517364 55.487010024112706
50.33915392626669 44.472539554840424 55.48701097838009
50.33918387872551 44.47264581928425 55.487009450365164
50.69514690713642 44.51210662571948 55.42129803888852
50.695143399466694 44.51211398500291 55.4212996238427
50.695159470628234 44.51208026815992 55.42129236189937
50.695171948570575 44.512054091261156 55.421286723454855
50.836726663586646 44.52149164760081 55.393883652895695
50.836761318707886 44.52150131059339 55.39387785651671
50.83679504627358 44.521510250556005 55.393872170354584
50.970636243181914 44.54215454971186 55.353228155062254
50.97070502906015 44.54212913361282 55.353197789289695
50.97077126509339 44.542105429624485 55.35316861182912
50.97077667928908 44.54205732079071 55.35316246852348
50.97078233473755 44.54210161595289 55.35316374760329
50.3392691948027 44.472948476018885 55.48700509139111
50.470301856086 44.64044047885049 55.47222064992596
50.67799920597312 44.5522170395314 55.42701201636241
50.67800509225077 44.55220438992254 55.42700939411129
50.67799639374614 44.5522232141916 55.42701322068068
50.695148419128564 44.51210351808399 55.42129734956483
50.83677115410727 44.521759070308505 55.39390088148514
50.836804497984616 44.52176478099044 55.393894957451664
50.97060687780309 44.54239124026005 55.35325950177119
50.97067659528542 44.542361883980575 55.3532284320299
50.97074426541597 44.542333555186836 55.35319828815845
50.9707952745575 44.54231277999481 55.3531756130907
50.470340509835495 44.64043920074318 55.47221502857943
50.470413237334895 44.64043678014669 55.47220444184967
50.72837576718185 44.67135613434166 55.42875277180903
50.67798071968345 44.55225759149993 55.42701994682681
50.728448347470874 44.671418238122946 55.428744555154225
50.7453787625771 44.62935516711453 55.42339718117418
50.83681419614312 44.52202235808109 55.39391799140992
50.970576848213156 44.5426307031865 55.353291347391135
50.97064724477303 44.542597584902566 55.35325969206811
50.970715858193245 44.54256520937113 55.35322883074707
50.970781924906575 44.54253414286442 55.353199123636074
50.970798969431684 44.54239024977054 55.35318039909953
50.97080436245253 44.54252367027176 55.353189040886505
52.505388724965556 45.19588362874661 54.80383343648479
52.50538895659736 45.195883049043495 54.80383319723795
52.50538808262341 45.195885048899704 54.80383402313021
52.50538947797597 45.19588196224426 54.803832748081376
52.50538990227648 45.195880893163825 54.80383230688639
52.50539015643203 45.195880458806116 54.80383212704328
52.51867025659088 45.174773147890434 54.789374210058035
52.518670376924575 45.17477336836517 54.78937408146156
52.518670322435696 45.17477326237395 54.78937408593117
52.51867044406269 45.17477348521147 54.78937395589301
52.51867039776015 45.174773395056484 54.78937395892477
52.51867050841048 45.17477359574826 54.78937382285386
52.518670503761996 45.17477358636559 54.78937382026219
52.53161051466909 45.213413424228584 54.790598704754444
50.47043024511156 44.640436216660575 55.47220196772732
50.47052107514389 44.6404332360145 55.472188772962696
50.47052006350572 44.640433156904706 55.47218884824548
50.47052755426681 44.64043290510489 55.47218775625187
50.74430307194167 44.78867240968572 55.43989193697149
50.744265908441314 44.78865462722317 55.43989806002108
50.74436858674876 44.78870453646893 55.439881218171756
50.744434622185324 44.788737190179454 55.439870440504016
50.970546253774344 44.54287241333007 55.35332360829899
50.970617254181924 44.54283544981449 55.3532913915674
50.970686718357804 44.54279910495632 55.3532598571643
51.088449591281346 44.642065975345524 55.31863607361032
51.088568333084694 44.64199587084353 55.318586114290525
52.457504190530095 45.176757827900076 54.8310821710841
52.457502383067904 45.17675798181973 54.83108330550534
52.45749032005331 45.176759171648754 54.83109098784597
52.45752793634426 45.176755526575235 54.831067076473715
52.45752307809666 45.17675594294171 54.83107012747734
52.50538707371484 45.19588750590981 54.80383503734838
52.457543260807554 45.17675395144927 54.83105727356692
52.505387909580634 45.19588565632376 54.80383427331532
52.53161295043611 45.21342024495569 54.790598247153326
52.5316134329681 45.21342159893505 54.79059815272571
50.53497290306781 44.665755115180026 55.46421904022871
50.53497057224354 44.66575419851715 55.4642195909243
50.53499197186119 44.665755370784126 55.46421529266751
50.74433591088855 44.78876422985993 55.43989389873663
50.67378372861338 44.797425098994935 55.45273428486952
50.744401471382936 44.788796821654174 55.439883215336344
50.7444674349651 44.78882975995452 55.439872480405356
50.835726360113384 44.681430225672884 55.41042041874008
50.97058678467019 44.54307494750179 55.353323420990506
51.08822174615968 44.642235256608416 55.318737071406815
51.0883669995642 44.64214876991661 55.31867584981569
51.08850749632899 44.64206519485809 55.3186166447921
51.08856756331481 44.64200412065089 55.31858758953083
51.08856754172375 44.64202951723144 55.31859134779535
52.40404408329573 45.22917806184461 54.87687260469032
52.40404356527084 45.22917680535533 54.87687262840362
52.40403164465133 45.2291833459579 54.87688124095676
52.40406830046035 45.2291678429446 54.87685580616359
52.40406667282977 45.22916443391821 54.87685600327463
52.45748801707839 45.17675949687297 54.8310925215839
52.457481055832936 45.17676008542984 54.831096887778855
52.45751233474934 45.176757139936115 54.83107706332835
50.53505724188794 44.66576057365218 55.46420201250643
50.53505315391985 44.66575873117634 55.46420300291467
50.56026470676788 44.708140333977276 55.465044552614835
50.74436911608366 44.78885648345462 55.439895825167426
50.673807807877424 44.797516552918154 55.45273741585655
50.74443460119132 44.78888942888489 55.43988519193795
50.74450042826371 44.7889225326736 55.439874501856025
50.90760576799944 44.747766386531595 55.386244238987366
51.088136119928755 44.642320579829494 55.31877823321862
51.08828401536215 44.64223201235701 55.31871582307981
51.08842772935728 44.64214599359542 55.31865518405346
51.088566637357545 44.64206289130321 55.318596578770766
51.08858442896 44.642044530640156 55.3185879327318
51.08859327088898 44.642046962155575 55.31858534274515
52.403971334204655 45.22921719511112 54.87692498724961
52.4039710262053 45.22921532855368 54.87692474663349
52.40395119582489 45.22922569288725 54.87693895647786
52.4039965659109 45.229206541968296 54.8769074835775
52.40399558829684 45.22920249584421 54.87690714724746
52.40402143987397 45.22919604557484 54.876890229376215
52.40401956979463 45.22918997313713 54.876889965388685
52.404046228394094 45.22918554812743 54.876873026000354
50.579505179168216 44.739822417095745 55.46694549600716
50.56033306205602 44.708178905776904 55.46503409227222
50.673796777181266 44.79749571927337 55.452736275258246
50.673830537655306 44.797603757239926 55.45274038358528
50.673829289573774 44.79759905707786 55.45274022185845
50.673830328401664 44.797603096647485 55.45274035824727
50.744402785644425 44.78894931320501 55.43989770937674
50.74446799459159 44.788982407814416 55.43988714889818
50.744533442497826 44.789015498535676 55.439876537596284
50.74459911722938 44.78904846485602 55.43986586635884
50.882761808902885 44.8401381075324 55.39568960395175
50.953146931705234 44.7807109722278 55.375922519171844
51.09167757590016 44.74731847951873 55.321375230176
51.091826243868994 44.74725856976201 55.32131331056515
51.09197104699256 44.74720019755149 55.32125300230193
51.125423162854005 44.66496439305622 55.30751926201255
51.12544408081189 44.66495225904171 55.30751025703543
51.125482555179914 44.66493125418695 55.30749408405383
52.35386990209511 45.2555163035419 54.90945362684762
52.35386972755458 45.25551469766443 54.90945336971568
52.3538694225616 45.255515715559625 54.909453968746
52.35387053815357 45.25551708730833 54.90945317440817
52.35387012942844 45.25551336200916 54.90945258193172
52.35387116842726 45.25551785567878 54.909452723816955
52.35387052570488 45.25551206140247 54.90945180962866
52.403946421824685 45.22923665221288 54.87694430321618
52.403945881443704 45.22922847452484 54.87694276552931
52.40397251537787 45.22922555776176 54.87692618404945
50.673824288683115 44.79759846567318 55.452739828222974
50.67380315072734 44.79751875978265 55.452737087733524
50.673832467310184 44.79762469152849 55.4527408242252
50.6738234512799 44.79759072042516 55.45273965568026
50.67384042619635 44.79765013421236 55.452741792371846
50.67383890263882 44.797644395114894 55.45274159492759
50.67384827369251 44.79767514480818 55.452742745908765
50.673843970684544 44.79765893886042 55.4527421883067
50.67385607083093 44.79769995252646 55.452743692735766
50.753277718091056 44.85471853685485 55.44150145542618
50.75333140556892 44.85470407873117 55.44149043574593
50.7533854140794 44.85468947284066 55.44147934042444
50.75343952050625 44.85467477852583 55.441468215139544
50.91104907919318 44.85272285640876 55.38887406252486
50.95327542368655 44.780639773499566 55.37587285317878
51.09177061573468 44.74730887418144 55.321334159626474
51.09191890732053 44.74724871024027 55.321272430539004
51.09206362424468 44.747189956759826 55.321212192783065
51.09220484828177 44.74713258072682 55.32115341230487
51.125558096654075 44.66488976233618 55.30746225529829
51.09234160565289 44.747077012690774 55.32109649150676
51.125691762386126 44.664815890203144 55.30740580130619
51.12578584218769 44.66476379044431 55.30736603524719
52.28948987862219 45.221704709064184 54.93675559105691
52.28948745444454 45.22170225905518 54.93675620248375
52.28947784871531 45.22169722062834 54.936759625545314
52.28951352414725 45.22171945257281 54.936747666274385
52.28950682436019 45.22171279199872 54.936749379789575
52.35386892645041 45.25552302714083 54.90945649368252
52.28952549542059 45.22172278651051 54.93674276932088
52.353869586331676 45.25552384386914 54.90945602528631
52.35386888206281 45.25551721422544 54.90945494665428
52.353870239973006 45.25552463095411 54.90945555530998
52.35386932004324 45.255516066565505 54.90945417252834
52.35387088721134 45.25552538094845 54.90945508188286
50.67385085559533 44.79769861493653 55.452743272176306
50.67385874182269 44.79772368322283 55.45274422950252
50.673866500775475 44.79774833332565 55.45274517118879
50.67387421597041 44.797772832671896 55.452746107400586
50.7532116295095 44.85475047732722 55.441517268901414
50.75326473793315 44.85473619961493 55.44150637196596
50.75331810156085 44.85472180185036 55.44149541448866
50.753371778617975 44.85470726240188 55.441484383572266
50.75342549881286 44.85469265286061 55.441473334505176
50.92121234519034 44.920979415451626 55.39315076514799
51.06934049908128 44.95663547477861 55.34311225163654
51.1019115870067 44.815667962969826 55.32562759362234
51.10206663466697 44.81563854300326 55.325565975777096
51.10221876243144 44.81560942649578 55.32550550986395
51.102368032691125 44.81558061213776 55.32544617144387
51.102512360210795 44.815552888879495 55.325388802508755
51.12583027457464 44.66473915962453 55.307347246970096
51.1026546240773 44.815525186356844 55.32533224115956
51.12598090153102 44.664655385194784 55.30728347248767
51.199703247324464 44.89144394186353 55.289936966642856
51.240414676328584 44.69048109971974 55.25938597305627
51.31117450972053 44.77651474514162 55.24499351778309
51.32813889073013 44.727002598419475 55.23266261334133
51.45049294705602 44.66436397493822 55.191100997304076
51.45047556269718 44.664358954829154 55.19110696756988
51.51292998909959 44.64598108579126 55.17743896014437
51.51291514514856 44.64597887522131 55.17744360539871
51.513140758113224 44.64599229654505 55.17737679893666
51.51313345849789 44.64599129369126 55.177379067427054
51.62045381564246 44.67452751099839 55.14076318556913
52.232981065582436 45.21096385544797 54.960101345348946
52.232976939751026 45.21096003925871 54.960102432497386
52.08738085981139 45.07026667538174 55.009110615538546
52.28941219327879 45.22166494766133 54.936783486003854
52.289405818805974 45.221658279788905 54.93678504547567
52.28943756755932 45.22168073697976 54.9367749749522
52.289427048024365 45.22166980426873 54.93677756369668
52.28946259506172 45.22169630054981 54.93676657808274
52.289447806766134 45.22168107015855 54.93677024704424
52.28948729132472 45.22171164399778 54.93675828931744
52.289468091571514 45.22169207573765 54.93676309677137
52.28951157991371 45.221726733068664 54.93675013714456
52.353869271902724 45.25553195323933 54.90945857832669
50.67388571499079 44.79782525432102 55.45274772459132
50.67389311240654 44.7978485112734 55.45274861898834
50.75314594410464 44.85478258977788 55.44153304422444
50.753198884980335 44.85476828627482 55.44152217040576
50.75325183751201 44.85475395833994 55.44151129080949
50.75330489409183 44.85473956944245 55.44150038461959
50.75335830128749 44.85472504804889 55.44148940041059
50.75341191065755 44.85471043212911 55.44147836833215
51.06965171620868 44.95687773973363 55.34299873035236
51.0697607560638 44.95696261901303 55.34295895633754
51.31122392757199 44.776585924793885 55.24497854164956
51.51298925108277 44.64598992284568 55.17742041253989
51.620414531351244 44.67453581134778 55.140772701380584
51.62047866660658 44.67452309520115 55.14075693138608
51.620475720405636 44.67452320007004 55.14075779045295
51.83865831384628 44.72864157076634 55.08879114540719
51.70045040729923 44.65821562175495 55.121172372289735
51.838675707910696 44.72867493803923 55.08878776109421
51.83865144361222 44.728622290412304 55.08879199487944
51.838692784559356 44.72870769226825 55.08878443820919
51.83867167579726 44.7286619540275 55.088788126399464
51.83870972412857 44.72874018225587 55.08878114189312
51.83869015475119 44.7286978355858 55.08878456559334
51.83872657082379 44.72877249290227 55.088777863553034
51.83870728540559 44.72873082479806 55.0887812426932
51.83874307030799 44.72880413289613 55.08877465240201
51.83872449048674 44.72876403874667 55.08877791185782
51.85800454867721 44.81483903681586 55.08559997431047
51.83874151359112 44.72879692003618 55.08877461774122
51.858021729114725 44.8148730446425 55.08559628424743
51.838758185515076 44.72882910173436 55.08877138988301
51.875589873849755 44.81701897393322 55.0796576482845
51.87558020191963 44.816985987642965 55.07965898250109
51.87559582945501 44.8170371564285 55.07965688070016
51.87558689361497 44.81700667976488 55.07965811339595
51.90456784283787 44.91864889812663 55.07321333470351
51.87559354988575 44.81702730999831 55.07965724768371
51.9045687274685 44.91864972947976 55.07321313507928
51.875599836953015 44.81704672033122 55.079656431906486
51.90456959666581 44.91865055219995 55.07321293796701
51.9045693152574 44.918649833059995 55.073213076646
51.90457044755506 44.91865136873543 55.07321274316392
51.904570179653405 44.918650679112645 55.07321287601334
51.90457128340127 44.91865217648325 55.07321255087095
51.9045710216741 44.91865150924177 55.073212679585936
51.90457210217586 44.91865297694454 55.07321236098246
51.904571838337624 44.918652311520766 55.073212489545256
51.90457290046247 44.91865377173526 55.07321217347136
51.90457262946936 44.91865308585555 55.07321230591914
51.904573678034666 44.91865456019653 55.07321198846248
51.9045734015601 44.91865386024108 55.07321212362278
51.90457444090353 44.91865533917849 55.073211806054196
51.904574143928045 44.91865458953792 55.07321195087018
51.904575183058114 44.9186561111343 55.073211626263344
51.90457486700683 44.91865531802951 55.073211779606275
51.904575910866654 44.918656873469054 55.07321144907141
51.904575555300994 44.91865598014657 55.07321162176126
51.90457662066997 44.91865762745647 55.07321127452496
51.904576223184094 44.91865663637555 55.073211466324196
52.00164914970691 45.00189958168116 55.039497314237806
51.904576870625846 44.91865728606581 55.07321131340478
52.087198827069926 45.07008558570049 55.009181221826594
52.066558537974714 45.04680312329405 55.014455468864504
52.08726041446582 45.070146859118104 55.009157332288915
52.08721516941158 45.0701018340864 55.009174885223274
52.08732096051014 45.07020709661862 55.009133846657996
52.087270066985184 45.07015645103536 55.00915359082353
52.08738062307741 45.07026645517912 55.009110703716914
52.08732238623894 45.07020850243593 55.00913329663399
52.232982705513294 45.21096538326972 54.96010091157302
52.08737093552908 45.070256802225714 55.009114465006746
52.28940735205914 45.221671097683206 54.93678707257528
52.28943319247368 45.221687165517174 54.93677840270084
52.289458903867725 45.221703096824434 54.93676976405457
50.70555889372575 44.919766209891364 55.45131912870053
50.753133177465855 44.85480076302355 55.44153800723605
50.75318611818592 44.85478626661691 55.44152710277504
50.753238994324605 44.85477181903503 55.44151621656691
50.75329191428932 44.85475735943579 55.44150532132906
50.75334507135285 44.85474281588228 55.44149437422926
50.753398567078904 44.85472817769925 55.44148335707206
51.904569558931016 44.91865194201918 55.07321271082567
51.90457041925525 44.918652770008215 55.07321251346582
51.904571267084066 44.91865358500116 55.07321231913287
51.90457210092269 44.918654389038835 55.07321212759441
51.90457292497372 44.91865518101501 55.073211938738055
51.904573727807225 44.918655966606266 55.07321175242845
51.90457450921026 44.91865674517433 55.07321156878611
51.90457527031204 44.91865751575225 55.07321138789153
51.90457600977446 44.918658278247754 55.073211209854044
51.90457674108518 44.91865902938177 55.07321103426793
52.00165082100986 45.00190236277321 55.03949647277682
52.08720650395976 45.07009324182001 55.00917823961298
52.087269820393374 45.07015623499785 55.009153679497736
50.705578431469895 44.91981219115223 55.4513171793665
50.753173465837364 44.85480441267965 55.441532042899524
50.75322635309826 44.85478977505577 55.441521124671986
50.753279222659984 44.854775187433255 55.44151021726873
50.753332394208215 44.85476054314272 55.44149925180092
50.75338591822312 44.85474583504047 55.44148821893273
50.753214114664715 44.85480785694201 55.44152598735626
50.7760988818181 44.911178625961554 55.43848249711459
50.776132266428775 44.911144805955296 55.438473985121625
50.68150254073067 43.7201291305301 55.15082786792931
50.68153000603418 43.72012702321166 55.150818801462705
50.681557375985506 43.72012492525741 55.15080976276466
50.68144156078634 43.7201336818455 55.15084822853943
50.681469802515345 43.72013150812721 55.15083891812965
50.681497971618754 43.72012934186935 55.15082962827593
50.68152589663825 43.720127198276735 55.15082041186771
50.681553756765936 43.72012506142741 55.15081121368663
50.68158117393467 43.72012296449648 55.150802150990906
50.681608382113374 43.72012088671659 55.150793151643214
50.68163508778982 43.72011885351363 55.150784307273575
50.68166114891544 43.720116876834496 55.15077566287596
50.681666374308016 43.72011648233408 55.150773926308496
50.68137848561605 43.72013840575568 55.15086925937117
50.68140743801892 43.72013617114652 55.15085972588305
50.681436406644465 43.72013393601693 55.150850185728586
50.68146513935568 43.720131723162275 55.1508407158946
50.68149365533925 43.72012953069441 55.150831310800584
50.68152194651894 43.7201273591939 55.150821973183284
50.68155001094756 43.72012520869836 55.150812703887915
50.681577645995304 43.720123096893026 55.15080356593312
50.68160518385697 43.72012100877422 55.15079443067914
50.68159873487625 43.720121489020755 55.15079658588857
50.6816332921327 43.72011891821736 55.150785032311845
50.681660795017976 43.720116886380765 55.15077581157389
50.575883924063916 43.728114306287 55.18066986034552
50.68134285736654 43.72014101674449 55.15088124250087
50.68137256904687 43.72013871842596 55.150871468241476
50.68140205937699 43.72013644025795 55.150861761317806
50.68143138535974 43.72013417801725 55.150852102640506
50.68146047262172 43.72013193831758 55.150842515118214
50.681489235730496 43.72012972862152 55.15083302530961
50.681517684658246 43.72012754775881 55.15082363065619
50.68154727255009 43.72012533125246 55.15081376634905
50.68152113888512 43.72012728359486 55.15082248882494
50.681576509567755 43.72012314647835 55.150804009158485
50.575875551639925 43.728115630526155 55.18067061026902
50.5758841616257 43.728114269306026 55.18066983886549
50.68133660076646 43.720141354651915 55.150883565160356
50.68136681075582 43.72013901627831 55.150873629703625
50.68139664418007 43.720136712389724 55.15086380842928
50.68142618800799 43.720134435772266 55.15085407360786
50.68145594693961 43.72013216547396 55.1508442264622
50.68144801777109 43.7201327580382 55.150846872557345
50.68148701032131 43.72012983872112 55.15083386972321
50.681517431250725 43.72012756044231 55.150823726544516
50.57585804036397 43.72811839992949 55.180672178866786
50.57586687049364 43.72811700423184 55.18067138762875
50.57587571576106 43.72811560531999 55.18067059531316
50.57588448670528 43.7281142181112 55.18066980967254
50.575893157491876 43.728112846896536 55.18066903295134
50.681360701188716 43.72013934628586 55.150875897705134
50.681391859382714 43.72013697358863 55.15086557967216
50.68137845238928 43.720137978143974 55.15087004906321
50.68142417236285 43.72013454390874 55.150854823194976
50.575848932510596 43.72811984112914 55.180672994445914
50.575857973730876 43.72811841184676 55.18067218436728
50.57586698211375 43.72811698728227 55.180671377391505
50.575875920671834 43.728115573634604 55.18067057671313
50.575884708534936 43.72811418433238 55.1806697893593
50.575893319378565 43.72811282313657 55.1806690178246
50.57589107880851 43.7281131775859 55.18066921849166
50.68135863252797 43.7201394629556 55.150876656708974
50.575839585124065 43.7281213200091 55.18067383155005
50.57584881258079 43.72811986135885 55.18067300476004
50.575857984349554 43.7281184111762 55.180672183073625
50.57586707160276 43.72811697430281 55.18067136897709
50.57587603086454 43.72811555797409 55.18067056624276
50.57588473807574 43.72811418082099 55.18066978631915
50.57587756232948 43.728115316075936 55.180670428956844
50.575829918966924 43.72812284967226 55.18067469708299
50.575839332838484 43.728121361701135 55.180673853540114
50.57584871828115 43.72811987758543 55.18067301276126
50.57585798123192 43.72811841308054 55.18067218287374
50.57586702743093 43.72811698346517 55.18067137219488
50.57586526733296 43.72811726199589 55.18067152979988
50.57587601656621 43.72811556068676 55.18067056737029
50.57581995849341 43.728124425880445 55.18067558898012
50.575829569889365 43.7281229068358 55.18067472768773
50.57583916950431 43.72812138878072 55.18067386774719
50.575848635004135 43.72811989225532 55.180673019711776
50.57585789025575 43.72811842945378 55.18067219034903
50.575855488736806 43.72811880952209 55.180672405377294
50.57581950442649 43.72812449983462 55.18067562892607
50.575829319332286 43.72812294773857 55.1806747496981
50.57583902178333 43.72812141352166 55.180673880511364
50.57584848866536 43.72811991750916 55.1806730321038
50.57584691002312 43.72812016738602 55.180673173439956
50.5203488211229 43.73516330392867 55.195757662477604
50.575819129022264 43.72812456080436 55.180675662010344
50.575829099793836 43.72812298369996 55.1806747689421
50.57583881684452 43.72812144811648 55.18067389812765
50.575839711964406 43.728121306739546 55.18067381788285
50.520312683854854 43.735169150535214 55.19576471415738
50.52034455752003 43.73516400752469 55.19575860614072
50.575818843015114 43.728124606984146 55.18067568730805
50.57582888060148 43.72812301987134 55.18067478806522
50.575838788033536 43.72812145300165 55.18067390059684
50.575833438881645 43.7281222998511 55.18067437945518
50.5203078722065 43.73516994286383 55.19576576528969
50.520340311499645 43.73516470836902 55.195759547125526
50.57581849401939 43.72812466401212 55.180675717947054
50.575828630284015 43.728123061595724 55.180674809762344
50.575826995724455 43.72812332062317 55.180674956003045
50.52026999464462 43.735176070816934 55.19577315483416
50.5203030653029 43.73517073451522 55.195766816228456
50.52033608178442 43.73516540667493 55.19576048573491
50.53700031051392 43.73504237528541 55.193411310816735
50.575821452933596 43.7281241990105 55.180675451896576
50.520264694239714 43.73517694236861 55.19577430253659
50.52029840269411 43.73517150290949 55.19576783972397
50.52033167374006 43.73516613394343 55.1957614600409
50.53699737436011 43.735042821276515 55.193411950953745
50.53698967968312 43.73504402620864 55.193413550653474
50.520259362090684 43.73517781915714 55.19577545725124
50.52029360491457 43.735172293288954 55.19576889053607
50.520327256967484 43.73516686272705 55.19576243688405
50.5203405484247 43.735164717873886 55.19575988823253
50.520219129420994 43.73518432797466 55.19578330501986
50.520254041496145 43.73517869417985 55.195776610549885
50.520288715897905 43.735173098540955 55.19576996005372
50.52032263132887 43.735167625405104 55.19576345531225
50.52032307411819 43.73516755396941 55.19576337054929
50.520213106086544 43.73518531676633 55.195784596043325
50.520248599455414 43.73517958896643 55.19577778848002
50.520283806690955 43.7351739071715 55.19577103441802
50.52032238620323 43.735167665663674 55.195763508003154
50.520306385223606 43.735170263542656 55.19576670404592
50.52020709638994 43.735186303456274 55.19578588525356
50.52024318901093 43.735180478754984 55.19577896116685
50.52027870820578 43.73517474653445 55.19577214660225
50.52029287781225 43.735172459833095 55.19576942842666
50.520164059052306 43.735193265891155 55.19579427912656
50.520200805692674 43.73518733572633 55.19578723024717
50.52023749451471 43.73518141461308 55.19578019019849
50.52027341875552 43.73517561689348 55.19577329686075
50.520278353575435 43.7351748204887 55.19577235004567
50.52015710473907 43.735194405597994 55.19579575419151
50.52019446259613 43.73518837658017 55.19578858632543
50.52023167297661 43.735182371131714 55.19578144488361
50.52027067470965 43.73517606817465 55.19577389163567
50.52026287282659 43.73517733577475 55.195775457322505
50.520149907973874 43.735195584633246 55.19579727739666
50.52018791898482 43.73518944997708 55.19578998235737
50.52022567533679 43.735183356240015 55.19578273472895
50.520248067848186 43.73517974221383 55.19577843666045
50.52014260274056 43.73519678131189 55.19579882253258
50.520181215696226 43.73519054930376 55.19579141032362
50.520219365714546 43.7351843918953 55.195784086034045
50.52023249389787 43.73518227300575 55.195781565580944
50.52009575788021 43.73520435969231 55.19580795883043
50.52013520746975 43.73519799265385 55.19580038601754
50.52017449599659 43.735191651394345 55.19579284237301
50.52021323852519 43.73518539816828 55.19578540281911
50.52021977220377 43.73518434361095 55.195784148259676
50.520087722686384 43.73520567464458 55.195809647818244
50.52012785107973 43.735199197822745 55.195801942866055
50.52016773616619 43.73519276009355 55.19579428319196
50.52020701999038 43.73518641932706 55.19578673829646
50.52020891212212 43.73518611392197 55.195786374909204
50.52007957836633 43.735207007355285 55.19581135893455
50.52012045577669 43.73520040940745 55.19580350828058
50.52016101883048 43.735193862055425 55.195795716834695
50.52020093560814 43.735187418940114 55.19578804888064
50.52020157210186 43.7351873162065 55.19578792665318
50.488782685195346 43.74549855024121 55.20559596585012
50.520112864998325 43.735201652716356 55.19580511263671
50.520154153689504 43.73519498804056 55.19579718021036
50.52019930630075 43.73518768636609 55.195788397766066
50.52019253348483 43.735188792861194 55.19578980626069
50.48877206129601 43.74550053725639 55.205597966512656
50.52010524641971 43.735202900656006 55.19580672349439
50.52014721981185 43.73519612527555 55.19579865804383
50.520186227808225 43.73518982851661 55.19579116196577
50.48876136718603 43.745502537555296 55.205599980348246
50.488813399501886 43.74549294697927 55.20559013646398
50.5201400926984 43.73519729386795 55.19580017434565
50.520179733052416 43.73519089484549 55.195792555235435
50.488750344649006 43.74550460235666 55.20560205504504
50.48880313719582 43.74549487184227 55.20559206727425
50.52013264666505 43.73519851409549 55.195801753183616
50.520170304249746 43.73519243496045 55.195794513675125
50.488738993177236 43.74550673189188 55.20560419065488
50.48879257271987 43.7454968561526 55.205594054047324
50.52012492465303 43.73519977900129 55.195803386101765
50.52016061168841 43.735194017794704 55.195796523956886
50.48872731487717 43.745508925882156 55.20560638674413
50.48878165719293 43.745498909679235 55.205596105787265
50.48883527481091 43.74548902805358 55.20558596161311
50.52014805348031 43.735196063372626 55.195799086255185
50.48871559592715 43.74551112734764 55.20560859052943
50.48877051494364 43.745501007969175 55.20559819946585
50.48882485450932 43.74549099370278 55.20558791857042
50.52013607127381 43.735198016089385 55.195801538822735
50.48870354549775 43.74551339430849 55.205610855615305
50.48875924207367 43.74550313205117 55.20560031730549
50.488814189827686 43.74549300776399 55.20558992068051
50.48884550833662 43.74548724365386 55.205583992868014
50.350437948592145 43.88431752824524 55.311576812505024
50.488747878275305 43.74550527377581 55.20560245206433
50.48880349577463 43.745495027794405 55.20559192816904
50.48883671788576 43.74548891337349 55.20558564003818
50.35038548366887 43.88443710875216 55.31166456146066
50.431023642903206 43.86674316557355 55.29727364227401
50.4311198096947 43.86666623638645 55.29721321861055
50.4311872471414 43.866614315485364 55.2971722179163
50.430915031640026 43.8668838428628 55.297378304270495
50.43101240106337 43.86680596182871 55.29731713187689
50.43110171437469 43.866735560771794 55.2972617223317
50.430802829350284 43.8670292728697 55.297486495428615
50.43090396919767 43.86694713299059 55.297422112677495
50.43100334488609 43.86686646615687 55.297358880222845
50.431092071628825 43.86675031597932 55.297272548298096
50.43103252028379 43.86684316092353 55.297340571574104
50.29175262712023 44.00372887282448 55.396559149725064
50.29176333479009 44.003702706395266 55.396541070835774
50.43089515894742 43.86700805311425 55.29746412119721
50.43095659184738 43.86695800660304 55.297424910297366
50.29169979155033 44.00385811440261 55.39664860570744
50.291711312605074 44.00382995904914 55.396629151052466
50.29172396560756 44.00379903632678 55.396607782827715
50.43088903525539 43.86706605135531 55.297503918521166
50.430893154174214 43.86706060491585 55.29749987390798
50.430890407661934 43.86706508439474 55.29750314483381
50.239970308504056 44.1292205880239 55.47933389140627
50.291657707876226 44.0039610803676 55.39671990596042
50.29167144626912 44.00392750450813 55.396696703671935
50.29168432642745 44.003896021202664 55.39667494119425
50.29168893611345 44.00388475232488 55.39666715006231
50.23997036236828 44.12922065631157 55.47933422102558
50.23997034839206 44.12922065725166 55.47933416109711
50.23997033322419 44.129220657571366 55.47933409509777
50.23997032155388 44.12922065839314 55.4793340451072
50.23997042968025 44.12922072294882 55.479334607284144
50.23997041468296 44.129220723273676 55.47933454203912
50.23997039909422 44.129220722322714 55.479334472453125
50.23997038095493 44.12922072225524 55.47933439290732
50.23997037755879 44.12922071925016 55.47933437390893
50.239970380452405 44.12922072243967 55.47933439095915
50.23997049734494 44.129220791705414 55.47933499799525
50.239970481009294 44.12922079163808 55.47933492634995
50.23997046466598 44.12922078975095 55.47933485217439
50.2399704456796 44.12922078871577 55.47933476759066
50.23997043948849 44.12922078850148 55.479334740178516
50.23997056519916 44.1292208626799 55.47933539257926
50.239970547548 44.12922086206961 55.479335314426905
50.23997053014936 44.12922085947739 55.479335234661505
50.23997051070106 44.12922085707832 55.479335146183345
50.2399704980967 44.12922085596706 55.47933508944948
50.23997061433127 44.12922093448194 55.47933570629257
50.239970595837335 44.12922093113724 55.479335620697256
50.23997057555225 44.12922092769757 55.47933552712621
50.23997055660492 44.12922092523299 55.479335440752465
50.23997068052236 44.12922100947791 55.47933609910892
50.2399706614483 44.12922100490355 55.47933600928555
50.23997064064068 44.12922100014053 55.479335911610214
50.23997061764618 44.129220995616485 55.479335804683714
50.23997058522737 44.12922095994755 55.47933561374907
50.23997061357706 44.12922099489218 55.47933578586658
50.239970746851725 44.129221086349865 55.47933649510456
50.23997072676648 44.129221080841134 55.47933639957024
50.2399707055742 44.12922107465901 55.47933629826312
50.2399706816886 44.12922106900249 55.479336185879774
50.239970670736746 44.129221066741195 55.47933613480643
50.23997081337885 44.12922116502518 55.47933689444055
50.23997079177478 44.12922115884808 55.47933679133661
50.23997076966623 44.12922115160973 55.47933668456696
50.239970745474224 44.12922114440339 55.47933656871534
50.23997072715579 44.12922113988788 55.47933648228252
50.23997087954561 44.12922124581572 55.47933729510006
50.23997085674357 44.12922123866567 55.47933718541389
50.23997083382527 44.129221230263134 55.479337073500254
50.23997080888903 44.129221221796755 55.47933695266008
50.23997078326056 44.1292212147771 55.479336830772596
50.23997092184363 44.12922132016225 55.479337582369624
50.23997089799214 44.12922131062957 55.479337464817974
50.23997087257493 44.12922130073984 55.479337339918416
50.23997084407821 44.1292212913892 55.47933720226951
50.23997079829873 44.12922123544588 55.47933692499818
50.239970836345876 44.12922128893032 55.47933716502722
50.239970987314585 44.12922140321787 55.4793379830888
50.23997096184431 44.12922139284146 55.47933785728905
50.23997093559262 44.12922138170892 55.479337727029254
50.23997090706166 44.129221370618154 55.47933758684322
50.23997088886662 44.12922136469729 55.47933749902286
50.23997105271587 44.12922148805857 55.479338385951806
50.239971025699084 44.129221476696216 55.47933825202545
50.239970998748746 44.12922146423065 55.47933811687665
50.23997096945492 44.12922145177633 55.4793379714784
50.2399709389736 44.129221440427024 55.4793378223947
50.23997111857368 44.129221574458604 55.4793387929537
50.2399710898041 44.129221562089384 55.47933864996848
50.23997106158872 44.129221548493895 55.47933850772846
50.23997103210609 44.12922153442893 55.47933835929349
50.23997099978785 44.1292215205904 55.47933819874875
50.239970944953846 44.12922144981334 55.47933786146643
50.2399709852036 44.129221514901644 55.47933812706272
50.23997115338055 44.12922164931716 55.479339048113204
50.239971123887145 44.129221634529394 55.479338898639526
50.23997109398606 44.12922161896944 55.47933874632062
50.23997106158228 44.129221603432775 55.479338583071595
50.23997102940979 44.1292215898185 55.479338423472846
50.23997121664098 44.12922173824737 55.479339447209355
50.23997118567931 44.129221722258066 55.47933928965591
50.23997115450138 44.12922170547981 55.47933913007293
50.23997112165591 44.129221688407455 55.479338962782336
50.239971086233474 44.12922167140262 55.47933878429677
50.23997103844938 44.12922160559299 55.47933848470906
50.239971070722305 44.12922166443972 55.479338706802665
50.239971278701105 44.129221829072705 55.479339843647814
50.23997124561252 44.12922181197696 55.47933967526026
50.2399712136293 44.12922179380105 55.479339510232535
50.239971180400374 44.12922177519452 55.47933933915748
50.23997114481254 44.12922175652623 55.47933915766538
50.23997111338308 44.129221742317156 55.47933900050532
50.239971304608616 44.12922190327258 55.479340058923
50.239971271181716 44.12922188382333 55.47933988582469
50.23997123684289 44.129221863874065 55.47933970804604
50.239971200261635 44.129221843790674 55.47933952026129
50.23997116067011 44.12922182384412 55.47933931947853
50.2399711390583 44.12922179069562 55.47933917933824
50.239971154465614 44.12922182093821 55.47933928831515
50.2399713625376 44.129221996085214 55.47934043999281
50.23997132699107 44.12922197541741 55.47934025593847
50.23997129172538 44.129221954054 55.47934007215996
50.239971254478476 44.12922193246453 55.47933987939311
50.23997121383583 44.12922191101606 55.47933967194588
50.239971197148165 44.12922190294668 55.479339587780586
50.239971418887926 44.12922209065863 55.47934081656354
50.2399713823751 44.12922206848438 55.4793406262099
50.239971345502035 44.12922204577635 55.479340433545985
50.239971307139186 44.12922202274696 55.479340233915764
50.23997126563599 44.12922199973458 55.479340020553636
50.239971237967 44.12922198556198 55.479339879915145
50.23997147467448 44.12922218623238 55.479341192037126
50.23997143577277 44.129222162674694 55.47934098932181
50.239971397627144 44.12922213851519 55.47934078909263
50.23997135851421 44.12922211396946 55.47934058409659
50.23997131650213 44.12922208933577 55.479340366281136
50.23997127540392 44.12922206723418 55.47934015594252
50.239971488976686 44.129222257954446 55.479341353079676
50.239971449363125 44.129222232299966 55.4793411443697
50.23997140914358 44.129222206250915 55.47934093246414
50.23997136666469 44.12922217999773 55.47934071038222
50.23997132160126 44.129222153651696 55.4793404768521
50.23997128347756 44.12922208680972 55.47934021816232
50.239971306830476 44.12922214580776 55.47934040139227
50.23997154233815 44.12922235435009 55.47934171905851
50.23997150029644 44.1292223271668 55.47934149761547
50.239971458797314 44.12922229958215 55.47934127799837
50.23997141641398 44.12922227168424 55.47934105407859
50.239971371692874 44.129222243612276 55.479340819680125
50.23997133180362 44.12922222086078 55.4793406137453
50.239971551500474 44.12922242308568 55.47934185349038
50.23997150868628 44.12922239390367 55.47934162592161
50.239971465546205 44.12922236441693 55.479341396507394
50.239971420540925 44.12922233470104 55.479341158608875
50.23997137295917 44.12922230485352 55.47934090924434
50.23997133676559 44.1292222405434 55.4793406624824
50.239971347451466 44.12922228994356 55.47934077706105
50.239971603582795 44.12922252016411 55.479342214803076
50.23997155788797 44.129222489289035 55.479341972293945
50.23997151399833 44.129222458194775 55.479341737391124
50.23997146892778 44.12922242684898 55.47934149697056
50.239971421369006 44.12922239531095 55.47934124538756
50.2399713703326 44.12922236368685 55.47934097845372
50.23997135458292 44.12922233473634 55.479340869749876
50.239971358119504 44.129222356684345 55.47934091535147
50.23997160770193 44.129222585800775 55.47934232289337
50.23997156191902 44.12922255302159 55.47934207738616
50.23997151535737 44.129222520026794 55.47934182817209
50.239971466828194 44.12922248682317 55.479341570053464
50.23997141650146 44.1292224534812 55.47934130387138
50.56323714660864 44.19263329737417 55.40893399946153
50.23997160867479 44.12922264886867 55.47934241367839
50.23997156004317 44.12922261412545 55.479342152998825
50.23997151039336 44.1292225792258 55.47934188764473
50.46373544828194 44.18833218939949 55.44107237781914
50.56342443637034 44.19269195621076 55.408903151566946
50.56334254897564 44.19266472073108 55.408915376637324
50.563551727618645 44.1927274337184 55.408878697269316
50.23997165616598 44.1292227458936 55.47934275480773
50.239971603643156 44.129222709114075 55.47934247429039
50.23997155100454 44.129222672321006 55.479342193247234
50.463892193580016 44.188375212642526 55.44104394634006
50.56354480690005 44.19273220218979 55.408885349086304
50.563814968662925 44.19280746430687 55.408833419686
50.239971644905424 44.129222804812684 55.47934278631642
50.2399715884773 44.12922276588881 55.479342485751296
50.46405144130665 44.18841891946158 55.441015048027324
50.563665922847534 44.192772831528224 55.40886754294957
50.6590371447989 44.21574445157342 55.39278925242274
50.65902111889697 44.215739941143255 55.39279233101277
50.659059271404274 44.215749301443736 55.392784167002205
50.23997162399467 44.129222859898086 55.4793427702961
50.46421240214784 44.188463093054395 55.44098582545254
50.598445512392274 44.26890048513432 55.41939270978318
50.65915441375424 44.2157776148382 55.392766820923256
50.65931169109053 44.2158120607413 55.39273065688896
50.463115985156314 44.19125260552639 55.441943847266444
50.5981611079766 44.268833581093034 55.419448880739935
50.59857725356221 44.268957993595464 55.41936551415057
50.59898132528289 44.26907868016957 55.41928457148059
50.65960984738073 44.21588486490835 55.39266664711581
50.463280705033426 44.19129657591842 55.441913473764295
50.59829526963916 44.26889244547714 55.419421172162515
50.598712299156446 44.26901684546806 55.41933764077193
50.599119288601216 44.269138035384195 55.41925612995918
50.759410446193044 44.37467894895996 55.39145875193561
50.792728848599424 44.29428702008982 55.364285652593715
50.75942864860917 44.37467384081191 55.39145529293198
50.59843440742921 44.26895313285325 55.41939245184218
50.59885210279404 44.269077438980915 55.41930880005574
50.75933183292895 44.37471211972692 55.391475531620756
50.759396135271096 44.37469374147711 55.391463257063364
50.75945908764484 44.37467570422922 55.39145123277041
50.759461056799886 44.37467339425313 55.391450567380716
50.8089516338326 44.38308785148799 55.38095324288176
50.59899819683078 44.269140230397504 55.4192786851069
50.75931587492888 44.37472783256433 55.39148042564851
50.75938180159021 44.374708756357634 55.3914678023027
50.786708896162864 44.40383446831515 55.39170390303518
50.80895700203075 44.383084000883585 55.38095204939926
50.80896229904127 44.38308011076599 55.380950654744545
50.80896860637844 44.383075524630236 55.38094910420001
50.239972095154215 44.12922387789286 55.47934623065652
50.23997209202125 44.129223850351494 55.479346179149275
50.23997208880044 44.12922382248635 55.479346126812985
50.75923275140045 44.37476310803191 55.39149820143603
50.759300329950875 44.374743583376834 55.39148526668747
50.786642777211654 44.403884296782 55.3917212886313
50.786682443140144 44.40385442635492 55.39171085573514
50.786721168003425 44.403825265070665 55.391700670294696
50.80896756123865 44.383076357006026 55.38094953468496
50.80897840044502 44.38306839648229 55.38094668028198
50.837487862216804 44.364721396882125 55.36995679002682
50.837488943827395 44.364720605710176 55.369956428031315
50.837490645344374 44.364719360221684 55.369955874489186
50.2399720947822 44.12922402683335 55.47934643336043
50.23997208735612 44.129223997226916 55.4793463602155
50.239972080936916 44.129223967996225 55.479346291996265
50.239972075016745 44.12922393884966 55.47934622607837
50.23997206958118 44.12922390973852 55.47934616233175
50.23997206384003 44.12922388026345 55.479346096747264
50.23997205779196 44.129223850392705 55.479346029275575
50.23997205216735 44.1292238204022 55.4793459634945
50.239972049427514 44.12922379125425 55.479345911505
50.78657497708982 44.40393539172193 55.391739116345825
50.786615190178054 44.40390511010825 55.39172853942401
50.786655174976524 44.403874999753754 55.39171802263293
50.786694538109906 44.403845357522854 55.391707669354446
50.78673335813649 44.403816124187784 55.39169745893537
50.80897768599171 44.38306902454344 55.3809471160356
50.837498692485866 44.3647134674099 55.369953300649
50.83750641178047 44.3647078201271 55.36995073188697
50.83751314994835 44.364702888851504 55.36994852193554
50.23997210095018 44.12922415351403 55.479346634172174
50.239972089543514 44.12922412118945 55.47934653986249
50.2399720789331 44.12922408932713 55.479346449674715
50.239972069397126 44.12922405801265 55.47934636494475
50.23997206040926 44.12922402692821 55.47934628293119
50.2399720509444 44.12922399554022 55.47934619841189
50.23997204124766 44.12922396393737 55.479346112582135
50.23997203235939 44.129223932569616 55.4793460306161
50.239972024716565 44.12922390157603 55.47934595461871
50.23997201850864 44.129223870966634 55.4793458854335
50.23997201489189 44.12922384115924 55.47934582869834
50.23997201396587 44.12922381206991 55.47934578473419
50.78662760023694 44.403895804867574 55.39172527005441
50.78666722067917 44.403865969073486 55.39171484907202
50.786706336438385 44.403836513110086 55.39170456085999
50.78674459682418 44.40380770152459 55.391694497596006
50.83747687400488 44.364729432715166 55.36996050013016
50.83750814914335 44.36470654785877 55.36995017658826
50.85998514419991 44.34603400950391 55.35884356824907
50.85998719981365 44.346032638134346 55.358843102147745
50.23997209905163 44.129224249848875 55.47934675801917
50.23997208415316 44.12922421477258 55.479346644639705
50.23997207010264 44.12922418032512 55.47934653583705
50.23997205693029 44.12922414646711 55.47934643168969
50.239972042307485 44.12922411193844 55.479346320268874
50.239972028074476 44.12922407767887 55.47934621092469
50.23997201573165 44.12922404007286 55.479346105268874
50.2399720188347 44.12922405409488 55.4793461380977
50.23997200428517 44.12922400721501 55.47934601005318
50.239971995437045 44.1292239797907 55.4793459336731
50.23997200123195 44.12922400321686 55.47934599119442
50.2399719887806 44.12922394893762 55.47934586218898
50.23997198472811 44.12922391903802 55.479345803418745
50.23997198387245 44.12922389023867 55.479345760160584
50.239971986786 44.12922386264177 55.47934573506191
50.78663942197478 44.40388694415025 55.39172215522851
50.78667871667425 44.40385735363826 55.391711819925106
50.78671725427624 44.40382833329958 55.391701683747414
50.80896697753879 44.38307695715473 55.380950099194465
50.8374861824839 44.36472262318364 55.36995739581324
50.83751693506532 44.364700122224534 55.369947216786585
50.85998903397123 44.34603141582484 55.35884267740228
50.85999071936752 44.34603029512355 55.35884227050959
50.23997209783751 44.12922434625342 55.47934688495984
50.239972078910924 44.12922430790166 55.47934674944278
50.239972060383685 44.129224270077714 55.47934661639909
50.23997204123664 44.1292242321702 55.479346480525976
50.2399720319366 44.12922415531679 55.479346334353956
50.23997203512661 44.12922422002526 55.4793464371012
50.23997202504148 44.12922408871535 55.47934621278084
50.239971990851515 44.129223991727486 55.47934592996391
50.23997197459515 44.12922398302655 55.47934584682126
50.23997195554546 44.129223987794795 55.47934576992196
50.239971953993205 44.129223966392445 55.47934573376066
50.239971952957774 44.129223990515484 55.47934576232005
50.239971957196175 44.12922393933581 55.47934571067094
50.23997196540073 44.12922391404077 55.47934571190566
50.78665060505504 44.403878565678475 55.39171920820998
50.78668924319405 44.40384946981272 55.391709045565094
50.786727295961796 44.40382081455584 55.39169903691102
50.80897496601622 44.38307116528032 55.38094817523122
50.837494972283096 44.36471619600726 55.369954411028374
50.8599891886263 44.34603133152849 55.35884251555713
50.85999233246029 44.34602922419221 55.35884186971152
50.859993779500705 44.34602826468499 55.358841502234
50.23997210162709 44.1292244455711 55.47934703781405
50.239972076764694 44.1292244025177 55.479346869846935
50.23997205295218 44.12922436054646 55.479346707963145
50.239972036092 44.129224263712025 55.47934650126419
50.23997203616698 44.12922433318639 55.479346596905444
50.23997193306743 44.12922401411632 55.47934570757518
50.239971926884124 44.12922401373269 55.47934567996491
50.239971923288664 44.12922402952215 55.479345685877945
50.23997193462088 44.1292239888034 55.47934567965246
50.78666078729573 44.403870942352455 55.391716524238646
50.786698964529975 44.40384219341255 55.39170648284138
50.78673658707114 44.40381386193934 55.39169658737125
50.83747195230343 44.364733045751805 55.36996191063367
50.837503402707426 44.36471003416021 55.369951501575436
50.859992655525666 44.34602903230713 55.358841637692294
50.859995644850734 44.346027027662345 55.35884102947739
50.85999741660748 44.34602585238902 55.35884058257548
50.23997210938256 44.12922454772092 55.479347211925
50.239972076939964 44.12922449854104 55.479347002350295
50.239972046505585 44.129224451258274 55.47934680417463
50.239972033531714 44.12922443169818 55.47934672051208
50.239971905369075 44.12922405995611 55.47934564913979
50.37390320446893 44.20963139946299 55.4578149817802
50.239971895616236 44.1292240772307 55.47934563011992
50.53589782449235 44.31446063267506 55.43595188313385
50.78667060639998 44.40386359297907 55.391713935714236
50.78670839262289 44.40383513817305 55.3917039972022
50.7867456101786 44.40380711138008 55.391694208289664
50.837480645177635 44.364726692642115 55.36995890029064
50.83751179001129 44.36470390546599 55.36994857706117
50.85999598865466 44.346026826540005 55.35884076187849
50.85999927904314 44.34602461865544 55.35884010144928
50.86000108236231 44.34602342571737 55.3588396246154
50.23997208344397 44.129224598963106 55.47934716860932
50.239972045271045 44.12922454519321 55.47934692763768
50.23997202796045 44.1292245207231 55.47934681824343
50.53576487286118 44.31437724916834 55.43597735560354
50.535759743516934 44.31437398723189 55.43597831272042
50.563384880013224 44.343766097549036 55.43616955209375
50.786680247276664 44.403856377983516 55.391711394045544
50.786717673202446 44.40382819409576 55.39170155035164
50.786754405346656 44.403800532566194 55.391691889147914
50.83748915814862 44.36472047308171 55.36995591438302
50.837519882390225 44.36469799464429 55.36994571204263
50.859999103877385 44.34602477132037 55.358839900723964
50.86000267494662 44.34602237370582 55.35883919329413
50.9713977818773 44.38535304560336 55.32929079615694
50.23997210193683 44.12922470836803 55.479347399705304
50.239972055823024 44.12922464739659 55.47934711407132
50.239972019338865 44.12922459916243 55.47934688809135
50.535769257349436 44.31438006938233 55.435976555689834
50.56358352883893 44.343898237591254 55.436134906970395
50.534206420848435 44.40388906456073 55.44949655977399
50.721976612589444 44.450572837450935 55.40768010727362
50.78669011777228 44.40384898977213 55.39170879202238
50.78672689771416 44.40382129215226 55.391699118259616
50.786762846388505 44.403794220529576 55.391689663134635
50.837497478461046 44.36471439634981 55.369952958113075
50.971414394875275 44.38536714595206 55.32928578996439
50.97147979100086 44.38541909929607 55.329267872715775
50.97145115559012 44.385395878441614 55.32927595589311
50.97151292410271 44.38544548222263 55.329258764349575
50.23997208143473 44.129224761356454 55.47934738259802
50.239972031601496 44.12922469669466 55.479347075609525
50.239972016321275 44.12922461776215 55.479346900390965
50.23997200652227 44.12922466300682 55.47934691954143
50.53445756755064 44.404148324764265 55.44946218672403
50.69520201586909 44.51199076833037 55.42127316018752
50.695191460092076 44.51201291900152 55.421277929470364
50.786735507127354 44.40381485369215 55.391696847912925
50.83747465316189 44.36473110754489 55.369960322004616
50.97146749117259 44.385410351545644 55.32927072689566
50.97153302614813 44.38546235892196 55.32925279995517
50.97159623789744 44.385512635445394 55.329235451693236
50.97156937890135 44.385490840859006 55.32924304060535
50.97162571833576 44.385536122567444 55.32922734105205
50.239972064629484 44.12922481621631 55.47934738425107
50.286848434708574 44.306903296966055 55.48714596251722
50.23997199795272 44.129224691068664 55.479346920503716
50.28686432151555 44.30696291253814 55.48714722232536
50.695178518680066 44.51204012746233 55.42128377172598
50.69517384744355 44.51204992914581 55.42128588233116
50.69519163886555 44.512012596634776 55.42127784369447
50.83679759079912 44.52079452250554 55.39380243756024
50.97078187820179 44.541459534907375 55.353111670389666
50.97084645313613 44.541445132619785 55.3530839334197
50.97090923960094 44.54143164797068 55.35305700687993
51.10014756967991 44.47627596173903 55.300322533259525
51.10010239269175 44.47623736516344 55.30033608145578
51.10019423787347 44.476315662654216 55.30030863457212
50.28695515620629 44.30730301065377 55.48715506000979
50.2869856959134 44.30741765846117 55.48715744264641
50.28692429569183 44.30718766925071 55.48715222642156
50.28700640726994 44.307495396214364 55.4871590700598
50.69516075237894 44.5120774481269 55.421291795138686
50.69516801272414 44.51206222683058 55.42128851345179
50.69515667412968 44.51208601822974 55.42129363661165
50.97075671528086 44.541678886723744 55.35313987694213
50.97082163280179 44.54166198004812 55.35311179518425
50.97088534646146 44.54164492187327 55.353084196335075
50.97094701059959 44.5416290624169 55.35305753818656
51.10035655436685 44.476454088449835 55.300260098548875
51.10032240254954 44.47642491732091 55.30027033686375
51.10038619131879 44.47647929427992 55.30025127580118
50.339032975293925 44.47211025601035 55.487017098024964
50.33906525680909 44.47222274802182 55.48701491603363
50.287038085235636 44.30761411768766 55.487161707807374
50.339096344439454 44.47233111380416 55.487012823712206
50.339078968506534 44.4722690646593 55.487013604094145
50.33910355500754 44.472356249549534 55.48701233868213
50.69514479619089 44.51211099649839 55.421298998234874
50.69513789666509 44.512125472626636 55.42130211576075
50.69515745621136 44.51208443354397 55.421293277901135
50.97079627809438 44.541882493402994 55.35314017518178
50.97086039215287 44.54186250840553 55.353112173376154
50.97092273267088 44.54184322463843 55.353084958243706
51.10045593999439 44.47653897203196 55.3002303082807
51.10055502037689 44.476623226092336 55.30020081974031
50.33920544272267 44.47272074407843 55.487007935039244
50.33923405973751 44.4728202678015 55.48700594854084
50.33918173816962 44.47263345170296 55.48700830451065
50.4704022104291 44.640434716180145 55.47220449551024
50.677995102461324 44.55222558185463 55.42701394647611
50.67799168443191 44.552232984116515 55.42701544812092
50.678004251278125 44.55220576733275 55.42700992762738
50.97083480068271 44.54208344451813 55.35314068518461
50.97089761140626 44.54206081812772 55.35311300453293
50.97095873040411 44.54203876084962 55.35308606614344
51.10066017484107 44.47671299990466 55.300169321293566
51.1005691307944 44.476635255465766 55.30019660281884
51.10071585387712 44.476760335432694 55.300152756654484
50.47034087736015 44.640438714936025 55.47221467283575
50.47042989519418 44.64043472329151 55.47220105813512
50.47043038259697 44.640433750725755 55.47220037682922
50.470517001923724 44.64043083372697 55.47218774618227
50.47051700939931 44.64043075998521 55.4721876981895
50.47052380930898 44.640430530583785 55.472186706381194
50.677977658642526 44.55226376766477 55.427021459065216
50.56377746435105 44.62247663033025 55.45576782609519
50.67798655871103 44.552244504969586 55.42701754464823
50.677995746926754 44.552224614609344 55.427013504984174
50.97080865880597 44.54230738970888 55.3531696683548
50.97087167854135 44.54228144373653 55.353141631508464
51.088871082143385 44.64175226173501 55.318449154987796
51.08899733974647 44.64167874817849 55.31839618534653
51.08911708972623 44.64160929107963 55.31834598538261
51.08913200804511 44.641593718783255 55.31833870953372
51.08913152415188 44.64160094750919 55.318339938609995
52.457534333817954 45.17675471336379 54.831062877602236
52.457531530379924 45.17675495412857 54.83106463851841
52.457513658733134 45.176756716283776 54.831076019677226
52.50538947145649 45.195881759100516 54.80383266487506
52.45755071609341 45.17675306900759 54.83105242504175
52.5053901594834 45.19588023771354 54.80383203641209
52.505390656599815 45.19587897023105 54.80383151338199
52.5186702391362 45.174773113861185 54.78937421082128
52.5186701836976 45.17477300567275 54.789374212314
52.51867030672284 45.174773231672255 54.78937408602189
52.51867025754865 45.17477313575375 54.789374087738295
52.51867037305976 45.1747733464631 54.789373956179666
52.51867034975861 45.17477330100827 54.78937395695869
52.51867043765202 45.17477345815985 54.78937382909632
52.51867043378859 45.17477345065795 54.78937382952852
52.51867046950337 45.17477351346798 54.789373768428725
50.47043007953458 44.64043601076438 55.472201856905954
50.47051778244938 44.64043203259216 55.47218841428119
50.47060402557068 44.64042815289442 55.47217521599377
50.47060342725018 44.64042775450396 55.47217503611992
50.535002947626424 44.66574585877484 55.46421414604188
50.63269982141607 44.63762827653191 55.44073435442503
50.56372823851237 44.622490369776976 55.455779528506305
50.67796898722873 44.55228297528549 55.42702511035544
50.67797793634791 44.55226361503871 55.427021171182524
51.08866366830101 44.64190650358399 55.31854111685942
51.08879479855338 44.6418296223254 55.31848602459588
51.08892304447063 44.64175443388139 55.318432144395956
51.08904668453765 44.64168204942754 55.318380214570695
51.08912744460747 44.641634889997626 55.318346312583245
52.45747259977293 45.17676078930265 54.8311021839728
52.45747044574768 45.176760970487365 54.83110353437069
52.45745501467706 45.17676249185605 54.83111336120445
52.45749624110962 45.17675849940703 54.83108715666795
52.45749136146185 45.176758910561354 54.83109021629097
52.457519299326314 45.176756265155966 54.83107249944355
52.457511678688505 45.17675691155483 54.831077280650035
52.457542486581545 45.1767540181411 54.83105776001613
52.531610938592266 45.21341461675321 54.79059861771313
52.51867051870657 45.174773604735776 54.7893737256085
52.51867050368098 45.1747735804977 54.789373770408105
50.534967143004565 44.665750415970656 55.464220655744576
50.535045194170685 44.665750797581154 55.46420538599055
50.53504266891886 44.665747630428896 55.46420621004384
50.53512284251662 44.665751029434034 55.46419021050322
50.535121822124054 44.66574976147024 55.46419054224811
50.53520071686481 44.66575113494632 55.46417500413317
50.53520026318039 44.665750542103 55.46417515467523
50.535279635523096 44.665751113377496 55.4641596072845
50.53527771539907 44.665748350100884 55.46416027101273
50.62944679285033 44.72331508145481 55.44996443333377
50.67374823697471 44.79729784914807 55.452729775218344
50.673755527989144 44.79732077320738 55.45273065677341
51.08858566114466 44.641985655141745 55.31857882586765
51.08871815083092 44.641907476798124 55.31852308860222
51.088848393046675 44.64183060004528 55.31846829319823
51.08897498827071 44.641755916293754 55.31841503811026
51.12597679970649 44.66465040261214 55.30728305272009
51.1260175446523 44.66462678625052 55.307265518005394
51.12603368790795 44.66461867877102 55.30725894161337
52.40401793650044 45.229180945928924 54.876888887595115
52.40401748212335 45.22917930942613 54.87688878680571
52.40400032642965 45.22918831351416 54.87690108862401
52.404041726158 45.229171015433735 54.876872410188994
52.404040526820744 45.229167221806115 54.8768722638222
52.45745540581862 45.17676255355926 54.83111318070506
52.457448862023156 45.17676309815586 54.831117279141324
52.45747975784548 45.17676019475958 54.8310977016137
52.531612975384334 45.21342031707735 54.790598239390505
50.535049665305266 44.665755685012755 55.46420400228896
50.53512737436169 44.66575594625287 55.46418881188126
50.56037935453833 44.70814346874044 55.46502400984207
50.56048293380623 44.70817789790586 55.46500698932617
50.67376512522827 44.79736615678378 55.45273202925799
50.67377280955215 44.79739062994647 55.4527329627256
50.67378034589507 44.79741448323097 55.452733876144876
51.088641544183176 44.641985563008205 55.31856017313608
51.08877380999669 44.64190697393633 55.31850444987637
51.125745538587694 44.66478107329051 55.3073815757228
51.1258993590198 44.664695287848055 55.30731637941024
51.12604782817307 44.664612478459794 55.30725344874271
51.126076002705034 44.66459609574575 55.307241308204595
51.12611249981413 44.66457640204992 55.30722603515947
52.35386929774576 45.25550079650431 54.90945000967133
52.35386915237173 45.25549946106694 54.909449796080494
52.35386893187868 45.255500291580404 54.90945025508927
52.403946080898905 45.22921909706924 54.876940512697686
52.403946072081894 45.22921567556651 54.87693973948205
52.40397051368157 45.2292089595459 54.876923603821716
52.40396999505451 45.229203936326826 54.87692277086121
52.403994986164776 45.22919874141067 54.87690665287721
52.40399389200931 45.22919167195589 54.87690569830829
52.404019201568865 45.229188621434545 54.87688987791054
50.560316059467716 44.70815813454524 55.46503614977071
50.560418640934735 44.708193064206014 55.465019333748664
50.673781825397086 44.79743371071431 55.452734258292494
50.67378980037674 44.79745927215177 55.4527352293354
50.67379761924953 44.797484233783074 55.45273617998369
50.67380531339285 44.79750867204811 55.45273711372137
51.08870004661674 44.64198311192078 55.31854029832003
51.12566432658348 44.664828094576364 55.307416510609045
51.125821790140776 44.664740259364955 55.307349764824565
51.12597519035145 44.66465468604163 55.307284740019746
51.126124072403 44.6645716263166 55.307221628390124
51.126163284145974 44.664548734429204 55.307204704749836
51.33435427120095 44.62563927562002 55.22699272840102
51.33435266101381 44.62563863627179 55.22699323557272
51.33436067323079 44.62564172085876 55.226990660904704
52.28949433475342 45.221691716072414 54.93675071912935
52.289494069349246 45.22169146044244 54.936750788769245
52.289493040074895 45.221690906423504 54.93675115252845
52.28951662482209 45.221705744231656 54.93674327643366
52.28951225182997 45.22170142865926 54.93674440167291
52.35386831904225 45.255506620380785 54.909452633058606
52.35386793037923 45.25550294419497 54.90945203299874
52.3538689572989 45.255507519055016 54.90945220981469
52.353868365834245 45.25550198334662 54.909451312736195
52.35386958931815 45.25550838886791 54.90945178520232
52.35386877686454 45.255500859081145 54.909450573297974
52.35387021511209 45.25550923028827 54.909451359337396
52.403945857995126 45.22922794092118 54.87694265813404
50.67379864788407 44.797501769249166 55.45273650379015
50.67380688611283 44.79752826449102 55.452737508142164
50.673814893168924 44.79755391247157 55.45273848286387
50.67382276097663 44.797579036420444 55.45273943954681
51.12558566170951 44.66487372209175 55.30745037384651
51.1257462123379 44.66478414547436 55.30738231375308
51.12590372041289 44.66469626637017 55.307315543439934
51.12605767462351 44.66461036672925 55.30725027867247
51.33438775277964 44.62565256464832 55.22698217967503
51.33445695819297 44.625679001507564 55.226959832334956
51.33443606473301 44.6256707202472 55.226966421086914
51.33452436098882 44.62570474040386 55.22693806215467
51.334514525636315 44.62570084715057 55.22694116639601
51.512807094779575 44.64596404823638 55.17747718076299
52.28939709553591 45.22163837150789 54.93678486959831
52.143837296974226 45.080980881346925 54.98578004221317
52.14377569470281 45.080937832121876 54.985804634498706
52.28942140784851 45.221653634230755 54.9367767435043
52.28941581568443 45.22164787625033 54.93677813120628
52.289445340387374 45.221668662803594 54.93676874525832
52.28943625191599 45.22165938865442 54.936771018526066
52.289468945631654 45.22168347452126 54.936760853967314
52.289456196116106 45.22167060143863 54.93676407228634
52.28949208708704 45.22169801471085 54.936753121896686
52.28947571753056 45.22168160334661 54.93675727904054
52.28951493402529 45.221712348212264 54.93674548359563
52.35386861271447 45.25551466478402 54.90945453031216
52.35386926090581 45.255515513560084 54.90945408296603
51.1258360440432 44.66473577235496 55.3073447512358
51.125995041285876 44.66464705090661 55.30727734622938
51.334422907176574 44.625666506965 55.22697109829055
51.334493361808036 44.625693423531594 55.22694834887846
51.45044962769484 44.66435145718199 55.191115875173125
51.512879338679056 44.64597302543535 55.17745490801739
51.512836962589965 44.64596585427181 55.17746833107411
51.51308687782456 44.64598413697119 55.177393685724084
51.51305104069219 44.64597850459051 55.17740495617042
51.62047713279776 44.674522402809316 55.14075758846067
51.62047783083323 44.67452201123038 55.140757487944796
51.700446037649755 44.658216148102056 55.12117354457189
51.70044454667169 44.65821633570936 55.12117394224652
51.83860786484381 44.728527496256504 55.08879957969985
51.72880862879936 44.6603256549239 55.11202723455354
51.83862474824999 44.72856000769806 55.088796304628886
51.83862434834616 44.728559139620174 55.08879637437593
51.838625940631815 44.72856230496924 55.088796073421925
51.90457354895756 44.91865202694602 55.07321241638191
51.904573518450334 44.91865195518692 55.0732124303905
51.90457338289677 44.91865186494931 55.073212454836536
51.90457429383723 44.91865279230028 55.07321223749105
51.904574161063266 44.91865246474981 55.07321230097912
51.90457502298092 44.91865355207706 55.073212060628215
51.90457478106441 44.91865295717594 55.07321217599022
51.90457571280048 44.91865431642529 55.07321188577309
51.904575410874685 44.918653564768874 55.07321203127024
51.90457638619014 44.91865507510582 55.07321171300967
51.90457602554581 44.91865417945118 55.073211886442024
52.001647087017034 45.00189539507028 55.03949848401155
51.904576632964165 44.918654841693744 55.07321173425987
52.06658112109166 45.04682521834366 55.01444645079098
52.06655329945424 45.04679797659167 55.01445745636204
52.08724361663072 45.070130115204165 55.00916385566495
52.0665986635166 45.04684238673202 55.014439470445744
52.08730125920302 45.07018746482893 55.009141496091644
52.08725771975778 45.070144137529766 55.009158387231125
52.08735828735753 45.070244203031855 55.009119374881365
52.08730731245718 45.070193476994405 55.009139150491535
52.289391791671136 45.22164347312349 54.9367884484366
52.08735252312911 45.0702384556486 55.009121613792686
52.289416798805135 45.22165910322665 54.936780075366386
52.28944142523284 45.221674497348204 54.936771830188945
52.28946574651141 45.22168968303739 54.936763683390836
51.62047574576255 44.674523164406374 55.14075779282416
51.70044926113073 44.65821577157877 55.12117267637213
51.83864081637756 44.72859918659769 55.08879384556748
51.83865778400191 44.72863179340101 55.08879054882391
51.838674567772415 44.728664040776664 55.088787287314105
51.83864638358703 44.72860291563573 55.0887922072767
51.83869114372147 44.728695885992494 55.08878406596057
51.83866516673047 44.72863962927313 55.08878860713502
51.838707458373996 44.72872722941179 55.08878089540299
51.83868317930805 44.728674714956284 55.08878514495931
51.83872358997745 44.72875821682743 55.08877776007277
51.838700261970814 44.72870782735086 55.08878184858685
51.838739469832625 44.728788719763905 55.08877467360093
51.83871611202944 44.72873830708133 55.08877877062403
51.83875512308679 44.72881878514233 55.088771630989285
51.838731711514 44.72876830645813 55.088775741440706
51.838770403927015 44.72884813778572 55.08876866097066
51.838747049277075 44.72879780386609 55.0887727631874
51.875580878743065 44.8169840651478 55.07965899638624
51.838762116493356 44.72882678215163 55.08876983756329
51.87558671834975 44.817001963349064 55.079658241981605
51.87557299948648 44.8169551704146 55.07966013457591
51.8755924346396 44.81701949662582 55.079657503177486
51.8755787815964 44.81697294219604 55.07965938633656
51.87559804705688 44.81703671579369 55.07965677768446
51.87558444585599 44.81699036619304 55.079658652981735
51.90457043626196 44.918650091660176 55.07321295510957
51.87558998956671 44.817007433775075 55.079657934869175
51.90457124742649 44.918650896371005 55.07321276505327
51.87559541037834 44.81702413736636 55.07965723231194
51.90457204669657 44.91865169096452 55.07321257750564
51.87560000967588 44.81703805218194 55.079656642750464
51.90457282995568 44.91865247867895 55.073212392220604
51.90457216787399 44.9186508955231 55.07321270050836
51.9045735960981 44.918653259953174 55.07321220920328
51.904572877488974 44.91865152950692 55.07321254581658
51.90457434639139 44.91865403383803 55.073212028521525
51.9045750820639 44.918654799702075 55.0732118501934
51.90457579572234 44.918655560435425 55.07321167426066
51.904576484574974 44.91865631602996 55.073211500920806
52.00164726422865 45.00189671949887 55.03949821562054
52.06658539373305 45.04682941064927 55.014444803173426
52.08725089379006 45.07013737098479 55.00916102913568
52.08730986883266 45.07019604592597 55.00913815278769
52.087368341139936 45.07025422050627 55.00911547149392
50.6817531335641 43.720110167762606 55.15074466711144
50.681765893242925 43.720109200673875 55.15074043348798
50.68168626132623 43.72011498249559 55.150767314369055
50.68171075769189 43.72011314121787 55.15075915873324
50.68173398893314 43.7201114083953 55.15075140010977
50.681755043869984 43.720109861355986 55.15074432585884
50.68177106829843 43.72010872964931 55.15073885906102
50.68176783901772 43.7201088933036 55.15074007734478
50.68176258965866 43.72010937084983 55.150741674814235
50.68160486193307 43.720121022540866 55.15079455674115
50.681631876296976 43.72011896637766 55.150785609160735
50.68165869023831 43.720116928246156 55.15077672293654
50.68168468926986 43.72011496128351 55.15076809007149
50.68170983545149 43.72011306817696 55.15075972349493
50.68173383750124 43.72011127343446 55.15075171545264
50.6817569801067 43.72010955192687 55.15074397791619
50.68176993923598 43.72010857197463 55.150739674036416
50.68154580929454 43.72012539638541 55.15081433471234
50.681573848917466 43.720123253165106 55.15080506388053
50.681601786126095 43.72012111969285 55.15079582343459
50.681629361681104 43.720119018677735 55.15078669384856
50.681656653105144 43.72011694312651 55.15077765142382
50.681683314118224 43.720114922946195 55.15076880442656
50.68170909271167 43.720112979479474 55.150760232413205
50.681733627130164 43.72011114329932 55.15075204970228
50.68175781568209 43.72010940830111 55.15074384603403
50.68175766544461 43.72010933788144 55.15074404397737
50.68145530406352 43.72013219863701 55.15084446793891
50.68148435291027 43.72012996811962 55.150834881810795
50.68151331948892 43.72012774568057 55.15082531964255
50.68154216082576 43.720125535218585 55.15081579453117
50.68157076783992 43.72012334639573 55.15080634014475
50.6815991368925 43.72012117940263 55.15079695784492
50.68162714376855 43.72011904500908 55.15078768639245
50.681654743411826 43.720116946899765 55.15077854024849
50.68168170159848 43.720114905178555 55.15076959287101
50.68170795916737 43.720112924501194 55.15076086357855
50.681733306839575 43.72011104880912 55.15075237097639
50.6817295483756 43.72011130466247 55.150753670541064
50.681390569036495 43.72013704493922 55.15086605568429
50.68142052537151 43.720134735938814 55.15085618601819
50.68145035409294 43.72013243932982 55.15084635377117
50.68148008807395 43.72013015215315 55.15083654888245
50.68150957204841 43.720127888391985 55.1508268188588
50.68153888317348 43.72012564097693 55.15081714031086
50.68156787796343 43.72012342258527 55.15080755758436
50.68159645533704 43.72012124190527 55.15079810235845
50.68162468692138 43.720119092297 55.15078875306001
50.68165256165649 43.72011697450349 55.15077951353108
50.68167962661156 43.720114927817065 55.15077052506729
50.68170686140642 43.720112926881626 55.15076137412444
50.681686771724124 43.720114388886586 55.15076814960463
50.575893341794156 43.728112819986684 55.180669015682554
50.681354286828096 43.720139704652915 55.15087825731686
50.68138489544389 43.72013734067525 55.15086818125366
50.681415429883245 43.72013498434351 55.15085812613802
50.6814458018647 43.72013264381173 55.150848118613176
50.68147593063739 43.72013032632437 55.150838183436946
50.68150581034453 43.72012803221007 55.15082832276122
50.68153537435225 43.720125767249016 55.15081855737374
50.681564638849736 43.72012352973678 55.15080888276722
50.68159347642185 43.72012133075236 55.15079933864355
50.68162195615132 43.72011917925189 55.15078987638933
50.68161530244474 43.72011967251058 55.15079210406017
50.681650948640936 43.72011702529265 55.1507801780992
50.68167928986282 43.7201149365341 55.15077066722354
50.57588479447075 43.728114173389706 55.18066978076244
50.575893646342834 43.72811277348522 55.18066898783762
50.6813483200833 43.72014002131898 55.1508804824862
50.681379465029494 43.72013761374761 55.15087023379945
50.681410329231184 43.72013523305012 55.15086006813317
50.68144102279754 43.72013286882426 55.15084995267699
50.68147159819185 43.720130516224444 55.1508398715974
50.68150176132349 43.72012820185528 55.150829914661735
50.6815315731216 43.72012591978529 55.15082006403182
50.68156215130636 43.720123629015816 55.150809869711566
50.681536002352914 43.72012558143424 55.15081859922021
50.68159234623056 43.720121373582316 55.150799791173384
50.57586701275202 43.728116986290544 55.18067137333868
50.5758760247353 43.72811556193446 55.180670565776325
50.575885112375715 43.7281141243067 55.18066975188043
50.57589409649516 43.72811270320161 55.18066894720638
50.68134251426579 43.72014032257439 55.15088266007791
50.68137388412262 43.720137900575324 55.15087233202546
50.68140510118489 43.72013549338325 55.150862048829254
50.68143596611644 43.72013311930937 55.15085187082994
50.68146810263741 43.720130686379974 55.15084120299555
50.68144106026722 43.72013272749463 55.15085019095358
50.681499997867746 43.72012828488728 55.15083059141763
50.68153132840644 43.72012593013014 55.150820160077046
50.57585785095286 43.728118436469536 55.18067219359803
50.57586708437781 43.72811697689129 55.18067136626802
50.575876332493834 43.72811551410152 55.18067053792357
50.57588550044201 43.72811406392442 55.18066971678263
50.57589455179106 43.72811263240771 55.180668906011434
50.68133643953331 43.72014064834722 55.15088491940795
50.681368547045906 43.720138187211205 55.150874316241314
50.68136230965094 43.72013865413503 55.1508763963342
50.68140246741402 43.72013563371412 55.150863030038565
50.68143565419071 43.720133134799156 55.15085198908333
50.57584844934068 43.72811992430533 55.18067303543049
50.57585789653601 43.72811843085622 55.180672188973126
50.57586730567256 43.72811694290669 55.18067134610129
50.575876666873995 43.72811546216299 55.18067050765064
50.57588587798918 43.728114005607736 55.18066968249061
50.57589491472689 43.728112577230405 55.180668872746935
50.68133352926189 43.72014080993053 55.15088599182391
50.57589675741659 43.7281122860801 55.180668707593505
50.57584840251049 43.728119933473884 55.18067303902703
50.57585803774472 43.728118409618475 55.18067217595261
50.57586759254467 43.72811689833626 55.18067132013327
50.57587701270439 43.72811540865458 55.18067047627021
50.575886226725956 43.728113952406616 55.18066965058948
50.57589494448365 43.72811257304514 55.18066886990463
50.57588684937819 43.728113854068084 55.180669594769086
50.57583864592528 43.728121477307695 55.180673912704535
50.57584848258371 43.72811992175796 55.180673031532635
50.575858278186246 43.72811837216397 55.18067215422078
50.575867900188626 43.72811685064148 55.18067129225001
50.575877312080095 43.72811536319926 55.18067044881124
50.575886240525975 43.728113950437816 55.18066964928078
50.575878673329676 43.72811514823401 55.18067032676807
50.575828538887365 43.728123076874 55.18067481766959
50.575838579172654 43.72812148936368 55.180673918175046
50.57584859662714 43.72811990468217 55.180673020991065
50.57585848370748 43.72811834085506 55.180672135405466
50.57586814279797 43.72811681410222 55.18067126989687
50.57587734842551 43.72811535797673 55.18067044537716
50.57587173885882 43.7281162462016 55.18067094749772
50.575828286687795 43.72812311914591 55.18067483945046
50.575838508103146 43.72812150244632 55.180673923915506
50.575848647048915 43.728119898550645 55.18067301584886
50.57585860540517 43.728118323849515 55.18067212374342
50.57586821868071 43.72811680376292 55.18067126253547
50.575865415371425 43.72811724794723 55.18067151336016
50.53699563553525 43.73504308568833 55.19341232942402
50.57582805136714 43.728123158880145 55.18067485967469
50.57583843271483 43.72812151656589 55.18067392992265
50.57584868629808 43.72811989461678 55.18067301156124
50.575858678131006 43.728118315350116 55.180672116209664
50.575859725426504 43.72811814985117 55.18067202235234
50.53699114316123 43.7350437669349 55.19341331127899
50.57582782533193 43.72812319735989 55.18067487899447
50.57583829932959 43.72812154071593 55.18067394083357
50.57584861151035 43.728119910064734 55.18067301703135
50.575858682112326 43.72811831531761 55.180672115650296
50.57585347130036 43.72811914203593 55.18067258152344
50.53698659822856 43.73504445658148 55.193414303695036
50.575827574662696 43.72812324028683 55.1806749003337
50.57583813338326 43.72812157065033 55.18067395444568
50.575848493931375 43.72811993220173 55.18067302636119
50.57584709628219 43.72812015416655 55.18067315124289
50.52031774492613 43.735168430360076 55.19576452533914
50.536982266533975 43.735045112121774 55.19341525331977
50.57582731654989 43.72812328478722 55.18067492220519
50.575837924077454 43.72812160818681 55.18067397168891
50.57584175951468 43.72812100218499 55.18067362793008
50.5203132478838 43.735169172447755 55.19576552041501
50.53697780326037 43.73504578868388 55.19341622939979
50.53701276996969 43.73504026686712 55.19340905966287
50.57583779050586 43.72812163340643 55.1806739822634
50.575837983132686 43.72812160312611 55.18067396494626
50.52030861537861 43.73516993655841 55.195766542787666
50.53697347592313 43.73504644346774 55.19341717827841
50.53700887608085 43.73504085358886 55.193409918832245
50.57583776472205 43.72812163790985 55.180673984428495
50.575834979431335 43.7281220820606 55.180674232683096
50.52026791126377 43.735176522616655 55.195774490375356
50.52030394626964 43.73517070670644 55.19576757323668
50.53696904378103 43.73504711499585 55.19341814822893
50.53700496917914 43.73504144239242 55.19341078061197
50.537026129906174 43.73503810189891 55.193406439277695
50.52026242570993 43.73517742489852 55.195775680483514
50.52029921348377 43.73517148727075 55.19576861703493
50.53696464051211 43.7350477818702 55.19341911246224
50.53700122184132 43.73504200564978 55.19341161042489
50.53701957775243 43.735039108192844 55.19340784396577
50.52025691094731 43.735178332014925 55.19577687717303
50.52029451988072 43.73517226163098 55.19576965428244
50.536960239488224 43.73504844835057 55.1934200763202
50.536997406642726 43.73504257976049 55.19341245385702
50.53701481818553 43.73503983144562 55.19340888101226
50.52025129587467 43.735179255460075 55.195778094243906
50.520289659689894 43.73517306304238 55.19577072483993
50.536955538069165 43.735049162958475 55.19342110028511
50.536993229089596 43.73504321192372 55.1934133697975
50.537007798161824 43.73504091225373 55.19341038027713
50.5202457697539 43.735180164657535 55.195779295120964
50.520284731813305 43.735173875522634 55.195771809561116
50.53695072376618 43.735049895671345 55.193422146795484
50.53698900593744 43.73504385143168 55.19341429477767
50.53700042858941 43.73504204863792 55.19341195040346
50.52024023874334 43.735181074778914 55.19578049802746
50.520279684149116 43.73517470748418 55.19577291847501
50.536945767982374 43.73505065110741 55.19342322149454
50.53698441227763 43.735044550400616 55.19341529367731
50.53699106901928 43.73504349988953 55.19341392724458
50.5201945099417 43.735188473823385 55.19578942650067
50.520234576774314 43.73518200619297 55.19578172733941
50.520274515333845 43.73517555914483 55.19577405182501
50.53694066820229 43.735051429695254 55.19342432483043
50.53698038190777 43.73504516719696 55.193416162464956
50.536977485537584 43.73504561906878 55.193416768230676
50.520188123758174 43.73518952246572 55.195790797606236
50.52022871020533 43.73518297078555 55.19578299719578
50.52026906533331 43.73517645633643 55.195775240354735
50.53693508550585 43.735052285899094 55.19342552426421
50.53696409039899 43.73504770891278 55.193419569720355
50.52018154985022 43.73519060156288 55.19579220601641
50.52022258846304 43.735183976708214 55.19578431721722
50.520263358233336 43.73517739515123 55.19577647927535
50.53692921218736 43.73505318892512 55.193426781288096
50.53695005608748 43.73504990023707 55.19342250109572
50.52017458448357 43.73519174398702 55.195793690760375
50.52021618462018 43.7351850282883 55.195785692421936
50.520257363729556 43.735178380460695 55.19577777424591
50.53692304636948 43.73505413914118 55.193428096133104
50.53693537211018 43.735052194739005 55.19342556442137
50.5201674296394 43.73519291711137 55.19579521284143
50.5202094493153 43.73518613346751 55.195787132082096
50.520251108321446 43.73517940796637 55.19577912000527
50.53691664397671 43.73505512762122 55.19342945753628
50.53692078784017 43.73505447403598 55.19342860613774
50.52015990741411 43.73519414962115 55.19579680618475
50.52020247903057 43.735187276652844 55.195788617506395
50.52024451195486 43.73518049055942 55.1957805316833
50.536913687769385 43.73505558508461 55.193430083885254
50.52027976247945 43.735174799274475 55.195773749041805
50.52015219612592 43.735195412722284 55.19579843644598
50.52019551671649 43.73518841864575 55.1957901021618
50.52023815143839 43.735181535190975 55.19578189892893
50.520271601553354 43.735176134411816 55.195775461293195
50.52014460439207 43.73519665664625 55.19580004471709
50.5201884876918 43.73518957149646 55.1957916003594
50.52023181602611 43.73518257587166 55.19578326217224
50.520268001945475 43.73517673322878 55.19577629682757
50.48885751904306 43.74548508462859 55.20558170300477
50.52018156476484 43.73519070740238 55.19579307964001
50.520225723853486 43.73518357749904 55.19578458038112
50.52026886611712 43.735176611577835 55.195776275259576
50.520271055704484 43.73517625020262 55.19577579030505
50.536897666152484 43.73505803297526 55.19343354615616
50.43120870847197 43.86659782695763 55.297159193398876
50.431303271129984 43.866521398317985 55.29709924774808
50.52021980161486 43.73518455182618 55.19578586699399
50.53688717308545 43.73505966408845 55.193435753553075
50.53690998892849 43.73505606428275 55.193431068411286
50.43110565800693 43.866732530642146 55.297259328821305
50.431202810045974 43.86665334025735 55.29719728882002
50.43130363199593 43.86656884648211 55.297131339996604
50.5368820020274 43.73506045535572 55.193436868436336
50.536927195423154 43.7350533234097 55.19342759135772
50.53692818970526 43.73505317305821 55.193427373127804
50.53693519759455 43.735052060786 55.19342594829147
50.4311006682082 43.86678760575636 55.2972970487731
50.431203441201156 43.866701152942085 55.29722960441498
50.43130845578909 43.866611297068836 55.29715966168574
50.43141091565607 43.86652401931242 55.297091685980064
50.53695975718582 43.7350481612382 55.19342095813728
50.430995259613695 43.866926201760485 55.29740002391513
50.43110049073532 43.86683715103331 55.2973306075087
50.4312078973252 43.8667447691858 55.29725874717065
50.431314291766185 43.8666530594091 55.297187429626575
50.43141714381283 43.86656508787453 55.297118950201806
50.5369667239966 43.73504705536737 55.193419541908355
50.43146011912872 43.86652906707527 55.29709083591244
50.43099409275473 43.866977704874614 55.297434993965155
50.43110373366025 43.86688298234787 55.29736135514396
50.43121275856005 43.86678842932358 55.297287884507526
50.43131913547633 43.86669651559971 55.297216430406266
50.43140550289412 43.86662357198744 55.29715955499376
50.430884215123484 43.86712285897247 55.297542796703496
50.43099507794706 43.86702703134277 55.297468303721445
50.43110676120568 43.866929578846396 55.297392639507486
50.431216457467215 43.866833953923965 55.29731838494159
50.431321142736465 43.8667437516921 55.297248236281774
50.431392178676006 43.866647875313504 55.29717716456794
50.43135586679924 43.86671439397282 55.29722534870679
50.37972734371646 43.989693370225176 55.379422144228556
50.37987107952009 43.98955058650296 55.379315829574416
50.380017841655935 43.989404795617254 55.37920727424938
50.43110890652358 43.866977640712996 55.29742499247793
50.43121784942734 43.86688257420903 55.29735118131509
50.43129501082504 43.86681630708364 55.29729962450283
50.239970362177566 44.12922072113227 55.47933430911861
50.37985700463922 43.989564677552956 55.37932651877563
50.380006824197196 43.98941584652725 55.379215694453684
50.3801520905933 43.989271535636824 55.37910823058907
50.380291967221254 43.989132575849 55.379004745732175
50.486626181086564 43.859834290525754 55.282276820424926
50.38032627076525 43.98909849615587 55.3789793644202
50.239970425523964 44.129220787168634 55.47933467718291
50.23997040677506 44.129220782672355 55.47933458889092
50.37984529137837 43.989576419650014 55.3793354536165
50.37999690801088 43.98942580011591 55.379223291581255
50.38014388263173 43.98927978897018 55.379114555700625
50.38025593477627 43.989168467652625 55.37903164696117
50.239970489101864 44.12922085504284 55.47933504878256
50.23997046884831 44.129220850284845 55.47933495354103
50.23997044944017 44.12922084330791 55.47933485895825
50.37983597488578 43.98958577774371 55.37934260775562
50.37998844010831 43.989434311571486 55.37922980871198
50.38013518629741 43.98928852337128 55.37912123167091
50.38023486142072 43.98918943357621 55.37904731584336
50.38018960191073 43.989234461089296 55.37908096487864
50.239970552850146 44.12922092476553 55.4793354236645
50.239970531212606 44.12922091950635 55.47933532167328
50.2399705107112 44.12922091190832 55.47933522144979
50.23997048928658 44.12922090374892 55.479335116412216
50.37982699649976 43.98959479597393 55.379349501632994
50.37997961153263 43.989443177047676 55.37923658175552
50.380101075042646 43.98932250144201 55.379146698465476
50.23997059351785 44.12922099059784 55.479335692112286
50.23997057189034 44.129220982326 55.47933558603185
50.23997054973853 44.12922097318072 55.479335476456576
50.239970526400725 44.12922096373636 55.47933536127609
50.379817182245375 43.989604639831896 55.37935700178072
50.37996583127027 43.989456955179776 55.37924700145638
50.38006723676497 43.98935615043821 55.37917181584949
50.38000058042168 43.98942243001456 55.379221283375486
50.239970656002384 44.12922106332009 55.479336065573946
50.239970632886056 44.129221054556155 55.47933595229714
50.23997060970086 44.12922104462232 55.479335837113595
50.23997058542136 44.12922103430761 55.47933571661433
50.239970559391 44.12922102416372 55.4793355886803
50.37980292746553 43.98961888834844 55.37936776993842
50.37988318976634 43.989539143090816 55.37930836647497
50.239970718508516 44.12922113776032 55.47933644148712
50.23997069316651 44.12922112887449 55.47933631829417
50.239970668823275 44.1292211181791 55.479336196993486
50.239970643812384 44.129221106809545 55.47933607184345
50.239970617113116 44.12922109551482 55.47933593940061
50.239970587988466 44.12922108489104 55.47933579725474
50.3797556917047 43.9896658966778 55.379402925688325
50.23997078062024 44.12922121413092 55.479336818321
50.23997075397587 44.12922120437587 55.47933668823101
50.23997072785573 44.12922119321947 55.47933655851469
50.23997070178067 44.129221180978945 55.47933642750849
50.23997067431538 44.12922116858556 55.479336290203136
50.23997064445754 44.12922115675313 55.47933614318753
50.239970611407095 44.12922114611009 55.47933598381954
50.23997058655957 44.129221115313484 55.479335832732886
50.2399706061886 44.12922114468718 55.47933595900956
50.23997081461168 44.12922128151217 55.47933705965064
50.239970786744664 44.1292212697428 55.479336921441764
50.23997075969626 44.12922125652123 55.47933678482623
50.23997073135566 44.129221243068145 55.47933664223306
50.239970701228636 44.12922122973855 55.479336491984405
50.23997066799427 44.12922121741006 55.47933632949848
50.23997064848092 44.12922121123504 55.47933623555513
50.23997087512427 44.12922136021412 55.47933743267842
50.239970846059 44.12922134742918 55.47933728782774
50.23997081752674 44.12922133343794 55.47933714365674
50.2399707879385 44.12922131908621 55.479336994365816
50.2399707573542 44.12922130439668 55.479336840248536
50.23997072435514 44.129221290204214 55.479336676236116
50.23997068937719 44.1292212784483 55.479336506898534
50.23997093703618 44.129221439768 55.47933781300435
50.2399709054247 44.12922142650875 55.47933765635001
50.2399708752144 44.12922141174142 55.479337503764235
50.23997084459363 44.12922139631769 55.479337348479945
50.23997081321899 44.12922138043882 55.47933718926913
50.23997077947783 44.12922136495659 55.47933702023681
50.239970742707015 44.12922135031491 55.47933683908717
50.239970694695174 44.12922128763398 55.47933654279425
50.33998463240204 44.13055396671992 55.446336891108814
50.23997096494333 44.12922150694516 55.479338027403685
50.23997093298755 44.129221491318404 55.47933786599324
50.23997090118458 44.1292214748373 55.47933770408015
50.23997086826029 44.12922145807976 55.47933753687616
50.239970833674846 44.129221441346715 55.47933736242969
50.23997079657451 44.129221425113094 55.47933717765269
50.340017503063294 44.13055510980408 55.44632534189067
50.23997102570611 44.12922158836168 55.47933840525151
50.23997099082142 44.12922157219717 55.47933823027424
50.23997095700042 44.12922155491859 55.479338058427736
50.23997092274999 44.12922153710786 55.479337883970146
50.23997088707694 44.129221519202424 55.47933770315136
50.23997084883254 44.129221501751715 55.47933751169339
50.3400436106919 44.13055603591311 55.4463162340099
50.34004288634178 44.13055599547112 55.446316433968505
50.340048917156324 44.13055620527897 55.446314315325395
50.239971048553386 44.12922165445008 55.479338595994065
50.239971012216955 44.12922163641246 55.47933841208818
50.23997097593468 44.12922161773146 55.479338227536836
50.239970938524934 44.12922159885487 55.479338037778604
50.239970899418395 44.12922158005364 55.47933784069164
50.34004667443813 44.13055622480485 55.44631545203931
50.34006909826485 44.13055693997593 55.446307342258244
50.23997110453115 44.129221738556325 55.47933895657278
50.239971066315306 44.12922171941741 55.479338762923845
50.239971027946645 44.12922169976497 55.47933856790111
50.23997098903356 44.1292216797518 55.479338369998686
50.339958210151806 44.13055349038177 55.44634775707159
50.340049182552505 44.13055639468579 55.44631486640553
50.34008245436698 44.13055745539291 55.446302831767795
50.23997111902005 44.12922180389216 55.47933910967171
50.239971078512944 44.12922178316664 55.47933890381004
50.23997103794511 44.12922176199328 55.4793386970679
50.33995994654924 44.1305536368538 55.446347454840875
50.34005172452306 44.13055656523051 55.44631426703964
50.34009608465429 44.130557978895176 55.44629821975772
50.23997117004061 44.12922188976608 55.479339450962215
50.23997112779384 44.12922186776442 55.47933923572968
50.23997108612827 44.12922184522169 55.47933902230061
50.33996159090973 44.13055377957308 55.44634718297313
50.340054679052216 44.1305567491261 55.44631351915836
50.56317327452855 44.192572685300505 55.40891224967574
50.23997122058644 44.12922197691404 55.47933979192105
50.23997117624582 44.12922195360993 55.47933956573028
50.23997113303362 44.12922192974683 55.47933934371523
50.3399638755796 44.13055394352638 55.44634668243693
50.340057985390295 44.13055694445804 55.44631264481451
50.56334437422591 44.19262630848353 55.40888409624594
50.239971270681714 44.12922206483695 55.47934013196962
50.23997122435216 44.12922204010455 55.47933989510746
50.23997117971364 44.129222014829644 55.47933966490805
50.33996659669053 44.13055412129331 55.446346023678935
50.56313547397949 44.192573840720975 55.40892880215091
50.563499345902294 44.19267539875157 55.40885901113646
50.56343971338214 44.192655466044314 55.408867834975524
50.563566062142726 44.192694053461125 55.40884624187482
50.239971272862576 44.129222127425095 55.47934022738767
50.23997122674335 44.12922210067296 55.479339988675854
50.339970066821095 44.130554323704345 55.446345096732415
50.563240117435676 44.19260902482636 55.408913481805726
50.56360748043044 44.192711488423754 55.40884296652232
50.65893445280623 44.21567378040477 55.3927836656832
50.23997132231676 44.12922221562821 55.47934056501251
50.239971273849356 44.12922218739474 55.47934031398305
50.33997439078621 44.130554554324576 55.446343864484646
50.563348224025624 44.1926452545047 55.40889756000699
50.563718760481805 44.19274855332591 55.40882639591803
50.659206933130726 44.21574007357825 55.39272502185949
50.23997132152752 44.129222275032305 55.479340643052794
50.56307508645241 44.192575498443205 55.40895509575641
50.56345920586739 44.19268240111193 55.40888117767145
50.658918825883426 44.21568330203966 55.392795103683355
50.65934277996952 44.21577643218073 55.39269778923106
50.65924887350514 44.21575026184351 55.39271598588634
50.659471491091196 44.2158047405572 55.39266826569435
50.563187723924 44.19261316394568 55.40893844100934
50.5635737684239 44.1927206261832 55.40886417138886
50.65902715960771 44.215713828594815 55.39277431475894
50.659454313831105 44.215807602075856 55.39267622960503
50.65972122951365 44.215866267635136 55.392614981212915
50.56330453060875 44.192652063679006 55.40892104269749
50.56369105840507 44.19275973175057 55.408846736758214
50.65913835271776 44.21574510388534 55.392752942588274
50.65956714762735 44.21583920220379 55.39265445927237
50.65994285615159 44.21592174457898 55.39256822538459
50.56381062212583 44.192799601608286 55.40882896907694
50.65925015622366 44.21577666971483 55.39273152512541
50.659682025946644 44.2158713741911 55.39263229402505
50.66009591807652 44.21596222103456 55.392537244962995
50.660010276251825 44.215938453550706 55.39255390051899
50.87072478068758 44.284273965628984 55.34277991461149
50.65891968361642 44.215711398769415 55.39281182058198
50.6593640322607 44.21580880920527 55.39270970368203
50.65979696894952 44.215903703177055 55.392610200467615
50.87073270697188 44.284287857891265 55.34278258118712
50.87073605559304 44.28429306342338 55.34278375539961
50.65948051872543 44.21584162691324 55.39268734654502
50.659915279695255 44.215936860152155 55.39258738732923
50.87074221204584 44.28430428970478 55.34278579524861
50.87074818439581 44.28431344920273 55.34278789844339
50.87074780744449 44.28431281375475 55.34278776981655
50.87074829775507 44.28431363735842 55.34278793733611
50.65959923798813 44.2158750403347 55.392664540668264
50.792810969628725 44.29423454331287 55.36425728492645
50.870751869112624 44.28432100840511 55.34278905897187
50.87075780404669 44.28432999392254 55.34279115736582
50.87076167778244 44.28433593083958 55.342792521812655
50.65972399404484 44.21590984629046 55.392640389364956
50.79279606848823 44.29425707785025 55.36426748253898
50.870761693092845 44.28433799992164 55.342792380265685
50.87076759534315 44.284346858477775 55.342794472669134
50.870773339493155 44.28435546866922 55.34279650982007
50.87076670059412 44.28434416397308 55.3427942525593
50.87077811414673 44.284362709228766 55.34279819713642
50.8197829929723 44.32138023260822 55.3648932579888
50.819809648506485 44.32135974893211 55.36488589445182
50.870777565869446 44.28436404990491 55.34279784735422
50.870783290617865 44.28437256133713 55.34279988262946
50.870788873694494 44.28438085085101 55.34280186834777
50.87077983228894 44.2843654877841 55.34279879187967
50.87079423866032 44.28438893176682 55.34280376821306
50.870790950708425 44.28438335542838 55.34280264868475
50.870796678423964 44.284392673162046 55.34280462741392
50.8089744507304 44.383071185838745 55.38094745353612
50.837496526988126 44.36471507010855 55.36995368329687
50.87079343530412 44.284390005232474 55.34280331969697
50.870798977929894 44.284398214506766 55.34280529247778
50.8708043217797 44.28440620131054 55.34280718934092
50.87080944654569 44.284413950883234 55.34280900195796
50.87080301067235 44.28440299566615 55.34280681345638
50.87081343673273 44.28442013062665 55.34281040279994
50.808984619083304 44.38306382765727 55.38094503850249
50.85997874144324 44.346038307081535 55.35884484490241
50.85999000862692 44.346030759533335 55.3588424971355
50.86000084637935 44.34602350320076 55.3588402149943
50.86001128619601 44.34601651642864 55.35883799565846
50.86002106576804 44.34600997746327 55.358835876773085
50.87081587173827 44.284424173772194 55.34281123812586
50.860028715893364 44.346004867545105 55.35883418418048
50.859983743425516 44.346034948469566 55.35884385590802
50.85999460597213 44.34602767763339 55.35884155446317
50.86000511673783 44.34602064478181 55.358839310625406
50.86001517109115 44.346013920998764 55.358837139519125
50.86002461167962 44.3460076130948 55.358835064498464
50.86002923429773 44.346004521950015 55.358834064955644
50.860031355235904 44.346003111295175 55.35883355520154
50.859988208898216 44.34603195857609 55.35884291607607
50.859998697186924 44.34602494333427 55.3588406597773
50.860008838559416 44.346018162463366 55.35883846245592
50.86001859188758 44.346011643874725 55.35883633025825
50.86002793745797 44.34600540087313 55.35883426662508
50.86003206742809 44.34600263786342 55.35883338232758
50.86003416068417 44.34600124816594 55.35883286213129
50.85999210996737 44.34602935605351 55.358842031439764
50.86000226263906 44.34602256968955 55.35883981782361
50.8600122652867 44.3460158835009 55.358837637625754
50.860021942050025 44.34600941722995 55.35883551447073
50.86003121163792 44.34600322609715 55.35883346015369
50.86003513998752 44.34600059738547 55.35883262298198
50.860038030724276 44.345998676918256 55.358831913521996
50.23997201449119 44.129224043772126 55.47934610491048
50.23997200305598 44.12922401090435 55.47934600973049
50.859995728349816 44.346026948713146 55.35884116663277
50.86000573843358 44.34602025958962 55.358838971143825
50.860015599146834 44.34601367014371 55.3588368093392
50.860025217842185 44.34600724351924 55.35883469325786
50.86003430052972 44.346001179543094 55.3588326647393
50.860038751405284 44.345998198667544 55.3588317330543
50.86004136295761 44.34599647046281 55.358831046545944
50.23997202232235 44.12922419461914 55.4793463461613
50.23997200773848 44.12922415959076 55.479346234225545
50.239971995091516 44.12922412567592 55.47934613230147
50.239971983577576 44.129224092371736 55.47934603617795
50.239971972144275 44.12922405907311 55.479345940415286
50.23997196102738 44.12922402585819 55.47934584615341
50.2399719530906 44.12922399409436 55.47934576781177
50.85999915727014 44.34602467287755 55.35884031048323
50.860009060731464 44.346018056361 55.35883812926188
50.8600188368727 44.3460115245108 55.35883597874446
50.86002824477981 44.346005241247155 55.358833892079886
50.97134180119461 44.38530615851632 55.32930734974646
50.97130060821054 44.38527288956205 55.32931890964858
50.97139744512176 44.38535052350544 55.32929202421285
50.23997202681526 44.12922431762667 55.479346534596665
50.23997200929101 44.129224280050174 55.47934640628572
50.23997199557328 44.12922424485741 55.47934629791831
50.239971982516465 44.12922421016056 55.47934619312609
50.23997197084542 44.12922417630347 55.47934609555591
50.23997195829159 44.12922414198624 55.47934599348778
50.239971945084164 44.12922410731492 55.47934588807094
50.239971932935305 44.12922407316314 55.4793457880036
50.239971923900725 44.12922404051775 55.47934570364389
50.86000251212235 44.34602244984402 55.35883944837238
50.86001222209593 44.34601596491311 55.35883729421282
50.86002176241949 44.34600959336062 55.35883517718312
50.971390659177615 44.38534574110454 55.32929357681606
50.971453181291906 44.38539552831318 55.329276387999855
50.97140961739738 44.38536029251143 55.32928863944892
50.97150239114109 44.38543480318059 55.32926281451019
50.239972018072294 44.12922440577246 55.479346617229375
50.23997200036426 44.12922436724607 55.47934648681026
50.23997198593821 44.12922433095765 55.47934637383709
50.23997197345057 44.12922429599602 55.47934627117478
50.23997196134621 44.129224261375086 55.47934617065866
50.23997194787174 44.12922422604847 55.4793460631731
50.23997193328296 44.12922419015564 55.47934595002985
50.23997191856806 44.12922415423142 55.4793458362912
50.239971905126254 44.1292241189982 55.47934572907681
50.23997189592595 44.12922408596114 55.47934564345391
50.8600056269294 44.34602039243313 55.358838603889055
50.97137612305383 44.385335020177614 55.329297142724855
50.971440294003784 44.385386031762266 55.329279545246024
50.97150286867506 44.385435819575505 55.329262362759934
50.971563445826106 44.38548410685584 55.32924568403978
50.97152415018442 44.3854522930014 55.32925675041771
50.97160372464239 44.38551627904489 55.329234561256456
50.23997201319766 44.12922449609348 55.47934671979014
50.239971993972276 44.12922445571926 55.47934658018973
50.23997197881954 44.12922441824842 55.479346462411414
50.239971965373854 44.129224382081134 55.479346353898634
50.23997195231847 44.12922434633583 55.47934624767433
50.239971938159826 44.12922431007079 55.47934613590453
50.23997192217823 44.12922427285142 55.47934601484063
50.23997190561761 44.12922423540655 55.47934589093118
50.239971889420495 44.12922419824968 55.47934576900903
50.23997187612077 44.12922416275268 55.47934566205515
50.9714272139567 44.38537647231617 55.3292827098436
50.97149096683295 44.385427183955265 55.329265210692654
50.97155327984438 44.38547676275267 55.329248100471816
50.971613877021966 44.38552502457508 55.32923143710481
51.10008263837169 44.47621974084859 55.300342431628806
51.100023681049095 44.476169373868835 55.300360110887425
51.10014000339679 44.4762685525188 55.30032534100813
50.23997201346049 44.12922458991357 55.47934684965438
50.239971991136734 44.12922454650114 55.47934669231445
50.23997197345332 44.129224506585885 55.47934656009777
50.23997195877604 44.129224468952216 55.47934644417863
50.23997194475457 44.12922443199116 55.47934633205486
50.23997192915908 44.12922439425098 55.47934621196767
50.239971912016266 44.1292243557482 55.47934608405667
50.239971893598096 44.129224316648354 55.47934594974036
50.28684389138425 44.3068867540958 55.487145180220196
50.4196406842002 44.473697098122074 55.47829273207052
50.53403181456076 44.403742067844405 55.44952371017456
50.971542783275865 44.385469269805164 55.329250550155066
50.97160456967287 44.38551845213661 55.32923357318455
51.100065985892385 44.47620587842536 55.300347217805765
51.10017530526989 44.47629889979093 55.300314647444196
51.100281007185586 44.476388831780085 55.300283161261106
51.100238959955576 44.47635291799021 55.30029576579426
51.10032028575661 44.47642224705012 55.300271462917316
50.23997199362978 44.129224641257785 55.47934683323227
50.23997197108123 44.12922459710282 55.479346673888955
50.239971953372944 44.12922455668267 55.47934654087066
50.28683327205898 44.30684675139942 55.48714446609381
50.28686196280486 44.30695431374906 55.48714682485989
50.28689025598379 44.307060391620105 55.48714914592837
50.286918171149736 44.30716505915743 55.4871514302093
50.41965413404915 44.473876599788426 55.47829976226124
50.41982191011455 44.47406294718212 55.47827935320559
50.5342578808855 44.404006489906 55.449495807718534
50.695189091774154 44.51201788807036 55.421278999584324
51.100049268452494 44.47619197722611 55.300352013931715
51.10016051602433 44.47628663234317 55.300318873064654
51.10026914879943 44.4763790572307 55.300286514244014
51.100374666256414 44.476468823369274 55.300255088086814
51.10047621073362 44.47655519821891 55.30022485168679
51.10045903592582 44.47654053157439 55.30022999855745
51.100489593312446 44.476566580476465 55.30022086745548
50.28687947546297 44.30701974667849 55.48714845017188
50.28690895019521 44.307130268333935 55.48715085661267
50.28693775417227 44.30723826850872 55.48715321358093
50.28696602866657 44.30734428279722 55.48715552772052
50.28699384795878 44.307448593443155 55.48715780199966
50.419669335804535 44.47405968789137 55.47830666574047
50.41983724789485 44.4742458947916 55.47828622478306
50.42000418406559 44.47443039777312 55.4782658698917
50.4201708443162 44.474613828281804 55.47824550822454
50.695166448793515 44.512065451745435 55.4212892254564
51.10025741982837 44.476369409673396 55.30028981905252
51.10036481138147 44.476460763046646 55.30025783878353
51.10046971465189 44.47654999554124 55.30022660189963
51.100570959162596 44.47663610596679 55.300196460102825
51.10065199092563 44.476705015337416 55.30017234144224
50.28701488909539 44.307527212143995 55.487159752914366
50.338990337741215 44.47195266879879 55.48701761173365
50.33902140701825 44.47206118435555 55.48701557684849
50.419685301002865 44.474245925471486 55.478313597555065
50.41985388233786 44.47443199063864 55.47829302857836
50.420020862038754 44.47461582539343 55.47827263065519
50.42018664126488 44.4747978288817 55.478252352542164
50.58044748846703 44.58039393847268 55.45046769042672
50.58058224060986 44.58032664179134 55.450435763788605
50.69515541197194 44.51208866631259 55.42129420692191
51.10046193470277 44.476543711217275 55.30022872846064
51.100565439735774 44.47663173940841 55.30019791644327
51.10066621809266 44.476717443581535 55.30016791900098
51.20985699467834 44.56612432996322 55.26475331727254
51.10069008339518 44.476737484589286 55.300160960428016
51.2098659246993 44.56613051459139 55.26475108341886
50.33912663572708 44.47243675869255 55.48701079945174
50.41987253189498 44.474623742786264 55.478299767253034
50.420040039442824 44.47480693055421 55.478279240173535
50.4983386338956 44.62063474039378 55.46503464313122
50.49840848324153 44.62063116476919 55.465022653353884
50.56354027597759 44.6225224501178 55.45581838261379
50.58051567949071 44.58038257022244 55.45045444068323
50.695132806958256 44.512136150639364 55.42130441560923
51.100560498951104 44.47662788412363 55.30019918961164
51.10066192508857 44.476714126287945 55.300169006703456
51.10076159909906 44.47679887895186 55.300139345017
51.20986993070329 44.56613346894076 55.2647502114643
51.20988582728206 44.56614447680408 55.264746233786916
51.209881105059196 44.56614114147915 55.26474736812858
51.20988969897634 44.56614715721818 55.26474526456302
52.4575575404923 45.17675228149927 54.83104800067031
52.457557194983664 45.17675231152596 54.8310482179357
52.45755177674185 45.176752840189714 54.83105166460612
52.518670093729455 45.174772833271845 54.78937424243301
50.47043085678298 44.64043345895947 55.47220013166532
50.47051847834207 44.64042962393704 55.47218679051596
50.470605198815235 44.64042582865545 55.472173586757634
50.498405887627655 44.62064047121076 55.46502590648552
50.563517466146315 44.622530397395565 55.45582425734824
50.563624692244076 44.622506987672516 55.45580063105376
50.56373306689843 44.62248333036358 55.455776752591575
51.10075976271244 44.476797662482355 55.30013969484138
51.20986647767948 44.56613125805475 55.26475120585092
51.20988289782781 44.56614262910771 55.26474709762395
51.20989884134646 44.566153668544395 55.264743107527735
51.20991260802021 44.56616319737023 55.264739659799744
52.45748152342225 45.17675973561266 54.83109638224839
52.45748089245302 45.176759788550584 54.8310967777217
52.45747578470625 45.176760291191314 54.83110002980147
52.457504022177076 45.17675755701276 54.83108208163852
52.457500831817136 45.1767578290856 54.83108408427651
52.45752592717296 45.1767554351895 54.831068157941104
52.45752022720784 45.176755924254955 54.831071737931424
52.45754707750331 45.17675338567427 54.83105471339738
52.457539015135175 45.176754084502114 54.83105978198032
52.505390783453734 45.19587864649025 54.80383137979034
52.51867017327706 45.17477298526462 54.7893742119619
52.51867011152264 45.17477286455971 54.78937421195575
52.51867024059595 45.174773102462844 54.78937408638096
52.518670182063275 45.174772988597766 54.7893740911133
52.518670307137725 45.17477321720591 54.7893739526254
52.51867029627547 45.17477319631394 54.78937395558755
52.51867037119776 45.1747733289503 54.78937383504183
52.518670338906006 45.174773267052345 54.78937384568552
52.518670402870306 45.174773384204826 54.78937377695745
52.51867038125573 45.17477334270406 54.789373783477586
50.470603624003736 44.640427004347835 55.47217453289498
50.535040444154696 44.66574113969499 55.46420732313818
50.53511832358899 44.665741259387374 55.464192114292345
50.56360282276269 44.62251474412334 55.45580630273004
50.56371120993049 44.622491076079115 55.45578241922134
51.209879653081934 44.56614056484175 55.26474804162679
51.20989598225465 44.56615187083568 55.264743954672845
51.20991186301255 44.56616286501041 55.264739978977126
51.209927300662834 44.56617355108487 55.26473611324346
51.20991567321997 44.56616534154733 55.26473890846193
51.20993807034822 44.566181003282686 55.264733414480176
52.40403886192199 45.229156723316805 54.87687087016063
52.40403879630328 45.22915626903453 54.876870806016214
52.404035034004025 45.22915831344982 54.87687351972388
52.45744179520036 45.176763675175636 54.83112169755778
52.45743927483157 45.17676388218182 54.831123274207414
52.45746519972225 45.17676140933072 54.83110682154241
52.45746035840071 45.17676180934595 54.8311098517235
52.457488581451116 45.176759145326386 54.831091959763974
52.457511373787135 45.1767569376021 54.83107747207232
52.51867047516827 45.174773522545486 54.78937375100885
52.51867043020974 45.174773439417905 54.78937379246355
50.53504182683444 44.66574600061116 55.46420654484905
50.53511976091812 44.66574615612191 55.464191321592786
50.53519770081945 44.66574622277621 55.46417610649646
50.56369024471502 44.62249865409018 55.45578789708004
51.20989307900193 44.56615004671322 55.26474481588164
51.20990921237738 44.56616121399148 55.26474077565464
51.209925091799185 44.56617220608604 55.264736799457815
51.20994053822696 44.56618289707949 55.26473293068935
51.209955386610645 44.566193171238 55.26472920960534
51.20994610438978 44.566186619408256 55.26473144238712
51.33437510071332 44.625645853049065 55.22698527522132
52.403970229135425 45.229192619730604 54.8769200561281
52.40397019136205 45.229191354084016 54.87691979073436
52.40395497048704 45.22919885993763 54.87693059531429
52.40399356448046 45.2291830555576 54.87690393359128
52.40399330884808 45.22917982104289 54.87690335043034
52.40401665043629 45.229173586554474 54.87688798175627
52.40401592383885 45.22916852916465 54.876887265315005
52.404039687967796 45.2291640905638 54.87687205272178
52.4574480681501 45.17676316432751 54.83111777642132
51.20992275481177 44.566170775611106 55.264737520079194
51.20993851349553 44.56618168177526 55.264733572413185
51.20995387068862 44.56619230898051 55.26472972452934
51.334360939358874 44.62564089291246 55.226990085046964
51.334426948005245 44.62566611282528 55.22696877221786
51.33440591825742 44.62565776142258 55.22697539545066
51.33448009589096 44.62568640767557 55.22695160587916
52.28949900125711 45.221680227178936 54.9367460707943
52.28949778009823 45.22167901371118 54.93674638323033
52.289493038216534 45.221676449038284 54.93674805643944
52.35386717168291 45.25549063429753 54.9094494542404
52.35386693322519 45.25548837209826 54.90944908423681
52.35386779687421 45.25549164548234 54.90944907554822
52.35386737132109 45.25548764567781 54.90944842547151
52.353868416352775 45.25549264281528 54.909448699051964
52.35386780824117 45.25548698955174 54.90944778721082
52.403946231595754 45.22921061519554 54.87693849277589
52.40394670193128 45.22920292852934 54.87693646275264
52.40396987334755 45.22920094175264 54.876922162252434
52.403993774275506 45.22919104924895 54.8769056269894
51.20995237782438 44.56619146743754 55.26473023711807
51.20996765359241 44.56620203623399 55.264726408144114
51.33439070527791 44.62565271954739 55.226980713499735
51.33445735064568 44.62567818135094 55.22695919435846
51.51277423759492 44.64595278090966 55.17748866248715
51.334494383737265 44.62569191867314 55.22694702005593
51.512972335158466 44.64596354941212 55.1774301948102
51.51296254118711 44.64596161600441 55.177433349085746
51.5130793492422 44.64596933653101 55.177398615713955
52.14386470827863 45.080991630962636 54.985768667005516
52.14385830172998 45.08098681427748 54.98577120710139
52.14382601287912 45.08096422551722 54.98578409589622
52.28942972335541 45.22164342516078 54.93677065897822
52.289424861846584 45.22163849105381 54.93677188069486
52.28945234836767 45.22165775993332 54.936763124969715
52.28944415370829 45.22164949118643 54.9367651946638
52.2894746760157 45.221671891044075 54.93675568671354
52.289462700634324 45.221659863310975 54.93675872326844
52.2894966628397 45.2216858034659 54.936748361361
52.28948054017398 45.221669658458 54.936752459840235
52.28951826238398 45.221699478790214 54.936741166743246
52.353868049808824 45.25549900269448 54.90945082714899
52.35386867759145 45.25549993548749 54.90945042424727
51.334422085605055 44.6256651761683 55.226970827633956
51.334489132684865 44.62569078683957 55.226949176356285
51.5128023524033 44.645958970311085 55.177479487449794
51.5130038564598 44.645969875096576 55.17742002356056
51.51320090708363 44.645980484499724 55.17736188411205
51.51317143645019 44.64597529968784 55.17737125641569
51.70044522760848 44.658216068860995 55.1211738131468
51.70044575869787 44.65821594963343 55.12117368668542
51.700534494159584 44.6582030051872 55.121150534838876
51.70053439050817 44.658203008302635 55.121150565362655
51.76166183871037 44.65294739715953 55.102093178299995
51.875579919909086 44.81696264292507 55.0796595888106
51.87557829678036 44.8169571062433 55.07965981274146
51.875577308170136 44.81695454308839 55.07965992862165
51.87558505836043 44.81697859856678 55.0796589197528
51.875580512124785 44.81696310491993 55.07965954660545
51.87559003908581 44.816994119088434 55.07965826984672
51.875583422180064 44.81697157307272 55.07965918209709
51.87559486815702 44.81700921915989 55.07965763840781
51.8755870107165 44.81698244910061 55.07965872161367
51.87559954373519 44.81702387262505 55.07965702619383
51.87559111539045 44.81699517654974 55.07965818762041
51.90457614966836 44.91865282677606 55.07321210137094
51.87559568778997 44.81700958256186 55.07965758699212
51.99190315264556 44.98622127768721 55.042775197334834
51.87559994827335 44.81702296478067 55.07965702837774
52.066573171730056 45.046817417501174 55.01444951160324
52.066546971895136 45.04679176366368 55.01445987521425
52.08722994638322 45.07011648739142 55.009169164798735
52.066590305146576 45.046834185538565 55.01444269369832
52.087285007844756 45.07017126968876 55.00914780628058
52.08724394138849 45.07013040385673 55.00916373789762
52.1437464323387 45.08091236890823 54.98581605848303
52.14366930499991 45.08085422748274 54.98584663033152
52.143856814076116 45.080990526471425 54.98577204537189
52.14376689088719 45.08092283569453 54.98580769422804
52.289425462412396 45.221648325543605 54.93677370587581
52.28944872126289 45.22166299471438 54.93676594640968
52.289471571861355 45.22167741849472 54.936758325731944
51.51283539926432 44.64596557428849 55.177468829176235
51.51303965750208 44.64597657229259 55.17740856303281
51.51323998130533 44.64598730544042 55.177349467714635
51.70044374858657 44.65821639012563 55.121174168449215
51.72881118013231 44.66032490577622 55.11202667553029
51.83859308318748 44.72849110394526 55.088801813911125
51.76166966511762 44.652945839391045 55.10209160870326
51.83860973008514 44.72852320419709 55.08879858825173
51.83858806369811 44.728476084373526 55.088802360029625
51.83862615467818 44.72855487400319 55.088795405526405
51.838607996413124 44.72851542257554 55.0887985697076
51.8386423871917 44.72858616126936 55.08879225904967
51.83862579104628 44.728550135469376 55.088795153554216
51.83865842203837 44.72861706416721 55.08878915061861
51.83864256137205 44.72858266452813 55.088791919216035
51.83867425846757 44.728647582742305 55.08878608049791
51.838658747788344 44.728613976934334 55.088788790778224
51.838689864632585 44.728677662753185 55.088783055431
51.838674344513365 44.728644062999315 55.08878576947776
51.83870522913735 44.72870728198795 55.08878007760717
51.83868970717542 44.7286737038405 55.08878279402029
51.83872034286021 44.72873642260915 55.08877714877409
51.83870482656143 44.728702881405454 55.08877986616818
51.83873519330053 44.72876506025513 55.088774271333506
51.83871969005769 44.728731571067925 55.088776988341344
51.83874977309769 44.72879318046749 55.08877144669056
51.83873429017325 44.728759758078645 55.088774161966974
51.83876407432021 44.72882076768251 55.088768676360566
51.838748618829044 44.72878742654678 55.08877138858563
51.83877808988737 44.72884780797362 55.08876596169378
51.838762668780845 44.728814562187914 55.088768669575856
51.87557094975315 44.81694049832882 55.079660612055406
51.838776433606505 44.728841152301285 55.088766006156746
51.87557641437712 44.81695741646584 55.07965990180351
51.87556670171792 44.81692425194597 55.07966124263539
51.875581797527815 44.8169740763104 55.07965920229444
51.87557077612196 44.816936450444665 55.07966072360966
51.87558711721219 44.81699052516022 55.07965851140201
51.87557392874842 44.81694551294193 55.079660331544524
51.87559233685175 44.81700667569496 55.07965783322324
51.87557626533618 44.81695180739154 55.07966005166777
51.87559747079786 44.817022563712385 55.079657166111694
51.90457425065033 44.91865162105164 55.07321243418066
51.90457494522175 44.91865238912691 55.07321225837535
51.90457561695115 44.91865315625713 55.07321208433153
51.90457626214696 44.91865391744311 55.07321191313521
52.00164586352618 45.001893269316554 55.039499115643295
52.066576494868556 45.04682068006747 55.01444823945497
52.08723612114075 45.070122643993656 55.009166766458144
52.087292315767954 45.07017855345255 55.00914496844306
52.08734834066303 45.07023429361985 55.00912323636764
51.83864135615383 44.728591993540604 55.0887930833933
51.8386578066314 44.72862365413591 55.08878989093053
51.838674049502444 44.7286549120382 55.0887867385067
51.83869006880491 44.728685739472 55.088783629454674
51.83870590941436 44.728716216938125 55.088780554597136
51.83872150466425 44.72874622474223 55.08877752755953
51.83873684335 44.72877574113013 55.08877455050113
51.83875191657587 44.72880474878474 55.08877162513258
51.83876671211587 44.728833223975435 55.0887687538105
51.87557274276949 44.81695229434245 55.07966022070288
51.875578433546025 44.81696982011116 55.07965948340276
51.875584005969586 44.81698699645953 55.079658761054525
51.8755894576109 44.81700381554151 55.07965805398216
51.87559483713743 44.817020402060294 55.07965735651851
51.87560013462473 44.81703673311095 55.07965666975521
51.90457277274599 44.9186512669192 55.07321259659379
50.68177327213624 43.7201085465813 55.15073815685975
50.68177388073363 43.72010848280783 55.15073798687422
50.68178181406688 43.72010768493045 55.15073571050567
50.68177334635347 43.72010843629261 55.15073832170792
51.11111592462435 43.71983029921478 55.04925601523702
50.681758645743024 43.720109264997845 55.15074371615435
50.681779608107945 43.720107734339514 55.15073665566551
51.11124083586563 43.7198327351329 55.04922654531033
51.11123478023927 43.719832622358346 55.04922801082485
51.11099537726324 43.71982801703135 55.04928493097729
51.11129524810966 43.71983377550161 55.049213564382384
50.681733191170125 43.72011103246773 55.15075245480887
50.68175739097944 43.72010922895848 55.1507443698869
50.681779446107434 43.72010760894578 55.15073695864569
51.111219964354454 43.71983234513786 55.04923158737555
51.11154337577483 43.71983852022246 55.04915437287464
50.68170609808318 43.72011293279425 55.150761721423066
50.68173186018882 43.72011099909233 55.15075313946528
50.68175685468948 43.72010913129519 55.15074479821004
50.68177993138633 43.720107427969644 55.15073705866996
51.11120638680139 43.719832091016244 55.04923486449735
51.11164644939584 43.719840491532324 55.04912978665074
51.11153301460806 43.71983832805047 55.04915688580516
51.11142944623148 43.7198363475038 55.049181591605496
50.681621653200736 43.7201191905763 55.15078999797397
50.68164963503031 43.72011706770427 55.1507807174109
50.68167720192447 43.72011498136193 55.1507715653246
50.68170450439449 43.72011291818665 55.15076249531502
50.68173104422163 43.720110921345395 55.15075366290367
50.68175644722754 43.720109022674016 55.15074518594933
50.681780187556186 43.72010726674263 55.15073723039548
51.11119316697889 43.7198318437372 55.049238056295565
51.11152402173686 43.719838161446184 55.04915906819052
50.681560928336786 43.72012367911099 55.150810352602555
50.6815901342641 43.720121452087426 55.15080068647799
50.68161901038725 43.72011925470974 55.15079112136504
50.6816474552554 43.72011709570718 55.15078168904201
50.6816756132585 43.72011496211254 55.15077234526396
50.681703252096 43.72011287409327 55.150763162471634
50.681730115393826 43.72011085360333 55.15075422116236
50.68175593317819 43.72010892348791 55.15074560659829
50.68178020890713 43.72010712592597 55.15073747530319
51.111190238178224 43.719831789268504 55.049238765608095
50.681791156219 43.72010630455602 55.15073382789285
50.68146671886298 43.72013075601957 55.15084172592343
50.681497260427044 43.72012841256809 55.15083164414908
50.681527728809186 43.720126076397406 55.15082158351689
50.68155793245843 43.72012376479883 55.15081160256268
50.68158762146112 43.72012149987269 55.15080177848875
50.68161698352182 43.720119264455064 55.1507920543327
50.681645788627506 43.72011707864412 55.15078250158794
50.68167413749846 43.72011493311783 55.1507730898919
50.681701984584414 43.72011283155666 55.15076383394502
50.68172904086316 43.72011079883535 55.1507548242693
50.6817550655947 43.720108855291954 55.150746136954794
50.681780209413645 43.72010709920656 55.150737523435964
50.6817656215587 43.720108070035025 55.15074260771284
50.68136795991184 43.72013821896134 55.15087453413253
50.68139944911421 43.72013579264748 55.15086415791758
50.68143100258321 43.720133360882045 55.15085376143031
50.68146241617036 43.72013094283605 55.15084340571188
50.68149363735144 43.72012854327775 55.150833106764416
50.6815246054181 43.72012616758843 55.15082288331867
50.68155519474865 43.720123826864494 55.150812774203935
50.681585354050554 43.72012152532008 55.150802795847696
50.68161493651087 43.72011927561423 55.15079299418926
50.68164407260697 43.72011706564492 55.150783329942435
50.68167258172303 43.720114911001 55.150773859596335
50.68170043561308 43.720112813658275 55.15076459282167
50.681727404841006 43.720110793189626 55.150755601792106
50.681754527304705 43.720108855155374 55.15074638966266
50.681731022970226 43.72011052332461 55.15075439341058
50.68133013807745 43.72014099624201 55.15088724502482
50.68136226755655 43.720138516234435 55.15087666571907
50.681394478667286 43.72013602902141 55.15086606117183
50.681426529714784 43.72013355758601 55.15085550313262
50.68145844548687 43.72013109957588 55.15084498423442
50.6814901182627 43.72012866482352 55.15083453719892
50.68152151085661 43.720126256486466 55.15082417375024
50.681552520530715 43.720123883577045 55.150813925757944
50.68158303550892 43.72012155573003 55.15080382820359
50.68161293282662 43.72011928340642 55.150793919820615
50.681642114030694 43.72011707473082 55.15078423207591
50.681670775482914 43.72011491168952 55.15077470548528
50.681698828579286 43.72011283186702 55.150765313564875
50.681690703425794 43.720113416120704 55.15076806662256
50.681727203239404 43.720110794050505 55.150755694785786
50.5758952256571 43.72811253100737 55.180668843893216
50.575904440767374 43.72811107326809 55.1806680185628
50.68135705375952 43.72013876805539 55.15087865514186
50.68138972656691 43.72013624463049 55.15086789961124
50.68142223972646 43.72013373701936 55.15085719032845
50.68145453970385 43.72013125009882 55.150846543572804
50.681486591899926 43.72012878686388 55.15083597014957
50.681518298450555 43.720126356005224 55.15082550022471
50.68154967104182 43.72012395609241 55.150815130906935
50.6815805100381 43.720121604778015 55.15080492386973
50.68161059249222 43.72011932143107 55.150794948612486
50.68163980812843 43.720117115052105 55.15078524056135
50.68166956576821 43.72011493581568 55.15077522917158
50.6816469571488 43.72011657664282 55.150782862322366
50.57588649518593 43.728113912860536 55.18066962555355
50.575895807449115 43.72811244030525 55.18066879133423
50.57590514620839 43.72811096284697 55.18066795498345
50.68135188121233 43.72013901546512 55.150880633203926
50.68138495131653 43.720136462020406 55.15086974568426
50.68141780545612 43.72013392961424 55.150858921366805
50.681450408662286 43.72013142129766 55.150848171128814
50.681482779170224 43.72012893514565 55.150837489902734
50.681514765435864 43.720126484835106 55.15082692400405
50.681546403633654 43.720124066643194 55.150816463206326
50.68157733874763 43.72012171228728 55.15080621659551
50.68160828902532 43.72011939784434 55.150795890618106
50.68159246711784 43.72012056555768 55.15080119724949
50.681639360054746 43.72011712898371 55.15078542548957
50.57587753226366 43.72811533124057 55.180670428115896
50.57588699949976 43.7281138345781 55.18066957987827
50.575896481304596 43.72811233473497 55.18066873063325
50.57590591605933 43.72811084215718 55.180667885662416
50.68134670295227 43.72013926291565 55.15088261387149
50.68137998113313 43.72013669754857 55.150871650346026
50.68141301776677 43.72013415523937 55.150860758365525
50.681445833436726 43.720131633866046 55.15084993211768
50.68147836821231 43.7201291388388 55.15083918991617
50.68151115847459 43.72012664948714 55.15082831761558
50.6814944760569 43.72012790609707 55.150833866900285
50.6815440630464 43.72012417169476 55.15081737077746
50.68157647014446 43.72012174983425 55.15080655600305
50.575868268784504 43.72811679730615 55.18067125754925
50.57587793361813 43.72811526956515 55.180670391553335
50.57588761485435 43.728113738263716 55.18066952441622
50.575897207881795 43.72811222082181 55.180668665211314
50.57590667431117 43.728110723773504 55.180667817220254
50.68134133391111 43.72013952827318 55.15088465159917
50.681374766458305 43.720136956234555 55.15087362775265
50.68140887853768 43.7201343715685 55.15086230806182
50.68139470636184 43.720135427688746 55.15086704297883
50.681443656997416 43.72013174732812 55.15085074747705
50.68147766060002 43.72012917464211 55.150839456974744
50.57586854148252 43.72811675647257 55.18067123234328
50.57587842169331 43.72811519386755 55.18067034732698
50.575888271021554 43.72811363557171 55.180669465272196
50.575897923839015 43.728112109060795 55.18066860058021
50.57590742113334 43.72811060767831 55.180667749638644
50.68133579639813 43.720139809683786 55.15088673927991
50.68137254801478 43.72013707558712 55.15087445214864
50.681344080560905 43.72013917519875 55.15088400258027
50.57585870926248 43.728118314137326 55.18067211216124
50.57586886608169 43.728116707381126 55.18067120250505
50.575878958294794 43.72811511050246 55.18067029875146
50.575888949229586 43.728113529626725 55.180669404074834
50.57589868511402 43.72811199020841 55.18066853186403
50.5759081330552 43.72811049775991 55.18066768496013
50.68133426934672 43.72013989040223 55.15088730934923
50.575911854018386 43.72810991035047 55.18066735128966
50.57584845611415 43.728119939322895 55.18067302936154
50.57585881555203 43.728118300771406 55.18067210147103
50.575869255849746 43.728116647839954 55.180671166877886
50.57587954603848 43.72811501905075 55.18067024559429
50.57588969395465 43.728113413074084 55.18066933694898
50.57589951537069 43.72811186036532 55.180668456996315
50.57590900556781 43.72811036173373 55.18066760613762
50.575909161255865 43.72811033735906 55.18066759210767
50.57584837908574 43.728119955860464 55.18067303478274
50.57585903025597 43.728118269726785 55.180672081250414
50.57586964056232 43.7281165895386 55.18067113155408
50.57588012230917 43.72811492991822 55.180670193293466
50.575890385198065 43.728113305809266 55.18066927433213
50.57590030301325 43.728111738007 55.18066838569277
50.575909023532546 43.72811035921801 55.18066760441795
50.57590655792298 43.72811075086149 55.18066782469858
50.57584841314343 43.72811995422898 55.18067303045724
50.575859276846145 43.72811823376697 55.1806720581302
50.57587004122354 43.72811652899878 55.18067109470529
50.575880665124046 43.7281148467648 55.180670143755904
50.575891054742826 43.72811320257793 55.180669213454635
50.57590105686876 43.72811162168382 55.18066831718092
50.57590486557859 43.728111020587605 55.180667975585806
50.57583763291119 43.72812166301543 55.180673994789444
50.57584853341268 43.72811993859718 55.18067301853346
50.57585952585785 43.72811819781403 55.18067203466076
50.5758704161236 43.72811647316702 55.18067105994889
50.57588114989585 43.72811477368047 55.1806700991156
50.575891654358315 43.72811311137913 55.18066915851076
50.57590169298298 43.72811152528782 55.18066825877236
50.5759023436002 43.72811142258239 55.180668200428045
50.575837611390256 43.72812167023816 55.18067399542059
50.57584863442102 43.72811992658596 55.18067300813996
50.5758597468651 43.72811816694839 55.1806720134763
50.575870730971985 43.72811642775353 55.180671030258964
50.575881517982275 43.728114720400924 55.180670064468885
50.575892030027404 43.728113057721856 55.180669122905925
50.57590174469442 43.72811151787342 55.180668253880945
50.57589734451244 43.728112218230365 55.180668646516196
50.57583758743131 43.72812167826779 55.18067399612707
50.57584873497677 43.72811991507004 55.18067299764315
50.575859917348275 43.72811814493191 55.18067199652604
50.575870906413535 43.728116405952264 55.18067101252529
50.57588169499101 43.72811469926719 55.18067004628404
50.575892092620116 43.72811305378472 55.180669115275016
50.575890001872 43.72811338653372 55.180669301844574
50.53703329968927 43.73503691441292 55.19340508824635
50.57584881521169 43.72811990737944 55.180672988758985
50.575860013599524 43.72811813572211 55.180671985863
50.57587097026633 43.728116403145556 55.18067100433006
50.57588168608404 43.72811470942145 55.18067004411273
50.57588273871325 43.728114543211525 55.18066994973262
50.5370297209457 43.73503745213701 55.19340588113964
50.575848801281474 43.72811991584732 55.18067298787987
50.57586001119202 43.72811814339357 55.180671983603446
50.57587091785176 43.728116420115256 55.18067100607816
50.57588165822102 43.728114715362764 55.180670046087535
50.57587583376737 43.728115644030034 55.18067056526438
50.53702576658267 43.735038050090004 55.193406749085284
50.57584872147589 43.72811993576413 55.18067299255171
50.57585992813101 43.72811816495748 55.18067198818248
50.57587070608603 43.7281164630719 55.18067102183366
50.57587018312677 43.72811654673883 55.1806710683522
50.53702161854335 43.735038679191234 55.1934076555286
50.575848562820994 43.72811996930261 55.18067300389557
50.5758597509477 43.72811820266099 55.180672000766855
50.575866107858324 43.72811720031016 55.18067143032137
50.536979233401475 43.73504534334104 55.193416409218436
50.53701718009948 43.73503935498203 55.193408619729155
50.57584825753787 43.72812002777389 55.18067302778195
50.5758595094131 43.7281182515584 55.180672018770395
50.57586286786734 43.72811772218844 55.18067171733156
50.536973849972256 43.73504616928227 55.19341756519669
50.53701222494243 43.735040113810115 55.193409686775965
50.537050029708396 43.73503414853673 55.19340192494032
50.57585915665639 43.72811831945313 55.180672046258934
50.575859297548845 43.72811829742581 55.1806720335518
50.53696828867881 43.73504702398435 55.19341875619425
50.53700706319975 43.73504090602353 55.19341079453968
50.53704507496218 43.735034909057354 55.193402988115324
50.57585911514208 43.72811832680149 55.180672049711845
50.57585510073788 43.72811897308367 55.18067240543576
50.536962430708044 43.73504792657113 55.19342000579437
50.53700172443449 43.73504172692293 55.193411937025004
50.53704007549918 43.735035677081775 55.193404059506136
50.53705586659511 43.735033186810995 55.19340081429395
50.53695660256037 43.735048824645375 55.19342124885482
50.536996461583456 43.73504253594147 55.19341306371338
50.53703539859792 43.73503639370808 55.19340506574942
50.53704546033049 43.73503480702493 55.19340299784014
50.536909862822 43.73505617730467 55.193430893605324
50.53695080563565 43.73504971798204 55.193422485097145
50.53699146537608 43.735043302443415 55.1934141366098
50.53703098272054 43.73503706877216 55.19340601920881
50.537039687695355 43.735035695808904 55.19340423064723
50.52027930569458 43.735174890495244 55.19577397840358
50.53694533977523 43.735050558361884 55.19342365491414
50.53698680537504 43.73504401521791 55.193415141937365
50.53702737482971 43.735037614450476 55.19340681085575
50.53704365739388 43.73503504616045 55.19340346575072
50.520273801201355 43.73517579684837 55.195775180361906
50.536940330120856 43.735051325596714 55.193424733564804
50.53698268003088 43.73504464233028 55.1934160402895
50.53702418185616 43.735038093760565 55.193407519249384
50.53705768923551 43.73503280777175 55.193400637154454
50.536935524905545 43.73505206003818 55.19342577139352
50.53697872937293 43.73504524149446 55.19341690360408
50.537021265557385 43.73503852879033 55.19340817218141
50.537062947304065 43.73503195178856 55.193399614291465
50.53706416287159 43.73503177950321 55.19339932264769
50.5758658983839 43.72811733464956 55.180671414723875
50.53693104655068 43.735052742143694 55.1934267437515
50.53697498433954 43.73504580790275 55.19341772536943
50.53701831180386 43.73503897015203 55.19340883189412
50.53706096207044 43.73503223964509 55.19340007662123
50.57587240858 43.72811631412406 55.18067082848772
50.5758720285475 43.72811637017006 55.18067086390672
50.575876613819915 43.728115649593974 55.18067045161824
50.53697140223666 43.735046348326875 55.19341851427578
50.53701534072839 43.7350394145581 55.19340949449277
50.537058610486746 43.735032586594144 55.193400611397074
50.57587293639395 43.72811624262297 55.18067077714332
50.57588422862744 43.72811445796508 55.18066976521591
50.53696772341911 43.73504690454187 55.19341932189653
50.53701210596218 43.735039901631 55.19341020894916
50.537055881299416 43.73503299450671 55.19340122072412
50.57587328360976 43.728116201779706 55.18067074126455
50.57588606671811 43.728114180397604 55.18066959610995
50.57588552971143 43.72811425459144 55.1806696478572
50.575890910189756 43.72811341561527 55.180669161837756
50.53700856268134 43.73504043863338 55.19341098405711
50.537052687388595 43.735033477440446 55.19340192181933
50.537096136329225 43.73502662294558 55.19339299817958
50.57588646314918 43.728114133250266 55.18066955532043
50.57589605652949 43.72811261808359 55.18066869529252
50.43141774455508 43.86661334580962 55.297151569879745
50.48693959603677 43.85948737943103 55.282007813422894
50.48704100674925 43.85937993036202 55.28192505557676
50.575886760733795 43.728114103212846 55.18066952288366
50.5758994424106 43.72811209880739 55.1806683864974
50.57589911566406 43.72811214259949 55.18066841844244
50.5759021818135 43.728111666282786 55.18066814087001
50.48681593615813 43.85962425349945 55.28211395013926
50.4869190233173 43.85951498654229 55.28202978705589
50.48702260424089 43.85940511454257 55.28194514795193
50.48712141596643 43.85930035392339 55.28186445277926
50.57590818845223 43.72811073444737 55.18066759666735
50.486689304057336 43.85976440602851 55.282222627752134
50.48679527257963 43.859652010282446 55.28213604558134
50.48690221579437 43.85953848726267 55.28204858361556
50.48700629847673 43.859428003245355 55.28196346330169
50.4871046842892 43.85932363148939 55.281883060000794
50.48715251162313 43.85927052242194 55.28184185744631
50.48712786313231 43.859299084019504 55.28186415481798
50.48666915250266 43.85979165702069 55.28224433812237
50.48677872574219 43.859675277187065 55.28215466723938
50.48688648989467 43.85956079424064 55.28206645491291
50.48698964764013 43.85945123994441 55.28198204452473
50.48706622348838 43.85937000649987 55.2819194661075
50.38028061545082 43.9891439473902 55.379013384003855
50.48665233731782 43.85981526460478 55.28226322906557
50.48676194836614 43.85969877068523 55.282173461259674
50.48687020525122 43.85958367855127 55.28208476907948
50.486972439228666 43.859475049482064 55.28200106475752
50.48704866698474 43.85939041146522 55.28193540263692
50.4870148705817 43.859429992704165 55.28196634969016
50.38027121756446 43.98915337454678 55.379020568309215
50.380407039477426 43.98901843263707 55.3789200571157
50.48674499313185 43.85972242256731 55.282192373591215
50.486854286442494 43.859606132709075 55.28210274673807
50.48695765190729 43.85949618787309 55.2820180147079
50.48698415850629 43.8594667402307 55.28199516731361
50.48697539608402 43.859477322265334 55.28200347638146
50.38012104828229 43.989302657373756 55.37913191722609
50.38025810178213 43.98916648951382 55.37903048866323
50.38039613987947 43.98902934306606 55.37892833053505
50.486728217243915 43.859745840084955 55.28221109999137
50.48683865479559 43.859628222507844 55.282120436415354
50.54017442119286 43.959999052881216 55.31359604199408
50.38010395761918 43.98931971879828 55.37914477227866
50.380244440142036 43.98918014197416 55.379040800666196
50.3803879032709 43.9890376043971 55.37893462471911
50.479638627200885 43.99317098726518 55.34679884809785
50.540122016221 43.96010170120289 55.31365552860231
50.54018353729024 43.96000530051601 55.3135950024611
50.54827503933923 43.96162144873939 55.31249641164566
50.379944985947716 43.98947774400836 55.37926262757933
50.380088633607144 43.98933502101523 55.379156309774444
50.38023606398265 43.98918854092183 55.37904719549713
50.479543162504726 43.99332277213392 55.34689221151166
50.54803749682199 43.96180256790675 55.31265575686829
50.548223908557866 43.961728604696326 55.312557698548545
50.54828420835211 43.96162436210106 55.31249418209744
50.70709984655251 43.9308895482875 55.24048243583481
50.379781574830986 43.98964017963924 55.37938376750233
50.37992937062518 43.9894933342917 55.37927437719541
50.479319752885424 43.99357516045478 55.34707357797926
50.47944331865162 43.993480852918545 55.34698961695085
50.479565924480866 43.99338659233165 55.34690606060799
50.548149052570146 43.961850898447835 55.31263373182817
50.7071211787584 43.930982993698265 55.24051104277656
50.70710233566113 43.93090035398447 55.24048573927866
50.7071260837546 43.93100355261605 55.240517293335614
50.379764881662574 43.98965683876804 55.37939630961022
50.47921330859569 43.99374169898891 55.3471767032095
50.47934028612904 43.993643745204494 55.3470900475933
50.47946515618807 43.99354718763614 55.34700474733985
50.54806809980605 43.961979677631064 55.31271458204999
50.70714293878062 43.93107845423092 55.24054027319832
50.70715009736157 43.93110837862841 55.240549367246714
50.70714322696242 43.9310782477999 55.24054014149628
50.70715110874522 43.93111262606743 55.240550659006715
50.239970631754176 44.129221206150795 55.479336155313916
50.34003001939777 44.130555235589355 55.44631983753706
50.4792339172686 43.99381158317381 55.347193611532624
50.47936129569777 43.993712411463406 55.34710635424182
50.479485581696544 43.99361573844241 55.34702124821416
50.7071654280375 43.931177129207406 55.24057048860972
50.70717235940119 43.93120603433693 55.2405792695073
50.70717529447232 43.93121832632042 55.240583006163305
50.23997068697463 44.12922127771867 55.47933649537396
50.34003297708542 44.13055542069306 55.44631909247356
50.340118355991585 44.13055815352715 55.44628824951134
50.50792698010955 44.10331978883528 55.37995763312861
50.50810730348094 44.103290796878014 55.3798791471371
50.76264694940937 44.095316359867454 55.29158538753196
50.76265630496588 44.09533253636733 55.29159047791616
50.8261419197932 44.18633207993943 55.31947126617135
50.34003635483225 44.1305556200608 55.446318198592024
50.34012174285529 44.13055835057237 55.44628734298732
50.50789529350039 44.103328218387496 55.3799721423495
50.53482459549997 44.15772687785291 55.39807095703969
50.70213914774412 44.12843991183192 55.32475328095124
50.82616049279075 44.18636301778856 55.31948133471232
50.82617678326006 44.18638923318481 55.31948982293646
50.34003980101143 44.13055582186615 55.446317280873515
50.34012569372246 44.130558566486584 55.44628623563695
50.53460878387772 44.1576999162821 55.39813333718634
50.53485706676295 44.15773205551752 55.398062738184514
50.75765442702577 44.21786839497957 55.35370770800562
50.82619309924546 44.18641656775408 55.319498726186595
50.82621258008768 44.18644789837376 55.31950886973557
50.34012945126128 44.130558775886975 55.44628519696131
50.53464003269252 44.157704956439304 55.39812548751645
50.56359445459705 44.19266834948229 55.408814072318364
50.75770188762809 44.217891584793314 55.35370626087415
50.82622632326387 44.18647112348559 55.31951644389933
50.826247880079485 44.186505772012865 55.31952766063034
50.82623128858343 44.186478535747284 55.319518815663095
50.826249868021335 44.18650896863731 55.319528695537755
50.34013300156787 44.130558978155584 55.44628423136473
50.56335251070396 44.19260603400624 55.40886461926909
50.658956489161774 44.215642316582155 55.39275660514423
50.757750332168406 44.217915286713186 55.35370480118468
50.75786125083421 44.217961079121565 55.35369674205222
50.826281685339666 44.186561259435166 55.319545679833865
50.82628688466214 44.18656961476372 55.31954838461707
50.56310119781066 44.192541289291796 55.408917110764115
50.56344715232102 44.192637970486366 55.408850854853824
50.65904645554968 44.21566786515604 55.39273946062147
50.75779977901551 44.21793949653228 55.35370332104067
50.7579114626377 44.217985570331265 55.353695187172136
50.8263162736489 44.18661802298349 55.31956411301306
50.89125657928471 44.196941295963484 55.3069424898412
50.56319570095637 44.19257331247786 55.40890347252404
50.56354421168716 44.19267069107 55.40883671357081
50.6591390911134 44.215694107338294 55.392721768426426
50.75785019942015 44.217964200380365 55.35370182141722
50.7579625319036 44.21801051656501 55.35369362621478
50.75807156664445 44.21805556105697 55.35368572058076
50.89125043307609 44.196985816912374 55.306966090118735
50.563293298399564 44.192606271035814 55.408889297806255
50.563643998922444 44.19270426223152 55.408822119980485
50.65923367520915 44.215720907515106 55.39270370772715
50.75790163498313 44.217989404904785 55.353700293432695
50.75801449141974 44.21803591963002 55.35369205027004
50.75812411791294 44.21808116896091 55.35368407967685
50.891244020083064 44.197031202284386 55.30699018273565
50.56339417605921 44.19264024254902 55.40887457136878
50.65892350699983 44.21565890148551 55.39277861806593
50.65933091298639 44.215748419918484 55.39268511625848
50.75795416110347 44.21801515457555 55.35369873903409
50.758067486079 44.21806184305025 55.353690450872534
50.75817728556045 44.21810715300467 55.353682461702945
50.83710508606278 44.254130259463395 55.341066650596005
50.659022663072975 44.21568689587913 55.39275962299649
50.65943112470734 44.21577666206655 55.39266588848744
50.75800776433647 44.21804139693171 55.35369713309046
50.75812148463213 44.218088231185945 55.35368880650673
50.837109012394066 44.2541358663823 55.34106835988833
50.83711654921569 44.25414058643065 55.34106991013222
50.659125010240075 44.215715698348816 55.39273996034321
50.659534895066216 44.21580577351614 55.392645896940635
50.758062354115495 44.21806812603728 55.353695499687916
50.75817640942949 44.21811507860859 55.35368713763474
50.8371195073198 44.25414567590693 55.341071445741335
50.83712874277321 44.2541514173966 55.341073333244545
50.65923244386279 44.215745683415214 55.392719169691134
50.659642338283376 44.21583578208782 55.392625117054266
50.75811818216418 44.21809542616338 55.35369380959935
50.83711734915923 44.254147815689116 55.341072001870316
50.837130185573514 44.254155645835766 55.341074582362054
50.8707110902553 44.284246977462715 55.342775523854925
50.659751491813665 44.215866299733314 55.39260402541041
50.758174985933 44.21812320770217 55.35369209235577
50.83712816822826 44.25415797793561 55.34107519728145
50.87071429174432 44.28425307506316 55.3427765659667
50.870720005538885 44.284262043420384 55.34277856335615
50.87071302081071 44.28425020938633 55.34277618423488
50.870721458532245 44.28426435793032 55.34277906884895
50.659864381525836 44.21589772956536 55.392582131591126
50.837125860822724 44.25416030999415 55.341075804558464
50.870717257444454 44.284259119480275 55.342777502888865
50.87072307440749 44.284268063550016 55.34277954971974
50.87072873706296 44.28427688986646 55.34278153366958
50.87073230337978 44.284282523665226 55.342782777764015
50.659977636274746 44.215929388064964 55.39256024396721
50.83713691515108 44.25417082056956 55.341079105931186
50.87072622534872 44.28427450222625 55.34278054396226
50.87073200136129 44.28428334489147 55.34278257914499
50.870737617163506 44.284292021684635 55.34278455217412
50.87074306805661 44.28430051011441 55.34278646249295
50.87073956648187 44.28429459168253 55.34278526877567
50.870744395506534 44.2843026122668 55.342786925198496
50.87072943845861 44.28428118995657 55.342781549056696
50.870735334190115 44.284290207645626 55.342783627015606
50.87074106701822 44.28429894436273 55.34278564984369
50.87074664310785 44.28430746245556 55.3427876159126
50.87075205891844 44.28431579388842 55.34278952128941
50.87075691879302 44.284323421166334 55.342791220226545
50.870738731714766 44.284297221124014 55.342784693969634
50.87074458045584 44.28430614484892 55.34278675695353
50.8707502719637 44.28431478468545 55.342788767637515
50.870755818597 44.28432317273589 55.342790729429325
50.870761199727966 44.284331393552804 55.34279262671876
50.87076641089153 44.28433943121564 55.34279445858516
50.870758043414284 44.28432527979864 55.342791606652796
50.87077054818629 44.28434595290106 55.34279590287575
50.87075397225786 44.284322341916095 55.342789935509316
50.87075962517062 44.28433088168109 55.34279193553834
50.870765134736665 44.28433918628142 55.34279388618758
50.870770491318666 44.28434729188256 55.34279578040366
50.87077567709868 44.28435521405349 55.34279760883069
50.87078066245927 44.28436295571644 55.34279935756604
50.87077301499906 44.28435002592241 55.342796750760755
50.870784599267694 44.284369199129884 55.342800729156515
50.87076353494663 44.28433878168117 55.3427931756361
50.87076914301049 44.28434724367975 55.34279516051666
50.87077461677894 44.28435546587109 55.342797100535506
50.87077992620792 44.284363491265374 55.34279897871322
50.87078508677117 44.28437131057019 55.342800802871075
50.8707900357045 44.28437893876122 55.34280254291623
50.87079476519533 44.284386353684646 55.34280419682811
50.87078704100502 44.284373250285284 55.34280156701931
50.870797975961096 44.28439152412038 55.34280530982834
50.87077888060467 44.28436387565847 55.34279846769865
50.87078428350784 44.28437203728006 55.342800379305906
50.8707895467645 44.284379976753 55.34280224230909
50.870794634865824 44.28438770759445 55.34280403932083
50.87079952441867 44.284395223241226 55.34280575999743
50.87080421036136 44.284402513035175 55.3428074027644
50.870808640217746 44.28440955378107 55.3428089450271
50.87080226327241 44.28439870686914 55.34280677598936
50.87081099034228 44.284413383569685 55.34280975643658
50.87079935113252 44.2843967797068 55.342805568080564
50.87080434627258 44.28440440116458 55.34280732997165
50.87080914917816 44.28441179154709 55.342809019587456
50.87081375315114 44.28441894492706 55.342810634257006
50.87081813000816 44.2844258449933 55.342812162122286
50.87082225316996 44.28443247093544 55.342813592390016
50.87081773545005 44.28442475657915 55.34281205789272
50.87082380429858 44.284435013425814 55.34281412687649
50.870814264667075 44.28442141763808 55.342810693122374
50.87081889399718 44.2844286325085 55.342812315098094
50.87082337947622 44.28443562107257 55.34281388682453
50.87082767459895 44.284442364667804 55.342815388141986
50.87083177529713 44.284448860862376 55.34281681734429
50.870835624820266 44.28445507202416 55.34281815089775
50.8708326576235 44.28444999398348 55.342817143867414
50.92520108796488 44.309002075263535 55.32833173781317
50.86003012500139 44.34600392677842 55.35883386939213
50.870833135887935 44.28445255330547 55.34281718113855
50.87083732706026 44.284459122451196 55.34281864692865
50.87084134694824 44.284465457005794 55.34282005038163
50.92519311611238 44.30900581308293 55.32833723078303
50.92520381517506 44.309000842803115 55.32832967799328
50.925204618976394 44.30900046564982 55.328329125188645
50.92520548473301 44.30900006992182 55.32832848879514
50.86003340599764 44.34600174285836 55.35883309224287
50.860042031011034 44.3459959859213 55.358831156022774
50.86005058792328 44.345990273650116 55.35882924039265
50.92518793510506 44.30900826648244 55.328340706463806
50.92519888515297 44.30900317028821 55.32833301288032
50.925209546402044 44.308998220419305 55.32832547567784
50.92521044310635 44.30899779929017 55.328324860482155
50.925211660600425 44.30899724302629 55.3283239646011
50.86003654775225 44.34599965592567 55.358832319170425
50.86004512083857 44.34599393446794 55.35883038910377
50.860053562422124 44.34598830073882 55.35882848886375
50.925193874875944 44.30900554714749 55.32833635720993
50.971325193490784 44.38529139046252 55.3293126929798
50.971384782398985 44.385338955307354 55.32929625344974
50.9713739402386 44.38533023232101 55.32929927916764
50.9713994337408 44.38535067253686 55.32929220017457
50.86003972248636 44.345997548860275 55.35883152606914
50.860048044521406 44.3459919980735 55.358829631531655
50.97130954765558 44.38527940796615 55.329316754346365
50.971370804067405 44.38532821353307 55.329299900275615
50.971430555723 44.38537586738999 55.32928343644856
50.971488552723095 44.385422200961294 55.32926741624235
50.971475398081324 44.3854116074497 55.32927109235854
50.97150456266422 44.38543501838241 55.3292629802265
50.9712936641336 44.38526729117164 55.3293208533637
50.97135619736485 44.38531711566549 55.32930364716755
50.971417381671145 44.38536586781313 55.32928681090557
50.971477110538615 44.38541349103472 55.32927035963505
50.971535241804254 44.38545989078651 55.32925432303829
50.97159137166139 44.385504787368816 55.32923879104482
50.97157960259651 44.38549529847498 55.329242085596164
50.97160344989743 44.38551447141929 55.3292354372079
50.97140408189602 44.38535582326493 55.32929019214686
50.97146486911572 44.38540430813033 55.32927344040718
50.971524323488026 44.385451727698275 55.32925705708028
50.971582402908396 44.38549806464819 55.329241045576616
51.10002861767978 44.4761729210646 55.30035901255812
51.10013063673554 44.47625974855441 55.30032860693798
51.100120899054644 44.47625143136047 55.30033152598279
51.1001402229199 44.47626790663732 55.30032575024457
50.9715135128177 44.38544368968017 55.329259741704234
50.97157253532441 44.385490791811314 55.32924346377578
51.10001002862751 44.476157367321846 55.30036440048772
51.100115051653674 44.4762467512131 55.30033309971114
51.10021695951178 44.476333475629595 55.300302732039725
51.1002983188767 44.4764027051943 55.30027849215659
51.09999125904704 44.47614167492059 55.300369833678644
51.10009810568515 44.4762326044022 55.30033799308276
51.100202557199836 44.47632149122996 55.300306868712354
51.10030440850068 44.4764081596339 55.30027652238736
51.10040276940151 44.47649184903475 55.30024722109914
51.100334707895186 44.47643372862716 55.3002676165721
51.10045928181055 44.47653992672593 55.30023038933655
51.100188257500335 44.476309610145364 55.30031096569219
51.10029171809195 44.47639764084768 55.300280143928475
51.100392741546585 44.47648359356782 55.30025005066733
51.10049114520027 44.47656731202437 55.30022074081584
51.100585778083655 44.47664781342129 55.3001925592408
51.10054354023919 44.47661175109473 55.30020521277882
51.1006192712446 44.47667630201633 55.30018258674889
51.10038295861519 44.47647556274198 55.300252798010895
51.1004828227867 44.47656051627783 55.30022305740265
51.10058038296085 44.47664350627994 55.30019400496954
51.10067516065179 44.476724123927056 55.30016578422307
51.2098666824253 44.56613052570519 55.264750522313804
51.20986452262329 44.56612900007431 55.26475104101594
51.20986876738727 44.566131970076746 55.26475000104634
51.100574196252154 44.476638537686206 55.30019567963352
51.10067049990021 44.47672044648362 55.30016700841243
51.20986357751382 44.56612854215727 55.264751419671754
51.20987893826245 44.566139183900354 55.264747579633266
51.20989163576674 44.56614797849022 55.26474440386875
51.10066762032127 44.47671830558786 55.3001676899967
51.209860165704455 44.566126349175484 55.26475239605242
51.20987592374156 44.56613726553509 55.264748456247055
51.20989131067675 44.56614792404931 55.264744608670746
51.20990609876712 44.566158165435894 55.26474090916864
51.20989591261551 44.56615097175957 55.26474335662979
51.2099149102335 44.56616426620991 55.26473870370758
51.209872846888956 44.566135308270034 55.2647493515412
51.20988841798267 44.56614609218225 55.264745456346645
51.209903686236125 44.566156666177875 55.264741636777856
51.209918481922074 44.566166911354124 55.264737934311825
51.209932766325394 44.566176800455196 55.26473435831263
51.20992647815627 44.5661723607693 55.264735870026016
51.42497501650442 44.609386603519795 55.204231341341455
52.45751151485629 45.17675665400283 54.83107719775249
52.457509740965065 45.176756802527024 54.831078309368294
52.45749433882412 45.17675831675341 54.83108811484437
52.4575316902999 45.176754700175586 54.83106437374504
52.45752820701299 45.17675499501331 54.83106655874202
52.45754984503471 45.1767529409636 54.83105283341513
52.457545976361864 45.1767532690656 54.8310552605975
52.518670050598715 45.174772745453154 54.78937421173191
52.51867002716513 45.174772699765505 54.789374212738494
52.51867011758673 45.17477286230553 54.78937408877821
52.51867011579759 45.17477285883845 54.78937408903976
52.51867015011568 45.1747729191987 54.789374030386
51.20990112338022 44.56615506645957 55.26474240463101
51.20991619055912 44.56616549821632 55.26473863320456
51.20993095102466 44.56617571731496 55.26473493832996
51.209945276945916 44.56618563394359 55.26473135105794
51.42517364599634 44.609404913444145 55.20417475834491
51.4251665247951 44.609404154966484 55.204176751472
51.42520907846843 44.60940805572048 55.2041646217206
52.457452906613966 45.17676241495872 54.83111450888968
52.45745100155935 45.17676257195418 54.83111570098201
52.4574325956961 45.176764380194044 54.83112741783711
52.4574750642197 45.17676027040956 54.83110042581564
52.45747106732286 45.17676060202747 54.83110292841121
52.45749670896742 45.176758174877065 54.83108666828252
52.45749063527473 45.176758680568355 54.831090472438575
52.45751801424802 45.176756111675616 54.83107312615117
52.4575383472519 45.17675414181857 54.8310602014669
52.51867011062144 45.17477286279622 54.78937421193804
52.518670177218524 45.174772979123716 54.78937409107316
52.51867024458586 45.17477309529542 54.789373955702324
52.51867021357497 45.174773035453 54.78937396243428
52.518670276411434 45.17477315094583 54.78937389846314
52.518670255810875 45.174773111004804 54.789373901296486
51.20991404204475 44.56616418982379 55.264739300568586
51.20992890322523 44.566174475822024 55.26473557843695
51.209943567445194 44.566184626151724 55.26473190611017
51.33440535972015 44.6256565524652 55.2269750511133
51.42521184291137 44.609408988864715 55.204164070008815
51.51304537421207 44.64595026616331 55.17741188421328
52.403993575723895 45.229167647809334 54.87690042118894
52.40399357904535 45.229167353545826 54.8769003522509
52.403990782370066 45.229168785731616 54.87690234955211
52.40401580384675 45.22915866734985 54.87688509319695
52.4040156991351 45.22915635995584 54.87688463078308
52.4574126237321 45.17676640411655 54.83114017393663
52.45740925251978 45.176766671383376 54.83114227626061
52.457435644632994 45.176764176461916 54.83112554247141
52.457430336409544 45.17676460210826 54.8311288560299
52.457458673051775 45.17676194765525 54.83111090593761
52.51867033921429 45.17477326689763 54.78937383907319
52.51867029896553 45.174773195097195 54.78937389905239
51.20994197677831 44.56618370588142 55.26473243521282
51.20995634011186 44.56619364405611 55.264728835425075
51.33443269734744 44.62566742335634 55.22696644887232
51.51289906630542 44.645946370982365 55.17745430279102
51.5130869386755 44.64595671460526 55.1773988283956
51.51306636242583 44.64595189333121 55.17740559813074
51.62144848916149 44.63180553018393 55.14865112500085
52.2895030628986 45.22166979378467 54.93674193206946
52.289500979690786 45.22166776609421 54.93674247414444
52.289493833896046 45.22166391708998 54.93674499898537
52.35386675494284 45.25547711876756 54.90944618620483
52.35386651363937 45.25547485629393 54.90944581911155
52.40394772267194 45.22919381565297 54.8769337792767
52.4039480125039 45.229189849788455 54.87693270371565
52.403970497789466 45.22918463986599 54.87691807992965
52.40397079007893 45.22917886513073 54.87691659133246
52.403993147662646 45.22917547879652 54.87690245878383
52.40401570852251 45.22916631192971 54.87688688951797
51.334396967847695 44.625654206031555 55.22697821383173
51.334460851164266 44.62567861031357 55.22695758532708
51.51291914330391 44.64595176679057 55.17744756719223
51.513110489915775 44.64596224435531 55.177391077722234
51.621520804030695 44.63181009357995 55.14862953941838
51.62148357320197 44.63180774601011 55.148640651324854
51.700544736876026 44.658201180286405 55.12114795830303
51.70054541147711 44.65820106438763 55.12114778736414
51.76166324524068 44.65294649932049 55.10209316224057
52.14387863906149 45.0809931883873 54.98576268510958
52.143877368961945 45.080992240511264 54.98576318904577
52.14387218857621 45.08098861744313 54.98576525696286
52.28943715148165 45.22163422131072 54.936765205712774
52.28943325635419 45.22163033652118 54.93676619924853
52.28945884694345 45.221647994076974 54.93675798701028
52.28945094145037 45.22164019313635 54.93676002137773
52.289480118544446 45.22166153487543 54.9367509172876
52.28946815002159 45.2216497492593 54.93675400249241
52.28950096984777 45.2216748383852 54.93674399373478
52.28948501224305 45.22165916634591 54.93674811616333
52.35386695504961 45.255483729024675 54.90944778845291
52.35386757001695 45.25548477031277 54.90944742873971
52.40394674477043 45.22920221682137 54.876936275216764
51.334490585210325 44.62569041233408 55.22694821751658
51.51294260881211 44.64595742937553 55.177439815950095
51.51313481404673 44.64596789302351 55.17738308446246
51.70045333654308 44.658214661652714 55.121171762481026
51.70054019237534 44.65820195508946 55.121149111572635
51.76167222910276 44.65294488571607 55.10209128536689
51.76167292557419 44.652944632531856 55.10209119501036
51.761685956770684 44.65294211459118 55.10208854895578
51.76168609323405 44.6529420559345 55.10208853514765
51.76169341206945 44.65294060995038 55.10208706271375
51.838770531010745 44.7288137437984 55.088765869978815
51.838767224630885 44.72880663586535 55.088766452175975
51.838762162714815 44.728797524098624 55.088767484862316
51.83878332974518 44.72883856314173 55.088763401117646
51.83877529397654 44.72882130238298 55.08876481721676
51.8755566065355 44.81688012379112 55.07966288109179
51.838784657077376 44.72883887802833 55.0887629646606
51.87556165286317 44.81689600353833 55.079662218701415
51.8695131158903 44.76167423431482 55.07563269419219
51.87556655975109 44.81691148639889 55.079661573551974
51.87555855158782 44.816884244412556 55.07966267648199
51.875571324861525 44.81692657434582 55.0796609457138
51.87556337430913 44.81689953703995 55.079662040488756
51.87557597657043 44.81694131985059 55.079660332395676
51.8755680819957 44.816914485467414 55.079661419144216
51.87558050857419 44.81695570943543 55.079659734263814
51.87557267489724 44.81692908983509 55.07966081243192
51.97261837546887 44.9001796208655 55.04595906103067
51.875576971244996 44.816942720569195 55.07966024567099
52.06656653507876 45.04681090227585 55.014452054444455
51.97263573305373 44.90019610475659 55.045952305357645
52.06661032440671 45.04685377102746 55.014434694009516
52.06658409242583 45.04682808567712 55.01444507015676
52.143659980481544 45.080842244981156 54.98585007165002
52.143603098679975 45.08079940573495 54.98587262061765
52.143766356998455 45.08091766653695 54.98580766070279
52.14369956833103 45.080867449295056 54.98583414120567
52.143871767338965 45.080992369535686 54.985765633233086
52.14379201937517 45.080932516101214 54.985797257401224
52.28943334122472 45.221638640865045 54.9367679383669
52.289455465849066 45.22165268005039 54.93676057557954
52.28947741118634 45.2216665610902 54.93675326295005
51.51316376393821 44.64597389262255 55.17737370721035
51.700447618489726 44.65821561470746 55.12117321989466
51.70053598422359 44.65820268300701 55.121150176453924
51.76167091083923 44.65294535568804 55.102091460373344
51.761685023002016 44.652942496969104 55.1020886516148
51.76169898876997 44.65293966781648 55.10208587203174
51.76169940346233 44.65293942420893 55.10208585821014
51.83858208337355 44.72845511940649 55.08880276548142
51.83856193561399 44.72841132453317 55.08880627466749
51.83859807879453 44.72848606296707 55.08879967400881
51.8385808914842 44.72844874127496 55.08880267060864
51.838613874029875 44.72851660377562 55.08879661998968
51.83859829829072 44.72848282435302 55.08879933903049
51.83862946072479 44.72854674888133 55.08879360689252
51.83861458221682 44.72851450999432 55.08879620648936
51.838644841562825 44.72857649653172 55.088790633644095
51.83862995637173 44.72854426759615 55.08879323635989
51.838659999450655 44.72860582260383 55.08878770426242
51.838645459597814 44.72857437304792 55.08879024912369
51.83867492144869 44.728634701711904 55.088784821220116
51.83866038630197 44.728603284978746 55.08878736706607
51.838689599702185 44.72866311829331 55.08878198600594
51.838675075914864 44.72863174792097 55.08878453160393
51.83870402572082 44.728691055544815 55.088779200230604
51.838689519830965 44.72865974481377 55.08878174436754
51.838718191807914 44.728718498189416 55.088776465350726
51.8387037102234 44.72868726009352 55.088779006835836
51.83873209105118 44.72874543246084 55.088773782670756
51.83871730760144 44.728713552289825 55.08877637785734
51.838745782833556 44.72877195796069 55.088771139493595
51.83872991638707 44.72873775715219 55.08877392598034
51.83875932670762 44.72879817943684 55.0887685234742
51.838741031392495 44.72875877061303 55.088771738719586
51.83877263370201 44.72882394611216 55.08876595351255
51.83875106511145 44.72877749633858 55.08876974479189
51.83878583778647 44.728849492345915 55.088763401734695
51.838759338477885 44.7287924498325 55.08876806179929
51.87556281167652 44.81690425572532 55.07966194984041
51.87556799810817 44.81692044106894 55.07966127248912
51.875573070099335 44.81693629883577 55.079660609334525
51.875578013400116 44.81695180387622 55.07965996174791
51.87558279658708 44.816966856133604 55.0796593338837
51.875587433843265 44.81698149176354 55.07965872409507
51.875591968333794 44.8169958088197 55.07965812767377
51.972655044522945 44.90024182531131 55.04594869657882
52.06656931827807 45.04681363599241 55.01445099508078
52.06661439506786 45.046857765174266 55.0144331243954
52.08727710153843 45.07016339247857 55.009150875779625
52.1437558269449 45.08091450801578 54.985812080424424
51.76166977068709 44.65294578993499 55.10209159977717
51.83857912577949 44.728456631616 55.08880391480946
51.83859553120516 44.72848832117999 55.08880074032787
51.838611732468365 44.72851959735731 55.08879760383342
51.838627733671 44.72855048569011 55.08879450593952
51.83864352574132 44.72858097429341 55.08879144885182
51.83865911687951 44.728611073181966 55.08878843051839
51.83867448118238 44.72864074166847 55.08878545669814
51.838689609348165 44.7286699614923 55.088782529167595
51.838704488653306 44.72869870777042 55.08877965036439
51.83871911148198 44.728726965474365 55.088776821736865
51.83873346961359 44.728754718399536 55.08877404484973
51.83874755564761 44.72878195191895 55.0887713211085
51.83876136299199 44.72880865296304 55.088768651761924
51.83877498657922 44.72883498895287 55.088766017166144
51.87556393652814 44.81691308926716 55.07966166799076
51.875569335470246 44.8169298356952 55.07966096547368
51.87557467178853 44.81694637155113 55.07966027151916
51.11172861500412 43.71984207858101 55.04911029574775
51.11178035021115 43.71984309870112 55.049098167743615
51.11178690437871 43.71984322055162 55.04909658013402
51.11167114884256 43.71984098828138 55.049124063835464
51.11182372791072 43.71984392485976 55.04908779692673
51.11116655213203 43.719831349302375 55.04924450574498
51.111716963112954 43.719841928056965 55.04911357599278
51.112046464680475 43.71984822036804 55.049034914005084
50.68177987961755 43.72010701571117 55.15073782926423
51.11110925660378 43.719830288528634 55.04925841503015
51.11170881627662 43.71984178009177 55.04911557360053
51.11204277039435 43.71984815719244 55.049035847003786
50.68175345223329 43.72010885217548 55.150746899270885
50.681778835827615 43.72010696760198 55.150738405899176
51.11107457287126 43.71982964566933 55.04926682998679
51.111702463084455 43.71984166565318 55.04911713798528
51.112152855925906 43.719850263515376 55.049009594516065
51.11203955722792 43.71984810327405 55.04903666562633
51.11193020934408 43.71984601142366 55.04906274468941
50.68169838975693 43.72011284031832 55.15076550407525
50.68172584395119 43.72011078200204 55.15075635410997
50.68175269310255 43.72010877567535 55.150747393795626
50.681778741174604 43.72010683803674 55.150738684844804
51.11104773054646 43.719829147922304 55.04927334088855
51.11169660524263 43.719841560696565 55.049118584271056
51.11203793006626 43.71984807908014 55.04903710172492
50.68166841291681 43.72011496211452 55.1507757222555
50.68169686309864 43.72011282193844 55.15076625335858
50.68172499825677 43.720110708724214 55.150756883400106
50.681752497271916 43.72010865047303 55.15074771229578
50.68177915952195 43.72010666425652 55.15073880323346
51.11102302001704 43.7198286898448 55.0492793356617
51.111690902603584 43.71984145894101 55.04911999514843
51.11172547385955 43.71984211984751 55.049111746918264
50.681607492942575 43.72011942791379 55.150796209549824
50.68163714833621 43.72011718750422 55.15078635685617
50.68166662782254 43.72011496202415 55.150776559636924
50.68169566517285 43.720112775089355 55.15076690000283
50.68172435650005 43.720110617994 55.150757348636674
50.68175241277866 43.7201085159384 55.15074799547256
50.68177944246748 43.72010650266672 55.15073896305779
51.1109949059161 43.719828169237076 55.04928616004962
51.11168910135585 43.71984142587411 55.04912043437622
51.11144289827281 43.71983673200023 55.04917926404765
50.68151049681513 43.720126681411294 55.15082857014457
50.6815423181103 43.720124252122 55.150818043562936
50.68157369749987 43.72012186293894 55.15080765163253
50.68160464805874 43.720119512269605 55.15079739110416
50.68163505396763 43.7201172101317 55.15078729816251
50.681665163803586 43.720114933923945 55.15077729713889
50.681694805228744 43.72011269881975 55.150767441392176
50.681723891550405 43.72011051215866 55.15075775829477
50.68175222272399 43.72010839112281 55.15074831056363
50.681779660694225 43.720106347222455 55.15073914211028
51.110966311450014 43.719827640090436 55.04929310350897
51.111013694923 43.719828545851676 55.04928179790927
50.68140759186094 43.72013444128703 55.15086278530748
50.681440621925276 43.720131906356 55.150851883051246
50.68147366254464 43.72012937047318 55.1508409775677
50.68150639239694 43.72012686365888 55.15083016521245
50.681538828532304 43.72012438405805 55.150819441347124
50.681570771031936 43.72012194959874 55.15080886727936
50.68160222681666 43.72011955911127 55.15079844188065
50.68163323942754 43.72011720822445 55.150788152643315
50.681663861529856 43.720114891893324 55.150777983999944
50.681693942446664 43.72011262325634 55.15076798283417
50.68172328199394 43.720110419587684 55.150758211761634
50.68175185159843 43.720108282792566 55.15074868073438
50.68177932010957 43.720106241299476 55.150739493599254
51.11096292406218 43.71982757744831 55.0492939263446
50.68179005394997 43.72010545135581 55.150735889416865
50.68136903513543 43.720137264558645 55.15087575760954
50.681402531319776 43.72013469338354 55.15086470235368
50.68143601264832 43.72013212313839 55.15085365238173
50.68146953452734 43.72012954912985 55.150842590204334
50.681502719536354 43.72012700675752 55.150831628749344
50.68153564041975 43.720124488979465 55.15082074664737
50.68156803816949 43.72012201920798 55.150810022990946
50.68159994708475 43.72011959371659 55.15079944843971
50.68163137569671 43.72011721125397 55.15078902125772
50.68166230602288 43.72011487301596 55.150778747714064
50.68169261123843 43.72011258989359 55.1507686675741
50.68172212281637 43.720110376288105 55.15075883380706
50.68175080688206 43.72010823451671 55.15074925810552
50.68177870021912 43.720106231388755 55.15073980227234
50.68176306415471 43.72010732680488 55.15074515262259
50.6813300210615 43.720140114200916 55.15088889667122
50.681363921707984 43.72013751395499 55.150877704347764
50.681397893475065 43.72013490562486 55.1508664933033
50.68143185070812 43.720132298170405 55.15085528749016
50.68146571093763 43.72012969980078 55.150844110725785
50.68149930857665 43.72012712608221 55.15083301249162
50.68153254737051 43.72012458567671 55.15082202225071
50.68156531325677 43.72012208863822 55.15081117529814
50.68159754890199 43.72011963964027 55.15080049006309
50.68162922443179 43.720117240819675 55.15078997668837
50.68166028076848 43.72011489693913 55.15077965425988
50.681690655749556 43.72011261298559 55.150769542904214
50.68172017470765 43.72011040388124 55.150759697527434
50.681750053220725 43.720108246950495 55.15074958906739
50.68172117114041 43.72011033057961 55.15075936289413
50.681324853330125 43.7201403593446 55.15089087657687
50.6813592330936 43.72013772227749 55.150879526202885
50.68139360571139 43.72013508447289 55.150868180515346
50.681427871812495 43.72013245604364 55.1508568678124
50.681461995377774 43.72012984066652 55.15084559833105
50.68149589856199 43.72012724573357 55.15083439519929
50.681529304195294 43.72012469676973 55.15082334220312
50.68156227617434 43.720122187286606 55.150812421120605
50.68159469665342 43.720119727585356 55.15080166857383
50.681626436305905 43.72011732878484 55.15079112508896
50.681657600888215 43.720114980668775 55.15078075956035
50.681689083704995 43.720112665056355 55.150770185936665
50.68166398252971 43.72011450173082 55.150778633564414
50.681720045627856 43.72011041212833 55.15075974313673
50.57590975075496 43.72811024717796 55.18066753826761
50.68131985114435 43.72014058775583 55.150892809131726
50.68135457825667 43.7201379270275 55.15088133868353
50.68138935844979 43.720135259317466 55.150869855979224
50.68142391454702 43.72013261196983 55.15085844151475
50.68145827803998 43.72012998202744 55.15084708587381
50.68149222074125 43.72012739087825 55.150835857358594
50.681525782987634 43.72012483431237 55.15082474467209
50.68155885496349 43.7201223221026 55.15081378162671
50.681591236188936 43.72011988297417 55.15080301024693
50.681586979156634 43.720120197200494 55.150804437969526
50.681624608429686 43.72011740566282 55.15079184319896
50.68165724850288 43.72011499538443 55.15078089819092
50.575910639478934 43.72811010936498 55.180667457729186
50.68131489791507 43.72014081075688 55.15089472851982
50.6813501580228 43.72013810856774 55.15088308315103
50.68138520773508 43.72013542474919 55.15087150320228
50.68141997945391 43.72013276593606 55.15086000836631
50.68145432859817 43.72013014574054 55.15084864181013
50.68148824073906 43.72012756507578 55.15083740864785
50.68152209498793 43.720125017024124 55.15082614359741
50.68151311682197 43.720125679816455 55.150829154543004
50.68155702017526 43.72012241590749 55.15081447233558
50.575911469664696 43.72810998168465 55.180667382137365
50.57592119657337 43.728108445156124 55.18066651023143
50.68134547388277 43.72013831558769 55.15088490526567
50.68138083839939 43.72013561128138 55.150873214761305
50.68141559689691 43.72013296303565 55.15086170699597
50.681449913431386 43.7201303543141 55.15085033496253
50.68148596377485 43.72012768388605 55.150838261472
50.681462022887835 43.7201294374107 55.15084631544564
50.575902083867476 43.72811146989854 55.180668221575644
50.57591211397879 43.728109885165736 55.18066732259575
50.5759220114613 43.72810832120969 55.18066643556363
50.68134039832703 43.720138561101265 55.15088684127092
50.68137600991203 43.72013584269932 55.150875060407685
50.68141081999881 43.72013319876066 55.15086352064964
50.681448240217506 43.72013044132655 55.150850962188656
50.68142367032783 43.72013222539967 55.15085925586553
50.57589208824026 43.728113057081515 55.180669114783235
50.57590233003352 43.72811143889486 55.1806681968336
50.575912538891174 43.72810982533886 55.180667282030484
50.575922565279946 43.72810824078469 55.18066638352326
50.6813348300731 43.72013885580872 55.150888919297955
50.681370613317924 43.72013613036902 55.15087707066593
50.681408633281166 43.72013331630979 55.15086433343075
50.6813881254899 43.72013480312331 55.15087126009497
50.575892009226365 43.72811307961339 55.18066911845382
50.575902450399056 43.728111429149884 55.180668182897435
50.57591276108987 43.728109799442585 55.18066725898822
50.5759228854317 43.72810819935299 55.1806663517217
50.681328794878105 43.72013919800173 55.150891130359135
50.6813673611059 43.720136316594235 55.15087825884429
50.68134946456288 43.72013762681796 55.150884280502154
50.575881448496816 43.72811475795045 55.18067006167581
50.575891981775875 43.728113094073954 55.18066911747721
50.575902465285694 43.72811143730612 55.18066817799557
50.575912824198724 43.72810980027202 55.180667249665106
50.57592295076324 43.7281082003892 55.18066634200994
50.68132520860746 43.720139414388115 55.1508924206116
50.681303834760556 43.72014099612836 55.15089958161356
50.57587066604208 43.72811647067004 55.18067102499113
50.57588127042341 43.72811479708024 55.18067007390347
50.5758918736107 43.72811312236671 55.18066912336842
50.575902346205176 43.72811146807207 55.18066818461095
50.57591267064615 43.728109837320815 55.180667259086206
50.57592288175369 43.728108216991764 55.180666346260224
50.575916124667245 43.728109291833135 55.180666949427646
50.575870426493395 43.7281165196623 55.180671042677936
50.57588114223178 43.72811482842198 55.18067008162872
50.575891743500186 43.728113154771336 55.18066913100772
50.57590215229007 43.72811151167651 55.180668197589085
50.57591260226863 43.728109852511096 55.18066726372542
50.57590614998648 43.72811088049076 55.180667839133605
50.57587022344228 43.728116563083375 55.180671057027226
50.575881017555375 43.72811485967583 55.18067008888018
50.57589165406705 43.728113180940746 55.1806691349361
50.57590207252007 43.728111531207524 55.1806682023868
50.575899162256604 43.72811199655292 55.180668461350436
50.57587005789186 43.72811660078392 55.18067106794598
50.57588096992074 43.72811487867614 55.180670089254065
50.57589165716386 43.72811319231759 55.18066913062994
50.57589519729368 43.72811263409096 55.180668812959624
50.575858655428064 43.728118412541846 55.18067208646539
50.57586990815292 43.728116636381124 55.180671077313534
50.57588103996774 43.72811487871612 55.180670079204944
50.5758918339598 43.728113175508284 55.180669111007425
50.57589361680899 43.728112894238166 55.18066895107292
50.57585831218144 43.72811847987724 55.18067211278134
50.575869822673496 43.72811666185555 55.18067108091141
50.5758812312044 43.728114859245714 55.180670058416965
50.575892293716734 43.72811311249418 55.180669066532104
50.575894588253576 43.72811275037381 55.18066886073765
50.57585806307451 43.72811853210368 55.18067213073953
50.57586990144301 43.72811666065083 55.18067107003522
50.575881587622035 43.72811481301852 55.18067002304774
50.57589295727914 43.72811301641147 55.18066900408471
50.575898289442634 43.728112174283766 55.18066852605724
50.57585802836533 43.72811854927026 55.18067212988417
50.57587013800851 43.728116633878955 55.1806710452319
50.575882101768926 43.72811474131186 55.180669973731185
50.57589373963543 43.72811290135225 55.18066893106047
50.57590432856013 43.72811122818621 55.18066798204341
50.5370668708308 43.735031384421745 55.19339869724482
50.575870476588214 43.72811659082973 55.180671011339356
50.575882676583234 43.72811466022576 55.18066991890722
50.57589463200662 43.728112768807584 55.180668848210885
50.57590626617187 43.728110929178534 55.180667805958215
50.57590516348313 43.72811109699132 55.18066790696611
50.575912551600226 43.7281099365979 55.1806672424369
50.53706458789314 43.73503171955534 55.193399220046686
50.575870959186936 43.72811652458464 55.180670964688446
50.57588336772166 43.72811456059203 55.18066985371465
50.575895487210566 43.72811264310947 55.18066876836177
50.575907335553254 43.72811076911718 55.18066770709059
50.57591867099241 43.728108978533 55.18066669098517
50.5759183480632 43.72810902743107 55.180666720649796
50.575920273457726 43.728108725554435 55.18066654728896
50.57587156608669 43.728116438496066 55.180670906966
50.57588401807164 43.728114468459225 55.180669791819184
50.575896302696506 43.72811252473575 55.18066869171635
50.575908266691705 43.72811063261257 55.18066762003128
50.575919764623606 43.72810881612055 55.180666589441515
50.57592588247326 43.728107850724356 55.18066604069979
50.575884734880674 43.728114366053106 55.18066972389002
50.57589699076483 43.728112428085474 55.18066862595073
50.57590900670495 43.728110528285356 55.18066754942993
50.575920647425264 43.72810868908289 55.1806665060933
50.57593027066925 43.728107170511095 55.180665642942905
50.57588540889762 43.728114271489794 55.180669659429
50.57589763178723 43.72811233994831 55.18066856403509
50.57590966708584 43.72811043781312 55.180667485533576
50.57592151239179 43.72810856572833 55.18066642404988
50.57593270540879 43.728106799231625 55.180665420171316
50.575932089989394 43.7281068883275 55.18066547809336
50.57593475484464 43.72810647608348 55.18066523626098
50.57589819354777 43.72811226564675 55.180668508777956
50.57591026024168 43.72811035916137 55.180667427255386
50.575922170051484 43.72810847719815 55.18066635988406
50.5759335406119 43.72810668218571 55.18066534025024
50.57593804751399 43.72810597167131 55.180664935773834
50.575898761974585 43.72811219103748 55.18066845267025
50.57591092076514 43.728110270208454 55.1806673628228
50.57592289752884 43.72810837797014 55.18066628934749
50.57593443545517 43.72810655612969 55.180665254843575
50.57594226662279 43.72810532134115 55.180664552096445
50.575911526284564 43.72811019110456 55.18066730292681
50.575923617050094 43.72810828084547 55.18066621923671
50.57593534105558 43.72810642911005 55.18066516822289
50.57594657878001 43.72810465562779 55.18066416031077
50.57594613176037 43.72810472115742 55.18066420210721
50.575948307953524 43.72810438301847 55.18066400512595
50.57591226481834 43.72811009097561 55.180667231112075
50.57592439297731 43.72810817528739 55.18066614390787
50.575936309040124 43.728106292693376 55.18066507585483
50.575947801291576 43.7281044780999 55.18066404543433
50.575955227423464 43.728103306468284 55.180663379274186
50.48719393051266 43.85922910142285 55.28181025613227
50.575937289736444 43.728106155053545 55.180664982080835
50.575949024955634 43.72810430125434 55.180663930161124
50.68127844106953 43.72014061992826 55.15091217241536
50.6812801110956 43.72014056993852 55.15091147966183
50.681295924036036 43.72013930912223 55.15090634578098
50.487083961080636 43.859351205308 55.28190498441934
50.48717709960964 43.85925236477851 55.28182883781317
50.575950248932216 43.72810412524833 55.180663814558095
50.68127499024605 43.720140747388264 55.1509135601265
50.68132048396697 43.72013731682506 55.150898433724365
50.68132119158967 43.72013731588387 55.15089810354977
50.681336375539686 43.72013612525345 55.15089313761048
50.48706758454422 43.85937401953374 55.28192322412718
50.48716462807913 43.85927086625351 55.28184373438725
50.653739103458946 43.83000640498384 55.208799887871265
50.65376298723326 43.83005003192811 55.20881292305094
50.70703156981567 43.93058869633094 55.240390252020134
50.68136423717241 43.72013395368755 55.15088400157121
50.70703645481522 43.930609300470465 55.24039652261784
50.48705505724587 43.85939262235297 55.28193820392499
50.6537733152807 43.83008585992408 55.208823643804145
50.70704221836958 43.930636737543665 55.24040502421426
50.70704953505367 43.930667439781374 55.24041436036417
50.70705686677239 43.93069824023088 55.240423728089134
50.707044568704916 43.93064436745883 55.24040723567098
50.70706350890515 43.93072622781678 55.240432244391776
50.54019180565578 43.95999205488225 55.31358675601895
50.707053591987346 43.930688034800696 55.24042079692578
50.707061068807064 43.93071939764382 55.24043033340429
50.7070683089458 43.9307497422537 55.24043955903058
50.7070754900556 43.930779857348966 55.24044871574972
50.70708270749663 43.93081016866648 55.2404579342686
50.70706649164795 43.930739135845954 55.24043618863419
50.780135886681975 43.94276310975427 55.22674784644849
50.548288788713876 43.96161630576376 55.31248930273111
50.70708048355971 43.93080453256523 55.24045640035736
50.70708774406365 43.93083495046389 55.24046564767736
50.707094909882386 43.930864982599374 55.240474778254395
50.70710205704632 43.93089496863696 55.240483896380525
50.78020193750951 43.94287123676976 55.22677067956133
50.780161151354335 43.942800798060844 55.226755238996944
50.780227090507054 43.942901082043534 55.22677523458695
50.707100424636735 43.93089197333516 55.24048317322574
50.7071078690201 43.930923192466864 55.24049266563336
50.70711509802402 43.930953492828934 55.240501877925006
50.70712220959444 43.93098331038412 55.240510943886655
50.78025921697584 43.942970710872764 55.226792565397666
50.78030816933881 43.943028278792205 55.226801241603816
50.707128647792366 43.93101430944733 55.24052056423212
50.70713594495338 43.931044902994444 55.24052986602732
50.78025963129667 43.94300598773039 55.226805350386016
50.78031808552343 43.94307314706084 55.2268151323631
50.78037560955288 43.94313987750532 55.22682499246329
50.78033881811448 43.943076332386724 55.22681106222578
50.7803908643325 43.943157675369534 55.22682764439717
50.707157529750845 43.931139568272094 55.24055885170217
50.78032012294436 43.94311199771488 55.22682881340163
50.78037848501479 43.94317850115793 55.22683837899335
50.89132369663224 44.196651282276086 55.30678249003603
50.89132860555097 44.19665110697983 55.30678126697602
50.7626514144049 44.095323317660664 55.29158747899584
50.826141628841405 44.186330623776755 55.319470746435464
50.89130971098071 44.196689479296296 55.306804753770756
50.89131834814074 44.19668770352345 55.306801870855196
50.89132581483446 44.196686983564035 55.30679978469813
50.826150871293464 44.186346494107745 55.319475933741465
50.826172404030885 44.18638115539398 55.31948715711912
50.89130391313519 44.19672783434308 55.30682520188279
50.89131272821821 44.19672559035001 55.306822044556974
50.89132124072549 44.19672376611285 55.306819166338585
50.89132488246079 44.196698372270234 55.306805673741096
50.891322910274454 44.19672355964289 55.3068186772152
50.826182519132864 44.18639846445401 55.319492811948884
50.89128871993547 44.19677018049711 55.306849811904705
50.89129791777228 44.19676737845775 55.306846288031466
50.89130694839112 44.19676451132098 55.30684277041752
50.89131565096049 44.196762140336645 55.306839575861865
50.89131876702568 44.196761569112326 55.306838570366324
50.8262148767669 44.18645159234019 55.31951006570098
50.89128242636677 44.19681109565262 55.30687165003599
50.89129179218713 44.19680784816025 55.30686786539367
50.89130097460793 44.19680457715257 55.306864111468755
50.89130981368471 44.196801824223385 55.30686069506322
50.89131358806724 44.19680093607949 55.30685937938361
50.89127606374752 44.19685271776237 55.30689385631487
50.89128554096758 44.19684922209673 55.306889922270486
50.89129485137094 44.19684561300206 55.30688597031597
50.89130385342615 44.19684236777383 55.306882270962845
50.89130797847916 44.19684127992481 55.30688077466766
50.89126956415948 44.196895304663556 55.30691657489761
50.89127915503238 44.19689152553664 55.306912473351
50.89128862019378 44.19688746491301 55.30690826066054
50.8912977619338 44.19688378838489 55.306904314136034
50.891302426709004 44.19688224795267 55.30690246751379
50.89126293258413 44.19693882894452 55.306939790976486
50.89127267567561 44.19693460610944 55.30693543317741
50.89128228569599 44.196930111253124 55.30693097065747
50.891291593924414 44.1969258998778 55.306926719177746
50.891296966198865 44.19692378521433 55.306924422811825
50.891256153938755 44.19698333005602 55.30696352769356
50.89126607210288 44.19697856176647 55.30695885766917
50.89127587473431 44.19697345950395 55.3069540480047
50.891285412028886 44.19696851178673 55.30694937671635
50.89129242333868 44.19696520671583 55.30694610813449
50.8912492464068 44.19702872480989 55.30698773940142
50.89125939430512 44.19702321752695 55.30698264809296
50.89126941270908 44.197017431067394 55.30697744767164
50.89127919121039 44.197011715939155 55.30697233828856
50.89128864953069 44.197006286470526 55.30696744528551
50.891290269602706 44.196994616310555 55.306961256928254
50.891289528508466 44.197005813581676 55.30696700635238
50.83711092763929 44.2541339402268 55.34106785855866
50.891252595631585 44.19706877588079 55.3070069161131
50.891262850791506 44.197062239187794 55.30700128718389
50.89127291488356 44.19705563717306 55.30699566992017
50.891282665702136 44.197049300916824 55.306990257524525
50.89128699277478 44.197046617781155 55.3069879197916
50.8371212592086 44.25414354929095 55.34107088269591
50.83713326894345 44.25415100183764 55.34107333328356
50.89125624843403 44.19710757622866 55.30702539953611
50.89126657090215 44.19710017994138 55.30701932682419
50.89127663392867 44.19709290478764 55.30701337448022
50.89128636612051 44.19708591144577 55.30700763906438
50.89128655251387 44.19708438403032 55.30700683505226
50.891286551137846 44.19708582546571 55.30700755342717
50.837131777412154 44.25415331413367 55.34107395636291
50.870708619056735 44.2842421079863 55.34277473115286
50.87071407361635 44.28425066657045 55.34277663812749
50.87071937576463 44.284258986547016 55.34277849177889
50.870724535903406 44.284267135086914 55.34278029209105
50.870729553256666 44.28427512213664 55.34278203799073
50.87073299924198 44.28428074204802 55.34278322745109
50.87071142711176 44.284247514550316 55.342775641010505
50.870717018261175 44.284256352296566 55.342777591080676
50.87072243449663 44.28426484448744 55.34277948510642
50.870727695952965 44.28427304967556 55.342781328190554
50.870732815814854 44.284281059486716 55.34278311984701
50.87073779451905 44.28428891193257 55.342784857547265
50.870742620336 44.28429667442234 55.3427865310264
50.87073773362255 44.28428856272154 55.342784854477955
50.870744751718775 44.28430016731735 55.34278726550684
50.870725555642046 44.28427086198859 55.342780495827405
50.870730929383896 44.28427926748073 55.34278237643522
50.870736152730174 44.28428739986937 55.34278420712962
50.870741236086374 44.28429530152201 55.34278598967797
50.87074617730572 44.284303045073045 55.34278771787031
50.87075096672263 44.28431065141035 55.34278938573766
50.870755577280505 44.28431816202351 55.342790977790955
50.87075362108625 44.28431489674513 55.342790307953585
50.870756263046005 44.28431930176491 55.34279121296455
50.870734232566335 44.284285588317424 55.342783449526465
50.87073956245954 44.28429393664108 55.34278531396868
50.870744743566014 44.284302008460415 55.34278712948558
50.87074978965427 44.2843098254137 55.342788900888294
50.87075469000826 44.28431747946308 55.34279061661682
50.87075944026179 44.28432496814389 55.342792274829606
50.870764008643775 44.28433233247843 55.342793857891564
50.87076720111985 44.28433762923864 55.34279495336204
50.870748341164905 44.28430885238241 55.342788301117366
50.87075347022852 44.28431687302172 55.342790096250155
50.87075847063673 44.28432462348244 55.34279185131035
50.870763324431024 44.284332190677894 55.34279355175225
50.8707680296369 44.28433957608776 55.34279519655673
50.87077254897534 44.28434681318249 55.34279676608472
50.87077685247995 44.284353892969214 55.34279824712813
50.87077259060643 44.284346696839876 55.34279679368866
50.870777935974786 44.28435571378797 55.34279861725703
50.870757285506144 44.28432400203974 55.34279134804025
50.87076234789737 44.284331973670874 55.342793115869405
50.87076728143434 44.28433967473799 55.342794843561705
50.87077208094433 44.28434715463057 55.34279652517802
50.87077672440226 44.284354447640446 55.342798148072426
50.870781192905746 44.28436155958473 55.34279970308816
50.87078543652187 44.28436849461241 55.342801166842214
50.870788257081884 44.28437322756817 55.342802130867454
50.87077140784501 44.2843473168671 55.34279620233722
50.87077624686512 44.28435496227605 55.34279789033053
50.87078096817716 44.28436236091383 55.342799541631024
50.870785537599005 44.284369553673415 55.34280113749821
50.870789932857306 44.28437654786657 55.342802667109495
50.87079413329084 44.28438333846313 55.342804121274085
50.87079809442204 44.284389912127466 55.34280548038706
50.87079405076257 44.28438304332036 55.34280410432018
50.87079908510121 44.2843915899199 55.34280581787924
50.87078541623529 44.28437050229313 55.34280101324859
50.870790014721955 44.284377811811716 55.34280261416606
50.87079446494624 44.28438489463038 55.3428041628231
50.87079879376628 44.28439176216219 55.34280567081693
50.87080292469148 44.28439841525973 55.3428071027232
50.87080684920676 44.28440484361959 55.342808455345335
50.9252463819594 44.30898093709641 55.328300141044565
50.87079921537446 44.28439353228295 55.342805738584275
50.870803548490414 44.28440047616318 55.342807243079974
50.87080776429991 44.284407204237425 55.34280870884424
50.87081181450314 44.28441371370342 55.34281011374843
50.925233624442654 44.30898686325386 55.32830914845452
50.92524328002256 44.30898238879001 55.328302289094204
50.92524681461514 44.30898074128138 55.32829981540828
50.92524875111718 44.3089798651464 55.32829835672399
50.87081278879858 44.284416319241416 55.342810377024726
50.870816862833905 44.28442287982553 55.342811789275075
50.87082081356296 44.28442923295398 55.342813159420345
50.92522879105999 44.30898913766087 55.32831244707562
50.925238696317855 44.308984538662365 55.32830544482846
50.92524826169769 44.3089801135931 55.32829861989074
50.92525039648082 44.30897911760511 55.32829712954954
50.92525227415006 44.308978264335124 55.328295729834466
50.87082611734606 44.28443881022362 55.34281492351431
50.9252136332679 44.30899622120415 55.328322983628496
50.92522391356416 44.30899143975706 55.328315748739314
50.92523404546228 44.308986728354 55.32830861429328
50.92524383260501 44.30898219419454 55.32830165650543
50.92525328920286 44.30897782763929 55.32829487720572
50.92525471375919 44.30897716071772 55.32829389163759
50.925255869714235 44.30897664153811 55.328293006025206
50.925208657348165 44.308998568034745 55.32832635863298
50.9252190501288 44.30899373772991 55.32831903107324
50.92522928384372 44.30898898239597 55.32831181159963
50.92523928680107 44.3089843417151 55.32830472592028
50.92524897354459 44.308979861386966 55.32829781093137
50.92525829955575 44.30897556393025 55.328291090885365
50.92525900401398 44.30897523318819 55.32829060719048
50.97143285579408 44.385376527034005 55.3292833944941
50.925214209036106 44.308996027070236 55.328322290814256
50.92522452167913 44.30899124086477 55.32831499299708
50.925234671035554 44.30898653139992 55.32830780699185
50.971411947538186 44.38535999257341 55.3292890847029
50.97146732345685 44.38540429410252 55.329273757305856
51.008287366784074 44.366718921614776 55.30969650883762
50.97133994370104 44.385302867720036 55.329308773077244
50.97139822483335 44.38534938643509 55.32929269546878
50.971455119625276 44.38539483130811 55.32927698382479
50.971510602416714 44.385439184201594 55.32926164404315
50.97156419378797 44.38548212467245 55.32924677703366
51.008295872820185 44.366728696164664 55.30969459937866
51.008350727749075 44.36679179029061 55.309682313915886
50.971442580064 44.385385177537756 55.32928026417048
50.97149927567621 44.38543048166487 55.329264598286485
50.971554553896155 44.38547468138177 55.329249309846475
51.099983021683286 44.476133372133226 55.3003730252184
51.100080536869775 44.4762163821081 55.30034395298334
51.100036735076486 44.47617897270122 55.30035708176895
51.10012226930944 44.476251904752075 55.300331512513594
50.97154457405349 44.38546705065387 55.32925189417049
50.971599485125836 44.38551098299495 55.32923669407938
51.10006337520871 44.47620200346807 55.30034893814601
51.1001609776723 44.476285080626994 55.30031984394424
51.10025535617022 44.47636540667957 55.30029171472349
51.10023198821865 44.47634545235128 55.300298716941185
51.100275760053236 44.476382771452386 55.30028563402627
51.1000455411655 44.47618706462115 55.300354116834995
51.10014537642142 44.47627203856517 55.300324359183676
51.1002426102669 44.4763547931961 55.300295379860785
51.10033697626831 44.476435101254374 55.30026725855903
51.10042243094976 44.47650781873197 55.30024179673031
51.100229130130415 44.476343566822486 55.30029925698258
51.10032574131465 44.47642578177496 55.30027046878712
51.10041984626794 44.476505859511285 55.300242429931316
51.100510896205165 44.47658333172804 55.30021530467964
51.10043400066718 44.476517681616265 55.30023833938547
51.10057864841481 44.47664097585981 55.30019512282351
51.10031491793972 44.4764168286831 55.30027354717349
51.10041049912445 44.47649815578446 55.300245072357804
51.10050389805457 44.47657762311905 55.30021724934608
51.10059468489614 44.47665486351163 55.30019020701357
51.10068285000348 44.47672986846399 55.30016394839967
51.100621736427584 44.47667770044354 55.30018225085216
51.209869436714314 44.56613195551097 55.26474948776419
51.1004969170104 44.476571943447254 55.30021918071839
51.10058919040266 44.476650442111165 55.300191699279964
51.1006796357931 44.47672738381098 55.300164763322705
51.20987247327645 44.566134215480695 55.264748841695784
51.20988668064483 44.566144060554194 55.264745291711684
51.20988024668672 44.566139516899405 55.26474683772395
51.209892928286536 44.566148389117835 55.264743730058576
51.10067616854843 44.47672469647289 55.30016564643755
51.20986947792731 44.56613229841228 55.26474970484733
51.20988417871129 44.566142484917705 55.2647460312244
51.209898363927564 44.566152312843904 55.26474248547565
51.42525063339462 44.609408447944936 55.204151588892174
51.425238305942756 44.60940714367382 55.20415504221005
51.425310922665105 44.60941380616782 55.20413434518065
51.20988143361457 44.56614074473723 55.26474683435862
51.20989597771849 44.56615082025396 55.264743198137296
51.20991016010453 44.56616064455894 55.26473965189498
51.42528732706306 44.60941235344252 55.20414131788338
51.62127341404515 44.63179449166302 55.14870337737362
51.209893612519664 44.56614934741165 55.26474390930225
51.209907967596905 44.56615928924373 55.26474031836158
51.42506663731336 44.60939339453505 55.20420466640335
51.42532178186763 44.60941606192689 55.204131687909566
51.62131944135716 44.63179739445994 55.148689639677144
51.62129050432547 44.631795570906355 55.148698275489906
51.62147475089662 44.631807206493555 55.1486432728525
51.20992023122055 44.566167949974925 55.2647373716669
51.42510000593242 44.60939702260261 55.20419535269903
51.42535640008254 44.60941979052484 55.204122013141
51.621349523100406 44.63179929106214 55.14868066161377
51.62160626791452 44.6318155109669 55.148604012203506
51.621591841257626 44.63181460148343 55.14860831785559
51.62167809915328 44.6318200494242 55.14858256712964
52.457463258944344 45.17676123896122 54.831107810038645
52.45746186080746 45.17676135445901 54.831108685115794
52.45744935729718 45.17676258368364 54.83111664521439
52.45748434219418 45.17675919905106 54.83109441025958
52.45748100634893 45.17675947792125 54.83109650038365
52.45750468078974 45.17675723062754 54.83108148337213
52.45749954054605 45.17675766817181 54.83108470942528
52.457523993156755 45.17675536090669 54.83106920831612
52.457517513949234 45.176755919285824 54.83107327940539
52.457541609296 45.176753654623155 54.831058010857376
52.457534876961674 45.17675424054987 54.831062244915906
52.45755566955628 45.17675229140319 54.831049072717285
52.457551541985495 45.17675264841036 54.83105166708354
52.5186700616248 45.17477275213531 54.7893740818983
52.51867005837096 45.174772745807374 54.789374082177474
52.518670093873865 45.17477280858098 54.78937402437527
51.425135320852974 44.60940082936628 55.204185484308525
51.42539100732907 44.60942351976923 55.20411234207316
51.62137833245477 44.63180110831508 55.14867206269952
51.62163946909274 44.6318176046932 55.14859410281744
51.761680477021336 44.65294222379777 55.10209007049273
51.76168050016491 44.65294221497234 55.10209006766766
51.76168070102119 44.65294218025059 55.102090025122465
52.457402821495116 45.176767171089026 54.83114627977956
52.45740139642278 45.17676728352594 54.831147168099385
52.40401814225008 45.229143369976505 54.87688021507502
52.457425068596805 45.17676501947626 54.8311321409165
52.457421952323756 45.17676527079642 54.83113408717493
52.45744688404966 45.17676290904263 54.831118275994186
52.457442095239045 45.17676329762026 54.83112126845268
52.4574686603972 45.17676080199003 54.83110443565042
52.45749021508827 45.17675871590465 54.83109073585605
52.51867018432935 45.17477297811417 54.78937396089899
52.51867015592924 45.17477292234443 54.789373958634656
52.51867019516695 45.17477299698051 54.789373940670664
52.51867016496322 45.1747729381529 54.78937394248783
51.513042575704716 44.64594603612669 55.17741347751307
51.62140898946076 44.63180304216577 55.148662912269856
51.62167215204353 44.631819666402045 55.14858434764646
51.76167869851321 44.65294277690735 55.10209034144832
51.76169005704615 44.65294050728592 55.10208806727559
52.403949982599926 45.229177638909285 54.876928747975086
52.40395017999684 45.22917617172892 54.876928296176786
52.28949210521992 45.221651008221315 54.93674304399572
52.403971939289406 45.229168925878355 54.87691364305317
52.40397220328617 45.22916582876555 54.87691278059728
52.40399378263665 45.22916022161779 54.87689860786604
52.403993961358374 45.22915541730807 54.87689740794116
52.40401567607244 45.22915142321308 54.876883521323
52.40401564721674 45.22914462767849 54.87688199239936
52.4574073482854 45.17676682258181 54.83114346392044
52.45743011872467 45.17676461983078 54.83112899209833
51.51306358934838 44.645951274112676 55.17740650474509
51.621441323738466 44.63180508193151 55.14865326113457
51.62170630420114 44.63182182096217 55.14857415383044
51.76167688438883 44.65294334355586 55.102090616769885
51.761690016413624 44.652940705737734 55.102087993465446
51.761691281606616 44.65294028130933 55.10208781404195
51.76170278354877 44.65293814756669 55.10208544031798
51.761702957529764 44.65293808314401 55.10208541825307
51.761705893055364 44.652937525833124 55.10208481791507
52.143798080073445 45.080928441194814 54.985794410511915
52.14379671237785 45.08092741796073 54.985794953041506
52.14379231092135 45.080924349235424 54.98579671051639
52.14389620371874 45.08099807181695 54.98575529298462
52.1438789693829 45.08098515642817 54.985762128289835
52.28944469143345 45.22162618755468 54.93675995068227
52.14395799051847 45.081040526508325 54.985730589824804
52.28946498639944 45.22163928404413 54.93675324354719
52.28945528530966 45.2216296963319 54.93675573678962
52.28948510093204 45.22165221756612 54.93674658607432
52.289471812995565 45.22163920665946 54.936750027236116
52.2895047259867 45.22166489763346 54.93674010373431
52.28948825673561 45.221648882762935 54.93674439254072
52.403948484609984 45.22918583477079 54.876931508034346
52.4039708989587 45.229176856859404 54.87691606932374
51.62147933003877 44.63180747853426 55.14864191768713
51.70054939523045 44.65820039207296 55.12114677440082
51.761675072631334 44.652943914625666 55.10209088951041
51.76168848799772 44.652941211461616 55.102088213234545
51.7617015911473 44.65293857602941 55.10208559716829
51.761714437327825 44.65293599506559 55.10208303120757
51.76171483951721 44.65293581447091 55.10208299383546
51.761727075469494 44.65293345720421 55.10208050623986
51.76172712513515 44.652933414645766 55.1020805103463
51.76173434272009 44.65293200186669 55.10207905259885
51.83870323040544 44.72867157360001 55.088777920936096
51.83870075110792 44.72866624063726 55.088778357253716
51.83869657354414 44.728658634434446 55.0887792026283
51.83871636772339 44.7286971253317 55.08877539281666
51.83870921773655 44.72868175438751 55.08877665179415
51.838729166799354 44.72872207729483 55.08877293442809
51.838719384016535 44.72870106022238 55.08877465809493
51.83874171135391 44.728746548806924 55.08877052618401
51.8387295695061 44.72872048362897 55.088772667104806
51.838753926883896 44.72877042687669 55.08876818497052
51.83874116792546 44.72874306408775 55.088770436872444
51.83876580700448 44.728793673329754 55.088765909959335
51.838752771125435 44.72876573645456 55.08876821231755
51.86950040633475 44.76163742279344 55.07563336723809
51.838764399426935 44.72878853793528 55.088765989344516
51.8695050248798 44.76165036877622 55.07563274770169
51.86949803270793 44.76163039644095 55.07563336117293
51.86950953574582 44.76166300956804 55.0756321396847
51.86950259073702 44.761643173176346 55.07563275008608
51.86951394055535 44.761675349910234 55.075631543137675
51.86950704167669 44.76165564652621 55.0756321505724
51.869518234686396 44.76168737677332 55.07563095861642
51.86951138589305 44.761667817616456 55.07563156266965
51.869522420779305 44.76169909775339 55.07563038593644
51.86951562349496 44.76167968685246 55.075630986450285
51.972623345416594 44.9001616842649 55.045953893573575
51.86951959737078 44.761690805468135 55.07563043570345
51.97269687514824 44.90026011381542 55.04592935680141
51.9726359684599 44.900172133652035 55.04594876109582
52.14368499900509 45.08085193274566 54.98583968305273
52.1436262176327 45.080807692840885 54.985862986585204
52.14378645155166 45.080923926087415 54.98579923846443
52.143715860452104 45.08087087787112 54.985827228003586
52.1438870127216 45.08099525371497 54.985759147522174
52.28944080179039 45.221630040005685 54.936762599065005
52.289461795847075 45.22164346650398 54.93675563494718
52.289482501784924 45.221656702244125 54.93674876501235
51.76167345015614 44.6529444453737 55.102091125429716
51.76168698923281 44.65294171545449 55.10208842526147
51.761700363357505 44.65293901841136 55.10208575815556
51.761713590912564 44.65293635050833 55.10208312045867
51.761726582620554 44.65293373294567 55.10208052859857
51.8385571438047 44.72839343843356 55.08880651267738
51.76173932196155 44.65293102497801 55.10207804790019
51.83857273346959 44.72842371624556 55.088803509145606
51.8385532365689 44.728381422033976 55.08880691183016
51.83858810412401 44.728453567165204 55.088800547686105
51.8385716710125 44.7284179727907 55.08880341994733
51.83860325875431 44.728483002934006 55.08879762819797
51.83858821930201 44.72845045605051 55.08880025916882
51.83861819705046 44.728512016684206 55.088794750240574
51.83860421997522 44.72848180483287 55.08879719823176
51.83863292134116 44.72854061606951 55.088791913615296
51.83861894373236 44.72851042516233 55.0887943634647
51.83864741829093 44.72856878674733 55.088789121814386
51.83863377215235 44.72853934217283 55.088791515992924
51.83866167971924 44.72859651237305 55.08878637637743
51.83864771980747 44.72856640138018 55.08878882645453
51.83867572428589 44.72862381431581 55.088783672521735
51.838661048181635 44.728592176509 55.08878624973276
51.83868958023266 44.72865073598328 55.08878100389235
51.83867255428851 44.72861403757973 55.08878399415154
51.83870323361508 44.72867726194896 55.088778374106695
51.83868346732034 44.72863467494229 55.08878184709471
51.838716725134944 44.728703457279764 55.088775774206425
51.838692291135615 44.728650817705656 55.08878006765144
51.83872999599107 44.72872923313413 55.088773217545594
51.83874304192549 44.72875458080923 55.088770704909976
51.838755774680855 44.72877935306885 55.08876825523403
51.838768254139154 44.7288036435626 55.088765855171786
51.838780411191024 44.72882734170857 55.08876351992596
51.86951007799787 44.761665301286726 55.07563273833691
51.86951470483365 44.761678266432384 55.07563211414215
51.86951922065769 44.76169091682939 55.075631501725965
51.869523625715615 44.76170325327918 55.07563090115377
51.86952793275258 44.76171531212144 55.07563031125039
51.97258209257408 44.900118454619474 55.04596937100869
51.97265807290081 44.900220067738616 55.045944002650316
52.06660577894739 45.0468493123131 55.01443645307398
52.14367114055287 45.08084604797219 54.98584541092032
52.143774853119616 45.08091961453587 54.98580406379217
51.76169947542509 44.65293938676244 55.10208585373326
51.76171289994208 44.652936675814416 55.102083178189375
51.83856930324944 44.728423566883805 55.08880469014073
51.8385850810142 44.72845414709113 55.08880164534381
51.83860064762876 44.72848430845465 55.08879864052835
51.83861600893327 44.7285140704347 55.08879567521749
51.83863114954765 44.728543421779264 55.08879275386131
51.838646077435 44.72857235895257 55.088789873408146
51.838660774790505 44.72860086047547 55.08878703833453
51.83867523290189 44.72862890904788 55.08878425028872
51.838689443820705 44.72865648883794 55.088781510770566
51.838703428020935 44.72868362895562 55.08877881498465
51.83871721832412 44.72871038289533 55.088776155788864
51.83873079170887 44.72873671629586 55.08877353844515
51.838744204780035 44.728762723924675 55.088770950836484
51.838757470665286 44.72878843180634 55.088768390475906
51.1123034197309 43.71985318103838 55.048973943280394
51.11230356063479 43.71985318438267 55.048973914168855
51.11232852608122 43.719853661931936 55.04896795968757
51.11236705992163 43.71985437121629 55.048958576429285
51.1128783425751 43.719864172614635 55.04883677900928
51.11232517327571 43.71985360228459 55.04896879043574
51.11287841341584 43.71986421454676 55.048837043157135
51.1116698448067 43.71984107318626 55.049125135693885
51.11230177489267 43.7198531768624 55.04897452458479
51.112918900732666 43.719864994035355 55.04882742141483
51.112923277298705 43.71986508192826 55.04882640648974
51.11267116404046 43.71986024551447 55.04888644155355
51.11326488744905 43.71987160745674 55.048744867575415
51.111641545644154 43.71984055368326 55.049132036390404
51.11229235652981 43.71985301128924 55.048976871967454
51.11293265499961 43.719865269621344 55.048824227398995
51.1132783731994 43.7198718736156 55.04874170788415
51.110931227316655 43.719826991470214 55.049301627111426
51.1116187374304 43.71984013620504 55.049137606610515
51.11228558340433 43.71985289517988 55.0489785805737
51.11294271487655 43.719865470397565 55.04882188584013
51.51297165102915 43.726626312935196 54.94778910285398
51.113291333526064 43.719872130387714 55.04873867810849
51.113170281723995 43.719869813275906 55.04876753907389
50.68177798523915 43.720106223463716 55.15074015194813
51.11089963117639 43.7198264076078 55.04930930520766
51.11159758932004 43.719839749823564 55.04914277632105
51.11227769304092 43.71985275869682 55.04898056255834
51.11295307314323 43.71986567712346 55.04881947478841
51.11330585262203 43.71987241659435 55.048735273904924
50.681748878060745 43.72010826532703 55.15075010695593
50.68177720387862 43.72010615820123 55.15074063655519
51.11086923739238 43.719825846310826 55.04931669352719
51.11157959444981 43.71983942219632 55.04914718313542
51.11227020821828 43.71985263011466 55.048982448812325
51.1129567252994 43.7198657522248 55.04881864001962
51.112942640318124 43.71986548779709 55.048822034013234
50.68168791585897 43.720112707317256 55.15077065715687
50.681717941909994 43.720110458070856 55.15076064662051
50.68174764501991 43.720108235966464 55.15075073840967
50.68177683719108 43.72010605753861 55.150740990763694
51.1108421201701 43.71982534587841 55.0493232878153
51.11156340622432 43.719839128397936 55.049151153997144
51.11226395279962 43.71985252473657 55.04898403967812
51.11272391409558 43.71986131961167 55.048874310900246
50.68159098128682 43.72011989531966 55.15080310744811
50.681622997609516 43.72011747694079 55.15079246964639
50.68165460576671 43.72011509414962 55.15078195885166
50.68168580035805 43.720112747226835 55.150771577088456
50.68171653932171 43.7201104397277 55.15076133764795
50.681747048686915 43.72010815137442 55.15075117123034
50.681776744103175 43.72010593380686 55.150741258414826
51.11081630367498 43.71982486984292 55.049329568516626
51.11154685565448 43.71983882827314 55.04915521546911
51.112253779963034 43.71985234700736 55.04898658277239
51.11239215141149 43.71985499335892 55.0489535766664
50.68152138524678 43.72012505426385 55.15082640905413
50.681554461870306 43.72012254770052 55.150815433607136
50.68158743168956 43.720120049431934 55.15080449323589
50.68162014746754 43.7201175731807 55.15079363215298
50.68165247093776 43.72011513146173 55.15078289255037
50.68168428586572 43.720112734499864 55.15077231043244
50.68171569132605 43.720110373076785 55.15076185602065
50.68174668077799 43.720108047582286 55.15075153167703
50.681776772981394 43.7201058003687 55.15074148643488
51.110790479278144 43.719824394057746 55.04933585388328
51.1115280675082 43.71983848710355 55.04915982278878
51.11224788702121 43.719852244022476 55.04898805573666
51.1121495546215 43.71985037073675 55.049011561920665
50.681483442508934 43.7201278172644 55.15083920250214
50.68151726631964 43.72012524979204 55.150827986884806
50.68155097465723 43.72012269129863 55.15081680917028
50.68158455877598 43.720120142954656 55.1508056713414
50.68161793516407 43.720117612661966 55.15079459826083
50.681650859790835 43.72011512260653 55.1507836642167
50.681683243304775 43.720112680484014 55.15077289718384
50.681715105671984 43.72011028406077 55.150762291841545
50.681746393090265 43.72010793775662 55.150751865422144
50.6817766856469 43.720105678347124 55.15074174829169
51.11076326150797 43.719823892960385 55.049342480868674
51.11150588277133 43.719838083431284 55.04916525732416
51.111781010309016 43.71984334406895 55.049099622312355
50.68144499764509 43.72013061168227 55.150852174574645
50.68147939527579 43.720128000197086 55.15084076950972
50.68151374452258 43.720125390922675 55.15082938313488
50.68154811538423 43.72012277799075 55.15081799324379
50.68158231009962 43.72012018028238 55.15080665840683
50.68161616436204 43.72011761297667 55.15079542820584
50.68164960230807 43.72011508278136 55.150784326077996
50.68168238459243 43.720112610986334 55.15077342573625
50.68171448410483 43.720110199375064 55.15076273666669
50.68174583114117 43.72010785355352 55.15075228141248
50.681776276998335 43.720105586076826 55.150742106987465
51.110731501533046 43.71982330844171 55.04935021520156
51.111488814108384 43.71983777178195 55.04916943118546
51.11124892498968 43.71983319663636 55.04922674073671
50.68140553320259 43.72013348487401 55.15086548222958
50.68144060070861 43.72013082090834 55.150853857995685
50.68147562301025 43.720128158303446 55.15084225249941
50.68151073676282 43.7201254850015 55.150830623477205
50.681545600395424 43.7201228337553 55.15081907183476
50.68158025318389 43.72012020097138 55.15080758565684
50.681614528257995 43.720117602032566 55.15079621535877
50.68164830462722 43.72011504769439 55.150784998214796
50.681681223162684 43.72011256996898 55.150774044706424
50.68171347274208 43.720110150918195 55.15076329872255
50.68174478666533 43.72010781380118 55.15075284324068
50.68177500434891 43.720105572017246 55.15074272931834
50.68180430654907 43.72010344193607 55.15073284254588
50.68179510737171 43.72010409182267 55.15073598051018
50.6813647286143 43.72013646732329 55.15087922062969
50.681400628581926 43.72013373539822 55.15086732899465
50.68143652410669 43.72013100057562 55.15085544468876
50.6814722531435 43.72012827928859 55.15084361396299
50.681507806182616 43.7201255728108 55.15083183897168
50.681543137037885 43.72012288572869 55.150820133073566
50.681578221857045 43.72012022036174 55.15080850325644
50.68161274185623 43.72011760600807 55.150797045992945
50.68164655777519 43.72011505474684 55.15078580472976
50.68167955941406 43.72011257577281 55.150774814505866
50.681711745394765 43.72011016834734 55.1507640773047
50.6817428433454 43.72010785609316 55.15075367810567
50.68177373541447 43.72010560988892 55.15074325589539
50.68175694334344 43.72010681350394 55.15074895254506
50.68132224582588 43.72013959327684 55.15089348632695
50.68135912678389 43.7201367781022 55.15088128530998
50.6813959436819 43.72013396580178 55.15086910913422
50.68143256693395 43.720131169810614 55.15085699425461
50.681468985817276 43.72012839147459 55.15084494326368
50.681504988900286 43.72012565097706 55.15083301878579
50.68154062878523 43.720122943006466 55.15082120576583
50.68157586672981 43.720120270947724 55.15080951624638
50.681610475602945 43.72011765543114 55.15079801940579
50.68164423802348 43.7201151156187 55.150786782507794
50.681677186982995 43.72011264751486 55.15077579731238
50.68170920819084 43.72011026062085 55.15076510022224
50.681741917078696 43.720107892466714 55.150754046681925
50.68171236246303 43.720110026577046 55.1507640445445
50.5759228188537 43.72810823439453 55.18066634936354
50.68131603862678 43.72013995619314 55.15089574054342
50.681353889129454 43.72013705427643 55.15088324183508
50.6813914816405 43.72013417558135 55.15087082208777
50.68142876260134 43.72013132533382 55.150858496960225
50.68146554428485 43.72012852134028 55.15084632226227
50.681501864274594 43.720125759336774 55.15083428808601
50.68153766832971 43.720123043928005 55.15082241153482
50.681572900384054 43.72012037978354 55.15081071045064
50.68160732003026 43.720117788493155 55.15079925850154
50.68164103346581 43.720115259331365 55.15078802529678
50.68167501295127 43.720112755406504 55.15077662162673
50.68165386790326 43.72011430171936 55.15078373945538
50.68170898646388 43.720110271612555 55.15076518431489
50.575912504870004 43.72810987685802 55.18066726941375
50.57592297317284 43.72810822172544 55.18066633155563
50.68131032300303 43.72014027109893 55.1508978511224
50.68134885897604 43.720137311122635 55.15088513603084
50.68138704805908 43.72013438375312 55.15087252460409
50.681424818155875 43.720131495599205 55.15086003869162
50.68146196065861 43.720128666117745 55.150847740908624
50.68149849405359 43.72012589243677 55.150835627784076
50.68153417808944 43.72012319630014 55.150823772634
50.68156927759287 43.72012055168857 55.15081209835634
50.6816042091784 43.72011795676837 55.150800412876265
50.68159156206181 43.72011888333403 55.150804667066694
50.681640074087326 43.72011531468824 55.15078837503698
50.575901998394215 43.7281115491571 55.180668206912785
50.57591262046553 43.72810987048198 55.1806672550172
50.57592339658498 43.72810816524621 55.18066629006877
50.68130489918147 43.720140557649835 55.1508998761758
50.68134409161807 43.72013754288322 55.15088695238699
50.681382787024766 43.720134576130306 55.15087417478802
50.68142094143791 43.72013166058359 55.15086155821867
50.68145826252279 43.72012882338592 55.15084919064853
50.68149470976814 43.72012606665192 55.15083708724937
50.681530222720085 43.72012339456167 55.150825268807154
50.681567144092796 43.72012067222422 55.15081288077164
50.681542713348676 43.720122458916705 55.150821104446656
50.575902134386666 43.72811153927779 55.180668190783365
50.57591300043714 43.728109821038146 55.18066721736548
50.57592397412647 43.72810808392738 55.18066623493311
50.68129966908488 43.720140825548626 55.15090184413735
50.681339378583615 43.72013777033281 55.15088875106932
50.68137853201878 43.72013476915581 55.150875820970946
50.681417014687 43.72013183186603 55.15086308981006
50.681454544724815 43.72012898421053 55.15085064317181
50.681490806446305 43.720126254269516 55.15083857828073
50.68152855234399 43.7201234817568 55.15082589437165
50.68150940253433 43.720124860724525 55.1508323793699
50.575902531133416 43.7281114868956 55.18066815172586
50.575913614525035 43.728109733560714 55.180667159084734
50.57592472675415 43.72810797435394 55.180666164305606
50.57593583275877 43.7281062153568 55.18066517034706
50.68133488170978 43.72013797712881 55.15089048576064
50.68137448407005 43.72013494291768 55.15087740491616
50.68141321956288 43.72013199178512 55.150864580238974
50.68145077828511 43.72012915155268 55.15085210670959
50.68148707975426 43.72012642716186 55.150840013129056
50.681487801065074 43.72012637469948 55.15083976980383
50.57590317254216 43.72811139471665 55.18066809112709
50.575914374464446 43.72810962263965 55.18066708786721
50.575925603825794 43.728107844897806 55.18066608259939
50.5759368246356 43.728106067726905 55.180665078362914
50.68133039027731 43.72013818455223 55.15089221676409
50.681370303026895 43.720135131341934 55.150879024739865
50.68140931779632 43.720132163832034 55.150866098728585
50.68144699449807 43.720129322550896 55.15085357176474
50.68148680097174 43.72012644351305 55.15084011427875
50.68147048580869 43.72012756525634 55.150845735469275
50.57590401404272 43.72811127014655 55.18066801285828
50.57591527360976 43.72810948940841 55.18066700428018
50.57592652380861 43.72810770900428 55.18066599693087
50.57593780179388 43.728105923138 55.18066498745505
50.68132582473817 43.72013840087013 55.150893966422224
50.681366076826336 43.72013532590072 55.15088065463723
50.68140530957865 43.72013234824799 55.150867644752566
50.681443194778524 43.72012949722753 55.15085503763322
50.68145768517391 43.72012841445745 55.15085020171408
50.575905037726244 43.728111116190064 55.180667918465105
50.57591621625794 43.728109349664514 55.18066691667164
50.57592751710737 43.728107561698344 55.180665904633
50.57593876256382 43.72810578187872 55.180664897764686
50.681321240036866 43.72013862069812 55.15089571871314
50.681361632647935 43.72013554423462 55.15088234372695
50.681401103173215 43.72013255441189 55.1508692443571
50.68143925310066 43.720129688095696 55.15085654076921
50.68144465529026 43.72012928470997 55.150854737368235
50.57591738030703 43.72810917415552 55.180666809485615
50.57592861769749 43.7281073974261 55.18066580272375
50.57593972117771 43.72810564162711 55.18066480804113
50.68131658407695 43.72013884960019 55.15089748799784
50.681357172537574 43.720135766313575 55.1508840335092
50.68139688317755 43.72013276430077 55.15087084359213
50.68143689759874 43.72012980602689 55.15085743201934
50.68143120368522 43.72013019097704 55.15085940561431
50.57592967610215 43.728107240785356 55.180665704267454
50.575940662103235 43.72810550494923 55.18066471963846
50.68131188641186 43.72013908479005 55.150899265459586
50.68135264076598 43.720135997997865 55.15088573951226
50.68139249647287 43.72013299341701 55.15087248620711
50.6814175203095 43.72013111899247 55.15086414319078
50.57593070759542 43.728107089324624 55.18066560790808
50.57594161737287 43.72810536665074 55.18066462973093
50.68130719016443 43.720139321414884 55.150901039658734
50.68134829039069 43.72013621316901 55.15088739033349
50.68138830481377 43.72013320529081 55.150874068558856
50.68140866776607 43.72013168125835 55.15086727720254
50.575931675102 43.72810694905883 55.18066551691529
50.57594250287151 43.72810524045647 55.18066454570997
50.68130263090492 43.72013954672636 55.15090277009054
50.68134402950036 43.72013642233351 55.150889010059686
50.6813844861277 43.72013338298835 55.150875537853956
50.68140673463374 43.72013171862181 55.15086811621164
50.5759434642163 43.72810510254617 55.18066445480028
50.68129811964355 43.720139769477406 55.15090448264617
50.68134002638739 43.720136607722445 55.15089055192812
50.681381036745925 43.720133526191525 55.15087689638897
50.68141193010224 43.72013121547765 55.15086659035723
50.57594430523195 43.728104985098554 55.18066437418284
50.681293684426564 43.72013998687128 55.15090616923467
50.68133619878135 43.72013677775379 55.15089203928492
50.68137790503489 43.72013363999403 55.150878159159134
50.68141867476628 43.72013058539508 55.15086456772015
50.68141971968606 43.72013056422819 55.150864115966286
50.681426870604014 43.72012997340699 55.150861831719006
50.57594530654743 43.72810484214469 55.1806642792589
50.68128941389793 43.72014018966332 55.15090780501743
50.68133246321937 43.72013694111129 55.150893495554314
50.68137497022262 43.72013373661251 55.15087936069115
50.681416657291436 43.72013060430667 55.15086547968985
50.68145074776395 43.72012805707161 55.15085410237111
50.68128531034621 43.72014037765142 55.15090938928683
50.681328940591236 43.720137085378 55.150894886516916
50.68137208055816 43.72013383158331 55.150880544031494
50.681414596475946 43.72013063041004 55.15086639896715
50.681456172707385 43.72012751291091 55.15085254314441
50.681456965374416 43.72012756464077 55.15085207773279
50.68148212809311 43.720125579342266 55.15084387029604
50.68128163007341 43.72014052356803 55.15091085119872
50.68132569768267 43.72013720363592 55.150896193373555
50.68136942992969 43.72013390530815 55.15088165372444
50.68141262784957 43.72013065037253 55.1508672861242
50.68145502575993 43.720127465475144 55.15085316694164
50.68149637277179 43.720124374240896 55.150839371076444
50.68149637836922 43.72012446465523 55.15083920477352
50.681517898189334 43.72012278036691 55.15083216095296
50.68132265204657 43.72013730449386 55.15089743920779
50.68136689844641 43.72013397012778 55.150882723658924
50.681410688127585 43.72013067074275 55.15086815898688
50.68145384495657 43.72012742467543 55.1508537946041
50.74266529890838 43.822117010648924 55.181307657473354
50.80760745252245 43.83244499514534 55.1686836945813
50.742683600273665 43.82209190423347 55.18128909798364
50.807632500043624 43.83247610538825 55.168688603856054
50.68136478474747 43.72013399561662 55.15088366885132
50.6814091279155 43.720130656470815 55.15086891657048
50.74264566776871 43.822185493121815 55.18134483249474
50.742664394866125 43.82219443838253 55.18134023425364
50.80765800659626 43.83253934881408 55.168709839481764
50.80771246179522 43.83260622282066 55.16872012063054
50.80769180186242 43.832567934905754 55.16870957570734
50.80773096581173 43.832629230862054 55.168723760326344
50.74262535364247 43.82225665226503 55.18138342308495
50.74264457387005 43.822265724496944 55.18137865864045
50.74266349771964 43.822274575506405 55.1813739338682
50.807710623423894 43.832637662045734 55.168737107579666
50.807765235215626 43.832704420805825 55.168747260085475
50.80781630926891 43.832767606520264 55.16875714153065
50.70706447805725 43.93073031727472 55.240433489048115
50.780093164677865 43.942683411217416 55.22672951120566
50.780149896857935 43.94275013562731 55.226739569005616
50.780205631712654 43.9428158978196 55.226749527004756
50.78026033095858 43.94288068990008 55.22675939198341
50.80782436241788 43.832780659072924 55.16876028896576
50.78028940575633 43.94291551830656 55.22676477769403
50.780146789340336 43.94277601856005 55.22674981070638
50.78020412510541 43.942843679342765 55.22676005826479
50.78026010437884 43.942909578231124 55.22677000450619
50.780314815163926 43.94297394219269 55.22677971014413
50.836922190802376 43.95473625224048 55.21444345347609
50.83690935011798 43.954718982646355 55.214440549668126
50.8369290982463 43.954745504182995 55.21444500894427
50.78025991517221 43.94294006359772 55.226781191124616
50.78031609669823 43.94300608912209 55.2267911325775
50.780370698482415 43.94306971214268 55.22680059500534
50.83700011696857 43.95484106274496 55.2144610769477
50.83704729856715 43.954904249735826 55.214471700112384
50.78031708493438 43.943038820236026 55.22680284250628
50.780373318656494 43.94310460739233 55.226812683686305
50.8370164214369 43.95486338650455 55.214464832740624
50.83708002668975 43.954948548735395 55.214479150333005
50.92120772774148 44.15384673955909 55.276199975481916
50.83708809355061 43.95495902605521 55.214480910029636
50.92120780970721 44.15384796434564 55.27620063186672
50.83587743315991 44.032579614126504 55.25578058246745
50.89134450144603 44.19661566480447 55.30675993362068
50.92120460033827 44.15388834735836 55.27622198003319
50.921204848041384 44.15388923019718 55.276222462536126
50.92120506799 44.15389034519647 55.2762230673065
50.9212063902595 44.15387077298585 55.27621270901987
50.92120514348198 44.15389089285113 55.276223362734655
50.89133166389968 44.19665111108296 55.30678056143543
50.89133965473897 44.19665014972345 55.3067782337568
50.891347708905016 44.196648324970425 55.30677546132402
50.89135567977142 44.19664620184496 55.30677255952822
50.92120207624228 44.15393436432039 55.27624636285134
50.921202255343914 44.153935413152816 55.27624693035182
50.89132650750999 44.19668700506469 55.30679963515022
50.89133465743255 44.19668563443911 55.30679706678838
50.891342807549066 44.196683615721525 55.30679417553215
50.891350881905716 44.19668125380974 55.30679113084036
50.89135876718927 44.19667894198622 55.30678815484448
50.92119913026697 44.15398162863517 55.27627138903314
50.92120031642855 44.15396427331014 55.27626220467752
50.921199145172736 44.15398170030568 55.27627142794505
50.89132938677873 44.19672253896171 55.306816670344304
50.89133761881036 44.19672033957529 55.3068136701352
50.89134578216453 44.19671775370545 55.306810493287216
50.89135369149005 44.196715399988925 55.306807490859796
50.8913612547891 44.19671354623055 55.3068048175457
50.891361747131015 44.196713435210526 55.3068046483316
50.89132390407433 44.196760623788634 55.3068369109337
50.89133221934462 44.19675820767343 55.306833783502086
50.8913404008979 44.19675559403098 55.30683058860852
50.89134836419028 44.1967530619292 55.30682748483193
50.891359267313774 44.196727562625014 55.30681225969164
50.891355210941995 44.19675133571491 55.30682504083596
50.891318214899066 44.196799846218724 55.3068577659939
50.89132658693998 44.196797264691 55.30685454302686
50.89133484478073 44.19679439882176 55.30685120483555
50.89134283511896 44.196791737075756 55.30684803021883
50.89134834967646 44.196790189486734 55.30684598342437
50.8913123254416 44.19684015830923 55.30687921021021
50.89132086517452 44.196837027014226 55.306875674577014
50.89132931301069 44.19683354188836 55.306871983943
50.89133749250841 44.19683025301064 55.30686845315397
50.89134368883717 44.19682811037489 55.306865952198976
50.891306425262904 44.19688093667361 55.30690088918311
50.891315122027336 44.19687728514572 55.30689705806284
50.89132374871931 44.19687321413806 55.3068930341892
50.891332132851446 44.1968692533366 55.306889121334244
50.89134024384192 44.19686548198078 55.306885366046856
50.891341322965786 44.19685730533528 55.30688104315182
50.891340773196006 44.19686523900859 55.30688512253711
50.891300437111155 44.19692243248509 55.306922945908624
50.89130933144581 44.196918128965315 55.30691874428594
50.89131817862871 44.19691335017996 55.306914316816986
50.891326893353536 44.19690837543591 55.306909822376184
50.89133532476441 44.19690362733879 55.30690550638841
50.89133997262239 44.196901082782404 55.30690316347187
50.89129448851614 44.196964268901716 55.30694516315596
50.89130357183687 44.19695934422315 55.30694060837652
50.89131258897433 44.19695400625192 55.30693586302604
50.891321591837894 44.19694815803769 55.306930866798496
50.891330301066915 44.19694256413298 55.30692606519196
50.89133881005465 44.19693697429853 55.3069213119412
50.89134049740351 44.1969231350676 55.30691402748769
50.89134120283423 44.19693545852485 55.30692000325534
50.891297776163 44.19700114450515 55.30696277224318
50.89130697868634 44.1969952006304 55.30695768216836
50.89131621538229 44.196988637835425 55.30695227586983
50.89132525680485 44.19698207729116 55.30694691587129
50.89133404580262 44.19697565953364 55.30694168540391
50.89134246228466 44.19696966088199 55.30693674990158
50.8913431651552 44.196963735515446 55.30693363554033
50.89134343710505 44.19696900170207 55.306936195992535
50.89129199034497 44.19704349304564 55.306985206946635
50.89130138317934 44.19703693180103 55.306979765295985
50.89131073729372 44.197029949642314 55.306974122923705
50.89131997207037 44.19702277546968 55.30696841250911
50.89132899545433 44.19701563929325 55.30696276993064
50.89133761835289 44.19700896718207 55.306957451185
50.89134337188102 44.197004710139936 55.3069539993775
50.89129577960534 44.19707914537214 55.30700209059965
50.89130525576043 44.19707171460218 55.30699619651442
50.89131463172196 44.19706404433668 55.306990206304505
50.89132376332965 44.1970564719403 55.306984321382586
50.89133259106784 44.19704912271677 55.30697861793881
50.89134094793611 44.197042337108215 55.30697330420324
50.89134316227931 44.19702412028015 55.30696371710672
50.89134269778633 44.197040987897424 55.30697222724051
50.870734421525 44.284283079712225 55.34278371708268
50.8912997421408 44.19711408602197 55.307018579639006
50.89130916936512 44.19710609502504 55.30701241779527
50.90751596304506 44.26559663060989 55.32322853519898
50.907534448184606 44.26560406743956 55.323222847646754
50.90755232612494 44.26561120793745 55.32321730331245
50.907561998814764 44.265615047845856 55.323214284006056
50.87074727926907 44.28430432001805 55.3427881357485
50.870751791200284 44.28431170905198 55.34278969093797
50.907524579050346 44.265605910428434 55.32323075491341
50.90754309751402 44.265613285528424 55.32322499415636
50.90756101535993 44.26562036208719 55.323219370522715
50.90757598889242 44.2656262255939 55.32321462891287
50.87076000534655 44.28432551509529 55.342792496791105
50.907533332179135 44.265615309991944 55.323232986542955
50.907551856864806 44.26562260684462 55.32322715621633
50.90756984626741 44.26562963203227 55.32322144340601
50.90758724821028 44.26563636497507 55.32321586451066
50.907581370297926 44.26563032684996 55.32321459539038
50.90759148545531 44.26563799157732 55.3232144953499
50.87076835955575 44.28433957263063 55.34279534933305
50.87077255131359 44.28434657784675 55.34279678407026
50.90756086610482 44.26563209183486 55.323229294290456
50.907578906060266 44.26563905485944 55.32322349680394
50.90759638499196 44.26564573624606 55.32321782507449
50.90760752659432 44.265649951617235 55.32321417325613
50.870780937662445 44.2843607801586 55.342799641071494
50.90757005299078 44.26564170529185 55.32323142546011
50.90758815095383 44.26564860901505 55.32322554088852
50.90760577277752 44.26565527234637 55.32321976190174
50.925286913486815 44.308962178072676 55.32827125525694
50.90761858576215 44.26565746812001 55.323213340374934
50.92528908537809 44.308961182800665 55.32826966861521
50.87078943552159 44.28437522672915 55.34280253208066
50.87079328730766 44.284381723006 55.342803846200084
50.92526566233701 44.30897199034361 55.32828649139675
50.92527443359019 44.308967939632765 55.32828020579806
50.92528295266264 44.30896401452456 55.32827406522263
50.925290233143365 44.3089606744506 55.32826876135504
50.925252177647195 44.308978243395444 55.32829605476177
50.92526123546813 44.30897405848544 55.32828957105698
50.9252702010985 44.30896991353819 55.32828316361744
50.92527894863075 44.308965876253026 55.32827688536952
50.92528738343756 44.30896199634738 55.328270780630994
50.925290555477574 44.3089605289211 55.32826851736465
50.9252924659087 44.308959669902436 55.3282670575423
50.92524770985997 44.308980325236334 55.3282991840393
50.92525684294804 44.30897611084468 55.32829262578902
50.92526594988118 44.30897190013815 55.32828611905518
50.925274857667986 44.30896778679364 55.328279733975435
50.92528352123215 44.3089637945899 55.32827349128766
50.92529181675829 44.308959988154086 55.328267450642024
50.92529370653303 44.308959112342464 55.328266108438335
50.92529510718795 44.30895848529305 55.32826502741438
50.92525250528387 44.3089781363266 55.32829564723903
50.925261671037056 44.30897390442189 55.32828907505987
50.92527068260384 44.30896974508071 55.328282608071646
50.92527952601446 44.308965666156126 55.32827625081265
50.9252880490141 44.30896174804201 55.32827007303279
51.00823417029166 44.36662211653595 55.30969109154498
51.008227716692865 44.36661363817395 55.30969202335527
51.00823970084528 44.366627519121465 55.309689386441704
50.92525744043179 44.30897588585758 55.328291998723564
50.92526648353298 44.30897171945749 55.32828547983689
50.92527542614471 44.30896759654608 55.328279044359746
51.00822905043779 44.36662794509262 55.309697939687496
51.008265829659464 44.36666365793988 55.30968649563849
51.00829789596921 44.366694835249376 55.309676537854585
50.92526233799565 44.308973668656336 55.32828831501688
51.008223866330596 44.36663419516845 55.30970504328462
51.00826146300726 44.3666705787119 55.30969328500253
51.00829815376833 44.3667060554821 55.30968179540295
51.00833389761492 44.36674059779635 55.30967059314389
51.00830572370185 44.36670383952536 55.30967478513264
51.0083589065386 44.36676477863763 55.3096627613793
51.008257136285934 44.36667795054241 55.309700262552695
51.008294591630836 44.366714061843254 55.30968848255391
51.00833118613501 44.3667492907428 55.30967694777459
51.00836688115213 44.36678361763681 55.30966567896007
51.10013135562194 44.47625903102618 55.300329150444426
51.00837981983486 44.366788724429945 55.309658024699374
51.10017942716218 44.47629995504265 55.30031481713133
51.00829125687438 44.36672266403325 55.30969528144213
51.00832844539336 44.366758388395056 55.30968352225838
51.10002066903327 44.47616499096219 55.30036204567931
51.10011447671505 44.47624485387751 55.30033407365627
51.10020606034041 44.476322818573415 55.30030676753488
51.10029451277753 44.47639811242961 55.30028039799957
51.100258659654884 44.47636750242488 55.30029113818789
51.10032991812032 44.47642824907469 55.30026984385582
51.100001580409696 44.47614894777369 55.300367619132764
51.10009691326603 44.47623010414829 55.30033919517254
51.100190335135665 44.47630963068826 55.300311342704646
51.10028176064898 44.47638745369659 55.30028408776518
51.10037038937243 44.476462891341896 55.30025766925041
51.10045592534854 44.47653569132375 55.3002321756029
51.10043382119004 44.47651682236827 55.30023879559232
51.10047494293234 44.47655187633044 55.30022650801908
51.10017503367716 44.47629681668643 55.30031578403648
51.10026769763036 44.47637568894846 55.300288162713755
51.10035874629985 44.47645318350522 55.300261024490695
51.10044721004254 44.47652847375107 55.30023465912861
51.10053275338667 44.47660127347284 55.30020916700788
51.31591753404257 44.519932763394095 55.2396080671062
51.100346699621554 44.47644314407547 55.30026449323098
51.10043699935331 44.47651999249659 55.30023758319174
51.10052492035766 44.47659481301839 55.30021138403529
51.1006102780446 44.47666744789629 55.30018595114235
51.316156572840114 44.52004266058907 55.23953754824121
51.31596539439138 44.5199519428094 55.23959393974862
51.62128081094049 44.631794988996006 55.14870114834903
51.10042770339284 44.47651230514032 55.30024022586298
51.100516630744295 44.476587975157074 55.30021373076514
51.100603945971656 44.476662272120635 55.30018771670635
51.10068870769389 44.47673439213053 55.300162465793335
51.42535639789881 44.60941538959328 55.20412048403783
51.62139929797638 44.63180246750017 55.14866577964328
51.62138483075495 44.63180155677522 55.148670096493575
51.6214738360691 44.631807176747465 55.1486435266058
51.100598667170075 44.476658007480346 55.30018915997224
51.10068446828655 44.47673100563034 55.30016360297269
51.20987761894621 44.56613747592203 55.264747335126685
51.425388585362626 44.609418853988345 55.20411148775962
51.621426442990284 44.631804177195704 55.1486576792718
51.621633895561416 44.631817283637716 55.14859574532042
51.20987496371086 44.56613578587568 55.264748107028836
51.42517851560238 44.60940077070542 55.204171775072886
51.42542146085371 44.60942238642696 55.204102297091154
51.62145422074417 44.63180592712478 55.148649389820584
51.62169755822555 44.63182130013061 55.14857674300062
51.62167275263138 44.63181973738735 55.148584145534905
51.621801672476344 44.63182787871814 55.14854565960914
51.42521297350102 44.60940446190989 55.20416213811191
51.621228715063125 44.6317916779288 55.14871671495445
51.62148201042356 44.631807678301364 55.148641096468005
51.621727970270584 44.63182321672564 55.148567666931264
51.7617013317454 44.652937153696655 55.10208628378916
51.76170134756077 44.652937146953185 55.1020862821654
51.7617015039838 44.65293712098471 55.10208624857041
51.621256857888966 44.63179345106817 55.14870831641217
51.62151102184629 44.63180950672266 55.148632438330296
51.62175763982147 44.63182508713861 55.14855881202791
51.761699807092455 44.65293762504808 55.1020865172798
51.7617066034565 44.65293628429434 55.10208514909537
51.62128767579358 44.631795392724726 55.148699119575724
51.621539999319864 44.6318113335233 55.148623789966095
51.62178805268337 44.63182700473648 55.148549735058054
51.76169812629291 44.652938138760405 55.10208677722875
51.76170996012362 44.65293579205666 55.10208440019096
51.761710436388555 44.6529356367803 55.102084330714526
51.76171280895088 44.652935229714416 55.10208382683615
52.457489652714614 45.17675852148835 54.831090923068146
52.45748955571153 45.176758529898414 54.83109098405265
52.457485079996765 45.17675896379549 54.83109382924194
52.457491712356585 45.17675832225572 54.83108961406435
51.621571704540955 44.63181333219245 55.1486143275673
51.62181921303506 44.63182896978957 55.1485404347698
51.76169639570624 44.65293866894299 55.10208704433797
51.761708494545815 44.65293626085077 55.10208461787259
51.76172020913771 44.65293393641658 55.102082265378485
51.761720291206984 44.65293390799688 55.10208225412228
51.76172091254112 44.65293379731407 55.10208212392122
52.45739469993353 45.17676778408962 54.83115132335529
52.45739433516716 45.1767678119136 54.83115155007888
52.4573878625228 45.17676844492095 54.83115566848117
52.457415999374575 45.17676572521222 54.83113778750678
52.457414401580714 45.176765849611606 54.831138782353676
52.45743685051889 45.176763709207634 54.83112453623657
52.45743397227132 45.176763939275666 54.83112633243057
52.45745753827863 45.17676170856375 54.83111138850171
52.45745306953441 45.17676207424646 54.83111418305961
52.457477854471875 45.17675974340176 54.83109847660073
52.4574715961257 45.17676027084693 54.831102400775535
52.45749721941827 45.1767578697558 54.83108616892213
52.45751568712339 45.176756082427715 54.831074431160395
52.45750689267976 45.17675686136952 54.83107997137442
52.45753145064525 45.176754556077086 54.83106441162788
52.45752380325992 45.17675523773021 54.83106923217973
52.45754024570415 45.17675370278338 54.831058820202614
52.457539730547225 45.17675374704145 54.831059143797305
52.45754792330038 45.17675295903059 54.83105393996959
51.76168215722035 44.65294169947296 55.102089815284764
51.76169464912894 44.652939207740474 55.102087312315405
51.761706930511586 44.65293675808728 55.102084851491426
51.76171894430743 44.65293436453813 55.1020824431081
51.76173059131739 44.65293205050912 55.102080105479246
51.761730652247785 44.65293202756786 55.10208009791526
51.76173143686076 44.65293188280953 55.10207993564714
52.289473621300885 45.221627964872354 54.936746771517534
52.289473372543554 45.22162773054662 54.936746837918434
52.289472581198076 45.221627296633514 54.93674711588482
52.40397467265045 45.229153370567126 54.876908470195914
52.40397502619206 45.22915134732362 54.87690779855785
52.403995648338736 45.229145168158375 54.876894067752275
52.40399620656075 45.22914131277935 54.87689285692571
52.457376637591864 45.17676961526916 54.83116286030838
52.457373796611904 45.17676982069085 54.831164618423486
52.45739842656654 45.17676750893791 54.83114901326845
52.4574199354265 45.17676542921126 54.83113534391909
52.45744135199205 45.17676335795983 54.83112173291775
52.457555513869664 45.176752261843966 54.83104914114181
52.51867010738323 45.174772831384246 54.78937399292468
52.51867005950639 45.1747727416072 54.78937402612455
52.51867007145673 45.17477276630646 54.78937403783655
51.761692925319245 44.6529397453223 55.10208757429908
51.76170537714726 44.65293725706359 55.102085081307
51.76171764819106 44.65293480451028 55.10208262469111
51.761729619294556 44.65293241614296 55.10208022629732
51.761741275119526 44.652930095365974 55.10207788905042
51.76174145754079 44.65293000790123 55.10207787449003
51.761747325659755 44.65292889329636 55.10207667464606
51.86950007358895 44.761634382815714 55.075631578659525
51.86949988990258 44.76163385842119 55.07563159502312
51.86949977770273 44.7616335536501 55.07563161853825
52.02718228649506 44.911401631501825 55.02278803979475
52.02715712399146 44.911375819576094 55.02279698170169
52.02733912195157 44.91154837394973 55.02273046929372
52.02728915269695 44.9114972304646 55.02274824167618
52.14382210866201 45.080938513386805 54.98578447245673
52.027424151471294 44.911622078707055 55.022698496919126
52.1439144031457 45.08100409221046 54.98574768311255
52.14387036426383 45.0809710999623 54.98576514989796
52.28945173752797 45.221619021054146 54.93675511290795
52.14394940775494 45.08102684616961 54.985733621048965
52.289470792522344 45.22163151659974 54.93674885823729
52.28945805286471 45.22161896351551 54.93675214048358
52.40395145554876 45.2291697130306 54.876926064310126
52.40397287260711 45.229161319048075 54.87691135449232
52.40399423742795 45.229152891607136 54.87689666828169
52.40401565002263 45.22914436920577 54.876881931912834
52.51867015626635 45.174772922807016 54.78937395692034
51.76169140321811 44.652940239175905 55.102087797371226
51.7617038838999 44.652937746436194 55.102085298049126
51.76171625756474 44.652935271591474 55.1020828216557
51.76172853614603 44.65293281282714 55.102080365556304
51.76174054064356 44.65293041257673 55.10207796271973
51.761752272667195 44.65292807035327 55.10207561289482
51.78793758312331 44.64008902897469 55.091631313078096
51.821752427605865 44.6746867229116 55.08530642780664
51.78794047442924 44.6400894893102 55.09163093258021
51.82175884551378 44.67469359009506 55.08530368403339
51.821758423744384 44.67469302501785 55.085303875058244
51.82176083226935 44.67469571971361 55.08530283430282
51.83862488101501 44.72850828583434 55.088792127810564
51.83862450891601 44.72850748907241 55.08879219358343
51.838623900317515 44.72850638127048 55.08879231676297
51.83863844205624 44.72853474824679 55.08878952506279
51.83863468850659 44.72852666355222 55.08879018476485
51.838651823897806 44.728560851645426 55.08878695596324
51.83864444588603 44.72854498693672 55.08878825480734
51.838664957964724 44.72858652741109 55.08878443888008
51.83865526422478 44.72856570142308 55.08878614684111
51.83867785521171 44.72861176648643 55.08878196928024
51.83866634493788 44.728587061110524 55.08878399915676
51.838690471793335 44.72863650356969 55.08877955719663
51.838678369394216 44.72861055458405 55.08878169367783
51.8387028474387 44.72866079747205 55.0887771935095
51.838690470269626 44.7286342796116 55.08877938011526
51.838714912036785 44.72868450944349 55.08877489152036
51.83870257716258 44.72865809537467 55.088777071706346
51.83872671597696 44.72870772349798 55.088772640414916
51.83871414252664 44.72868079884678 55.08877486279377
51.838738257792976 44.728730436171645 55.08877044042648
51.8387257378648 44.72870363819284 55.08877265430839
51.83874956983565 44.728752697039226 55.08876828426357
51.8387364642835 44.72872464957489 55.08877060201998
51.86948693943298 44.7615982299777 55.075633917064295
51.86947973464732 44.76157765072037 55.07563454952438
51.869491432613316 44.7616108295879 55.07563331872038
51.86948392905493 44.761589398100526 55.075633978420285
51.86949582603208 44.76162314668921 55.07563273125935
51.86948806001446 44.76160096680845 55.07563341510998
51.86950012017331 44.76163518272297 55.075632154689856
51.869491882114964 44.76161165578283 55.07563288106127
51.86950433189185 44.761646985201935 55.075631586984045
51.86949492004559 44.761620107115576 55.075632417770144
51.869508459315014 44.761658548878366 55.07563102839433
51.8694980337752 44.76162877784051 55.07563195033502
52.027191009614455 44.911425246897466 55.02278684470617
52.02735066098736 44.911574469141215 55.02272822043294
52.14380991263103 45.08093327036707 54.98578950992523
52.14390492228655 45.08100073580731 54.98575163609925
52.28944806889227 45.22162245106389 54.93675756720862
52.28946783539482 45.22163526400753 54.93675104703354
52.289487196685755 45.22164785092756 54.93674466837041
51.76171516206783 44.65293567409343 55.102082961944575
51.761727551397755 44.65293319155851 55.10208048437801
51.761739739073406 44.65293075060237 55.10207804663286
51.8217514796932 44.67468730882814 55.08530668242611
51.82175800989901 44.67469426082718 55.08530389397042
51.838549896960764 44.72836737317747 55.08880695126231
51.8385648786261 44.72839661017807 55.088804076051844
51.821766027167996 44.67470151705431 55.08530059091121
51.83857962861263 44.72842538257946 55.08880124430789
51.8385608013546 44.728384645370596 55.088804538458035
51.83859415830308 44.728453719750334 55.08879845441737
51.83857653035784 44.728415614813265 55.088801541704214
51.83860847594624 44.7284816343385 55.08879570452169
51.83859085825962 44.72844358422903 55.088798792619585
51.83862259880162 44.72850914628491 55.08879299021107
51.838603430345614 44.72846778016097 55.08879635279237
51.838636519217445 44.72853627241941 55.08879031549065
51.83861537410681 44.72849067062343 55.08879402721861
51.838650251977626 44.728563023972626 55.08878767611591
51.838663796234854 44.72858940649104 55.08878507282452
51.83867713570376 44.72861540148496 55.088782509803394
51.83869024863421 44.728640976250645 55.0887799920047
51.83870309330359 44.72866606539334 55.08877752871568
51.83871566532481 44.72869065245669 55.0887751201478
51.83872795873786 44.7287147347304 55.088772768157284
51.83873991356125 44.72873818660441 55.08877048357226
51.83875159960825 44.72876112437751 55.08876825140183
51.86949113546322 44.76161069477741 55.07563396590085
51.869495738555976 44.76162360146856 55.075633351935956
51.869500238090296 44.761636214775734 55.07563274916117
51.86950463068632 44.761648525208045 55.075632158015125
51.8695089204753 44.76166054455325 55.075631578124245
51.86951311798815 44.76167230263408 55.075631008340544
51.97258990866963 44.90010554335153 55.04596342723326
52.027200041490346 44.91144982420753 55.02278562368633
52.143697477511154 45.080857044777474 54.985834515928275
51.76173931050644 44.65293100773299 55.102078058603794
51.8385456409135 44.72836493482267 55.0888082366492
51.83856103595072 44.72839492074095 55.08880527749146
51.83857619319044 44.728424418464556 55.08880236204373
51.83859112963965 44.72845349484446 55.08879948973043
51.83860585146488 44.72848213833714 55.08879665748512
51.83862034662693 44.728510368374785 55.088793871046526
51.83863464238317 44.72853818552579 55.088791120980844
51.83864871633671 44.72856558513909 55.08878841470555
51.838662617664795 44.72859262121664 55.088785739431046
51.83867631210037 44.72861926227734 55.08878310456019
51.83868986595611 44.72864559993762 55.088780494348256
51.854315822656304 43.73420429345284 54.872083228798466
51.85431582400463 43.73420429370206 54.87208323194612
51.85431582590866 43.734204293956125 54.87208323560378
51.513015569571195 43.726627272899165 54.94777949130454
51.854315826539015 43.73420429389489 54.872083235645505
51.11296002331118 43.71986582083398 55.04881789167088
51.8543158271584 43.734204294563455 54.87208324154868
51.854315833976926 43.73420429394106 54.87208324232114
51.11295053993821 43.71986565912372 55.048820289927264
51.8543158299053 43.73420429512106 54.87208324836253
51.85431583904618 43.734204294281525 54.87208324935662
51.11293462433866 43.71986537806382 55.04882424787495
51.85431583275693 43.734204295682524 54.87208325529621
51.85431584418102 43.73420429462257 54.87208325645239
51.11224203364735 43.71985214044466 55.04898950991469
51.11292988757892 43.71986530540336 55.04882550193306
51.854315835598356 43.73420429625152 54.87208326228182
51.85431584788337 43.73420429468946 54.87208326012846
51.85431584931315 43.73420429496813 54.87208326358208
51.854315841956 43.73420429524286 54.8720832595563
51.85431585634617 43.73420429432017 54.87208326433071
51.11222461551644 43.71985182894505 55.048993814464154
51.11292811324123 43.71986528825439 55.04882604142787
51.85431583839106 43.734204296828665 54.87208326929172
51.85431585214655 43.7342042955308 54.87208327050995
51.85431586014021 43.73420429437905 54.87208326802006
51.85431585922825 43.7342042948758 54.872083271243184
51.85431585546043 43.73420429481238 54.87208326753947
51.11147685925286 43.71983755351477 55.04917235462776
51.112211534626596 43.7198515983673 55.04899707039516
51.112931535101396 43.719865368211615 55.04882532573065
51.85431584115753 43.734204297413 54.87208327633719
51.85431585496697 43.73420429609964 54.87208327747655
51.85431586212633 43.73420429543667 54.87208327821151
50.681803794084615 43.720103453932225 55.15073306117743
51.1114503608498 43.71983707076596 55.04917884181642
51.1121992455915 43.71985138288481 55.04900013710392
51.11293640767842 43.719865475573194 55.04882426163109
51.854315843959455 43.734204298003235 54.87208328346013
51.854315857772136 43.734204296674505 54.87208328447866
51.85431586500937 43.73420429600353 54.87208328521521
50.68177280499741 43.720105642263505 55.15074363365753
50.681802562632825 43.720103443281175 55.150733658015966
51.111428357861996 43.719836671682025 55.049184240703326
51.112192305962374 43.71985126714787 55.04900191006169
51.11294496790455 43.71986565199388 55.04882230774543
51.85431584676955 43.73420429859992 54.872083290641925
51.854315860559666 43.73420429725522 54.87208329151286
51.854315867874945 43.73420429657621 54.872083292250835
50.681740263486674 43.72010795747805 55.15075470453411
50.68177119680032 43.720105661978224 55.15074435222007
50.6818018632527 43.720103387391966 55.15073408720528
51.111409826451 43.71983633731354 55.04918879988093
51.112187933619396 43.719851199504035 55.04900306366882
51.112955123087296 43.719865858527804 55.048819970707356
51.85431584954733 43.73420429920344 54.87208329785136
51.85431586376401 43.73420429783517 54.872083298894125
51.85431587750446 43.734204296523686 54.87208329999021
50.681673627654746 43.7201128292175 55.15077713771697
50.68170604234572 43.72011041191266 55.15076631113428
50.68173806144359 43.72010802722682 55.15075561103628
50.681769898885946 43.72010565604707 55.15074497168543
50.68180145260388 43.720103307745326 55.15073442398644
51.11139444306441 43.71983606168123 55.04919259797236
51.11218582378805 43.7198511743062 55.049003671882474
51.11296782260762 43.719866112864125 55.048817020819044
51.854315852339745 43.73420429981317 54.87208330512313
51.8543158669455 43.73420429842286 54.8720833063184
51.854315881070626 43.73420429704093 54.87208330717377
51.85431587957747 43.73420429675316 54.87208330359326
51.85431588186951 43.73420429696286 54.872083307222816
50.68160315122515 43.7201180174379 55.150800799230986
50.681636817388295 43.720115498258274 55.15078957012645
50.68167034383981 43.720112988410314 55.150778389654164
50.681703483872894 43.72011051073448 55.15076733217258
50.68173628376492 43.72010806106285 55.15075638352256
50.68176879703152 43.72010563466667 55.15074552716554
50.68180107792749 43.72010322684049 55.15073474617412
51.1113803565668 43.71983581051017 55.04919608434655
51.1121851878877 43.719851176914645 55.04900392586536
51.112980876126755 43.71986637422223 55.048813988232766
51.85431585510484 43.73420430042923 54.8720833124226
51.85431587008857 43.73420429901805 54.87208331377042
51.85431588462973 43.73420429761205 54.8720833147847
51.85431589896044 43.73420429621075 54.8720833156585
51.85431589874794 43.73420429618092 54.872083315238456
51.85431589949943 43.73420429615608 54.87208331567557
50.68156477677287 43.720120808010826 55.150813745240676
50.6815993520722 43.72011821481947 55.150802223730835
50.6816336261771 43.72011564570948 55.150790799887986
50.6816675771587 43.72011310291349 55.15077947995506
50.68170122068231 43.72011058515207 55.15076825890122
50.68173452779832 43.72010809517522 55.15075714532554
50.681767550619185 43.72010562837386 55.15074612313089
50.68180047872133 43.72010316797398 55.150735133771136
51.11136287263338 43.71983549685971 55.04920039841126
51.11217961986745 43.71985108832865 55.049005378014506
51.112988221373804 43.71986652969579 55.0488123400156
51.85431585767156 43.73420430105167 54.87208331960528
51.85431587300995 43.734204299621766 54.87208332110305
51.854315888014604 43.734204298193056 54.8720833223276
51.85431590260117 43.73420429676989 54.87208332324231
51.85431591697613 43.73420429535143 54.872083324015634
51.85431591680732 43.73420429533195 54.872083323715785
51.85431591762189 43.73420429528564 54.87208332403368
50.68152606903437 43.720123613970244 55.150826819708925
50.68156117009167 43.72012098330599 55.15081511945354
50.68159611447963 43.72011836261345 55.15080347462494
50.68163075167016 43.72011576644556 55.15079192947627
50.68166513962554 43.72011318973326 55.150780465999496
50.68169893443067 43.72011066406054 55.15076918831573
50.681732460110304 43.720108159784395 55.15075799811877
50.68176586184769 43.720105664078105 55.15074685053727
50.68179925390341 43.720103167144046 55.150735709719115
51.11134073598106 43.7198350974752 55.04920584480526
51.11216812908251 43.7198508901241 55.04900826824593
51.112989234059285 43.719866567624464 55.0488122270145
51.85431586006837 43.73420430167883 54.87208332668198
51.85431587574922 43.734204300232044 54.87208332833421
51.85431589111401 43.73420429878378 54.872083329706655
51.85431590620135 43.73420429733658 54.87208333085255
51.854315920880055 43.734204295895026 54.87208333169739
51.85431593513239 43.734204294459914 54.87208333223277
51.85431593493164 43.73420429443706 54.87208333187874
51.85431593654279 43.73420429431881 54.87208333229307
50.68152244285915 43.720123785885505 55.15082820918322
50.681557969840824 43.720121122866274 55.15081636773969
50.68159333818348 43.72011846988512 55.15080458252659
50.68162831797025 43.720115848896995 55.15079292163088
50.68166272244346 43.720113277128846 55.15078144145673
50.68169646360994 43.72011076229637 55.150770169305616
50.68172994861343 43.720108267106205 55.1507589817375
50.68176328513589 43.720105782168815 55.15074784524712
50.681796856107084 43.72010327365889 55.15073664147262
51.111309524460715 43.719834530435286 55.049213496724846
51.112148411781135 43.719850539472866 55.04901315460663
51.112981336874924 43.719866439961365 55.0488142726184
51.85431586219662 43.73420430230891 54.87208333355443
51.85431587821265 43.73420430084768 54.872083335374526
51.85431589395512 43.73420429938193 54.87208333692653
51.85431590946813 43.734204297914104 54.87208333826723
51.85431592467408 43.73420429644739 54.872083339356564
51.85431593949413 43.734204294982995 54.87208334013759
51.85431595384398 43.734204293531555 54.872083340624265
51.85431595098532 43.73420429318612 54.87208333542246
51.85431596728331 43.73420429216006 54.87208334098226
50.681483235450756 43.72012661361602 55.15084147858674
50.68151938611593 43.72012390600461 55.15082942535814
50.68155529264656 43.720121215516286 55.15081745563175
50.68159088040834 43.72011854979155 55.150805590579814
50.68162602207391 43.72011592099615 55.15079386789574
50.68166028602496 43.72011336884187 55.150782418120045
50.68169384516739 43.72011087669086 55.150771190278675
50.681727599432435 43.720108392926804 55.15075985574086
50.681713927820695 43.720109388711684 55.150764465116424
50.68176194248682 43.72010585457481 55.150748343878945
50.681795704031686 43.7201033375588 55.150737066123106
51.11128814640202 43.71983414066487 55.04921872827285
51.11212027430607 43.719850030980496 55.04902007157942
51.112962935203136 43.719866116949575 55.04881886232187
51.112329499224415 43.719854027301174 55.048970129269364
51.85431586406162 43.73420430293966 54.87208334020928
51.85431588038145 43.73420430146646 54.87208334219061
51.85431589649542 43.73420429998584 54.87208334393776
51.85431591243039 43.7342042984999 54.87208334549037
51.85431592805362 43.73420429701223 54.87208334676484
51.85431594336691 43.73420429552278 54.87208334776236
51.854315958261815 43.73420429404237 54.87208334847787
51.854315972631824 43.73420429257364 54.8720833488426
51.854315968136575 43.73420429209856 54.87208334121079
51.85431598640116 43.73420429112224 54.872083348837535
51.85431598554212 43.734204291030466 54.87208334737113
51.854315992295085 43.73420429051403 54.87208334894051
50.68147980901958 43.720126762188634 55.15084281663748
50.681516386084574 43.72012402297267 55.15083062063924
50.68155278600055 43.720121294345844 55.15081848855516
50.681588639679404 43.72011861176329 55.15080652930467
50.68162391104024 43.72011597841572 55.1507947540337
50.681658033480986 43.72011344628145 55.15078333438467
50.681692321064176 43.7201109506827 55.15077177114248
50.68167872479221 43.7201119196398 55.15077639374989
51.11295314051985 43.71986594048654 55.0488212738926
51.854315865107026 43.73420430339128 54.87208334472831
51.85431588221451 43.734204302085985 54.87208334872803
51.854315873281855 43.73420430287922 54.87208334753799
51.8543158987671 43.73420430059322 54.87208335074922
51.854315915093984 43.734204299091836 54.87208335250983
51.85431593117465 43.73420429758497 54.87208335401756
51.85431594689512 43.73420429607403 54.87208335518733
51.85431596221231 43.734204294569516 54.87208335606685
51.854315977080475 43.73420429307252 54.87208335662646
51.85431599141149 43.73420429158856 54.87208335683552
51.854316005166076 43.734204290122136 54.87208335669709
51.85431600166865 43.73420428977779 54.87208335096271
51.85431601818252 43.73420428872932 54.87208335652521
50.681476368658025 43.72012691446312 55.15084415452009
50.6815136580296 43.720124116284246 55.150831731187594
50.6815503097101 43.72012137266289 55.15081950816946
50.681586581293075 43.72011865906053 55.1508074090753
50.68162186860713 43.72011603199839 55.15079561494363
50.68165572418365 43.72011353168406 55.15078426285132
50.68165947564843 43.72011325577016 55.15078300288511
51.85431588268973 43.73420430228842 54.87208335075922
51.85431590065057 43.73420430120215 54.87208335724415
51.854315897545085 43.73420430147684 54.872083356821676
51.854315917441085 43.734204299687995 54.872083359294955
51.85431593394655 43.73420429816491 54.87208336103231
51.854315950145676 43.734204296633685 54.8720833624446
51.85431596585282 43.73420429510749 54.872083363480186
51.85431598110568 43.734204293586735 54.87208336417466
51.854315995794295 43.73420429207769 54.872083364485086
51.85431600990723 43.734204290584536 54.872083364435326
51.85431602340675 43.73420428911176 54.87208336402966
51.85431601903021 43.73420428868218 54.87208335686441
51.854316032042306 43.7342042881554 54.8720833636556
50.681435201523456 43.720129892298566 55.150858071308626
50.68147298662623 43.720127063588784 55.150845470746106
50.681510817837534 43.72012422275031 55.150832870515146
50.68154793719842 43.72012144362102 55.15082049243293
50.68158451940354 43.72011870919544 55.150808285351886
50.68161989879077 43.72011608146574 55.15079644924593
50.68165502180162 43.720113551568765 55.15078455627447
50.6816475101418 43.7201140471597 55.15078718210746
51.8543159009285 43.73420430130858 54.87208335833583
51.85431591959561 43.734204300285796 54.87208336593007
51.854315914197755 43.734204300760666 54.872083365175016
51.854315936572675 43.7342042987481 54.87208336794961
51.854315953163436 43.7342042971995 54.87208336955402
51.854315969228466 43.73420429565375 54.87208337073572
51.85431598478044 43.73420429411253 54.872083371519096
51.854315999785996 43.73420429258096 54.87208337191693
51.854316014217474 43.734204291063676 54.87208337194312
51.85431602792179 43.734204289568744 54.87208337153268
51.854316041007095 43.734204288096805 54.872083370782676
51.85431603961846 43.7342042879592 54.87208336849875
51.85431604243126 43.73420428793222 54.8720833706658
50.68143110491805 43.720130103707845 55.15085960992066
50.68146956184209 43.720127219516684 55.15084679470908
50.68150793797096 43.72012433563697 55.15083401682699
50.68154552628809 43.72012152083579 55.15082148337909
50.68158241825495 43.72011876568555 55.1508091685363
50.68161808320091 43.72011611929527 55.15079723228331
50.68163927553573 43.720114561112524 55.150790113765076
51.85431592063877 43.734204300607104 54.87208336939901
51.85431593904346 43.73420429933367 54.87208337475437
51.85431592594218 43.7342043004962 54.87208337300188
51.85431595604531 43.73420429776897 54.872083376577706
51.85431597243786 43.73420429620527 54.87208337789271
51.854315988219525 43.734204294645856 54.87208337872438
51.85431600345139 43.73420429309494 54.87208337915837
51.854316017992446 43.73420429156018 54.872083379136804
51.854316031926274 43.73420429004384 54.87208337874875
51.85431604505788 43.734204288555176 54.87208337790344
51.85431604805941 43.7342042882046 54.87208337762723
50.681427314353655 43.72013028733556 55.150861055291145
50.68146629229945 43.72012736269227 55.150848068948605
50.68150526104405 43.7201244313453 55.150835099057225
50.681543183050195 43.72012159400879 55.150822449903416
50.6815805429459 43.72011880333795 55.15080997990291
50.68161642283889 43.72011614514634 55.15079796420275
50.68163586934379 43.720114714635066 55.15079143336264
51.85431594146562 43.73420429992163 54.87208338153721
51.85431593460412 43.73420430052023 54.87208338053692
51.854315958838654 43.734204298342284 54.87208338355737
51.8543159755293 43.7342042967619 54.87208338499074
51.85431599152281 43.734204295185165 54.872083385862545
51.85431600688822 43.73420429361739 54.87208338627411
51.854316021550204 43.73420429206532 54.87208338621592
51.85431603553471 43.7342042905331 54.87208338574303
51.85431604865917 43.73420428902991 54.87208338477478
51.85431605059331 43.734204288803085 54.8720833845894
50.681423949644795 43.72013043211513 55.15086237126038
50.68146333572173 43.720127478581944 55.15084924580198
50.68150269933871 43.720124519172956 55.150836141514375
50.68154103401738 43.72012165190026 55.15082335300885
50.68157875476412 43.72011883598737 55.15081075946334
50.6816149707476 43.72011615475279 55.15079862784998
50.68163461897736 43.72011471002604 55.150792028134305
51.85431594382255 43.734204300508814 54.872083388258446
51.854315941198735 43.73420430073476 54.8720833878522
51.85431596160651 43.73420429891552 54.87208339051468
51.85431597851398 43.73420429731987 54.87208339200903
51.85431599466503 43.734204295727125 54.87208339288564
51.854316010159096 43.73420429414298 54.872083393274565
51.8543160248403 43.73420429257625 54.87208339311466
51.854316038765866 43.734204291031325 54.872083392489685
51.85431605022451 43.73420428927346 54.87208338806077
51.85431604992317 43.7342042897355 54.872083391522224
50.6814209785043 43.72013054061163 55.150863568327665
50.68146072512719 43.720127563461794 55.15085031652485
50.68150035682265 43.72012458875142 55.15083711420737
50.68153915310782 43.72012168712079 55.15082417140458
50.6815772464363 43.72011884514937 55.15081145029037
50.681614014631016 43.72011612085449 55.15079913763962
50.681637598983656 43.7201143910239 55.1507912079888
51.85431594627839 43.73420430109621 54.872083395065296
51.85431594597094 43.73420430111988 54.8720833949951
51.85431596427024 43.734204299490386 54.87208339739692
51.85431598141254 43.734204297879806 54.87208339897023
51.85431599768179 43.73420429627184 54.87208339982452
51.85431601324419 43.73420429467265 54.87208340015039
51.8543160278765 43.73420429309281 54.87208339984349
51.85431604173186 43.73420429153555 54.8720833990598
51.85431604853554 43.734204290738994 54.87208339841862
50.68145860905035 43.720127602676044 55.150851237985286
50.68149849632238 43.72012461461906 55.15083793996263
50.68153758867737 43.720121695064336 55.15082489074977
50.6815759879961 43.72011883370404 55.150812061224464
50.68161328084205 43.72011606912913 55.15079957542899
50.80757036952885 43.83227872045194 55.168614586021405
51.85431594893549 43.73420430168453 54.87208340205012
51.854315948063146 43.73420430175964 54.87208340191499
51.85431596706442 43.73420430006539 54.87208340439082
51.854315984272745 43.73420429844082 54.872083405907546
51.85431600058526 43.73420429681847 54.872083406682776
51.85431601615184 43.73420429520533 54.872083406899975
51.854316030746 43.73420429361207 54.8720834064529
51.854316044459075 43.73420429204394 54.8720834054611
51.85431604629502 43.734204291826565 54.87208340526851
50.68145714386557 43.720127580711306 55.15085196492697
50.68149716943033 43.72012459168331 55.15083860380217
50.68153642505055 43.72012166765852 55.150825486109326
50.68157522597648 43.72011877829093 55.150812518930124
50.807568462753494 43.83230499588859 55.16862894695808
50.80761991725167 43.83236906017806 55.16863911184336
50.8075790825126 43.83229312438193 55.16861813636258
50.807644363176976 43.83239974036014 55.16864406635209
51.85431595163854 43.73420430227436 54.87208340908599
51.8543159493331 43.7342043024736 54.872083408734824
51.85431596973455 43.73420430064171 54.87208341129016
51.85431598690987 43.734204299003906 54.87208341267242
51.854316003235816 43.73420429736791 54.87208341334936
51.854316018775876 43.73420429574166 54.87208341343856
51.85431603327821 43.734204294136305 54.87208341281626
51.85431604507341 43.73420429218273 54.872083407098195
51.85431604165396 43.73420429315911 54.872083412054465
50.68149635453094 43.72012452199246 55.15083911215578
50.68153583088136 43.72012158869553 55.15082590772484
50.80756404257825 43.83232990240542 55.16864371695554
50.80761619677079 43.83239409315926 55.16865363698317
50.807667596254355 43.83245757075058 55.16866352443177
50.80771805432464 43.83251992208056 55.168673249494724
50.80770256194218 43.83249142039919 55.16866544988033
50.80773121844429 43.83253638657408 55.16867588829201
51.85431595450681 43.734204302866466 54.87208341628029
51.854315947219845 43.7342043035095 54.872083415276876
51.85431597232596 43.734204301218654 54.8720834181277
51.854315989313484 43.73420429956795 54.87208341924713
51.854316005602186 43.734204297919206 54.872083419789924
51.85431602100165 43.734204296281774 54.87208341966996
51.8543160353126 43.734204294666526 54.872083418805936
51.85431603557704 43.73420429463168 54.8720834187498
50.742683888274755 43.82205580646742 55.18127396955346
50.80761263662312 43.83242075216695 55.1686689275535
50.807665075051325 43.83248512505978 55.16867881538029
50.80771640132451 43.832547950586545 55.16868839982634
50.80776664150615 43.832609264553355 55.16869768776651
50.807816077863905 43.832669793488066 55.168706927911366
50.80780017839891 43.83264087135319 55.16869909231817
50.807836507052755 43.83269501567502 55.16871085388078
51.85431593936195 43.73420430510943 54.87208342148726
51.85431593887104 43.73420430501803 54.872083420335855
51.854315936829906 43.73420430533539 54.87208342115878
51.854315957413434 43.734204303460814 54.87208342352517
51.85431597487157 43.73420430179579 54.87208342492815
51.85431599162201 43.7342043001313 54.872083425735696
51.85431600759358 43.73420429847165 54.8720834259219
51.85431602273246 43.73420429682487 54.87208342550592
51.85431603531377 43.734204294681746 54.87208341892937
51.85431602564118 43.734204296491406 54.872083425288736
50.80766210165644 43.83251286221963 55.168694400676436
50.807715010853144 43.83257784312334 55.16870439275553
50.80776661808704 43.83264087272025 55.16871395773292
50.80781681129764 43.832701574399216 55.16872295151006
50.80786604394271 43.83276105208659 55.168731741111074
50.80791422069712 43.83281902635309 55.168740225016336
50.80788309595801 43.83276284477358 55.1687251105201
50.80796141508094 43.832875670493294 55.16874845980658
50.807950194890736 43.83285556966905 55.16874308942467
50.80799486776481 43.83291571610747 55.16875424267668
51.854315906466724 43.73420430904322 54.87208342525098
51.85431590628197 43.73420430900789 54.87208342481013
51.85431590345627 43.73420430931459 54.872083424882334
51.854315924628594 43.73420430739232 54.872083427364075
51.854315923159135 43.73420430712836 54.8720834239952
51.854315942600905 43.73420430572964 54.872083429221725
51.854315960183854 43.73420430405617 54.87208343066261
51.854315977222285 43.73420430237251 54.87208343155997
51.854315993680494 43.73420430069382 54.87208343200557
51.854316009274264 43.734204299023105 54.87208343178257
51.85431602304644 43.73420429695375 54.87208342680876
51.85431601279182 43.73420429863036 54.87208343160455
50.80776643104853 43.832673252282774 55.16873069698501
50.80781848785078 43.83273695698515 55.16874041011897
50.80786883595473 43.83279761782363 55.16874931428115
50.80791799908426 43.83285645549033 55.16875780543858
50.80796606412473 43.83291362509779 55.168765924899176
50.808013046587824 43.832969073580415 55.16877363849488
50.80805909520463 43.83302318664701 55.16878107876187
50.808012126746306 43.832939016203404 55.1687585840661
50.83704794951723 43.954903234480255 55.21447151913381
50.80806536090586 43.8330067623927 55.16876985470464
51.04876378500015 44.05502212131256 55.183958213191744
50.80811409404598 43.833066658388496 55.16877908073157
51.550338902230784 43.847263557794726 54.99326729401011
51.55046032640208 43.847218594874164 54.99321938383463
51.85431590967522 43.73420430971883 54.87208343340527
51.85431592769261 43.734204308037306 54.872083435149605
51.85431594542116 43.734204306347195 54.87208343657999
51.85431596274034 43.73420430465091 54.87208343761378
51.854315979481 43.73420430294817 54.87208343810531
51.85431599543949 43.73420430125418 54.872083438004225
51.854316009662554 43.73420429917768 54.8720834333551
51.85431600147267 43.73420430058961 54.87208343777175
50.80781934659228 43.83277137062505 55.16875773252072
50.807871805003344 43.832835693435854 55.168767585733846
50.807922516030416 43.83289693953772 55.168776630214204
50.83689387588568 43.95469743690818 55.214436922857516
50.83695248895356 43.95477589990493 55.214450114082965
50.83700956163438 43.95485228793248 55.214462956393426
50.83706543717936 43.95492706940722 55.2144755285879
50.83712030594221 43.95500050563201 55.21448787463207
51.048752219657565 44.05502406328485 55.18396306085521
51.362431037092165 43.9406592135571 55.06370173252454
51.85431591213097 43.73420431037661 54.872083440778255
51.85431593009237 43.73420430867062 54.87208344227825
51.85431594769717 43.73420430695777 54.87208344342085
51.85431596485581 43.73420430524136 54.87208344415669
51.85431598134255 43.73420430352047 54.87208344428695
51.85431599639152 43.734204301603015 54.872083441617356
51.85431599344133 43.73420430219728 54.872083443897324
50.836846300468025 43.95463418732114 55.21442629170393
50.83690849348284 43.954717469130166 55.21444029321419
50.83696866294339 43.95479802211952 55.214453835845404
50.837027159594314 43.954876321670156 55.214466999550766
50.837084231955075 43.95495270512762 55.21447984107031
50.837140044385244 43.95502739590039 55.21449239798204
50.91769026014656 44.07445053946059 55.234115562678156
51.048737479290324 44.05502653797816 55.18396922223128
51.36225721229195 43.94072925832074 55.06376903858002
51.854315914072984 43.73420431102033 54.872083447602634
51.854315932006664 43.73420430929326 54.872083448909706
51.85431594950677 43.734204307559985 54.8720834497992
51.85431596652985 43.734204305825266 54.8720834502728
51.85431598284888 43.73420430408778 54.87208345012738
51.85431598671984 43.7342043036573 54.87208344994536
50.83698495738081 43.954820316408245 55.21445758659616
50.837045120859045 43.95490085869635 55.21447112741359
50.83710364404985 43.95497919234477 55.21448429684368
50.83716070423126 43.955055557086084 55.214497135203494
50.917689837419516 44.07445055086226 55.23411555616124
50.917690566915425 44.074450557026765 55.234115577265
51.04872042865226 44.05502940029609 55.183976339355105
51.048822519503055 44.05501226819873 55.18393398010956
51.36255125345769 43.94062072457798 55.06365338393847
51.85431593343158 43.73420430990245 54.87208345501795
51.85431595084924 43.73420430815135 54.87208345569425
51.85431596776509 43.734204306400414 54.87208345594651
51.854315983256235 43.73420430430747 54.87208345223996
51.85431597707567 43.73420430539088 54.87208345571682
50.837062748102184 43.95492494107317 55.214475178799674
50.83712310463161 43.955005747327434 55.21448876402539
50.921210942525974 44.153807851675616 55.27617942387825
50.92121128309712 44.15380722438877 55.27617910671584
50.92121164701592 44.15380620174197 55.276178580148276
50.921211984622204 44.153805414887074 55.27617817785388
51.04870095797884 44.055032668649154 55.18398445737817
51.04880310003968 44.055015527919736 55.183942075271275
51.36235000562031 43.94070130886314 55.06373140076245
51.85431593433288 43.73420431049436 54.87208346054351
51.85431595158498 43.73420430872614 54.87208346094172
51.85431596809002 43.73420430674027 54.87208345895583
51.8543159609598 43.734204307737514 54.87208346093476
50.92120787101681 44.15384884164651 55.27620110215693
50.92120813324766 44.15384930996845 55.27620136461355
50.92120845372481 44.1538489296962 55.276201178010496
50.92120878792103 44.15384827098129 55.27620084379295
50.92120908755788 44.1538479439128 55.27620068449008
50.92120937688127 44.153847641483324 55.276200537797195
51.0476022020516 44.13265980006315 55.22524625037673
51.36214023638735 43.940785165563675 55.06381274630934
51.36260683493191 43.9406069035022 55.06363031149975
51.85431595173324 43.73420430899286 54.87208346321299
51.85431594201842 43.734204310321935 54.872083465670556
50.921205260314906 44.15389168813202 55.276223792101064
50.9212055445917 44.15389175012421 55.27622383924539
50.92120584779205 44.15389146153299 55.27622370061229
50.9212061319677 44.15389130111386 55.27622362929713
50.921206406410505 44.1538911521081 55.27622356357694
51.04754328703089 44.132719289566424 55.22529555335711
51.04763984243467 44.13267229967286 55.22523918759802
51.362505886216894 43.94064721015537 55.06366946671973
51.047693746306976 44.132646305238374 55.22520783577208
50.92120227542212 44.1539355956358 55.27624702853859
50.92120251854826 44.15393614899219 55.27624733533441
50.92120280884414 44.153935991768414 55.27624726602522
50.92120309018323 44.15393583046435 55.276247194097785
50.9212033579084 44.1539357235499 55.27624715046124
51.04748395509891 44.13277941971888 55.2253453115123
51.04758026480434 44.13273262878376 55.225289127592596
51.047599374185225 44.13272343177013 55.22527802192604
50.92119936485534 44.15398224935218 55.276271731280374
50.92119966426371 44.15398193792236 55.27627158029518
50.921199972950205 44.15398139217123 55.27627130497346
50.921200273083485 44.15398083517452 55.27627102323737
50.921200524688075 44.15398075948957 55.27627099543224
51.0475218459733 44.132792392743035 55.22533839053537
51.04752787414705 44.13278948040136 55.225334881819606
50.891368660165405 44.196711591474 55.30680213045622
50.92119642190268 44.15402919156437 55.27629658606318
50.92119678640021 44.15402790546261 55.27629591921041
50.921197141832835 44.1540266138431 55.27629524896844
50.921197436926136 44.1540259439275 55.27629490684218
51.047464231617795 44.132851882770446 55.22538724073895
51.04747008964823 44.13284903485338 55.225383822455456
50.89135591708504 44.196751186864965 55.30682480331137
50.89136351306633 44.19674858951724 55.30682175201398
50.891371239845725 44.19674507296822 55.30681821255128
50.891378881064156 44.19674131066838 55.30681457046239
50.921193951150705 44.15407321864408 55.27631991173729
50.9211943241469 44.15407153478914 55.276319033466784
51.047408422246306 44.13291037773132 55.22543498081687
51.04743261419665 44.132898521310466 55.22542081817076
50.891350439427825 44.19678961470439 55.306845213606024
50.89135822495735 44.19678637118841 55.30684179656326
50.8913661812786 44.196782120644286 55.30683783835092
50.891374052264865 44.19677763524116 55.30683378288592
50.89138171715412 44.19677325683854 55.30682982840656
50.921191139690904 44.154118100171374 55.27634367555097
51.04735098735702 44.13297045268507 55.225484051512915
51.04739050719567 44.132950889811795 55.22546082148958
50.891345242167624 44.19682760893322 55.30686534302281
50.891353149822564 44.19682393035826 55.30686168099862
50.89136122125792 44.19681928191637 55.30685749793898
50.89136926297985 44.19681424746448 55.30685312946156
50.891377067255476 44.19680939573604 55.30684890694449
50.89138463045258 44.19680472910415 55.306844832410285
51.04729196783516 44.13303206331092 55.22553441714301
51.04734364620789 44.13300622038008 55.225503913774645
50.89134820886246 44.19686154779103 55.306881563414976
50.89135638587521 44.19685652662195 55.30687717025333
50.89136451300927 44.19685117147288 55.30687262225828
50.8913724128902 44.196845954908746 55.30686819587751
50.89138006785084 44.19684091696376 55.306863915141705
50.89138724128662 44.19683662848161 55.30686011916006
51.04730487854927 44.13305769858159 55.225542323229234
50.891343425486696 44.19689921601123 55.306901434672326
50.89135162775082 44.19689402415795 55.30689695064147
50.89135979982561 44.19688843880425 55.30689227757158
50.89136778454774 44.196882873007524 55.30688765759024
50.89137551981443 44.19687747938109 55.30688318109064
50.89138278560946 44.19687277128948 55.30687915471054
51.0472656942803 44.13310978272551 55.22558117096184
50.89134700192988 44.19693167961852 55.30691677909043
50.89135513787487 44.19692604121846 55.30691208795431
50.89136309051868 44.19692038671764 55.30690743120641
50.8913709233712 44.196914578211086 55.30690272545506
50.8913782836351 44.196909428873944 55.306898457410355
50.94588229423056 44.221511742076444 55.29237265527014
50.891388093445414 44.19688024355692 55.306881649019445
50.94588323882161 44.221512278185074 55.292372122298254
50.891350495723735 44.19696408329324 55.30693211277478
50.891358452297276 44.19695821961146 55.306927350913384
50.89136626437853 44.19695224499759 55.306922567220724
50.891373814352754 44.196946430022635 55.30691792369432
50.94588184327758 44.22155359975654 55.29239091870193
50.9458844696132 44.22155453147665 55.29238919783967
50.89134572684533 44.19700298418937 55.30695259474022
50.89135369085399 44.19699686087995 55.30694770182412
50.891361546597665 44.196990539469276 55.3069427352715
50.94587671512909 44.22159578669436 55.29241309714475
50.945881408909685 44.2215962698779 55.29240951617366
50.94588570482334 44.2215971863029 55.29240644152331
50.90756095154593 44.2656090646425 55.32320994632836
50.90757785550153 44.26561579442813 55.323204685866706
50.90759442905703 44.265622344925745 55.32319948821865
50.94588098714881 44.22163960511641 55.2924283878954
50.94588562550294 44.22163956280277 55.292424626932466
50.945885917283285 44.221602415822986 55.29240850637336
50.94588761550019 44.22163964822862 55.292423057656805
50.907569508850514 44.26561801784028 55.32321193023757
50.90758641857188 44.265624672351976 55.32320660299165
50.90760301566256 44.26563115758768 55.32320133549082
50.90761919357125 44.26563743196916 55.3231961615989
50.945885279738974 44.2216828878784 55.292443432983426
50.94588919164438 44.22168241667021 55.29244007481266
50.907578238550535 44.26562710240926 55.32321391306102
50.907595131727625 44.26563366824883 55.3232085221899
50.90761175848253 44.26564008842036 55.32320318105026
50.90762798681505 44.26564630732011 55.323197928163154
50.90764372832731 44.26565228885454 55.32319279028314
50.94588960093738 44.22172540206796 55.292458126322785
50.94588977387188 44.22169479260144 55.292444897292526
50.945891149327934 44.221725045903035 55.29245672455989
50.907603991340125 44.265642776798366 55.323210441343505
50.907620612891634 44.26564911447394 55.32320503444117
50.907636900822865 44.26565528148562 55.32319969965423
50.90765272725376 44.26566122168 55.3231944723867
50.95420644470251 44.2703014940779 55.30227988943449
50.97699626202845 44.272020359901305 55.29264499221535
50.90761316773677 44.26565207540403 55.32321231548427
50.907629741808194 44.265658307234276 55.32320685051448
50.92530664958427 44.308953101225214 55.328256965248386
50.92531442648305 44.30894952741849 55.32825132312786
50.92532197533489 44.30894606613945 55.32824581627013
50.97699095753893 44.27202429631026 55.292650391359665
50.97699613400226 44.27202058055134 55.292645137684474
50.976995801642076 44.272021117477905 55.2926455109973
50.92529487502214 44.30895853021773 55.328265437014444
50.92530283384592 44.30895487554994 55.3282596522055
50.92531073010866 44.30895124653239 55.32825392488512
50.925318471595475 44.30894769178502 55.32824829757755
50.92532592497986 44.30894428157721 55.32824283186853
51.00822123203338 44.36656957090091 55.309675662568964
51.00821678743925 44.36656373411234 55.309676305406576
51.0082249119539 44.366573219283815 55.309674554112696
50.9252910972469 44.308960279001745 55.32826812803702
50.925299051608334 44.30895663490044 55.32826231321498
50.9253070202884 44.30895297535136 55.328256522629424
50.9253148911685 44.30894935998687 55.32825080595924
51.00821534713013 44.366573196009654 55.309682038068004
51.00824982239425 44.36660710627708 55.30967152236501
51.00827681662178 44.36663373378001 55.309663325359764
50.925295388033675 44.30895833452781 55.328264908409544
50.92530333469461 44.30895469430765 55.32825909783719
51.00820927100274 44.366577147263314 55.30968872211231
51.00824461134226 44.36661176564754 55.30967787306769
51.00827906414504 44.366645488965226 55.30966728399963
51.00831260679897 44.366678368092366 55.30965699738303
51.00829099373789 44.36665016180491 55.30966020933765
51.00833034374149 44.36669579295374 55.3096515768182
50.92529972262348 44.30895637762727 55.32826162692773
51.00823928123158 44.366616708120404 55.30968445482094
51.00827455244392 44.36665113695499 55.309673567714924
51.00830892038602 44.36668465646886 55.30966294597887
51.00834242517142 44.3667173318415 55.309652589893815
51.008374936528455 44.36674907832398 55.30964256030717
51.00836458030638 44.36673561978864 55.30964412706447
51.00838221027982 44.36675619657615 55.3096403239955
51.00827001430423 44.36665710175615 55.30968002630309
51.00830515388918 44.366691299349824 55.30966912982646
51.00833942261235 44.366724591959574 55.309658475433764
51.00837282884771 44.366757031758645 55.30964808194949
51.10017886241478 44.47629896413023 55.300315276305795
51.10024565419686 44.476355831747554 55.30029535738233
51.00830154038283 44.366698379414174 55.3096754065119
51.00833648260357 44.36673228432691 55.30966452228232
51.00837056292754 44.36676528349892 55.30965387274321
51.10016304105555 44.476285653998794 55.30031990316779
51.10024797037338 44.476357962095 55.300294576399104
51.26979487537217 44.48655936048033 55.25008289424145
51.26966225847289 44.486507203288376 55.25012216964352
51.53083707871514 44.439976455786876 55.15444158144341
51.00836860611207 44.36677415577368 55.309659723254434
51.10014679620467 44.4762719935458 55.30032465048471
51.10023359231441 44.47634588800083 55.30029876873691
51.10031826742432 44.47641797333398 55.30027352138525
51.26998645870745 44.4866347625306 55.250026151384134
51.53139262638659 44.44012826415349 55.154265506407555
51.53136663377064 44.440115319362775 55.15427257087616
51.53145826339541 44.440139863480994 55.15424343048332
51.10021946725337 44.476334040827915 55.30030287906105
51.1003056263542 44.47640738560301 55.30027719145728
51.100389815496094 44.47647905043962 55.30025209287234
51.315824216684426 44.51983033698149 55.23963542658038
51.50338723249264 44.53224693139174 55.18335111205824
51.836824968111024 44.55198529724154 55.06333267525055
51.10037978287042 44.47647069224041 55.30025498010717
51.10046319731576 44.47654169011701 55.30023011675687
51.31601807208696 44.51992246195747 55.23957824584877
51.621524872521746 44.63181042508761 55.14862827338348
51.8368036788258 44.55203940051054 55.0633515159453
51.83681736320935 44.55200555325057 55.063339596401164
51.836807688110824 44.55203132054318 55.063348401047264
51.10053806427676 44.47660559495118 55.300207697346984
51.3162166881753 44.52001665495739 55.23951966032182
51.621551770888836 44.6318121182109 55.14862024733033
51.83677874580235 44.55210107338148 55.06337323403236
51.836789817259344 44.552078568401974 55.063364592833814
51.83679320309903 44.55207018305234 55.06336164145108
51.8367907813126 44.55207662056672 55.06336384282043
51.315947977114064 44.51994368573493 55.23959907730866
51.621341278666975 44.631798815363965 55.14868309176835
51.62157910277169 44.63181383899989 55.1486120916619
51.83675322253729 44.552164206188266 55.06339546624304
51.83676471134711 44.552140720630746 55.063386472139975
51.836771694342204 44.55212650067693 55.06338101669929
51.62136876269096 44.631800545375704 55.148674890947646
51.621607262911866 44.63181561226402 55.14860368861952
51.62184103104165 44.631830380770595 55.148533898632024
51.836739246061086 44.55220377879669 55.06340866797591
51.83675075393408 44.552180177517805 55.063399643181484
51.83676093594211 44.552154937340674 55.06339076286328
51.83675354164269 44.55217447093923 55.06339745917688
51.62163583123177 44.631817411620766 55.14859516350677
51.62187018695017 44.63183221772172 55.14852519777196
51.78792062682406 44.64008604961076 55.09163205086993
51.836725323590215 44.55224321037409 55.06342182113726
51.83673450406167 44.55222431412945 55.06341460754743
51.62166563677327 44.63181928916801 55.14858626901008
51.621899207817854 44.63183404660852 55.14851653690506
51.76171588380308 44.652933945920445 55.10208349939505
51.787923932826914 44.640086605430014 55.091631773118806
51.78792639486161 44.64008698178095 55.09163136559526
51.83672815148235 44.5522410616379 55.063420353455086
51.787927353554906 44.64008712710234 55.091631200361235
51.76170275396471 44.65293671173409 55.102086066966706
51.76171431674672 44.65293442192917 55.10208374301831
51.787924700086805 44.64008676924067 55.09163189459001
51.78792720439506 44.64008715317713 55.09163148606933
51.787929602240425 44.6400875174379 55.09163107700462
51.78792952788557 44.640087501862425 55.09163106683155
51.78792974016183 44.64008753825352 55.09163105274801
51.76171279578809 44.65293489089553 55.10208397647834
51.761724253252495 44.65293262071939 55.1020816742257
51.787928001675965 44.64008732128347 55.09163160100454
51.78793045174444 44.64008769507515 55.091631191562755
51.78793225721968 44.640087967770796 55.091630875131656
51.76171127879078 44.652935363138816 55.102084207393595
51.76172277450421 44.6529330861217 55.10208189713765
51.78792880485546 44.64008748977317 55.09163171219542
51.787931285060395 44.64008786867126 55.09163130043393
51.7879336949535 44.64008823519219 55.09163089161015
51.787933024097846 44.640088096739376 55.09163081090465
51.78793540636272 44.64008849333412 55.091630589816624
52.346354584787605 44.740486242984794 54.85004151383473
52.34631753393006 44.74029258949325 54.85004144517099
52.346309723375754 44.74031737382604 54.85004904263188
52.3464077614379 44.74068739477863 54.850032703487784
52.34633841337519 44.740325730414895 54.8500326674085
52.346459726956866 44.74088548290634 54.85002426988751
52.346378584225576 44.74046392084754 54.85002441492201
52.346510319284356 44.74108095733882 54.850016363215204
52.34644164746919 44.740726050301866 54.850016702303336
52.346558925471626 44.74127374580455 54.850009345648864
52.346530094302274 44.741125247323616 54.85000954667938
52.404600326499775 44.7337077823915 54.81166304893986
51.761721359531776 44.652933540534185 55.10208210652558
51.76173281943205 44.652931266399946 55.10207980527981
51.78793212751843 44.640088043300324 55.09163140584522
51.78793457201411 44.64008841577148 55.091630994822964
51.787936959484966 44.64008877849194 55.09163058771878
51.787936221055936 44.640088627787755 55.09163050793394
51.81919106366164 44.636069687432965 55.08091619795003
51.81919111767807 44.6360696585693 55.08091614914208
51.81919154395696 44.636069592263986 55.08091590338637
52.14388361234337 44.472161978203324 54.917597149935474
52.14386676844512 44.472065564739815 54.91759499536612
52.143834001655094 44.47208764789823 54.917609742227526
52.143970695106105 44.47229268754464 54.917575067690976
52.14392420305242 44.47202798727999 54.917569248759264
52.346388602133985 44.74090798723368 54.85006987997102
52.14397868903486 44.47198124024388 54.91754382131914
52.34644316720306 44.74111131299624 54.8500604824724
52.34629362239329 44.74032655188591 54.85005984146767
52.346496895038946 44.741311487176844 54.850051225477145
52.34630827584303 44.74032317143442 54.85005059039944
52.346549851164525 44.74150834474088 54.85004205022521
52.34660207665074 44.741702472818844 54.85003300000687
52.3466533369096 44.74189281515369 54.85002409409516
52.45747134429408 45.17676029225858 54.83110255881002
52.45750553714744 45.17675698477654 54.831080827603785
52.40461101543484 44.733749552361914 54.81166132088334
52.45751321675354 45.176756241156816 54.83107594631741
52.45751293147532 45.17675623065227 54.831076101563205
52.45752969207558 45.176754646503305 54.83106547477759
52.45752949120274 45.17675462821695 54.831065576641514
52.45753810122899 45.17675383245705 54.831060129926385
52.45753742678663 45.176753872715565 54.83106054147898
51.761731547651365 44.65293169318646 55.10207998557374
51.78793297277494 44.6400882176614 55.091631507077565
51.78793545235706 44.640088596204194 55.09163109403015
51.787937872648925 44.64008896447871 55.09163068436105
51.81919014685006 44.63607017616716 55.08091702535425
51.819195336146144 44.636069148620585 55.08091384337552
51.819195744570685 44.6360689126311 55.08091345900919
51.81920044791279 44.63606813326403 55.08091070620648
51.81920053659066 44.63606807825251 55.08091061949449
51.81920267223054 44.63606769136772 55.080909341042045
51.88445606488252 44.638713405259104 55.05369754056574
51.88445596015082 44.63870375589181 55.0536961524797
51.88445301323931 44.63871378798583 55.053699259837344
51.88446208145845 44.63871269806716 55.0536941579713
51.884461769376244 44.638685470050206 55.053690250168586
51.884467942101736 44.63871245853072 55.053690930337
51.88446749215657 44.63867475510357 55.05368552878069
51.88447368261489 44.63871226678273 55.05368777528365
51.884473093592604 44.63866427742745 55.053680909012485
51.88447929055388 44.63871222302273 55.053684714594624
51.884478600499556 44.63865929404919 55.053677163571464
51.88448476379769 44.63871232263352 55.05368174873357
51.884483999298325 44.638656861009125 55.05367385895498
51.88449011864542 44.63871241103122 55.05367884567277
51.8844892759592 44.63865414862046 55.05367057901965
51.88449536082571 44.63871244404395 55.05367599567707
51.88449444369327 44.638653534011134 55.053667672577845
51.88450050416376 44.63871232269109 55.0536731763934
51.972694143099076 44.291932648924735 54.97780091417563
51.974521428358685 44.46873550911472 55.00328305541221
51.97277443269007 44.291760620040485 54.97774893995029
52.14565042127909 44.64940883953792 54.94313750463168
52.14374380780118 44.47211820555303 54.91764760367245
52.14573882669798 44.64942095379345 54.94309733341659
52.14380828035493 44.472106113936334 54.91762142041842
52.232075896444414 44.73411173197049 54.909882389647194
52.346536377368 44.74177280981405 54.85008087967649
52.346590782269054 44.74197252051416 54.850071159582086
52.346644512959884 44.742169082649966 54.850061481784316
52.4575444883598 45.176753290258425 54.83105612233207
52.45753994825759 45.17675369867185 54.831058986749994
51.76174192828768 44.65292980230217 55.10207782825897
51.78793634692255 44.64008877865329 55.09163119004097
51.7879387975249 44.64008915198985 55.091630777644426
51.819189218117714 44.63607066622004 55.08091785916859
51.819194485246825 44.63606962392534 55.08091463003724
51.81919968679256 44.636068592366435 55.08091143917726
51.81920483067128 44.636067570711184 55.08090828236942
51.81920540378502 44.636067192540594 55.08090770241505
51.8192099330997 44.6360665571265 55.08090515085973
51.81921034206533 44.63606625463622 55.08090470883701
51.81921497084488 44.636065553300824 55.080902056379976
51.81921527861901 44.636065296143855 55.08090169824677
51.819219947223395 44.636064558985 55.08089899724842
51.81922018024302 44.63606433127243 55.08089869759529
51.81922486640379 44.636063573732415 55.080895971236004
51.81922503962691 44.63606336245628 55.080895712217156
51.819229717747746 44.6360625987944 55.080892984127644
51.8192298211991 44.6360624059498 55.08089277187685
51.819234483462054 44.63606163655572 55.08089004585074
51.819234529692366 44.63606145900679 55.08088987211036
51.838616359202774 44.728482035381944 55.08879299499943
51.819239156637025 44.636060525328425 55.08088701985872
51.838629316059944 44.7285075003378 55.08879052270845
51.81924372506187 44.63605959311441 55.080884194749814
51.83864202632315 44.72853252982993 55.08878810139785
51.81924820000347 44.63605867931837 55.08088142688288
51.83865452856237 44.728557166744665 55.08878572107924
51.8386416786842 44.72852962498118 55.08878799030681
51.838666770807826 44.728581296253026 55.08878339065549
51.83865333929767 44.72855251136108 55.08878576287699
51.838678799911676 44.72860499891537 55.0887811002667
51.83866389593611 44.72857305490333 55.08878373226989
51.838690592611925 44.72862825197938 55.08877885618554
51.838674129461026 44.72859296078282 55.08878176310614
51.83870217583688 44.72865108900447 55.088776651727386
51.83868382586991 44.72861176148332 55.08877989247203
51.8387135039394 44.72867345004923 55.08877449797979
51.83869241016693 44.728628202554304 55.08877822014941
51.83872461833812 44.728695389804294 55.08877238490639
51.86947056422935 44.76155099329734 55.075634951168965
51.884469467226964 44.6388528496869 55.053711125223316
51.884475247608194 44.638851194953084 55.05370772935544
51.88448091531087 44.63884948867252 55.05370438713349
51.884486453121575 44.63884786397973 55.053701127870795
51.88449191388885 44.638845930212916 55.05369786427865
51.88449722685198 44.638844213031845 55.05369471361864
52.0273239292907 44.911519600216685 55.022734155409786
52.027473552686544 44.911659733209305 55.022679250265966
52.14392156767144 45.08100600674224 54.98574466392577
52.28945470898758 45.22161565118046 54.93675299826674
52.45755303590778 45.17675250115677 54.83105071574539
51.787937319397805 44.64008897574397 55.09163128774698
51.78793976514373 44.64008934708969 55.091630869486806
51.819188318570966 44.63607115338771 55.08091867758549
51.81919365271844 44.63607009703465 55.080915406679495
51.81919892309418 44.636069051050654 55.080912172927064
51.81920414043279 44.63606801443659 55.08090897071858
51.821778137467135 44.67471275965122 55.08529557501846
51.821784127002886 44.674719171885855 55.08529301406108
51.83858643278141 44.72842810665141 55.088799095581976
51.83860020164692 44.72845503984483 55.08879645815722
51.83861377157091 44.728481585878 55.08879385899846
51.838627133681946 44.728507746536216 55.0887913013335
51.838640271185476 44.72853349971571 55.08878878923767
51.83865319118924 44.72855883579372 55.08878631947063
51.83866585176739 44.728583709633675 55.088783903008135
51.838678278148876 44.72860815821384 55.088781534029565
51.83869042435194 44.728632071283336 55.088779219720976
51.83870234801243 44.728655543127076 55.088776947568284
51.83871401014673 44.72867852283867 55.08877472706325
51.838725448855534 44.72870106264413 55.08877254912656
51.838736629511054 44.72872311230826 55.088770421788745
51.86947854373504 44.76157401604792 55.07563445134174
51.86948302581506 44.76158658842856 55.075633857866706
51.869487417169665 44.76159890373118 55.07563327415125
51.86949172111667 44.761610971334406 55.07563269981876
51.86949592632135 44.761622759593266 55.075632136499955
51.82176516433422 44.674700363186375 55.08530098149866
51.82177140248633 44.67470703053424 55.08529831527994
51.83856871113168 44.72839869688847 55.088802909876264
51.83858304697269 44.728426697808715 55.088800160546654
51.838597176837155 44.728454275660766 55.088797449061886
51.83861110840331 44.72848146827654 55.0887947757731
51.85431586047724 43.73420429474394 54.87208327124111
51.85431586665331 43.7342042948792 54.872083277563966
51.854315867969405 43.73420429512101 54.87208328062461
51.85431587012523 43.734204295381836 54.87208328455006
51.854315866403326 43.7342042953617 54.87208328123354
51.854315870856944 43.73420429526408 54.872083284222946
51.854315875091714 43.73420429589803 54.87208329291212
51.85431588479186 43.73420429470028 54.872083291498534
51.85431587806842 43.73420429646703 54.87208330001238
51.85431588569226 43.73420429469653 54.87208329223154
51.85431588977356 43.73420429515692 54.872083299394326
51.85431588274457 43.7342042953792 54.872083295224854
51.854315901186524 43.7342042939669 54.8720832994947
51.85431589491609 43.7342042956671 54.87208330785722
51.85431590318752 43.73420429394018 54.8720833009758
51.85431590614985 43.73420429435781 54.87208330684624
51.85431589910729 43.73420429461316 54.87208330293117
51.85431591710439 43.73420429327098 54.87208330738811
51.8543159123855 43.7342042948303 54.8720833159324
51.854315920442154 43.73420429306827 54.872083308586525
51.854315923968514 43.7342042934988 54.872083315038765
51.85431591605112 43.73420429380137 54.872083310762136
51.85431593545158 43.73420429232799 54.87208331535302
51.85431593062202 43.73420429394812 54.872083324292625
51.85431593770281 43.73420429216372 54.87208331593978
51.854315942724455 43.73420429259228 54.87208332364358
51.85431593412514 43.734204292903 54.87208331885451
51.85431595386225 43.73420429107546 54.872083320881806
51.854315954996835 43.73420429124164 54.87208332318022
51.85431596204916 43.734204290541044 54.872083323521814
51.854315949375916 43.73420429302893 54.87208333279385
51.85431596199868 43.73420429164361 54.872083332348566
51.854315970268004 43.734204290002836 54.872083326158304
51.85431597284057 43.73420429031991 54.872083330889495
51.85431596445136 43.73420429074861 54.8720833272276
51.85431598198244 43.73420428938523 54.87208333111913
51.85431596797906 43.734204292086325 54.872083340978804
51.85431598116706 43.73420429066958 54.87208334075983
51.854315986897326 43.73420428893901 54.872083331695244
51.85431599286679 43.734204289304614 54.872083339695905
51.8543159831393 43.73420428972263 54.87208333481382
51.854316002285834 43.73420428773286 54.87208333503544
51.85431600419215 43.73420428796163 54.87208333849152
51.854316011052745 43.734204287251366 54.87208333859273
50.6817266918572 43.72010844481332 55.15076018746751
50.68176011263286 43.720105956838104 55.150749016961335
50.68179375668268 43.72010344591257 55.150737783285585
51.111269941393985 43.719833808754046 55.04922318337856
51.11211641077334 43.71984996095382 55.04902101991613
51.85431600026739 43.73420428967001 54.87208334890793
51.85431601238321 43.7342042882767 54.87208334796874
51.854316018320425 43.7342042865849 54.87208333939134
51.85431602318715 43.73420428693693 54.87208334634819
51.85431601385635 43.73420428740036 54.872083342167635
51.85431603333192 43.73420428534277 54.87208334212261
51.85431603533809 43.73420428555758 54.87208334555095
51.854316046637095 43.73420428392726 54.872083342012886
51.854316048700454 43.734204284134194 54.872083345426404
51.854316053839526 43.73420428329279 54.872083343013514
51.8543160552157 43.7342042834284 54.87208334527088
50.68169091546815 43.72011102240214 55.150772300539614
50.68172420656843 43.72010855554106 55.150761152628746
50.681757732194235 43.720106063146716 55.15074994094732
50.68179159975935 43.72010353676999 55.15073863041326
51.11123793130912 43.71983322778706 55.049231035100775
51.1120855879221 43.71984940467733 55.049028602190575
51.11293145558635 43.71986555058515 55.04882661838265
51.85431586548022 43.73420430356711 54.872083346459135
51.85431601877878 43.734204288662376 54.872083356491984
51.85431603080287 43.73420428725893 54.87208335539354
51.854316042147595 43.734204285887365 54.87208335397564
51.85431605275397 43.734204284552234 54.872083352225005
51.85431606598649 43.73420428312102 54.872083351927216
51.85431606383209 43.73420428292252 54.87208334850445
51.8543160724295 43.73420428241186 54.87208335168344
50.681688748370846 43.72011110126027 55.1507731741613
50.68172233768986 43.72010861312754 55.150761924892635
50.68175624427449 43.72010609174335 55.150750587020184
50.68179022454423 43.72010356037138 55.150739232670034
51.111213582275354 43.71983278918139 55.04923703062595
51.11206342914794 43.71984900976024 55.04903408773387
51.11291067258884 43.71986518379059 55.04883178830039
51.8543158669128 43.73420430419335 54.87208335271113
51.85431588362053 43.734204302703084 54.87208335488394
51.85431603637351 43.734204287659814 54.87208336334001
51.85431604835452 43.73420428624693 54.872083362128976
51.85431605988328 43.73420428485774 54.87208336072528
51.854316071055166 43.734204283489575 54.87208335918827
51.85431608318511 43.73420428208907 54.872083358203014
51.85431608100161 43.73420428189674 54.87208335480517
51.85431608954856 43.7342042813771 54.872083357869336
50.68165372776335 43.720113591012485 55.15078509177945
50.68168710888173 43.72011113458074 55.150773882769336
50.68172109880616 43.72010861616868 55.15076250042967
50.68175522816477 43.720106080468426 55.150751083991636
50.80753909756369 43.83209698141756 55.16853494858053
51.11119458590122 43.71983245019114 55.04924173029177
51.11204609204893 43.71984870482029 55.04903840765424
51.112894007340174 43.719864894014336 55.04883596399364
51.85431586834969 43.73420430481854 54.8720833589583
51.85431588515486 43.73420430331919 54.872083361140675
51.854315902166505 43.734204301809854 54.87208336341763
51.85431605328721 43.73420428665706 54.872083369609086
51.85431606533895 43.734204285232195 54.87208336836172
51.85431607719132 43.734204283820965 54.872083367055
51.854316088428334 43.73420428243973 54.87208336546807
51.85431609968058 43.73420428109976 54.87208336422588
50.681652009512945 43.72011362745425 55.1507858316764
50.68168601122704 43.72011112094118 55.150774422266494
50.68172028677286 43.72010858307436 55.150762941188134
50.6817546072765 43.720106036205664 55.15075145532045
50.80758302428203 43.83217923670633 55.16855780536292
51.111178246295495 43.71983216088467 55.04924578842671
51.11203100726172 43.71984844211741 55.04904218451814
51.11287814890137 43.71986461956467 55.0488399465186
51.85431586975733 43.73420430544227 54.87208336516895
51.85431588660826 43.73420430393316 54.87208336731156
51.8543159037698 43.734204302415854 54.872083369651506
51.85431592143196 43.7342043008841 54.87208337229965
51.85431605750837 43.73420428709439 54.87208337670502
51.85431606991758 43.73420428564195 54.87208337553873
51.85431608218013 43.734204284200445 54.8720833743361
51.854316094066625 43.73420428277827 54.87208337297032
51.85431610533098 43.73420428138628 54.872083371320024
51.85431610038208 43.73420428106092 54.872083364508114
51.854316114702364 43.73420428025452 54.87208337015861
50.68165082329222 43.72011361716595 55.15078640664467
50.681685081138795 43.720111094445 55.150774906448625
50.681719694805786 43.720108532463456 55.15076331044481
50.80758204383528 43.83220710173071 55.168572573706854
50.807628026906826 43.832263444455904 55.168581189966716
50.80767317142178 43.83231859793002 55.16858956588051
51.11201557836581 43.71984817343777 55.0490460476487
51.11286074841095 43.719864316710314 55.04884430440218
51.854315871031275 43.7342043060637 54.87208337124778
51.85431588790715 43.734204304544924 54.87208337333381
51.85431590530761 43.734204303021286 54.87208337582533
51.85431592320495 43.73420430148258 54.87208337861676
51.85431606129307 43.73420428754873 54.87208338356774
51.854316073933674 43.73420428607439 54.87208338242144
51.85431608651868 43.734204284607465 54.87208338128773
51.85431609870942 43.73420428315971 54.87208337997396
51.854316110456466 43.73420428173405 54.87208337846194
51.854316121452015 43.73420428034442 54.872083376602774
51.854316120658325 43.734204280286086 54.87208337546077
51.85431612164156 43.734204280315936 54.872083376534256
50.681649726546254 43.72011360177636 55.150786948883706
50.68168433009997 43.720111054653536 55.15077533072423
50.807580322914326 43.83223406662076 55.1685872069864
50.80762763219006 43.832292457606115 55.16859628948474
50.807673957210554 43.83234937731118 55.168605051091646
50.80771957870423 43.832405540029804 55.168613734906124
51.111997491393126 43.71984785566816 55.04905055690847
51.11284121245641 43.719863974266886 55.04884918033268
51.854315872108074 43.73420430667749 54.872083377098114
51.854315889086735 43.734204305151145 54.87208337921034
51.854315906738194 43.73420430362251 54.872083381874425
51.85431592503164 43.734204302078346 54.872083384957634
51.854316051767405 43.73420428951736 54.872083391330435
51.85431606459768 43.734204288016684 54.87208339013307
51.85431607755059 43.73420428651914 54.87208338906491
51.8543160903256 43.7342042850327 54.87208338793518
51.8543161027731 43.73420428356254 54.87208338665876
51.85431611472959 43.73420428211558 54.872083385152905
51.85431612583483 43.73420428070786 54.872083383241225
51.85431612736391 43.73420428050728 54.872083382923705
50.68164888835338 43.720113565367924 55.15078740791069
50.80757750376125 43.83225930728422 55.16860143973936
50.80762642925251 43.83232031973201 55.16861115488446
50.807674057601474 43.83237919389167 55.168620344607426
50.807720784729554 43.83243687712561 55.16862932087848
50.807766876354975 43.832494093294954 55.1686383383665
50.80781243672857 43.83255122204537 55.16864754619013
51.11283568185015 43.71986387661581 55.048850555814965
50.80781696605868 43.8325568682345 55.16864844449783
51.85431587219952 43.734204306727364 54.87208337757684
51.854315889661976 43.734204305453055 54.87208338212663
51.8543159082051 43.73420430422209 54.872083387940975
51.8543158974681 43.73420430513309 54.87208338616895
51.85431592690735 43.73420430267328 54.872083391333376
51.85431605474359 43.73420429000723 54.872083397793794
51.85431606768612 43.734204288490005 54.87208339655844
51.854316080777956 43.73420428697566 54.87208339547279
51.85431609371604 43.73420428547159 54.872083394339484
51.85431610623418 43.73420428398677 54.87208339300507
51.85431611827842 43.734204282524416 54.87208339144972
51.854316127883095 43.73420428093905 54.87208338683707
51.85431612818029 43.734204281257675 54.87208338965213
50.80757343125594 43.83228261286756 55.16861523220699
50.80762388853911 43.83234586260151 55.1686254197676
50.807673022348474 43.832407024943095 55.16863511975036
50.80772097018216 43.83246636834886 55.168644409350904
50.807768109639596 43.83252484535078 55.16865361131393
50.80781444266879 43.83258249778095 55.16866274629555
50.80782263594682 43.83257023656543 55.16865280997936
50.80784903393017 43.83262621356079 55.168669912834986
51.854315910210836 43.73420430482747 54.87208339451101
51.85431590306642 43.734204305424264 54.87208339325633
51.854315929353696 43.73420430327165 54.872083398220454
51.854316057495694 43.73420429050121 54.872083404100295
51.85431607063511 43.734204288965664 54.872083402884364
51.85431608377695 43.73420428743752 54.87208340173016
51.85431609671639 43.73420428592164 54.87208340050293
51.854316109181305 43.73420428442712 54.87208339904535
51.85431612104324 43.73420428296011 54.872083397298084
51.8543161245519 43.7342042825126 54.872083396672
50.80767077648974 43.83243286192169 55.16864940532791
50.80772030044183 43.83249460688271 55.16865923221253
50.807768497635934 43.832554228083225 55.168668554265736
50.807815805886946 43.83261283254226 55.1686777470312
50.8078623080895 43.832670687769564 55.16868691140275
50.80790800679135 43.832727872022325 55.16869608650832
50.80790401851269 43.832720615201765 55.16869412002847
50.80790959433496 43.83272991347009 55.16869643348856
51.854315913001074 43.73420430544607 54.87208340185222
51.854315900371155 43.73420430648943 54.872083399540635
51.85431593224398 43.73420430387561 54.87208340552871
51.85431604670805 43.734204292560385 54.87208341152177
51.85431606010083 43.734204290996516 54.87208341029278
51.85431607343749 43.73420428944322 54.872083409101286
51.854316086557986 43.734204287903495 54.872083407835824
51.85431609930842 43.73420428638188 54.872083406402254
51.854316111614786 43.73420428488162 54.87208340476414
51.854316121916895 43.73420428313208 54.87208339942197
51.85431611721994 43.73420428417925 54.87208340386482
50.80776801702744 43.832582335418195 55.16868322586593
50.80781651684796 43.832642331493524 55.168692606718025
50.80786378939226 43.83270042663841 55.16870155330201
50.80791029101805 43.83275789714207 55.168710520022884
50.80795577768312 43.832814061357226 55.1687192643262
50.808000149771146 43.83286855606844 55.16872764349246
50.80799083342996 43.83285194859535 55.16872322686643
51.85431587985606 43.7342043092277 54.8720834041802
51.85431587943645 43.734204309137006 54.872083403094976
51.85431589776039 43.73420430765356 54.87208340669254
51.85431589562308 43.73420430725254 54.87208340165505
51.85431591650111 43.734204306080926 54.872083409925864
51.85431593553977 43.73420430448706 54.87208341324097
51.85431604892598 43.73420429307414 54.872083417534554
51.85431606246564 43.73420429149455 54.87208341630357
51.85431607586341 43.734204289927725 54.87208341505509
51.854316088883934 43.734204288379146 54.87208341363363
51.854316101476016 43.73420428685121 54.87208341201494
51.85431611250486 43.734204285104916 54.87208340731484
51.85431610749516 43.73420428609883 54.87208341106421
50.807864926544184 43.83273021434623 55.168716372757686
50.80791227161908 43.83278798311642 55.168725119325245
50.807958591324116 43.8328443613836 55.1687336047648
50.80800392480444 43.832899441633124 55.16874185931353
50.808048071518776 43.83295245697867 55.168749577301284
51.85431588371743 43.73420430993873 54.87208341317294
51.85431590195128 43.734204308339095 54.87208341575942
51.85431592051136 43.73420430673169 54.872083418559924
51.85431603683185 43.73420429520072 54.87208342439095
51.85431605078925 43.73420429359085 54.87208342327049
51.85431606453549 43.734204291995425 54.8720834220873
51.85431607789906 43.734204290418 54.87208342072441
51.85431609073778 43.73420428886314 54.87208341909836
51.85431610233678 43.73420428710361 54.87208341477499
51.85431609753315 43.73420428802321 54.872083418101184
50.808007721086625 43.832931266242795 55.16875654877812
50.80805294300414 43.83298513171354 55.168764227845074
50.808097160598365 43.833037413820286 55.16877153725213
51.550489014686804 43.847207971723414 54.99320806389886
51.85431602401296 43.73420429736825 54.872083430962505
51.85431603838808 43.73420429572939 54.87208342996283
51.85431605250422 43.734204294105695 54.87208342886567
51.85431606627995 43.73420429249861 54.872083427613646
51.85431607953135 43.73420429091281 54.87208342608841
51.85431609148616 43.73420428913232 54.87208342189811
51.854316086919596 43.73420428999711 54.872083424984204
51.85431601061415 43.734204299572134 54.872083437334865
51.854316025449386 43.73420429790487 54.87208343649669
51.85431603987658 43.73420429625389 54.87208343544383
51.85431605400089 43.734204294619005 54.872083434263615
51.854316067687535 43.73420429300287 54.87208343286319
51.85431608026954 43.73420429123453 54.87208342930222
51.85431607645448 43.734204291931086 54.87208343167197
51.85431599690723 43.73420430181101 54.872083443727625
51.85431601200831 43.734204300116176 54.87208344289301
51.85431602683855 43.73420429843691 54.87208344195412
51.85431604131971 43.73420429677384 54.87208344084972
51.854316055338955 43.73420429512921 54.872083439501985
51.8543160685308 43.734204293394306 54.8720834367268
51.85431606614431 43.73420429382496 54.87208343816843
51.85431599829274 43.734204302363615 54.8720834493474
51.854316013437824 43.734204300655584 54.87208344844397
51.854316028372054 43.73420429896329 54.87208344748832
51.85431604275962 43.734204297288755 54.87208344621233
51.85431605660463 43.73420429563466 54.87208344464081
51.85431605807685 43.734204295456585 54.872083444456166
51.85431598385441 43.734204304646966 54.872083455478005
51.85431599957454 43.734204302911586 54.87208345484195
51.85431601494666 43.73420430119065 54.87208345402712
51.85431602990393 43.734204299485235 54.87208345298554
51.85431604417541 43.73420429779884 54.872083451515664
51.85431605683695 43.73420429572358 54.872083445553045
51.85431605161998 43.73420429689824 54.87208345058073
51.85431596825066 43.73420430695932 54.87208346085416
51.85431598471268 43.734204305199604 54.87208346065114
51.85431600078946 43.73420430345475 54.87208346024114
51.85431601630877 43.73420430172135 54.87208345945083
51.854316031285954 43.73420430000314 54.87208345832319
51.854316045456294 43.73420429830472 54.872083456670865
51.85431604627567 43.734204298205036 54.87208345656346
51.85431595184101 43.734204309284216 54.872083465648146
51.85431596880855 43.73420430751345 54.87208346578467
51.85431598555698 43.73420430574683 54.87208346576884
51.8543160018349 43.73420430399207 54.87208346544965
51.85431601751968 43.73420430224709 54.87208346470652
51.85431603246872 43.734204300516474 54.872083463455155
51.85431604560476 43.73420429836796 54.87208345730548
51.854316040937206 43.73420429949425 54.87208346240968
51.36239060875294 43.94069323431996 55.06371418032599
51.85431595243129 43.73420430984492 54.87208347065898
51.854315969499154 43.7342043080646 54.87208347080377
51.85431598636849 43.73420430628841 54.87208347081346
51.85431600274925 43.73420430452321 54.87208347049743
51.85431601847126 43.7342043027668 54.872083469693706
51.8543160334275 43.734204301024455 54.872083468354276
51.854316035532136 43.73420430077273 54.87208346811312
51.047673715390665 44.132687443503315 55.22523471637841
51.36264797536339 43.94059860900217 55.063612883640985
51.854315970268914 43.73420430861244 54.872083475863256
51.85431598712768 43.734204306824026 54.872083475765606
51.85431600348755 43.7342043050472 54.87208347533843
51.85431601924113 43.73420430327988 54.87208347447378
51.85431603359811 43.734204301151124 54.8720834695178
51.854316027623604 43.73420430229257 54.872083473636195
51.04761582276133 44.13274678124557 55.225283589827335
51.04771121944735 44.132699575282466 55.22522752311764
51.668427203106276 43.82737157046508 54.942534405987686
51.85431598793406 43.734204307355284 54.872083480722864
51.8543160041926 43.734204305565136 54.87208348010252
51.85431601960795 43.734204303734906 54.8720834784451
51.85431601862675 43.7342043039022 54.87208347895928
51.047559405222344 44.132805342256745 55.22533157369081
51.04765514400707 44.13275783867701 55.225275243831604
51.352941867454454 44.019640968408396 55.10523232911886
51.854315988870255 43.73420430788414 54.87208348577064
51.85431600503246 43.73420430607931 54.87208348495061
51.854316014142455 43.73420430502583 54.87208348419738
51.04750412290588 44.13286340853926 55.2253789227868
51.047601049353894 44.132814985992006 55.225321734637454
51.352628393192695 44.01983258679118 55.10539369460511
51.66841085167374 43.82737970413571 54.94254049759532
51.85431600609567 43.73420430659172 54.87208348997382
51.8543160128697 43.73420430580122 54.87208348935626
51.047448132431654 44.13292235477209 55.225426944280485
51.047545349503466 44.13287364625005 55.22536951654328
51.04764232454387 44.132824607224755 55.225312013201645
51.35279704514278 44.01973475082758 55.105313577731124
51.85431600743067 43.734204307104115 54.872083495227294
51.85431601553134 43.734204306154325 54.87208349445277
51.04739056056527 44.13298281298039 55.22547624811455
51.04748930047316 44.132932904235034 55.22541770926581
51.04758804676368 44.13288249528783 55.225358926183986
51.35248896932223 44.01992308644236 55.10547218615254
51.352966976717624 44.019636087494675 55.10523274458454
51.854316021439644 43.734204306152236 54.87208349944369
51.04733334974284 44.133043372979095 55.22552547544329
51.047433356560305 44.13299244194921 55.225466000715066
51.04753374858461 44.13294074925584 55.2254060233052
51.04763294261784 44.13288949419125 55.22534667489921
51.35267321077933 44.01981563488595 55.10538393455889
51.85431602654916 43.73420430627489 54.87208350476118
51.8543160254268 43.73420430598185 54.87208350145252
51.85431603115377 43.734204305730394 54.87208350428378
51.047275322628465 44.13310489035652 55.225575450295345
51.04737690950759 44.13305269984801 55.225514815854346
51.047479419130006 44.13299938675223 55.22545331688036
51.04758009714467 44.13294695592596 55.2253928827313
51.352372476014196 44.01999948768628 55.10553876989508
51.35286013028731 44.019706518580335 55.105294269059534
51.854316040134165 43.734204305354616 54.87208350887245
51.04731953450923 44.133113974593655 55.2255644461788
51.047423257885654 44.13305965821229 55.22550203903194
51.047526482804855 44.13300530717286 55.22543978873264
51.3520632044964 44.02018861686636 55.10569807368773
51.35256030479852 44.01988983801138 55.10544866494038
51.54083909954984 43.926229384774885 55.03480624659663
51.854316044765866 43.73420430520135 54.8720835115653
51.8543160476526 43.734204305102594 54.87208351321753
50.945886337678076 44.22155522515584 55.2923879870625
51.04736768763985 44.13311988418382 55.22555053332631
51.04747149725098 44.13306494909718 55.2254877967985
51.04757394697961 44.1330105080263 55.22542577294382
51.35225522170228 44.020076411005896 55.10560581788619
51.35274153053548 44.01978422417574 55.105361958458516
51.54075104427507 43.92628307818114 55.034851550205836
50.9458859582553 44.221597258471355 55.2924062678805
50.945890452109666 44.22159766156605 55.292402813989376
51.06362280266329 44.20174749095139 55.24179379412932
51.06371557960837 44.20167346093866 55.24172813086306
51.35194054276588 44.020268910570394 55.10576798803599
51.35243559737649 44.01997133974075 55.105519578235864
51.54054364302557 43.92640954497168 55.03495825676716
50.94589013667692 44.22163972512545 55.29242105610449
51.0635437528884 44.20181123738451 55.24184929557129
51.06363772021949 44.20173625742517 55.241782789868026
51.063729870817305 44.20166272816669 55.24171756925553
51.352128768228354 44.020159028966475 55.105677692330644
51.35261554917733 44.01986648320131 55.10543350022361
51.540483457561336 43.92644624420393 55.03498922170089
51.54040831476118 43.92649206396291 55.0350278820344
50.945889845853486 44.221682363605325 55.292439524213805
51.06346430514416 44.20187531300629 55.241905070924346
51.063558897296474 44.20179983878933 55.2418381201295
51.06365300486361 44.20172474130524 55.24177151892236
51.06374432277083 44.20165187795857 55.2417068866648
51.35231463655752 44.020050550717954 55.105588562205625
51.64835558370706 43.96849220764447 55.02732511009167
51.06338417086265 44.20193995065757 55.24196132270275
51.06347990107188 44.20186356850853 55.24189356633424
51.06357505329554 44.20178763776002 55.241826225564495
51.063668785425975 44.20171283748076 55.24175989165319
51.352015879351704 44.02023331042226 55.105742527062645
51.64830533113039 43.96855419424846 55.02736450045861
51.648462600868726 43.96847235517832 55.02728990938332
51.6485283732927 43.96846310201874 55.02726955487299
50.97699833670045 44.27201899986288 55.29264290218502
51.063401168133645 44.2019270951949 55.24194882149707
51.063497278273445 44.20185040105817 55.24188080211381
51.06359265855387 44.201774280934096 55.24181330486792
51.34609947296266 44.19989778720893 55.14411591680093
51.642160100194616 44.14848857790806 55.06584879970685
51.64295066395945 44.14826067599995 55.06553127910101
50.97700200450046 44.272017046629166 55.292639261665144
51.06341935418516 44.20191329383812 55.24193547714381
51.06351626065088 44.20183595208498 55.24186690228743
51.24464261056202 44.28839991224626 55.210969175146175
51.55213175488143 44.318287113276135 55.11621965513904
51.6428639654912 44.148348526318415 55.06556685314387
51.64304526734789 44.14824783121301 55.06549345551297
51.97641616044889 44.16796419683291 54.945490034591074
51.008254837515224 44.36660284063963 55.309665516783234
51.00828773108354 44.36663525653209 55.30965551340755
51.24464453653667 44.28840053828186 55.210969543777566
51.5521678439372 44.31829275612335 55.11620804833973
51.55287616357258 44.3183054579425 55.11594159244696
51.97634714887367 44.16808391598463 54.94552637814456
51.976377973604954 44.16803406016848 54.94551092571328
51.97636071737057 44.1680652773739 54.945520289946344
51.00828334667517 44.366640179362946 55.30966134452292
51.00831608935901 44.36667239772818 55.309651363271556
51.244646705898944 44.28840116018791 55.21096982410377
51.55220210129009 44.318298478960884 55.116197175068876
51.552917880532036 44.318311263862704 55.11592789303998
51.90886636532345 44.246416756067205 54.967596893650025
51.97629763397437 44.16817712338245 54.945554031833
51.008345130758386 44.3667103173564 55.30964705659069
51.55149896209471 44.3182911946175 55.11646378101683
51.55223509743972 44.318304281307555 55.116186816493524
51.55295678443501 44.3183171320837 55.11591529629126
51.90885190716297 44.24646284024551 54.96761178265206
51.90886314039804 44.246449640243355 54.967606049562754
51.97627314020518 44.16822066592234 54.94556715790631
51.90886701037727 44.2464451595173 54.967604091696955
51.31530354712859 44.39664807958807 55.215103838931626
51.552270189589855 44.31831019238285 55.11617569748689
51.55299412909856 44.31832306875722 55.115903324101765
51.840617198207326 44.42790052930576 55.030966552452206
51.84062651790254 44.42788547381916 55.03096030135024
51.84063364678412 44.4278745424067 55.030955680086876
51.31532523125327 44.39667286388065 55.21509667244361
51.53107547087759 44.439965891319154 55.154350816639536
51.840586559334675 44.4280019715826 55.03100134547478
51.8405965778672 44.42798489945481 55.030994382251194
51.84060629170621 44.42796851710604 55.03098767756385
51.84061548170685 44.42795349011874 55.03098146382422
51.84062784209223 44.427902493747226 55.03096466602037
51.840618235107115 44.4279491056945 55.030979634429706
51.531228435541294 44.44004576953425 55.15430998586012
51.840565405395026 44.428088333878065 55.03102984303308
51.84057561103898 44.42807060043454 55.031022655866096
51.84058564771231 44.42805311710747 55.031015575770695
51.84059519678597 44.428036858450106 55.031008942534825
51.840601509834755 44.428026429596855 55.0310046449317
51.8368522527326 44.551919296502675 55.06330921466099
51.83686267372137 44.551898281364636 55.06330111558624
51.836872992935334 44.551877444527776 55.063293090075376
51.836882949805286 44.55185740692349 55.063285360251356
51.836892510681565 44.551838243032904 55.063277953626795
51.83690212880805 44.55181439691027 55.06326956433166
51.836894403499045 44.55183448881434 55.06327649546583
51.836828057518694 44.551979105067716 55.06333028199954
51.83683854214475 44.551957961057454 55.06332213335563
51.83684908590747 44.551936605842556 55.0633139198619
51.836859452837714 44.551915605333505 55.06330584341056
51.83686936681434 44.551895611971176 55.06329813824159
51.836875953395804 44.55188240805329 55.06329303539078
51.83681420555594 44.55201817732029 55.06334333575525
51.83682486933222 44.55199655153609 55.063335023123585
51.83683547324689 44.55197499822775 55.06332674710508
51.83684587083329 44.551953865630594 55.06331863239295
51.8368557953945 44.55193377955448 55.063310904336134
51.8368664569744 44.55190731284228 55.06330159800562
51.83685824974799 44.551928837527846 55.063308998373515
51.836800421720525 44.55205709597574 55.06335633323298
51.8368113011071 44.55203489765948 55.06334782473712
51.836822051930156 44.552012934627 55.063339411233144
51.836832426362434 44.55199178836585 55.06333130211669
51.836840933486755 44.55197450242958 55.06332466370165
51.836775695781164 44.55211835304423 55.063377890747816
51.83678673329017 44.55209578377667 55.06336924866213
51.836797801281655 44.55207307321152 55.063360566486736
51.83680869720413 44.55205069953796 55.063352015965386
51.83681917947496 44.55202922440876 55.06334380015278
51.83683730720247 44.551984163210726 55.06332796436119
51.8368244217136 44.55201851469741 55.06333969756814
51.83676193295196 44.55215727205287 55.06339088067482
51.836773184643164 44.55213412377339 55.06338204191202
51.836784490796575 44.552110782905444 55.0633731438202
51.83679549271265 44.55208808505756 55.06336448823649
51.83680612319131 44.55206618275647 55.063356130882454
51.83681360611634 44.552047559885565 55.06334958950147
51.83680858190276 44.55206112712594 55.063354200000106
51.836736810775335 44.55221957219394 55.06341279626977
51.83674834144557 44.55219575972644 55.06340371981661
51.836759901228916 44.55217181389228 55.06339460539995
51.836771350058925 44.55214806278347 55.06338557125223
51.836782531149524 44.55212486785847 55.06337674852814
51.836793417067966 44.552102289983495 55.0633681596872
51.83679523360202 44.552097762954716 55.06336657044761
51.836794173450045 44.55210072338797 55.06336756335874
51.83672326858094 44.55225798943143 55.06342560304594
51.83673507031585 44.552233461568996 55.06341628125487
51.83674689103853 44.55220883043629 55.063406931357704
51.836758548729165 44.55218451563638 55.06339770561153
51.83676999084847 44.55216063679133 55.06338864765768
51.83678114410765 44.552137359785945 55.06337981817156
51.83678278111941 44.552133274582516 55.06337838484792
51.83678206028521 44.55213544839732 55.06337909301995
51.787931918099815 44.64008786720622 55.091630671043546
51.836722193529056 44.55227020795408 55.06342850329969
51.83673423626597 44.55224498336238 55.06341895091518
51.83674612849626 44.552220047768415 55.06340951252055
51.83675792212911 44.5521952861088 55.063400145639626
51.83676947159713 44.55217102598046 55.06339097039945
51.83677717670002 44.55215176353518 55.063384216998045
51.83677584807492 44.5521576344885 55.063385905262066
52.18246105416273 43.96662211252479 54.817091663048444
52.182461231276775 43.96662063186549 54.817091920978534
52.182459157555215 43.96662215055161 54.81709326768951
52.18246528045549 43.966622173411444 54.817088047155536
52.18246573913026 43.966618256046814 54.81708873800112
52.182469320872315 43.96662245998539 54.817084527248895
52.18246983881863 43.96661782592501 54.81708536547432
52.182473098932846 43.96662302744002 54.81708115322167
52.182473453417835 43.96661965939911 54.81708178114518
52.31024859569982 44.33735788201167 54.805339490857605
51.78793278292841 44.640088046873835 55.09163078139794
51.787935095389116 44.64008839678099 55.09163037951542
51.8191929940223 44.63606870564094 55.080914496629674
51.819198011592434 44.63606771976602 55.08091142657041
51.81920296467513 44.6360667446208 55.08090839429262
51.83674638716735 44.55222868858958 55.06341119377433
51.836758287583095 44.552203556789436 55.06340171210155
51.8367754773344 44.55216051198516 55.063386630944144
51.8367700630413 44.55217866304757 55.063392324682
51.83677955570631 44.55215485343467 55.06338398841784
51.836781493108454 44.55215449457574 55.063383211602456
51.8367834271176 44.55214964104106 55.06338151265483
51.83678433170356 44.55214848966368 55.063380947842745
51.97311831945881 44.29101702206158 54.9775239940871
51.97311952459376 44.29101441017036 54.97752320371338
51.9731136112565 44.29102708643491 54.97752703379635
51.97317970085368 44.290885943036066 54.977484410283196
51.973196158891724 44.29085026646952 54.97747361404991
52.07577386109605 44.09657176141621 54.89270180882485
52.075791116218696 44.096539735867694 54.89269194543353
52.07581195593287 44.09650767750685 54.89267759606899
52.07583846037669 44.09645844905435 54.89266245887515
52.07584913017219 44.096445185579256 54.89265395248561
52.07588468119904 44.09637912173109 54.8926336606084
52.143864513998935 44.470980192861454 54.917497823000275
52.07592978622229 44.09630174025114 54.89260554619976
52.218376558840546 44.36866677210386 54.861778098169566
52.3461635994843 44.73948591469607 54.85004091548711
52.34621775254812 44.739695147163445 54.850032452377135
52.34627074155267 44.73990264556717 54.85002449181914
52.346322453018374 44.74010890321652 54.85001715965281
52.310267206258054 44.337431940758606 54.80533809664802
52.346372358394824 44.740315103492264 54.850010912715746
52.346264728924396 44.739752990890416 54.85001076357188
52.40435713130613 44.73275744631828 54.81170235698113
52.404348220677946 44.73272262606254 54.811703797281105
52.40438916787525 44.73288263976042 54.8116971767968
51.78793599600253 44.64008858180891 55.09163048336002
51.8191919962898 44.63606919834969 55.08091536325006
51.819197061612016 44.6360681998607 55.08091226118303
51.819202083597176 44.636067210494915 55.080909186157356
51.81920702977337 44.63606623252894 55.08090615449828
51.81921192014495 44.636065264038436 55.08090315569806
51.81921673878516 44.636064306611644 55.08090019817107
51.8192214675214 44.63606336258764 55.080897291973095
51.819226125167226 44.636062429997054 55.080894427084104
51.836787499731656 44.55214385801822 55.06337884664708
51.836782729191164 44.55216032148328 55.06338396007227
51.83679251187097 44.55213566575126 55.06337534473779
51.836794013723264 44.552136309761195 55.06337493201005
51.83679883128795 44.5521241454992 55.06337068472621
51.83680522005647 44.552112439021826 55.06336596128938
51.836806641597676 44.55210883602575 55.06336470522336
51.83681072444101 44.552100707988146 55.063361553755314
51.83683865978446 44.55204105444866 55.063339160952154
51.836838856070884 44.552040541643684 55.063338984370745
51.836836759599194 44.552045118302736 55.06334068539694
51.83684968541702 44.55201747108269 55.06333031484523
51.836851512870105 44.55201281540301 55.063328695213684
51.83686070771671 44.55199387089178 55.06332146649139
51.836864714650716 44.55198363787741 55.06331791013538
51.83687133158676 44.551971112589754 55.063312935683115
51.83687690297219 44.551956890542044 55.0633079920927
51.836881852091025 44.55194855586997 55.06330448379889
51.83688899266434 44.55193029552049 55.06329814113367
51.83689199982325 44.551926786165296 55.06329632887595
51.83690020113693 44.55190580313901 55.063289041929586
51.836901977460926 44.551905364003744 55.063288307078714
51.8369109056201 44.55188247479838 55.06328036476053
51.86507360003178 44.54600224119537 55.045747318728175
51.86507988335231 44.545978639577534 55.045740898698384
51.86507749292723 44.54598942079333 55.04574329845181
51.97254326980816 44.29224654150082 54.9778953535476
51.972534685746865 44.2922674335842 54.97790177107049
51.97261709283093 44.29208875463227 54.97784769851194
51.97260493516352 44.292117364214526 54.977856450244715
51.97268588282308 44.291941854499754 54.97780333697574
51.97267368202478 44.291970521654534 54.97781210463225
51.97275328159832 44.29179793799779 54.977759876987164
51.972740913792435 44.291826931732345 54.97776874199265
51.972819283905395 44.29165701559211 54.97771732167503
51.97280728076733 44.29168517903039 54.977725933761064
51.972887703607675 44.29151081457843 54.97767316738171
51.97287337292954 44.29154398256022 54.97768329220587
51.972961823018956 44.29135221798982 54.977625260337376
51.972938095130004 44.29140572427991 54.977641538473776
51.973034286386635 44.29119718012846 54.97757842891576
51.97300225517975 44.29126864952191 54.97760014142939
51.973065657271306 44.291133184925116 54.9775592302707
52.143743501939255 44.471354100083744 54.917578695361605
52.14383050082684 44.47149029776838 54.91755714156194
52.143915934244646 44.47162434108408 54.91753600237945
52.34624594796668 44.74007621665622 54.85005961904168
52.346300635941105 44.740283077946636 54.85005055743855
52.40460526748856 44.733727091097734 54.81166224991314
52.40466293021165 44.73395242942999 54.81165292487513
52.40453935835899 44.73346954634698 54.81167289812052
52.40469163390463 44.73406459951249 54.8116482830942
52.404559902219255 44.733549828326396 54.81166957621752
51.819196157545875 44.63606867667515 55.080913072659456
51.81920122062921 44.6360676752076 55.08090996901079
51.81920622978787 44.63606668342811 55.08090689757318
51.819211184151015 44.636065700965545 55.08090385841133
51.81921607429254 44.63606472859207 55.08090085636027
51.819220886980915 44.63606376787406 55.08089789862363
51.81922562005049 44.6360628193377 55.0808949866134
51.8192302641058 44.63606188442114 55.080892125726095
51.81923482469303 44.63606096271801 55.080889313158266
51.81923933082933 44.63606005050479 55.08088653286313
51.81924378099425 44.63605914786716 55.08088378558706
51.836814775371984 44.55209263768823 55.063358425729774
51.83680789684074 44.55211464050011 55.06336544213122
51.836825977809276 44.552068716275905 55.06334944601295
51.83681930479325 44.552090191248105 55.06335627939512
51.83683064588968 44.55206586356637 55.063347165896246
51.83684178388288 44.55204195182234 55.06333821155273
51.836852754240454 44.5520183802733 55.06332938793297
51.836863518927345 44.5519952314965 55.063320725804374
51.8368740323584 44.551972604368935 55.06331226202281
51.83688433301232 44.55195041668595 55.06330396573645
51.884460525118044 44.63857585080946 55.053674510832025
51.88446632424352 44.63857709469017 55.05367153886276
51.884472010524576 44.638578339662246 55.053668628513066
51.884477534493904 44.63858008899959 55.05366588209539
51.88448294694584 44.63858176875145 55.05366318598975
51.972615865640506 44.29209810466115 54.97785080702614
51.97268368325242 44.29195320358246 54.977807045893215
51.97275146053966 44.29180834743359 54.9777632965845
51.97281839475257 44.291665284754394 54.97772008858314
51.97288417888251 44.291524683302086 54.97767762405557
52.14379490170476 44.47202919389141 54.91761967825652
52.457525536065106 45.17675501085459 54.83106809036064
52.45751799674077 45.17675572547397 54.83107287193559
51.819205499125545 44.63606712870851 55.08090760514099
51.819210510002364 44.6360661325757 55.08090452918494
51.81921546548001 44.636065145683276 55.08090148570547
51.81922035436577 44.63606416909912 55.08089848057421
51.819225176659096 44.63606320291301 55.080895513868924
51.81922992026771 44.636062248704945 55.08089259230117
51.81923457938687 44.636061307468864 55.08088971929609
51.81923916071201 44.63606037859631 55.080886891367506
51.81924368616832 44.636059459261574 55.08088409638001
51.81924813877397 44.63605855175567 55.080881343821325
51.81925253894437 44.63605765261063 55.08087862166916
51.81925686125758 44.636056766801225 55.08087594546073
51.838655776701884 44.72855563459133 55.08878516465337
51.83866766498121 44.72857909165417 55.088782903624704
51.83867932862317 44.72860212236197 55.08878068666806
51.838690812536186 44.728624775555026 55.08877850206618
51.854316055061524 43.73420428343466 54.872083345190546
51.854316063595206 43.734204282932225 54.87208334838169
51.85431607139947 43.73420428245434 54.87208335115217
51.85431607867849 43.734204281841905 54.872083352395
51.854316091170844 43.734204280838775 54.87208335491371
51.85431609162111 43.734204280848324 54.87208335537221
51.854316086440946 43.73420428135982 54.872083355096315
51.85431609400284 43.73420428031169 54.87208335307396
51.85431610005432 43.73420428104856 54.87208336413086
51.85431610051789 43.73420427964567 54.872083353238246
51.85431610814221 43.7342042798143 54.87208336105704
51.85431609889173 43.73420428033157 54.87208335737764
51.854316115275665 43.73420427850204 54.872083356546845
51.85431611626915 43.73420427859142 54.872083358107915
51.854316122250665 43.734204277897966 54.87208335759928
51.85431611663391 43.73420427999845 54.87208336973579
51.85431612445249 43.73420427876808 54.872083366465176
51.854316130323824 43.7342042773746 54.8720833602317
51.854316132465 43.734204277542574 54.87208336339783
51.85431612517925 43.73420427803327 54.87208336116992
51.964236263433406 43.77600275704079 54.86442303556211
51.96424856475805 43.776007513925194 54.86442209623442
51.96427226116025 43.77601667433897 54.86442027988154
51.96428052193697 43.77601986874622 54.86441964906661
51.85431613100323 43.734204279023075 54.87208337406871
51.9642098571295 43.775992551721835 54.86442506596245
51.964273541869005 43.77601717247455 54.86442018893159
51.964305723461706 43.77602961404886 54.86441772456401
51.854316135899495 43.734204279350394 54.87208338085178
51.96423566333368 43.77600253090916 54.86442309542163
51.96429978200348 43.776027319391396 54.864418185090074
51.96436138457555 43.77605113518717 54.86441346755264
51.11282008299139 43.71986360236659 55.04885444342514
51.854315873269805 43.734204307291215 54.872083383019856
51.85431589028075 43.73420430575509 54.87208338508077
51.85431612931636 43.73420428110681 54.872083389401496
51.85431613987363 43.73420427971638 54.87208338716435
51.964261464932605 43.776012508277134 54.864421125141206
51.964326382761875 43.77603760572968 54.8644161536386
51.964389914191486 43.776062167158216 54.86441128822038
51.964376671385274 43.77605704628024 54.864412299615864
51.964391278608396 43.776062694643194 54.8644111837237
50.80786037869371 43.83264058913008 55.16867228290522
51.11282338760747 43.71986368625015 55.04885379841941
51.85431587497348 43.73420430791905 54.872083389514415
51.85431589210758 43.73420430637022 54.87208339157757
51.854316132238274 43.73420428152514 54.872083395243266
51.96422065920686 43.77599673496259 54.86442425559268
51.96428742402617 43.77602254651166 54.86441914274892
51.96435293713895 43.776047874104925 54.8644141256636
51.96441679565245 43.77607256196206 54.864409235142
51.96442501238279 43.776075738566526 54.864408605865975
50.80795234262949 43.832782652091566 55.168704628521915
51.85431587705401 43.734204308559846 54.87208339643273
51.854315894420566 43.73420430699751 54.87208339858415
51.85431612327851 43.73420428341088 54.87208340281889
51.85431613482326 43.734204281952636 54.872083400873166
51.96424636335908 43.77600667461816 54.864422292682065
51.964313560782 43.77603265341167 54.86441714670514
51.96437951018808 43.7760581496712 54.86441209619315
51.964443786538524 43.776082999054445 54.86440717364678
51.9644493916593 43.77608516600347 54.864406744375565
51.85431611341984 43.73420428535198 54.87208341007788
51.85431612545372 43.734204283858965 54.872083408267116
51.96420380298269 43.77599022289666 54.86442555738154
51.9642723521599 43.77601672430823 54.86442030794514
51.9643398667717 43.77604282571767 54.86441513765288
51.964406111397125 43.77606843609614 54.86441006449972
51.96445213013557 43.776086225432124 54.864406536375206
51.964457040170984 43.77608812526148 54.86440616413125
51.85431610308625 43.734204287331764 54.872083417245534
51.85431611542121 43.734204285810776 54.87208341546493
51.854316127762814 43.73420428429784 54.87208341375474
51.964229802946434 43.77600027690258 54.864423571790255
51.96429860861842 43.7760268774622 54.86441830267869
51.96436626326328 43.776053032983576 54.86441312160251
51.96443256682448 43.77607866611756 54.86440804386669
51.9644481319056 43.77608468360699 54.86440685181398
51.85431609208061 43.73420428935465 54.8720834241904
51.85431610488807 43.73420428780132 54.87208342255005
51.85431611762533 43.73420428625861 54.872083420935716
51.85431613013694 43.73420428473018 54.872083419245016
51.964256158604734 43.77601046841766 54.864421558950966
51.96432510616787 43.776037123806205 54.86441627890997
51.964392820537654 43.776063302387016 54.8644110931879
51.964441059304235 43.77608195005878 54.864407395205255
51.96442459568392 43.776075586727245 54.86440865970849
51.854316080654314 43.734204291412674 54.8720834310614
51.85431609379611 43.7342042898311 54.87208342947718
51.854316106959445 43.73420428825853 54.872083427983824
51.854316119868315 43.73420428670073 54.87208342639346
51.96421265001036 43.775993650119105 54.86442489628347
51.96428279170278 43.77602076717699 54.86441952482963
51.96435178969848 43.776047442028556 54.864414240845
51.96440738059745 43.77606893258337 54.864409981066046
51.96439331211357 43.776063494688735 54.86441106088844
51.854316068749476 43.734204293507084 54.87208343781947
51.85431608223454 43.734204291897036 54.87208343629715
51.85431609575468 43.73420429029686 54.8720834348841
51.8543161091645 43.734204288707794 54.872083433466855
51.85431612225267 43.73420428713454 54.87208343190417
51.96423952922686 43.77600404405954 54.864422843387175
51.96430977682427 43.77603120202559 54.86441746373994
51.964372975687894 43.77605563438293 54.864412622605485
51.96436810966976 43.77605375364039 54.86441299638116
51.85431607017027 43.734204293999305 54.87208344298328
51.854316084029186 43.734204292372105 54.87208344163993
51.8543160978917 43.7342042907542 54.87208344037441
51.85431611145957 43.73420428915057 54.87208343897399
51.85431612463077 43.73420428756432 54.872083437377114
51.9642667194361 43.77601455821687 54.864420766641544
51.96433692559177 43.776041700110206 54.86441539004667
51.964353453954196 43.776048090006306 54.86441412422177
51.85431605791185 43.73420429613393 54.87208344976513
51.85431607193789 43.73420429448116 54.87208344835774
51.85431608604523 43.73420429283858 54.87208344710126
51.854316100044144 43.734204291206936 54.8720834458408
51.85431611374807 43.7342042895893 54.87208344444302
51.96422258159622 43.77599749670503 54.86442415229326
51.964294201851814 43.77602518532599 54.864418667479896
51.96435063753049 43.77604700233109 54.86441434266439
51.96434691808504 43.77604556554286 54.86441463025757
51.854316059375336 43.73420429662618 54.87208345496545
51.85431607378382 43.73420429495738 54.87208345375328
51.854316088122374 43.73420429329977 54.87208345257187
51.85431610221214 43.7342042916551 54.872083451283615
51.85431611598007 43.734204290025005 54.87208344983986
51.96425031783109 43.776008221970855 54.86442203376331
51.96432204070837 43.77603595023087 54.86441654100851
51.96434502012718 43.776044834115794 54.86441478112518
51.85431604659851 43.73420429880594 54.872083461671025
51.85431606104732 43.73420429711164 54.87208346028781
51.85431607568587 43.73420429542851 54.872083459155476
51.85431609018965 43.73420429375692 54.87208345800154
51.854316104347056 43.73420429209958 54.872083456668754
51.964205134719606 43.77599075634131 54.86442549943461
51.964278346154614 43.776019060138516 54.86441989281592
51.964343051909644 43.77604407494226 54.864414935990354
51.964342345431504 43.77604380239283 54.8644149914613
51.85431604789534 43.73420429930104 54.872083466752954
51.854316062679615 43.73420429759281 54.872083465542175
51.85431607755025 43.734204295895736 54.8720834644942
51.854316092148395 43.7342042942113 54.872083463317026
51.85431610632101 43.73420429254237 54.87208346190384
51.96423339959368 43.77600168598914 54.86442334044037
51.964306641116224 43.77603000136591 54.86441773139343
51.96434267276423 43.776043931261896 54.86441497189224
51.85431603406819 43.73420430152609 54.872083472932644
51.85431604912273 43.734204299791124 54.87208347173579
51.85431606419888 43.734204298070026 54.87208347066876
51.85431607937802 43.73420429635888 54.87208346976916
51.85431609404493 43.73420429466198 54.87208346854989
51.85431610828405 43.73420429298061 54.872083467093006
51.96426199720498 43.776012744257415 54.86442115592459
51.964335337471844 43.77604109777456 54.86441553923392
51.96435189731561 43.77604749983166 54.864414270974926
51.85431601963436 43.73420430378422 54.87208347886417
51.854316034898176 43.73420430202181 54.872083477623924
51.8543160502787 43.734204300276005 54.87208347661613
51.85431606574646 43.73420429854222 54.872083475778965
51.85431608109377 43.73420429681844 54.872083474920316
51.85431609595442 43.73420429510784 54.87208347375505
51.96421607818043 43.77599499414645 54.8644246780126
51.96429100595658 43.776023961474124 54.864418939923574
51.96436443162765 43.776052347972865 54.86441331660731
51.96436582002946 43.776052884723356 54.86441321025698
51.85431602046746 43.73420430428567 54.872083483604285
51.85431603594414 43.73420430251258 54.87208348245842
51.85431605154808 43.7342043007555 54.87208348154937
51.85431606722757 43.73420429900982 54.87208348079601
51.85431608281796 43.73420429727318 54.872083480039805
51.85431609777579 43.73420429554997 54.872083478855565
51.96424531766015 43.77600630059143 54.864422444408405
51.964320491570405 43.77603536305829 54.86441668742957
51.964371791783705 43.77605519400946 54.86441275431872
51.964389487203746 43.77606203685811 54.86441140329788
51.85431602151145 43.73420430478379 54.8720834884961
51.85431603716704 43.73420430299904 54.87208348740823
51.854316052911116 43.73420430123003 54.87208348652192
51.85431606871276 43.73420429947245 54.87208348577647
51.85431608442653 43.73420429772386 54.87208348502868
51.85431609953119 43.73420429598787 54.872083483866064
51.96427499856591 43.77601777769519 54.864420177003836
51.964350365390615 43.77604691471588 54.86441440518607
51.96442247482803 43.776074792306574 54.864408882556035
51.8543160229262 43.7342043052812 54.872083493696735
51.85431603857093 43.734204303481874 54.872083492482325
51.85431605439492 43.73420430169996 54.87208349155996
51.854316070226616 43.73420429993008 54.872083490740934
51.85431608599329 43.73420429816973 54.87208348994341
51.96422806799434 43.77599963647026 54.86442377644752
51.96430505012415 43.776029398078904 54.86441788117733
51.96438081435913 43.7760586887511 54.86441207895219
51.96445474255905 43.77608726945543 54.86440641697681
51.96442920287582 43.77607739378111 54.86440836823254
51.9644622791221 43.77609018308961 54.86440583975272
51.8543160246097 43.73420430577801 54.87208349912018
51.85431604020926 43.73420430396213 54.87208349773436
51.854316055882876 43.734204302165274 54.87208349656432
51.854316071746595 43.734204300382785 54.87208349567099
51.854316087540525 43.734204298610535 54.872083494800904
51.96425819120798 43.77601128454867 54.86442147511572
51.96433553448152 43.776041185782 54.86441555220115
51.96441154278497 43.7760705707954 54.86440973124582
51.96448580174426 43.776099279373604 54.86440404394322
51.96450465704982 43.776106568825035 54.86440259980208
51.85431604199353 43.73420430443974 54.87208350308879
51.85431605749621 43.73420430262651 54.87208350164216
51.85431607319724 43.73420430083051 54.87208350050227
51.964210185320546 43.77599272752981 54.864425156735315
51.96428868678029 43.77602307656662 54.86441914523121
51.96436623323859 43.77605305632723 54.86441320669812
51.964442589293796 43.77608257578977 54.86440735912836
51.96451706548293 43.776111368337 54.86440165515971
51.96454474705422 43.77612207001123 54.86439953499212
51.85431604376338 43.73420430491351 54.872083508400095
51.854316059018814 43.734204303082805 54.872083506603325
51.85431607457778 43.73420430127304 54.87208350523224
51.96424075550834 43.77600454838513 54.8644228211148
51.96431949180007 43.77603498818887 54.864416791579764
51.96439727321089 43.77606505876967 54.864410835022255
51.96447382797301 43.77609465503755 54.864404972198685
51.96454852398121 43.77612353255973 54.86439925137739
51.96458214111527 43.77613652890548 54.86439667656771
51.85431606052187 43.73420430353431 54.872083511509395
51.85431607586152 43.73420430171006 54.87208350983588
51.96427167291447 43.77601650345336 54.86442045884962
51.96435058071182 43.776047009532924 54.864414416112105
51.964428596457225 43.77607717069931 54.86440844158771
51.96450535752926 43.776106846716175 54.86440256293828
51.964580202408776 43.77613578177721 54.86439683067994
51.9646212765108 43.7761516609758 54.864393684718934
51.854316061782676 43.734204303979254 54.87208351615739
51.964223100557426 43.77599772745252 54.864424183890755
51.964302939907384 43.7760285936527 54.86441806976438
51.96438203641083 43.77605917266562 54.86441201252562
51.964460129575656 43.77608936372788 54.86440603199003
51.96453710172036 43.77611912133979 54.864400137161276
51.96461210956046 43.776148119391564 54.86439439239862
51.96465744993533 43.776165647904364 54.864390919622295
51.54065803523357 43.92633979227686 55.034899402331206
51.9642546636052 43.77600993213212 54.86442177219114
51.9643346655478 43.77604086115967 54.864415645538585
51.96441382079157 43.77607146283761 54.86440958369674
51.96449208658041 43.77610172062321 54.86440358990893
51.964569146367516 43.776131512094636 54.864397688313105
51.964644410202325 43.77616060911824 54.864391923954074
52.050723811753755 43.81841109133036 54.85297012259371
51.96428664855107 43.77602229992956 54.864419328207106
51.964366712542684 43.77605325288925 54.86441319666956
51.964445976136076 43.77608389642333 54.864407126453884
51.964524368136665 43.77611420298014 54.86440112294687
51.96460150875964 43.776144025678846 54.8643952151033
51.964677051553295 43.77617323055391 54.864389429393114
52.050765350832876 43.81842860233235 54.85296576844115
51.64867332489841 43.96836256820023 55.027189908439766
51.96439926013322 43.77606583816147 54.86441070948945
51.96447857783779 43.776096502572074 54.86440463502788
52.00504251030716 43.89620655627812 54.87870280925404
52.0051017843517 43.89622252069339 54.87869689527058
52.00515977650803 43.89623853766196 54.87869117236748
52.09187331699884 43.93825775959414 54.866138059444665
52.05076880055363 43.8184300534839 54.85296540879112
52.091878738376366 43.93825095891034 54.86613606572324
51.95790036767801 43.95613405510506 54.90392068749314
52.004998229791916 43.89626604922949 54.878718570434614
52.005058365726235 43.89628194208352 54.87871252222276
52.00511775454365 43.89629743541959 54.87870651705915
52.07354428366297 43.982823979044184 54.877712291773946
52.07356475699307 43.982800272906516 54.87770574944713
52.091858253127306 43.938280569438675 54.86614529877644
51.64309871062861 44.14821795378084 55.065471817380754
51.99906443157067 44.07616534276356 54.91711923212915
51.99912833838279 44.07608844746512 54.91709325200124
51.99919206191454 44.0760117720566 54.917067345197566
51.99925437891032 44.07593679107996 54.91704201395075
52.073539467456825 43.9828295672347 54.87771386791862
52.07355961739951 43.982806233797284 54.877707423275524
52.07356335999208 43.98280189853775 54.87770622182894
52.0735608170982 43.982804844464575 54.877707039269396
51.97644926067875 44.167918786229926 54.94547519502861
51.976518908803314 44.16782300768524 54.945443921154705
52.02361937555332 44.10785352144323 54.9202197915141
52.023660418368 44.10778345518624 54.92019919567993
52.02370052294448 44.107715042302516 54.92017908719373
52.02373909068108 44.107649393656146 54.92015979490317
52.023758089817946 44.10761717947818 54.92015033133238
51.97641684354767 44.16798809094639 54.94549508714972
51.976487171666356 44.167891079206626 54.94546344361143
51.97655690499281 44.16779478321058 54.94543204509486
52.02362607775848 44.10785802519821 54.920221529686316
52.02366573678477 44.10779031233717 54.92020162539587
52.0237010139745 44.10773029218109 54.92018398787526
51.97631364508244 44.16815508228509 54.945546837457364
51.976384411408766 44.16805739808427 54.94551498207835
51.97645493106795 44.16795989009242 54.94548320228219
51.97652473033495 44.167863288289055 54.94545172773016
52.02359113715925 44.10793365780283 54.92024417703532
52.023630372100826 44.10786658375916 54.92022445831128
52.023694092342225 44.10774408026521 54.92018809208743
52.023646194617925 44.107839601658306 54.92021652773914
51.976280573650136 44.16822552710637 54.9455670752414
51.976351612508125 44.16812720067191 54.945535039769396
51.976422447616535 44.16802899407982 54.94550306118155
51.97649201312847 44.167932519409455 54.945471649655445
52.023556079845456 44.10800942214851 54.9202668613553
52.023589305568024 44.10795255616554 54.92025014195582
51.84063515191593 44.42787229850184 55.030954721956064
51.97624774189413 44.16829551448319 54.94558717781385
51.97631918044465 44.168196345556865 54.945554899670924
51.97639005263143 44.16809784899651 54.94552285286014
51.97645928935775 44.16800162303069 54.9454915450647
51.976526260218314 44.16790859548061 54.94546127249665
52.02357330723937 44.10798446975355 54.920259642462824
52.02353406828858 44.10806271047638 54.92028293357033
51.84062425144131 44.42793946284422 55.03097561992675
51.840633219890734 44.42792452224332 55.030969480348304
51.976286686860874 44.16826543916373 54.945574757872734
51.97635756644194 44.16816668291915 54.945542653894
51.97642652701997 44.16807060471754 54.945511420031316
51.97648038392266 44.16799562888462 54.94548703980051
51.84060415200376 44.42802211433192 55.031002859840754
51.84061323834554 44.42800666885832 55.03099655498134
51.84062251510794 44.4279903747306 55.030989974061924
51.8406316849582 44.42797414079723 55.03098343400407
51.95507361390259 44.28988902337257 54.98375784989075
51.976394219585885 44.16813870071523 54.945531034598716
51.97645878321664 44.168033641824486 54.945498532064605
51.97641766039125 44.168105979452086 54.945520404167866
51.83690152235822 44.551820309736755 55.06327099911678
51.83691097164832 44.5518012730566 55.063263659120906
51.83692041132297 44.55178219732879 55.06325631459278
51.836929793483 44.551763197327816 55.06324900649395
51.836938669232154 44.551745324999686 55.063242113837674
51.836946041846886 44.5517306021507 55.06323641368978
51.83687872195652 44.551876868480555 55.06329089264386
51.836888296936756 44.55185753646983 55.06328344636317
51.83689798924698 44.55183786529369 55.06327588782639
51.83690766393167 44.55181817571404 55.06326833190528
51.83691706143531 44.551799075930546 55.06326099773935
51.83692595747822 44.551781085647555 55.063254073486306
51.836943428034544 44.55173755146322 55.06323878988754
51.83693047985575 44.551772011076636 55.06325056805801
51.8368653227424 44.55191455569406 55.0633034975593
51.83687525619045 44.5518943140532 55.063295734318956
51.83688515962193 44.551874082171395 55.063287983976636
51.83689497137338 44.55185400646465 55.06328029898927
51.83690438864891 44.55183479004703 55.0632729336873
51.836913403948444 44.55181644677677 55.063265893639475
51.83692138916013 44.55179652100406 55.06325890231449
51.836915923792596 44.551811348306884 55.06326393177105
51.8368423507268 44.551971626223896 55.06332355850471
51.836852306258905 44.551951323476864 55.063315774696605
51.83686242960498 44.55193056778075 55.06330783693637
51.83687254047552 44.55190978369933 55.06329989787221
51.83688246447751 44.5518893768416 55.06329210411856
51.83689202169339 44.55186976139103 55.063284606056186
51.83690111117214 44.551851166548225 55.06327748740656
51.836903984459994 44.551843987173235 55.06327496978091
51.83690221292341 44.55184891870823 55.063276625790394
51.83682923702494 44.55200866879085 55.06333592737333
51.83683945344701 44.55198768021076 55.063327907992814
51.83684980552284 44.551966320007104 55.063319763038365
51.83686003076673 44.55194519735458 55.063311712913205
51.83687013253257 44.55192430574427 55.06330375506302
51.83687991374629 44.55190409692878 55.06329605381276
51.836889325604716 44.5518846805511 55.063288649397904
51.836892721556225 44.551876179247245 55.06328567052449
51.836891214934305 44.55188078910757 55.06328716431187
51.83681642845417 44.5520449659239 55.063348032370115
51.83682693824613 44.552023219393654 55.063339750814684
51.83683753311235 44.552001224077586 55.063331387276065
51.8368479790888 44.55197951825468 55.06332313724232
51.83685831909887 44.55195800509877 55.063314965244864
51.83686838591225 44.55193706559253 55.0633070102396
51.83687811100306 44.551916854108846 55.0632993288085
51.836886994587985 44.551894578185745 55.063291528656165
51.83688469501489 44.55190318761209 55.06329413186033
51.8368040020428 44.552080341076504 55.063359809272264
51.83681481406957 44.55205782073911 55.06335125906721
51.83682568357504 44.55203512083495 55.06334265111356
51.836836345747756 44.552012844172346 55.06333420535063
51.836846919767694 44.55199072176511 55.06332582326826
51.836857182043914 44.551969258805514 55.063317689792896
51.83686723156883 44.55194823155907 55.063309723036795
51.83688400576648 44.551906121040744 55.06329498462097
51.836876980661394 44.55192783706696 55.063301995299014
51.836883985644214 44.55191022360006 55.06329583473261
51.83688451310395 44.5519120801869 55.06329602472263
52.18246093304989 43.96658962052506 54.81710073611478
52.18246111499906 43.96658818205593 54.81710097828004
52.182459057409034 43.96658955726658 54.81710235086214
52.18246512742995 43.96658991011421 54.817097084261604
52.182465588818474 43.96658612154887 54.817097737239095
52.1824691239406 43.966590464019994 54.817093527944024
52.18246965011613 43.966585977051416 54.81709431855451
52.18247285669194 43.966591380296386 54.81709009620409
52.18247319180998 43.966588406552106 54.81709063176855
52.18247572021749 43.966592437932015 54.817087365666914
51.836792036596904 44.552114620146426 55.063371193713934
51.83680317917389 44.55209126787516 55.063362352642216
51.836814224192125 44.552068090729804 55.06335358295203
51.83682515674339 44.552045123649805 55.063344897231474
51.836835842231174 44.55202266905331 55.06333640645356
51.83684637702674 44.552000511328444 55.06332803135044
51.836856639247316 44.551978923207116 55.06331987218266
51.83686666513441 44.551957823640535 55.06331189914777
51.836884718643375 44.55191238861231 55.063296013492675
51.83687655754095 44.55193698390815 55.063304027932666
51.83688714760035 44.55191026522784 55.063294695794255
51.836886171609414 44.55191672700927 55.06329637746228
51.836890860665534 44.55190487308684 55.06329224056947
51.8368957634864 44.551896486689444 55.063288738451206
51.836896633391405 44.551894285574576 55.06328797057223
51.83689777618032 44.55189223933504 55.0632871354791
51.97271454962732 44.29187061273718 54.9777813986122
51.97272721212953 44.29184317058269 54.97777309450866
51.97266405998542 44.291978447979915 54.97781396381092
51.972785453121034 44.29171920339014 54.97773567553925
51.97281560325057 44.29165386124014 54.97771590271355
51.97285409054908 44.29157269411334 54.97769143479017
51.972894063062554 44.291486065954516 54.97766522077838
51.97292133535527 44.29142917719452 54.97764809846677
51.972969898240805 44.29132393406064 54.97761625157672
51.972986325837226 44.29129052595238 54.977606233686245
51.97303753483193 44.29117954926352 54.9775726518454
51.97304900904098 44.29115685084953 54.97756587369564
51.973096166712864 44.291054654787324 54.97753494893215
51.97311081643177 44.29102503614027 54.977526075095774
51.97315591604773 44.290927301981235 54.977496500592096
51.97317089390253 44.290896938264105 54.9774873998787
51.97321332995166 44.290804976370275 54.97745957207623
51.97323061403971 44.2907695748069 54.97744894523092
52.05106736831358 44.07438845084957 54.906017664395776
52.07577034029998 44.096558996526085 54.89271092567716
52.05109946026083 44.07432569091627 54.90599867733367
52.07580711809071 44.09649730933862 54.89268748333822
52.07582946197251 44.09645594229294 54.892674673097275
52.07584348989714 44.09643631262901 54.8926642962703
52.0758687807803 44.09638945509118 54.892649809136586
52.07587967440903 44.09637562442422 54.8926412306621
52.075909857723666 44.09631965283202 54.89262395931313
52.07591549128253 44.09631556230354 54.89261839591114
52.075951677587675 44.09624839489318 54.892597713097565
52.07595074119431 44.0962564756973 54.89259591350629
52.1824563668569 43.966591384854965 54.81710413758482
52.18245884407653 43.96660571916384 54.817098070788916
52.1824630687955 43.966605899282634 54.81709442332034
52.18246717334195 43.966606211502594 54.81709084172131
52.18247105321515 43.966606813617126 54.81708737142267
52.1824745814237 43.96660783194676 54.81708408569669
52.18247620197485 43.96659336817434 54.81708669859738
52.18247753963317 43.96660955179261 54.81708109171373
52.214411173216035 43.94023099893674 54.79582213448566
52.214415321329625 43.94024098547665 54.7958156696411
52.21441521052343 43.94024071881899 54.79581584217614
52.21441653743737 43.94024391387329 54.79581377341266
51.83678066695048 44.55214751251732 55.063382077060446
51.83679202659334 44.5521235889821 55.0633730398568
51.836803248998564 44.552099931029844 55.06336410701743
51.83681427998954 44.552076659982504 55.063355323127055
51.836825117914344 44.55205377993633 55.06334668962673
51.836835762190695 44.55203129265087 55.063338207089174
51.83684625009221 44.55200911616282 55.06332984514955
51.83685658359039 44.55198724692077 55.06332160236274
51.83686684451226 44.551965505039114 55.06331341207853
51.8368769608046 44.5519440528053 55.06330533378491
51.8368870278762 44.55192267639739 55.063297288931054
51.83690221797296 44.55188407811124 55.06328384692891
51.83689701393362 44.551901449240006 55.06328930413893
51.83691088456011 44.551866111060505 55.06327701071926
51.83690685786982 44.55188050680358 55.06328142941497
51.83692044193343 44.55184583880539 55.06326937766913
51.83691667175323 44.551859603223086 55.06327357357971
51.97254527668234 44.29223290274531 54.97789083880505
51.83692641256923 44.551838833972816 55.06326577185709
51.97263673260199 44.29203698789079 54.9778316496797
51.97258280166239 44.29215619809235 54.97786782042125
51.97265436989147 44.292003355870165 54.97782166407757
51.97272454385961 44.29185351136442 54.977776413856404
51.97279297086078 44.291707430897816 54.97773230173094
51.97285949104443 44.291565459257015 54.97768943196647
51.972924190756544 44.29142740520049 54.977647746520965
51.9729877459678 44.29129179631464 54.97760679952542
51.97305040660422 44.29115808949157 54.97756642657194
51.973111701181566 44.29102730966829 54.97752693794142
51.9731726208566 44.290897304276136 54.9774876820689
51.97323220279942 44.29077016499248 54.97744929211416
52.07578924913149 44.09653667804237 54.892695413918645
52.07582661139044 44.096473908051195 54.892671636759914
52.07586352510786 44.09641190710637 54.89264813935263
52.07589986168212 44.09635090002193 54.892625000314126
52.07593556192451 44.096290989829974 54.8926022559892
52.31025759845058 44.33739359029488 54.805338712042925
52.31031691166339 44.33762901377604 54.80533372792044
52.34624180151863 44.739603206424455 54.850007246231854
52.31026863199132 44.337434711666056 54.8053354050904
52.40415035509373 44.731949428168804 54.81173577688175
52.31028754178444 44.33750964762127 54.805333709240095
51.836792688302744 44.55213080712488 55.063374282578025
51.83680378693009 44.55210729680069 55.063365424986245
51.83681474163347 44.552084069045655 55.06335667767479
51.836825534800695 44.552061163483074 55.063348055175254
51.83683635922458 44.55203815804859 55.063339400815316
51.836847051624375 44.552015412358806 55.06333084772825
51.83685775840799 44.551992608061944 55.06332227738128
51.83686833467794 44.551970060489815 55.06331380713864
51.83687872736904 44.55194788807951 55.06330548058904
51.836889081168835 44.5519257748786 55.063297180316994
51.83689921242079 44.55190412334443 55.0632890556512
51.83690918012425 44.551882804833966 55.06328105875271
51.836918856690616 44.55186209871051 55.06327329331507
51.972521061100956 44.292292396362086 54.97790913445034
51.972592924390796 44.292138881779756 54.97786277327489
51.97266282879049 44.29198959362323 54.97781769024478
51.97273104588014 44.29184393621803 54.97777370481005
51.972797773110955 44.291701477334264 54.977730685996264
51.97286311153461 44.29156199578518 54.97768856678015
51.97292751779922 44.29142449804594 54.97764704635541
51.972991477556526 44.29128792977431 54.97760580559722
51.973054317208785 44.29115375606851 54.977565288070274
52.40439692749601 44.7329129651896 54.81169592094302
52.4042799213991 44.73245573509906 54.811714835133955
51.83681619173083 44.55208905064849 55.06335717482246
51.836827353688605 44.5520652215113 55.06334822875238
52.40453739372612 44.73346187002678 54.81167321518902
51.964280301344274 43.776019783448085 54.86441966592143
51.964333180588014 43.7760402287777 54.86441562117207
51.964334645346646 43.77604079518841 54.86441550930681
51.96430688159833 43.776030060777195 54.86441763347676
51.96436330075235 43.77605187332443 54.8644133145002
51.96436347111296 43.77605194184366 54.86441330774851
51.964407077270906 43.77606879863144 54.8644099647704
51.964419958867936 43.77607377982578 54.86440898094459
51.96437780660333 43.77605748258334 54.864412206576816
51.96445111350208 43.77608582434363 54.86440659515006
51.96444996928801 43.77608538446247 54.86440668864074
51.96449533261611 43.77610292075243 54.8644032115088
51.964508625884946 43.776108061099194 54.864402196153506
51.96446502543701 43.77609120391838 54.86440553253383
51.96453061929642 43.77611656308754 54.86440051011521
51.96453959741312 43.7761200348089 54.86439982433703
51.96447828562026 43.776096334038215 54.86440452578631
51.964537219926655 43.77611911800422 54.86440001195079
51.9645951285047 43.77614150556782 54.864395577016836
51.964506036841584 43.77610706508665 54.86440240608215
51.964566460747704 43.77613042498029 54.864397778273556
51.96462545274031 43.77615323127118 54.86439326007532
51.96461148614593 43.77614783060947 54.864394326983
51.96462855452215 43.776154430423844 54.864393022520446
51.96447051443943 43.776093334431394 54.864405132185965
51.96453350299035 43.776117685886135 54.86440030811703
51.96459512097464 43.77614150744757 54.86439558894267
51.964654623804336 43.776164511216734 54.864391031592774
51.9646845199183 43.77617606906974 54.86438874190115
51.96449732470997 43.776103701631584 54.86440308436712
51.96456097562792 43.77612830917188 54.86439820960205
51.964623351626145 43.776152423795814 54.86439343240572
51.96468385495545 43.7761758143805 54.86438879848109
51.9647230096925 43.77619095158238 54.864385799593805
51.96445897702023 43.776088878615965 54.864406026611455
51.96452434550323 43.77611415020795 54.864401020396215
51.964588614409706 43.77613899667629 54.864396098332136
51.964651596183074 43.77616334550018 54.86439127475704
51.96471263600205 43.77618694349044 54.864386599739795
52.050759008303324 43.81842282356209 54.85296839140402
51.964419221478806 43.776073511298556 54.86440907662008
51.964485840486724 43.77609926635586 54.86440397465711
51.96455168374831 43.77612472150698 54.86439893210188
51.96461643814925 43.77614975567291 54.86439397286689
51.96467975373943 43.7761742335421 54.864389123705315
52.050751547326215 43.81841975902127 54.85296912259507
52.05077535255478 43.81842970137557 54.85296668587389
51.964378510768356 43.7760577747244 54.864412199812094
51.96444624233072 43.77608395989297 54.86440701263374
51.964513140414084 43.77610982283687 54.86440188928712
51.964579282321466 43.77613539343967 54.864396823847386
51.96464419885801 43.776160490270726 54.864391852155464
51.96470768706128 43.77618503485631 54.86438698973606
52.05077566562077 43.818429911642525 54.85296660368454
52.05078212419676 43.81843260851127 54.852965942947364
51.96440572034314 43.776068296290525 54.86441012139867
51.96447381145306 43.77609462046609 54.864404906696755
51.964540954063864 43.77612057793483 54.864399764599476
51.964607190430954 43.77614618503334 54.864394691872036
51.964672265086065 43.7761713429767 54.8643897080312
51.96473560202631 43.77619582904711 54.864384857109556
52.050781199243715 43.81843224706162 54.85296602194822
52.05077647443619 43.81843036284132 54.85296644938418
51.964364416443544 43.7760523304405 54.86441329014366
51.9644334411101 43.776079015499164 54.864408003870295
51.964501821781056 43.77610545161512 54.864402766981826
51.96456914449941 43.776131478697415 54.864397611052226
51.96463549963771 43.776157131692344 54.864392529179526
51.96470039258301 43.776182219345394 54.864387559157905
52.05077114747745 43.81842825913252 54.85296691827505
52.050772129642525 43.818428670762714 54.852966816841366
51.96439229521887 43.776063110743394 54.864411160532995
51.964461667693215 43.776089930270004 54.864405847634146
51.9645301601344 43.77611640957268 54.86440060212921
51.964597779702544 43.77614255141195 54.86439542345181
51.96466398931909 43.77616814810591 54.86439035262447
51.964728687296144 43.77619316034305 54.8643853974378
52.050771918941706 43.818428587320405 54.852966835534595
52.050765254940906 43.81842593903423 54.85296743255574
51.964350035375325 43.7760467753365 54.864414402519465
51.964420598638 43.7760740552187 54.86440899841119
51.964490208404044 43.776100966473706 54.86440366731797
51.964558965771374 43.77612754818928 54.86439840150459
51.96462665349151 43.776153716349825 54.86439321754523
51.96469277686689 43.776179279666664 54.86438815323707
52.05076130477012 43.818424406977876 54.85296776264204
52.05076039497419 43.81842405606184 54.852967837440765
51.96437837560242 43.77605773403059 54.864412237552074
51.964449208154086 43.776085118020085 54.864406812819524
51.96451910934484 43.77611214193813 54.86440145940206
51.96458811048676 43.7761388178875 54.8643961748957
51.96465588252137 43.77616501861977 54.864390984421306
51.96472174750501 43.77619048199253 54.8643859397852
52.050764982010335 43.8184261080823 54.85296728200045
51.964407152643346 43.77606886160422 54.86441003914668
51.964478364412315 43.776096392210476 54.86440458539697
51.96454842830039 43.7761234790086 54.86439921947428
51.9646174955461 43.776150180486596 54.86439392984087
51.96468529187962 43.77617639058482 54.8643887374391
52.05076160612069 43.81842484587448 54.85296753438551
52.05077370682363 43.81842988889185 54.852966302617475
51.96443639361599 43.776080168543224 54.864407805231195
51.964507816246865 43.776107780656844 54.8644023353036
51.96457808953391 43.77613494839639 54.864396953314234
51.96464727215759 43.77616169445794 54.86439165479297
51.9647150068264 43.776187880681206 54.864386467030236
52.05078169615162 43.81843333761324 54.852965414228066
52.05078392391533 43.8184342995581 54.85296516632139
51.96439395711859 43.776063764929425 54.8644110609547
51.96446617401217 43.77609168404117 54.86440553004371
51.96453780775099 43.77611937775451 54.86440004391285
51.96460815147423 43.77614657269581 54.8643946564604
51.96467737474535 43.77617333444306 54.86438935475823
52.05075715563136 43.81842330841202 54.85296778731755
52.050798826828284 43.81844066570599 54.85296355137207
51.96442404560105 43.77607539956115 54.86440876223648
51.9644964251866 43.77610338154828 54.86440321881446
51.96456818888674 43.776131125479644 54.86439772267066
51.96463852205612 43.77615831630416 54.864392335939684
51.964707762918465 43.77618508482261 54.86438703282015
52.050783591283455 43.81843448194635 54.85296499774003
52.050818494474186 43.81844901951421 54.852961450183415
51.964527196191455 43.77611528003298 54.86440086779808
51.96459896205491 43.77614302475998 54.86439537139218
51.964669370682635 43.776170244729755 54.864389978818075
52.05075253441549 43.818421738398314 54.85296803328622
52.05081030369854 43.81844577674995 54.85296217625207
52.05084064055467 43.81845841150465 54.85295909337466
51.96455823532749 43.7761272821548 54.864398496192635
51.96463013216393 43.77615507749304 54.86439298970127
51.96470048871628 43.776182277291184 54.86438760102253
52.05077965493558 43.81843320704877 54.85296516788014
52.05083732357801 43.81845720471822 54.852959320295795
52.05086542102886 43.81846890615484 54.852956465397575
51.96458958620053 43.776139404777624 54.86439610067225
51.96466148437562 43.77616720059795 54.86439059399444
52.05074777198358 43.818420148855736 54.85296826883114
52.05080703548954 43.81844479114439 54.85296227154271
52.05086472266609 43.81846879396297 54.852956423695616
52.050895042206726 43.81848141879187 54.85295334428949
51.964621094100615 43.77615158807192 54.8643936930419
51.96469302553467 43.776179396722135 54.86438818375041
52.05077542854053 43.81843185584001 54.85296533943968
52.050834704796 43.81845650168508 54.85295934196147
52.05089243760572 43.81848051999029 54.8529534916961
52.05092730377203 43.81849503590427 54.85294995183325
51.964652974662414 43.77616391542858 54.8643912568491
52.05074288893961 43.81841854927635 54.852968491284074
52.05080328268878 43.81844365413754 54.8529623842804
52.050862655051475 43.818468335568 54.852956379836584
52.05092054384535 43.81849241254891 54.85295051768583
52.05096438400972 43.81851066108669 54.852946068952235
51.964684812252486 43.77617622611494 54.864388823811424
52.050770902134744 43.81843042570429 54.85296551246384
52.05083138224971 43.81845556192957 54.852959399588066
52.050890812124635 43.81848026361715 54.85295339163039
52.11921850274925 43.9048983458306 54.85196224933499
52.119224106955095 43.90489224938945 54.851961210357224
52.119225578098714 43.90488987060485 54.8519606793797
52.11922443299048 43.904891895705205 54.85196115024043
52.05073794132467 43.81841696612629 54.85296869297865
52.05079925952692 43.81844245255641 54.8529624942058
52.05085982423088 43.81846761933668 54.85295637568203
52.11920517010381 43.90491664840623 54.85196598136584
52.11921125398052 43.904909983334214 54.85196483792543
52.11921698708553 43.90490370797413 54.85196376221283
52.11921869056578 43.9049018456228 54.851963443332075
52.05076665619561 43.818429146611194 54.85296563539802
52.05082791850947 43.81845460835213 54.85295944319551
52.11919128141729 43.90493564614044 54.851969846431984
52.11919767284225 43.90492861675317 54.85196863610369
52.119203892346626 43.90492176794151 54.85196745550999
52.11920983215632 43.90491522400253 54.851966326972445
52.119213421905556 43.90491127194896 54.85196564586614
52.09189323815535 43.93823276379923 54.86613073066722
52.09191335341184 43.9382075074878 54.866123323111594
52.11919008496362 43.90494071261086 54.85197131724013
52.11919641441272 43.90493370992803 54.85197010489474
52.11920254355273 43.90492691941412 54.85196892778292
52.11920827430869 43.90492056660849 54.851967825965964
52.11920865409462 43.90491994297852 54.85196768572882
52.119208354413445 43.90492047861956 54.8519678108337
52.09186568526896 43.93827122709871 54.86614255720512
52.091885944962925 43.938245751627534 54.86613508004037
52.09190636485131 43.938220062274056 54.8661275383479
52.11918883503809 43.904945790798244 54.85197278255153
52.11919505071894 43.9049388714092 54.85197157787317
52.119200961688335 43.90493228049325 54.85197042869009
52.11920276452866 43.9049302684227 54.851970077577505
52.07357919398753 43.98278356322545 54.8777011585436
52.09187893539028 43.93825832059279 54.866139297714675
52.091899299981236 43.938232648737646 54.866131753832185
52.119187484406226 43.90495092902101 54.85197425010636
52.11919351160907 43.904944172675016 54.85197306644059
52.119197101225886 43.90494013974872 54.85197235848195
52.023775480090606 44.10758768923371 54.9201416678681
52.073574168136844 43.98278939000036 54.87770278823278
52.07359389791182 43.9827665418463 54.87769647388235
52.07361330807524 43.982744063346345 54.87769026029156
52.11918592898266 43.90495623473127 54.85197573728531
52.11919136888869 43.90495008472275 54.85197465170384
52.02370316569423 44.107726638248735 54.92018291431271
52.02374039814057 44.10766320077293 54.92016427021481
52.02377768371383 44.107599545882564 54.92014555891587
52.023814631147474 44.10753640644664 54.92012699752797
52.07360792037686 43.982750304921474 54.87769199209536
52.07362621360946 43.982729116783915 54.87768612594252
52.11919068911716 43.90495132256652 54.85197494305853
52.07363291734282 43.98272135158192 54.87768397428766
52.023667703122356 44.10780292168361 54.92020574672949
52.02370554389083 44.10773819171289 54.92018671610583
52.023743146653075 44.107673790448466 54.92016778008833
52.02378018331672 44.107610327370324 54.92014911911531
52.023815590427134 44.10754975643445 54.920131311146214
52.023841581570665 44.10750538177593 54.92011826720481
52.02359459962629 44.107943505492585 54.920247481193186
52.02363273372798 44.10787817963123 54.92022827293704
52.023671089377366 44.107812332433184 54.9202089077164
52.02370899905846 44.10774720219062 54.92018975209025
52.02374579062537 44.10768402343609 54.9201711712095
52.02378102553915 44.107623593410835 54.92015340068404
52.02381806052051 44.10755230573065 54.92013223630751
52.02378980243577 44.1076085712416 54.920148983942674
52.02355944363997 44.108019159736386 54.920270125911486
52.02359833885157 44.10795225486694 54.92025044624235
52.02363700086492 44.10788567521962 54.92023086027794
52.02367500822754 44.10782019717823 54.92021159771312
52.02371177064747 44.10775689818327 54.92019297707094
52.023737474661175 44.10771273410006 54.920179987763056
51.976492515872756 44.16797874641257 54.94548154930867
52.02352520579002 44.10809298817868 54.920292227225126
52.02356459271429 44.10802500575583 54.92027222462424
52.023603614285975 44.10795759669569 54.920252389253974
52.02364166675864 44.10789186336269 54.92023304701449
52.023678092493384 44.107828997389745 54.92021454997522
52.02371680380314 44.10775439984738 54.92019240102819
52.02369047010172 44.10780766153179 54.92020827300573
51.976459943227546 44.168046933311004 54.94550122387198
52.02349136877897 44.10816593577415 54.92031406450865
52.023531218880336 44.10809693038334 54.920293755173844
52.023570402968915 44.108029049598976 54.92027377609321
52.023608677236396 44.1079627354498 54.920254257870866
52.02364516453027 44.107899571468735 54.92023566822022
52.02365118411121 44.107887961790745 54.92023222093516
52.02364741274296 44.10789568319902 54.92023452396606
51.836946904637315 44.551728887076784 55.063235748242526
51.97269893427551 44.2918649867037 54.977778049371565
51.97276650561872 44.29172154928652 54.97773476995032
51.972833579381145 44.2915791290981 54.97769179579596
51.97289980858727 44.291438490508895 54.97764935872759
52.02357631174839 44.108032311438585 54.92027508174556
52.023607000921885 44.107979015899225 54.920259392128514
51.83693419624434 44.55176456120623 55.06324768889754
51.83694256078948 44.55174768317179 55.06324118602252
51.972678554860224 44.291915031011186 54.977793438237036
51.97274690516941 44.29176977685862 54.97774960370033
51.972814397203734 44.29162633625501 54.97770631601033
51.972879039856906 44.29148907185044 54.97766489730512
52.02360119000144 44.10799138671186 54.92026309217913
51.972933082479855 44.29137440006251 54.97763029936918
51.836921869339804 44.55179931473948 55.06325930198578
51.83693047187076 44.55178180794952 55.063252583576116
51.836939292765535 44.55176374510174 55.06324567168738
51.97266250958933 44.29195547415614 54.977805913065474
51.97273123390145 44.29180929878386 54.9777617951459
51.972797783588895 44.29166782333249 54.97771909890167
51.97292638332735 44.29138926288489 54.977634811288794
51.972861609566905 44.291532242793416 54.97767818615111
51.97288692325756 44.2914774121085 54.977661595385285
51.97287816031648 44.29149710052549 54.97766758227576
51.83690984320923 44.55183333580542 55.063270655447205
51.83691877046962 44.55181500329498 55.06326364955969
51.83692781192684 44.551796359726495 55.063256538327366
51.83693668989699 44.55177804214719 55.06324955339491
51.97265014337735 44.29198776047946 54.97781591194821
51.972717941000695 44.291843517815416 54.97777237571893
51.97278354097699 44.291704020435795 54.97773027470309
51.97285648854636 44.29154598503857 54.977682454928015
51.97283677950395 44.29159088963063 54.97769613466063
51.83689838454504 44.55186601714393 55.06328152774529
51.83690758283741 44.55184698636686 55.06327428005049
51.83691674919688 44.551827981456725 55.06326704925827
51.836925842033544 44.55180909885402 55.063259870274095
51.836934678574686 44.55179075358087 55.06325289468715
51.97264008501573 44.29201489862923 54.97782434685644
51.972707335938 44.29187176366317 54.977781142603405
51.97283436818702 44.291596521247065 54.977697855742385
51.9727731365458 44.291731726784214 54.97773887396474
51.97283453357437 44.291598707057176 54.9776986233351
51.97283789412987 44.29159390684514 54.97769727436575
51.97285301426602 44.2915611499365 54.97768736247353
51.97286279058241 44.2915409218071 54.97768128138009
52.14395815707298 43.92710868314744 54.838664384329746
52.143958229114446 43.927106160415036 54.838664504819434
52.14395762064855 43.92710816130083 54.83866431560632
52.18246495446185 43.966558572276085 54.81710588286311
52.17601876991495 43.8999091096862 54.818872044195
52.18246886322673 43.96655946039435 54.81710230900461
52.176024152188944 43.89991602598036 54.818868046091445
52.18247247155452 43.96656080528501 54.817098864897304
52.182472573231216 43.96655988775652 54.81709903160823
52.18247342516355 43.96656125160165 54.81709792959717
51.83688742296694 44.55189753063979 55.06329197973256
51.836896776747665 44.55187806609758 55.063284586499705
51.83690611378752 44.551858595659134 55.06327719813089
51.83691523717637 44.55183956481633 55.06326997760546
51.836924261547345 44.551820716158055 55.06326283044122
51.97256424155381 44.292181917609426 54.9778749980736
51.97263329420119 44.29203479559993 54.97783058388966
51.97270121876164 44.291890081442155 54.97778689678992
51.97276892965984 44.29174577754723 54.977743331634855
51.972878801725734 44.29150771693878 54.97767129581275
51.972836720876764 44.291601247104744 54.97769969573585
51.97293009812934 44.291398940507214 54.97763847948792
51.97290489213346 44.291455841118605 54.97765579272746
51.972997601637324 44.29125499365141 54.977595018518215
51.97297230877025 44.29131203902892 54.97761237374948
51.973067352766876 44.29110614578702 54.97755007323374
51.9730389897506 44.29116980006963 54.977569426479775
51.97314272674164 44.29094508092402 54.97750142973672
51.97310430882789 44.29103048802675 54.977527363880114
52.051016913888546 44.07447867076346 54.90604351578429
51.973167736735014 44.29089525253402 54.977486533942944
52.05105193255149 44.074410420687386 54.9060229076317
52.05103026794595 44.0744558538377 54.90603717627169
52.051082647885934 44.07435069512604 54.906004897024296
52.051062471549756 44.074393067338384 54.906018213930125
52.05111093335667 44.074295757659556 54.90598834116217
52.05109390173962 44.0743317625165 54.9059996945813
52.05113732973272 44.07424452980767 54.90597291019155
52.051124427193656 44.074272191643225 54.90598169376962
52.05116407272377 44.07419255517517 54.90595724152071
52.05115442500953 44.07421363249151 54.90596399559857
52.05118927529497 44.074143595731684 54.9059424855105
52.05118396205323 44.07415595696918 54.90594656177231
52.051216972938406 44.074089609407146 54.90592618351057
52.05121337035494 44.0740985282054 54.90592920174289
52.05124706583979 44.0740307972276 54.90590839733343
52.05124273333837 44.07404118568509 54.905911867398245
52.11924671482762 43.90491547639601 54.85197288325239
52.07598126939449 44.09618733571834 54.89258305676796
52.11925141596673 43.90490937141843 54.851971682963296
52.12569873436561 43.97157462876547 54.85020415746955
52.14395740721082 43.92710889808603 54.838664247735935
52.18245875139283 43.96657355438127 54.817107029311735
52.18246292268216 43.966573987223065 54.81710335757535
52.18246697682848 43.96657456340117 54.81709974602697
52.18247081252099 43.966575444179426 54.817096236422785
52.182474277308 43.966576874500646 54.817092890969434
52.18247552647392 43.9665653039389 54.817095021423135
52.18247712477437 43.966579174274216 54.81708983119644
52.18247761241875 43.966575147439094 54.817090527592725
52.21440564443942 43.940217695602115 54.795830740654736
51.836886426854605 44.551908080257206 55.06329450848722
51.83689576081481 44.55188853384894 55.06328710562918
51.836905072671314 44.551868997682284 55.06327971289667
51.83691426169038 44.55184970163227 55.063272414070866
51.836923279957716 44.551830747613806 55.06326524747698
51.97256202866386 44.292191784117264 54.977878195293414
51.97263287431039 44.29204065286001 54.97783256274391
51.972703228592266 44.291890546935726 54.9777872388139
51.97277367935142 44.29174018530393 54.97774183556048
51.97284371900669 44.2915906801709 54.97769669004974
51.97291231745597 44.29144427833331 54.977652482770374
51.97297919490345 44.29130158654204 54.97760939734333
51.97304432063889 44.291162668283235 54.97756745285172
51.973107287022955 44.29102840719981 54.97752691669801
51.97316817153331 44.29089863075514 54.977487736478885
51.97322745821303 44.29077228379043 54.9774495926429
52.05106927000344 44.074382877178024 54.90601566139334
52.05110053831046 44.074321811611654 54.90599720122036
52.05113102999283 44.074262235463024 54.9059791866314
52.051161243967556 44.07420319351672 54.90596133213873
52.07589517813469 44.09634053543162 54.892634692652685
52.07593037500841 44.09628159367365 54.892612223481784
52.075965224218734 44.09622324206302 54.892589973331496
52.18245660657673 43.966589503568095 54.817104452799775
52.18247623666738 43.966592732743436 54.81708684447413
52.182478275388114 43.96659596360215 54.817084216383094
52.214406185144085 43.94021899719401 54.79582989818314
52.214411607367225 43.94023205003876 54.79582144924608
52.21440997382135 43.94022811852773 54.79582399332638
52.21441283014872 43.940234994413494 54.7958195427466
52.21441079277483 43.94023009050901 54.795822716459696
51.83690502908482 44.55187693399901 55.06328135911146
51.83691451522651 44.55185685947403 55.063273792532314
51.83692399246755 44.551836774060426 55.063266226946396
51.97256874587758 44.29218203777598 54.9778754467588
51.972642123777085 44.29202530507757 54.977828114453544
52.21441668999002 43.940244283225915 54.79581353261035
52.214414560646276 43.94023915729591 54.79581685054977
52.31026883691683 44.337435598373986 54.80533545316597
51.964539054780396 43.77611982499627 54.86439986582399
51.964590493681754 43.77613971330505 54.86439593095268
51.96459219271302 43.77614037029066 54.86439580115669
51.9645713949151 43.77613232903748 54.86439739209617
51.96460016078219 43.776143450652995 54.864395190665576
51.96467095388192 43.776170821195976 54.864389773231935
51.96467519433425 43.776172460917536 54.864389449317045
51.96462984417076 43.77615492769273 54.86439292064541
51.96470495472983 43.77618396635012 54.864387170134435
51.964710222929114 43.7761860056545 54.86438677284882
52.05075976458039 43.81842331510633 54.85296820320064
52.05077173769285 43.818428323911306 54.85296697246275
51.96472044499126 43.77618995610738 54.86438598663854
52.05079724768822 43.81843893513216 54.852964388443496
51.96474157627067 43.77619812933254 54.86438437737837
52.05079590737043 43.8184384398492 54.852964484959756
52.05081777709394 43.81844750789924 54.85296228793726
52.050821415237785 43.818449053084464 54.85296189932751
52.050800873016605 43.81844047501325 54.85296400111508
52.05077721453641 43.81843045162942 54.85296651256601
52.05082386646748 43.81845003437478 54.85296167520451
52.05087167099006 43.81847002256907 54.85295676775024
52.05085918169988 43.81846479577113 54.85295805284376
52.05087418017637 43.818471069727515 54.85295651142124
52.05080184268287 43.818440783536914 54.85296396269085
52.05085009670509 43.81846098351278 54.85295899406124
52.050896605555955 43.81848047018742 54.85295419424538
52.05089799062534 43.81848104972931 54.85295405179903
52.050826277903575 43.81845105618028 54.85296141912366
52.050875484867895 43.81847162362633 54.85295637220338
52.05092239930541 43.81849126713674 54.85295153879157
52.05093025144431 43.81849455197002 54.852950731664116
52.05079933132945 43.818439903614085 54.85296411320711
52.050850634223096 43.818461311836955 54.85295887356375
52.0509006173496 43.81848217901337 54.85295376260566
52.05094827852143 43.81850211229222 54.85294886669972
52.05096000851611 43.81850702015423 54.85294766047157
52.05082358887374 43.818450135711785 54.852961566598964
52.05087537770747 43.81847173039899 54.852956287613885
52.050925757861904 43.81849275084669 54.852951143929545
52.05097420849174 43.81851299131875 54.85294618142045
52.05098761114663 43.81851859977193 54.85294480271781
52.05079525711909 43.81843844937008 54.85296437424922
52.050848109993254 43.818460482011815 54.85295899041348
52.05090018504272 43.818482186224315 54.852953688446235
52.050950868775196 43.81850332353004 54.85294851995121
52.050999618026324 43.81852367897107 54.8529435330246
52.05100921384825 43.818527691852076 54.852942547544146
52.05076600092457 43.818426393349334 54.85296726617266
52.050819930489695 43.81844886897212 54.85296177635345
52.05087302477058 43.81847099316691 54.85295637365401
52.050925169484316 43.818492722930095 54.85295106679138
52.05097602122932 43.81851392410946 54.852945885069886
52.05101982432125 43.818532198615856 54.85294141399012
52.05102203044612 43.81853313861598 54.852941176438065
52.05079103976219 43.81843696886785 54.85296462880044
52.05084502129283 43.818459462480426 54.852959136004046
52.050898213242334 43.818481622862876 54.852953726210636
52.050950321027535 43.81850333634881 54.85294842366652
52.05100115034688 43.81852452646231 54.8529432453124
52.05103595342023 43.81853905438919 54.852939687714354
52.05081641184821 43.81844768607083 54.85296195573893
52.05087041875452 43.818470187394716 54.85295646216563
52.05092367895311 43.818492372540156 54.85295104774573
52.05097577718483 43.81851408025277 54.8529457473041
52.05102626170422 43.81853513208108 54.85294060063552
52.051045013676244 43.818542957771754 54.85293868504766
52.05078718556928 43.81843565898895 54.85296483422981
52.05084206208193 43.818458523852186 54.852959251425645
52.05089623040976 43.81848108588176 54.852953745562374
52.05094949534866 43.818503271070625 54.852948331878366
52.05100146779063 43.81852492716495 54.852943043733546
52.05105174078585 43.8185458926121 54.85293791747896
52.051056692550986 43.818547959272486 54.85293741153656
52.05081313514489 43.818446628356774 54.85296209513555
52.050868125636065 43.818469534948775 54.852956504369324
52.050922438674 43.818492151570126 54.85295098738071
52.05097555712308 43.81851427731797 54.852945587593545
52.051027344288705 43.81853585788285 54.852940317245825
52.051059649895485 43.818549236501184 54.85293708228284
52.051066681883796 43.818552268167224 54.85293630274588
52.050839532841465 43.81845778475412 54.85295931025333
52.05089458735601 43.81848071397698 54.85295371552475
52.050948870445055 43.818503316893974 54.85294820235601
52.05100189911215 43.81852540497049 54.85294281186841
52.05105357117915 43.81854693729899 54.852937553406306
52.051085279764195 43.81856016391884 54.85293431816296
52.05086623266162 43.81846907191224 54.85295649155876
52.05092131411061 43.81849200916923 54.85295089610072
52.050975555335555 43.81851459336288 54.85294538799833
52.05102864928827 43.81853670463947 54.85293999339266
52.05108006949034 43.81855813437315 54.85293475907348
52.05110714330641 43.818569425453994 54.85293199812762
52.050893197323894 43.81848047531574 54.85295364220246
52.050948224504225 43.81850338848153 54.852948053198446
52.051002573849686 43.8185260127004 54.85294253726501
52.05105564761057 43.81854811334531 54.85293714611261
52.11927128498306 43.90482688012059 54.85194780374097
52.119273609569404 43.904824423379 54.85194739667253
52.05092061212589 43.818492067658916 54.852950746178635
52.05097570588464 43.81851500431852 54.85294515307948
52.05102997230163 43.81853759340511 54.852939645948005
52.119260151954165 43.90484236102145 54.851950985707795
52.11926486644205 43.904837309900984 54.85195013737267
52.119267589527325 43.904834406369076 54.85194965201664
52.05094829982291 43.81850377972216 54.85294781859855
52.05100333442725 43.818526690078286 54.852942232561865
52.11924841894384 43.90485860622216 54.851954315936055
52.11925353975463 43.90485306735479 54.85195337709925
52.11925836133855 43.90484786296555 54.85195249671234
52.11926169632806 43.90484427511277 54.85195189171981
52.11923100222528 43.90488108781931 54.851958717619574
52.11923632172513 43.904875332083535 54.851957741705846
52.119241628104376 43.90486956969702 54.85195676128323
52.1192468546155 43.904863880705406 54.85195579119291
52.11925177051045 43.90485853790064 54.85195488143806
52.11925592588973 43.90485402924573 54.85195411494484
52.11922940281978 43.904886494108574 54.85196023044667
52.11923477729082 43.90488062516875 54.85195922662501
52.119240054345155 43.90487485047098 54.85195823697197
52.11924519394959 43.90486921735323 54.85195727016621
52.119249892388126 43.90486408068546 54.851956390634726
52.11925366440296 43.90485794742985 54.85195501791229
52.119250563433944 43.90486334713182 54.85195626504429
52.11922240091129 43.90489778450413 54.851962747207466
52.11922781889926 43.90489183634799 54.85196172474302
52.11923319236833 43.90488592116378 54.85196070540421
52.119238384233924 43.90488019856599 54.85195971808527
52.1192432665445 43.90487481669447 54.85195878947651
52.11924501897566 43.90487288633714 54.851958456625525
52.11921533849322 43.904909161501784 54.85196528207919
52.119220777160564 43.90490315857969 54.85196424507548
52.11922621996433 43.90489713351808 54.85196320145299
52.11923154969314 43.90489122174164 54.85196217556871
52.11923655848607 43.90488566186389 54.851961210103774
52.11923966891268 43.904882207372815 54.851960609944655
52.11921370052151 43.904914544056496 54.851966780264476
52.119219163122295 43.904908464211914 54.85196572194222
52.11922454893824 43.90490245652645 54.851964674083376
52.1192297118611 43.90489668725684 54.85196366620214
52.11923403078691 43.904891854537354 54.851962820903054
52.11920643204823 43.904926170663806 54.85196936178217
52.11921195690026 43.904919985581344 54.85196827947232
52.11921745445557 43.90491381788893 54.85196719814121
52.11922272959063 43.90490788704788 54.851966156351665
52.11922769926407 43.90490228640006 54.8519651704964
52.11923236954381 43.90489475751459 54.85196349241804
52.11922875880997 43.90490109043547 54.8519649596816
52.119199105115236 43.90493788540043 54.85197196227719
52.11920470899999 43.904931574801815 54.851970852197496
52.119210241883465 43.90492533166197 54.85196975203685
52.11921568119354 43.90491918143297 54.851968666277656
52.11922074042088 43.904913442098554 54.851967650129694
52.119223176515234 43.904910672288494 54.85196715877106
52.119191682330055 43.904949729608944 54.851974588902664
52.11919731830547 43.90494334349284 54.85197345940206
52.119202964765634 43.904936936873895 54.851972324939716
52.11920847815357 43.90493066715121 54.851971212539084
52.11921375680432 43.904924646013576 54.85197014141111
52.11921764525292 43.904920190106544 54.851969345572954
52.1191899584709 43.90495510074719 54.85197606822818
52.119195611910655 43.90494864538797 54.85197491882138
52.11920120141767 43.90494225268209 54.8519737789799
52.11920663226482 43.9049360251709 54.85197266609759
52.119211739274206 43.90493014188414 54.8519716105795
52.11921518006932 43.904924603297914 54.85197037700958
52.119212759833175 43.90492896119901 54.85197139799177
52.023849099203616 44.10749255984548 54.92011449853095
52.07363762191253 43.98271589788864 54.877682450718694
52.11919386394857 43.90495392343204 54.85197636303357
52.11919944527793 43.90494749236933 54.85197520903232
52.11920473279537 43.90494137088399 54.85197410617056
52.1192078805571 43.90493770581941 54.85197344270677
52.02381430877104 44.1075666247387 54.92013665098206
52.05111807708394 44.074249271678084 54.90596872397686
52.05114894655452 44.07418983975276 54.905950903840754
52.11919762551939 43.90495272973191 54.851976627149085
52.11920285660278 43.90494662030771 54.851975518384904
52.11920535796173 43.90494257922864 54.851974616742964
52.11920394997408 43.90494533570097 54.851975284099595
52.02374618178082 44.107697787302186 54.92017559204026
52.023780203133455 44.107639284425176 54.920158384239485
52.02381413752916 44.107580844739516 54.92014119279848
52.05111100606487 44.07426785988463 54.90597516053684
52.0511412275526 44.0742095732203 54.905957666052785
52.0511654844264 44.07416278257011 54.90594362072384
52.02371264560479 44.10776943637993 54.920197027232234
52.02374731489299 44.10770957239913 54.9201794127127
52.02378174946864 44.10765004808712 54.92016189645267
52.05107445439627 44.07434309503219 54.90599856289914
52.05110519856672 44.074283713101174 54.90598072457468
52.05115849142865 44.07417707771977 54.905948051302786
52.05112953361855 44.074236696680785 54.905966598494174
52.02367999072629 44.10783932218864 54.92021793739153
52.023715282098095 44.107778151209764 54.92019993231666
52.023750525404374 44.107716992186724 54.92018192893484
52.051039044217575 44.07441602911636 54.90602125737034
52.051070447286776 44.07435529078336 54.90600299710012
52.05112400346232 44.07424811888875 54.90597015783029
52.05109798558237 44.07430200735766 54.90598697458
52.023612866534826 44.10796883541474 54.92025639525662
52.02364886803083 44.10790627874027 54.92023797835381
52.023684831390995 44.10784372029481 54.92021955919283
52.02372029326614 44.10778199539726 54.920201384465344
52.0510050058853 44.07448622121915 54.90604311219261
52.05103675958466 44.07442472442868 54.90602461003627
52.05109643254811 44.074305271587704 54.90598800090631
52.05106763539406 44.07436490524519 54.90600660871572
52.051083948175574 44.074332240981285 54.90599659640374
52.05108078726471 44.07433941788021 54.90599893766503
51.972940886256026 44.29135785703418 54.97762530879306
51.97300192461574 44.291228335131876 54.97758623013219
52.023655281354735 44.10790751730217 54.92023865907751
52.023691123682774 44.10784494167725 54.92022022905179
52.023726436034195 44.107783253269936 54.92020205936636
52.05100436319585 44.07449157923917 54.90604543364661
52.05103604783473 44.07443012092327 54.906026926634205
52.051078427863466 44.07434524219945 54.90600090642409
52.051067495866974 44.07436910666746 54.906008550779255
52.051083776094316 44.07433648882564 54.90599854956672
52.051093368647116 44.07431889632239 54.905993426537776
51.97292325944769 44.29140135087981 54.97763869105336
51.9729848927638 44.2912704330842 54.97759918554581
51.973046348211554 44.29113982919328 54.977559772040735
51.97310694578026 44.29101103714838 54.977520904831785
52.0509727296459 44.0745568767324 54.90606577492922
52.05100579700657 44.07449267993245 54.90604643355583
52.05103882117093 44.074428557684136 54.90602711304186
52.051095599805855 44.074314750672855 54.90599220951185
52.05107146123576 44.07436516531012 54.906008009705374
52.05111651968204 44.07427480376488 54.905980288934614
52.05110379127652 44.07430236059555 54.905989080973924
52.05114140644329 44.07422688428801 54.90596591968834
52.05113602053012 44.07423974132859 54.90597020635623
52.05117061503161 44.07417028662779 54.90594888633941
52.05116738509969 44.07417877666714 54.905951826098004
52.05119969070323 44.074113897641624 54.90593190736628
52.051198142843674 44.074118971170876 54.90593379182033
52.05122907942117 44.07405682842776 54.90591471098206
52.051227959950566 44.07406096735756 54.90591629614903
52.11923418799783 43.904924178734795 54.851973571869465
52.1192360339716 43.90492339949021 54.851973637309726
52.119238731063106 43.90491868371485 54.8519725461901
52.11924059130865 43.90491777289771 54.851972570486424
52.11924314411117 43.904913324665024 54.851971542801316
52.11924510297385 43.90491219961718 54.85197151333412
52.11924761283751 43.90490781698353 54.851970499875776
52.119249417633156 43.90490683343877 54.8519704903142
52.11925184898587 43.90490260459089 54.85196951409555
52.119253728379235 43.90490147792277 54.85196947014475
52.119256154829415 43.904897223769936 54.85196848467098
52.11925789608653 43.904896274950495 54.851968475478934
52.11926040945952 43.90489186127948 54.85196745233997
52.11926192173247 43.90489122401659 54.85196750632064
52.11926435424546 43.904886915757466 54.85196650396136
52.11926580597331 43.90488632492006 54.85196656271836
52.119268171666775 43.90488210770598 54.8519655788366
52.17600087990921 43.89988634894162 54.818885173105315
52.175997974927654 43.89988266391212 54.81888729734766
52.176006155268276 43.899893264597694 54.81888115834971
52.176004718173104 43.89989146040084 54.818882196013504
52.17600899629625 43.899897112139676 54.81887890970708
51.972846462268095 44.291570323467 54.97768992871271
51.972908853385334 44.29143770568472 54.97764990637579
51.9729714320757 44.29130461362332 54.977609737692404
51.973033639714956 44.29117227263296 54.97756979407172
51.97309602680666 44.291039486204156 54.97752971330092
51.97315877323517 44.29090586709575 54.977489378307986
52.0510113071869 44.07448570401185 54.90604497211776
52.05104513672839 44.07441995435288 54.90602515030706
52.05107842363279 44.07435524008206 54.90600563732926
52.051111106496485 44.074291679444734 54.90598646864385
52.0511423583471 44.07423086134549 54.90596812010829
52.05117304660604 44.074171120504325 54.90595009322481
52.0512026564038 44.07411344656765 54.90593268445013
52.05123163560614 44.07405697959286 54.90591563634018
52.051260254076034 44.07400120121355 54.905898793674126
52.11924423080804 43.90491564777551 54.851972504185355
52.11924860728428 43.904910184180615 54.85197145969632
52.11925285260574 43.90490486114684 54.85197043882128
52.1192570700951 43.904899573855836 54.85196942491946
52.119261158616666 43.904894424989244 54.851968434306585
52.17600762119751 43.89989498170881 54.81888018647882
52.17601306395686 43.89990198308329 54.81887613827733
52.17601816688024 43.89990872119742 54.81887222067181
52.1760121064852 43.89990123232904 54.818876512569716
52.17602259006641 43.899914953248825 54.818868549875276
52.17602001378134 43.8999118032256 54.81887035082795
52.176026785100035 43.899920831558774 54.81886509110424
51.97290138821019 44.29145878579944 54.97765648981978
51.97296617906983 44.29132077847863 54.977614828708845
51.97303164006338 44.291181261219556 54.97757270828028
51.97309634876655 44.29104334021688 54.977531069462074
51.97316108312813 44.290905322371856 54.97748939961845
52.051020791757665 44.07447087826792 54.90604112261696
52.05105424498231 44.07440577285396 54.9060214800522
52.05108640428093 44.07434314530806 54.90600257814974
52.05111761410341 44.07428233615741 54.90598421981176
52.051147802309224 44.07422348462378 54.90596644684026
52.05117759931893 44.07416538155131 54.90594889747365
52.051206497016246 44.07410900243234 54.905931863724696
52.05123521160422 44.07405297270189 54.90591493419107
52.05126376049037 44.07399725871981 54.90589809876418
52.11924787965524 43.90491340817258 54.85197240154638
52.11925219927024 43.90490797609579 54.85197135753471
52.14395743404948 43.92710799337209 54.83866429111683
52.182475483073574 43.96656310703624 54.81709566487213
52.176027152509214 43.899921326375605 54.818864802241066
52.18247731948077 43.966567252825115 54.81709295648916
52.17603465498807 43.89993142852328 54.81885890506556
52.21440111115942 43.94020678744042 54.7958377974977
52.214405707991006 43.94021785055559 54.79583063875105
52.21440396716285 43.94021366253114 54.79583334744498
52.21440630737071 43.940219294066175 54.79582970386989
52.214404464519376 43.94021486009979 54.795832572038584
52.21440994763569 43.940228055751255 54.795824033748744
52.21440762624944 43.94022246767604 54.79582765070138
52.05083265406947 43.818453899726514 54.85296065261721
52.050849047889045 43.81846074115214 54.852958978016034
52.05088656628345 43.81847653514344 54.85295505923307
52.05092171168704 43.8184912109601 54.85295146349483
52.050933936077826 43.81849633724243 54.85295019913418
52.05090305743167 43.818483315981624 54.85295343851244
52.050958459140176 43.81850654396352 54.85294771128419
52.05096340983313 43.81850856737826 54.85294723244115
52.050995340629115 43.81852193015253 54.852943947116174
52.0510078544563 43.81852717735838 54.85294265310388
52.05097185436396 43.81851213281414 54.85294634374691
52.05102373602912 43.818533762720435 54.85294105749976
52.05103208625457 43.81853726399652 54.852940194081135
52.050992063732906 43.81852049657732 54.85294432351104
52.05103303975975 43.818537742772044 54.852940045688655
52.0510573365662 43.818547855878656 54.85293758044203
52.05101893714993 43.818531743263684 54.852941558292514
52.051061465923304 43.81854959878503 54.85293714624076
52.05110542209485 43.81856795716193 54.85293264691933
52.05104524462732 43.818542780893495 54.85293883378117
52.051089538817536 43.81856133088152 54.8529342680533
52.05113206657715 43.81857914317951 54.85292988309625
52.05102444818763 43.818534149950544 54.85294092797583
52.05107132906255 43.81855374283411 54.85293612108643
52.0511168561101 43.81857277806953 54.85293144786728
52.05116036387678 43.81859099134475 54.85292696784713
52.05113424316275 43.81858005471058 54.852929658741076
52.05117393098715 43.81859666968701 54.85292557155171
52.051049741189814 43.818544813547646 54.852938275985345
52.05109721385497 43.81856463718955 54.85293341886555
52.05114372644448 43.81858406052684 54.85292865959415
52.05118844769777 43.8186027537598 54.852924072299345
52.13901651818554 43.847882137809 54.827817406588125
52.05107497088752 43.81855546222996 54.85293562320699
52.05112306093366 43.81857552715115 54.85293071334274
52.05117029294997 43.818595233647024 54.85292589134837
52.051216045290914 43.81861433493317 54.85292121275341
52.139018446030214 43.84788348208471 54.82781914312178
52.139017917494826 43.847883049154376 54.827818601029435
52.13901855913831 43.84788347140997 54.82781915320659
52.05110054317156 43.81856625611068 54.85293293402697
52.051149112277756 43.81858650821096 54.85292798326239
52.05119682083844 43.81860640188404 54.85292311996382
52.139018926055826 43.84788486985985 54.82782065508098
52.13902005415199 43.847884829927864 54.82782082387188
52.13902048354415 43.847884788848454 54.827820861587995
52.05107704391209 43.81855659319092 54.85293524379691
52.051126328880684 43.81857714416495 54.85293021982497
52.05117512453559 43.81859748348275 54.8529252505383
52.11930687079731 43.90477867962457 54.85193805845146
52.1193108887932 43.904774444644104 54.8519373586388
52.11931458265222 43.90477058339612 54.851936725927
52.11931655730503 43.90476856824678 54.85193640394445
52.05110314897225 43.818567620663174 54.85293249309708
52.051152556116705 43.8185882170174 54.852927460180325
52.11929675278392 43.90479281620334 54.85194097257205
52.11930102025016 43.90478828001031 54.85194021661337
52.1193051633664 43.90478387288565 54.85193948165019
52.119309000767785 43.904779815727366 54.8519388091365
52.11931127622405 43.90477745770052 54.85193842619428
52.0511297009408 43.818578835245624 54.85292969636316
52.11928617691436 43.904807543694204 54.851944002375234
52.119290663386614 43.9048027435313 54.85194319727938
52.11929505652914 43.904798034700576 54.851942406104044
52.11929930953689 43.9047934739592 54.85194163946426
52.11930320998607 43.9047893179926 54.85194094523571
52.11930555949097 43.904786852471005 54.851940539627506
52.119275526909526 43.90482239848359 54.85194706139897
52.1192799587169 43.904817664351924 54.85194626861549
52.119284510139806 43.904812764628765 54.851945441889285
52.119288982251206 43.90480793945198 54.85194462597503
52.11929328148486 43.904803301233486 54.85194384174481
52.11929721494408 43.90479908143513 54.85194313213337
52.11929932410537 43.90479684678349 54.85194276093707
52.119269201108565 43.90483269034098 54.85194936555044
52.11927370484963 43.9048278458169 54.85194854876852
52.1192782926844 43.904822879923 54.85194770648046
52.119282798345466 43.904817992024434 54.851946875646235
52.11928709932162 43.90481332816102 54.85194608321425
52.1192910830319 43.90480902273918 54.85194535401625
52.119292966849045 43.90480700596458 54.85194501555377
52.11926280644852 43.904843083891556 54.85195169135396
52.119267353699215 43.90483816189803 54.851950856507486
52.119271964886096 43.90483314398149 54.85195000105927
52.119276521672134 43.90482817129697 54.851949151069704
52.11928087411593 43.90482342135864 54.8519483391149
52.11928487978542 43.90481906271819 54.851947596115544
52.11928667584053 43.904817119489536 54.85194726665014
52.11925635589039 43.90485356391045 54.8519540360333
52.119260890980826 43.904848628562945 54.85195319462273
52.11926557300558 43.904843501243235 54.85195231531195
52.11927016886787 43.90483845690987 54.85195144841076
52.119274544351576 43.90483365318975 54.85195062265743
52.11927862083141 43.904829182637606 54.8519498549585
52.11928046151371 43.90482717139153 54.85194951076033
52.11925444981057 43.90485908932229 54.8519555345603
52.11925907359914 43.90485400223514 54.85195465837657
52.11926371104114 43.90484888199281 54.85195377358985
52.11926815746129 43.90484396724557 54.851952923452515
52.11927230604422 43.90483938256601 54.85195213054582
52.119274220500614 43.904837272866246 54.85195176663281
52.119247836131564 43.904869778788466 54.851957920096524
52.1192525086356 43.90486460484189 54.85195702364675
52.11925716146811 43.90485943750374 54.851956125937114
52.11926162159942 43.9048544768187 54.85195526296634
52.11926580082997 43.90484982480942 54.85195445310174
52.119267878970916 43.9048475117228 54.85195405044128
52.11924121495726 43.90488048949334 54.851960311363214
52.119245854594865 43.90487532066289 54.85195941084295
52.119250540443105 43.904870084146125 54.85195849597763
52.11925507650682 43.90486500459181 54.85195760689801
52.1192593464875 43.90486021519169 54.851956767380514
52.11926182343919 43.90485743409182 54.8519562794466
52.11923447010372 43.904891362552135 54.851962734785445
52.11923916664023 43.90488609374348 54.85196181108314
52.11924387489467 43.90488079834384 54.85196088061582
52.11924847432992 43.90487561337929 54.85195996768803
52.1192528370144 43.90487068389397 54.85195909796663
52.11925600108773 43.904867100409504 54.85195846442913
52.11923241482782 43.90489695852957 54.85196423053975
52.11923712304514 43.90489162725467 54.85196328816447
52.11924180128365 43.90488631847782 54.85196234799183
52.1192463557304 43.90488113750163 54.8519614284921
52.11925053702247 43.90487636425245 54.8519605787686
52.11925251224494 43.90487316249728 54.851959863235976
52.11925094994739 43.90487589186134 54.8519604945197
52.119225546634375 43.904907973113644 54.851966679267264
52.119230313119004 43.90490253848727 54.851965712831046
52.11923511293506 43.90489705766862 54.85196473692014
52.11923978877587 43.90489170492691 54.85196378174162
52.11924417682529 43.90488666302688 54.851962879178544
52.1192462661141 43.90488425507583 54.85196244700367
52.119218590216306 43.90491910446839 54.85196915125025
52.11922348411689 43.90491348916554 54.851968147235866
52.119228340336534 43.9049079078693 54.851967147890335
52.11923317741216 43.904902339846636 54.85196614958866
52.11923779580845 43.904897005436354 54.85196519041053
52.119242156523725 43.904891947253375 54.851964277648804
52.119242873087984 43.90489077778837 54.85196401543517
52.11924243133797 43.90489162730838 54.851964219736004
52.119216556888546 43.90492456634068 54.85197060636757
52.119221536573136 43.904918810415325 54.851969570756694
52.11922650714114 43.904913058337925 54.85196853482247
52.11923129999494 43.904907494769446 54.85196753023793
52.119235943572264 43.90490208839934 54.85196655160655
52.11923915895652 43.90489832133444 54.85196586617181
52.11920963346625 43.90493565926932 54.85197307139336
52.11921466160757 43.9049298089914 54.85197201298519
52.11921972748141 43.90492391426391 54.85197094645282
52.11922471747681 43.90491809880638 54.851969892901906
52.11922954661278 43.9049124527385 54.85196886731582
52.119234148832554 43.90490704745242 54.8519678817862
52.11923837616631 43.90490010731849 54.85196632129028
52.11923703053626 43.90490364705765 54.85196725943461
52.119207778556145 43.90494083629014 54.851974463323316
52.11921290340348 43.90493483668115 54.851973372346336
52.11921803762756 43.904928827592144 54.851972279869955
52.11922302311798 43.90492297468672 54.851971213105315
52.11922787456657 43.90491726278016 54.851970169593244
52.119232515395254 43.904911773562155 54.85196916299516
52.119236570598304 43.904905095824894 54.85196765934065
52.119235579855626 43.90490812150312 54.851968489227325
52.051169651478475 44.07415474351221 54.905941207442396
52.119206144862545 43.90494571142996 54.851975793927224
52.11921127463755 43.90493966452732 54.851974688125594
52.11921641515113 43.90493360744962 54.85197358083296
52.11922143427103 43.904927678026766 54.85197249458572
52.119226257646595 43.90492195453461 54.85197144230367
52.119230895718296 43.90491642682584 54.85197042245266
52.119235356940834 43.90490906182077 54.85196876205323
52.11923535040533 43.904911093434976 54.85196943488333
52.11923575255137 43.90491042735343 54.8519692844871
52.11923581290167 43.90491053847344 54.851969331941454
52.051134596780315 44.074226912827456 54.90596365866016
52.051163828509274 44.07417041247282 54.90594667909842
52.05119314356578 44.074113730321386 54.905929641319155
52.11921492090979 43.90493819268322 54.85197483973457
52.119219899092826 43.90493226553452 54.85197374705774
52.119224768894654 43.90492645348283 54.8519726735439
52.11922952026137 43.904920767065285 54.85197162092429
52.11923411671329 43.904915244582554 54.851970595503104
52.11923711599598 43.90491020638994 54.85196945045491
52.11923859813879 43.904909844780434 54.85196959059455
52.119239553480725 43.90490824122933 54.85196922627837
52.119241104077 43.904906824641984 54.85196902844774
52.05110022705725 44.07429766922884 54.9059856698932
52.05112997035626 44.074240099685575 54.90596835512282
52.05116004290107 44.07418187699943 54.90595084117237
52.05118973888926 44.074124364896846 54.90593353778794
52.0512192712384 44.07406715291501 54.905916321802195
52.1192234552441 43.90493071495604 54.85197385673166
52.119228293367925 43.904924900085156 54.85197277672338
52.11923302933412 43.90491919420124 54.85197171494326
52.119237716825005 43.9049135417678 54.8519706623881
52.11924242233458 43.90490553636267 54.851968832409426
52.11924237164118 43.904907926059025 54.85196961628205
52.119246296141064 43.90490120308724 54.85196807468411
52.11924690549229 43.904902438654986 54.85196859151222
52.11925038597359 43.90489646893566 54.85196722188074
52.11925142389029 43.90489696967732 54.85196757014335
52.119254732980316 43.90489127070993 54.85196626025488
52.11925582522801 43.904891625007345 54.851966569469965
52.119259082270574 43.904886005002936 54.851965276643206
52.11926009685823 43.904886418205635 54.85196559177122
52.11926330275027 43.90488087621597 54.85196431584901
52.11926423967694 43.9048813487074 54.85196463701699
52.11926739531854 43.904875883764426 54.85196337783614
52.11926826847278 43.90487640129471 54.85196370275408
52.119271486158574 43.90487083233117 54.851962419953125
52.11927225050087 43.90487150521946 54.851962777314796
52.11927544915882 43.90486591881988 54.85196148539033
52.119276013760185 43.90486684228199 54.851961890825926
52.11927916195507 43.90486133451016 54.85196061613001
52.11927950505438 43.904862469785684 54.8519610529621
52.1192820672933 43.904857947095266 54.85196000223204
52.11928249642745 43.904858630956554 54.851960304408195
52.119283794332844 43.90485633276755 54.85195976976619
52.175985216256954 43.89986643634945 54.81889665716956
52.051097760678815 44.0743065184602 54.905989034708014
52.05112818356129 44.074247543637725 54.905971281765744
52.05115841387685 44.07418892655923 54.90595363383472
52.051188602025306 44.07413037770137 54.90593600411022
52.051218369192604 44.074072627832344 54.905918611958256
52.119227260510165 43.90492878344072 54.851973883749075
52.11923215992364 43.90492287260136 54.851972782659494
52.119236936634636 43.904917091473635 54.851971703067974
52.11924163017314 43.90491139966592 54.85197063851191
52.11924619108113 43.90490584824868 54.85196959725426
52.11925067118359 43.90490038395564 54.851968570718995
52.119255020342074 43.90489505883712 54.85196756737475
52.1192592394436 43.90488987236285 54.85196658720125
52.11926335568662 43.90488479652525 54.8519656256802
52.11926734421519 43.90487985749587 54.8519646871319
52.119271206738496 43.90487505383575 54.85196377137889
52.119274837452465 43.904870497059704 54.85196289684808
52.119278011082514 43.90486642540023 54.851962103038275
52.17599299438075 43.89987657469105 54.81889077865409
52.175987905981216 43.899869997855674 54.81889458527804
52.175997748602 43.8998831781415 54.818886899882315
52.175997591914964 43.89988297947049 54.81888701439529
52.17599810620209 43.89988365765957 54.818886620198185
52.051098468094324 44.07430899745742 54.905990444385
52.0511295560238 44.0742486547717 54.905972266125595
52.05116047103466 44.07418863453685 54.90595418273493
52.051191227116554 44.07412891004383 54.9059361862435
52.05122157678524 44.07406995806764 54.90591841966052
52.119231528335696 43.904926265225534 54.85197379730666
52.11923634360848 43.9049204083411 54.85197269935046
52.119241000231945 43.904914718206385 54.851971628871176
52.11924551005581 43.90490918336276 54.85197058414697
52.11924993862927 43.9049037370021 54.85196955451785
52.11925423582637 43.9048984307164 54.85196854830257
52.119258402660606 43.90489326385039 54.8519675654616
52.119262492667076 43.90488818131437 54.85196659711413
52.1192664024733 43.90488329042182 54.85196566071995
52.11927017209538 43.904878550265906 54.851964749730875
52.175994195189496 43.899877864730705 54.81889006441307
52.17599935286357 43.89988473247134 54.81888606449695
52.17600397180454 43.89989121731525 54.81888224741364
52.176008287483555 43.89989744331341 54.81887856367466
52.17600788677477 43.8998968964744 54.81887888375939
52.17601086473884 43.899900793213945 54.81887662245563
52.176010928256204 43.89989981329968 54.81887732104246
52.17601465951948 43.899905624869994 54.8188738349815
52.17601866881316 43.89991154465623 54.81887031736386
52.17601603563266 43.89990782541878 54.81887250911146
52.176021189792564 43.89991482031048 54.818868419304735
52.17601943587016 43.89991234969898 54.81886987447609
52.17602538734617 43.89992001043279 54.81886544441518
52.17602735738174 43.89992289674795 54.81886373176185
52.17603352481156 43.89993061862657 54.81885929328477
52.176029621629056 43.899925260815884 54.818862433064695
52.21440110089677 43.94020676292358 54.79583781321352
52.21440396112236 43.940213648079286 54.7958333567266
52.051031112328275 43.818536880530694 54.85294027908017
52.05107159764468 43.818553960547916 54.8529360270379
52.051073544359824 43.818554770625305 54.85293582964769
52.051053270420795 43.81854620195385 54.852937968707494
52.05109007896578 43.81856180622897 54.85293405526207
52.05110638989737 43.81856837424944 54.85293253973137
52.05112570731713 43.81857668618413 54.85293040855443
52.051138222944104 43.81858194134964 54.852929109812315
52.05110695059666 43.8185687825028 54.8529323725609
52.051161467866585 43.818591618617745 54.852926750039416
52.05113256902624 43.81857935647424 54.85292982949283
52.05116846282231 43.81859452778632 54.85292604178988
52.13901295068702 43.84787852614323 54.82781304074324
52.139013687972714 43.84787916173864 54.82781382941277
52.05117508896968 43.81859731554057 54.85292535072065
52.139013870242465 43.847878775556566 54.827813467393966
52.139014359880605 43.84787919680958 54.82781399028344
52.13901489044202 43.84788069730952 54.82781562720088
52.13901552119708 43.84788054323205 54.82781558650998
52.13901651577485 43.847880499560866 54.827815726644666
52.13901576900542 43.84787986358032 54.82781493581716
52.13901716197647 43.84788052183928 54.827815869621595
52.139016728908736 43.84788210478886 54.8278174119129
52.13901752205349 43.84788198540752 54.82781743698213
52.13901827115542 43.84788185407076 54.827817441606776
52.1390192768135 43.84788180219873 54.82781757539412
52.139018537848 43.84788117114362 54.82781679106692
52.1390198967262 43.8478818115478 54.82781770022871
52.13901929960868 43.8478833679442 54.827819184799225
52.13902016695102 43.84788325989152 54.82781923527667
52.13902093444912 43.847883122179454 54.8278192367856
52.139021898300776 43.84788306229228 54.827819354583625
52.1390209668933 43.8478847219138 54.82782088282921
52.13902187650755 43.84788461482307 54.827820942151746
52.13902272574879 43.84788449012501 54.82782097219948
52.13902347061883 43.84788433414319 54.827820950771795
52.13902206890015 43.847883166350634 54.827819492978634
52.13902410410854 43.84788429593004 54.827821029370796
52.11931761749129 43.90476749827095 54.85193623503814
52.13902345024842 43.84788593090781 54.82782258395197
52.13902436206726 43.8478858146231 54.82782263425891
52.13902522375636 43.847885683849654 54.82782266039253
52.139025975800486 43.84788551980506 54.82782263203283
52.13902578362834 43.84788536040995 54.82782243289712
52.13902599473998 43.84788551297562 54.82782262855254
52.11931219927513 43.90477650697792 54.851938272783684
52.11931534084579 43.904773244133835 54.85193774166791
52.11931867299393 43.90476973022005 54.8519371607056
52.11932188929846 43.90476633548002 54.851936598949116
52.11932490840165 43.904763157813775 54.85193607459877
52.13902844694866 43.84788668869602 54.82782428977339
52.119306507677166 43.904785863339406 54.85194037788591
52.11930982730303 43.90478236067674 54.85193979845857
52.11931334845968 43.90477859637487 54.85193916760052
52.11931691399529 43.90477476016579 54.851938520675716
52.119320331185236 43.904771082990116 54.85193790047617
52.11932353668349 43.90476764055848 54.85193732100187
52.139028514803655 43.847886723078915 54.82782433763713
52.11932617310218 43.90476483082994 54.851936851555465
52.11930058082606 43.90479551731283 54.85194254043462
52.119304077091286 43.90479177716101 54.851941913220024
52.119307834688314 43.9047877069544 54.85194122237273
52.11931158569802 43.904783626959066 54.85194052712207
52.11931536454988 43.90477949699552 54.85193982018074
52.11931901222097 43.904775506375344 54.85193913644488
52.119322177454 43.90477207119724 54.85193855231073
52.11932606618396 43.904765178125515 54.85193694800577
52.11932441716611 43.90476966672369 54.851938147687335
52.11929453572313 43.90480532624231 54.85194473363714
52.11929819198288 43.90480136921828 54.85194406255384
52.11930205653554 43.90479714797255 54.851943340369814
52.11930605528114 43.904792751642454 54.851942583652026
52.119310079779304 43.904788309209735 54.8519418161593
52.119314005381256 43.904783968256325 54.851941064976444
52.11931762627319 43.90477997133624 54.85194037445113
52.11932075117129 43.904776543124264 54.85193978554956
52.11932421060965 43.904770355855135 54.8519383400543
52.11932292738049 43.904774179160555 54.851939383220945
52.119288420150184 43.90481523236506 54.85194694671619
52.119292173545496 43.904811133137045 54.85194624550383
52.119296208118406 43.904806686828636 54.85194547849338
52.119300325799415 43.90480212746722 54.85194468856285
52.11930454605267 43.904797433081136 54.851943871839055
52.11930869861607 43.90479280387369 54.85194306485901
52.119312595978464 43.90478845956373 54.851942307606876
52.119316110512585 43.90478454925707 54.85194162715034
52.11931927475764 43.904781034555086 54.8519410164612
52.1193227406214 43.90477480580738 54.85193955833322
52.119321353280064 43.90477875061454 54.851940623536734
52.119282250356946 43.90482521623494 54.851949176072296
52.119286086619454 43.9048209912895 54.85194844769625
52.11929019728489 43.90481643053009 54.851947656070784
52.11929444919893 43.90481169058527 54.851946829789284
52.119298784703304 43.90480683946103 54.851945981293916
52.1193030992036 43.90480199951676 54.85194513282141
52.11930722215193 43.90479736941725 54.851944320348274
52.11931102775961 43.904793095383795 54.851943570307924
52.11931451629643 43.904789176965814 54.85194288259824
52.11931757799391 43.904785741471734 54.85194228018979
52.119321093804956 43.904779453198685 54.85194081107987
52.11931961463959 43.904783468300195 54.85194188348893
52.119275966148244 43.904835347544505 54.85195143426192
52.11927988638371 43.904830995114445 54.851950678329985
52.11928407398268 43.90482631850192 54.85194986177196
52.11928839822454 43.904821470188466 54.85194901223258
52.11929283345764 43.90481648059607 54.851948135302564
52.119297276074455 43.90481147005586 54.851947252718986
52.119301528707936 43.90480666686936 54.85194640558365
52.11930559034836 43.90480207230701 54.85194559414084
52.11930933651893 43.9047978301288 54.851944844237664
52.11931276777034 43.904793939695296 54.85194415575864
52.11931577565308 43.9047905260741 54.851943551162435
52.11931933967013 43.9047841824649 54.85194207215474
52.11931764538188 43.904788406293555 54.851943176055926
52.11926961302835 43.904845579653255 54.85195371379788
52.11927360403451 43.904841114413145 54.85195293286139
52.11927785444036 43.90483633771946 54.85195209412398
52.1192822222894 43.90483141357872 54.85195122708194
52.11928672658172 43.904826320825705 54.85195032804817
52.11929126660233 43.90482117552418 54.851949417851685
52.119295647172756 43.90481620182662 54.851948536601924
52.11929983829958 43.90481143429263 54.851947690500296
52.119303839162065 43.90480687403356 54.85194687977146
52.11930752667285 43.90480266228157 54.851946129667795
52.11931090164973 43.90479879822363 54.8519454400631
52.11931370342179 43.90479558055816 54.85194486430372
52.119317152945555 43.90478951982069 54.85194345904473
52.11931525386272 43.904793792615635 54.85194454325077
52.11926320846274 43.904855877406085 54.85195600608269
52.119267271713916 43.90485129704741 54.85195519963453
52.119271586772264 43.90484641758097 54.8519543381487
52.11927599983374 43.90484141497225 54.851953453009685
52.119280543752666 43.904836252318475 54.85195253774079
52.11928513557859 43.904831024450154 54.85195160924454
52.11928961326437 43.9048259160913 54.851950700364426
52.11929393175767 43.9048209787391 54.85194982027811
52.119298061514115 43.90481624623931 54.85194897502899
52.11930200189563 43.90481171955038 54.85194816482306
52.119305616170195 43.9048075545126 54.85194741736433
52.1193088287483 43.90480383737909 54.85194674800161
52.119311550830346 43.9048006694063 54.85194617474269
52.11931443240925 43.904795621649 54.85194500586559
52.11931264223183 43.9047993859399 54.85194594049
52.11925680883629 43.904866184228304 54.85195830224299
52.119260903772684 43.90486153387538 54.85195747813507
52.11926524173501 43.90485659812923 54.85195660199818
52.11926970118055 43.904851514830696 54.8519556982307
52.119274257364324 43.904846312310205 54.8519547718886
52.119278901780156 43.90484100044373 54.85195382475544
52.11928344611637 43.90483579209034 54.851952894399176
52.11928786157152 43.90483072001147 54.85195198663388
52.11929211824081 43.904825818233675 54.85195110749967
52.119296187041556 43.90482111988003 54.85195026288122
52.119300022208165 43.90481667695196 54.851949461998295
52.11930354939075 43.90481257379104 54.851948719783095
52.119306648441224 43.904808946542346 54.85194806031618
52.11930918774445 43.904805944333916 54.85194750997279
52.11931108790403 43.90480262335617 54.851946741715906
52.11930991856822 43.90480506830626 54.85194734760782
52.1192545825434 43.9048717330729 54.85195975234941
52.119258905013226 43.90486678246495 54.851958868563415
52.11926338491489 43.904861646569685 54.851957950937106
52.1192679421191 43.90485641533104 54.851957015246995
52.11927258255047 43.90485108226634 54.85195606038219
52.11927717949434 43.9048457893974 54.85195511122049
52.11928166172094 43.90484061671353 54.851954181797765
52.11928601516358 43.90483558023221 54.85195327495917
52.11929021036991 43.90483071324384 54.85195239658
52.119294204029536 43.90482606462973 54.851951555275846
52.119297935671206 43.90482170259294 54.85195076306056
52.11930131784314 43.90481772570082 54.85195003728637
52.11930429140148 43.90481420084281 54.851949389764364
52.11930677172795 43.90481122353718 54.8519488373325
52.11930788693985 43.90480928533146 54.85194839005208
52.1193072171437 43.904810680463285 54.85194873533681
52.119248317949896 43.90488188666616 54.8519620213738
52.11925260168461 43.9048769444088 54.85196113356042
52.11925705012191 43.90487181191552 54.85196021154103
52.11926159793151 43.90486656172934 54.8519592679165
52.11926623715307 43.9048612026767 54.85195830421804
52.11927083069891 43.90485588694486 54.851957346875366
52.119275365783665 43.90485062889035 54.851956398407495
52.11927978610095 43.90484549127099 54.851955469752745
52.1192840778556 43.904840489693214 54.851954563667576
52.11928819758239 43.90483567281518 54.85195368866633
52.11929207289928 43.90483112159526 54.851952858904156
52.11929573245975 43.90482680460558 54.85195206898345
52.11929906020722 43.90482285162743 54.851951341591636
52.1193019851859 43.90481934237661 54.85195069072198
52.11930439299195 43.90481640510809 54.85195013884558
52.11930506945883 43.90481523007918 54.85194986774944
52.119304768836095 43.90481594331932 54.85195005160664
52.11924634116652 43.904887076231276 54.851963396077686
52.11925074923735 43.90488195403236 54.851962470389445
52.119255278467946 43.9048766928064 54.851961519842106
52.11925985119487 43.90487137773641 54.85196055906549
52.11926445845677 43.90486601861094 54.85195958973425
52.119268991000396 43.90486073566576 54.85195863256309
52.11927346441499 43.90485551189609 54.85195768464651
52.11927782312726 43.90485040872842 54.851956756609844
52.11928202458574 43.90484547339985 54.85195585665639
52.119286084483655 43.904840688952035 54.85195498191429
52.11928991530213 43.904836152459744 54.8519541492289
52.119293431847595 43.90483195869288 54.851953375088954
52.1192967504581 43.90482797960168 54.85195263743084
52.11929964188783 43.90482446950897 54.85195198039437
52.11930210950072 43.904821425549386 54.851951403619296
52.119303033198875 43.90481983533773 54.85195103817523
52.119302705028055 43.90482068740581 54.85195126325341
52.11924019771294 43.90489710046647 54.851965643447116
52.11924453271536 43.904892020671866 54.8519647190035
52.11924900795992 43.90488678427111 54.851963767217754
52.11925353440124 43.90488148775588 54.8519628044739
52.11925807642909 43.90487616972152 54.85196183732647
52.11926260927467 43.90487085706415 54.851960870351434
52.11926710880076 43.90486557608581 54.85195990803851
52.11927149322885 43.90486041620227 54.85195896569954
52.11927577681213 43.904855362095496 54.851958040754155
52.11927991789406 43.904850459624924 54.85195714110567
52.11928387530948 43.90484575428411 54.85195627462221
52.11928764899105 43.90484124663038 54.85195544147688
52.119291153760344 43.904837030690096 54.85195465791442
52.1192944201686 43.90483307358496 54.851953918389086
52.11929735007899 43.90482948386713 54.85195324169038
52.119299804797265 43.90482641502225 54.85195265439687
52.11930132114506 43.90482383909892 54.85195206595254
52.119300987917384 43.904824941411036 54.851952373160394
52.11923848532471 43.904901925304415 54.851966943553506
52.11924282018253 43.90489680286369 54.851966004936884
52.11924729351394 43.904891528931 54.85196504036439
52.11925184467371 43.90488616824583 54.85196406067037
52.11925634241741 43.904880862118674 54.85196308970164
52.11926084401584 43.90487554862592 54.851962116965915
52.119265270124274 43.90487031350969 54.8519611569834
52.11926960857282 43.904865170091 54.851960212037596
52.11927383197164 43.90486014828177 54.85195928724496
52.11927790068103 43.90485529145216 54.851958390036934
52.119281799774726 43.90485061627425 54.85195752332497
52.11928550316205 43.90484615164888 54.85195669211811
52.119289039184 43.90484186722473 54.851955891321026
52.11929229692193 43.904837884546524 54.8519551417904
52.11929520747608 43.90483427970602 54.851954456678016
52.119297564177685 43.90483127969611 54.85195387501916
52.119300338324194 43.904826608714764 54.8519528122821
52.11930005685934 43.90482814955005 54.851953274051525
52.11923679991084 43.904906662940114 54.851968219464766
52.119241201658326 43.904901427314584 54.851967255038176
52.11924568685025 43.90489610190355 54.85196627546944
52.11925018169994 43.904890764908046 54.85196529375244
52.11925467627063 43.904885426627416 54.85196431156017
52.119259146600996 43.90488011247788 54.8519633331193
52.119263541832424 43.904874876935 54.85196236757663
52.11926782123012 43.904869763915265 54.85196142235267
52.11927197313467 43.904864786266586 54.851960499663505
52.11927601160303 43.904859929160246 54.85195959705668
52.11927985422041 43.904855281904204 54.85195872969659
52.11928357207381 43.904850768223085 54.85195788475441
52.11928708214772 43.904846478346 54.851957077594726
52.119290302988304 43.90484250125007 54.85195632344086
52.119293083656686 43.904839001730004 54.85195565047427
52.11929520801105 43.90483621603865 54.85195509913975
52.119299985572596 43.904828311234276 54.85195331517925
52.17596897119826 43.899845735173315 54.81890860225225
52.17596858347816 43.89984521766862 54.818908903805934
52.175971735047646 43.89984929673747 54.81890654217588
52.1192396876788 43.90490588528353 54.85196846825656
52.11924419760908 43.90490049571815 54.851967471746306
52.119248677414845 43.90489513823129 54.85196648059136
52.11925316878054 43.904889768326726 54.85196548734555
52.119257622694235 43.904884437681645 54.85196450055142
52.119261933604704 43.90487925861028 54.85196353894537
52.119266183200025 43.90487414435423 54.851962588081236
52.11927030530548 43.90486916565599 54.851961659814435
52.11927428729569 43.90486433638282 54.85196075652974
52.11927813009392 43.90485965595053 54.851959878195345
52.11928182066251 43.90485513875875 54.85195902730031
52.1192852920791 43.90485085725419 54.85195821613417
52.119288393822856 43.90484697434109 54.85195747232462
52.119290897321704 43.904843737908 54.85195683799515
52.17597440402042 43.89985302610732 54.81890434903461
52.17597960696554 43.89985995315857 54.81890031469131
52.17597703610652 43.899856383808235 54.81890241110534
52.17598229833449 43.899863435377846 54.81889829876499
52.1192430309214 43.904904498262674 54.851968594826445
52.11924753652856 43.904899077184474 54.8519675871033
52.11925201395208 43.90489368688148 54.85196658464372
52.1192564265199 43.904888365737875 54.851965593745845
52.11926074969847 43.904883139642024 54.851964618692605
52.11926494450275 43.90487805000724 54.85196366638115
52.119269011833836 43.90487309623854 54.85196273677222
52.11927299344562 43.904868234293225 54.85196182258231
52.11927680913884 43.904863549698064 54.85196093811025
52.11928048729253 43.90485901273432 54.85196007847727
52.11928378404406 43.90485488441656 54.85195928747802
52.119286580232966 43.90485129389141 54.85195858704468
52.17598046932502 43.89986069469201 54.818899931664305
52.17598471610759 43.89986711509033 54.81889610033217
52.17599008045572 43.89987401956448 54.818892107665505
52.17598751922092 43.89987044789458 54.818894207248476
52.17599272429265 43.89987743459203 54.81889013134155
52.17598930034069 43.899872748465135 54.818892875887514
52.17598678207773 43.89986860337112 54.81889538519613
52.17599099687793 43.899874953757816 54.81889159793448
52.17599517828718 43.899881185928464 54.8188878883835
52.175997800932585 43.89988457089889 54.818885929786376
52.17600043487677 43.8998884894275 54.818883598151174
52.17600296801133 43.89989180450381 54.81888167434067
52.17601073267214 43.899901283180625 54.81887625711188
52.176006566663894 43.89989583576319 54.81887941780669
52.17601572680168 43.89990762415183 54.81887260111373
52.1390142738213 43.84787917173506 54.82781394857801
52.13901565935102 43.847879821098815 54.82781487187984
52.139016886819974 43.847880421728256 54.82781571583472
52.13901777130604 43.84788070655036 54.82781617226584
52.13901953869323 43.847881554061246 54.82781736969611
52.139019687637514 43.8478816125481 54.82781745734627
52.13902189659215 43.84788304616257 54.827819337730155
52.139020582674995 43.84788221754879 54.82781824397895
52.13902140347285 43.84788246486495 54.827818650119326
52.139021447720665 43.84788253814021 54.82781873346575
52.13902198574182 43.847882520079864 54.82781881497607
52.13902429401644 43.847884204802575 54.827820971255406
52.13902322957032 43.84788310533719 54.82781964621326
52.13902391672539 43.84788370359753 54.82782038728774
52.13902297661224 43.847883213979486 54.82781971056259
52.13902445900702 43.847883682403676 54.827820466377744
52.13902636471053 43.847885242781246 54.82782242033784
52.139025678699596 43.847884252495724 54.827821277580625
52.13902634994797 43.8478848423797 54.82782200711058
52.139025359027535 43.84788434568419 54.82782131368401
52.13902687482191 43.847884811499114 54.82782207303364
52.139028450932976 43.8478866797073 54.82782428129911
52.13902871200544 43.84788635075921 54.827823992605786
52.13902805623209 43.847885362001925 54.827822857036864
52.139028715055076 43.847885944297005 54.82782357647681
52.13902774438754 43.84788546251764 54.82782290210723
52.13902904789376 43.847885277533955 54.82782295480547
52.13902970863576 43.847885856573754 54.827823671264944
52.13902972917782 43.84788541728933 54.82782322473945
52.13903016392118 43.84788579960616 54.827823697506744
52.11932630755189 43.90476469822028 54.85193683115753
52.11932734754926 43.90476379634229 54.851936714473815
52.119327697439545 43.9047636922791 54.85193674135375
52.11932944814166 43.904761761931894 54.8519364082027
52.1193247016339 43.90476937807784 54.85193810185196
52.11932592377899 43.90476820640156 54.851937927629265
52.11932633201405 43.90476797591716 54.851937922808595
52.119329972198074 43.904761878305024 54.85193653877565
52.11932881204136 43.904765226376476 54.85193744588402
52.119323191466286 43.904773904432176 54.85193933842578
52.119324388398354 43.90477270980206 54.85193915216364
52.11932483951037 43.90477237230283 54.85193911936585
52.11932883923099 43.904765652991586 54.85193759218278
52.11932745886027 43.90476944829442 54.85193860901231
52.11932155460495 43.904778538791724 54.851940588596236
52.11932275874736 43.90477728343509 54.85194038345373
52.119323115959986 43.9047769994295 54.85194035192376
52.119327172185365 43.90477021908097 54.85193881440792
52.11932570434142 43.90477408244598 54.85193983846602
52.11931981022451 43.90478325565874 54.85194184726953
52.119320884132875 43.9047820995046 54.85194165218211
52.11932119779736 43.90478180974452 54.85194161110084
52.11932496249711 43.904775581933265 54.85194020572635
52.11932272596931 43.90478007188035 54.85194130275312
52.119317869235175 43.90478815493231 54.85194313195227
52.119318802112794 43.90478710902883 54.85194294869039
52.11931918327632 43.90478668569348 54.851942875141674
52.11932043521546 43.90478461736528 54.85194240868813
52.11931931637545 43.90478653306351 54.851942847865104
52.11931561696315 43.90479336985779 54.85194446672374
52.11931646136687 43.904792372481374 54.85194428403413
52.11931716646863 43.90479152386514 54.851944126248796
52.119317436684966 43.904791051545246 54.851944016979566
52.11931723147527 43.904791447530656 54.85194411233328
52.11931315342272 43.904798766198205 54.85194582460308
52.119314004378026 43.904797708929664 54.85194562319434
52.119315071742534 43.90479639708896 54.851945375310365
52.11931522489537 43.904796115310326 54.85194530870866
52.119315207911455 43.90479623572889 54.851945345676356
52.11931066801803 43.90480413168348 54.851947168409424
52.11931154050397 43.90480299869489 54.851946945659385
52.119312889506105 43.90480132078075 54.85194662575721
52.119313165604964 43.904800842921624 54.85194651568269
52.11931441589531 43.90479951725261 54.851946295312956
52.1193082363412 43.90480938087199 54.851948483063666
52.11930927593974 43.904808010093895 54.851948210754884
52.11931062385587 43.904806288362934 54.85194787612612
52.119313280331426 43.904802002308614 54.85194692043642
52.119312124363375 43.904804497831336 54.851947545451424
52.1193060454397 43.904814306220274 54.851949732539396
52.119307016901736 43.90481296342951 54.851949457557964
52.11930827898304 43.90481129331626 54.851949124989915
52.11931094895486 43.904807002072346 54.85194816994706
52.1193098111779 43.90480945157977 54.851948782889096
52.11931197772497 43.904805770184005 54.85194794181392
52.119303916326885 43.90481911115915 54.85195095291328
52.11930459410733 43.904818046364255 54.8519507186172
52.11930861167244 43.904811956832134 54.851949403491474
52.11930585915441 43.904816329202774 54.85195037096163
52.11930744600194 43.90481339852735 54.85194967720223
52.11930737977197 43.90481448510047 54.851950026044264
52.11930184699362 43.90482379907321 54.85195214495553
52.11930141764252 43.90482390517196 54.85195210480627
52.11930304728155 43.90482179610906 54.85195169112187
52.119300101019434 43.90482808256384 54.85195325957888
52.17595925252721 43.8998344332832 54.818914987827355
52.175961838704026 43.89983792372647 54.818912949298564
52.11930068968597 43.90482583760625 54.851952618131605
52.17596230311544 43.89983842967843 54.81891266812741
52.17597266699052 43.89985082716005 54.818905616053186
52.175967404489924 43.89984430684847 54.81890935512065
52.17597669410006 43.89985622844949 54.818902465549115
52.175982231280194 43.89986340273173 54.81889831097524
52.175987475285275 43.89987042520698 54.81889421616015
52.13903014045131 43.847885792250366 54.82782368560238
52.11932910002956 43.90476217504854 54.85193648416163
52.11932921976342 43.90476295121651 54.85193676266327
52.119327791759076 43.90476641427761 54.851937660914174
52.11932767671702 43.90476719959878 54.85193790125146
52.11932420454601 43.90477325584254 54.851939301045306
52.11932424902032 43.90477353928104 54.85193940287931
52.1193227319936 43.90477754826084 54.85194046661323
52.1193225077035 43.9047781289926 54.85194061990711
52.11931983653064 43.90478343579481 54.85194191164516
52.119319607264586 43.90478404112537 54.851942072226336
52.11931659551513 43.904789663803626 54.85194340898668
52.11931632089956 43.90479032607828 54.85194358050035
52.11931438576304 43.90479465649962 54.851944677496554
52.11931409939247 43.90479532536886 54.85194484913505
52.11931251104238 43.90479921369661 54.85194586032675
52.119312094568826 43.90480007968219 54.85194607452571
52.119312593654975 43.90480151748446 54.8519466390936
52.11931125440118 43.904803853436604 54.85194717900707
52.11931141184577 43.9048052893691 54.851947682999885
52.11931023377605 43.904807802547694 54.8519483099935
