ply
format ascii 1.0
element vertex 3892
property float x
property float y
property float z
end_header
39.53805612833865 51.99303662958886 41.731891615396584
39.53801082151889 51.993179567653414 41.731767102895205
39.68902482569595 51.826664672197154 41.998826248519904
39.68853408651395 51.826625614228 41.998260883781
39.688454376993135 51.826619258693356 41.99816905012509
39.68813543236903 51.82659376116587 41.997801575837805
39.68790446960686 51.82657530569054 41.99753547261494
39.68784274268515 51.826570345568214 41.99746434706989
39.50194711105703 51.92959288990524 41.75078552284992
39.501320079371425 51.93063478151475 41.74976260900518
39.50150704076475 51.9303236744263 41.750067453574154
39.501327049341434 51.93062273329609 41.74977381613566
39.50115381406749 51.930910550341444 41.749491194928886
39.53833386914032 51.992773638529115 41.73221988456549
39.50098822798661 51.931185646179685 41.74922104841152
39.500780044398944 51.93153181613063 41.74888151264395
39.800406836068674 51.70730153220322 42.15565081217518
39.80038471211041 51.70751200239353 42.15553553782594
39.732107156457076 51.80095721792363 42.04882133050438
39.73198266924687 51.80096227356074 42.048679428262155
39.73161196089739 51.800977869802054 42.048256881049795
39.73095406139832 51.80097666241335 42.04750585818828
39.73116936264113 51.80098857232036 42.0477520828038
39.731122674757515 51.800989628606246 42.04769883086793
39.69038194305202 51.82677014935332 42.00038909819669
39.690119352378005 51.82674943639296 42.00008662317869
39.689788916092084 51.8267232578428 41.99970596879687
39.688961790611565 51.82665844976658 41.99875332297623
39.6893466849177 51.82668817078578 41.999196516423055
39.68928021362444 51.826682888272785 41.999119939004686
39.68886818588217 51.826650115708496 41.99864526041865
39.68873068031582 51.826639326575744 41.998486883889
39.68861744050916 51.826630352381876 41.99835643372505
39.688430723286004 51.82661564680954 41.99814136211824
39.50188227580543 51.92969946380278 41.75067934789276
39.50133373982799 51.930611138861636 41.74978456361312
39.5015963353097 51.93017507407055 41.75021304582253
39.50122692216995 51.9307886364186 41.74961030798339
39.501488048613034 51.9303550113888 41.75003639323261
37.191891573256484 46.564757930381134 42.57063322441294
37.19165803450004 46.56506030624783 42.570935868733265
37.19122839540034 46.5656343571094 42.571500595707384
37.16435262649037 46.63629030524604 42.62836766450416
37.16434619458746 46.63633586398671 42.62839929600708
37.16397305175657 46.637571545743334 42.62937850867108
37.16387505430898 46.63828630711713 42.62987299158146
37.16377490686521 46.638905842083105 42.63031087682526
39.86545159100939 51.66040275998019 42.24379043131847
39.86573877495889 51.66119701748751 42.24393514511451
39.865776418092715 51.66130212935933 42.243954028791215
39.86599959962973 51.661925081268905 42.244066008418955
39.86623940103252 51.66259099006207 42.24418661759498
39.86644404296932 51.66323208343067 42.24428337792867
39.86632957881978 51.662845443826406 42.24423163108222
39.86644482907508 51.66316964016977 42.24428924485427
39.86663220138974 51.66369027959688 42.24438345733469
39.80046579600233 51.70709873666618 42.155813346251215
39.80052720826065 51.70683939355052 42.156002077615604
39.800518423625135 51.70703177102423 42.15591234934308
39.80050854598006 51.70738855867822 42.155754706862034
39.73223692839187 51.800967846995206 42.04896987568972
39.80049020645163 51.70753196026486 42.1556717013634
39.73249560916104 51.800989372820425 42.04926599127291
39.732070557896066 51.80101266995666 42.04878171275287
39.731901560712465 51.80101656266439 42.048588958217096
39.73160772527135 51.80102301206996 42.04825380345065
39.69097664939681 51.82681528041964 42.001073683341765
39.73117798274491 51.801028519043996 42.047763477451426
39.73116880208529 51.80102859249446 42.04775300081678
39.69044390957271 51.826773250506974 42.0004600248199
39.69018759535041 51.82675300409895 42.0001647723555
39.6899399791474 51.826733386787225 41.999879524619644
39.68950964344663 51.82669924217471 41.999383775544416
39.689500143174 51.826698529543805 41.999372841587885
39.6893128093854 51.82668404553165 41.99915712809899
39.689011290598565 51.82666000681687 41.998809747735926
39.68930509172532 51.82668490896354 41.9991486105381
39.620443917815976 51.94372121322823 41.88830357158377
39.689319855174084 51.826686317467555 41.99916567807702
39.68892487798467 51.82665560708034 41.99871082120691
37.19145793676691 46.56529090101263 42.57118242771803
37.16405146478524 46.63727277466839 42.6291489555916
37.1638750005028 46.63780356840257 42.62957945682259
37.16425930461305 46.636590204863694 42.62860700392061
37.16353414221496 46.638989516019485 42.6305087189115
37.16336323599231 46.63927997879388 42.63078967530321
37.16324086462093 46.639919987482564 42.631253576221624
37.16350048031683 46.63953448817918 42.630860678990175
37.162946926730186 46.640887699194124 42.63202148345218
37.190951681229315 46.672128656652355 42.63729315701198
37.19056534952543 46.672196010492655 42.637542147734635
37.193438077696875 46.67173579029381 42.63571536927163
37.19087163032692 46.67233612278729 42.637462400392906
37.192769577302734 46.67290147390969 42.6367840737005
37.259442523003074 46.714139828716526 42.61981618356711
37.19298844622738 46.67293533921405 42.636686801631654
37.331274741267734 46.72231390758608 42.57948361930159
37.25885447445029 46.714401107637784 42.62028637757839
37.35612927138159 46.757916769174514 42.58086640810746
37.37042229333578 46.764458873808564 42.57826153485221
37.35613696689056 46.75792724335904 42.580868120649306
37.37042201431843 46.76447023825984 42.57826686192512
37.426886808093094 46.819398572387186 42.584718663834856
37.42726302796409 46.81978055598718 42.58477140817714
37.42919123138928 46.82173885875805 42.58504200616314
37.57708422027618 46.989532077131614 42.597676967727466
37.57702303088014 46.9894536316233 42.597679056573625
37.57714064935594 46.989609232503234 42.597676380926046
39.90097106749346 51.14287471456932 42.564624203416884
39.90098092586537 51.142964963322385 42.564550817983054
39.90098983279755 51.1430474470495 42.564483526061345
39.90099796107732 51.14312421035774 42.56442055704703
39.90099618780964 51.14310713863661 42.56443463454222
39.900997592424474 51.14312040093215 42.56442375611545
39.9010042265934 51.14318343498907 42.56437196298189
39.90100979467526 51.14323680494125 42.56432800590392
39.90101540557123 51.14329208548479 42.56428214072447
39.90101268135848 51.14326503344317 42.564304631282795
39.90101430217678 51.14328093280402 42.56429145497462
39.860743293777695 51.29166550296192 42.427155270705086
39.861029909361505 51.290813872619125 42.42796286426777
39.860423324027295 51.292619320502354 42.42625340417901
39.865497218718126 51.66047438145926 42.24381804354785
39.85892528860021 51.43526068795458 42.33780665634688
39.865524361987454 51.66051718419183 42.24383445306067
39.86574282410634 51.661199950381054 42.24393788532004
39.86578348819003 51.66123117307399 42.24396525443722
39.86602932380485 51.66190634433423 42.24408953302686
39.86624179601327 51.66256138232947 42.24419089196263
39.86604913065839 51.66196183970689 42.24409945320067
39.86624785374009 51.662514863430886 42.24419930143674
39.86644582812623 51.663066466591246 42.24429871736123
39.86662257189072 51.66361569673683 42.24438266470285
39.866518650113804 51.66327333362176 42.24433495012037
39.8666122962019 51.66353836332136 42.24438162801812
39.86676486597376 51.66396468730105 42.244458139276595
39.80053682529729 51.707312225888046 42.155824206459855
39.8005744365807 51.70708226599319 42.155968527889144
39.80056224751601 51.7072405902032 42.155887902404444
39.80054285380223 51.70753192899507 42.15574369067633
39.73219096444104 51.80101895903775 42.04891939863572
39.732566706253046 51.80101882377334 42.04934829327256
39.73234491301756 51.801027090094465 42.04909544361356
39.73197218817929 51.801044421075275 42.04867066215812
39.73181820484557 51.80104913497752 42.048495077524144
39.73159466079325 51.80105459251828 42.048240120013446
39.69105942226444 51.82682033716631 42.00116865605679
39.69097440042751 51.826813744159885 42.00107074912476
39.69068022502746 51.82679076981805 42.00073195020994
39.69026025276062 51.826757599515304 42.000248178316085
39.69025398699009 51.82675763921973 42.000241095885315
39.69024061721371 51.82675705291237 42.000225813832564
39.68995350006914 51.82673436802019 41.99989507763649
39.68997650779925 51.82673700759483 41.99992178853947
39.68997918528861 51.82673731206039 41.99992489629432
37.163810915521324 46.63807633959324 42.62978445307986
37.1633023087837 46.63950204018168 42.630961906003016
37.16298593486471 46.64043495680034 42.63172234777856
37.16314290097071 46.63994474337488 42.63132842588888
37.163501198652284 46.63889493075099 42.63047130686385
37.16269158575335 46.641341684270756 42.63245341969974
37.16258469595016 46.64195017892412 42.63288870639449
37.16246300304145 46.64216584336546 42.633094136984894
37.16276776076842 46.641164448454376 42.63229914181798
37.16293505227418 46.640932576198324 42.63205602238715
37.162315168716944 46.642897988355 42.63362961072875
37.16233271445792 46.643276796768916 42.63384926572051
37.16205906663096 46.64385919034767 42.634370465055554
37.18876676595136 46.67358785126272 42.63935690488698
37.19050128298708 46.673386748131364 42.63830059511862
37.188776342014464 46.67365282130342 42.63939124878043
37.19272134389037 46.67298520527715 42.63686095472392
37.1902703354162 46.67421616502044 42.63892923183377
37.19218860746513 46.673934728269415 42.6377251280234
37.19050335069234 46.674270322260206 42.63883667904892
37.25834018965706 46.71463846404468 42.620701165390074
37.35613242592004 46.75792110812307 42.58086713624124
37.25480276573373 46.71509124452883 42.62307783464571
37.28592659406565 46.753160231545074 42.622400474512
37.28499147145761 46.753005756480945 42.62289597499148
37.28982621854926 46.75380562821033 42.62033490110345
37.370421744897754 46.764484684434514 42.57827360148285
37.42703724123064 46.81955558810742 42.58474183901438
37.28590593751704 46.753159034832166 42.622412794875224
37.28951328734722 46.75376428331809 42.620507138529845
37.41229023946232 46.864692619570164 42.59711643361021
37.41224357740937 46.86467621483259 42.59711689193418
37.43706841769562 46.87250111532396 42.59194883237211
37.43829708136127 46.873373519113194 42.59205318687553
37.41229724055924 46.86470730363664 42.59711858637399
37.4705638784467 46.9924771559633 42.63962937985223
37.51583233636966 47.05533074067442 42.66465146386189
37.51578478533664 47.05543845200347 42.664727843858
37.57771358103755 46.99039269801898 42.59767045009255
37.5781505951493 46.9909547756178 42.597656038283084
37.51579924821441 47.05558594157269 42.664785213400236
37.51594511083255 47.05684182114048 42.6652602413428
37.55860053848317 47.02156631705479 42.62280017425202
37.53167839854166 47.061733170215184 42.66086663607053
37.61309411488103 47.033800533892894 42.59692635027692
37.53412002431366 47.13640638715293 42.6926201888238
37.56575190429734 47.10381280394802 42.66032843084947
37.59732995810214 47.05950870431299 42.61916205008576
37.56580713152248 47.103758761253744 42.66027028572776
37.633680873942865 47.16577864307289 42.66253896087222
37.665779207194625 47.2120532441401 42.67530121074486
37.66575525612306 47.21215466260797 42.675386539841355
37.6657429360278 47.2122559431262 42.675473811784514
37.660849411258305 47.258760473898306 42.71026360041384
37.66084652614077 47.258765466889166 42.71026639066887
37.660847555356355 47.25877825498846 42.71027316516857
37.78015646327387 47.23548964953372 42.667147400584476
37.78040666696408 47.23543410070584 42.66705037320055
37.841535033737046 47.25465353638447 42.63649320424925
37.87648196973667 47.27649493993285 42.61714961733121
37.87718189758449 47.27625821546873 42.616992687875324
37.877356496834494 47.27620448088307 42.61695451059474
39.731553654112574 50.81460859100201 42.46815661237944
39.73152505546357 50.81486020140636 42.46808057813466
39.73152594435828 50.81485170848926 42.46808304993681
39.73152504074166 50.814859729883274 42.46808063600017
39.73150020164773 50.81508695526932 42.468013194389485
39.73147856161566 50.815289032171435 42.46795377434373
39.78156356942338 50.92783510555333 42.50255411064705
39.782340465133444 50.92902976199615 42.503199311869295
39.78195670946931 50.92843840412058 42.502880630714714
39.78233147782562 50.929013046389045 42.50319190072731
39.84638899945298 51.04444917463037 42.540436350738744
39.84637722168732 51.04443777691698 42.54042049270123
39.84716730514947 51.04571384790954 42.5409220046188
39.84705808679809 51.04554825428656 42.5408407981192
39.90096048919001 51.142772715312944 42.56470834824138
39.900969964259986 51.14286041023766 42.564636816481396
39.90096610300432 51.142824333010225 42.56466632277823
39.90096985745172 51.142858988057 42.56463807666271
39.90097940315512 51.14294853720116 42.56456475524971
39.900978520098576 51.142939096180925 42.56457274896856
39.900988717201216 51.143035904629045 42.56449322213152
39.90098642405531 51.14301230067396 42.56451302517349
39.9009934886536 51.14307861899339 42.56445871461702
39.901000706872765 51.14314789895849 42.56440163273792
39.90099601648055 51.143102625867144 42.56443899140484
39.90099966596235 51.14313742410511 42.56441037111385
39.90100811174227 51.14321978339347 42.564342223935625
39.9010050289658 51.143188561638084 42.56436831219524
39.90100965004653 51.14323287760372 42.56433180712154
39.901014788167906 51.14328384465205 42.564289446051774
39.90101151409812 51.14325109766924 42.56431672179355
39.901013455647956 51.143270165218475 42.56430091511726
39.86049611019534 51.292402991313736 42.426458498372845
39.86082333652002 51.291430461682324 42.42738054223641
39.85899399873972 51.43521991430186 42.33789906823611
39.86581536820236 51.661261849915455 42.24398618658849
39.86569845624579 51.66090462108188 42.24393014306105
39.86583290990849 51.66127921636682 42.243997663114
39.86603081706737 51.66190502421789 42.244090746912704
39.866057024435044 51.66189455043687 42.24411097630598
39.86626000766189 51.66245788077778 42.24421309618364
39.866442553358766 51.663024932538335 42.244299816845775
39.8662961119585 51.662559535886416 42.244231136770026
39.86643903100785 51.6629617230702 42.24430256873827
39.866598315293835 51.66341128934201 42.244382067918956
39.86675001841946 51.66388385073465 42.24445402486916
39.86665847254716 51.6635830198751 42.24441192814841
39.86673514748371 51.663801164140764 42.24445004983656
39.80061119253668 51.707115269731176 42.156005445546114
39.800563061437835 51.707455949682874 42.155802012295645
39.8005963554982 51.7072544928281 42.15592891653083
39.8005807902252 51.70738425065357 42.15585521577723
39.800563473483216 51.70763269226812 42.15573117356295
39.73211942678017 51.80105171962937 42.0488390154592
39.732409031969496 51.801052827446156 42.04916963568035
39.73226177185565 51.801059090044895 42.04900178572051
39.73201050338666 51.80108266091521 42.04871588658129
39.73175451671275 51.80110027081044 42.04842436968479
39.731746968334896 51.801123777560036 42.04841666845188
39.73173724940354 51.80114603592351 42.0484064409901
39.69162498651691 51.826866343545575 42.00182047548847
39.69060486344621 51.82678541450112 42.00064529111292
39.69128387883477 51.82683957905945 42.00142759355044
39.69061058084402 51.826786818678514 42.000652117976884
39.69111070503984 51.82682708419375 42.001228411370434
39.69139563060861 51.82684922562687 42.00155652939487
39.691000372472786 51.82681758736369 42.00110111985057
39.6903999098202 51.826770315130915 42.00040947741318
39.690717883218326 51.826795549940215 42.000775785890134
39.690331626947426 51.826764826499854 42.000330797269456
37.16248365592007 46.64223919392734 42.63312613754957
37.16224082016598 46.643353962344854 42.6339522826525
37.16212020657982 46.643806891338045 42.63430134199557
37.16209546686681 46.64388714252223 42.634365245682176
37.16226988058769 46.64310924076825 42.63378572241951
37.169997165141446 46.66655392625724 42.63683748280284
37.16998159940446 46.66655929812899 42.63685415373006
37.18875344103178 46.67365441412341 42.63940454943466
37.16998882422085 46.66659937954605 42.63687232874488
37.18882430903651 46.67443011973778 42.63983800205387
37.188274824602466 46.674451689188274 42.64014701491484
37.190250736024524 46.67430993765457 42.63899679826307
37.18887799576341 46.67470088982041 42.63997371499702
37.19020803778561 46.67484482335008 42.63934499240696
37.189425966896195 46.67493106896183 42.639818575731226
37.27823189915928 46.748657466739296 42.62438662586035
37.204777833710196 46.745242235470876 42.648080574998836
37.278445780292174 46.79873479910242 42.63333351568096
37.27808150132069 46.79856783463882 42.63350991647179
37.28175186990373 46.800238205807155 42.6317315649212
37.28496015740954 46.801667571635136 42.63017455018416
37.27853184877255 46.79882430636872 42.633295991376826
37.28471206737201 46.896854784862036 42.66146352674191
37.3965360560901 47.03884090185532 42.67213854432825
37.39652077489151 47.03881742430601 42.672125857716
37.45769952291274 47.04516212939846 42.66876966328555
37.504554464863304 47.07063987657421 42.68088414022363
37.396558843234715 47.03888859918889 42.67216159698451
37.45722951500281 47.04660027664906 42.669599650770614
37.50643062493526 47.14736596172839 42.71395041765528
37.51350606669544 47.13703153117894 42.705333039100836
37.50644222439841 47.147367030352825 42.71394481623608
37.51389703411299 47.1368779807361 42.70503323831952
37.506603579129695 47.147381554940125 42.7138665015555
37.50680592394133 47.14739630981536 42.7137642698013
37.50674260315082 47.147393904178266 42.71379883315353
37.53402514083149 47.13653215488737 42.692753275218536
37.53410602378927 47.13642580807254 42.69263905590465
37.506796160215295 47.14739841591215 42.71377247925067
37.506992525823264 47.14741385838697 42.71367457477473
37.58101736411423 47.16768202817203 42.694022248904744
37.50703790855311 47.14741749519627 42.71365202661742
37.62510935816862 47.20005008043527 42.690917738955676
37.61329894057049 47.21407481549599 42.706753544707695
37.66079731990047 47.2588390239564 42.710307793001405
37.66078238885089 47.25886417040117 42.71032186339759
37.660825260802916 47.25879683985977 42.71028406155439
37.660789624042984 47.25891262199739 42.71034738327679
37.660807799498954 47.25897214498187 42.71037832425808
37.66079829644711 47.258988544664795 42.71038749014747
37.6608324043809 47.258930914814755 42.71035524893117
37.78002230415122 47.23552851461196 42.667203823565224
37.660801920833464 47.25902565974187 42.71040712371675
37.660813156352575 47.259109594701926 42.71045139035391
37.66080849627507 47.259119467997714 42.71045686172168
37.77724731967007 47.23634472377306 42.66837685480688
37.87607450233857 47.27677572131999 42.61726703757153
37.66080944762879 47.25914031062872 42.71046793519129
37.722653304371676 47.292374059658655 42.687770254958636
37.722554706081425 47.29232637132166 42.68781509280154
37.87415522029341 47.27841021277509 42.6178769827693
37.87669747289753 47.27666310658308 42.617145242323744
37.72267360611102 47.29239244284834 42.687764509075265
37.87263559661898 47.27970922377658 42.6183608057788
37.87472773500685 47.27832272804554 42.617767970369336
37.872754289105785 47.279669390408785 42.61833425046749
37.8770483242383 47.27670401159373 42.617095666873
37.95258107554729 47.3949582234554 42.65740468015927
37.95414655667093 47.39639923958696 42.65799767420102
37.953101115590954 47.39686933336958 42.65813523000018
38.00798767794716 47.49121771018659 42.68908224870594
38.01161221700386 47.656687617707036 42.74440940672625
38.01162970721512 47.656693974904776 42.74442779012318
38.011619884410095 47.65669086813578 42.74441741925466
38.01166074649817 47.65671084292968 42.74445985492816
38.01167152712275 47.656716820353736 42.7444709798395
38.01166301404228 47.656712078321725 42.74446219707869
38.01170568923212 47.656738313063144 42.74450597737671
38.01170424154371 47.65673735989365 42.74450449852998
38.011708083411534 47.656743759747854 42.74450803537828
38.01171351388953 47.65674409197911 42.744513907623634
38.0117393930901 47.656767528067206 42.74453970300229
38.01173926531582 47.65676574608629 42.74453974255872
38.01175339495087 47.65678093321122 42.74455358687312
38.132229632821 47.732177217024564 42.71677759348729
38.0702880108367 47.69452965479475 42.732242956062336
38.13302162595911 47.73273366391579 42.71648553808965
38.169446235897325 47.767570930505734 42.69863110198213
38.13346036688514 47.73304094211595 42.71632304271303
38.16950148859497 47.76759651076453 42.69862478875005
38.16946940524231 47.76758839633325 42.698629395309105
38.16950843094443 47.76760036866149 42.69862408537541
38.23997671222442 47.86185216740093 42.70740388276973
38.21034263522969 47.813587410598046 42.701878104886205
38.25620192757427 47.900816315170175 42.714214936946206
38.30976142067739 47.93063990134624 42.72104629857847
38.309008044568785 47.93020065061915 42.72092675307477
38.31051517510499 47.93107952059888 42.72116672769759
38.311012455266074 47.931369523916594 42.721246012058124
38.31314252422727 47.93261181831983 42.721586084004585
38.313003816305184 47.93253092701106 42.7215639702503
38.31325729627421 47.93267877050558 42.721604491601056
38.41434791779501 48.0971555193073 42.74807847781638
38.414891374560035 48.09846567148966 42.748234633597534
38.47585657214371 48.154265333153475 42.77975419196188
38.47851592091027 48.16005562292367 42.78158372875604
38.4795881491907 48.16237507938001 42.78233837774462
39.47137502588673 50.105334874432906 42.81093702887303
39.47082562034771 50.10548043381027 42.810521141431046
39.47015222698804 50.105314765768156 42.8101356035899
39.469560776554246 50.10508384057612 42.809827814436254
39.469579823967834 50.10506313379066 42.809847886006224
39.469491400325786 50.10501790026438 42.80980573653033
39.46933523105494 50.10508495076396 42.80967825172616
39.468960322381946 50.10472710854313 42.80955948478383
39.46902748686247 50.10491603881004 42.8095357027995
39.4685746158774 50.10448733096727 42.809390957591404
39.46870687367454 50.10469791705731 42.809402406966925
39.46823323581355 50.10424641231855 42.809252157093574
39.592936149967315 50.23404366009348 42.76441919838594
39.46791967003879 50.10400568882197 42.80913168081323
39.711649835636486 50.45432972430389 42.67819189257701
39.59342030057523 50.23459960039613 42.76373581548644
39.71249124521695 50.45816207483567 42.67593032383303
39.66593004219384 50.58018466265866 42.592363550713905
39.71363260224353 50.46142646095475 42.67404440723391
39.66558436446577 50.57907425971831 42.593020613008825
39.73154941769103 50.81461950355421 42.46814960344086
39.731545325280905 50.814630963452714 42.46814268455157
39.73152318736088 50.81483873422314 42.46808172880188
39.73150162514021 50.81503421703587 42.46802346939823
39.73150387702866 50.81501191823295 42.468029857763376
39.731501654894466 50.815031898688645 42.46802388042594
39.731480961840404 50.81524187143911 42.46796435905793
39.73148265324157 50.81520588374492 42.467972262466624
39.78157497943384 50.927849655125826 42.50256364102507
39.7816345051618 50.92792835737917 42.50261330984975
39.78229637564696 50.92894443308033 42.503163015191724
39.845890946391464 51.00585941314058 42.54349960938387
39.78254819441662 50.9293305486825 42.50337216749349
39.84588811328987 51.005849230502506 42.54349400230229
39.84699644310413 51.04545550335256 42.54079418246633
39.846933019508164 51.0453605225421 42.54074572809416
39.90096059686526 51.14277305798328 42.56470821971209
39.900961198481774 51.14277623755467 42.564706177687924
39.900969333206305 51.14285123418863 42.564645071420884
39.90097727913416 51.14292565624365 42.56458416303697
39.90097163530164 51.14287264561068 42.564627582176065
39.90097697768537 51.14292237502145 42.56458695291218
39.9009851440728 51.14299921875623 42.56452398116153
39.900984002116694 51.14298756706411 42.56453373526236
39.90099294308547 51.143073095137886 42.56446332991023
39.900990397440474 51.14304744475136 42.56448473512059
39.90099614196854 51.14310172579674 42.56444020157551
39.901002479120244 51.14316288001331 42.56438974112238
39.90099676116185 51.14310762397872 42.56443535185643
39.90100120001712 51.14314999114319 42.56440049694896
39.901008620040244 51.14322244415767 42.56434052546356
39.9010056561755 51.143192649378264 42.5643653743885
39.90100950292346 51.143229828269426 42.56433468410373
39.86103520969892 51.29080076927948 42.427977548815214
39.901010660793425 51.143241269563184 42.564325184210915
39.901012714081055 51.14326156139249 42.56430833500762
39.85904468192903 51.43497514968787 42.33810388077953
39.8606670030986 51.291896967753544 42.42693985537158
39.86586612976889 51.661307294062034 42.24401980421041
39.866059613049416 51.66186696305223 42.24411522253517
39.86592226725969 51.66146434308079 42.24404794061409
39.866061353850306 51.66185256358669 42.24411772647687
39.86625862108177 51.66244676058788 42.24421301428904
39.86624932493929 51.66237137171205 42.24421253593562
39.86641583808066 51.66283996099422 42.24429575987738
39.86641073912604 51.662824729812655 42.24429328607938
39.866415460445396 51.66283794155679 42.244295652134326
39.86658823112988 51.6633606262275 42.24437891456179
39.86657015121313 51.66326896701594 42.244373330768354
39.866704218511764 51.663647152677356 42.2444402616834
39.866841281763314 51.664071896387945 42.2445054619773
39.866742576199414 51.66375711495845 42.24445926208659
39.86681758073102 51.663971675552645 42.24449645432405
39.800597747757806 51.707243611494306 42.155935215893805
39.80056936468516 51.70755227982865 42.15577171344406
39.80058809322924 51.707346149906456 42.15588059234161
39.8005730226425 51.707475221584104 42.15580784509314
39.7325163444179 51.801071844584 42.04929287044638
39.732340498350936 51.801102276967825 42.04909333119654
39.73227740324675 51.80114372942474 42.049022923337816
39.73200797414952 51.80116797125989 42.04871632041341
39.73233303997385 51.801198154695484 42.04908854989709
39.73200214563603 51.8012109777641 42.04871134143367
39.732548290664205 51.801272085450165 42.04933713110644
39.69177932762176 51.82687871356063 42.00199830863136
39.69208283727077 51.82690250319879 42.00234787953809
39.69175243194799 51.82687642100355 42.00196728457284
39.73254010387897 51.80128485442839 42.049328283156
37.16211130018436 46.643862269202195 42.634340455172506
37.170121410304645 46.66635600633164 42.63661005102629
37.17000210871991 46.66673520244217 42.636943558970586
37.18832248132034 46.67415038519949 42.639938164149086
37.169964898223746 46.66708616955104 42.637189208924
37.17001278189359 46.666763320802275 42.6369514838866
37.18833754841131 46.67421354666694 42.63996845152708
37.18920766968405 46.67468239219902 42.639784938375186
37.18878071948151 46.674668250186166 42.640006254248334
37.18931655546337 46.67471867364777 42.639748361533265
37.20622417441808 46.746866490790346 42.64766404238725
37.205131535046156 46.74559704880912 42.647952898179554
37.279310081028434 46.89049151670426 42.662885470926575
37.283361090031704 46.895727781017264 42.66208940659196
37.28216086621108 46.89430315686577 42.66239903920474
37.28608986223524 46.899006670182054 42.661408680187755
37.284513023428545 46.89746490578885 42.66200746566893
37.41567276398749 47.11344618589476 42.70015978195059
37.415641944964094 47.11342813011763 42.70014253884443
37.416019501412336 47.113655268039786 42.70035432717784
37.455689357928975 47.12443228513884 42.7082736232302
37.5064279012469 47.14736635689189 42.71395248412
37.415699489937566 47.11346720678278 42.70017522896359
37.41629268531548 47.1138675632039 42.70051198445592
37.45636483857894 47.12487425003206 42.70854703746729
37.4559845762648 47.12464347105063 42.70842424964058
37.50636559354716 47.14737654234179 42.71400108898003
37.50657761512542 47.147386930748226 42.713888071022794
37.506169986919495 47.14736927113526 42.7141080461134
37.50632632360615 47.147385841184104 42.71403507035343
37.50653296255396 47.1473981686173 42.7139274826802
37.506363318767015 47.1473894151654 42.714017397951764
37.50675927109536 47.147408060972836 42.71380545843734
37.50698452256462 47.14741592892662 42.71368170417824
37.50651636130627 47.14740333585303 42.71394328546671
37.50672418761904 47.14741859810705 42.71383840944948
37.50668046467123 47.14741675106768 42.71386205921547
37.506946926707144 47.14742659504398 42.71371628750113
37.61357734396331 47.21425773965832 42.70672845585545
37.50672018790448 47.147419722844575 42.713842077042685
37.61686058032197 47.22690790497677 42.713611455093144
37.660746915432156 47.259073451892206 42.7104350416689
37.66072695607227 47.25910452681557 42.710452495906566
37.66077749443798 47.259024800949305 42.71040774486391
37.66073670705333 47.259168017242786 42.71048592493808
37.660756295144445 47.25921557270271 42.710510421157295
37.660745667425 47.25923239271731 42.71051986089935
37.66078540738227 47.259165552108946 42.71048245871039
37.660750338648185 47.25926605786846 42.71053760835373
37.66076340969717 47.25934453663658 42.710578884078224
37.66076001406354 47.25935076448714 42.71058235544569
37.66078974214029 47.259289556165854 42.71054839930922
37.6607611263609 47.259361570798184 42.71058806937534
37.660768610952545 47.25943747007871 42.71062821625063
37.723084576274964 47.29276082405455 42.68764666732126
37.66076885582661 47.2594409501272 42.71063006136292
37.83314372814465 47.27543913825351 42.64786653889882
37.72345915395131 47.29307887267501 42.68753205045372
37.76023527201569 47.315774827646564 42.66715224200287
37.72362736451611 47.293169439453145 42.68745930543855
37.9528265370117 47.39698244006969 42.658167498980276
37.95470255943194 47.5527839789006 42.709973891889945
38.01160232521471 47.656688112124996 42.744398600093646
37.95489234764982 47.55310651546445 42.71009231969663
38.011617617433714 47.65669040646551 42.7444150002147
38.01162935112923 47.656704756062695 42.74442632289567
38.011627826876975 47.6567046383918 42.74442467709218
38.01164790182448 47.65670749185355 42.74444622231666
38.011662495308826 47.656711900926624 42.74446165073777
38.01163168734762 47.65670639864065 42.744428698938535
38.01167788678809 47.65672844772819 42.74447673107595
38.01167327583076 47.65672764012961 42.744471797660886
38.011695227715336 47.65673313217933 42.744495119695515
38.01168577049718 47.65673490086661 42.744484658000694
38.011725105503096 47.656757467816156 42.744525173339035
38.011716847205015 47.6567551549351 42.744516424310724
38.01173643396252 47.65676295547582 42.74453694307047
38.01173900039265 47.65677221213108 42.74453880673089
38.011761209894075 47.65678843062288 42.744561334407436
38.01175319898457 47.65678502304583 42.74455296406889
38.01176367898225 47.656792450354374 42.744563616814276
38.01177431160536 47.656809711960555 42.7445734503954
38.07038552411466 47.69459389921243 42.73220606522702
38.011776563024085 47.65681326091761 42.744575543250846
38.133181213510255 47.73284586360179 42.71642674270805
38.110235104099544 47.725123014473155 42.71977116791275
38.11003724282924 47.72497937778422 42.71985238972115
38.1341657852699 47.733538335162855 42.71606419229129
38.13224757022238 47.732198453465294 42.716777211208374
38.169291147828304 47.76755619789157 42.69865678835748
38.169208059691314 47.76753553138775 42.698668766796594
38.21018740648927 47.813292127601926 42.70183654138706
38.18077924315244 47.85610208717243 42.750232611331086
38.22120248264608 47.94054524221097 42.76337704943544
38.22077202485964 47.94119412906508 42.76410988401738
38.30849365686683 47.9299007584346 42.72084523041438
38.220561007141626 47.941518317744126 42.76447465091472
38.27969107969021 47.97235262282171 42.768990186382126
38.27719645791526 47.97293900976763 42.77043015264383
38.31074920253966 47.93121602097816 42.72120415425587
38.278785879406975 47.973278430843905 42.77016822799527
38.282611635118535 47.97260528703079 42.768167798359514
38.27910960113866 47.97334085153117 42.77010871207285
38.281557566310006 47.97360423749376 42.769466844178716
38.28102619320315 47.97371383142418 42.76975949151717
38.31344770794858 48.043123336659704 42.77900494090845
38.28135371406837 47.973760896996055 42.76968448672013
38.414623522441936 48.09977485720391 42.748362280626466
38.311241929519134 48.044336684488194 42.78011613029608
38.4153590557563 48.100167103835915 42.74842908941796
38.41493848999764 48.1009743700371 42.748498855913596
38.47866073734302 48.16032307052987 42.78173707754088
38.47829917281319 48.159521702651176 42.781504182382
38.4794273281402 48.16201817418662 42.78223530753456
38.533858628231656 48.277564251718715 42.82479629077264
38.56229947789039 48.32010154132748 42.85425393193134
38.56229031391368 48.320095711692915 42.85425886893667
38.562325792168636 48.320156414532 42.854278603892446
38.56235437952782 48.32018708768505 42.85427592428029
38.562330488849575 48.32016425684842 42.85428101916901
38.562400278602205 48.32027507788912 42.85431109068932
38.56239249466781 48.32026708682797 42.85431218788108
38.562437725237864 48.3203142156067 42.85430652003444
38.56241769910245 48.320307762917956 42.85432371368766
38.56249666712551 48.320422245111985 42.85434662209464
38.56247770064775 48.32040306438329 42.85434959141641
38.562537619533146 48.32049662542806 42.85437379419082
38.56259021649751 48.32056004324399 42.85437597827311
38.562565384181326 48.32053920362114 42.854384219265405
38.562639318655016 48.3206487075832 42.85440802998769
38.56263681171988 48.320647071168466 42.85440933815848
38.5626567166976 48.320653527885 42.85439229240049
38.56264459942878 48.32065833620157 42.85441157185164
38.56268744658001 48.32071120929462 42.854414584715045
38.56268305947916 48.320712209026155 42.85442080987542
38.59555356107533 48.40392581973744 42.8472902246655
38.59705148179165 48.407980606712115 42.846750298192944
38.59659292363368 48.40674933706473 42.84691933606098
38.72442208608233 48.619479269534295 42.80892832210529
38.7246296812611 48.61964241879301 42.80887371915367
38.76570529480334 48.67645061734281 42.81646108386141
38.76567322488337 48.67648783004462 42.81649752296802
38.76570885362356 48.6766234235436 42.81657963556577
38.765889982374745 48.67699426944766 42.816776408103095
38.74350315956383 48.706346751653626 42.86610656149703
38.7435754253448 48.706512989018805 42.86613686583539
38.74363807748887 48.70667017734024 42.86617108623561
38.81228378535457 48.782565826148286 42.837619058286954
38.812740060467746 48.78279568003963 42.83739166573455
38.86386794959077 48.81844712852914 42.812466270894326
38.86341337181889 48.81809520191861 42.812671347132685
38.90362001844061 48.87134634814913 42.79665688339392
38.90355165737708 48.871451627005314 42.796707890489884
38.920984756566384 48.885291598788264 42.791389137971414
38.92094064844453 48.88529279990684 42.79141223268697
38.92098673608181 48.885457229011166 42.79141794106498
38.996201658047895 48.93502863336796 42.76086487858397
39.01697199949948 48.96634797709666 42.75954376295183
39.016684234157566 48.96628255901827 42.7596600759811
39.0377826160561 48.988284515504105 42.7502385455909
39.03774586665242 48.98832319731005 42.750259630742164
39.03764226234993 48.988416147059056 42.75031243511382
39.06871540166685 49.01647944329949 42.73909528035077
39.068668761446276 49.016450762636325 42.73911698424597
39.03873912889131 49.119009462122506 42.77245677777602
39.03543942420315 49.22079151006972 42.798044988107286
39.00574598651901 49.30703150065068 42.83939359794047
39.02519517703676 49.321343020197645 42.827267832446736
39.07436773280658 49.33398793394033 42.80926141179309
39.07346284247203 49.33385433025042 42.80975946365568
39.08776525055362 49.35392065665023 42.80030565065804
39.08756626103385 49.35391415596398 42.80041659296283
39.08771242761712 49.353933517470225 42.80032784862844
39.0882480207941 49.35400503693353 42.80000238054842
39.14736699802714 49.396180576158 42.76154679314652
39.20239829309479 49.40898299134629 42.73149210791528
39.20238043249571 49.40896179423095 42.73150706419949
39.19233601280122 49.48122949445794 42.731080498025385
39.1586414016806 49.49846586625162 42.742586839784444
39.15877317873136 49.499227875597114 42.74256103584861
39.26920386487851 49.77651067412058 42.76328035772423
39.20663672705251 49.6476600049873 42.76074837336966
39.32472636048383 49.91331761498142 42.794017236907266
39.324689932808425 49.913342099179154 42.79404504494272
39.32466964772752 49.91342535587009 42.794107769334
39.32454073651333 49.9140329822721 42.79455966584748
39.26806341544706 49.943440773557796 42.829045859938574
39.26863029961966 49.943875700622115 42.82917953552855
39.3541597995285 49.97577206902754 42.825099826449076
39.40007876453299 50.00209818052415 42.81481862197915
39.33917112121938 49.99099300507051 42.83722680080882
39.4014498106068 50.00295706485775 42.815155344842765
39.34172123012208 49.992001301180814 42.837118028571865
39.40297849505264 50.00385741480606 42.8154025539618
39.40139228098775 50.0029641677783 42.8152377848542
39.44859026716681 50.064657689800114 42.83271193646559
39.44625103733673 50.06307512767827 42.832732496126035
39.45292354881699 50.06924855221094 42.83266653068587
39.44961570531632 50.066585740295864 42.83269747834683
39.47054240947793 50.10265287750601 42.81135454043742
39.45248558525687 50.06973613860446 42.83266692168374
39.46887620203387 50.10252106380253 42.81030019547591
39.46897949521047 50.103287973709016 42.81009166647297
39.46895104027588 50.10323514102942 42.81009191977863
39.46894859949967 50.10326240455339 42.81008046395408
39.46943050910407 50.10421515084195 42.81005524500891
39.46876679767151 50.103625843121456 42.80982903655341
39.46961444372859 50.1048097192171 42.80996225952386
39.46844346570911 50.10372623661013 42.809578964380165
39.46811560408143 50.10370509074774 42.809369770098016
39.467890292257884 50.103706043162276 42.80922041888008
39.46788848759915 50.10363254721916 42.809245756111586
39.46775933006647 50.10358175816998 42.80917867318464
39.46783084995145 50.10377718994235 42.80915542467024
39.46754607013952 50.10350466202719 42.80906546648593
39.46771644925761 50.103752642737675 42.809088628174
39.46735025712186 50.103403245926955 42.80897257717238
39.43481913160654 50.109365212346276 42.78629050086012
39.43418528994263 50.10896535405351 42.7860220763231
39.43458955816831 50.109220453772195 42.78619320520193
39.43392554799293 50.10880155355544 42.78591201577066
39.7121711692774 50.457517386375955 42.676293751598486
39.43365442998004 50.108630569579006 42.785797145146205
39.663766901096864 50.573249637390944 42.59646562909421
39.71203046374886 50.45827950258737 42.67581464243224
39.66366410231298 50.57292047988664 42.596660276863744
39.67396370031227 50.60213947219064 42.597053431739795
39.673328264713064 50.600105847694635 42.59817699401345
39.73152124542369 50.814834437705116 42.468080016741595
39.7315184722193 50.81482796564015 42.46807762610494
39.731501461158 50.814991737603734 42.46803012226039
39.73148472762574 50.81514860786388 42.4679840760979
39.73148919243805 50.81510344339644 42.46799689605125
39.73148485054685 50.81514253111878 42.467985209120876
39.78166566243514 50.92796944173915 42.50263930977926
39.7921675813987 50.9115982837434 42.51828782000497
39.78228509118823 50.92892499170759 42.50315368161815
39.782237316575674 50.92884176560142 42.5031141831022
39.84587958365861 51.00581059830681 42.543472884452925
39.84684354526194 51.04522672756434 42.540677153528215
39.84591659291723 51.005858852373976 42.54350110314515
39.84680628539491 51.0451714655973 42.540648097366834
39.90096161165708 51.14277963019514 42.564703509965994
39.90096235250712 51.142785947024265 42.56469848208016
39.90096932524095 51.142851061445626 42.564645235188976
39.90096937888859 51.14285060669882 42.56464582576629
39.90097614788927 51.14291370026275 42.56459425849195
39.90097418382402 51.14289531978201 42.56460929797676
39.90097609204757 51.14291315981161 42.56459470478506
39.90098287640443 51.14297657521885 42.56454283349084
39.900982329787205 51.142971297741056 42.56454718868691
39.90098948787552 51.143038585199804 42.56449206363402
39.900988070974236 51.1430248743196 42.56450338528636
39.900996010911626 51.14310044481164 42.56444126216379
39.90099332269124 51.143074343213016 42.56446283491927
39.90099844351719 51.14312327029322 42.56442257188872
39.90099609997765 51.143100833108505 42.56444104611414
39.90099801760779 51.14311918514605 42.56442593716472
39.90100379892878 51.14317463311266 42.56438026096474
39.901002221009726 51.14315939120172 42.56439284087236
39.90100890692703 51.14322404067501 42.564339467655756
39.90100590766103 51.14319502238544 42.56436342826488
39.90100946460602 51.14323005778338 42.5643343620127
39.90100821183607 51.143217767548954 42.56434454759075
39.901009044917764 51.14322604136253 42.56433766865548
39.86080224649428 51.29149486448684 42.427320952840084
39.860930045072365 51.29111489504149 42.42768107191908
39.86586672519965 51.661305691770785 42.244020379331914
39.85915200057918 51.434653484647725 42.338412420112505
39.86605005081188 51.661798104347405 42.244113994913285
39.86598386408414 51.661610872788586 42.244080996951745
39.866048059807845 51.66178916171814 42.24411328255475
39.86623435755263 51.66231732897006 42.244206064597066
39.86621990994291 51.662261875229746 42.24420009634715
39.86638263236833 51.66270800985202 42.24428242362346
39.86653271264136 51.66313732123722 42.24435684455264
39.86646215752111 51.6629313656045 42.244322207716706
39.86652265449655 51.66310100012258 42.24435249613998
39.866691982623834 51.663604895062335 42.24443480857477
39.86664935327197 51.663457077098826 42.2444158604579
39.866763410306476 51.663784370392136 42.244472331358324
39.86674503839869 51.663729418261184 42.244463424268645
39.86675822815971 51.6637673363941 42.24446994879413
39.80058451033347 51.70719234508137 42.15593782945227
39.86685844456722 51.6640496304829 42.24452001430615
39.80056151993139 51.70732149148655 42.15585422446098
39.80062254173342 51.707609852847696 42.15582115543293
39.80060468039514 51.70749824752545 42.1558418236755
39.80062648893855 51.707591833904445 42.155833831298324
39.732687285203475 51.80112928594219 42.04949023111901
39.7327340254579 51.801132945033714 42.0495437263913
39.73250368648408 51.80116169245642 42.049281919257254
39.73272093335382 51.80117911178024 42.04953057922355
39.732723634441626 51.80120238971565 42.049534568592826
39.73302399796165 51.801266377182145 42.049879916908964
39.732879825415466 51.80130348631363 42.04971679209986
39.73311310006019 51.801300586542155 42.04998295640576
39.73278538601399 51.80126879712186 42.04960764152641
37.17008917372692 46.66692977703062 42.63698702636283
37.18863828251672 46.674054524885214 42.63970982288605
37.18930165279423 46.67408204705865 42.639369328992885
37.18929097933707 46.67423609963005 42.63946873791214
37.18887664769824 46.67425718266938 42.63970467485768
37.2042417021967 46.74402704558645 42.6478616728655
37.205083161512206 46.74515297640362 42.64772952350664
37.281488007616815 46.8936736494611 42.662671068781606
37.28145146711094 46.8936341220078 42.66268273316387
37.2815926397724 46.89382596528956 42.66266044224726
37.32975532082472 46.9812672650354 42.70171011059256
37.32817599001447 46.979166114796136 42.70164281845577
37.415619268354526 47.11346426960525 42.700134403617774
37.4160479020253 47.113743169436574 42.70037678075822
37.41585179396573 47.113628709038764 42.70026709899804
37.455587955254934 47.12440061716771 42.708292471728434
37.41626911603877 47.11391957695607 42.70050486003903
37.46314405100585 47.14104815623201 42.71357467810871
37.46281140956702 47.14095849468245 42.71348693144064
37.50614507192354 47.14737619286956 42.71413079404672
37.506322340095785 47.14738711306885 42.714038899469195
37.463254138938076 47.141077841014855 42.71360393348883
37.50613118573726 47.14738565538249 42.71414998888166
37.463667923370735 47.141189015799064 42.71370620330462
37.50630073576112 47.14739704172964 42.71406319011366
37.50650334199311 47.14740837126973 42.713956821591196
37.506133939519216 47.14738813366763 42.71415124552665
37.50630183018844 47.14740429595801 42.71407097863933
37.506491306739825 47.147416663014965 42.71397356313163
37.506350350133374 47.14740841896689 42.714047144761935
37.50669705128397 47.147426501727864 42.713863609616986
37.60928086759313 47.23206107775853 42.716606665065434
37.506491275121306 47.14741930699772 42.71397665585999
37.550066150718436 47.1964368241067 42.72468754795439
37.66070014793749 47.25929220062139 42.71055376784186
37.55022407229128 47.19656626711237 42.72468867732877
37.660726711630915 47.25926007555091 42.71053546177818
37.660690532295774 47.259390060652606 42.7106063819971
37.660708954017075 47.25942500181132 42.71062420246359
37.66069812592643 47.25943571099269 42.710630392113984
37.66073539348808 47.2593911313932 42.71060497108364
37.66070416985141 47.25946854289181 42.71064763454475
37.66071795894376 47.25953391706371 42.71068188978678
37.66071486312063 47.25953764691324 42.710684015709845
37.66074277535397 47.259494961471354 42.710660018159
37.660767617191425 47.25944374183222 42.71063160491824
37.66071630247261 47.2595465936039 42.710688723443695
37.66072699618886 47.25960128499479 42.71071741824683
37.66074842512007 47.25956463415049 42.71069692541218
37.66072774849142 47.259605620555746 42.710719697191095
37.72348636399113 47.293102229099894 42.68752382736477
37.7275025408051 47.544805589311046 42.79883959926111
37.80244065913348 47.53131695977034 42.77420040016773
37.72779744780128 47.545838380117985 42.79912228039381
37.954844953737286 47.55302627367653 42.71006264411766
37.847690219525184 47.668736837293245 42.80975523590957
38.01160902982111 47.65670459949992 42.74440423960019
37.84783800592341 47.668740692536275 42.809715354677195
37.94159013889648 47.668611160700934 42.77479595576109
37.85069091364954 47.66881092967958 42.808944249234855
38.01165545724147 47.656725428092244 42.744452641922656
37.94138483083685 47.668664612974844 42.77488713424327
38.011678891109916 47.656747641669384 42.74447590051984
38.011667340356155 47.65674606521019 42.744463497247494
38.01170437297178 47.65675239376011 42.74450313545237
38.01169008505617 47.656761035351394 42.74448673199313
38.01172544156631 47.65677689727213 42.74452359247381
38.011705888118705 47.65677251317665 42.74450276769882
38.01174741185726 47.65678310352314 42.744546862980556
38.011739046121214 47.65680044289111 42.744536028471096
38.011737790360066 47.65680010769306 42.7445346964364
38.01176193769889 47.65680743016013 42.74456022261934
38.011775574260604 47.65681280179267 42.744574513984524
38.0117394553199 47.656801749194805 42.74453634260806
38.01176645145158 47.65682866987223 42.744563003559605
38.011760493708366 47.6568266656108 42.744556725418825
38.011780241631044 47.656833953134644 42.744577470833136
38.01176530865034 47.6568349390908 42.744561132775395
38.06553577180747 47.781209343241656 42.78569032596273
38.065164722576 47.78030429934721 42.785414643500175
38.133081659659005 47.732784948848675 42.71646997311547
38.10603620531348 47.81554378083666 42.775086970743224
38.18182845737036 47.896218868647594 42.76049186378259
38.12543392178381 47.855628698255416 42.780705301178216
38.20144071466542 47.903298620556356 42.758758508901394
38.18804142068032 47.95021705270979 42.77598571802726
38.20716716066064 47.95807299677973 42.77487561751176
38.18799243400996 47.95063121454333 42.776358576206825
38.22827340229654 47.94546360585746 42.76410090906126
38.206540160149146 47.95908295286265 42.776076002688924
38.25782476589686 47.98601575132405 42.78118317271494
38.20646358231155 47.9592063392994 42.77622195801652
38.27859578217915 47.97345608164159 42.77040020190914
38.256988421763936 47.98654614454013 42.782109089680944
38.26085185095866 47.98600450006834 42.78026846070647
38.257107588840185 47.98654922290723 42.78207757596948
38.29541312615699 48.103223627591035 42.847428799430574
38.29469987752793 48.10346153428158 42.847865296823926
38.308331173626 48.044347121757696 42.78167323239917
38.29544167494998 48.10501182151783 42.84841831164797
38.299165119077365 48.109829484169055 42.84953389799395
38.29778032472849 48.11037730851011 42.85042949959802
38.40553549783834 48.16381803240329 42.81524124661436
38.29925474052519 48.11404263167219 42.851855773387186
38.44714210103567 48.30080752499556 42.87568149268755
38.44509575668175 48.30100095993174 42.87681784488071
38.56228787017116 48.32009483495789 42.854260876034445
38.47877771458775 48.31590848762683 42.889085158226976
38.56231271107733 48.320148126899056 42.85428568570258
38.47965782588939 48.31592392702819 42.88872398715522
38.56232908637918 48.32016302153371 42.854281425164544
38.56234958732483 48.32022091306354 42.854316071406785
38.48306326618309 48.31599684507057 42.887335355546476
38.56237032912826 48.320243789432205 42.85431476003941
38.483280443117046 48.31600199095695 42.88724713078385
38.562422664600895 48.32034137017568 42.85435205800556
38.56241479019199 48.3203317154795 42.85435156774288
38.56245782732316 48.32038192523153 42.85435164185179
38.56244244652859 48.32037706348212 42.85436494311165
38.56251660982165 48.32048786506811 42.85438980422401
38.562496662718445 48.32046381251453 42.85438897418792
38.56255646011067 48.320530653634734 42.85438610018323
38.56255193399219 48.32054963257911 42.85441080668602
38.56260706433584 48.32062073262991 42.85441781040284
38.56257702632626 48.32058748513426 42.85441958905438
38.56264129914655 48.32067997698769 42.85443753526802
38.562639724080164 48.32067822536124 42.85443762010978
38.562670825089555 48.32070645433736 42.8544294672475
38.56264252566072 48.32068204808656 42.854438189556724
38.59556461431151 48.40399065753918 42.847299307496215
38.562678912917114 48.32072847081763 42.854442297810294
38.5963227344062 48.406024186509114 42.84701905978616
38.59618889445864 48.40569078970118 42.84707811776518
38.64921059020561 48.62945435681152 42.87610012670605
38.62694657123091 48.65171494971853 42.90862439651208
38.72450055397171 48.61955765457895 42.80891239838731
38.62762663219 48.65343616098878 42.9096483106683
38.698519171816706 48.68041559357808 42.881565662987825
38.62793714913049 48.654219241846995 42.91011365537818
38.72547189838804 48.71373022159209 42.87895344307034
38.725409783139646 48.713763977081435 42.87904329131092
38.74232565315351 48.707178903426254 42.8677665589544
38.72542649252281 48.71378451892424 42.87904846798631
38.72565175997095 48.755201701708984 42.900582398075905
38.72530590586275 48.75522405864409 42.900966494320016
38.74293764329829 48.70717707421543 42.86716576348726
38.725484254688965 48.75528146921552 42.900759180668864
38.72648174987202 48.75538378845462 42.899629022835626
38.72587979744718 48.75542399061258 42.900297361937724
38.81232911737848 48.78264893399701 42.83760811608693
38.72619282603472 48.75555360978344 42.89992962654713
38.812649528044275 48.78314794758097 42.837513688929285
38.72637033501576 48.755634566673876 42.89972009550624
38.815317286362 48.81441526473775 42.8515042385945
38.75150739372784 48.80057284935523 42.8868721409528
38.90347470959741 48.87156668621026 42.79676623229862
38.85211865973217 48.86904375380179 42.83880634818305
38.90325358380554 48.87190211394004 42.79693260182182
38.8416243257715 48.88797222936802 42.846185705524064
38.909336351463374 48.904621717762964 42.79966986170475
38.90930928146739 48.90460420862761 42.799680154667634
38.90965828557798 48.904829901827505 42.799547425212225
38.909359399326675 48.90463791139524 42.79966181993845
38.95190660927895 48.94483774158191 42.786073104772
38.90958909185944 48.90479216025436 42.799577671713976
38.993446447052314 48.97897956744506 42.76822808618924
38.99337571270755 48.97890449789098 42.76825414699857
39.03763905968062 48.98839535847385 42.750304311503
38.99356899936399 48.97910973248972 42.76818342814679
39.03741421181791 48.98856918572089 42.75040740821737
38.993864451870294 48.97942344716356 42.768075323877326
39.00714855751845 49.092419528412165 42.78420299825403
39.007088331262324 49.09295978378202 42.78435319275386
39.00559158085137 49.306699666944084 42.83933820130278
39.00559055283499 49.30669805832426 42.83933811162756
39.035144311309416 49.22137666130118 42.79835654478083
39.00560260744736 49.30672597525893 42.839343370726
39.00573037838595 49.30700526616879 42.839391394743785
39.005703160156926 49.30695979941277 42.839387683853246
39.005846325940745 49.30728323051669 42.83944636856512
39.00582460817533 49.30724572617456 42.839442837932076
39.013554666315144 49.32663386189158 42.83866563305556
39.0135549490575 49.32663759873185 42.83866823829364
39.009828799769586 49.343698632203534 42.84424491663532
39.009827223204496 49.34370576898779 42.84424591536594
39.00981377145875 49.34377007480226 42.844255868302554
39.08749068302043 49.353980505286415 42.800424513723215
39.02304379406971 49.36376993393084 42.83538520466099
39.023269099191424 49.36392648313601 42.83517519489526
39.023105254132496 49.36390500543054 42.83530623607106
39.02323172664341 49.36403152643308 42.83517927874904
39.02316095922196 49.36402188227581 42.83523596390428
39.11928478041966 49.47206582718975 42.774143846674
39.158603319256486 49.498455377196784 42.74259789242417
39.15822859285655 49.498339337981974 42.74270642912197
39.15861384222279 49.49915482244449 42.74260677995067
39.15837562836806 49.499023664805094 42.74267479289261
39.206548128821865 49.64739847785434 42.760695301595064
39.206510302090095 49.64727223126006 42.76067051602287
39.266330191991486 49.942806300385435 42.829048404002734
39.266243716580945 49.94280834481121 42.82906846370866
39.266378252791874 49.942911452948934 42.82910012256438
39.26731913815115 49.94307311097986 42.82899063896621
39.26653949936204 49.94303400945004 42.82913746215202
39.26761451662797 49.9433923063215 42.829115046666644
39.26683739506329 49.94331423763353 42.82923827300992
39.267980437420036 49.943775940105546 42.82926219085315
39.26720344181436 49.9436624127237 42.82936441678849
39.26837992057776 49.94420842236263 42.82943091157232
39.267590994905625 49.944052467743255 42.82951064342815
39.33609046476322 49.98990208814716 42.83739555819733
39.26794111927985 49.944439968713795 42.829663518367845
39.3381794218419 49.990719760371775 42.837304021213065
39.33537464586627 49.9897310863652 42.837459002232734
39.34031702084567 49.99158660651351 42.83721920555512
39.33724216469642 49.99047742379952 42.8373816756822
39.44466024966728 50.061970262715086 42.8327466040592
39.33902328923132 49.991207044396226 42.83731315854247
39.44785565319754 50.0651788819565 42.83271390107594
39.44619523080533 50.06387533360733 42.832729289737756
39.450841511209646 50.06829191582411 42.83268283607431
39.44858598667071 50.06634456595633 42.83270451923052
39.453410746123204 50.07105469216425 42.83265573456265
39.45045372360264 50.0683437576322 42.83268485822913
39.45176292489681 50.069794124618376 42.83267086046179
39.4674057180306 50.10248389047137 42.809341126503995
39.451930357342384 50.069992155961806 42.83266901495428
39.467061799586645 50.102200194330905 42.809216089187395
39.46769982936639 50.103071009219896 42.80932369431661
39.466994199599 50.102451043481445 42.80908083064347
39.4678532583313 50.10346596730612 42.809282590007484
39.466874196132345 50.1025773591346 42.80895587002146
39.46677391772862 50.10266292725947 42.808858663475114
39.466750644678584 50.10260855295269 42.80886290026107
39.46671726908289 50.10261031214132 42.80884019265459
39.46684508701395 50.102843996183 42.80884036782738
39.46663694619835 50.10264744923971 42.8087736661991
39.433740497311206 50.108684644531905 42.785833835139144
39.43330776630486 50.108411621832 42.78565061676291
39.4337110589742 50.10866615671286 42.78582127710604
39.433204538916314 50.10834656450089 42.78560683158089
39.4336359770378 50.108618853352375 42.7857894128978
39.43309360341688 50.1082766229369 42.78555980573486
39.43353105817324 50.1085527251299 42.7857449155847
39.43297039396113 50.108198925932115 42.78550759562251
39.5538994794661 50.33217158338075 42.69947206484076
39.67189430568391 50.59551634105489 42.60071258993955
39.55526548117377 50.33534933424208 42.69790054957485
39.671711764639646 50.594932385834426 42.60103527583271
39.67436460821936 50.60365336086944 42.59626942012001
39.67371393046586 50.601557912941686 42.59742417859555
39.731500879928234 50.81498293780973 42.46803082253176
39.73149946356939 50.814962673653476 42.46803233861591
39.731485493203564 50.815093663859514 42.46799389214201
39.7921667133149 50.91153880867164 42.51829725387081
39.73148003447158 50.815142199769326 42.46797929687387
39.792166885035925 50.911522676341875 42.518300253624425
39.78220864887494 50.92879353293405 42.50309045048307
39.7821645990244 50.9287202545938 42.50305396853284
39.845878886921696 51.005808572020584 42.543471759387124
39.78261235162017 50.92940765615277 42.50342584132428
39.84673784151008 51.04507157197272 42.54059294342298
39.846585337837446 51.04482359813187 42.540497969503356
39.84672857110687 51.04505813318778 42.540585372669526
39.8471856222655 51.04580072304503 42.540870649969804
39.84712808433363 51.04571272409497 42.540828706416576
39.90096940940634 51.14285052911991 42.56464597217629
39.90096960794725 51.14285154313124 42.564645335213484
39.9009755453758 51.14290669796162 42.564600299410664
39.90098134616291 51.14296124964061 42.564555602851314
39.900978172590165 51.1429313228808 42.5645801417545
39.90098116137621 51.14295936801315 42.56455717724113
39.90098709752171 51.143015216206834 42.56451141303282
39.90098635275179 51.1430078654429 42.56451751464236
39.900992832035904 51.14306959927299 42.564466751314484
39.900991151156234 51.14305334313889 42.56448017266375
39.90099551076157 51.1430952870931 42.56444559132295
39.900995342876925 51.1430936680115 42.56444692705628
39.9009954800575 51.14309499371444 42.56444583275339
39.90100036302229 51.14314186817377 42.564407209650554
39.90099937518243 51.14313259361172 42.564414805232566
39.901004961683796 51.14318610117924 42.56437074349135
39.901002842939356 51.143166241270244 42.56438700077075
39.90100600755435 51.143197235379645 42.564361325652655
39.90100561290666 51.143193391037144 42.56436450571306
39.90100589566521 51.143196172053784 42.56436219940399
39.90100985309331 51.143234624600424 42.564330412656425
39.9010086285813 51.14322289259089 42.56434007439252
39.85919214136271 51.43444283578637 42.33858532130927
39.86077884421171 51.29156538643868 42.42725491926254
39.86604719382639 51.66175270582134 42.24411572993034
39.86620960576875 51.662207639106256 42.24419708311629
39.866090592969385 51.66187179498752 42.244137678511166
39.86620529585216 51.66218651661726 42.244195690461446
39.866374117126625 51.662673464065264 42.244279063659995
39.86635660933841 51.662599777344354 42.244272380499176
39.8664898125127 51.66297056106072 42.24433930032023
39.86662517929696 51.66336719596066 42.244405628338114
39.86652252115704 51.66306235986014 42.244355669188366
39.8666079230411 51.66330309672999 42.2443983191028
39.86671404768802 51.6636029031296 42.24445126258352
39.866822374157785 51.66391700135025 42.24450462113289
39.86677521790945 51.66377482745323 42.24448185403798
39.86681096129207 51.66387519345109 42.244499737389845
39.80056304264145 51.70729391074463 42.15586744854605
39.80055914445953 51.70719273776845 42.155902991926354
39.80063092009916 51.707458624778866 42.155893704368125
39.80077197370219 51.70776874265649 42.15596126120302
39.73309438296943 51.80120728999422 42.04995795953996
39.732926683370486 51.801239775207335 42.04976779919099
39.73283412840664 51.80121457004452 42.04966116884281
39.73298100399369 51.80126398679738 42.04983074731639
39.732918144142275 51.80124663404378 42.049758318870396
37.18930458216899 46.67422481042646 42.639454549110795
37.20428432822433 46.74404966129046 42.64783402073334
37.205364153849295 46.74527851293985 42.64753290258724
37.28050822069929 46.89245902365668 42.66289377163766
37.281218885069 46.893482163832985 42.662814965271146
37.279597190310746 46.89119438420128 42.66302213129748
37.32507378074241 46.974990422450915 42.70155532789782
37.327232892023545 46.97786018113981 42.70164984321943
37.41582266023151 47.11362687280625 42.70025220175057
37.415807366499905 47.11362037719366 42.70024387196129
37.41588012193476 47.113673005314595 42.70028549964553
37.41637572187711 47.114006540247665 42.70056676269652
37.41615929141339 47.11387915915361 42.700445617200664
37.46285229443178 47.1409687442725 42.71348291834
37.46333396565767 47.141099091489416 42.71361987657314
37.46289927709893 47.14098142831889 42.71349569856789
37.46347906246535 47.141137491504665 42.713644518926614
37.463455203294046 47.14113105324153 42.71363808762928
37.50615621503629 47.147394056434905 42.71414498881421
37.506304249637076 47.14740538110796 42.71407081279342
37.46348478407485 47.14113899347106 42.71364525518101
37.506192396767126 47.147400021049954 42.71413057586187
37.50632737684684 47.1474115905971 42.71406438693048
37.50621152987506 47.147401997638624 42.714121585128815
37.54858510662475 47.195246181930116 42.72468976475225
37.55012012779839 47.19648236330176 42.72468864579812
37.54813203231497 47.19491241511916 42.72470717805916
37.549853158403515 47.196309053668664 42.724711736382254
37.54911541757519 47.19571478618769 42.724712191254405
37.61001314354867 47.23278495594522 42.71668447842271
37.66068515524124 47.25944606657676 42.7106364878476
37.550302242384234 47.1966855139288 42.72471954040499
37.660655117228146 47.25957303304005 42.71070552688795
37.660652913711836 47.259571856715155 42.71070499689713
37.66067330857171 47.25957279871301 42.710704598235154
37.66069445659025 47.25955913595176 42.710696377493484
37.66065431793517 47.25958356369936 42.71071117826402
37.66066599895023 47.259653087665484 42.71074773975
37.660683202208986 47.25966505491542 42.710753361924404
37.660668912260284 47.2596698672407 42.71075655968934
37.660704028459016 47.25964331834725 42.71074084958872
37.66072583977814 47.25960913961951 42.71072165825492
37.673714832713834 47.521229959608256 42.800627735994084
37.67415636227782 47.523488363760954 42.801322340317384
37.67399796670271 47.52367266940787 42.80139413982498
37.67443555136095 47.52324276990359 42.801221369567315
37.72774796538657 47.545713561888775 42.79909280409157
37.67437210415329 47.5267985138055 42.80237395922147
37.719614923310374 47.66160987080593 42.83709524464327
37.71914663300822 47.66142508415465 42.837114970905326
37.72056943937207 47.66199823230053 42.83705495240635
37.84765942573158 47.66874513083098 42.80976621389635
37.719799355665344 47.661693514989395 42.83708739747883
37.7556756758315 47.68762477334149 42.8362983277891
37.7205202426702 47.66199694651415 42.83705689443677
37.84709683660512 47.668911854956505 42.80997123640584
37.75574671351873 47.687728616897964 42.836296948739715
37.8465644746307 47.66909687957853 42.810173238072196
37.75590160209529 47.68787232477641 42.83629078022701
37.8509597757051 47.668968410898344 42.808915826222446
37.75617083674827 47.68813213190125 42.83628044036641
37.85050082355698 47.669158441433105 42.809098924259864
37.75624141896819 47.68820232750828 42.83627780937901
38.01169701903979 47.65677066243168 42.74449330816565
37.84999876831032 47.66934680968407 42.80929349622648
37.84927814647565 47.669371550426185 42.80950073111877
37.945198588032646 47.67567062801675 42.77730010921208
37.84987548482772 47.66938652760582 42.80933935748495
37.94430770443397 47.67584512390979 42.777630182847055
37.94285170474417 47.67612539957476 42.778181252444696
38.01174310933561 47.65682101761529 42.74453838607532
37.943749189905596 47.6759552001472 42.77783550138155
38.01174073528627 47.6568377146048 42.74453413174399
37.94427555159976 47.6758557796547 42.7776317791527
38.01176100602357 47.65684494816176 42.74455545111388
38.06693765341111 47.784725782920624 42.78671921869369
38.068147353572435 47.787678675165246 42.78761770812595
38.06729510901436 47.78560512173784 42.786983827797684
38.107161082251686 47.81905292968406 42.776325548237864
38.12615821990988 47.859445090386345 42.78267629470156
38.125997635722314 47.85914799102544 42.78265205267837
38.1877539324596 47.95119351411366 42.777054338429096
38.18792462724054 47.95079873883607 42.776562281841585
38.13627957813742 47.88308231764713 42.78965183042065
38.1874438497207 47.952702828917566 42.77855811608281
38.18742114362145 47.95273786763561 42.77861011584896
38.2058569856216 47.96018308222526 42.77738942387026
38.20633937441511 47.95940633511235 42.776461080152764
38.18737930216939 47.953015596499576 42.778870056577965
38.20516582385861 47.96129591977067 42.77872092238883
38.20507612252231 47.96144033368526 42.778893975581504
38.253696791980104 47.98706622237388 42.78375211356745
38.256945560984214 47.9865734513616 42.78215670090212
38.204994175207005 47.96157228304464 42.77905173401693
38.2329052870577 48.09198521656988 42.851805930617886
38.232626763807914 48.09162415880229 42.851760519962404
38.2918786192308 48.10415596928865 42.849453728939615
38.23407755346116 48.09497633334396 42.8532662063016
38.267728440372586 48.15399450175438 42.86004079700267
38.26695472556679 48.153216312526396 42.86024276283004
38.29572537305649 48.11096746563964 42.85163372855834
38.26935927103249 48.15747616559232 42.86163106502902
38.31671660969785 48.21033977398453 42.88176417489483
38.27094319522233 48.16033298546847 42.862601147227764
38.44368888008668 48.30113594518211 42.87760495596163
38.320019437550755 48.215615157884415 42.88320994427394
38.442344844893064 48.30134431779257 42.87858993926762
38.32064928964657 48.21640206722809 42.88331806329692
38.47849583247986 48.31592185519742 42.889213143707806
38.47217286977988 48.3159567465022 42.891905910800475
38.47126418342593 48.31595418705549 42.89228780301744
38.477495711318774 48.315975646626455 42.889671515021995
38.47190612752291 48.31596784252511 42.8920259778901
38.47657617602832 48.316036178648226 42.89010039705731
38.47462114871656 48.316025429457035 42.89091850934468
38.482592165140424 48.31607273901539 42.887585251991084
38.476257728639865 48.316059958019856 42.89025081777031
38.481793223367276 48.316144539869484 42.887970798910445
38.47912053316081 48.31612239604168 42.88908422163118
38.56247806083581 48.320439902862184 42.8543866932032
38.48136710785681 48.31617441833242 42.88817077277429
38.56252666302825 48.32052222585297 42.85441287802476
38.562507319579076 48.32049436408865 42.854407450922324
38.562566804767194 48.32057501088128 42.85441901199908
38.56254804053707 48.32055606173385 42.854421977213924
38.56260131066579 48.320631430764685 42.85443553769463
38.562576321861165 48.320597457112314 42.85443058409473
38.52840988641756 48.39717897648426 42.88661701706551
38.54341340327706 48.39057638478735 42.871186680567234
38.52811251215981 48.39768476055647 42.886836423191326
38.49929486843068 48.58375405414638 42.93573472309426
38.62647367580464 48.65211169052271 42.90913912611009
38.499368265906305 48.58383051411169 42.935730183438906
38.62668427739894 48.655102687950986 42.911348297209976
38.57539970447952 48.657066100136575 42.942110615840406
38.62770695860054 48.65442302802037 42.91037241934145
38.6267782064344 48.656003457922026 42.91200010929305
38.6663681208048 48.70978019526601 42.919187932801044
38.66489971597243 48.70929216664142 42.91985328939475
38.66663384195844 48.710211750739376 42.91949055830101
38.7242082549935 48.755298962558996 42.90218498626239
38.72334060321348 48.75535908405631 42.90314803597655
38.72378661092919 48.75550499127996 42.90262928077724
38.72509975397696 48.75547487328114 42.901163595685354
38.72390560369029 48.75554251781306 42.90249106716981
38.71559394020789 48.80501991391145 42.92561197082797
38.71550228116192 48.804919289556025 42.925695848334584
38.72907903168238 48.785497440469086 42.91331050130595
38.71567229681035 48.805204456545624 42.92559989640638
38.71674916609474 48.80686202222106 42.92490216319345
38.71647615542723 48.80656717802678 42.925154943773556
38.71702485015095 48.80752547915763 42.92486826130818
38.84039212008951 48.88787750637077 42.84718809215847
38.71726093024521 48.807941434931806 42.92474711671889
38.84011424883431 48.88785740984441 42.847414599974215
38.839224333870916 48.88778870317001 42.848138428183105
38.83994501549134 48.88784499909377 42.847552488537424
38.90946034210718 48.90470861108827 42.799626473894925
38.84021106417792 48.88786572031032 42.847336159185325
38.86010436323193 48.901765368693034 42.840110630709376
38.85864714158885 48.90145061881898 42.84114658748891
38.95409635209881 49.015338145221854 42.787389726517986
38.954060999255326 49.015361929317166 42.78740424998919
38.99374776294863 48.97929957537363 42.76811816434658
38.95405012929989 49.01545557519641 42.787412915160026
38.96809060385643 49.12925209379568 42.80345028003056
38.924706879116385 49.185617059778565 42.8260740934626
39.00556752328745 49.306664553045394 42.839337278872364
39.00556338172642 49.30665921373835 42.839337447986956
39.00562612090225 49.30680555461872 42.839365305003476
39.005693282544605 49.306943368658494 42.83938636937219
39.00566538580819 49.30689738620134 42.83938285303397
39.00580222238141 49.30720603599773 42.83943871901376
39.005775744514196 49.307157819877915 42.8394332566717
39.01355508783286 49.3266444454289 42.83867120242965
39.01355493157173 49.32664717617648 42.83867137520917
39.009802672732 49.343812352041674 42.84425955836304
39.009799940022596 49.34382370588244 42.8442608630746
39.00978152501808 49.343911848946036 42.844274534667704
39.00497562175656 49.36311346311031 42.846753731222144
39.00495905329508 49.36315739272506 42.84675198206312
39.00492973946551 49.36324168797028 42.84675096160245
39.004921309971444 49.36326382717932 42.84675000517645
39.00489076743962 49.36334964399579 42.84674830706626
39.00488785242434 49.363357190375964 42.84674794173088
39.004865477787774 49.36341889868325 42.84674633203896
39.119468987082 49.472321863596505 42.774021462884775
39.0048607759298 49.36343177122829 42.84674596379915
39.15825379995989 49.49894682321064 42.74270940897912
39.05525522981459 49.44079346489874 42.81118703185613
39.211190639196474 49.80493278267035 42.797889774156666
39.211164632147735 49.805252320946295 42.798003726565284
39.26575093187345 49.94283982468315 42.82919450373101
39.26567889132632 49.942846549650426 42.82921418525645
39.26576823166841 49.942958228704725 42.82926076569219
39.26643526302193 49.94303164910464 42.82915878818757
39.265828869628706 49.94302825005097 42.829288963345746
39.26657897279676 49.94329309640688 42.82928210107447
39.265991839339264 49.94325237339194 42.82938600161471
39.26676294580967 49.94360016195027 42.82942361919063
39.26620012816444 49.94352098881777 42.82949947690582
39.26698461239609 49.9439309719416 42.8295709648745
39.26642395135306 49.94381486867721 42.82962450920921
39.26723031683357 49.94426118387385 42.82971271689237
39.26666147401043 49.94411077272603 42.82974775247092
39.25977911239277 49.968492882379024 42.831532924203806
39.259127890687424 49.96841158478871 42.83154389752202
39.334854344154394 49.989634207227496 42.837513171426544
39.259259033626776 49.968483785557325 42.83147858657262
39.3365045945926 49.990297553878605 42.83744596880215
39.25935800919852 49.96855683125982 42.83140832386203
39.33801660566719 49.990912073438025 42.83738637590291
39.3358297334361 49.99012030357767 42.837501072568415
39.447558195015766 50.06546952747356 42.83271434538116
39.33684584157457 49.990538644316146 42.8374626018983
39.449706296475824 50.06766884067364 42.83269217414977
39.447895169327 50.066049523124256 42.832709830655496
39.45157192707886 50.06961501344168 42.832672759280655
39.44915803424933 50.06737155585415 42.832696668021256
39.450456769680414 50.06871273382862 42.83268321271673
39.449377591288524 50.067607077686404 42.83269435456384
39.45002612824778 50.068305406953485 42.83268750935034
39.46640810116177 50.10194636078074 42.80887540254033
39.465942609046245 50.10154856773394 42.80871115080222
39.46663181521539 50.10235935907204 42.808874268284036
39.465944756343845 50.10174318690338 42.808642316850865
39.46593262374323 50.101877716774254 42.808585730214105
39.465925569925915 50.101865457503166 42.80858549062998
39.46592409608202 50.101869858408975 42.80858292727172
39.43253421009315 50.1079234294474 42.785323238640224
39.43231191522136 50.10778315686591 42.78522914109686
39.43267867424087 50.1080146785616 42.78538429260608
39.432354597217525 50.107810174014524 42.785247116490076
39.43275971368168 50.108065873705755 42.785418533561156
39.43239010683287 50.10783263240054 42.78526209177663
39.432790578576544 50.10808540229175 42.78543154151613
39.432398230514345 50.107837796786036 42.78526548872973
39.43278353270918 50.1080810005181 42.78542851047328
39.43236782889054 50.10781865058486 42.785252578267645
39.43274740683655 50.10805826610073 42.78541315076073
39.432319598087965 50.107788247499144 42.78523212761442
39.554233764289215 50.333603034772125 42.69847967180794
39.67257767552017 50.59789935310931 42.599440481523914
39.55515820276018 50.33574552858033 42.69742362859422
39.672346725719805 50.59715606227499 42.599850198065674
39.73149832348906 50.81495150969735 42.46803272819805
39.6739668832071 50.602523952497705 42.59692597447342
39.73148544327471 50.815087235774385 42.46799486775853
39.73148454914642 50.81505595086466 42.46799880943531
39.79215547851829 50.91144808274049 42.51830091443359
39.79204816759031 50.91121752446961 42.51822494230657
39.792154096521145 50.91144058176103 42.518300726467004
39.782124021539374 50.928653266740454 42.503020353029385
39.78210084066632 50.92861428171648 42.50300116239785
39.78258298070548 50.92936061340735 42.50340148336245
39.78250251933711 50.92923133239565 42.50333476235687
39.84668070290626 51.04499074966033 42.54054407288932
39.847054408018494 51.045600762883986 42.54077420701878
39.846848480644546 51.045265315484 42.54064662846854
39.8470372819645 51.04557483396024 42.54076143260602
39.900969771950926 51.14285248846902 42.56464469631658
39.90096997620349 51.142853934269326 42.564643619655854
39.90097548751835 51.14290599399557 42.564600912528334
39.90097529304723 51.142903402499755 42.56460320915986
39.90098037208292 51.142951248675665 42.564563988080806
39.90098541447686 51.14299895066102 42.564524839605205
39.900981310014785 51.14296011534018 42.564556712743745
39.90098510203107 51.14299606055533 42.56452719664294
39.90099046150715 51.143046801717595 42.564485545021896
39.90098948047966 51.14303774241776 42.5644929298719
39.900993478421334 51.14307614567938 42.564461281283656
39.90099774194421 51.14311747226945 42.564427140736576
39.90099446950587 51.14308582847466 42.56445326538483
39.900997082151925 51.143111351825254 42.56443213631106
39.901001940665715 51.14315782506138 42.56439388087009
39.90100034228832 51.143142981761 42.564405999878
39.901003311761265 51.14317160478111 42.56438238928351
39.90100661117128 51.14320355828286 42.56435599813968
39.90100406052341 51.14317887247897 42.56437638314114
39.90100596736888 51.143197446447516 42.56436101887499
39.86086590739822 51.29130649245861 42.42750025517567
39.90100837893573 51.14322077998976 42.564341751911094
39.86604693441441 51.66174902257694 42.24411585030877
39.87031562023364 51.517865031556084 42.33977693886545
39.86619690528747 51.66212883537564 42.24419438127047
39.86634398391366 51.66254091997328 42.244268045299776
39.86621496670173 51.66217807022474 42.2442035432482
39.86633706000261 51.662511230745956 42.24426544865685
39.866485718918405 51.66295299722525 42.24433776603259
39.86646396619355 51.66286168112262 42.24432944243369
39.866577464950716 51.663178887949364 42.24438635525772
39.86669875352214 51.663543970431846 42.24444496406795
39.86658665889958 51.66320493079452 42.244390936046315
39.86667867851045 51.663464352953 42.24443688826475
39.86677684741201 51.66373579944066 42.24448636099999
39.866881538122165 51.66401384154251 42.24454008881278
39.80065451766686 51.707360919658356 42.15596543751121
39.866943083810696 51.66416950647735 42.24457233397897
39.867003067133105 51.66432109150528 42.24460377144725
39.800710380200165 51.70749627931079 42.155987126009705
39.80078590762432 51.70764997862255 42.15602829028898
39.80098583344368 51.707992430527725 42.15616327152088
39.73312446062434 51.80124303285321 42.04999368380206
39.73332256727885 51.80123882500919 42.05021965380511
39.733126622686406 51.80122252549525 42.04999535344784
37.281238933193094 46.89351032152045 42.662812331511816
37.32513580650486 46.97506911651182 42.70156149567026
37.32769135409789 46.97843539488143 42.70170137728003
37.33142928119694 46.98333901910274 42.70192453289221
37.41578976426771 47.113624207582305 42.7002353262108
37.330623805315945 46.98230637646434 42.701854306059914
37.41600682218839 47.113776261075294 42.70035906133633
37.41612320025251 47.113865820807526 42.70042614333894
37.462918136093975 47.14098528999083 42.71347721611431
37.46291319656171 47.140983745879325 42.71347182925158
37.46293577466927 47.140989847249095 42.71347808409892
37.46312187101748 47.141040151852515 42.713529927894626
37.46355886676092 47.14115755746367 42.71363782813784
37.46352240869143 47.14114768546177 42.713627347997104
37.5061991843612 47.14740055725477 42.71412719449762
37.4635667303826 47.141159557272395 42.71363760246969
37.50625331364415 47.14740508340383 42.71410051973649
37.50622122227397 47.1474006295594 42.714114275832685
37.54854512322698 47.19525652366565 42.724713159639975
37.54815527933258 47.194960794597556 42.72472345091326
37.549666995624484 47.19619065269914 42.724729184147435
37.54901283034505 47.19566274331608 42.72472905803314
37.55095373721767 47.19723146521621 42.72473075919308
37.55031472255688 47.1967296694824 42.72473826352568
37.64822809855429 47.390513907262395 42.75754641917834
37.55103546752899 47.19732074379939 42.72474358483548
37.648299280240465 47.38943990662542 42.75718737044225
37.66066451775017 47.25966953494639 42.710756576622124
37.64803295163601 47.39406581299981 42.75875365221931
37.6733432345941 47.5243058222976 42.801649392210294
37.67323808243722 47.52447693884283 42.8017127959591
37.67359492002882 47.52408155668613 42.8015574433675
37.67387105746179 47.523827002319365 42.80145381772585
37.673475167804305 47.526760330639185 42.80243135759653
37.678384748044856 47.65237391249481 42.83881015974029
37.67831315804689 47.65237110877914 42.83881300620912
37.678701389047625 47.65239165582227 42.83879754473388
37.679034211123664 47.652414874131544 42.83878426357837
37.67838836234786 47.65238350823632 42.83880997155103
37.67873156012851 47.65244393436453 42.838796104699064
37.67871390888089 47.65244307144156 42.83879680733268
37.67908192992692 47.652466261709755 42.83878213325914
37.72000502197322 47.661789767281135 42.837078625447816
37.67873266727965 47.652446805121166 42.83879604737503
37.679113670327474 47.652527805243274 42.838780587524404
37.679106927169634 47.65252745453319 42.83878085604468
37.75556300713513 47.68769051064593 42.83630932375244
37.75580651727551 47.68782054118741 42.83629595989071
37.67911357175805 47.65252891624854 42.83878058619814
37.75569257681961 47.68790977913525 42.83630794994653
37.755667099324896 47.687897713283434 42.83630940697359
37.75594465110648 47.68803819745276 42.83629387964183
37.75620056966613 47.68817961405004 42.83628001676722
37.75570955491082 47.68793942047826 42.83630780470186
37.75607750498629 47.688267250439544 42.83629263258502
37.75599643042053 47.68822598883172 42.83629715959984
37.756336424518594 47.68840456324904 42.83627838688845
37.7561239445708 47.688355280412786 42.83629250108999
37.75645014085684 47.68862045833057 42.836278077764355
37.75631284194209 47.68854988619428 42.83628571760879
37.85463405185628 47.691761557919016 42.81000350162368
37.75650694557323 47.68875585296523 42.8362789764233
37.85362133945452 47.691972898051716 42.8103080760202
37.75657735601887 47.688832074022585 42.836276588698865
37.9434250077473 47.676019322622054 42.77795413074995
37.85275234446754 47.692154188528086 42.8105653686635
37.85240852977685 47.692225951758424 42.810669721367326
37.994060422607845 47.79391835666671 42.816726163221134
38.06723035783029 47.78544801966421 42.786935609737206
37.852647197175564 47.69217611896957 42.81059611533514
37.99818701210184 47.80031820091712 42.818059779425695
37.99635925750995 47.79894536869793 42.81801893471919
38.00347969766098 47.80444677709977 42.8182356884425
38.00007349273767 47.80318258338514 42.818646379532765
38.13692000720429 47.88535155224459 42.79054814019375
38.00453100023367 47.80834004953492 42.81942658900751
38.18736283319837 47.952789679672044 42.778714266461144
38.18720102333735 47.95341121175357 42.77937111765167
38.18712302465678 47.95396937510531 42.77988681811877
38.187127678244764 47.95382088805361 42.77976736574073
38.187177060870845 47.95399626300788 42.779847970891694
38.23088117341224 48.08832928459519 42.85058580320544
38.23165990598629 48.090188115802206 42.85144532335292
38.23146610363183 48.08981716744426 42.85131046978611
38.23220657429283 48.09105319742855 42.851669364776065
38.23377021633637 48.095400122235375 42.853925245631174
38.23502378323813 48.09806554824465 42.85502696690461
38.234408830859216 48.096894059282434 42.85460386304483
38.26619672194775 48.15241792893996 42.86040121857815
38.26713623720303 48.155409269973475 42.862396367356446
38.26883173324397 48.15786107888803 42.862771063346585
38.267591650552404 48.156231888295025 42.86267662231609
38.270432013337896 48.15977635380339 42.86268806098689
38.271555427034755 48.163506952237434 42.865242049686074
38.271437907263156 48.16333642779101 42.86521544077459
38.31649666258055 48.21271667600767 42.883754609692645
38.320352706548604 48.21615623705978 42.88336253710961
38.31346476955269 48.209812662957404 42.8839102265424
38.31984084186122 48.218044755258106 42.8852082672484
38.31897248412063 48.21715778024918 42.88521058357089
38.43787598999785 48.301851884486744 42.88132135258315
38.320747482636136 48.219466888515015 42.88558526392262
38.46695660192272 48.31598542698255 42.89412729871803
38.4358903126826 48.30210269000651 42.88260918378507
38.47115741270601 48.31600735106908 42.89236861415627
38.46677977452233 48.31600572711979 42.894215594155796
38.47064315983888 48.31605625366129 42.89261858418244
38.437059047448315 48.386655859871354 42.923196164376954
38.475839195918994 48.31609622948929 42.89045188782133
38.43897128527076 48.38858022427183 42.922810402903366
38.44283806172972 48.390453313583826 42.92165230262463
38.440749741433635 48.39037198996445 42.922452010108344
38.48803240918793 48.324982666950575 42.888897468819664
38.4429379050527 48.39264730417757 42.92202431076895
38.44678320758842 48.39458065938442 42.92088587921823
38.44473247219944 48.39454803528408 42.92168004189026
38.52846223351396 48.397082140054735 42.88658250842504
38.423141196332395 48.457554386100476 42.93350812950284
38.4760392187261 48.54014232101337 42.924497063025505
38.47592288322759 48.54013998161258 42.92459664623573
38.500942951353906 48.460830624444185 42.90368368303143
38.47602537758444 48.54023717452732 42.92455472046788
38.498540428798165 48.58298863885624 42.935811323264076
38.498066615261955 48.58250830010731 42.93585996790425
38.49933453013401 48.5837961872373 42.935733462247384
38.499052248332006 48.58353009116976 42.935791753186514
38.5740726535522 48.65573397312865 42.941807458810246
38.57286077848717 48.65451213021809 42.941532158613846
38.57599824452757 48.65766849044929 42.94224689641726
38.5780932989406 48.65976289523653 42.94272801045002
38.57643641979429 48.65810739985909 42.94234726801166
38.65292298779337 48.727920774823076 42.93097904872363
38.65268305039346 48.72772402614595 42.93102543548671
38.66682724511337 48.71051074583546 42.919692200566644
38.653136074001054 48.728101077118836 42.93096634251731
38.71376306023811 48.80246414506225 42.92695706731209
38.65535629780129 48.729931836789106 42.93058914341145
38.72370618593444 48.75555282424487 42.90271288170753
38.71399092591514 48.80295226681344 42.9268925759825
38.71487494973758 48.8042213559002 42.92626432778334
38.71450736700509 48.80380612394046 42.926593625400194
38.71530406722908 48.805123731092166 42.926132674529704
38.716073088808685 48.80611830604319 42.925519929453934
38.715513872280894 48.80547172357062 42.92601189815022
38.71655347519846 48.807153819545164 42.9253878758819
38.71641483565479 48.80698919390018 42.92550722488124
38.71715048000124 48.807823694501096 42.92485031641636
38.716713375168105 48.807491672628174 42.92533979022568
38.71751689192976 48.808657427110305 42.92477616405135
38.717164530703755 48.80825112726328 42.92508682467039
38.76583998160744 48.84253150410537 42.901121568094425
38.71771830627741 48.80919079079046 42.92478083641245
38.83989381415098 48.88784122462979 42.84759419938147
38.76606134116129 48.8427274721124 42.90097292278239
38.85692597846901 48.90108402973573 42.842374316715365
38.83845333350183 48.88773014889458 42.848765890434066
38.839957507794445 48.959185505575036 42.851361166819395
38.841581144096025 49.0515403289144 42.85764560756914
38.842963313356684 49.054103072688775 42.85670573231183
38.92451674049388 49.185381559683464 42.826054540692034
38.92420070530829 49.18499268830108 42.826022538590664
38.96497001895054 49.254682226460474 42.83328921254749
38.9647094431005 49.254414745833316 42.833275780745616
39.0056379694009 49.30685242179079 42.83937950241207
39.00563738807777 49.30685155121192 42.83937946985606
39.00566174913285 49.306891500840294 42.839382445293246
39.005647125158106 49.30687451514265 42.839383910317174
39.005759605531196 49.30712790107746 42.839429681039526
39.005733735570104 49.307078944249824 42.839423485457075
39.00983195543722 49.34365402801225 42.84423019963435
39.00981970391206 49.34370449288575 42.84423586544307
39.00977885896849 49.343908387514304 42.844269709183294
39.009775058845065 49.34392303343217 42.84427104415187
39.00495010715162 49.36317728198241 42.84674982871586
39.00495502980021 49.363167931545725 42.846751516562044
39.004937862539165 49.363212241018196 42.84674932301527
39.004914350373994 49.363281773155364 42.84674911053059
39.00490561631098 49.36330371615047 42.84674780517616
39.00487972900146 49.363377801802386 42.8467467915698
39.00487625193995 49.36338623743408 42.84674617724099
39.00485236086831 49.363452873638096 42.84674469376812
39.004851865140516 49.363454006040115 42.84674458400493
39.004860256235744 49.363433117939906 42.84674589908616
39.00484678547427 49.36346798893379 42.84674421016136
39.05450139011148 49.439911701142975 42.811664217723305
39.00483356501864 49.36350406456114 42.846743137280086
39.12410907896384 49.63210710569355 42.8116937049397
39.0548587671115 49.44032983463628 42.811438048628226
39.21222777559355 49.81190741093755 42.799683809996566
39.21218203816301 49.811846738078685 42.79968406349882
39.26536201608485 49.94300599182763 42.829377565953095
39.265783401413785 49.943029082193235 42.82929936699773
39.26538496695393 49.943043782159435 42.82939491502929
39.265841425166656 49.9432438762471 42.82941376403069
39.265478518724365 49.94322485179242 42.829481620261106
39.26593352482086 49.943483141702586 42.82953520721063
39.26559343380866 49.943432509630796 42.829579394850896
39.2660589821172 49.94373492019898 42.82965678003039
39.26572510797981 49.9436556621249 42.829682680894926
39.258485795352385 49.9682943324063 42.83159664290506
39.258108337648125 49.96825813054929 42.83159066145585
39.25861366122571 49.968351286564456 42.83154815735629
39.25821766697777 49.96830888955746 42.83154687486208
39.258741843677306 49.96841801348653 42.831488665416735
39.25833915044523 49.968369787765596 42.831493138518205
39.25885803804692 49.96848802015366 42.831423977016016
39.25846178519608 49.96843541431778 42.831434200981015
39.25895694069176 49.96855549135847 42.831360005853945
39.25854447813691 49.96849560260006 42.83137644734337
39.2590354240969 49.968617370050275 42.831299818589315
39.25859660582565 49.96854858770576 42.8313230374315
39.336772213183544 49.99055022816924 42.83747769807168
39.25861099012663 49.96859113256663 42.83127673808371
39.44903684435596 50.067259830772144 42.83269786435734
39.25860891165735 49.96862536713219 42.831237786011364
39.36078045146966 50.03452969484424 42.83714818113095
39.359241283282785 50.0333605652845 42.83719952649387
39.33022412765213 50.03672508020753 42.830506679980246
39.42003527683357 50.07062055683839 42.82610837169991
39.33162472730076 50.03766000005241 42.83049110995304
39.46575352886716 50.101567827970996 42.808579152173714
39.332654452608466 50.03834756648416 42.830479059635934
39.38893933765369 50.07983811905396 42.802237318837506
39.43163356268681 50.107355016439485 42.784942088473855
39.38920612659397 50.080010917782886 42.80223433788725
39.431569994218805 50.10731489391742 42.78491519033824
39.43182749023269 50.1074775022023 42.78502405378087
39.431649635188855 50.10736524956377 42.78494879227066
39.43197046597458 50.10756779408901 42.785084497428855
39.43172481833042 50.107412758425255 42.78498054421914
39.432067747452166 50.10762923208968 42.78512562043503
39.43176520574357 50.10743829925868 42.78499757939868
39.43212593534625 50.1076659996704 42.785150196829434
39.43178869450159 50.10745316229598 42.78500747713811
39.432154148319604 50.10768383608762 42.78516210275926
39.43178880611099 50.10745326767632 42.78500748610795
39.43215584241764 50.10768496242462 42.7851627570968
39.431722895711914 50.10741172976306 42.78497952828472
39.55450322573157 50.33478689456086 42.697651839013886
39.43168522340001 50.10738798106457 42.78496355606409
39.554192273335126 50.334162049486935 42.69791797543918
39.673217483442166 50.60010116248469 42.598259000126845
39.67273171897871 50.598531447031554 42.59912283002632
39.731483910509084 50.81504775169839 42.46799934165668
39.674061823804244 50.6029394130117 42.596721772674364
39.792129950276745 50.91135115053068 42.51829018186456
39.792085779702674 50.91125687770044 42.51825880121988
39.792129209394275 50.911348236600624 42.51828988795728
39.79252518895832 50.912187026638136 42.51857231535669
39.79250469640877 50.9121326951234 42.51855960448772
39.78245710969856 50.92915882350339 42.503297099066536
39.782398046560296 50.92906443361583 42.503248112848254
39.84667058189577 51.04497615667563 42.54053572076738
39.846617996911164 51.04490081532742 42.540491800411765
39.84694432605031 51.045434372125 42.5406917952638
39.90097041485008 51.14285807086753 42.56464022775164
39.84695837209331 51.04545737979892 42.54070035736016
39.90097060021863 51.14285983978343 42.56463877256744
39.90097529335555 51.142903435668956 42.56460317510438
39.900975348842515 51.14290406742221 42.56460263249776
39.90098033002427 51.14295084244655 42.564564323353835
39.900979913480924 51.14294705211995 42.56456740009052
39.90098434889205 51.14298934310931 42.564532617546575
39.900982397780645 51.14297077990242 42.564547875952464
39.900984219871106 51.142988205569594 42.56453353235799
39.90098881878714 51.14303170504986 42.564497834439145
39.90098821329358 51.14302629814948 42.56450219926693
39.90099326819819 51.14307419711025 42.56446287137538
39.90099189463464 51.14306157150807 42.56447314980577
39.900995592523465 51.14309739003319 42.56444356514446
39.900993723508236 51.143079345353584 42.56445845630879
39.90099526234785 51.14309431211005 42.56444608086008
39.900999433049485 51.14313433547487 42.56441310588797
39.900998341881234 51.14312402202824 42.564421567935966
39.90100308502139 51.14316943443441 42.5643841761877
39.90100117179986 51.14315118036866 42.564399192022606
39.90100383591605 51.14317692372234 42.56437794268972
39.90100343498724 51.1431730417256 42.56438114873558
39.901003743790056 51.14317603376804 42.564378677227275
39.9010068433218 51.14320584391458 42.564354102142595
39.90100610342307 51.143198708813145 42.564359988452864
39.86075458291964 51.291638221244106 42.42718648791296
39.86087446602552 51.2912817125795 42.427524309205715
39.86619636545469 51.66212609640691 42.24419421473457
39.8661872750701 51.66207470804494 42.24419185624991
39.86631379310819 51.662426063047874 42.24425548695648
39.86629047706627 51.66235985986436 42.24424388335987
39.866312223470814 51.66241997924308 42.244254843551104
39.86644554735622 51.66279899380763 42.244321155603146
39.8664283329663 51.66274199931206 42.24431327574812
39.866575402207005 51.66317202335582 42.24438541401494
39.866535720023705 51.66304065284098 42.24436724857203
39.866640182267375 51.663340630868575 42.24441895056698
39.866588843452675 51.663191421950266 42.244393692100125
39.866629657730456 51.663306620434895 42.24441406229571
39.86676056957177 51.66367802288529 42.24447923858849
39.866734095826025 51.66358617566685 42.244467475555034
39.86688067065792 51.6640097735915 42.24453979298259
39.86684262660633 51.66386887440305 42.24452364332178
39.866976775084254 51.66419942994953 42.244594666735125
39.867132029759425 51.66460511563939 42.24467490694781
39.86708175396093 51.66446733650204 42.24464946535427
39.80088655630265 51.70773998934105 42.15612952851246
39.86715445389417 51.66464177881514 42.24468835325452
39.801025544408354 51.70798247974777 42.15622158226239
39.8009019596027 51.70779726208997 42.156127449531375
37.41579069069143 47.1136249410793 42.70023586210849
37.4160076425249 47.113776962374494 42.70035954063767
37.41614108072503 47.11387763425919 42.70043627061093
37.46292498004805 47.140986313985245 42.7134632620893
37.462961752870314 47.14099621769909 42.713472805144484
37.463125325129155 47.141039648588944 42.7135032989096
37.463230297441385 47.141067929722155 42.7135307293515
37.46308015001765 47.14102814468433 42.713504300436476
37.463326043288674 47.14109375110109 42.713556247953974
37.46354174317834 47.14115151298689 42.71360587438495
37.4635907976224 47.14116461297703 42.713616465125405
37.548740022222155 47.19544314617347 42.72472931201995
37.54852330236094 47.19526838294527 42.72472934111352
37.549241718194 47.19585783150583 42.72473480140254
37.550604679442415 47.19697074380389 42.72474220812119
37.549831080356206 47.19634237366573 42.724739819116216
37.673035824371084 47.52485075917011 42.80184917313747
37.67316767227753 47.52484317997414 42.801836477800904
37.67307869386346 47.525413490245086 42.80202746871251
37.677913174145985 47.65237291856056 42.838828827633336
37.67811610928155 47.652373685352515 42.838820792575156
37.677963707003656 47.652381840262436 42.838826785746015
37.6781388124859 47.65241298562043 42.83881970915516
37.67840774562328 47.652438721014775 42.838808944653564
37.678276807502684 47.65243902767857 42.838814125275505
37.67841802135737 47.652467805148355 42.83880840113558
37.67873757481396 47.652515054099524 42.838795532040486
37.67861898886112 47.65251194456573 42.838800239880825
37.678737485055244 47.65254005649237 42.83879541795643
37.7331958392549 47.67501538762803 42.83649431957962
37.678935083040656 47.65259092529202 42.83878735839345
37.75554596395545 47.68795160082523 42.83632058744114
37.75581731323443 47.68814408776222 42.83630751497477
37.75567252416839 47.688083046263955 42.83631608308905
37.75591357983778 47.68833654760202 42.83630762384175
37.75618127981643 47.68848367726781 42.83629309230609
37.75593788881305 47.68836220125209 42.8363067742042
37.75625921521626 47.68866702183055 42.83629423292885
37.75617374515893 47.68862131431303 42.83629892094018
37.75652161586327 47.688803652530616 42.8362796990569
37.75629112159226 47.688751309059434 42.83629505260118
37.75656134293586 47.688948461392116 42.836282243399666
37.75638182408625 47.68885224672151 42.836292081863064
37.756581422159684 47.68905952853397 42.83628497725759
37.75654291741357 47.68903858894143 42.83628707592693
37.90177449488208 47.81412847513863 42.843732806821485
37.756581269546906 47.689082034327875 42.83628584905774
37.90739534806511 47.818701837380885 42.844075577305304
37.90378673255606 47.81585772583364 42.843868528305975
38.00217943062067 47.806332871244905 42.81928342346172
37.911415895538106 47.82197340108788 42.844320797285
38.06468081629498 47.89887089779666 42.814820514977626
37.913615033661564 47.82373720176898 42.84445129746649
38.187138373243975 47.95373339366529 42.77968821544948
38.0681343318015 47.90172125332561 42.814885907036206
38.06729969192379 47.901074048425805 42.814910564608105
38.23135068283775 48.089404942592566 42.85106515726818
38.231438342934354 48.08974199439202 42.85127214562754
38.23179325124269 48.09013967888494 42.85127619572603
38.233438975844535 48.094521908265826 42.853484134298384
38.23340667336306 48.09434525409899 42.853362620131605
38.23376714983408 48.09546501408652 42.853984143599156
38.23430024429006 48.09666907772075 42.85451352115801
38.23416449659182 48.09622201425971 42.85425757339332
38.23632653106064 48.10143217706228 42.85668650667967
38.23609412644143 48.10083102721983 42.85638997087911
38.26633316319572 48.15441147554653 42.86239790115938
38.26745637463206 48.15604548574473 42.86265681686813
38.26640247821281 48.1547676778851 42.862693453480446
38.268775876680266 48.159148858270534 42.864257012455944
38.268345917523405 48.15839777367733 42.864020399887615
38.27006539827042 48.16125187974746 42.864802860339225
38.26973487572 48.16099065391628 42.86496709674569
38.31380170028467 48.211252822776615 42.884747624936615
38.31285598889626 48.21003994765367 42.88456131136553
38.316562758868365 48.2145275875531 42.885087899164816
38.31509955770623 48.213112310445005 42.8851524519092
38.319454917314275 48.21881804271027 42.88610226695991
38.3132940850719 48.289819383973146 42.92183170379097
38.43496759640534 48.302182480485094 42.88309977076065
38.31657756358225 48.29570898258196 42.92303581881865
38.404928970187854 48.37340229457008 42.91269876070134
38.39645022161466 48.425775290510714 42.926286212540056
38.43586749168368 48.38675788012304 42.9236802641166
38.39731289816188 48.427324863472876 42.926133903905026
38.39851103822342 48.4294457422977 42.92587142069921
38.39825925539674 48.42901458423021 42.92595026160987
38.43924607042349 48.39030238929254 42.92302576145987
38.416312119683326 48.44746723705367 42.93500017503506
38.41863239439617 48.45099283116056 42.934537177204504
38.41791580265298 48.44995883160427 42.93470467568153
38.42025295760246 48.45329200959104 42.934140865321346
38.41997906466457 48.46819149774353 42.941565142327676
38.42263346554711 48.472622868047324 42.94123210106688
38.42186500905414 48.47135157536965 42.941333315091335
38.47582977382949 48.54013758710015 42.92467609645685
38.42371121938854 48.47442740935722 42.94109906674882
38.4758241902237 48.540290041433 42.92475434236306
38.475745591964056 48.540280950207745 42.92481800582247
38.49776901778682 48.582207008353706 42.93589111122054
38.49745094825299 48.58189761492772 42.93594283074274
38.498507343646544 48.58298329593556 42.93585589340097
38.498151010215665 48.58262050422621 42.93589021214608
38.4992803122355 48.583771474223624 42.93578320071633
38.49887967413261 48.58337488745314 42.93583830468798
38.574468583904824 48.65613157919463 42.941897860048236
38.5589512026416 48.644446543792824 42.94904721851407
38.57625469853334 48.657925322053416 42.942305656721004
38.575744040179565 48.65741012175502 42.94218975012304
38.57821728384356 48.65988577565425 42.94275679167599
38.57681771577545 48.65848529564007 42.94243578114839
38.6523611993983 48.727470171107 42.931139112922544
38.65416119461348 48.72896085099893 42.9308662052966
38.65258069416684 48.72765279636903 42.93111017517919
38.65874111301916 48.75885455679035 42.94299657753489
38.65832602789045 48.75836487643781 42.942995891450586
38.71427954340827 48.803545164217 42.926795539205855
38.71405370214422 48.803424150634484 42.9270790236822
38.71485764800478 48.804677122403945 42.92656750765265
38.71462661414667 48.804385912153506 42.926756183210145
38.715419785888095 48.80536022561714 42.926093028568204
38.7152889212832 48.80548605934694 42.926375896085695
38.715958505474646 48.80643164292111 42.92589056545572
38.715522331225095 48.805870721183624 42.92624002859922
38.716440365621764 48.80735137899494 42.925686110167646
38.71633744528667 48.80721378028562 42.92576539685368
38.716966147840495 48.80801294674665 42.92525602240396
38.71657005983364 48.80759087132809 42.92562620353887
38.71730748645748 48.808689196107466 42.92512615844802
38.71702881827251 48.80832426640756 42.925345456374856
38.71752032401119 48.80908712089007 42.92503081341641
38.83784943228082 48.887683270567024 42.84925699150398
38.7175492181501 48.80913060555976 42.92501149261955
38.8402802845984 49.0492811825734 42.85855771974135
38.83959376358161 49.04808985727119 42.85903924840722
38.84218024376405 49.05287283173705 42.85727814738664
38.84212260916968 49.052771611900894 42.85731835530215
38.843834770813416 49.05577622596249 42.85612346935115
38.842324177844795 49.05314630335354 42.85718146034648
38.92474890349432 49.18597479392145 42.82613776770277
38.92451616621731 49.185668237094674 42.82611028205031
39.005622160358826 49.30682663417387 42.839377635449054
38.96514408392877 49.26323746481554 42.8371370787915
39.00567420260245 49.306952008950674 42.839402594668414
39.00572388362383 49.30705985072825 42.8394209171304
39.005698953348926 49.30701060005592 42.839413983650545
39.00980562152 49.34376151262935 42.84424196410332
39.00979245736886 49.34381365445104 42.84424717853596
39.00495250694625 49.363165525901614 42.8467483799957
39.00494578705842 49.36318282267676 42.846747506353296
39.004920055125275 49.363257236388236 42.846746742695906
39.00491887680126 49.36326016725606 42.84674655728178
39.004935968840584 49.36321707063048 42.84674906270925
39.00491169681264 49.36328073448141 42.846746282199064
39.00490099631739 49.36331510701744 42.84674704647432
39.00489260551537 49.363335212128476 42.84674548456448
39.00487113640048 49.3633981415033 42.84674511353306
39.00486765778103 49.36340577826624 42.84674424561975
39.00484724056889 49.36346392254836 42.846743355693604
39.00484636347607 49.36346547451198 42.84674301896832
39.004834639457926 49.36349803393047 42.84674224654069
39.004832504055635 49.363506412282234 42.846742878422624
39.00483026789013 49.363510075203315 42.846741927201066
39.05394207915757 49.43925696319718 42.81201801944161
39.004817537009345 49.36354473214318 42.846740867935516
39.1586763283344 49.75074297334662 42.83418548120626
39.157920429544816 49.7490678001014 42.83427013693037
39.238402177305844 49.930168509429194 42.81818668211599
39.238399586378506 49.93017087594053 42.81818801474778
39.26536582096951 49.94304483543907 42.8293997115859
39.23838507784774 49.93018098251427 42.81819996168426
39.265389757118314 49.94322014999798 42.829498188102605
39.26517312464634 49.94320817843979 42.82953833018793
39.265439701476204 49.9434075206145 42.8295981260424
39.26523880393837 49.94337088572985 42.82962025036875
39.26551670053146 49.94360113913538 42.829695861904206
39.265326798964374 49.94354444064844 42.82970372212637
39.25782437498576 49.96823559023605 42.83158085564825
39.25760584498428 49.96822238025182 42.83156863413552
39.25791859333726 49.96828083629467 42.83154142257204
39.257694351278076 49.968263663842905 42.831532969943545
39.258031495229865 49.96833598185083 42.831493121943986
39.25779792688954 49.96831333554444 42.831489697389785
39.25815365159694 49.968396592574436 42.83143979413849
39.2579154582986 49.96836873130225 42.83144168918352
39.25827176735447 49.968457163703036 42.831386009042994
39.25801272733445 49.968422163432 42.831393382796115
39.258382514017164 49.96851550667169 42.83133382673461
39.258095125321105 49.96847207443505 42.831347208467506
39.258481642385505 49.96856958106775 42.83128502544243
39.258151986641934 49.96851512380822 42.83130561662723
39.258568753731595 49.968618252723005 42.831240837525236
39.25820249544369 49.968553042549274 42.831269034419485
39.258259079666004 49.96858910069603 42.83123531002576
39.25821428391278 49.96856847809852 42.83125305300466
39.25822584959706 49.96858273472049 42.83123837639866
39.3295031747796 50.03624634255928 42.8305075029869
39.328598349668866 50.035643219473485 42.830515095159136
39.3314051364346 50.03751525162395 42.830488300177
39.32988806183222 50.03650415472306 42.8305006593509
39.33306691462663 50.03862347533692 42.83047279816398
39.33094929851836 50.03721245097614 42.83048913160766
39.33179296361547 50.03777555183076 42.83047991738446
39.388423283965814 50.079509629796775 42.80215857334517
39.332194714677094 50.03804353617372 42.83047599626586
39.33255186085749 50.03828177776717 42.830472480318456
39.431333647536775 50.10716585509793 42.7848150343415
39.388667972870664 50.07966849284205 42.80215028424092
39.43146549239582 50.107249127511494 42.78487076152796
39.43126904783291 50.10712512910055 42.78478764793648
39.43156387128491 50.107311263562615 42.78491234297898
39.4313109126759 50.107151601730784 42.78480530905103
39.431632875236865 50.10735485575228 42.78494149841174
39.43133451021485 50.10716653748793 42.78481524837317
39.43167483476064 50.10738139559659 42.78495919142634
39.43132338470545 50.10715956306929 42.78481048856267
39.43130167693482 50.107145923741 42.784801235354685
39.43128845842705 50.10713756033209 42.78479566433064
39.431271537225456 50.10712689826353 42.78478848454482
39.672126254110076 50.59657456271212 42.600199640715076
39.43120707801239 50.10708627037143 42.78476114725851
39.67374347737909 50.6019058028278 42.59728947807868
39.67303304754824 50.599599539846594 42.598556264076535
39.67415523684349 50.60331717412859 42.596530951445736
39.792454693164025 50.91200580012552 42.51852759877441
39.674275377556214 50.60371569289347 42.59631395648741
39.792436080789386 50.91195970948985 42.518515486199
39.78233740760826 50.92896855288748 42.5031978009714
39.78227709507645 50.928873158108594 42.50314776047318
39.84659402545273 51.04486576465217 42.54047255436695
39.846535763726635 51.04478106383855 42.540425240524485
39.84694278290714 51.04543203285906 42.54069064745746
39.84683913495793 51.0452756620396 42.54061272837204
39.90097124307749 51.14286658621481 42.564633085657135
39.84690152246513 51.045377849057395 42.54065076348248
39.90097142014163 51.14286847100476 42.56463149145422
39.90097548179993 51.1429057316295 42.56460117489632
39.90097562493173 51.14290744753251 42.564599684933796
39.900979856673786 51.14294669318151 42.56456765435202
39.900979715763185 51.14294586426823 42.56456822075121
39.90098365066392 51.14298337596673 42.56453737053966
39.90098298450036 51.1429770486792 42.56454256897769
39.90098361886962 51.14298311769285 42.56453757290009
39.90098762917883 51.14302107987868 42.56450641236482
39.90098726552557 51.143017829193674 42.564509037348
39.90099158335091 51.14305870320611 42.5644754865074
39.900990658093505 51.14305035071378 42.56448225080519
39.90099385221723 51.14308114387517 42.56445684905705
39.90099347337339 51.143077517925406 42.56445983432407
39.90099380012879 51.14308066975764 42.564457233947195
39.90099729661968 51.143114106400034 42.56442971173678
39.90099670271515 51.14310847229756 42.564434339116865
39.90100059259632 51.14314560452846 42.56440378984262
39.90099939647521 51.14313414812656 42.56441322380387
39.901001897096805 51.1431579539162 42.564393652904876
39.901004186083284 51.14318007906752 42.56437538866786
39.90100405984293 51.14317885593333 42.56437639900335
39.9010041574824 51.143179802411424 42.564375617091244
39.90100685598902 51.1432058367528 42.56435413670811
39.90100624014936 51.143199901707696 42.56435903217438
39.87042617870513 51.51855736532056 42.33962172884744
39.87046875822617 51.51801605133886 42.33993375713644
39.86628911881401 51.66233785606216 42.24424474382926
39.866403098103575 51.66266273326525 42.244301361906416
39.866318665275244 51.662421176279025 42.24425949664898
39.86639215459583 51.66262810545889 42.24429621667872
39.86652322282197 51.6630022230747 42.24436127851474
39.866490578214126 51.66290314472295 42.244345573229594
39.86658686131492 51.66316806639426 42.24439420654964
39.866706917309415 51.66347518872992 42.244456812813674
39.86664723532699 51.66332211829705 42.244425723513835
39.86670628861465 51.66347262873058 42.24445656553984
39.866823953756466 51.663773269139895 42.24451795599831
39.86682332051453 51.6637693604427 42.244517819555305
39.86688161243749 51.66391598371172 42.24454842875285
39.86699044634935 51.66416402525107 42.24460775448572
39.867108948625386 51.664490880145266 42.24466754336228
39.86706327335159 51.66433947602417 42.244646650789804
39.86704482851731 51.664333490172766 42.24463354416708
37.463230187995784 47.14106788658661 42.713530438671576
37.463325297252524 47.1410935153565 42.71355538574602
37.463538139551694 47.14115047584069 42.71360366017244
37.46356409500099 47.14115688725757 42.713599279578865
37.5484308189026 47.19518829865518 42.72472632963559
37.54864385743379 47.19536526863992 42.724729143621445
37.54807324383814 47.19489763667593 42.72472510727651
37.54935935468282 47.19595075574865 42.72473372116127
37.588613698971876 47.356910199149844 42.7663261654409
37.58974815583595 47.360351443173265 42.767096220104555
37.677851885533805 47.65238933953843 42.83883117595769
37.677989475288584 47.65241695935612 42.8388256006935
37.677996518766115 47.6524194749593 42.8388253101018
37.67818838532572 47.65246199645573 42.83881751664236
37.67819634583573 47.65246412944455 42.83881719155798
37.67843028908915 47.65251040635803 42.83880771518349
37.678487089019626 47.6525268370863 42.83880538993774
37.678705427749634 47.65258317347894 42.838796483804856
37.67873622724173 47.65259250385745 42.83879522097109
37.75561138894567 47.688075235345416 42.83632038751648
37.7555873079326 47.68807302711507 42.8363221162181
37.75564221844523 47.688133074575475 42.83632027726439
37.755920129954646 47.68835418089267 42.836307804721294
37.75578835117987 47.6882953979503 42.8363154795973
37.75598669577265 47.68851634138703 42.836308991600355
37.75597169699999 47.68850774922365 42.83630979244652
37.75599324176439 47.68853261676706 42.836309120882824
37.75629923849562 47.688803112887754 42.83629642172155
37.75614345384261 47.68870685281557 42.836304471448265
37.756317037629785 47.688898535620226 42.836298729227195
37.756283050290314 47.688876496316354 42.836300445733094
37.75631795840114 47.68891620215332 42.836299335223586
37.90092970539334 47.8136194993608 42.843706515220454
37.89791438200304 47.81126941931535 42.84353724486796
37.9056523237132 47.81745654592895 42.843993735504576
37.9051220637202 47.81703981434501 42.843963479440646
37.9124269622535 47.82279798690152 42.844382728351725
37.906310231155935 47.81799097186086 42.84403373220697
37.916515255948525 47.82612961429647 42.84463277856241
37.91288810924861 47.82325953856384 42.84442306001366
38.10236788386975 48.01611585228062 42.88031677824138
38.233489751325145 48.09417635887878 42.85313760455974
38.1048078327606 48.018832697369945 42.88080735744354
38.23552180879467 48.098855648736034 42.855232792996645
38.235503728954285 48.09871302125683 42.855127043638475
38.23579913634222 48.09994168437751 42.85590464012268
38.236050248191404 48.100046729516954 42.8557554186155
38.26713609538362 48.156038870283396 42.863085848069296
38.2669481942423 48.155559870786234 42.86281739130608
38.267807653447974 48.157404251429085 42.8636658955314
38.26843191685094 48.1584223553065 42.86393016645348
38.269897902590564 48.16133472783401 42.865121719656806
38.26921494549163 48.15992569115511 42.86450940542847
38.271068998083265 48.163545059136425 42.865946366647265
38.30860561561945 48.28153937825223 42.91951370769046
38.31030472303942 48.28453348483224 42.92038410686883
38.308896916086006 48.28206022263689 42.919628208355206
38.31217556946223 48.28784040238343 42.92129551476717
38.31453798440141 48.29215818959895 42.92179129365276
38.31438653365417 48.29189056267067 42.92171715166661
38.31660625209714 48.29582581347472 42.92274468933478
38.39647756571464 48.425816878825906 42.926269118038135
38.314879284935074 48.29277450284937 42.9218974436813
38.397843277494346 48.42823244006868 42.92596675725801
38.39785014070442 48.42824196199108 42.925960973247385
38.3978578889065 48.42829590751228 42.9260248284958
38.39808958516378 48.42871820475373 42.92599388650309
38.39790852063955 48.42834868281728 42.92595369117221
38.399225975296126 48.43073614393384 42.92575530511553
38.416539150875764 48.4623908615514 42.94197279731143
38.399427030597074 48.43109838494141 42.92572159672885
38.41740861580783 48.44921920956088 42.934819750004436
38.41833521669799 48.46542606670205 42.9417626576149
38.41989456830659 48.46805991373224 42.94157966332805
38.41918977435453 48.46686898377107 42.941662171565106
38.42114887978276 48.470159741173035 42.94142469727744
38.42121465917208 48.470274133116924 42.94141833687162
38.423298282518296 48.473757217449815 42.94115880967071
38.42259879100986 48.4725895754242 42.941246622390324
38.475676442807355 48.540271280668584 42.92487321087074
38.424130394510144 48.475137300366626 42.941050651487686
38.49727685770653 48.58173086987346 42.93597493032043
38.49708857653592 48.58153916859135 42.93599305264594
38.497826004103814 48.58228977524291 42.93592175848909
38.497565762880186 48.582031292413795 42.93595627716513
38.49850223873073 48.58299640924716 42.935883121690104
38.49824883440379 48.5827368059926 42.9359051819996
38.55788526941606 48.643418809670294 42.94897475332796
38.49877484639329 48.583281066411445 42.935867246465556
38.56027777309211 48.6457131810943 42.94917888795631
38.559054351774165 48.644534934040685 42.94909125981252
38.576317364650706 48.65798330177701 42.942321400265385
38.561534013255866 48.64691550644379 42.94929406751082
38.57785576511837 48.65951753382045 42.94267575272012
38.5766463861815 48.658305144086086 42.94239900900703
38.652471283083464 48.727561401536285 42.93112274862091
38.655389284701286 48.754986816813336 42.9429100606158
38.657074179202006 48.756916004199574 42.94296764392776
38.655837690291925 48.75553153532672 42.94289606757505
38.65880968269183 48.75918760158963 42.94276049600322
38.65848321270573 48.75880907440399 42.9427537619527
38.71445093335964 48.804157696293444 42.926895552957994
38.65925651976273 48.759786995049346 42.94269355225081
38.7150292012509 48.805192813916584 42.92660865109377
38.71487944615808 48.80496886800741 42.92670965429269
38.71543560071376 48.80575523085571 42.926307123668195
38.715428591883 48.805880009482095 42.92639371624796
38.71595182771422 48.806679740541874 42.926051273440635
38.715621785587956 48.80619563589438 42.92627958887793
38.71638445104486 48.80742252377464 42.92581749012048
38.71630120601845 48.8072971052035 42.92587307066203
38.71682276714373 48.80804468026295 42.92550170591716
38.716492836666404 48.8075992017684 42.925753223329956
38.717113930962185 48.80853942824762 42.925341242534955
38.71689649844019 48.80822237503082 42.925492792751186
38.71753214959619 48.80910810413188 42.92502483434459
38.717290153058144 48.80881063092582 42.92522703536916
38.76763351848618 48.90894376221804 42.902677269424586
38.71735025238864 48.80889815383686 42.925185078400105
38.840790110943935 49.050428581470925 42.85824743920374
38.84030187956814 49.049569362322956 42.8585877276428
38.842227583235776 49.05314085402645 42.857278421060165
38.84379755325737 49.05595515282345 42.85619343269727
38.842505728254864 49.053658375122524 42.85708960653925
38.96477167554461 49.26281027761944 42.83709680320304
38.964541006615065 49.26254690252512 42.83707223273043
39.00567526113218 49.30696202588591 42.83940657226494
38.9653033820888 49.26349068735617 42.83717597440581
39.00569637822307 49.30700541119766 42.83941322025375
39.00571512961584 49.3070576095223 42.83942547766679
39.009785020255734 49.34384258825368 42.84424990471283
39.00121604179578 49.33040606162118 42.843467453356496
39.00493453947374 49.3632116109307 42.846745992735464
39.00492608284902 49.363233103664946 42.846744806721276
39.00490738239387 49.363288447673625 42.846744650806144
39.00490441812205 49.36329563396771 42.84674412541457
39.00488260306223 49.363358203682004 42.84674331488243
39.00488253456396 49.363358344188285 42.846743294676976
39.00489045828408 49.36334025207583 42.84674505172661
39.00488165875679 49.363360847461706 42.846743259388745
39.00486500604556 49.36341130905734 42.84674349227792
39.00486212472688 49.36341649076167 42.84674241242368
39.00484432098189 49.36346851324544 42.84674205326089
39.00484365031609 49.36346863816764 42.84674146069577
39.0048283781867 49.363512104975285 42.84674078705326
39.00482841447284 49.363511270112035 42.84674055777085
39.00483003977037 49.363510402377905 42.84674181549023
39.00481972167906 49.36353537572251 42.84673997380934
39.00481697083998 49.36354534483865 42.84674052777791
39.00481697108698 49.36354294084325 42.8467397693295
39.07032027290056 49.570542154553976 42.846131166219365
39.06937159462173 49.56791904624486 42.846131217874614
39.238343987693725 49.93022245496662 42.81821547662855
39.23833160780663 49.93023510800447 42.81821992583096
39.235910837583695 49.945777583085615 42.823098334946636
39.23590930805771 49.94578337913973 42.82309851113671
39.26512887859681 49.943204370172 42.829545722735176
39.23589228714569 49.94581086042258 42.82310753136993
39.2651614193808 49.943354639194524 42.82962750973449
39.2358359761242 49.94591004706906 42.82313579644995
39.26522159276532 49.94350850935315 42.829705403182004
39.23576226097293 49.94605541967701 42.82316983580089
39.257453025716345 49.96821734676573 42.83155533559229
39.257328593798164 49.968217200409015 42.831540040446995
39.25752941949618 49.96825474636641 42.831522556333795
39.2574061519879 49.96825136732076 42.831511059631666
39.25762370812295 49.96829937949444 42.831483824757726
39.25749576786016 49.9682919801395 42.83147629144844
39.25773437035595 49.96834968795327 42.83144071301221
39.257598551214656 49.96833750487528 42.83143760759042
39.257846598419405 49.96840102214532 42.831396636478715
39.2576934740505 49.968383113140746 42.831397852659364
39.257959053352955 49.96845214719033 42.831352824523336
39.25778145586707 49.968427245476484 42.83135890349072
39.258065648645186 49.96850106316478 42.83131078132757
39.2578522985588 49.968467032674305 42.831322735917915
39.25816754651993 49.96854687398818 42.831271664097166
39.2579211199495 49.9685036548249 42.8312898945138
39.257990439168246 49.968538335875834 42.831259308904016
39.257944582506255 49.968519287594546 42.831275140685435
39.2579676708738 49.96853400908963 42.83126137033793
39.25808221770132 49.96857393029527 42.83123048150572
39.258027082743794 49.96856266128374 42.83123636789982
39.3286729463946 50.0356942706075 42.83051066280714
39.32771525614736 50.03505586098038 42.830518837858655
39.33021750153574 50.03672484299385 42.83049475323662
39.32882288459933 50.03579536729092 42.83050609800182
39.331586571598265 50.03763804614941 42.83048145526925
39.329814329315404 50.03645701567676 42.83049552028424
39.33058580111498 50.03697204293898 42.830486774778336
39.33052602795016 50.03693216185661 42.83048738667634
39.33056339028914 50.03695710637189 42.83048695805217
39.33158998627425 50.03764171828613 42.830477424278264
39.33126340516772 50.03742415260362 42.83047981692201
39.38819942511828 50.07936849100565 42.80210450384213
39.331846407897395 50.03781310955252 42.830473925082615
39.431089800454785 50.10701203823214 42.78471175285308
39.388121703930146 50.079319737172 42.80208209273998
39.43118350467394 50.10707122888632 42.78475135067933
39.38833362001235 50.079457246187786 42.80207603579606
39.431253599397 50.10711551796149 42.784780958433245
39.43093126839531 50.106912075437066 42.784644564939796
39.43095210706055 50.10692528816591 42.784653316853
39.43091820290659 50.10690385742056 42.784639005213265
39.43090182458803 50.106893550916354 42.78463204100103
39.431003716383564 50.10695791194412 42.78467510042087
39.430873814964926 50.106875920041915 42.78462013658532
39.67275029627653 50.59868225829061 42.599060246137185
39.43082983796337 50.10684821107573 42.78460147574435
39.67328784215623 50.60049362097233 42.598080143694645
39.67297055416711 50.59944711401906 42.598651277943496
39.67322274312751 50.60028169360751 42.59819641775344
39.674121585843075 50.60320759202364 42.59659106645461
39.79238377765578 50.91183718723872 42.51848022767297
39.724600184482476 50.716753808809166 42.631003534426746
39.78222249771183 50.928787108371566 42.50310245621276
39.78215834944116 50.92868605798037 42.50304922576898
39.84651327907258 51.04474815797779 42.540407220258956
39.78243436322374 50.92911035985091 42.503278453847074
39.846722146209224 51.045099052160175 42.540524903418955
39.84663315472555 51.04495461242132 42.54046919453468
39.846714354355264 51.04508734173782 42.54051899636465
39.84683194853575 51.04526479690405 42.540607351338146
39.84700325331566 51.04555562075569 42.54070053521634
39.84696933903932 51.04550368701724 42.54067588409299
39.90097588254582 51.142910764618435 42.564596763848456
39.90097612536378 51.14291379214207 42.564594114194996
39.900979711541716 51.14294621811425 42.56456784139993
39.90097976473295 51.142947786033574 42.56456631410997
39.90098330155891 51.142981330951734 42.56453876477667
39.90098242156195 51.14297304626679 42.564545554830794
39.90098327989578 51.14298122062357 42.564538833949904
39.90098679954506 51.14301408153598 42.564511963779765
39.900986583038474 51.14301238580319 42.56451327582896
39.90099033074591 51.14304755450787 42.56448447772336
39.900989696932236 51.143042132967345 42.56448879735262
39.90099261181197 51.1430699652264 42.5644658976899
39.90099561194009 51.14309844999401 42.56444249729917
39.90099324211748 51.14307596943205 42.56446096075506
39.90099532740714 51.143095854544725 42.56444460560427
39.90099855733137 51.143126328101204 42.56441961485628
39.90099786905018 51.143119946767925 42.56442482259193
39.90100138719695 51.14315315916111 42.56439758135644
39.901000247650984 51.14314248151382 42.564406321187136
39.90100243746616 51.14316341917335 42.56438908782993
39.90100458608302 51.1431843103754 42.56437181505275
39.90100385846838 51.14317726315677 42.56437763563756
39.90100441714166 51.143182733082796 42.564373104792125
39.860865527868796 51.291308638916206 42.4274990894566
39.90100619508914 51.143200319898185 42.56435849820785
39.866286191222954 51.66232772099067 42.24424344117001
39.870509905074876 51.518816834598994 42.339626060936936
39.86636529676184 51.662545122264326 42.244283419695975
39.866318386194756 51.66241016152452 42.244260223229986
39.86635910334058 51.662525654472105 42.244280496805686
39.86647605653684 51.66285546911272 42.24433889178128
39.86645776726179 51.66279472737868 42.24433053585383
39.866586223459116 51.66316559129437 42.24439394532643
39.86656042366204 51.66306673774127 42.244383272896464
39.866669763726826 51.663347640475465 42.24444019002224
39.86680092455831 51.66366868810054 42.244509813354405
39.86694709196408 51.664046803795074 42.24458568080995
39.86690667423349 51.66393719578102 42.2445651299756
39.867002647175205 51.664176513860966 42.24461570209631
39.866974429770025 51.66410040962305 42.24460131926325
37.54864524026835 47.195366380447595 42.72472914161657
37.549360343105114 47.19595154059886 42.72473371431946
37.588615858845415 47.356922494718056 42.76632940521139
37.58974879553793 47.36036075378111 42.76709893019893
37.67786412391732 47.65239107391293 42.83883068344579
37.67800227888682 47.652421658280474 42.83882507186418
37.678036382342015 47.65243699751052 42.83882364999964
37.678209568411 47.65247601793544 42.8388166123201
37.678223818682376 47.65247991552853 42.83881603000688
37.67843172267095 47.652522824093886 42.83880760002191
37.67850093384101 47.65253371423096 42.838804809651975
37.67854387666 47.65255406366799 42.83880301438383
37.67847977772725 47.652529850859906 42.838805665112844
37.678658392999644 47.65258246433909 42.83879834860936
37.678774087782394 47.65261188430054 42.83879363140055
37.755622836111186 47.68812293870127 42.836321349148676
37.75567201300491 47.68819596610363 42.836320438065115
37.75578499901813 47.68830541082368 42.836316114742594
37.75593336446499 47.68848011609199 42.83631162228155
37.75597619084337 47.68854998607813 42.83631106864677
37.75601864688127 47.6886186920834 42.836310498401275
37.7561917673869 47.68879080878684 42.83630404312523
37.756257776252184 47.68889159950995 42.83630292600915
37.75626591466175 47.68890473762557 42.83630281546938
37.90362978702555 47.81588667767702 42.843881109698245
37.908172418817514 47.81952382082238 42.844149794289166
37.909779919188935 47.82081162145887 42.844244976240304
38.10398110107952 48.018183672585714 42.880792169620676
38.1024905437766 48.017023190700115 42.880770170297446
38.10750216864233 48.02267017072462 42.88181486744443
38.11164950628149 48.027397388663594 42.882709490516994
38.26709755021412 48.15549960503321 42.862547964478615
38.237677770421925 48.10322686459527 42.856943933102315
38.2680561742048 48.15718031203377 42.86308219951458
38.269068724875126 48.15954726471939 42.8642942803955
38.2687833815733 48.158594989589815 42.86364041312864
38.30802617551888 48.280562387075875 42.91901348938755
38.30789660246013 48.28035528605158 42.91884915963102
38.30884732463052 48.28197407798612 42.9195970655915
38.31088260778292 48.28570407697411 42.919977537718985
38.31285227236443 48.289187766883664 42.92092739198252
38.31173495923361 48.28723239366132 42.920292659209466
38.316401560973475 48.2955980564053 42.92202638930614
38.315884895255984 48.29468442846471 42.92177638223367
38.3980297531075 48.42850587946966 42.92583359858083
38.317623232599836 48.29781041901191 42.92237730658583
38.39920315381263 48.43059431221641 42.925595023016655
38.39926302938604 48.43066907861943 42.92553103140058
38.39922078995781 48.43068343501476 42.92568551118859
38.39939538023672 48.43103760949117 42.92572079102055
38.3997429649003 48.43154974198898 42.92547657970546
38.41773656685739 48.4643787145113 42.94181794348307
38.41764716781201 48.46421938437381 42.94182499022619
38.41820940640229 48.465197776722505 42.94177089279458
38.41892837603893 48.46642466983398 42.94169169152677
38.418199366822165 48.46515666749745 42.94176208329564
38.420011309307185 48.468219320411805 42.94155034138774
38.420994391157706 48.46988923139474 42.941438870059244
38.42028132744112 48.46867423309534 42.94151817196662
38.42203868781114 48.471649660919354 42.94131488975065
38.422165918152245 48.471837463098915 42.94128875275506
38.42372844617094 48.474454433126226 42.94109618770823
38.42306499832158 48.473338864490245 42.9411761286862
38.49688405331342 48.58133067410972 42.93601236432686
38.42444490911209 48.4756322072882 42.94099871892881
38.497500519871885 48.58196942499348 42.93596921628059
38.49733212003228 48.58179620672806 42.93598285591093
38.49794035992864 48.58242066987931 42.93593186775936
38.497782135159305 48.582260923924174 42.935949072643595
38.498513362326555 48.583015986801676 42.93589410012465
38.4982798245138 48.58277524903496 42.93591225966227
38.55800828327792 48.64352656802539 42.94901942456479
38.557173682126155 48.64271717844723 42.94897840964118
38.55998884517963 48.64542602878878 42.94918796043152
38.55890722887405 48.64438446801246 42.94911009634008
38.57609269876487 48.65774873297343 42.94227269794264
38.56101034381323 48.64640403509641 42.949280452821085
38.57724584207814 48.65889761069647 42.94253864167845
38.56226471284089 48.647606923612344 42.94938758133502
38.65567904298576 48.75535700700799 42.9428839750194
38.65592604899197 48.75588511435689 42.942662651946726
38.65734814670814 48.75751157213902 42.94271296796235
38.65629940223802 48.756342347207536 42.942647547192585
38.65877695546796 48.75940842627528 42.94251742690027
38.65857142679842 48.759170979615696 42.9425123870305
38.714765385728924 48.804786315118804 42.926779328965836
38.659042821661494 48.75976726253924 42.94247553519742
38.715273627925164 48.80563574707746 42.92649065062683
38.71518347795041 48.805472201906866 42.92653406189916
38.71555862685373 48.80609803598519 42.926320279262555
38.71556371076449 48.806100429568644 42.926313697680456
38.71600500955198 48.80683203355587 42.92605944485037
38.71577881383588 48.806450446057255 42.92618577784055
38.71636234070368 48.807388718542185 42.925831954014434
38.71631582591266 48.80731045848397 42.9258580598354
38.716710738171514 48.80794096163556 42.92561588593677
38.71643183905471 48.807491676739524 42.925784492973804
38.716962801672196 48.808316447604554 42.92544500057006
38.716789571096825 48.80803857443038 42.925550445188605
38.717316856241126 48.80884912767526 42.925208156376286
38.717116833325264 48.80851894607832 42.92532426135424
38.767580219953814 48.933655526726334 42.907164187306485
38.71716880318591 48.80859283065444 42.92528689073642
38.84131907867346 49.05154360456739 42.85791191902681
38.840879771984916 49.05075882912671 42.85821600831218
38.842427720415586 49.053519509706675 42.85714369156872
38.84271985838424 49.054179469988874 42.8569663436481
38.842656631551094 49.05406531058817 42.857009891270465
38.875533036034916 49.111653136728606 42.86242214801452
38.87397058455468 49.109009561904415 42.86308839262132
38.96495675192612 49.26308547717164 42.83713615280315
38.96470705853214 49.26279400392394 42.837107595979305
39.00119227024568 49.33038458588369 42.8434587584582
39.00118609783113 49.33037950359454 42.843456550615045
39.00121288063937 49.3304033722289 42.84346631389626
39.004910147575806 49.36327320922687 42.846742447395926
39.00490980184123 49.36327407158232 42.84674239375161
39.00492069574202 49.363246729963706 42.84674403062816
39.00490798756528 49.36327934672877 42.846742348894956
39.004897831546174 49.363311532022976 42.846742935971754
39.004892690034 49.363323727973835 42.846741939904355
39.00487692680805 49.363370499935826 42.84674184656557
39.00487531182489 49.363373848275245 42.84674138142436
39.004858655638586 49.36342178491974 42.84674081418507
39.00485856644962 49.363421835068124 42.84674074596591
39.00486120124805 49.36341807037722 42.84674204071411
39.004855213540466 49.36343140572811 42.84674060683537
39.00484329174125 49.36346786035989 42.84674087732967
39.00484336603328 49.363465129026565 42.84674008535107
39.004829092455914 49.36350696989121 42.84673983954139
39.00483010285038 49.363502566347066 42.846739401945676
39.00481854911918 49.36353558821672 42.846738935930595
39.004819256589364 49.36353290344627 42.84673875531061
39.00481704250984 49.36354250730045 42.846739699810975
39.00481263432957 49.36355127507502 42.84673831288114
39.06885785238909 49.56649842447117 42.84613118806528
39.00481126572522 49.36355503722139 42.84673821050453
39.15830839568006 49.750534900926496 42.83434270121698
39.07142918651656 49.573604276729874 42.84612912013036
39.23589502325277 49.94585981538836 42.82309590304931
39.235893596721624 49.94588328975395 42.82309262163447
39.23583188480901 49.94598541528612 42.82312485140591
39.235832481434116 49.945988368140945 42.82312378840365
39.235833658899494 49.94592513005064 42.823134861568036
39.23581893156729 49.94601399298547 42.82313025444416
39.23576434642111 49.946073159260365 42.823164705509164
39.23577582937061 49.946103603963266 42.82314927859721
39.25725099760943 49.968219580664 42.83152770888534
39.257177323895185 49.96822696588504 42.83151020779494
39.25732179108321 49.96825231496473 42.83149950677674
39.25725484989055 49.96825632268809 42.831486659633825
39.25740401470733 49.96828945987751 42.83146773973424
39.25733578953682 49.96829003976962 42.83145860738506
39.257498699532945 49.96833060497565 42.8314329997524
39.25742258518426 49.96832720099745 42.83142738997262
39.25759527492727 49.96837283073748 42.83139727324554
39.25750392668992 49.96836490091414 42.831394886031084
39.257697599375184 49.96841619300107 42.83136097651598
39.25758717651014 49.96840282562241 42.83136236512408
39.257797480025154 49.96845858701123 42.83132547052079
39.257659974500854 49.96843822287401 42.8313314022588
39.25789789520798 49.9684996533438 42.83129153155648
39.25772750072369 49.96847102137343 42.831302721635936
39.25780560140065 49.968504046568235 42.83127509865666
39.25774258783014 49.9684792723579 42.831295270471806
39.25778379117206 49.96850002049432 42.831276939247616
39.257895085353816 49.96853689571914 42.83124908901499
39.25784594994796 49.96852720582116 42.83125393604592
39.25798141934794 49.96856730401271 42.83122544678716
39.257905608558374 49.9685515884033 42.831233790019795
39.328146970396475 50.03534501493942 42.83051123287507
39.25796193010167 49.96857314336137 42.83121642530493
39.32943813261328 50.036206416176206 42.83049821998161
39.32793569527993 50.0352055305044 42.83050915313496
39.32891200263777 50.03585716767705 42.83049847654018
39.32825373778158 50.035417924303346 42.830505342379986
39.32872016087052 50.035729378259475 42.83049984187027
39.32990066227981 50.03651666381066 42.83048877029776
39.329431503130216 50.03620420495774 42.830491946154346
39.330777422513975 50.03710138031211 42.830480552305545
39.3300422739437 50.03661185758975 42.83048528663429
39.33154104759522 50.037610542817035 42.83047369148481
39.33053077995441 50.036937988459556 42.83047972338861
39.38800992953927 50.07924919888496 42.8020560735108
39.33094612303225 50.03721526764539 42.830475014766165
39.33147728711046 50.037569664999864 42.83046957469003
39.3310019328346 50.03725260433007 42.83047415678864
39.33120254384812 50.0373867884024 42.830471142794835
39.430884799499296 50.10688275077834 42.78462489664615
39.38785128907966 50.079149672553676 42.80201051309829
39.331453935133034 50.03755478327399 42.83046781010782
39.43070603428146 50.10677003629567 42.78454912667308
39.38760133480282 50.078990065048245 42.80197973150652
39.38771159465916 50.079061894886834 42.80197241233469
39.3876774898768 50.07903984389246 42.80197222664589
39.38768808217877 50.07904677640332 42.801971053031885
39.43075956374775 50.106803860421394 42.784571735414715
39.551473093194694 50.37205904798861 42.686940654071456
39.43049144519787 50.106634671637295 42.78445824126378
39.723880921489 50.71466069162933 42.631753843038695
39.723365164446534 50.71316057712851 42.632290866131456
39.78211816600454 50.92862287831994 42.50301587924204
39.72494861507308 50.71759349987118 42.63086169996537
39.78241232860172 50.92907585414825 42.50326016572229
39.7823028111995 50.92890438944699 42.50316926864456
39.84663456398459 51.04496769528391 42.540458208905726
39.7823553226944 50.92898511345797 42.50321287916664
39.846618811535606 51.04494415556595 42.54044611876248
39.84688953404742 51.045381626157464 42.54061771561633
39.84684360146581 51.04531149733356 42.540584099225256
39.90097639274676 51.142917184867926 42.56459113482235
39.90097677231961 51.142921947805704 42.56458696115871
39.900979807292345 51.1429486189893 42.56456553330139
39.900980012345414 51.14295211960176 42.56456230781592
39.900983154029305 51.142981373779186 42.564538404680164
39.90098102474008 51.142961630801224 42.56455451704687
39.9009831436098 51.14298154106645 42.564538207333136
39.90098628552514 51.14301048694696 42.56451462735092
39.90098612871977 51.14300950677807 42.56451531808449
39.900989423540025 51.143039928269374 42.56449052051131
39.900988968257636 51.14303623892177 42.564493408778716
39.90099254549041 51.143069383539384 42.56446636474416
39.90099166280094 51.143061578623296 42.5644726469255
39.90099429468788 51.143086494460974 42.564452194783776
39.900993330387564 51.14307738414662 42.56445966877116
39.900994199217834 51.14308564870322 42.564452875919585
39.90099699871264 51.14311206575192 42.56443121081464
39.90099658029349 51.14310827795997 42.56443428088995
39.90099959147391 51.14313654935857 42.56441112742703
39.90099881707966 51.14312953147147 42.56441681734485
39.90100208910674 51.14316024343032 42.564391667063234
39.90100088431818 51.143149390977115 42.56440045041833
39.90100285979721 51.143168678507834 42.56438448602018
39.90100241694192 51.143164409014915 42.56438800801594
39.90100276661544 51.14316783936174 42.56438516512641
39.90100508314641 51.14319009776424 42.56436682029387
39.90100451249071 51.14318486150016 42.56437108098554
39.87052283305734 51.51861025827786 42.33974022895957
39.870554156550305 51.51811339607616 42.34001516670121
39.86634468189608 51.662461709750424 42.244275266752545
39.86645176967166 51.66274195948786 42.24433057683726
39.8664385455115 51.66270665111132 42.2443238059692
39.866451540541334 51.66274058058569 42.244330524469255
39.8665635164825 51.663028251782464 42.24438881398355
39.86656366479903 51.66302651917036 42.24438907014105
39.8666706895381 51.663304909216635 42.24444449115091
39.866671768457024 51.663302214488894 42.24444551560681
39.866726353420745 51.66344020527636 42.24447411970773
39.86682404137616 51.66366177657247 42.24452746013688
39.8669325298104 51.663961395459374 42.24458216411243
39.86689096953165 51.66382338660421 42.244563174552795
39.86687145011532 51.663811264213365 42.24454979437046
37.67854378162842 47.65255420535763 42.838803017478185
37.678658145629946 47.652582571711946 42.83879835789419
37.678773685408686 47.65261195494244 42.8387936469927
37.755615465236986 47.68811925967443 42.83632176348341
37.755672118572505 47.68819627723524 42.83632044201006
37.75578480837771 47.68830546537055 42.83631613118146
37.75592734178722 47.68847652000605 42.836311938278044
37.755973367975066 47.6885475809984 42.83631118924998
37.75599896152232 47.688597958641054 42.83631118799687
37.75613599283467 47.688736424987454 42.836306163634305
37.756174493043616 47.6887871293476 42.8363052030987
37.756221096861175 47.68881509843911 42.83630276334262
37.89988593906357 47.81289396771915 42.84366036000576
37.756230680071724 47.6888470435633 42.83630326293984
37.903106192004934 47.815493552930405 42.84385383152023
37.90681780915591 47.81845246157735 42.844071544234424
37.91053635020057 47.82141955417676 42.8442900398379
38.10183862014095 48.016855873903836 42.88094980612497
38.10709503209398 48.02274320480911 42.882025800662795
38.11232373196114 48.028673141516045 42.88313708661218
38.23796499978858 48.10330560151516 42.8567375268635
38.26907326508304 48.15868066416459 42.863339340056385
38.26907921081831 48.158666264789886 42.86331547651121
38.30712064529872 48.279015375894986 42.91832497910083
38.308410190021206 48.28132768748434 42.91880135880218
38.31176961513367 48.28731020129935 42.92023317611988
38.31165270771348 48.28714131933396 42.920001965755574
38.31503660857319 48.29321996811181 42.92120173882101
38.31501941651822 48.2931901499835 42.92119073037029
38.31513339684952 48.29339516008827 42.92122993229821
38.39950302821162 48.43104321718753 42.92539585116105
38.39974184489222 48.4314164059968 42.9252627920396
38.40027120687256 48.43239109602508 42.925208160243784
38.41765045219762 48.464197751919265 42.94181336481096
38.41777170439728 48.464372691322254 42.941786785806556
38.41882664339114 48.46616361885175 42.9416667350855
38.419668009785525 48.467607731077415 42.94157750533011
38.419489201858525 48.46728492417846 42.94158989205128
38.42019686944392 48.4685281737404 42.941526675554215
38.42048323341702 48.46896225747996 42.94147255685384
38.42181726281464 48.47121665393114 42.94131647346459
38.42153066179729 48.4707231467125 42.941346211642575
38.42266546793834 48.472661712054496 42.94122205551826
38.42233975227364 48.472078688106286 42.94124668662037
38.42393486851881 48.47474912304628 42.94104964438476
38.42356810040003 48.474128173449614 42.941092084278466
38.49719929020621 48.581659137124205 42.93599297334876
38.497216418462486 48.58167541050244 42.93598962216667
38.497721313212494 48.582198134437235 42.93595366713924
38.497600247465385 48.58207235995065 42.93596165548203
38.4980615886277 48.582550038787744 42.93592886990628
38.49796555585246 48.582450112933394 42.93593497581873
38.49853238799423 48.5830368907647 42.93589450685903
38.4983208156942 48.58281752509508 42.935909103096996
38.558096870359876 48.643603518629746 42.94905377110761
38.55761429016464 48.64313447018193 42.94903355685762
38.559690329640134 48.645132158172665 42.94918792678917
38.55859836333439 48.64408084746475 42.949108592003526
38.56156479948448 48.646934457387815 42.94933208349427
38.56066784914201 48.64606861652084 42.949274567018136
38.562779480310525 48.64809589447654 42.94944717665592
38.56133809956724 48.64671169550952 42.94933068364763
38.65616746851712 48.75619777077334 42.94263696232993
38.65638215544091 48.75665663475756 42.94244473283657
38.657545953393935 48.75799811002648 42.942476134472685
38.6566839686919 48.7570279017915 42.94243097984231
38.65869034819583 48.75952040215045 42.94231668874619
38.65854891178891 48.759356141681536 42.94231402553574
38.65991635857929 48.76096042266113 42.94232463242718
38.6588575043522 48.75974584380681 42.942290506821145
38.715512614083245 48.805959646784125 42.92630919918467
38.66032808012014 48.76162240688771 42.9421601964498
38.71571499057949 48.80633648486098 42.92621761526481
38.71570919533067 48.80626031121857 42.9261806653437
38.716074173423245 48.80688740810334 42.925983712316025
38.7159219433702 48.80660522784299 42.92605337872027
38.71636408811537 48.807312166003726 42.92578286076143
38.71634154604002 48.8072711235922 42.925793626326104
38.71663490448134 48.80778056381138 42.925638588846624
38.716401784662246 48.807364527423715 42.92575500874339
38.716848401367606 48.80807052939727 42.925476860477836
38.716713580911794 48.80783816715293 42.92554917972209
38.71713987813051 48.808546476820396 42.92530452381676
38.766802904882724 48.932220280866844 42.90760528681792
38.76672158942168 48.93206299825391 42.90765432732877
38.76822176382089 48.93497203685101 42.906746601984814
38.767073380556916 48.93275278735917 42.9074383746717
38.84179176763507 49.052502115725844 42.85760527334685
38.841342153850036 49.05168716873557 42.857914379315446
38.87421892506216 49.109423214845975 42.862986610237755
38.87386160727469 49.108816001169714 42.86314064643847
38.964601207032906 49.26267049492979 42.837095506620784
38.964631851139686 49.26273105087708 42.83710662939294
38.96509148474118 49.26328542996441 42.83716467935529
38.96480279349083 49.26294291107965 42.83712996497029
39.00490198570297 49.363293466470964 42.84674114922521
39.00489809500296 49.36330302494253 42.84674049947082
39.00488524582629 49.36334103576202 42.84674038718811
39.004884093684055 49.36334363324593 42.84674012123269
39.00489065906046 49.36332850276773 42.846741532939575
39.00487508980687 49.36336980258062 42.84673989542185
39.004872840966236 49.36337887050837 42.84674063803175
39.00487039524958 49.363383421602876 42.84673976964376
39.004857201961805 49.36342288315033 42.84673979093212
39.004856865366875 49.36342245205012 42.84673933769643
39.0048440170231 49.36345978437542 42.84673901207141
39.00484422013418 49.36345872286225 42.846738868464556
39.004843414575774 49.363464282426264 42.846739863914095
39.00483811427175 49.36347620125616 42.84673863075505
39.004831145737874 49.36349822944566 42.84673901600107
39.004833200822475 49.36349021841482 42.846738424356715
39.004821547907625 49.36352452314248 42.84673826973719
39.00482361241033 49.36351733068415 42.84673794530255
39.00481474789076 49.363542815903905 42.84673763491175
39.004815909503485 49.36353892494256 42.84673750158068
39.0048114760977 49.36355430310179 42.84673817706305
39.06938709077646 49.567957448470814 42.846129031798824
39.070925930017374 49.57221264594506 42.84612908866535
39.06974868261522 49.568956958131295 42.846128866253615
39.23589484669149 49.94592011955926 42.823084550783435
39.235901037162115 49.945952578528086 42.82307317405746
39.23584274034825 49.946027746565726 42.823107683362615
39.235849214106615 49.946041020316855 42.82309972796579
39.23579714311342 49.94613405278612 42.823125614151735
39.23580092128784 49.94613693622345 42.823121898720814
39.2357792722061 49.94610978524466 42.823145215221196
39.23577324528592 49.946200849470095 42.82313289864833
39.23573366335074 49.94623025302528 42.82316045509184
39.235759772361625 49.94623543385319 42.823137591609786
39.25720565384996 49.96825901696703 42.83147750184028
39.25714923859958 49.96826635420341 42.83146219933511
39.25728019879068 49.96829086952192 42.83145076244699
39.257218669470575 49.968293900762404 42.83143969140057
39.25736077295084 49.96832495534588 42.831422248013524
39.257291212359824 49.96832416319636 42.83141450049774
39.257443192050246 49.968360051940905 42.83139282038218
39.25736329059231 49.96835560112021 42.831387923257175
39.25753480380835 49.968396982615275 42.831362461952025
39.257435794948236 49.96838740136288 42.83136098944904
39.25750220512465 49.968417820814636 42.83133485909127
39.25748497368555 49.96841104434576 42.83134037724363
39.25749903903415 49.968417455289035 42.83133487884457
39.25762638249502 49.96843360219714 42.83133245102697
39.25759039372127 49.96845008340652 42.83130935146446
39.25757547821639 49.96844789976519 42.83130996629872
39.2577179838928 49.968469520209126 42.83130323587735
39.25767661075068 49.968481311118595 42.83128476855113
39.257645558027974 49.96847598785657 42.8312869269243
39.25776223059695 49.96851121449626 42.831261608275256
39.25771216348874 49.968501757568546 42.831266076226896
39.25784554354688 49.96853942368812 42.83124007623309
39.257777218586185 49.96852545720921 42.831247372608644
39.257925809335894 49.96856551784013 42.83122055612018
39.257834659636956 49.96854626262436 42.8312309941671
39.25789463369204 49.96856650027914 42.83121557216387
39.257862540397284 49.96855645188395 42.83122294185706
39.257885188916724 49.968564407728046 42.8312167637766
39.327814021304924 50.03512447812107 42.83051002784187
39.327589716571765 50.03497638879004 42.830507827599135
39.327203928637765 50.03471938484924 42.83051064010864
39.32854156931085 50.03561155678738 42.830497839639
39.32787440699479 50.03516720190356 42.83050243152566
39.32940731501718 50.03618909579875 42.830489242778036
39.32846718480679 50.03556305556047 42.830495365372876
39.329043867622836 50.03594809562694 42.83048867870066
39.328765976255035 50.03576268485642 42.83049152251682
39.32893042850204 50.035872565895325 42.830489387978616
39.33018142119629 50.036705412650534 42.8304818122746
39.32973671460632 50.036410231628935 42.830481977223464
39.32938535416903 50.03617629059454 42.83048417172171
39.33086876632611 50.037163778717016 42.830475451115866
39.33035691050763 50.03682386806203 42.83047609472696
39.32976376812087 50.03642897320277 42.83047971844145
39.330910441372964 50.03719301623793 42.830470920107835
39.33011545250113 50.036663714115775 42.83047584708432
39.33045878541715 50.03689287147478 42.83047209389669
39.33030419451472 50.03678977012686 42.830473553722555
39.33038321844009 50.03684255887018 42.83047256294538
39.38744465939136 50.07888934379197 42.801970369117726
39.330907984826936 50.037192389185655 42.83046804400636
39.33065421326249 50.03702340802856 42.83046967559066
39.387366230136976 50.078840606652655 42.80194098949187
39.33089508231211 50.037184133002384 42.830467165594094
39.72291996375847 50.71186649998579 42.63275338155334
39.3872265347545 50.07875142440217 42.80192349568855
39.72467555244444 50.71680519650232 42.631138495446066
39.72381113832778 50.71431240900807 42.632011310337525
39.7253344437216 50.71859330678534 42.63061563092326
39.72412615770586 50.71519598461936 42.63172486325579
39.72514470408237 50.71804959505906 42.630802817661476
39.7822960836322 50.92889387659173 42.50316368454353
39.84655339205718 51.04484607523454 42.540396261119334
39.84651784331411 51.0447928949328 42.5403690408347
39.846786289855004 51.04522404029394 42.54054210543473
39.846716437979325 51.04511762951887 42.54049072230619
39.846904879531095 51.045426180720455 42.540605722649076
39.846895501559956 51.04541092402077 42.54059989110978
39.846903761250566 51.04542446023761 42.54060491864054
39.90097696172715 51.14292436486677 42.56458483626699
39.900980348867655 51.142957293932184 42.56455761159485
39.900980415000724 51.14295825474039 42.56455674735524
39.90098003749741 51.142952525694284 42.56456193655596
39.90098315371073 51.14298294770697 42.56453675675025
39.90098317250449 51.14298365405365 42.564536057661115
39.90098595798836 51.14300869254383 42.564515805393086
39.90098584660218 51.143008284628934 42.56451599427602
39.90098875813725 51.143034645451635 42.56449462744881
39.90098842681418 51.143032172957724 42.56449650707919
39.90099153056558 51.143060456259875 42.564473538984345
39.900990909537086 51.14305527493782 42.564477634526774
39.90099328114365 51.143077645253484 42.56445929026533
39.900993144677244 51.143076365914325 42.56446033757081
39.90099327124409 51.143077563301645 42.56445935487932
39.90099575773049 51.14310100200329 42.56444013796188
39.90099549895598 51.143098776185425 42.564441914462655
39.900998156054314 51.14312362371521 42.564421587688265
39.900997600917854 51.143118769255054 42.56442548195466
39.901000514295866 51.1431460770836 42.564403127943784
39.90099955859119 51.143137559110144 42.56441000036514
39.90100139799715 51.143155175147704 42.56439549453547
39.90100324595859 51.14317269177445 42.56438111103091
39.901002428020945 51.14316492471068 42.5643874919726
39.90100313863465 51.14317166589974 42.56438195534238
39.91064511960213 51.36966767177033 42.476959509618574
39.90100479913981 51.14318724150039 42.56436920268842
39.87059572498013 51.51912995866232 42.339608796058215
39.87063725578753 51.51881372966038 42.33981569474974
39.86648699521873 51.66276628723061 42.24435451574081
39.86659381559481 51.663040101891525 42.24441017329136
39.86668703008742 51.663308084866046 42.24445628260757
39.86664850951405 51.66317856157052 42.24443881810959
39.866743142313034 51.66339220551633 42.2444905748127
39.866828351100374 51.66366009252922 42.24453078355489
39.866763745774136 51.663445096590976 42.24450130342323
39.866762035995976 51.663484282547174 42.244496723840705
37.89988916415366 47.81289667133646 42.84366056792718
37.90310692198779 47.815494267644134 42.84385389311428
37.906814382525155 47.81844985475672 42.84407136090013
37.91052872971673 47.821413590749145 42.84428960862935
38.10184213513186 48.016863436873315 42.88095254263381
38.107093612061156 48.02274637939938 42.882028160520946
38.11231653981553 48.02866987722861 42.88313827940286
38.237970501533425 48.10331103318039 42.856736957269476
38.26909058463716 48.15865775872723 42.86329067101822
38.307202939002856 48.27916509757699 42.91834541742647
38.30897704475269 48.282361074919415 42.91893256280716
38.31209474877565 48.28797172642746 42.91999096359372
38.313296650766254 48.29013643377973 42.9203908998894
38.31468412368292 48.29263207317965 42.920867784341105
38.31334615968662 48.29020824592657 42.92048746452808
38.31654156071294 48.2959713414542 42.92151401012477
38.400249895197796 48.43227118876196 42.925078917237975
38.41785291736434 48.464464915378635 42.94175866668207
38.41832901633889 48.46527287860247 42.94170436693598
38.419692397569705 48.467582576027986 42.94154720604223
38.419695516534574 48.46758616330452 42.941546144922334
38.419734856667276 48.46765258681496 42.941541518094525
38.42125366516681 48.47022204636961 42.941364974059475
38.42115061732943 48.47003695140515 42.94137250137206
38.42173368361564 48.471015453249024 42.941301457009104
38.42304267844372 48.47323040012343 42.941149484065996
38.422527219547064 48.47234377843775 42.9412033671579
38.42400030211145 48.474802282257755 42.941018243985425
38.42387912278013 48.47459615928292 42.94103186792354
38.49749106728632 48.58195843893931 42.935968137712585
38.497447873905 48.58191065449174 42.93596673709087
38.497901092063884 48.58238122204935 42.935936426096696
38.49778792249576 48.582262657577914 42.93594244307626
38.49817467913694 48.582665846964254 42.93591895343935
38.49822691068841 48.582716872845836 42.935910780234906
38.498552835367704 48.5830559360405 42.935889949143636
38.49828065662446 48.58277247545411 42.93590689261216
38.55814292957644 48.64364216834922 42.9490761789977
38.558160834790954 48.64365610947361 42.94908851735165
38.557880394764965 48.64338595410028 42.94906866656546
38.55943503156963 48.644882416663634 42.94918259557846
38.56095471228844 48.646343310407296 42.94930039229061
38.558496451504325 48.643978361753426 42.949115809421166
38.56049060012745 48.64589457435523 42.94927304464554
38.56000998499292 48.64543256473703 42.949235744957186
38.56195522270011 48.647301167420935 42.949391167338256
38.65656758195634 48.75689735928111 42.94242445512612
38.56083989278953 48.646229206816784 42.94930396325131
38.656853509314644 48.75739925350841 42.94227076072825
38.6565291494039 48.757032154422134 42.942255657040945
38.65768411034849 48.75835331614648 42.9422963067091
38.657338425450675 48.75803183137791 42.94221487494995
38.65862758043988 48.759602001212485 42.94217078831256
38.65814573558694 48.759037644846245 42.94216616901457
38.659616106573175 48.760772377133904 42.94216848699103
38.65913997194585 48.760289873325114 42.94209351473991
38.66036505612583 48.76179649630487 42.94203804587878
38.6596464794561 48.7609338423801 42.94205085395598
38.715861050457065 48.80649042029577 42.926080075271315
38.71597102120915 48.80657784836637 42.92595928651566
38.71615032280102 48.80692004480362 42.925883183832966
38.71599238601874 48.80661232343174 42.925946405639635
38.71638977636176 48.80726255331109 42.92571225701025
38.71632352170642 48.80713656706652 42.92574065683555
38.71659340346682 48.80762791764015 42.92561175324998
38.71651259812045 48.80742672253113 42.92561761673768
38.71678167675478 48.807878256321096 42.925465882774375
38.71662328690768 48.807592959261044 42.92554339244792
38.76752684400977 48.93368169065712 42.90714388059015
38.76717798223341 48.93300619091809 42.90735456826577
38.76874732212305 48.936050475565914 42.90640453591523
38.768753599209745 48.936096646087314 42.90638694527182
38.85469088282198 49.09024249587787 42.85754765426947
38.76930511566524 48.9371794312052 42.90604782967771
38.88342238562598 49.13213442675268 42.86737066626824
38.87404460497435 49.10911508133978 42.86306925861893
38.964771890363025 49.26290625075272 42.83712625042732
38.96903460017148 49.30006150697193 42.84197730236498
38.96897806564576 49.29997605494414 42.84196829002053
39.00489572163408 49.36330881629407 42.846740090673336
39.00488382071012 49.36334066605859 42.84673892758084
39.00488132773809 49.36334976339838 42.84673944942021
39.00487894078783 49.36335485498414 42.84673880698426
39.00486803089081 49.36338749336598 42.84673882664884
39.00486743413233 49.36338815170885 42.84673847207209
39.00487008252838 49.363383959563336 42.8467396447326
39.004856323809264 49.363420603989354 42.84673824413684
39.004856370029366 49.3634201904894 42.84673815719431
39.00485658699242 49.363422041103114 42.84673894568389
39.00485271827301 49.36343077288008 42.846738055744495
39.004845025900444 49.36345451962274 42.84673830125573
39.00484602836357 49.363450121829146 42.84673785800089
39.004835670818494 49.36348063603077 42.84673772779034
39.00483655682729 49.363477376072034 42.84673753388823
39.00483359069031 49.36348872906028 42.84673832171344
39.00482808643918 49.363501665726744 42.84673721758944
39.00482821352922 49.36350123477969 42.846737201347054
39.00482511168697 49.363512101768364 42.84673770791544
39.00482746430416 49.36350337729077 42.846737171487504
39.00481856185313 49.36352996323754 42.84673717273307
39.004821322050375 49.3635208677553 42.84673690329466
39.06875693158183 49.56621396414471 42.84612853239239
39.068427629882194 49.565303052034935 42.846128359351454
39.06970849869444 49.56884582169014 42.846128854992955
39.07117152735458 49.57288808412366 42.84612728487167
39.07097299141729 49.57233903477719 42.846127249081626
39.15801773017748 49.75009347943257 42.83441398128025
39.23588684324514 49.94605882322767 42.823064805252585
39.235858608444005 49.94605774742444 42.82308866699048
39.23587613122466 49.94607799534042 42.823070124155024
39.235817237392936 49.94615041156553 42.82310565845211
39.235834916923416 49.94615871960485 42.82308926125612
39.23578189219147 49.9462411025454 42.823117977432936
39.235798905223014 49.94624108092604 42.82310372715681
39.235761577675206 49.94623597153455 42.82313597648701
39.23031308431183 49.95533416395679 42.82016757805353
39.23032813562743 49.955330965061385 42.82014953432543
39.25713014346972 49.968267383349726 42.831458663581735
39.25710817174255 49.96829481787205 42.83142492557794
39.23033455144505 49.95536545930551 42.82014664752829
39.25719062157555 49.96829375837858 42.83143636740232
39.25717148892926 49.96832064352335 42.83140360308937
39.257145200332424 49.968322216185925 42.83139855924097
39.25726096469987 49.96832293862474 42.83141212632976
39.25724470773373 49.96834865175336 42.83138104399609
39.257213969707855 49.9683485237593 42.83137736948713
39.25733872329247 49.968353974209606 42.83138670961543
39.257324382369895 49.96837790268379 42.83135788246505
39.2572901297258 49.96837621762294 42.831355531151736
39.257421353073056 49.96838606613491 42.831360704207114
39.257408517377556 49.968407619946284 42.83133474805695
39.25737038554933 49.96840427602757 42.83133378969224
39.25749667109089 49.968437348114946 42.83131210064305
39.25745569406174 49.96843236133358 42.83131264561981
39.2575830655735 49.96846609135656 42.8312903478659
39.25753564535458 49.96845893017012 42.83129254991596
39.25766570497725 49.968493423576156 42.83126972333934
39.25761145581187 49.968483755774 42.83127391001582
39.25774727239912 49.968519469946585 42.83125041895867
39.25767996582112 49.96850633906047 42.83125689743369
39.25774655636174 49.96852780907557 42.83124090464078
39.25770647025536 49.96851532566099 42.831250033428894
39.25773969430089 49.96852635065848 42.83124170041993
39.25782299042607 49.96854377109822 42.83123236033948
39.25781489906489 49.96854905310913 42.83122538496965
39.257791784114175 49.968543978355314 42.83122824872671
39.25788129575313 49.968568951212305 42.83121114475367
39.2578415824496 49.96855995555933 42.83121637779866
39.32744861316443 50.034883559631595 42.83050549908125
39.25788870917443 49.96857436724107 42.83120594436615
39.32735720160538 50.03482381863439 42.83050285278992
39.25790812684092 49.96858059110843 42.83120132243199
39.32723012844181 50.03473917281829 42.83050375712547
39.32828234705905 50.035439940051965 42.830496656774564
39.32809430175057 50.0353156865078 42.83049510814833
39.32776659807137 50.03509739220503 42.83049745388962
39.32877461662356 50.03576954551657 42.830488292648866
39.32824691910356 50.035418072561114 42.830491944152094
39.32939340219467 50.03618232075708 42.83048219583863
39.32869030797026 50.03571400286354 42.83048712397802
39.329128151324795 50.03600622357084 42.83048238806661
39.328906017925256 50.03585803671339 42.8304845985936
39.32904488308293 50.035950763158375 42.83048296310011
39.329954400360144 50.03655646111333 42.83047691626693
39.32963513603998 50.03634435056197 42.830477590346575
39.3293944295586 50.03618401776045 42.8304792853165
39.330094126890494 50.03665042014708 42.83047338587856
39.32970110736939 50.03638866138399 42.830476071319566
39.330507814190256 50.03692624321977 42.830469701546455
39.32997150206267 50.03656908851694 42.83047325207684
39.3301860353417 50.03671232523026 42.83047077328433
39.33016955365652 50.03670133279992 42.83047092977222
39.33017833072054 50.03670719346847 42.83047082688043
39.330877913173055 50.0371730001692 42.830466416659796
39.33053252371329 50.03694338910206 42.83046755782392
39.33035462797284 50.03682493199604 42.83046870176918
39.7237618111286 50.71417030125383 42.632060937020576
39.72448284453749 50.716158965642194 42.63144817478612
39.72406707988412 50.71497051386466 42.63185459385139
39.78230683773141 50.9289062571235 42.50317269131394
39.72521979874525 50.71820173999042 42.63080891130521
39.84661465679886 51.04496304290399 42.54041534125386
39.846552412591706 51.044862007493336 42.54037638554463
39.84660914431471 51.04495471005538 42.54041121508682
39.846694667468675 51.04508453022571 42.54047463598086
39.84681305671553 51.04528506624284 42.54053953387406
39.846791757945 51.045252405015134 42.54052410300288
39.90098067355478 51.142961806055034 42.56455358313837
39.90098080133477 51.142963487383895 42.564552096553484
39.900983220481976 51.14298494713735 42.564534806868124
39.90098327417845 51.14298606867815 42.56453374783091
39.90098576548624 51.14300816232645 42.56451594892945
39.900985697482554 51.14300828305183 42.56451567725476
39.90098828604154 51.14303126669325 42.56449715472779
39.900988051969335 51.143030006811415 42.56449797308384
39.90099078910021 51.14305437282337 42.56447832129
39.90099033100658 51.14305114545917 42.56448072004487
39.90099258121806 51.14307224431833 42.56446344704676
39.900991434224586 51.1430615398974 42.564472198982855
39.90099251462226 51.143071742894016 42.56446382951323
39.90099481762045 51.143093086334815 42.564446413346005
39.90099459407408 51.143091217714336 42.564447891292666
39.90099700276236 51.14311352431082 42.56442969296319
39.90099658004479 51.14310977933812 42.564432709038726
39.900999118942096 51.14313339102918 42.564413423076374
39.90099847843493 51.14312735217442 42.56441837447329
39.90100121606871 51.143153307881406 42.56439706000328
39.901000310384 51.14314412900589 42.56440473100855
39.901002093809964 51.143160172205185 42.56439175165727
39.90100391230169 51.14317583208941 42.56437924841404
39.91067680292108 51.370521251191285 42.476596124410946
39.86650557503354 51.66278148981189 42.24436694165695
39.87075017170467 51.518854121221615 42.339963979881944
39.87079935839262 51.519507957936945 42.33973578730217
39.866606729272675 51.66304374618391 42.24441939583049
39.86656350937954 51.66292007445843 42.24439796752738
39.86655174788571 51.662911277079886 42.244390031654106
39.86659608665814 51.66295389592379 42.24441914806544
39.86665239226674 51.6631797301227 42.244441584882836
39.866743793609096 51.66339220068403 42.24449105591803
38.314686896378575 48.29263731999778 42.92086753951121
38.31654288188916 48.29597406060157 42.92151288262701
38.400256143896854 48.43228162434056 42.92507652906708
38.41786819616692 48.46448989741618 42.94175653255968
38.418410920937994 48.465406822732696 42.941692936414896
38.41987079405367 48.46786212417187 42.94151726582191
38.4199444653743 48.467985849598506 42.9415083265654
38.42066902307256 48.4691873629037 42.941414070760004
38.4212016010159 48.47008252149682 42.94134975148883
38.42054488880973 48.468997509970876 42.941436833763575
38.42235443235617 48.472015440510816 42.94120855458533
38.42226989612443 48.471872505310756 42.9412184139596
38.4232161293878 48.47345164533413 42.9410994681242
38.42320398211416 48.473430815937114 42.94110076467629
38.42326617133581 48.47353430552978 42.941092824752516
38.497735916900986 48.582206958086786 42.93594343438669
38.49765806405871 48.582123496735115 42.935944803453125
38.49805611945066 48.58253674800522 42.93591812058702
38.49799956296374 48.582476920898706 42.93592028868554
38.49826257495877 48.582753553120654 42.93590788508049
38.49826466456124 48.58275116923155 42.93590109651452
38.55715556672227 48.6426870401845 42.94901959496318
38.49837103111184 48.58286116567853 42.93589333758293
38.55818491400756 48.64367613601974 42.949100831338455
38.55793478335792 48.64343510445451 42.949083373764005
38.55922317819726 48.64467570330361 42.94917640080102
38.558565135934316 48.644041253053686 42.94913163102231
38.56008012607933 48.64549769497815 42.94924887233123
38.55943388096149 48.644876154364134 42.949199765625636
38.561300333204244 48.64667009820279 42.94934546964121
38.560607950541005 48.6460035737387 42.949294899020074
38.657077615868054 48.75780041707306 42.942143004815186
38.65660469519594 48.75726239668065 42.94212359266154
38.65778181985621 48.75861412382322 42.94216013995274
38.6578407193302 48.7587970759474 42.94205395036908
38.65781114581982 48.758762579460225 42.94205353457812
38.65855586565251 48.759637151410935 42.94205849548404
38.65938743190152 48.76062463874692 42.942053800269534
38.657877385107845 48.75884529755166 42.94204935869044
38.65919040291903 48.760485711753795 42.94196588223287
38.65902234774929 48.76028509227158 42.94196781792124
38.659999884441106 48.761458320191565 42.94195068301963
38.71598621026547 48.806599797364306 42.925948579194184
38.65934070169923 48.76068868732311 42.94194208847586
38.7160911373759 48.80667296547155 42.925827126332806
38.660119548067875 48.76168282541474 42.9418728180392
38.7162214500138 48.806937437928 42.925781361993
38.71621447538839 48.80684346852031 42.925735504137194
38.71641796151238 48.80720740961504 42.92563436165642
38.71631580100349 48.80700313112992 42.92567209048135
38.71658120996082 48.80751493064408 42.92556262855277
38.71658143575428 48.80742079864304 42.92550529886911
38.7165524079534 48.80736417352744 42.925516877587356
38.766518055375634 48.931729818680616 42.907752532257234
38.76629810970812 48.93132354153731 42.90787741129205
38.76809858149139 48.934836080549466 42.906779388236075
38.767471495712975 48.93362083296524 42.90715851872118
38.76916582195843 48.936908682455964 42.906132372986995
38.769495331104785 48.93758458795099 42.90591800646966
38.76919361078431 48.936998054078984 42.90610116278975
38.87354743436597 49.10826818886011 42.86328485578147
38.877939386621335 49.14518364935198 42.8679017408472
38.96376715199318 49.31043803857353 42.84058776478777
38.878453886554325 49.146197722848015 42.867732928389
39.00487638189857 49.36336016711304 42.84673807212635
38.964081392568616 49.31100923420978 42.840636687349075
39.0048785439498 49.363355683394985 42.84673869447091
39.00486618519267 49.363389178203064 42.84673761910997
39.00486612006395 49.36338898654727 42.846737497252136
39.00486694894773 49.363388631893834 42.846738166409764
39.00486013668482 49.36340636435125 42.84673734321715
39.00485657447015 49.3634180410633 42.84673767150412
39.004857054610675 49.363415317060735 42.84673726428289
39.00484756202921 49.363443512686544 42.8467372174314
39.00484832989278 49.363440609853285 42.84673702490317
39.00484639125608 49.363448582403066 42.846737714135756
39.00483999827985 49.36346480893994 42.84673681079408
39.004840212071606 49.36346406819921 42.84673677848511
39.00483794333795 49.36347227935276 42.84673723195831
39.004838655226564 49.36346857801457 42.846736734681535
39.00483105361723 49.363491492869116 42.84673680318477
39.00483300381198 49.36348492507766 42.84673656817388
39.004825544418665 49.36350674595344 42.84673642544106
39.00482666150655 49.36350311550346 42.84673633236807
39.004822489484596 49.36351700064905 42.84673678297786
39.00482188655732 49.363516755770476 42.846736137538805
39.004817717556584 49.363529991993204 42.84673638620085
39.004821366545414 49.36351823670389 42.846736114885566
39.07018109185505 49.5701489832146 42.846127076604205
39.06956956981675 49.56845763119812 42.84612687131935
39.15015737619552 49.77492133706974 42.836264154651616
39.14959539577849 49.77342998657561 42.83630001147047
39.23587736135014 49.946079140723725 42.8230688750639
39.23586363040916 49.94616708868931 42.82306360759941
39.235876112742744 49.9461684377432 42.823052891984936
39.23584046787548 49.94616065866897 42.82308424059525
39.23583450429056 49.946238610806944 42.8230743714738
39.23037477098352 49.95529405017467 42.820090009037955
39.235809122538114 49.94624050471008 42.82309527644724
39.23036578045839 49.95532388165452 42.82010452808947
39.23037522219724 49.95532234547022 42.820093272241806
39.23033975350151 49.955328651503066 42.820135627506446
39.23037139890006 49.95535274804373 42.82010182041667
39.230379912004906 49.95535023605436 42.82009152063584
39.230347174863205 49.955360901762845 42.82013126321342
39.230380597675776 49.955380659540694 42.82009479460131
39.23038856583062 49.95537718773086 42.820085003989576
39.23035796144484 49.955392010915716 42.820122807582976
39.23039339442921 49.95540691021202 42.82008333540666
39.23040070180937 49.955402553195896 42.820074199515425
39.2571920137256 49.96834916528109 42.83137391639009
39.2304092408548 49.955431160450985 42.82006803903113
39.230415848220154 49.95542596435882 42.82005960996553
39.25726643950105 49.968375477944114 42.83135342368678
39.25730008966233 49.96839986512626 42.83133004093258
39.25729278117481 49.968400173297205 42.8313287845468
39.25734675671758 49.96840249860426 42.831332862772285
39.25737777068007 49.96842443411326 42.83131192349085
39.25736664847243 49.96842372837429 42.83131133923123
39.25743070781685 49.968429579964976 42.83131268475763
39.257456659537745 49.96844867625114 42.831294325545464
39.25744198256612 49.96844698476795 42.8312944137526
39.257513956092744 49.96845594225009 42.83129323215726
39.25753359411098 49.968472012095106 42.83127750912596
39.25751308195163 49.96846899587359 42.831278369609215
39.25759568391066 49.96848125063386 42.831274781819545
39.25760979057886 49.968494501506555 42.83126155768292
39.25758251665741 49.96848991446346 42.83126335345323
39.25767392803597 49.968505278282876 42.83125734619401
39.25768192889238 49.96851572316396 42.83124653490414
39.25764410814557 49.96850883619497 42.831249619744966
39.257750347765146 49.96853577143547 42.831232376214295
39.25770317640468 49.96852640460166 42.83123710213107
39.257760961862026 49.96854335479081 42.831225123874184
39.25772095681722 49.96853192366878 42.83123307337415
39.25775353621326 49.968541786516084 42.83122597379527
39.25781567738285 49.968554600454446 42.83121921175454
39.257822496199545 49.968560159812725 42.83121377548881
39.25780657377904 49.96855654453899 42.83121588332579
39.257878891255395 49.96857221521995 42.831207156832434
39.25788111104812 49.96857591716173 42.83120324849788
39.25785480502071 49.96856977599187 42.83120692108939
39.3273058066381 50.03479049273112 42.830500611805746
39.25790205178406 49.96858205458095 42.831198913512395
39.327964745442976 50.035230129418665 42.83049390061656
39.32730892463208 50.03479331146629 42.830498462986384
39.327874182929264 50.035170476985414 42.83049261580866
39.32737732994669 50.03483897909847 42.83049768497626
39.32774297843594 50.03508308901681 42.83049352143907
39.328571642184365 50.03563497013296 42.83048793186003
39.328420630268255 50.03553499607989 42.830487235331255
39.328156179966456 50.03535884083925 42.83048911715378
39.32892348581883 50.03587036934967 42.830482476192465
39.32851418609274 50.03559777651478 42.83048524745466
39.32938388707048 50.03617742509545 42.83047812789911
39.328812379771904 50.035796851840075 42.8304818554778
39.3291831377026 50.036044233137204 42.83047803434481
39.328879268810766 50.03584153441962 42.830481016679826
39.32904655715285 50.03595329344897 42.83047889402653
39.32980446941437 50.036457872051514 42.830474305722376
39.3295697666922 50.03630205217991 42.83047448518841
39.329280736459474 50.03610962848883 42.830476241764266
39.32992381968957 50.036538136570684 42.83047126870204
39.32950018269075 50.03625608783169 42.83047387129701
39.32970710565589 50.03639418003087 42.83047166208914
39.32966430910958 50.03636564338246 42.83047204998939
39.32968805968039 50.03638149867032 42.83047178180521
39.55874407674057 50.41889416035352 42.74799446240609
39.72438673498142 50.715835645986004 42.63160392375226
39.548732814377956 50.40936929857217 42.75845543414899
39.72508031821035 50.71780543530581 42.630942208675634
39.846551282545555 51.044867366574096 42.540367770415855
39.725308747177735 50.718401682606064 42.63079103772384
39.84673929697772 51.0451721124447 42.54048592458192
39.84671107478461 51.04512900277736 42.540465292497416
39.846924480453474 51.04547256795958 42.54060197182235
39.84688611705975 51.045413289176594 42.54057467163649
39.90098333559919 51.14298718906038 42.56453270651319
39.90098341795753 51.14298852909994 42.564531480049496
39.90098566310929 51.1430083610282 42.56451552218946
39.90098562554388 51.143008658099056 42.564515131001485
39.900987979419305 51.1430295813193 42.56449826335652
39.90098778322829 51.14302845895655 42.56449901874004
39.900990280046415 51.14305077335098 42.56448100058472
39.900989887597376 51.14304795054626 42.56448311621763
39.90099194711278 51.14306706157197 42.564467516134464
39.90099107901013 51.14305901945378 42.5644740777403
39.900991912925356 51.143066772917095 42.564467745177055
39.900993945772804 51.14308537092626 42.56445262501931
39.900993862066215 51.14308462284715 42.56445322906485
39.90099584392276 51.14310262781694 42.56443862060452
39.900995753814584 51.14310176856225 42.56443932732445
39.90099760532131 51.14311846101372 42.56442581396567
39.900997587235445 51.143118277260434 42.56442596762921
39.90099803721896 51.143122358519136 42.564422657869734
39.90099936614243 51.14313429470112 42.56441300557936
39.901001327244074 51.14314964455466 42.56440113157003
39.90100292332413 51.14316488113697 42.56438859604973
39.910661499808505 51.37012046711284 42.47676731642295
39.901003708397994 51.143172185488886 42.56438262914467
39.90100420877384 51.143177624966064 42.56437800558369
39.91070666398774 51.371314478804194 42.47625787343929
39.87080180780352 51.51949102080507 42.339747201299666
38.42120488993981 48.470087321888585 42.941349053378595
38.422235455034055 48.471799470550096 42.94121630991026
38.42288348926762 48.47286355269566 42.941127652422
38.423167433668716 48.473334481049044 42.94109074439938
38.497731487907735 48.582195819969044 42.93593418175936
38.42358311499787 48.47402496270913 42.941037153019096
38.42332878176663 48.47361472090256 42.94107499910133
38.49796147285912 48.58243354476622 42.935917246753235
38.49795764309363 48.58242948077945 42.93591737495242
38.49799147088266 48.582464476052046 42.93591492645592
38.49834643304919 48.582834862447115 42.93589386779238
38.49821177386899 48.582692176029 42.93589867953035
38.55743018053494 48.64294769016067 42.949052063793275
38.55729742581629 48.64281948290735 42.949043741584774
38.55781982291188 48.64332212876353 42.94908270486827
38.559035087478 48.64449210970037 42.949171123002884
38.558382267804255 48.64386310302805 42.949125342090504
38.55971657440309 48.645145907045546 42.94922839002777
38.559472256268876 48.64491079160393 42.94921028356471
38.560741841679125 48.64613176795052 42.94930700973219
38.559989816345265 48.64540795375871 42.949251662858416
38.657244652204994 48.75810671941368 42.94204094689841
38.65689758650036 48.757710402172364 42.94202808366622
38.65786740766386 48.75891858428111 42.94196966784945
38.657773652624996 48.75880888367129 42.941968666834626
38.658472223206914 48.75963159361204 42.94197113403217
38.658017871492646 48.759115929766125 42.941951330534955
38.65899826093763 48.760331067219425 42.94189809551642
38.65866583792688 48.75993378548677 42.94190234088179
38.65968913507057 48.76116212817667 42.94188422249496
38.659367802203704 48.760826842359876 42.94184266889728
38.66010146304758 48.761724737281085 42.941813543795604
38.65948973616588 48.76098250346207 42.941831803804874
38.7162832437867 48.80693606837257 42.9256829267446
38.716338794121 48.80693469226167 42.92559434934955
38.71630276236363 48.80685656425025 42.92560397661957
38.716447170872904 48.80715656074092 42.92555744793668
38.71642909226016 48.807052860444784 42.925523239796995
38.76649864445272 48.93173807561298 42.90774565775823
38.76602986521574 48.93083302182663 42.90802769536414
38.7672070529827 48.93310874702538 42.907318242159526
38.76777725464953 48.934247948873434 42.906959632416374
38.76754266232115 48.93379332443199 42.90710146534452
38.76854667010943 48.93574116602004 42.90649358057747
38.76857484769293 48.93581542199914 42.906468573101805
38.877463864707664 49.14423952678269 42.86808905835526
38.769016826513464 48.93668185127809 42.906197338044855
38.878362572726765 49.14601708678521 42.86776588273854
38.879071340102215 49.147405826864 42.86757080553198
38.87867746338805 49.146627414076654 42.8677095377682
38.964002007317696 49.31086499991672 42.84062435636416
38.9641751414386 49.31117964600979 42.840651284531226
38.9641641073014 49.311159590381976 42.840649567179554
39.00486601124424 49.36338832058591 42.84673718453597
38.96422617982006 49.311272389862566 42.84065921791844
39.00485780676259 49.363411653371784 42.84673681682929
39.0048584677262 49.363409031381735 42.846736612197674
39.004857167503154 49.3634147917321 42.846737204875645
39.00485062339638 49.36343205087843 42.84673648500194
39.004851110876125 49.3634303603656 42.84673641085754
39.004849193930255 49.36343738366996 42.84673682095603
39.00484652014715 49.363443682305395 42.846736289163374
39.00484228505326 49.36345690112645 42.84673647005194
39.0048441992372 49.36345041473575 42.84673622679633
39.0048364238516 49.36347339927114 42.84673615353541
39.00483779575426 49.36346892461279 42.84673603415721
39.0048339676528 49.36348169839394 42.84673645811665
39.00483163100238 49.36348682767607 42.84673587497648
39.004832075904574 49.36348540277882 42.84673584453601
39.00482883661471 49.36349599655799 42.84673613536051
39.00483004085237 49.36349126368446 42.846735776495706
39.004824577190085 49.363507790321556 42.84673584358504
39.004827128539105 49.363499639632735 42.84673567551138
39.0048215055325 49.363517791176086 42.846736105252575
39.06873277087289 49.56614305240041 42.846126514547144
39.068450131169705 49.56536117266319 42.84612634453047
39.069380149894535 49.56793370965687 42.84612679663641
39.07044004585536 49.57086228253894 42.8461257291984
39.07022724994544 49.57027374649451 42.84612566582737
39.071252974817256 49.57311047968337 42.84612590004238
39.150228013086526 49.77504066739675 42.83621913074208
39.15013480310369 49.774793447469435 42.83622515837903
39.23589106757562 49.94616903732725 42.823040247708775
39.23041842063104 49.95528431241813 42.820037619488616
39.2303924165311 49.95529352116863 42.82006928692204
39.23041732364865 49.955292704817936 42.820040027821975
39.23039427273731 49.955319548357494 42.82007060190865
39.23041692185036 49.955316398790266 42.82004367280767
39.23039971433364 49.95534499625364 42.82006764316186
39.23041998744506 49.95533990743829 42.82004323494403
39.2304078678791 49.95536961878372 42.82006139993058
39.230426366417674 49.95536277307472 42.82003883315524
39.230418554306894 49.95539299882726 42.82005202589345
39.230435796134834 49.955384351942506 42.82003068855403
39.23043149656551 49.95541496606801 42.8200398224735
39.23044790244202 49.95540427406161 42.82001918945375
39.23044654388402 49.95543508776258 42.820024908140326
39.23046197871471 49.955422348762795 42.82000513729544
39.25735709469711 49.96842391336864 42.83130994309133
39.23047785049181 49.955438000864774 42.819988659188986
39.23049377880604 49.95545257641257 42.81997197066796
39.230486322526176 49.95544483617901 42.819979659916115
39.230494964012166 49.95545115683458 42.819970393368834
39.25742632254224 49.96844543665913 42.831294217766555
39.257467275466226 49.96846303668637 42.83127941359751
39.257463314334345 49.96846261510119 42.83127939792925
39.25749478438607 49.968466427894555 42.831278998625194
39.25752968426211 49.96848176416398 42.831266000995726
39.25752076915093 49.968480416515305 42.83126641648836
39.2575649784568 49.96848705826977 42.831264402576046
39.25759214192428 49.9684999927002 42.83125315839704
39.25757588719141 49.96849715908536 42.8312543414698
39.257632202778254 49.96850672511532 42.83125052657318
39.25765548005799 49.968517712575164 42.83124100011371
39.25763185797698 49.968513214794996 42.83124314873227
39.25769896827283 49.968525607327614 42.83123748039787
39.25771733806994 49.96853459400975 42.83122960557871
39.25768473575872 49.968528080180945 42.831232917062025
39.257740363877005 49.96854297190215 42.831222997353336
39.25769427635673 49.96853072657177 42.83123111137448
39.25773533345057 49.96854188578095 42.83122359992192
39.257777963535055 49.96855060711533 42.831219039334854
39.25779660151666 49.96855738399669 42.83121369547808
39.25778598568898 49.96855499263427 42.83121507932184
39.25783598996999 49.9685656812089 42.8312092114876
39.25785176514375 49.96857094110986 42.83120522650549
39.25783674375177 49.96856745334493 42.83120730217694
39.25789191365862 49.96857975250917 42.83120025578897
39.25790419978105 49.96858363539065 42.83119739367959
39.257884353620405 49.96857890367269 42.831200275862855
39.32728667993936 50.03477849970742 42.83049860452867
39.32727606862794 50.03477222036338 42.830496417900974
39.257927392071004 49.968589163714995 42.83119402688105
39.32781174012581 50.035129494562646 42.83049130592434
39.32730400949531 50.03479144399758 42.830494465361795
39.327766629641786 50.035100084135294 42.83048979639568
39.3273528033649 50.03482402062591 42.83049390562434
39.327646439159516 50.035020063763085 42.83049053489128
39.32830560660474 50.03545890068072 42.83048655159175
39.32821557746978 50.035399556531154 42.83048539776181
39.327950185292345 50.03522286238392 42.83048703258058
39.32876192618678 50.03576325711886 42.83048217624341
39.328634361585756 50.035678869825176 42.83048140440827
39.32823570619171 50.035413442695855 42.83048388399189
39.32853234273612 50.03561138949077 42.830480764828806
39.32839163636868 50.03551754479285 42.83048210319171
39.328483167761725 50.03557864233272 42.8304810883738
39.32902159901004 50.035937100720595 42.83047783210632
39.32889088153737 50.035850414845704 42.83047765149051
39.32876748321175 50.035768228156506 42.83047849742502
39.329379227484175 50.03617554970701 42.8304746391888
39.32922134969084 50.03607067863877 42.830474919045535
39.329045209009095 50.03595335665826 42.8304761478384
39.32952561770044 50.03627344525391 42.830472501412956
39.32932912253518 50.036142525621585 42.830473987298284
39.72483893504741 50.71705507163847 42.631254951688675
39.548842800428986 50.40990511242754 42.758303170095296
39.846681150251925 51.04508350458019 42.54044318305381
39.84666180025456 51.04505421133507 42.54042874677905
39.84685623916263 51.04536719548594 42.54055332924083
39.846833588325225 51.04533232147748 42.54053707206442
39.90098345302123 51.14298891549015 42.5645311505912
39.9009834964925 51.14298938248969 42.564530754735564
39.90098556789606 51.143008033964065 42.56451566101714
39.90098551232644 51.14300740485494 42.56451620067982
39.90098767794638 51.143027290040735 42.564500017120054
39.900987504360884 51.14302530887413 42.56450171962325
39.900989812836684 51.14304708570742 42.564483861579724
39.90098947030471 51.143043105581015 42.56448729512192
39.90099138496973 51.14306033524744 42.56447335449268
39.9009932565739 51.14307706916988 42.56445984067969
39.900995108148095 51.14309299319264 42.56444713169101
39.90099688759841 51.14310930212717 42.56443386572918
39.90099775751916 51.14311723792679 42.56442741928009
39.90099872862043 51.14312447628494 42.56442191898769
39.901000901834244 51.14314462304258 42.56440547789903
39.900999622720704 51.14313217012341 42.564415777443664
39.90099998412508 51.14313696813139 42.56441152824966
39.90100280634145 51.14316384800922 42.564389427311184
38.42357910326068 48.47401744375222 42.94103731660216
38.49799109147665 48.58246251788553 42.9359126677941
38.49809393203397 48.582566810354166 42.93590216155929
38.49822743443684 48.582705637691426 42.93589354604839
38.498157529686836 48.582632485494415 42.93589738681671
38.498074209548335 48.58254805591505 42.93590599649222
38.49832863004653 48.58280976561084 42.93588540339117
38.49843233092139 48.58291683397849 42.935877588586834
38.558241415085895 48.643726174141456 42.94911952821913
38.55805654704945 48.643547952023184 42.949106890297514
38.55887088997549 48.64433113517241 42.94916886835092
38.55885967647028 48.644320330801904 42.949168081642675
38.558892320773055 48.64435171239449 42.94917061172098
38.656781389467916 48.757581322178254 42.94202039893506
38.55965409755792 48.64508385503146 42.94923021499555
38.657363317351724 48.75833352887493 42.94195981848146
38.65723159595152 48.758182084745584 42.94195590166582
38.657813231950705 48.75891791520821 42.94191033804026
38.65838429164369 48.75959894251933 42.94190440447683
38.65788166389879 48.7590047995697 42.941904686174524
38.65882715069605 48.760184005668535 42.94184648164261
38.65848363435909 48.75977248350431 42.94185178918774
38.65942605697127 48.7609055186387 42.941833442524924
38.65920852335928 48.760690401370745 42.94179420045569
38.65904128744157 48.76048807559562 42.94179864112401
38.65978606742223 48.761391684586506 42.94177646917529
38.65944332471062 48.761004761760034 42.94175959033569
38.71638376794007 48.806917838879855 42.925513110526396
38.65958217449834 48.76118368133203 42.94174565952493
38.71647530372115 48.80711174710733 42.92548588742763
38.76659668195304 48.9319625124402 42.90767241061521
38.76636468079406 48.93151462968538 42.90781197909933
38.767127416006225 48.93298916763927 42.90735229198841
38.767633057818585 48.933995328177176 42.907035931165886
38.76758321736414 48.93389874810066 42.907066061350626
38.7682157435661 48.93512565582362 42.90668318849428
38.768902564857854 48.936459769991075 42.90626668345416
38.76781173523608 48.93434605604888 42.90692609352622
38.76919311123972 48.937045891007486 42.90608166555184
38.768804898043356 48.93629120669932 42.90631733108641
38.878239625263255 49.14576215217264 42.867863612278455
38.87884763267018 49.14695563875556 42.86768637580763
38.878744209633254 49.14675137881092 42.867722196036006
38.96401356067943 49.31088596485411 42.84062613950081
38.879176592254325 49.14760325175719 42.86758191248945
38.96430348259214 49.31141277368435 42.8406711962611
38.964205333632066 49.31123434844371 42.84065590733438
39.004858797194 49.36340773065022 42.84673651216541
39.00485368146965 49.363421354847226 42.84673599114143
39.00485399654998 49.363420294549385 42.8467359534303
39.004852287871365 49.3634262443353 42.84673622099199
39.004851356554084 49.36342797632682 42.84673588998461
39.004846511840306 49.363442640431614 42.846735952528796
39.00484810439711 49.363437437776206 42.84673581133007
39.004844524620054 49.363449331008766 42.84673619139954
39.00484150104368 49.36345683326909 42.84673570983976
39.00484252551837 49.363453569753275 42.84673564529585
39.00483919851042 49.36346437497805 42.84673592019131
39.004837248474836 49.36346884547031 42.846735493461836
39.00483743470314 49.36346826002748 42.8467354841897
39.004834568164455 49.363477406856084 42.846735669623705
39.00483634936545 49.363471379560735 42.84673544594079
39.00483058073195 49.36348858282581 42.846735439184336
39.00483288922347 49.36348131611595 42.846735321234895
39.00482780196484 49.363497490003 42.84673563169625
39.00482718760438 49.36349804672872 42.84673522846306
39.00482896021771 49.36349251336337 42.84673515256796
39.068205408327216 49.56468417669496 42.846126193655714
39.069205922465784 49.567448932641426 42.84612531362055
39.06903424100428 49.56697404036693 42.84612522921201
39.06976620729967 49.56899862528327 42.846125527688514
39.07058765893697 49.571268377719555 42.84612470987746
39.07048452607146 49.570983147434035 42.84612468279285
39.149478547284474 49.773053568024466 42.836268013871646
39.14987992506031 49.7740784167604 42.83621843249783
39.23044012484966 49.95529168595287 42.82001320621883
39.15030346929014 49.77518668835772 42.83618206753719
39.23041877012248 49.955292644976964 42.82003832694229
39.230442325699755 49.9553126417844 42.82001343834676
39.23045875618074 49.95531039543375 42.819993908161706
39.23042117337023 49.95531578177875 42.820038614424156
39.230446665795775 49.95533311789262 42.820011102558404
39.23046034270177 49.95532991057843 42.8199946662245
39.230425872844286 49.95533839605364 42.820036144534576
39.230452985132345 49.95535298649671 42.82000636899264
39.230464595147794 49.955349076553375 42.81999225747189
39.23043297592151 49.955360304761676 42.82003076708099
39.23046105702985 49.955371993774726 42.819999468931485
39.230471660350986 49.9553672191794 42.819986419727805
39.230442022950214 49.95538123543503 42.82002298350287
39.23047054646778 49.95539013592604 42.81999079395254
39.230480928597416 49.95538420702346 42.81997784895221
39.23045280070352 49.95540112029043 42.82001303426524
39.23048125887276 49.95540725559954 42.81998055068875
39.23049230598855 49.95539944927482 42.81996657587556
39.23046550019648 49.95541951911656 42.82000063683232
39.230493456083565 49.95542307524006 42.81996839551108
39.23050488194356 49.955413269656376 42.81995370955964
39.230479146673986 49.95543670642881 42.81998696877823
39.230506695426705 49.95543764576765 42.81995485331936
39.23051867649353 49.955425254921295 42.81993917119054
39.230531548068384 49.955437224610044 42.8199257109262
39.230522722553076 49.95542812815768 42.8199348209218
39.23053338100419 49.95543510568337 42.81992328185968
39.23052073105806 49.955450843324414 42.81994019523836
39.230544781982815 49.95544842829878 42.81991172396644
39.230548123679284 49.955443822361 42.81990719590806
39.2575079020539 49.96847866326125 42.83126679938786
39.23055841898687 49.95545840605126 42.8198971009933
39.230563075860104 49.955450718284936 42.819890620802056
39.25756606488291 49.96849551309156 42.831254981450286
39.25760063621124 49.96850774151009 42.83124545566626
39.230577851091745 49.955456365777415 42.81987408550934
39.257625373467675 49.96851201427927 42.831243699927356
39.25765599669168 49.96852264590035 42.83123548838448
39.23059216425719 49.955461141641685 42.819857974200595
39.257683496939364 49.96852784476946 42.83123302921498
39.2576883930183 49.96853238862498 42.83122850182875
39.230594545668104 49.95546175297227 42.81985526905959
39.25768521350916 49.96853166942765 42.83122891965442
39.25771112879782 49.9685370052816 42.831226108727094
39.257739927181234 49.96854541628243 42.83122018031867
39.257733428922855 49.968543876386 42.831221113392516
39.25776609755713 49.968550765049656 42.83121738649042
39.25779178400857 49.96855787362116 42.83121254350557
39.25778195458147 49.96855559339994 42.83121389944091
39.25781960832275 49.968563762645175 42.831209344549315
39.25784178238211 49.96856966432186 42.831205429252705
39.25782892318826 49.96856663936536 42.83120725048353
39.257871274819166 49.96857600444318 42.83120192770394
39.25788944632322 49.968580736415944 42.831198837157956
39.25787369445007 49.96857693729627 42.831201173978315
39.2579198904868 49.96858743710992 42.83119504632104
39.25793481760337 49.96859114844658 42.83119270624263
39.25791617658848 49.96858651869233 42.831195622919175
39.3272855963567 50.03477918719876 42.830494571924056
39.257977169507626 49.96860089945439 42.831186947297304
39.257955726981955 49.968595305280495 42.831190605929514
39.25799315381249 49.96860355524868 42.83118593160683
39.257983453601476 49.968601393056275 42.83118717019443
39.25799236447028 49.96860333229429 42.83118608552724
39.32773730906312 50.0350811093917 42.83048841035237
39.3277300007548 50.0350765649323 42.83048753422004
39.32767217455896 50.03503802675161 42.83048800041478
39.32814984299371 50.035356246170494 42.83048449917811
39.32810950347069 50.03532956487874 42.83048424263251
39.328024061039194 50.03527259733311 42.83048500189953
39.32846388312702 50.03556577661517 42.830481282555574
39.32836257302379 50.03549820261079 42.830482259978325
39.328792008836615 50.035784458747784 42.83047862788855
39.32868388026117 50.035712304533774 42.830479763631985
39.32909649583689 50.03598728546096 42.83047645461008
39.32900045773128 50.03592319828318 42.83047746604314
39.3293753577424 50.036173017040156 42.8304745376002
39.32930055167752 50.0361230824594 42.83047537059112
39.725070424239796 50.71760270441989 42.63117374122935
39.725007764911815 50.71741933855 42.631240404677705
39.846759987127214 51.0452139768419 42.54048977119749
39.84683287219734 51.04533151429092 42.54053623334934
39.90098342819109 51.142987446997964 42.56453263443047
39.90098527566944 51.14300329340525 42.56451999792007
39.900987121678064 51.14301900583709 42.56450749848551
39.900988978803035 51.14303472097352 42.564495019976256
39.90099086904178 51.14305188799978 42.564481092705776
39.90099271325765 51.14306873698649 42.56446739993886
39.90099480411489 51.14308892127269 42.56445074357562
39.90099361875181 51.14307688688693 42.56446080543623
39.900994566858095 51.14308388750608 42.56445550481711
39.900993943393715 51.143078090753306 42.56446023925452
39.900996556829504 51.14310512838976 42.56443752703967
39.90099558947247 51.14309572963009 42.564445296377286
39.90099579453133 51.14309844454989 42.56444289319829
39.90099768175239 51.143116276266724 42.56442826382383
39.90099870999663 51.14312424408459 42.56442212220561
38.4981581382748 48.58263308259848 42.93589729532892
38.4983293109281 48.582810410551446 42.93588526731628
38.498442381974876 48.58292694991735 42.935876449310946
38.557927295879736 48.64342223576584 42.94910177530103
38.55817069498982 48.643656378144485 42.949120110409886
38.55853974960319 48.64401132915491 42.94914813887734
38.55830812673259 48.64378907718343 42.94912880959258
38.55934992136915 48.644790176309044 42.94921088545928
38.559246981916246 48.64469127973693 42.94920270270068
38.656991855023975 48.757912897200484 42.94194273106689
38.65698488488468 48.75790493541684 42.941942475097306
38.65706968823585 48.758012725573934 42.941935358782494
38.657862999488614 48.758982982131776 42.94190446688964
38.657471464156984 48.75852576397287 42.941899435674436
38.658290468575025 48.759542272691284 42.9418536534633
38.65800788361438 48.759206686650614 42.94185526359625
38.658657163438924 48.760024700997064 42.94180757889177
38.6584951624147 48.75982993635827 42.94181073041646
38.6589729967155 48.76044223046162 42.94176600723556
38.65893112106421 48.76039141704287 42.94176726091089
38.6595151723797 48.761101916981744 42.94174809780076
38.659062623093355 48.760561255241186 42.941753704953726
38.65976626639499 48.761441752885695 42.941707655567924
38.65932936408811 48.760906747159694 42.94172528124165
38.76711665550343 48.932996091355115 42.907347529175226
38.76686824645844 48.93251626041825 42.907497078925296
38.767996651781296 48.93472224500052 42.906807059774
38.767853154343776 48.93444409327073 42.906893842977425
38.768548100483066 48.93579244862917 42.90647303594578
38.768648826176225 48.9360025199886 42.90640610474554
38.87819966449874 49.145675548640554 42.86791242009693
38.76881848532108 48.93633495579121 42.90630205022447
38.87930020671948 49.14784300074538 42.867559078845396
38.878933380170906 49.1471187260188 42.86768519139574
38.964150133319926 49.31113399221327 42.84064730538471
38.96425319595495 49.31132108810746 42.84066324541508
38.96421825898021 49.311257557185236 42.84065779493677
39.00485513994254 49.36341642028399 42.8467358081989
39.00485305371974 49.36342169706304 42.84673550759339
39.004850200784155 49.36343048174207 42.846735591554584
39.00485181662295 49.36342527966147 42.84673547247664
39.00484857401949 49.36343589217952 42.846735766092465
39.00484572184402 49.363443211034486 42.84673538816794
39.00484702086265 49.36343911818069 42.846735320603194
39.00484383451553 49.36344934197151 42.84673554455203
39.00484183930783 49.363454230876705 42.84673520730312
39.00484257317806 49.363451944873994 42.84673517740855
39.00483965712077 49.36346116906996 42.8467353405961
39.004838464330774 49.36346379056445 42.846735043914556
39.004838515189846 49.363463638045474 42.84673504370693
39.004835977020676 49.363471559116725 42.84673515173495
39.00483351602197 49.36347935048738 42.84673529155069
39.00483835676911 49.36346409577386 42.846735038877384
39.00483298144981 49.363479992358485 42.84673499037572
39.00483488639814 49.36347411493448 42.84673493060198
39.00483024541937 49.363488518026344 42.84673510275853
39.068346303806536 49.565070972868966 42.846124818392525
39.004831733059895 49.3634831836528 42.84673482112474
39.0687372476817 49.566152477517775 42.84612506235656
39.069522080943706 49.56832116884871 42.84612433955568
39.06946980957661 49.568176581930715 42.84612431492995
39.07000874432984 49.56966724217705 42.84612453058672
39.06998513052208 49.56960115134591 42.84612413938666
39.14963126323923 49.77340498462533 42.83622624019123
39.07072470122348 49.57164561487376 42.8461238732156
39.150260099919024 49.775071736930585 42.836184917755254
39.230482649811954 49.95530730459325 42.81996553042403
39.150451665751504 49.7755331433313 42.83614476462951
39.2304632455084 49.95530981792839 42.81998857675638
39.23048654032466 49.955324147676826 42.81996323401201
39.230495775344465 49.95532224489318 42.819952170974744
39.230467317163495 49.95532834948507 42.81998629458461
39.23049158501212 49.955340535087224 42.81995952577125
39.23049858773006 49.95533848633227 42.819951055720495
39.23047318470552 49.955346310299674 42.819981834146674
39.230498054353404 49.955356246512764 42.819954059630675
39.23050345165465 49.95535417247061 42.819947465070015
39.230480015950846 49.955363641452735 42.81997616148313
39.23050577367009 49.95537124229148 42.819947034708576
39.230510159511994 49.95536912916404 42.81994161865902
39.23048849361268 49.95538013635466 42.81996844990869
39.23051459545702 49.955385362549265 42.819938602214215
39.23051838885225 49.95538314551349 42.81993386560418
39.2304977742742 49.955395864164316 42.81995969577175
39.23052435428359 49.9553985753998 42.819928951484655
39.230527986350076 49.9553960423892 42.81992436134627
39.23050836800859 49.95541052745871 42.81994926226322
39.23053466845341 49.955411018572434 42.81991854768759
39.230538864579344 49.955407558293174 42.81991317316527
39.23051962880633 49.95542436468273 42.81993793738104
39.23054515060645 49.9554228566696 42.81990786621973
39.23055087978 49.95541728529362 42.819900414650256
39.23055613215571 49.955433935507386 42.81989649855721
39.2305635152606 49.955425496919936 42.81988672715437
39.230567533715984 49.95544417666748 42.81988452710021
39.230576564380314 49.95543201997906 42.81987232931088
39.23058821777423 49.95543932375529 42.819859669544726
39.23058275374024 49.95543443779394 42.81986540963698
39.23058985828636 49.95543687454598 42.81985742142432
39.23057966159996 49.95545317713572 42.819871539359966
39.230599134026136 49.95544727632165 42.81984795941419
39.230602752615056 49.95544089894143 42.819842869943486
39.23059242484802 49.95546058451529 42.81985759457238
39.23061068567289 49.955453738707874 42.819835305988974
39.23061509457497 49.955444503057315 42.819828908607086
39.230622522695704 49.9554588870387 42.81982214250786
39.23062698498162 49.95544761747455 42.819815410125585
39.23063812323332 49.95545102477416 42.81980283116192
39.230633678095074 49.95544927512883 42.81980779903671
39.23063838656186 49.95545029240935 42.81980242484955
39.257774272087886 49.96855332795306 42.83121550543227
39.2578105966794 49.96856065931752 42.83121173241467
39.25781011563645 49.968560384950365 42.8312119827506
39.257821944378094 49.968564574098636 42.831208717652146
39.25785580366278 49.968570820016254 42.831205865155
39.25785527783832 49.96857051864587 42.83120614044743
39.25786822420794 49.96857520762494 42.83120244927657
39.25790105625181 49.968580470127975 42.831200580655846
39.257901017875824 49.96858042152087 42.83120063082613
39.257912645912995 49.96858524883724 42.831196619496964
39.25790665989838 49.96858162331539 42.8311999735074
39.25795428929652 49.96859467483716 42.83119113986062
39.257945653564335 49.96858987413482 42.83119549290062
39.257987723848395 49.96859869041978 42.83119075544036
39.327476404760816 50.0349069809131 42.830491228203684
39.32786713992455 50.03516735758035 42.83048815891913
39.32822922836944 50.035408634564014 42.83048534386717
39.32855460794317 50.03562546115016 42.83048278412602
39.32887205834114 50.03583695717333 42.830480420692425
39.32923412078969 50.03607801640208 42.83047818046677
39.54924878746954 50.41074102134333 42.75810642794371
39.84687287861839 51.04539356341401 42.540564448199746
39.84687750073266 51.04540077174234 42.540567664531366
39.900982420747205 51.14297676639747 42.564541659656925
39.90098312288744 51.142981256336135 42.56453846104346
39.90098499638067 51.14299807673968 42.56452486075763
39.90098681416639 51.143013802120294 42.5645122874581
39.90098587344201 51.14300537816932 42.56451909349018
39.90098600655999 51.14300778843658 42.564516855416734
39.90098878498845 51.143031848094665 42.56449761250207
39.900990839906946 51.14305154717517 42.56448138714593
39.900992699059145 51.14306865974797 42.56446745043304
39.900993612259704 51.143076800118806 42.56446088237268
38.5585397563534 48.64401131526188 42.94914820762515
38.5591847403525 48.64463123838417 42.94919857275171
38.559425001845185 48.64486155524084 42.94921937353365
38.55953717483985 48.64496950821486 42.94922766935042
38.65743526031241 48.7584893648535 42.94189346428207
38.65727410960993 48.75830008963149 42.9418924148451
38.657111090886914 48.75808112499965 42.941917108565136
38.657819064067915 48.758985353474 42.94185362206325
38.65776336972375 48.75891915760255 42.94185399148899
38.65799929539684 48.75921884179735 42.94183437306795
38.65818028719272 48.75945291972937 42.94181541339022
38.65858151115059 48.75996775023723 42.941777200726925
38.6592070316349 48.76075663440039 42.94173050810798
38.658989775408045 48.76049099033183 42.94173890221625
38.659397153592856 48.76101398037319 42.94169985731297
38.659327101716435 48.76092777057188 42.94170308452529
38.76717334298197 48.93312285159567 42.90730639882349
38.767476238344194 48.93371578168657 42.90712086105512
38.768776135936164 48.936252745728396 42.906327711069345
38.76830106200916 48.93533117453044 42.906615306423284
38.878679411135515 49.146616490211514 42.86777610410796
38.878344548941776 49.14595397590702 42.86789737808744
38.96413335521376 49.31110309200642 42.840644517572535
38.87932092482338 49.14787803850625 42.867578672658695
38.96433018710129 49.31146070894091 42.8406750894644
38.964283991325146 49.311376674043046 42.840667869211245
39.00485202489289 49.36342463469267 42.84673546518912
39.004850369599005 49.36342884137695 42.84673523294841
39.004851072197475 49.363426721907814 42.846735226142094
39.00484800036965 49.363436099530986 42.846735290962535
39.00484682580483 49.363438917423125 42.846735073436626
39.00484718576768 49.363437835007424 42.846735071039475
39.0048443642073 49.36344643811813 42.84673512726506
39.00484516274501 49.36344365156222 42.84673500033823
39.00484113287985 49.36345560880051 42.84673497647516
39.00484357234241 49.36344822510275 42.84673494502344
39.00483848807628 49.363463108760726 42.84673485111905
39.00484029197356 49.36345766212885 42.846734832076166
39.0048357737502 49.363471399668526 42.84673490986623
39.00483627367353 49.363469373801166 42.84673474161269
39.00483734185313 49.36346616715521 42.84673473620095
39.00483349457248 49.363477822307765 42.84673478905725
39.06876410761434 49.5662244146511 42.84612391492674
39.06876046077596 49.566214323688726 42.84612391148488
39.069110745923716 49.567183352001734 42.846124130916515
39.06879693695109 49.566315163800795 42.846123901137624
39.07014326853462 49.57003751483511 42.84612369309543
39.06986604959731 49.569270744492044 42.84612358222339
39.07063589285902 49.571399997024315 42.84612384780742
39.14970574750518 49.77355593137371 42.8361937028089
39.14956562562705 49.77318417303546 42.83620269603969
39.150239514518944 49.77497087895351 42.83615873502654
39.230523703062076 49.95531359965975 42.81991832776609
39.23050604841314 49.95532027009426 42.819939883421334
39.23052348339314 49.95531703548497 42.81991904521765
39.23051189597312 49.95533489138255 42.81993499890724
39.2305239763428 49.95533172454699 42.81992043648235
39.2305194563867 49.95534859981993 42.819927987464936
39.23052621373631 49.95534630124355 42.819919771104296
39.230528122417326 49.95536139423785 42.81991955960913
39.2305304831055 49.955360405835634 42.81991666437314
39.230532812801385 49.95536663235375 42.81991477213298
39.230536044563905 49.955374099916625 42.8199119904581
39.230543756309146 49.95538644933329 42.81990461981212
39.230552832647305 49.9553976099193 42.819895492841766
39.23056320158233 49.955407101382306 42.81988462945252
39.23057317973556 49.95541614574175 42.81987416350235
39.23057135525977 49.955412821968366 42.819875853402465
39.23057454319183 49.955414869127395 42.819872396746156
39.2305797311923 49.955428409820115 42.81986813935029
39.23058627001297 49.95542121565076 42.81985952278349
39.2305981745731 49.95542629147704 42.81984627054609
39.23060983450819 49.955430563094055 42.819833196846695
39.23061862291921 49.95543837084775 42.819823957603376
39.230613195225644 49.95543167740904 42.81982941298185
39.23062123745996 49.95543406037899 42.81982032015192
39.23062784234127 49.95544582284445 42.819814166264194
39.230632150971076 49.95543736250938 42.81980799011886
39.230642590577105 49.955440477063206 42.81979618958109
39.23065269807243 49.955443272509626 42.81978473496764
39.25787208605246 49.968569499279084 42.831209381
39.2579128677896 49.96857863986786 42.831204116892465
39.257948298229 49.96858953444429 42.83119620543537
39.25795388700863 49.968587534236775 42.83119916058335
39.257994159133 49.96859792458405 42.831192420609746
39.25799568243714 49.9685962907648 42.83119445651313
39.258041822731386 49.96860561695085 42.83118964842958
39.2580416868569 49.9686054310888 42.83118984161899
39.32781270517107 50.03513031418542 42.83049079221854
39.32779735079481 50.03512008307952 42.83049091085964
39.32814485062751 50.03535171534594 42.83048799025606
39.32811528439533 50.03533204979918 42.83048811731375
39.32845384461396 50.035557675554806 42.830485408453704
39.32827493972399 50.03543884994765 42.83048568886065
39.328600524801615 50.035655442220744 42.83048419186795
39.328481640495355 50.03557646657085 42.83048442034822
39.3288448994783 50.035818101692456 42.83048280560208
39.328666033049124 50.035699288081304 42.83048312479272
39.32923406488658 50.036077275083116 42.830480199410935
39.549175938337 50.41061200985675 42.75813501870168
39.846875166360455 51.045397182829724 42.540565983402956
39.900982419434904 51.14297673155754 42.56454169331546
39.90098312161352 51.142981226632585 42.56453848940836
39.90098499504603 51.14299805131087 42.564524884518875
38.657274168725635 48.7583002346568 42.94189234442143
38.657735015298115 48.75888553981684 42.941854101772854
38.65799670896091 48.75921587059817 42.94183429381181
38.65815153861804 48.759419178326276 42.94181520326154
38.658481629394586 48.75984675516629 42.94177999892995
38.65864670531843 48.76005988303753 42.941763049303745
38.65882899803143 48.76029374152083 42.9417457349185
38.65870724931375 48.760133579495765 42.94176102110231
38.65907174543699 48.76061327036477 42.94171507737032
38.76736489103131 48.9335027776778 42.90718705320049
38.76720501368368 48.933192809634704 42.90728376925337
38.76806512655324 48.93487516786935 42.90675745619362
38.7680071867445 48.93476259018394 42.9067926055443
38.76873069506786 48.93617989506667 42.90634901360352
38.76870289294735 48.93612581864117 42.90636590280084
38.87897084188127 49.14718477739676 42.86770834077712
38.87891412978882 49.14707290797959 42.8677273606927
38.96421802289082 49.31125653501674 42.84065749936752
38.96420435878859 49.31123168051748 42.8406553645483
39.00485420361331 49.363417658905334 42.846735316765034
39.00485444523521 49.363416938021224 42.84673531694787
39.00485086768873 49.36342713649037 42.8467351642659
39.004850909617424 49.36342701283304 42.846735164751394
39.00485062149749 49.363427837483016 42.84673515349964
39.004844091572544 49.36344671533015 42.84673495783857
39.00484761784561 49.36343643115185 42.84673503515488
39.004842030582196 49.36345260615393 42.84673487479785
39.004844542063964 49.3634453097519 42.84673493876192
39.00484056057643 49.36345681776858 42.84673481871597
39.00484175124277 49.36345336222014 42.84673485017578
39.00483983143688 49.36345891562993 42.84673479369255
39.06851745164812 49.565541735543135 42.846123597972614
39.06971505644691 49.56885302843453 42.846123483294406
39.069495615176976 49.56824591622254 42.84612332114418
39.07059090006379 49.57127398248582 42.84612305929524
39.070492206310774 49.57100098851821 42.84612301334181
39.14968234926685 49.77346968380861 42.836180829147416
39.23052547865965 49.95531671277746 42.81991666684427
39.15021539439435 49.774863929106814 42.83613473366593
39.23053375981363 49.95532942881095 42.8199086789211
39.23054303417631 49.95532728525141 42.819897537577944
39.230543830872435 49.955340849743735 42.81989842267628
39.23054411992981 49.95534075853101 42.81989807216022
39.23054422739888 49.95534135565121 42.81989802639312
39.23054723912587 49.95535385080359 42.81989617587875
39.23054026957954 49.955372091061506 42.81990677660088
39.23055173588325 49.95536655441144 42.81989261530947
39.230553407392016 49.9553811712097 42.81989261758041
39.23055718498572 49.9553790318225 42.8198879098676
39.23056419114148 49.95539035803614 42.81988122790038
39.230564785739915 49.95538995645947 42.81988047821282
39.230572869600955 49.95540007019643 42.819872372508115
39.23057370058918 49.95539942358545 42.819871313332804
39.23058329829255 49.95540783332285 42.819861207604376
39.230594558616446 49.95541317582577 42.819848745072285
39.2306044055231 49.95542007646178 42.81983814548815
39.23061545528307 49.95542390728116 42.81982572683689
39.23062074029092 49.955425907586765 42.81981980961764
39.230626973216275 49.95542547530216 42.819812457073745
39.23063659506576 49.95543003863584 42.819801807708046
39.23064613614436 49.95543391388288 42.819791160675045
39.257868198990536 49.968562113301566 42.83121724608131
39.25790685217149 49.96857119508475 42.83121178396776
39.25794441112468 49.9685798685132 42.83120664744269
39.25797387780419 49.968587357423104 42.83120184426834
39.25795751168501 49.96858333941855 42.83120435216508
39.25794866716889 49.968583362798654 42.83120322681555
39.258015789447555 49.96859642077595 42.83119680784712
39.2580473094406 49.968605238135794 42.8311907583068
39.32778541402177 50.03511212649657 42.83049101093164
39.328094381448004 50.03531815554395 42.83048818124112
39.32827520948992 50.035439022273266 42.83048570807155
38.65882808948722 48.76029262589767 42.94174577444852
38.65907048385937 48.76061170349758 42.94171514888333
38.76720402029241 48.93319092475288 42.90728435352442
38.76797826382565 48.93470641254493 42.90681014363851
38.76867123107885 48.9360643587852 42.90638508642485
38.87885701010465 49.14695876916224 42.867753188251626
38.96420492541456 49.31123252262881 42.84065537078257
38.964322686651485 49.31144641736773 42.84067363459067
39.004855710195756 49.36341329789761 42.84673536016705
39.00485407247382 49.36341802942331 42.84673531012057
39.00485449681043 49.36341680058896 42.84673532217634
39.0048506324961 49.36342802166172 42.84673522198926
39.004851047904445 49.36342659856527 42.84673516432412
39.00484946081947 49.36343135375678 42.846735169463194
39.004847915160795 49.363435992855045 42.84673517700149
39.00484535928322 49.36344320635867 42.84673504503981
39.068531436417985 49.56557999870332 42.84612339814038
39.068470245272906 49.56541070579651 42.84612335301663
39.06894607126836 49.56672619078783 42.846123238446935
39.06950178883724 49.56826259035862 42.846123126063546
39.070309831492594 49.57049633321116 42.84612283327542
39.15003727330904 49.77438633954807 42.83614318280104
39.14996987207999 49.77420818860524 42.83614790823999
39.230557687046 49.95531814410977 42.81987916396646
39.2305555985668 49.955325103572264 42.81988254068638
39.23055908567324 49.95533650775147 42.81987998763884
39.23056000817663 49.9553494378672 42.819880640500415
39.23056354934635 49.95534753486034 42.81987624115581
39.2305631570648 49.955354706993916 42.819877661248846
39.23056330627428 49.955361986542826 42.81987846200749
39.23056570378791 49.955374970274605 42.81987739579421
39.23056539677519 49.9553655088108 42.81987648736455
39.23056059051843 49.95536958973715 42.81988265910574
39.230569913637815 49.95538700476494 42.8198740813485
39.2305743247383 49.955398927654315 42.819870516418455
39.230583742910255 49.9554073293894 42.81986061973003
39.230594632856686 49.95541311007815 42.819848649376695
39.230604458732955 49.955420022292344 42.819838075956554
39.23061530830857 49.95542427104411 42.819825947587034
39.23062078311457 49.955425854533786 42.81981975239099
39.230627012035654 49.95542542425399 42.81981240480207
39.230636628811745 49.95542998754116 42.81980176136773
39.23064616512873 49.9554338631182 42.81979111995162
39.2578684712963 49.96856212824507 42.83121726302511
39.25790710158579 49.96857120636402 42.831211802208834
39.25794463913297 49.96857987651453 42.83120666672899
39.00485408945468 49.36341798268826 42.84673531137298
39.00485106566321 49.363426549587814 42.846735165601885
39.0048494793417 49.36343130252234 42.8467351707481
39.004847934413604 49.36343593945254 42.846735178290636
39.00484537896068 49.363443151723274 42.846735046340015
39.06844929190907 49.56535275049074 42.84612334483102
39.068946157310506 49.566726426269085 42.84612323724934
39.06950166835954 49.568262254878746 42.84612312491114
39.07030941487369 49.57049517918295 42.846122832279775
39.149938578670486 49.774125599350754 42.83615017572729
39.230557753153164 49.9553181359341 42.81987908550339
39.230555666766975 49.95532509265078 42.81988245940584
39.23055915187248 49.95533649268458 42.81987990814463
39.23056361301323 49.95534751590653 42.81987616410452
39.230563221809774 49.955354685089354 42.819877582540414
39.23056337180644 49.95536196159324 42.81987838196979
