ply
format ascii 1.0
element vertex 16893
property float x
property float y
property float z
end_header
39.15498397065553 49.335561465598126 39.90875935132975
39.154673483300904 49.335929941655536 39.9087015357039
39.15456243246241 49.336061737505446 39.90868076760705
39.15414840730517 49.336553125413715 39.90860292986441
39.15374732345336 49.337029194204064 39.90852670762436
39.15366990318442 49.337121089395865 39.90851197927937
39.15335114331562 49.337499451302435 39.90845123895246
39.15296204748396 49.33796130913498 39.9083769242156
39.08816063623802 49.39246458242744 39.90723662235757
39.08798029463714 49.39267697995942 39.90716539874879
39.08771126209851 49.39299377800977 39.90705912148462
39.08767253000147 49.3930394569915 39.907043854308284
39.08743886846389 49.39331488670848 39.906951684169975
39.087258482789316 49.39352749618021 39.90688051922336
39.08717166313509 49.39362981075766 39.906846260680396
39.07271114994373 49.40581974540679 39.90501382077255
39.07266621728739 49.40587002718595 39.90499563446259
39.072444555873226 49.40611794640928 39.904905886329956
39.072300278359265 49.40627918941719 39.904847439661985
39.072186734016285 49.406405971923164 39.904801415508175
39.01872866597894 49.448984893099464 39.874004405175285
39.01872687003734 49.44898850935863 39.87400433285368
39.002321491045436 49.45814913296037 39.87476246553766
38.85809166880117 49.63948586837248 39.79356642754094
38.85750008229734 49.64016132344653 39.79323290948748
38.684282107821076 49.8135658113446 39.74024769561527
38.684009337739376 49.813810731768825 39.74012555649243
38.68307331321973 49.81465466130433 39.73970193714967
38.68312720705763 49.814602514480164 39.73973092814474
38.68308097712429 49.81464399673092 39.73971026337434
38.655539126002395 49.835250742729876 39.750084490251226
38.655203762470485 49.83553958293304 39.749973228194705
38.65444637050029 49.83619140015762 39.74972282494953
38.65395901128615 49.83661035016249 39.74956251852058
38.49430767591686 49.966416276623065 39.69564010805347
38.4942761046373 49.96642659024337 39.69566071291657
39.297856262199964 49.0266151452402 40.06259353426719
39.258645456468315 49.11111419661408 40.03497607350183
39.25863179549323 49.111217400396555 40.03488496786822
39.258576354899546 49.11163746485403 40.03451348186754
39.25851055300002 49.11213807395144 40.034069669110615
39.258469596523824 49.1124495736684 40.03379355856109
39.258447012012475 49.11262154129526 40.03364102176312
39.28811965324827 49.14116463558316 39.93836448284927
39.1874508372824 49.212676116327714 39.99317107373838
39.187438335384556 49.2126735510228 39.99318726079123
39.18741966349485 49.212669536441254 39.99321124861155
39.155364300139574 49.33510925218105 39.90884741973764
39.15494732250426 49.33560412162224 39.90876948556836
39.15485690532771 49.33571143014955 39.9087525592343
39.15453758340661 49.336090429248586 39.90869231884154
39.154135905095195 49.33656720281408 39.9086160002912
39.15374605701895 49.3370303239149 39.90853403622311
39.15382463072858 49.33693669262132 39.90855642187602
39.15374438261896 49.337031950141885 39.90854103844033
39.15336963871785 49.337476835276455 39.90846818636158
39.15299804858539 49.3379179658418 39.908396160311675
39.152916217335836 49.33801510075383 39.90838051098681
39.08803558810761 49.3926114623208 39.907187048113606
39.08777709837578 49.392915524166796 39.90708478277404
39.087738727532134 49.392960714786874 39.907069628373996
39.08751679949783 49.393222012577496 39.906981943558364
39.08731256926841 49.39346230909143 39.9069011733204
39.087265519594126 49.39351767064046 39.906882567287674
39.07281901976419 49.40569356826576 39.905056157528996
39.0727156701919 49.40580906982754 39.9050142905293
39.07256545873856 49.4059768484544 39.90495341676803
39.072346416709294 49.406221163235315 39.90486456584837
39.072323260946064 49.40624698324419 39.904855171281554
39.0187305400211 49.4489807011373 39.874004451700415
39.07208704851829 49.40651017456467 39.90475928890237
39.072016485236915 49.406588731532196 39.90473063024853
39.002334286105345 49.458107755560846 39.87476347965317
38.85817825569421 49.639376300400976 39.7936116312375
38.85779795626146 49.63981081320686 39.793397331028615
38.68431442624288 49.81351956991081 39.74028444919683
38.68420612820057 49.8136167899621 39.74023598318576
38.683335311249365 49.81439841364959 39.739846421364085
38.683172589964954 49.81454437017061 39.73977375452556
38.65573718571344 49.83505196104355 39.75019891451147
38.65531320280505 49.83541712809886 39.75005824952018
38.65465172842721 49.835986388143425 39.749839574723026
38.65410052768309 49.836460460318165 39.749657851088465
38.65359868184939 49.836891919298914 39.749492683191555
38.49423909970416 49.96643375620688 39.69568781401008
38.49422103867104 49.9664396826074 39.695699585724384
38.49417532078774 49.966454727610866 39.69572935738519
38.49416938253863 49.966456677689365 39.69573322685371
38.49412061071407 49.96647353099972 39.695764505864624
38.49411905694066 49.96647317864908 39.69576603525138
38.49406785835666 49.9664914508033 39.69579852289433
38.49411320167848 49.966475090452064 39.69576985724987
38.494069082976225 49.9664894642305 39.69579867438702
38.49405374014015 49.96649441695213 39.69580872344133
38.49401562958511 49.966506673288066 39.69583371210214
38.493997411245644 49.966512507953574 39.695845672249845
38.4939614070476 49.96652399258949 39.695869336304284
38.49394327923393 49.96652976042641 39.69588125969662
38.49390867427866 49.96654075049307 39.69590403299445
38.493891366919314 49.96654625829173 39.69591541613532
39.495447162554136 48.76555328070755 40.04950376196364
39.495292003916006 48.76563746695163 40.049651574334426
39.49499082610248 48.765800799612265 40.04993858692902
39.49463571286685 48.76600167140285 40.050267308745774
39.49457449755777 48.7660270741184 40.05033475683581
39.4945472913989 48.76604189014337 40.05036061121044
39.41827617796081 48.83593207206158 40.074607422559936
39.29812107839791 49.02533149539916 40.06344349013846
39.298100357088 49.025404703580406 40.06340707899764
39.29797336166026 49.025853793785224 40.063183464348384
39.29783243766585 49.02636124549575 40.062925261083286
39.29770488716437 49.02701774658935 40.06247363577684
39.297736586622115 49.026701908379266 40.06275459867182
39.297691888476805 49.026861284960276 40.06267444412124
39.258626385561364 49.11118889556833 40.03494756130238
39.2585608707533 49.11168849441351 40.03450401525486
39.25854831775724 49.111784052732276 40.0344192677195
39.25849745011466 49.1121720692022 40.03407472454751
39.2584379248223 49.11262891652919 40.03366757114967
39.18734494956577 49.212648836634344 39.99330247899105
39.18728016530726 49.21263155528915 39.993382269154345
39.18727242238687 49.2126300480723 39.99339237810875
39.18724785355195 49.21262468441238 39.99342385846904
39.18722270156164 49.21261865933414 39.99345553821813
39.15493203618639 49.335621951547566 39.908772949386744
39.15504817945285 49.33548363775449 39.9088042804566
39.154908855148896 49.33564899902835 39.90877801621294
39.15451725026192 49.3361138512299 39.90870289570532
39.15413530594325 49.3365672703348 39.90862893074707
39.15394347838742 49.336794981317595 39.9085920671549
39.15375362049075 49.3370203624018 39.908555415753725
39.153389073187 49.33745316804276 39.90848402687887
39.15303375129434 49.33787503376644 39.90841418372834
39.153005377377994 49.337908718781485 39.908408661189256
39.08809043640427 49.39254593818327 39.90720826935436
39.087840290425554 49.3928399744457 39.907109204815804
39.08780198871608 49.39288503776875 39.90709405591389
39.08759115043279 49.393133004788126 39.90701062260673
39.087372472699634 49.39339014517259 39.90692406490007
39.08734736770724 49.39341966330742 39.90691412657075
39.07291006013863 49.405586503836204 39.90509175035925
39.0727771197184 49.405734962728246 39.905037868763124
39.07266396549629 49.405861309082624 39.90499200260894
39.072378231306146 49.40618272891024 39.904876757048264
39.07243134136111 49.40612053919577 39.90489758571233
39.072410220585645 49.406144098632836 39.90488901883548
39.072194231707094 49.406384931569406 39.90480138787706
39.07209046344096 49.40650037507078 39.904759223935415
39.00234591333847 49.45807010216643 39.87476441535928
38.85827500774586 49.63925527881496 39.793662617225586
38.858076089604715 49.63948261260888 39.79355054597783
38.684321945614116 49.81350325652804 39.740300186878954
38.68440203067511 49.81342473307549 39.74034460516023
38.6843286698911 49.813490563168834 39.740311808696624
38.68352911222936 49.81420800232401 39.73995441462643
38.68325639761929 49.81445262939059 39.73983261544014
38.65593138706542 49.83485805003063 39.750309385109546
38.65540222275601 49.83531388422842 39.75013369146356
38.6548796641233 49.83576382978926 39.749960533723616
38.654188398248934 49.8363588329769 39.749731829197
38.65388188944253 49.83662265421577 39.74963042884902
38.4942019675013 49.96644144479149 39.6957147098949
38.49420110564923 49.966441731092104 39.695715269530695
38.494166514164974 49.966456612112296 39.695735699709005
38.49415714841443 49.9664564652184 39.69574373373535
38.49413830950378 49.9664627455031 39.695755953340495
38.494112789863614 49.96647122043621 39.69577252578131
38.49407880485282 49.96648237856927 39.6957946723965
38.494065208878766 49.96648682189392 39.695803544656115
38.49402281599435 49.966500557286494 39.69583128015044
38.494014079953075 49.966503371711326 39.69583700532683
38.49396959740226 49.96651760842782 39.69586621329246
38.49395927546895 49.9665208989266 39.69587299866412
38.493918154778754 49.96653398644595 39.695900043059964
38.49390561717952 49.96653797579539 39.69590828943244
38.4938686457478 49.96654982222344 39.695932557290504
38.493861092639996 49.966552241523885 39.69593751563602
38.49382334744453 49.966564662539824 39.69596209563598
38.493823723628346 49.966564277647024 39.69596200712843
38.493785262179095 49.96657794293087 39.695986449166156
38.49382186430397 49.96656487668125 39.695963225621384
38.4937894344913 49.966575293966706 39.69598449675045
38.49377860085731 49.966578751123734 39.69599161638266
38.49375460831187 49.96658635516721 39.696007415109484
38.49373810472069 49.96659154378858 39.6960183075952
38.256499749886046 50.16867112734836 39.62142463516117
38.085076507643194 50.36693391486422 39.48535678909682
39.5954733794085 48.71794199458783 39.93539662731021
39.59547583658331 48.7179524745939 39.93537836210274
39.595476237749075 48.71795419979458 39.93537535167109
39.59547923238107 48.7179672109403 39.935352613749565
39.49564395419136 48.7654060169087 40.04936361532428
39.495421365624665 48.76552723225217 40.049575147373346
39.49499169618689 48.76576124217249 40.049983445700526
39.494930297026265 48.76579465360432 40.0500418239906
39.49455244737491 48.766000010818644 40.05040138285044
39.49421744509891 48.76618302385316 40.05071906628986
39.49413715661417 48.76622689174223 40.050795197056495
39.418068885024034 48.8359792976426 40.074908202198785
39.29810978053253 49.02523194204728 40.06357775950648
39.29812031887485 49.02500534210607 40.06380554124239
39.29809428873793 49.0250963399636 40.06376086940542
39.29795032811091 49.02560957670039 40.06350279295856
39.29781210942276 49.02611112161579 40.063245308794734
39.29777725862495 49.026235823296446 40.0631823300052
39.29767405705148 49.026606194213485 40.062994619877074
39.25867527479175 49.11075351462581 40.035367535309504
39.25858253722745 49.11149574288335 40.03468985506549
39.258627134203785 49.111121188825464 40.03504080967722
39.25861003779218 49.111251775013386 40.034924760617805
39.2585475003977 49.111731184661096 40.03449779393429
39.258488547524195 49.112185809939206 40.034091467803925
39.258468934242785 49.11233725961799 40.03395600315891
39.187106400803444 49.212585630352976 39.99359672062792
39.18708534855514 49.21258114690214 39.99362381052581
39.18706372943687 49.21257603872958 39.993651112937584
39.18705669620641 49.21257432233233 39.993659939099146
39.15488762707828 49.33567357821742 39.90878649830942
39.15450419272348 49.33612874000309 39.90871277561149
39.15412978351776 49.336573222904555 39.908640087749504
39.15407399319696 49.33663944997089 39.90862935514141
39.153756562460444 49.33701628186137 39.90856790262399
39.153400259242204 49.3374393169817 39.908497779623325
39.15303842944416 49.337869335147346 39.90841802885276
39.153143422069256 49.337744262536866 39.90844712199514
39.15305225573661 49.337852508827666 39.90842906939601
39.08813082218698 49.39249756376064 39.907223834173294
39.08789373342309 49.39277582274025 39.90712973669359
39.087876760072724 49.392795762687356 39.907123009311945
39.087658230989106 49.39305238527878 39.90703634740582
39.08743626255345 49.39331324779326 39.90694841711523
39.08742180022004 49.393330232889646 39.90694268261709
39.07299748352233 49.40548323622835 39.905125818523324
39.07284185455848 49.40565713397115 39.90506276576375
39.072752096089346 49.405757410849816 39.90502639593325
39.07251879818824 49.40601758823925 39.90493175312611
39.07248862926556 49.40605122766945 39.90491951307902
39.072286454837894 49.406276619645155 39.90483747783694
39.07217623467337 49.40639939176492 39.904792728814215
39.07206302059632 49.40652528031248 39.90474671139516
39.00234569493999 49.458070016663214 39.874764611135205
39.002343441121894 49.45807715822919 39.874764472051986
38.78165600392607 49.69365774460766 39.78082326245233
38.68441199419671 49.8133997314512 39.74036983855682
38.68368769986253 49.8140496610371 39.74004605557277
38.656730793469066 49.834143195604995 39.7506201157719
38.65609266790851 49.83469349685899 39.75040719889491
38.65549811605895 49.83520591533712 39.7502093495551
38.65509003477223 49.83555765047531 39.750073504514376
38.65425651660645 49.83627587543393 39.74979639031427
38.654145539471656 49.83637147122241 39.74975954780265
38.494200239775935 49.96644181064062 39.6957159564763
38.49418286860666 49.96644346251898 39.69572970445073
38.49416614039601 49.96644909873952 39.695740519277884
38.494140143504055 49.966457841776005 39.69575733596053
38.49410517183368 49.966469623619325 39.69577994590359
38.49409969841031 49.9664714608955 39.69578348860702
38.49405871002728 49.96648635908939 39.69580933568833
38.4940555354406 49.96648607214789 39.69581220099262
38.494010888191255 49.96650277479564 39.69584007095763
38.494048568479585 49.9664883491748 39.695816747303944
38.494006872458606 49.96650191436005 39.69584399357052
38.493956753929304 49.96651984219961 39.69587577121782
38.49399533100728 49.9665056320646 39.69585155758668
38.493954292339055 49.96651880886289 39.69587847889299
38.493902883762146 49.96653645436452 39.695911520223554
38.49394442899734 49.96652196552485 39.6958849553938
38.493901829015286 49.966535565711666 39.6959129476152
38.49385963309817 49.96655118075516 39.69593938960193
38.49389516045752 49.966537700859064 39.69591732578078
38.493857545425776 49.96654980780425 39.69594198355837
38.49384791736012 49.96655291637239 39.695948289269225
38.49382009807498 49.966561925107385 39.695966492866624
38.4938035488586 49.96656730393018 39.69597731008121
38.49378759414296 49.966572480757605 39.69598774396293
38.49376274434918 49.966580517246456 39.69600401084105
38.493756742153096 49.96658244169965 39.696007949919036
38.25727246791594 50.16789820451031 39.62183422203061
38.257169706458434 50.16800101993468 39.62177965514366
38.256005723538486 50.16916552566312 39.621161895533135
38.08493862858802 50.36707166804077 39.48527898984084
38.08350299611784 50.368639028560835 39.4842125169978
38.08429095194978 50.367778583798945 39.484798221853076
38.083669387647404 50.36845552506992 39.48433967744758
37.92633042595194 50.56094533966944 39.324910284122154
38.082792862918275 50.36940869530994 39.48369583008942
37.92633253470408 50.56094495536226 39.32490813514822
38.08351747059112 50.368620979566224 39.48422759900221
37.9263062985762 50.56094938012725 39.324935648486274
37.926329484816456 50.56094546991878 39.32491133309879
39.59545716560697 48.71787757235414 39.93550769256434
39.59545772602725 48.71787974860856 39.93550395455557
39.59546005269512 48.71788897810977 39.9354880468481
39.59546085914313 48.71789221552491 39.93548245634506
39.59546246265405 48.717898724464895 39.935471196867695
39.595466697994084 48.717915558833425 39.93544217238805
39.59546458764869 48.717907465888686 39.93545604434297
39.595464920730336 48.71790884935581 39.935453642681765
39.59546773723208 48.717920741145505 39.93543294791753
39.595469233831665 48.717927136593815 39.9354217983613
39.5954706290078 48.71793314428971 39.93541131310254
39.49538155224369 48.765510330336866 40.049658083745186
39.49530023377865 48.76555464444287 40.04973532738321
39.49497068838517 48.765734619398515 40.05004790263332
39.49473186029812 48.765880311438536 40.050256593673446
39.49459405940944 48.765939812393114 40.0504057163774
39.494549412169675 48.765964090100255 40.050448187841546
39.4162054260095 48.75420481012847 40.16038936873227
39.41600512543949 48.75433957270964 40.16055458576807
39.41588902689261 48.75441769643393 40.16065034457972
39.41786742328105 48.83602777197329 40.07519669754087
39.366979412430936 48.93252053958977 40.0776604345347
39.298068747235895 49.024872448440256 40.064063121530396
39.297927605788274 49.02537724511131 40.063808319126686
39.297800941767946 49.02600546715921 40.063386040714775
39.297828000192524 49.025733779962096 40.063628178185354
39.297787776467146 49.02587834709738 40.06355478245461
39.230756002883886 49.03957033322068 40.140569087174896
39.23069068175195 49.03999731646559 40.14024591645436
39.25870801794298 49.1104451940198 40.03567260156372
39.258657792866536 49.11083040895265 40.03532942395075
39.258596117093575 49.111305747584716 40.03490473554919
39.25852184588374 49.11189353262371 40.034371452540654
39.25854536022254 49.11169673149796 40.03455552025636
39.25853674055394 49.11176308817224 40.03449627426929
39.25848131774541 49.1121942546888 40.03410892523137
39.18692544915243 49.21253819358016 39.99382043975288
39.186983694009044 49.21255468675263 39.9937496844727
39.186911150112536 49.2125350283762 39.99383871661781
39.186905179626656 49.212533625821735 39.9938462650047
39.18688677304066 49.212528883398086 39.99386910696208
39.154483701810555 49.336152481308346 39.90872064612614
39.154124523572136 49.33657927508564 39.908642961878854
39.154239340073886 49.33644256827071 39.90867338890159
39.1541133622835 49.336592125204646 39.90864890345825
39.15375910024703 49.337012740198865 39.90857911432771
39.153411147063096 49.33742587675751 39.90851032363504
39.07749799471665 49.364694118244714 39.956524856780604
39.07734860368235 49.36488731409278 39.95645711213137
39.077124662009666 49.36517697816961 39.95635552055843
39.087903312274314 49.39276432091026 39.90713341500973
39.07695416850613 49.36539629296261 39.956279025017835
39.087931254074086 49.39273061191081 39.907144069756065
39.0877105631217 49.39298927576395 39.90705631406035
39.08751618120581 49.39321756490469 39.9069792391092
39.08748205588462 49.3932576143698 39.906965694408626
39.07306539914737 49.405402228157314 39.90515209495575
39.07292160469315 49.40556289272422 39.90509383463578
39.072824019486916 49.405671925478174 39.90505429633206
39.07259478610088 49.40592755677128 39.904961299175056
39.07257354565631 49.40595124412457 39.90495268241036
39.072365702690746 49.40618296057569 39.90486834827825
39.07226506183744 49.406295061055815 39.90482748807824
39.072145393290874 49.406428147506446 39.90477885219781
39.00235534881791 49.45803866892625 39.87476541086084
39.00235304760589 49.45804596371917 39.874765268031545
38.85767878953199 49.63991791485891 39.79332037992066
38.78169000347719 49.69358302189697 39.7808616600293
38.65723855913009 49.83368059465613 39.750832240483334
38.65681908260768 49.834042630962756 39.75069177400293
38.65623620705718 49.83454549532823 39.750496930520086
38.655584872841715 49.83510727818001 39.75027944952445
38.65527562179902 49.835373989629716 39.750176226541925
38.65430996253379 49.83621362074295 39.749842148961335
38.65437903624716 49.836147352669926 39.74987677259509
38.65432857595569 49.836190887442314 39.74985990275068
38.65353689821442 49.83687368072648 39.74959562553317
38.49413531498178 49.96645501002898 39.69576312947944
38.494117303967045 49.966461101629115 39.69577475976021
38.49408495855124 49.96647337323911 39.69579484806465
38.49407879463493 49.96647416744665 39.695799601658095
38.49407659059899 49.96647490492135 39.69580102964612
38.49403714330721 49.966488056111274 39.69582661615841
38.494022122077105 49.966493009079 39.69583639221143
38.49399249151601 49.96650273519491 39.69585570261665
38.493970533533044 49.966509905569296 39.69587003508009
38.49394641625039 49.966517735240906 39.69588580442546
38.493921370459695 49.966525830647484 39.69590220228238
38.49390015287462 49.96653269361588 39.69591609080061
38.49387406209269 49.9665411447773 39.695933162049364
38.4938581658287 49.96654629785333 39.695943560573355
38.49382916315745 49.96655568325766 39.695962542444974
38.493819211383155 49.96655890536613 39.695969054753476
38.49378691708799 49.9665693729766 39.69599018075036
38.49378420723639 49.96657025060445 39.6959919538895
38.493754369471795 49.9665813837844 39.69601059689187
38.49375259062481 49.96658049562623 39.69601263832103
38.257309724498235 50.16786089821014 39.62185411506922
38.49374777831248 49.966582036238435 39.696015797909766
38.4937175271271 49.96659164891366 39.69603570283939
38.25614479363342 50.169026275622045 39.62123613109053
38.493710569089245 49.9665938428658 39.69604029136355
38.25629382334471 50.16887715105189 39.62131532698119
38.08449031845795 50.36754637777313 39.48497435856481
38.0842288268338 50.367831621207486 39.484780572818636
38.25619543456749 50.168975578575214 39.62126312898712
38.082978050735676 50.36919378109367 39.48385794148021
38.08292717999268 50.36924912492607 39.483820526756496
38.08369914961189 50.36840923187562 39.484388384017265
37.926297753785185 50.56095005546235 39.32494627727381
37.92629513673184 50.56095052567997 39.32494895889153
38.082271857517284 50.369961592386005 39.48333946714355
37.92625466786575 50.560957962435566 39.32499006557262
37.92625324967484 50.560958243492266 39.324991461584716
37.92627607799518 50.56095400077153 39.32496837733007
37.926214045960904 50.56096597094616 39.32503014352912
37.92623396533963 50.56096197719292 39.32501063616234
37.92621509136251 50.56096570709224 39.325029237932874
37.92619342785385 50.560969838415716 39.32505091540935
37.92621372466541 50.56096598176864 39.32503057492519
39.56437288489187 48.685005003514206 39.99297085782283
39.56437715938258 48.68500965567742 39.992963316433745
39.5643931909506 48.68502756490701 39.99293425725385
39.56440077183994 48.68503619343245 39.99292024751638
39.56440865006002 48.68504532529387 39.992905411158716
39.56442447489057 48.68506411211444 39.992874863797205
39.56442876391347 48.685069308081495 39.992866409479575
39.56443965412367 48.68508272385449 39.992844568880145
39.59545571219826 48.71787269249073 39.93551585905081
39.59545483839604 48.7178693949938 39.935521495974406
39.5954549709368 48.71786992772962 39.935520575843455
39.59545736484565 48.71787968616361 39.93550368414736
39.59545867266682 48.71788508715778 39.935494316360376
39.52360293006264 48.71228570867022 40.03895951466195
39.52349512804095 48.71229533885452 40.039077346392354
39.523474547493606 48.712297168781305 40.039099852750326
39.49533435752276 48.765499584866944 40.04974553708266
39.49511989731373 48.76563165905027 40.04993147721876
39.41690320189636 48.75367567602285 40.15983572478212
39.416858325975014 48.75370584694246 40.15987274844867
39.41655346090599 48.7539125528517 40.16012363033509
39.41634910192798 48.754050401945875 40.1602920641873
39.41623539390294 48.754126937227696 40.160385843877606
39.415929643254856 48.75433400732712 40.1606375412952
39.415806701292226 48.754416987828165 40.160738852132624
39.41561810626935 48.754544163495964 40.160894307912294
39.4153328170935 48.754738181271186 40.16112886549044
39.41527616299255 48.754776534265524 40.16117550969843
39.298039403762544 49.024663930203914 40.06435654800847
39.230899925250284 49.03838080935488 40.14148565813889
39.23088775008053 49.03845937580844 40.14142626013862
39.23083141443738 49.038823779689764 40.1411507050684
39.23076551058915 49.03925577637713 40.14082366111393
39.23069363320519 49.03990340025634 40.14032187559066
39.23073102880224 49.03948063497384 40.140653507577994
39.230700543970336 49.039679426426005 40.140503079577094
39.23063991816039 49.040082227184946 40.140197786452404
39.25864252574736 49.11089890499389 40.03529423002577
39.25862205903675 49.11105718653718 40.035152526929984
39.25858386989356 49.11135295790196 40.03488750733432
39.2585291924959 49.111781110329304 40.03450140697643
39.186773778804266 49.21249669930504 39.994006178877235
39.18676883886599 49.212495654301875 39.99401254278344
39.18675668071259 49.21249294664561 39.99402806641847
39.186742933666395 49.21248932231266 39.99404504149607
39.18672886895898 49.21248524390937 39.99406202900273
39.15434062176936 49.336321871319456 39.908702365554625
39.15411609591778 49.33658843964133 39.90865835756297
39.15377101800493 49.336998162320285 39.908590134773355
39.07758500420956 49.364500366770216 39.956621077422845
39.077537715380515 49.36456189356555 39.95659937343051
39.077358447202684 49.36479534408525 39.95651695042879
39.07714238197802 49.36507668987154 39.95641762541322
39.07699402092479 49.36526831812398 39.956350512474
39.07692330255627 49.36535949565669 39.95631863728497
39.07671431867551 49.36562894120222 39.95622443996341
39.07655355555942 49.36583434308742 39.956153285857525
39.07650097255439 49.36590147864946 39.95613004608972
39.073123360470305 49.405332397498384 39.90517435164188
39.07301164585095 49.405457296829454 39.90512910785212
39.07288184062004 49.40560240731425 39.905076533947934
39.072623821241194 49.40589276169466 39.9049724934367
39.07267395509777 49.40583438265149 39.904992233733076
39.07265218982702 49.40585865278811 39.90498340345241
39.072433467224 49.406102228165324 39.904894589357866
39.072357703947844 49.40618652250454 39.90486380625694
39.072220076562445 49.406339571237446 39.90480786904717
39.002365156610665 49.45800684574906 39.87476621678444
39.002362085940824 49.45801658426575 39.87476602497031
38.85787561145318 49.63968397864832 39.7934282348873
38.85774762119574 49.63983005703356 39.79335605876747
38.65735508952641 49.83355714390507 39.75091078495851
38.6568606356778 49.83398424853267 39.75074459320536
38.65640437890919 49.8343782013992 39.75059151200291
38.65560752335224 49.83506613648268 39.75032433825615
38.65549175917465 49.835166068664144 39.75028553883943
38.65462960572576 49.835910339268885 39.74999653550812
38.65435887362699 49.83614386441327 39.749906110621765
38.65378779607054 49.836636404130864 39.74971546347972
38.49410600668753 49.966460688019204 39.69578459234762
38.49409625663381 49.966463983833606 39.69579088934532
38.494057952004844 49.966476995907996 39.69581558977705
38.49405007895989 49.966479642492786 39.69582068335824
38.49401844956643 49.966490265870185 39.69584115190091
38.49399735511305 49.96649731653305 39.695854823475266
38.49397879766132 49.9665034940187 39.69586686589105
38.49394725888258 49.966513969468146 39.69588734620249
38.493940005829366 49.96651637642492 39.69589205737569
38.49390267551719 49.96652917592698 39.69591605857302
38.49390287475081 49.966528679119506 39.69591618725774
38.49386238306607 49.96654314296168 39.69594187322448
38.4938997875322 49.96652969685937 39.69591819659546
38.49386497520205 49.96654111388937 39.695940889970444
38.493822163100575 49.96655674388164 39.6959678457761
38.49385489587986 49.96654440300375 39.69594747033793
38.493826971314896 49.96655347949699 39.695965722651046
38.49378479363226 49.9665696384905 39.69599182320026
38.4938124750473 49.96655816773926 39.69597521195972
38.49378933928271 49.966565639671416 39.695990362953836
38.493772290610764 49.96657113198785 39.69600153589951
38.493752449560304 49.96657747990707 39.69601456519975
38.493734297362714 49.96658327726442 39.69602649158925
38.493715375011064 49.96658927405464 39.696038951873355
38.49369801689772 49.96659473686898 39.696050405031706
38.25680199684137 50.16836866603165 39.6215853321236
38.08462130039448 50.36739324645957 39.48509118524914
38.25637597034065 50.168794866899844 39.62135928919407
38.0847298993229 50.36727180201021 39.485177411363615
38.082995651153084 50.36917335900942 39.483873341837864
38.08388452688252 50.368194096199986 39.484550664327514
38.0835596335218 50.36854817857862 39.484310512950145
38.08465732680701 50.3673510825861 39.48512340559145
37.92629673714885 50.56095015233707 39.32494750586222
38.08244382324217 50.369763071986796 39.483487981712614
38.08229657960286 50.369923234524904 39.48337974062026
38.08314824362766 50.368996398942585 39.484006675637374
37.92625420664347 50.56095800157094 39.3249906334389
37.926269450627075 50.560954519237285 39.324976632655066
37.926265229893225 50.56095531401724 39.32498087818041
37.92629042962568 50.56095077297713 39.324955085707956
37.9262288384932 50.56096214389996 39.325017532898606
37.92622553805617 50.56096278116725 39.32502081834275
37.926249127060956 50.56095838449535 39.32499699226797
37.92617219737199 50.560973497562074 39.325073008226326
37.92618959990841 50.56096964636018 39.32505675431819
37.92618472313672 50.56097055502755 39.32506168074844
37.926209204219624 50.5609659538325 39.32503703695291
37.926129971982206 50.56098010365141 39.325118411644965
37.92612804777475 50.56098044876805 39.32512038466191
37.92614988688804 50.56097670091676 39.32509762321576
37.926170078222086 50.56097326759372 39.32507650998011
37.92609249534168 50.56098692655071 39.32515661832924
37.926110928866564 50.56098353612927 39.325137900787425
39.509009919082324 48.652582886074754 40.08006105614126
39.509033794984205 48.65259205129027 40.08003851462223
39.50900880602193 48.652584873258064 40.080063231979736
39.50900763295816 48.652586145427335 40.080065142048056
39.50900489897486 48.652589331180124 40.080069696594684
39.564313112838875 48.684942805047356 39.9930715148969
39.50900192614128 48.65259087792506 40.0800737556872
39.50899932801068 48.6525919845192 40.080077188916256
39.50899442704839 48.65259471917822 40.080083966735316
39.564351388913565 48.684984819449625 39.99300338625573
39.50898973296721 48.65259590538482 40.080089790750144
39.50898585634303 48.65259673317809 40.080094529786244
39.50897758611878 48.652598702395665 40.080104734539916
39.56439396577126 48.685033221053295 39.99292480217406
39.508971692283 48.652599493977334 40.08011172197341
39.50896665589444 48.65260008569798 40.08011765339588
39.50895448191988 48.6526011147746 40.08013180389983
39.50894761032566 48.6526013002873 40.08013960693697
39.54609361538421 48.6918173672663 40.01664835500938
39.46799241299309 48.67982463616968 40.126415298429045
39.46797549202616 48.67982799695301 40.12643249208835
39.467902317062155 48.67984254921612 40.12650684577929
39.41731019811344 48.75336891948503 40.159512108769384
39.4172171072336 48.753406257087036 40.159598183571205
39.417171658258475 48.75343678417895 40.1596356907081
39.416869772154506 48.75364073601743 40.15988439077728
39.41669444127619 48.753758894428685 40.16002893988298
39.41655978816669 48.753849851022515 40.16013987505383
39.416257787134256 48.75405478224902 40.160388338640324
39.416160331899945 48.75412061237121 40.16046862791431
39.415945884972885 48.75426551172974 40.1606452861531
39.41564997038562 48.75446841559865 40.160887970035986
39.41564222124131 48.75447086026928 40.160895378780204
39.415635938861904 48.75447514211917 40.16090054055459
39.4153430563536 48.75467440512564 40.16114131135804
39.41520729365658 48.754797846119466 40.16124150610852
39.41512532589807 48.7548227040008 40.16132024084635
39.415056795626604 48.754869308811266 40.16137658502289
39.295837938712005 48.94300455384855 40.150163637079594
39.23090223964148 49.038287218751066 40.141561621698585
39.230931170797156 49.03793579419093 40.141838211672
39.230906844970804 49.03809132998347 40.1417207183822
39.23083994868219 49.03852620013183 40.141391735761076
39.23077214924491 49.03901612788673 40.14101786938826
39.230782422442644 49.03889843933114 40.14111024692659
39.230773791747495 49.03895436933254 40.141067946964185
39.23071071537645 49.03937037716746 40.14075284153678
39.2306502452406 49.03977135397823 40.14044898160037
39.23058580562479 49.04032766354234 40.14001909939329
39.23061499167922 49.04000402534594 40.14027273392441
39.2305913418707 49.04016000388624 40.14015458781314
39.23053644917507 49.04052704920818 40.139876244487525
39.19568325870672 49.099873444823444 40.117658151314004
39.186709935397204 49.21247948807709 39.994084624762415
39.19557989971399 49.10011716223654 40.11751530013397
39.186619133523706 49.21245488022706 39.99419606281114
39.18660858655995 49.212452519495905 39.994209517068654
39.18659812886591 49.21244976211045 39.99422243012134
39.186649614437066 49.21246370553939 39.99415923392094
39.18658973676463 49.21244743577324 39.99423267609877
39.18658613840477 49.212446345226255 39.99423697391264
39.091237128111366 49.32494569710218 39.99155042805402
39.0910200782734 49.325342428642415 39.99134930858094
39.07758004308896 49.364450718586106 39.956658006306235
39.07759980279835 49.36440098858501 39.956683861644166
39.077577894052204 49.36442981232316 39.956673583622944
39.07736568795751 49.36470932913225 39.95657379913243
39.07715734664735 49.36498249413705 39.956476713259484
39.077028417129334 49.36515002745517 39.95641768914345
39.07694541988295 49.365257662729135 39.95637984161625
39.076738754373935 49.3655249890959 39.95628608135499
39.07660021719336 49.36570278010127 39.95622421488495
39.07653008250593 49.36579273624616 39.95619293041884
39.0763250355933 49.366054501577885 39.95610232753181
39.07624895081864 49.36615059925646 39.95606943031092
39.072942914561295 49.40552881997892 39.90509998424362
39.07275816119885 49.40573490208581 39.90502504492291
39.072719707477546 49.40577778290624 39.90500944444919
39.07250487621566 49.40601702317218 39.90492221007589
39.07244467328775 49.40608398307528 39.904897743925375
39.0723003371494 49.40624432942645 39.90483904058855
39.07215449155402 49.40640608145529 39.904779657682056
39.00237208679545 49.45798417525246 39.87476683583479
38.92858576329461 49.51439089527989 39.85986330684112
38.85787609899464 49.63967313245307 39.793425038848554
38.65749453752595 49.833415976898415 39.75099343929869
38.656824549530064 49.833995359419376 39.750767120095475
38.656603184534504 49.83418673836078 39.750692430070806
38.655583310049565 49.83508030590544 39.75032785400522
38.65574566575774 49.834927992613075 39.75040327929585
38.65553892465658 49.83510655975124 39.75033381519228
38.65489285809011 49.835664253458525 39.750117308283784
38.65435116942981 49.83613164093887 39.74993613549513
38.65406334494095 49.836379911852845 39.74983999757785
38.494085263215545 49.96646494063359 39.695799642902685
38.494081133622686 49.9664653049313 39.695802928182765
38.494077599070025 49.966466508131816 39.69580520590425
38.49404217604378 49.966478500444154 39.69582807265668
38.49402451206806 49.96648447409246 39.69583947918976
38.49400483422074 49.96649114285378 39.69585217775911
38.49397380739205 49.96650159985495 39.69587223478216
38.4939680864247 49.966503531220866 39.69587593112029
38.49393783373527 49.96651569320606 39.69589430962792
38.49393478172328 49.966514825217224 39.69589741913668
38.493925503465704 49.96651792644823 39.69590343246363
38.493899607579564 49.96652657409798 39.6959202206133
38.493880317315295 49.966532984141196 39.69593274539247
38.493864882657356 49.966538103799145 39.69594277231125
38.49383765403804 49.96654708757146 39.695960489740806
38.49383004610442 49.9665495713186 39.69596545598082
38.49379731642551 49.96656020565381 39.695986851450385
38.49379339674789 49.96656147786915 39.695989414558014
38.493758895889925 49.9665725826648 39.69601203078618
38.49375618377525 49.966573451895215 39.69601381087758
38.493722504751396 49.966584226906804 39.69603592747947
38.49371979260472 49.96658509090309 39.696037710734586
38.46839586775507 49.966438097379054 39.70896893389929
38.25735988217492 50.16781071381634 39.62188075043203
38.256487776322984 50.1686831301129 39.62141819385179
38.25598432700434 50.16918673323127 39.62115126153247
38.084010781457685 50.368047128486495 39.48466204716917
38.08480239100155 50.36718106345823 39.48525361024601
38.08410997712266 50.367936769022435 39.484739709679914
38.08248774946681 50.3697124241528 39.483525799316254
38.08332234884989 50.368795328973604 39.48415719153448
38.08296066382864 50.36918967466983 39.4838895245009
38.08403961544795 50.36801357236087 39.48468746870905
37.92626827273061 50.560954659696435 39.32497799465731
37.92628401018064 50.560951441451834 39.324962719843995
37.92627907135122 50.56095237266838 39.324967685033016
38.082600630199295 50.36958223236195 39.48362305547689
37.92622807294028 50.56096219236406 39.32501851139176
37.926244202213304 50.560958726043374 39.325003222113644
37.92623913395527 50.56095968381746 39.32500831273057
37.926264188385375 50.560955134287084 39.32498274450748
37.92618880998827 50.56096961288668 39.32505794579849
37.926205631497325 50.56096595782924 39.32504208739887
37.92619919461804 50.56096718297506 39.32504853364425
37.92622497153478 50.560962392397904 39.32502246740856
37.926130006216425 50.5609800746509 39.325118426338506
37.92614972875657 50.56097651154798 39.32509825963352
37.92616824256289 50.56097302056406 39.325079647461166
37.92615685380445 50.560975139413536 39.325091159087705
37.92618694441943 50.56096953274246 39.325060762111924
37.926093659410796 50.56098635576874 39.32515621326523
37.926111717901016 50.56098292042215 39.32513812465007
37.92609931690723 50.56098520575661 39.32515070700333
37.926130437310235 50.56097967227953 39.32511869236061
37.92614979216791 50.56097643952714 39.325098326720536
37.9260624917148 50.56099269881891 39.32518653141081
37.9260607635423 50.560993109355756 39.325188084329895
37.926077417006056 50.56098943865611 39.325172497963635
37.9260940816721 50.56098618234039 39.325155993095564
37.92604908702043 50.56099592887318 39.3251984772018
39.477747747266584 48.345916956125926 40.085786214726646
39.47774807002667 48.345918499143785 40.085783524436394
39.47774979574709 48.345926734504076 40.08576915276599
39.477751743831256 48.34593596841146 40.08575298288602
39.50891346837771 48.652546999012614 40.08015264632252
39.508933979994744 48.652555021100994 40.08013335017083
39.50891452097238 48.65254920147482 40.08015249050018
39.508915032383335 48.6525507417855 40.08015263388984
39.50891620622742 48.652554498059516 40.080153065887856
39.508922799711286 48.65255957200909 40.08014802574368
39.50891575272949 48.65255750296476 40.080154975252235
39.50891557797533 48.65255794068562 40.080155375446815
39.50897409039633 48.6525748015839 40.0800975238386
39.5089143635012 48.6525613206387 40.080158314114286
39.50891220156854 48.65256454996113 40.080162246565465
39.50896335847547 48.652579922255825 40.08011196138793
39.5089117309046 48.65256493830488 40.08016295605144
39.50890810966767 48.65256740299358 40.08016817098685
39.50890368160228 48.6525701881811 40.08017444129964
39.50894587413044 48.652583646470575 40.080133331050085
39.50890160846259 48.652571023782855 40.08017715871357
39.50889728790947 48.65257255541637 40.08018272421481
39.50889121225144 48.65257492621316 40.080190651645665
39.50892238436708 48.65258596474423 40.0801607895404
39.50888611798241 48.65257595287129 40.08019685072009
39.508882071717714 48.65257663606565 40.08020171288344
39.508873469610464 48.65257833295587 40.08021216344436
39.508895893030804 48.652587425226685 40.08019121903201
39.50886421662412 48.652578877861785 40.08022280817029
39.50886022284448 48.65257906817138 40.08022738174072
39.46788128736187 48.6798235527439 40.12652888447145
39.46792367432326 48.679830306086465 40.12648537569717
39.46782838048996 48.679834363116726 40.12658263523364
39.467796923451615 48.679840760437116 40.126614594901575
39.467714982431886 48.67985761441548 40.12669783970757
39.41702025500871 48.75348163099319 40.15978151457482
39.41686028058778 48.75358972014062 40.159913300539955
39.4165703057354 48.75378668727823 40.16015179769098
39.41649905349032 48.75383496377219 40.16021044571205
39.41627516825703 48.753987066734766 40.16039457565182
39.41599104384979 48.75418313011902 40.16062713343382
39.41598011009792 48.75418710866461 40.16063739254383
39.41597332220647 48.754191683627106 40.160642988547046
39.415676742119906 48.75439336571451 40.16088683449537
39.41546972161382 48.75453389418281 40.16105713732661
39.41537496469029 48.754598112972886 40.16113512595708
39.41509490513191 48.75478982785603 40.16136492348076
39.41497040032746 48.754874756590546 40.16146719409165
39.27947415797381 48.85978051768099 40.22542781281297
39.27927504090193 48.86007040522039 40.225402286916875
39.23095848058022 49.03753451175348 40.142156488503915
39.230913997869074 49.03781551349708 40.1419444450939
39.23084815302441 49.038241848126084 40.141622031401674
39.23081879398842 49.038430929194384 40.14147910656684
39.230783032628416 49.03866215470187 40.14130426463253
39.23072076263471 49.039072434256326 40.140993524649815
39.230659937036826 49.039485400004004 40.14067995899644
39.23066229774018 49.03945808740012 40.140701407557316
39.23066043849204 49.03947038007328 40.14069209449649
39.23060348077598 49.039852073890984 40.140402589004196
39.230548990107536 49.040217383917536 40.14012550073626
39.19567707165383 49.0996373507454 40.11786443827877
39.195682485685396 49.09961115458324 40.11788343063222
39.19567675806732 49.09962488370451 40.11787532296122
39.195511864079165 49.10002110427024 40.117641078456835
39.186467250713164 49.212413411223544 39.99438214765969
39.18646368766683 49.21241282069403 39.99438690516811
39.18645701237966 49.21241096596502 39.99439505066208
39.18645664618534 49.21241087276846 39.994395506279325
39.11043242470204 49.2396173697506 40.04258102650803
39.09121285933309 49.32479798453268 39.991692451491055
39.09100374523564 49.32518623348402 39.991493526875885
39.090936445656745 49.32530997687597 39.99143054082118
39.09079541964399 49.325567972377904 39.99129967435688
39.07735602335953 49.36464429243752 39.95662359957529
39.07715182536104 49.36491329104673 39.95652755970559
39.07711162841912 49.36496588990301 39.956508901558585
39.0769483898207 49.36517949356867 39.956433130493494
39.07674818883988 49.36544008906947 39.956341163193244
39.07666844555658 49.365542920109895 39.9563052078379
39.07654456081084 49.365702622450144 39.95624938471689
39.0763465412497 49.365957007109586 39.956160775473045
39.07630947679385 49.366004201948854 39.95614448333396
39.07614257921943 49.36621622311472 39.9560714656288
39.07600507790219 49.366390640609936 39.95601149022802
39.07594718810907 49.366463973771246 39.955986308875936
39.07257337305265 49.40593491879015 39.90494861380772
39.07252958283611 49.405983579665296 39.90493080699411
39.07237830056623 49.40615150006636 39.904869244065125
39.07223385744337 49.40631154540772 39.90481039557766
39.07219417256673 49.40635546820868 39.90479421552375
38.92859330421976 49.51436831190189 39.85986308444519
38.928542262445454 49.514398256942414 39.85985423354259
38.657620088464164 49.83328796852395 39.751069428180216
38.656788703713374 49.83400751613921 39.75078756232577
38.65677061438436 49.83402316900779 39.75078143482392
38.65592456478271 49.83475450047535 39.75049616630123
38.65555681424203 49.835072231262814 39.750372437846735
38.65509630043427 49.835469923945155 39.75021781761161
38.65441011845562 49.836061997632456 39.74998829621013
38.65427705975482 49.83617681900895 39.74994376968192
38.65351768203598 49.836832387316676 39.74968918191142
38.49405189931005 49.96647146384163 39.69582404008828
38.49402673073658 49.9664800474017 39.69584024958478
38.49400058532701 49.96648899567724 39.69585706927988
38.49399221850969 49.96649186636073 39.69586244748935
38.493965248598066 49.966503238194846 39.6958785143601
38.493960676620276 49.96650274548837 39.69588268853194
38.493951522842366 49.966505863827855 39.695888585996656
38.49392759364003 49.96651398312157 39.69590402221396
38.493905597985155 49.9665214389411 39.69591821558294
38.49389571230492 49.966524785715244 39.69592459710947
38.493864253880574 49.96653566552301 39.69594476693187
38.4938641953226 49.966535397956264 39.695944976954955
38.49383015965101 49.96654818185992 39.69596619229294
38.49386255378184 49.96653594400661 39.695946042429156
38.493830279397756 49.96654661887992 39.695967027329075
38.493793971287715 49.96656063221695 39.69598943387757
38.49382192955122 49.9665493547542 39.69597247192605
38.49379559045699 49.96655797962542 39.695989649748256
38.49375677998861 49.96657279869446 39.69601369648075
38.49378349488994 49.966561918059554 39.69599755160759
38.49376010722507 49.966569480021676 39.69601286236519
38.49372052089754 49.966584372393186 39.696037523417345
38.49374676257192 49.96657377219567 39.69602161198001
38.49372385236201 49.96658111582853 39.696036648495785
38.46839591190913 49.96643786023313 39.70896931776451
38.49371179376793 49.96658495999961 39.696044575474886
38.46839956762901 49.96643521022219 39.708967710747494
38.25655229501926 50.16861880982758 39.62145160931088
38.468396053387586 49.96643750949372 39.70896974346466
38.2566120024123 50.168559108618105 39.62148317781226
38.25557300777068 50.16959838700987 39.620932417972554
38.0846306603329 50.36735855847682 39.485145298113906
38.25655803471869 50.1686130978182 39.62145454552147
38.08341389464256 50.36868876215733 39.484237958154644
38.08416203243674 50.367870275188274 39.48479700136072
38.08356906244529 50.36851718449104 39.48435741262651
37.92628218114703 50.56095162924797 39.32496490077614
38.082755942941574 50.369403659934214 39.48375579371429
38.08245349944502 50.36973305995008 39.48353265205339
38.08344375461005 50.36865395212331 39.484264399708785
37.9262429598826 50.56095883164389 39.325004751289384
37.92625907800705 50.56095555025874 39.32498907495919
37.92625229745357 50.560956811263665 39.32499592975361
37.92627830758745 50.56095204262486 39.32496948548328
37.92620465040031 50.560965983326554 39.32504342114089
37.92622114519924 50.5609624906651 39.325027671637216
37.92621286102376 50.5609640826742 39.32503593461944
37.92624013474671 50.5609590714979 39.32500822935579
37.92616770219364 50.56097291724284 39.32508063771198
37.92618491919836 50.56096941970603 39.3250638761489
37.92617519704912 50.56097131662811 39.32507351119135
37.92620295986622 50.560965997779434 39.325045783538755
37.926112884259936 50.56098272411563 39.325136900636004
37.926131597007725 50.560979278829606 39.32511790721042
37.92612887894191 50.560979782613856 39.325120658749775
37.92614947761043 50.56097609348484 39.32509952592208
37.92616740522963 50.56097283688016 39.32508123327915
37.92606294987132 50.56099256364463 39.32518617708413
37.92608022809392 50.560988610528156 39.32517032120772
37.926078179888535 50.56098904326917 39.3251722789426
37.926096933062034 50.560985541418596 39.32515335148486
37.92611435583868 50.56098246338621 39.32513538474589
37.92603684689954 50.560998715256105 39.32520974033372
37.926051639520786 50.56099477733015 39.32519737110302
37.926045873210334 50.560996129640955 39.32520259079044
37.92606562683965 50.56099172808216 39.325184206442465
37.92601256835298 50.56100338306648 39.3252339522218
37.926011208767214 50.56100367051616 39.325235251320514
37.926025919153176 50.561000631458285 39.32522104056426
37.92603902907658 50.56099777491149 39.32520869858452
37.92599985164635 50.56100605379611 39.325246142146504
39.120550283655106 47.838096522163006 40.251724853102814
39.120631801597455 47.838142161586575 40.2516131949655
39.22232408664434 47.987538377009656 40.234209372178405
39.31279930249444 48.163517827250026 40.19882163748178
39.31350379746789 48.164810354848306 40.198462016317
39.313932554010165 48.16559524510055 40.19824315377992
39.31533416367538 48.168141073396576 40.19752772839227
39.31495475450927 48.16745431709871 40.197721386085064
39.31546319457124 48.16838407670504 40.19746185032748
39.31594894331735 48.16927022266076 40.19721390155316
39.42937821166635 48.2693752929201 40.10941533972074
39.429353320533764 48.269367519806636 40.109423292548556
39.42938554095334 48.26936286210913 40.10940584526517
39.422997742174296 48.3416644191213 40.12914672899233
39.422865194470944 48.341663461315036 40.129228105455226
39.47774591040825 48.345908061213066 40.0858016225973
39.477745978075774 48.3459083662303 40.08580107439967
39.47774642088627 48.3459105010008 40.08579736818764
39.47774793282392 48.345917774886814 40.085784726585295
39.47774979234136 48.3459266745235 40.0857692185824
39.477749816585366 48.34592674677053 40.08576905389451
39.477751571594695 48.345935082878945 40.085754471731526
39.47775164188202 48.345935416431026 40.08575388798403
39.477753369549156 48.345943567338665 40.0857395803937
39.47775529496771 48.34595271836174 40.085723577619376
39.47775499999199 48.34595121884685 40.08572611282864
39.477756815048465 48.34595981848628 40.08571105031597
39.47775654026397 48.345958422250895 40.085713411443336
39.47775824315616 48.34596646227851 40.085699303882116
39.47775798766787 48.34596517411722 40.085701490616316
39.47775959111021 48.345972727099785 40.08568822193616
39.4777593581461 48.34597156434724 40.08569020574141
39.47776085985694 48.34597862186294 40.08567779283105
39.47776064372697 48.34597754993854 40.08567962745511
39.47776204814569 48.34598415200835 40.08566801721064
39.477761876992126 48.345983317414955 40.08566945783347
39.47776312978061 48.34598921289853 40.08565909578246
39.47776305912933 48.34598887406814 40.08565968559431
39.477763435781114 48.345990662784196 40.08565655633082
39.477764220965966 48.34599439284527 40.085650031881535
39.47776535655273 48.345999827369326 40.085640561645846
39.47776633966553 48.34600460378148 40.08563230166239
39.47776651395077 48.346005453694076 40.08563083463851
39.47776769097824 48.346011241307416 40.08562088624576
39.4777678614366 48.346012088215055 40.08561943802366
39.51323146850812 48.45493573040905 40.06503710178991
39.51322560628364 48.4549178518442 40.065042322812324
39.51324207250661 48.45496777917574 40.06502828685045
39.5133613126535 48.45532928729858 40.064926733218456
39.51951748016478 48.54530437810358 40.067893782301326
39.51949927595962 48.54525821758729 40.06791132378541
39.51959395968768 48.54562743485241 40.06781367487563
39.519579668220715 48.54559160161566 40.06782742591684
39.51967848392216 48.545969909757204 40.06772586431225
39.51965607931048 48.54591446622628 40.067747385357215
39.50888714472704 48.65254104570863 40.08017943314351
39.508822853505215 48.65252650839368 40.08024485682206
39.50882590913477 48.65253057879988 40.08024332199605
39.50886775991951 48.65254353814651 40.08020236303797
39.508825735426626 48.65253121059462 40.080243811442394
39.50882484761494 48.6525338317334 40.08024602971706
39.50882380626214 48.65253715290717 40.08024874658682
39.50884781962204 48.65254624807484 40.08022601806849
39.5088219973111 48.652538757621144 40.08025152568318
39.50882007019915 48.652539962957945 40.08025425138584
39.508903941987036 48.652562678517185 40.08017064985763
39.508816041630254 48.652542759888654 40.08026007854732
39.508827397656155 48.65254912308044 40.08025029091434
39.508811224230136 48.65254441175753 40.080266258015456
39.50880926994427 48.65254501515126 40.080268733765486
39.508881464766176 48.652565149509684 40.08019704244978
39.50880473097446 48.65254771808407 40.08027509029512
39.50879920500111 48.65255018127391 40.080282443495534
39.508846370042036 48.65256465732304 40.080236223472156
39.50879843882768 48.65255058292034 40.08028349102826
39.50879375939726 48.652552601397474 40.08028968637717
39.508787462722225 48.65255476200285 40.08029776406751
39.50880304622223 48.652562014669016 40.08028364354437
39.467840492332506 48.67980495914347 40.12657110889124
39.467821200429505 48.67980946688757 40.12659069214688
39.46775612706487 48.67982447730773 40.12665675389834
39.46771068294995 48.67983803004124 40.126702799477314
39.46769084509198 48.67983856338937 40.12672305554638
39.46768156504114 48.679840507509965 40.1267324822322
39.467604313049996 48.679856831282876 40.12681095084418
39.41691547264654 48.753510528275925 40.1598832215205
39.4168723254197 48.75352185626258 40.159925312170444
39.41681465651574 48.75356093900065 40.15997277618
39.41654199438218 48.7537475370539 40.16019652332262
39.4164346619221 48.75385382902762 40.160272540774116
39.41634819736673 48.75387917612208 40.16035591610312
39.41625432334183 48.75394303558031 40.16043309029141
39.41597433170952 48.754134705020704 40.16066283169182
39.41582869086638 48.75423388382819 40.160782525360055
39.4156829267899 48.754333199580216 40.160902300833314
39.4153954751034 48.754529512723266 40.16113833350395
39.41532816564159 48.75457506533451 40.161193755475146
39.41509517644232 48.75473335369871 40.161385372658934
39.414879795626945 48.7548943305309 40.1615571275459
39.41485049778653 48.75490044082066 40.161586288803754
39.41480841266454 48.754929117648054 40.16162086962939
39.27945186134397 48.85981455987853 40.225426724123416
39.27926297926579 48.860088968011304 40.225401862757636
39.27931943444615 48.86000763513154 40.225410060489935
39.27925126640991 48.86010688291387 40.22540132651326
39.23091814099058 49.03755461151452 40.14215719450698
39.23085140368869 49.038065171772544 40.14176590991253
39.230868386263126 49.03787488110618 40.14191511634296
39.23085299377604 49.03797404694063 40.14184015547254
39.2307902989955 49.03838652978426 40.141527785360026
39.23072950146019 49.03879005068798 40.141221973475126
39.23070522266079 49.03895087795491 40.14110010933065
39.23067033259915 49.03918211842634 40.14092488288714
39.230614529325884 49.03955902621804 40.140638819409105
39.230561124637035 49.039920231773124 40.14036464201289
39.23053946838785 49.040064315801104 40.14025542421024
39.19567299474802 49.099382316517165 40.1180856093677
39.19551191379417 49.099774155783436 40.117852684229554
39.1953584512474 49.10014540888177 40.117632535644084
39.158305704464105 49.14191012799374 40.09912822239047
39.1582935142255 49.14198223104066 40.09908083114948
39.110340674770605 49.23958836358381 40.04266160652471
39.0911903369003 49.32465498926081 39.99182931870051
39.09099488982645 49.32513251075275 39.99154519895367
39.0910844255739 49.32485136109043 39.991728796833556
39.090979521797095 49.32504554590483 39.99162950438734
39.09078105073217 49.32541657557779 39.99143852784439
39.090586215220256 49.32577715770492 39.991254176764386
39.07714815340759 49.36488870755332 39.956546392445155
39.07721345290542 49.364756475528644 39.9566093971854
39.077142046744505 49.364851173360265 39.956575371627004
39.07695022864114 49.365105103250855 39.95648428793607
39.076763173454935 49.36535167925199 39.9563961987488
39.07672220643552 49.36540479234473 39.95637752797606
39.07656468421337 49.36560877378106 39.95630590727271
39.07636504435202 49.365872279596815 39.956211653540606
39.07637106226615 49.36585790223654 39.956218991109814
39.076367223297595 49.365862831287316 39.95621727511592
39.07617319148181 49.366111361299204 39.95613096170298
39.076064912819035 49.36624921496153 39.95608338011375
39.075979567932215 49.3663575386425 39.956046108555476
39.07578737964832 49.36660598283682 39.9559590250508
39.0757931011305 49.3665934303155 39.955965220857955
39.07578993138218 49.36659745286333 39.95596383702482
39.07244343798394 49.406073198194505 39.904894298533755
39.072321461298166 49.406208248428726 39.9048445785654
39.07226689858949 49.406268616996215 39.90482232757099
38.928592168245345 49.514351973344944 39.8598614546862
38.92854610220546 49.51437904892073 39.859853470787435
38.78173674059008 49.69339361897008 39.78095301665364
38.656791524376594 49.83400192612059 39.75079395850297
38.6568891456716 49.833902153641276 39.75085345850551
38.656814212721265 49.83396692792828 39.75082818990251
38.65604763862427 49.834629341092395 39.75057009720933
38.65563946897636 49.83498205651278 39.75043266078363
38.65523426076281 49.83533201928076 39.75029655591195
38.65451294134515 49.83595481828216 39.75005457841271
38.65444117592657 49.83601677329288 39.750030518177674
38.653712375379115 49.83664658650522 39.74978507240181
38.65338009169634 49.83693352625046 39.7496735327293
38.494011206760895 49.96648175915265 39.69585239450203
38.49398239787657 49.966492438803435 39.69587043637349
38.49398021804822 49.96649255469991 39.69587221631017
38.4939783165333 49.96649321362527 39.69587343470768
38.493949640256936 49.96650315487163 39.69589180656898
38.493931419602966 49.96650942956944 39.69590350498683
38.493919230218715 49.966513621528286 39.695911334514534
38.49389007499484 49.9665240489817 39.695929821355655
38.49388913468073 49.9665239146337 39.695930699637096
38.493887465959205 49.96652447932115 39.69593177700327
38.493857498026294 49.96653457520591 39.69595115205071
38.4938463442038 49.96653829251046 39.69595838743829
38.49382390008148 49.96654572004006 39.695972978244676
38.49380727287829 49.96655117446882 39.69598381631649
38.493789047214115 49.966557148852985 39.69599569895081
38.493770174489974 49.966563304026764 39.696008022217576
38.49375325011519 49.966568764536824 39.69601910876856
38.49373452076205 49.96657479782915 39.6960313834365
38.49371799381251 49.9665801375861 39.69604220517026
38.46840892408813 49.96642846737448 39.70896351990102
38.468401486732375 49.9664333517646 39.70896778579708
38.468395877292096 49.966437042133705 39.708970990583616
38.257059038157095 50.168111914590085 39.621720278199504
38.25566149122186 50.169510042501244 39.6209787292502
38.25671007726052 50.168461039516025 39.62153504799226
38.25580540364275 50.16936612801277 39.621054880332856
38.084299517227876 50.36771072804876 39.48491734103883
38.0840762995348 50.36795439490956 39.48475158419551
38.25568847650034 50.16948311333469 39.620992803119094
38.08286997346986 50.36927302324456 39.48385234212398
38.083592716466896 50.368482270625414 39.484392502405534
38.083037714057085 50.36908755024153 39.48398146197085
37.926257034367595 50.56095571727569 39.324991605046506
38.08227824628011 50.369914884864365 39.48342079002049
37.92626247517452 50.56095443125595 39.324986701888534
38.08291642388676 50.36921982578971 39.48389163747159
37.926220215524346 50.56096263187222 39.32502868051611
37.926236687003836 50.56095937824543 39.32501244335259
37.92622907693458 50.560960866524006 39.32501997771975
37.92625466465937 50.5609559328615 39.32499449106733
37.9261849059847 50.560969479034846 39.325063765626105
37.92620192712221 50.56096620689878 39.32504679043771
37.92619548787779 50.5609674559474 39.3250531879656
37.92621927611525 50.560962831616436 39.325029575669724
37.92613179122928 50.560979239777495 39.32511771724903
37.92615054251672 50.560975968800946 39.325098289556756
37.926167863144 50.560972762108996 39.32508074772126
37.926157451811534 50.560974721068135 39.325091223548064
37.92618499961793 50.56096954143496 39.32506349711273
37.9260806120077 50.560988503702006 39.32517001026261
37.92609891707589 50.56098494405723 39.32515184323546
37.92611552706854 50.56098185117105 39.32513505979442
37.92610190895755 50.56098435494404 39.32514888982856
37.9261331877855 50.56097890150011 39.325116476514665
37.9261509807654 50.560975921017196 39.32509777306071
37.92605339051907 50.56099420335028 39.325196141884064
37.92606858367894 50.56099077176451 39.325182102526654
37.92606091460926 50.560992420233816 39.32518937150319
37.926083191159364 50.56098780846525 39.32516787246735
37.926099245983664 50.560984855945605 39.325151569416434
37.92601297779419 50.56100323261188 39.32523370016301
37.92602894944995 50.5609993080899 39.32521963216356
37.92602682542781 50.560999760276694 39.32522165490063
37.92604197876301 50.56099655837655 39.32520717162033
37.92605503468116 50.5609937082696 39.32519489208697
37.76299462732159 50.69318822202071 39.22236388029416
37.76298254019616 50.693198748603436 39.22235409550841
37.92598933393407 50.56100702146284 39.325258927912
37.92600291896375 50.56100454073673 39.3252450945204
37.92601634115893 50.56100198552534 39.32523165395935
37.76230439065748 50.693790839242865 39.22180139314993
37.762095901787134 50.69397469140468 39.221626934641634
37.76265512429782 50.69348395921699 39.22208887924495
39.05101909886628 47.74450287761669 40.308125943501445
39.0513285273739 47.744937630558994 40.30802392466922
39.051536920384585 47.74522873275375 40.30795538842742
39.051886794247885 47.74571183311981 40.30784089119105
39.052062655613156 47.74595279462037 40.30778352844385
39.052276611421746 47.746243830578585 40.30771395430364
39.1204406847714 47.83805781345195 40.251785809406144
39.1204432672048 47.83805920085093 40.25178250213537
39.222026309022276 47.98715834669877 40.23434310686753
39.12055019069584 47.83811797217173 40.25164034306215
39.222961599518676 47.988450474113506 40.23390019561927
39.222855045919715 47.98831375681489 40.23394821958643
39.223061647169814 47.98858907605043 40.23385272853356
39.31369729638783 48.165159249333115 40.198363253376165
39.31312372945015 48.1640958123376 40.19865606160505
39.31415109320913 48.16597450386815 40.19813163866354
39.31411053848518 48.16589934958914 40.19815234194132
39.31417794394187 48.16602333193764 40.198117933099326
39.315605645322364 48.16864007362429 40.19738914430674
39.31505752107612 48.16763233360503 40.19766894749415
39.315817878255125 48.16902342737203 40.197280818107586
39.31594710565682 48.169259411634826 40.19721485396989
39.42941174611223 48.26932726206136 40.109376196865654
39.42937897182237 48.26930342879069 40.10938006053752
39.429445161711186 48.269285648187434 40.10934022822485
39.422871355728034 48.34167263951753 40.12921214211701
39.47774803369495 48.34591816507259 40.08578396463945
39.48333567492314 48.27549453252008 40.06853723920293
39.477749882412795 48.345926880734254 40.08576866001026
39.47774990103379 48.34592694429539 40.085768526606486
39.477750450664544 48.34592956132714 40.08576395435647
39.47775164033693 48.34593540642511 40.08575390310622
39.47775159805258 48.345935026598525 40.08575440774176
39.47775330884197 48.345943226725744 40.08574012956426
39.4777532142736 48.34594265831346 40.08574101743774
39.477754859350355 48.3459504757195 40.0857273457229
39.47775476153674 48.345949942633936 40.0857282171
39.47775631349561 48.34595727059425 40.08571535947166
39.477756242272015 48.345956902288535 40.08571597695652
39.477757674324764 48.3459636312491 40.085704140845486
39.47775764837015 48.34596350082201 40.08570436261944
39.47775807972864 48.34596553401066 40.08570079197641
39.477759007546396 48.345969904466585 40.08569311418094
39.477760274313084 48.34597583837629 40.0856826599426
39.4777614908548 48.345981555057286 40.08567260474405
39.47776267025108 48.34598713493395 40.08566282423651
39.477763962325035 48.345993242470314 40.08565211396805
39.477763818767386 48.34599260550419 40.08565326829874
39.47776407408972 48.345993838900114 40.08565112917587
39.47776499776526 48.34599831844536 40.08564337550857
39.477765898084826 48.34600274014839 40.08563577042547
39.47776621736575 48.346004319870545 40.08563306345081
39.47776762791548 48.3460110576801 40.08562131094417
39.477767120625245 48.34600882607343 40.08562537352527
39.51309348628911 48.454516320121314 40.06515695226942
39.513170507885576 48.45474986746379 40.06509127737094
39.513325504301825 48.45522006848137 40.064958648226316
39.51330024692908 48.45514305398821 40.06498111005892
39.51944887999515 48.545131193185085 40.06795984710724
39.51943988906664 48.545108599047666 40.06796850058165
39.51952777420192 48.5454617676478 40.06787734364237
39.519519286736916 48.54544056052674 40.06788550650054
39.519612117488585 48.54580568837707 40.06778961285909
39.5195956059201 48.54576483588815 40.06780547287476
39.50877801039117 48.65251637400223 40.08029049233248
39.508729974597344 48.652505524164134 40.080339379775346
39.508816546208806 48.65252846390422 40.08025285087844
39.50873183074795 48.65250933224033 40.080339069699676
39.50874458093803 48.652515686898994 40.0803277124851
39.508731636438654 48.652511712816846 40.08034039710431
39.50873134582584 48.65251269704321 40.08034118204244
39.508791890858774 48.6525299319644 40.080281222141835
39.508729004830215 48.652515713011 40.0803452161661
39.508725982273525 48.65251862989731 40.08034996949711
39.5087664230474 48.6525314990118 40.0803105518975
39.508724642124115 48.65251924713154 40.08035176203865
39.50872035254475 48.65252104065249 40.08035741478055
39.50871455635382 48.65252342629294 40.080365035294236
39.508732679620906 48.65253127081544 40.08034833845516
39.50871108781028 48.65252492354186 40.08036962799252
39.50870877224297 48.65252581167199 40.080372642120565
39.508789294457785 48.652547908742136 40.08029251388759
39.50870481113132 48.65252851422414 40.08037834955497
39.508701109120864 48.652531202664974 40.080383759451294
39.4677633879252 48.67980520302541 40.12664989166293
39.467712642289705 48.6798047826623 40.12670175869684
39.46768285016798 48.679812212061115 40.12673198721112
39.46762792253567 48.67982607538396 40.126787714625536
39.46757193573178 48.679840036655165 40.12684452153157
39.46755618023157 48.67984360828635 40.126860518151446
39.4675038717762 48.679855246960145 40.12691363346505
39.46743506402501 48.67987050224518 40.12698350415204
39.41668765411533 48.753594530826234 40.160096577401575
39.41653859671773 48.75369693949919 40.16021874721798
39.416271836678476 48.75387974476334 40.16043756061897
39.41616826309214 48.75395019302263 40.160522712340665
39.415989439950565 48.75407179046624 40.16066974193306
39.415705037689165 48.75426553269035 40.160903449996084
39.415674415157675 48.754286366018675 40.16092862422869
39.41541049398951 48.75446551144064 40.16114573862588
39.41527283938624 48.75458951333387 40.1612477553793
39.41519996235454 48.75460819255976 40.16131901458711
39.41511224694247 48.75466787062333 40.161391122778255
39.4148225663687 48.75486547307559 40.16162907116524
39.41473373917602 48.75492620639139 40.16170198356892
39.27962891512581 48.859556994742945 40.22544964680793
39.27942611896514 48.859853496243744 40.22542505675382
39.279429578070065 48.85984848587641 40.22542552886833
39.27942527623088 48.85985476203668 40.22542499223579
39.2792294050014 48.86013998845734 40.225399954498855
39.23092034731041 49.037314603997615 40.14235359140778
39.23092194240725 49.037296826292575 40.14236752722274
39.23092040971082 49.03730653197219 40.142360201746385
39.23085679161064 49.03771957676095 40.14204776401857
39.23079532729575 49.038125945302994 40.141739895581594
39.23073220789823 49.03866488855065 40.14132372836075
39.23076307682204 49.03833896139342 40.14157852602889
39.23073509063352 49.03852454995689 40.14143788634785
39.230677856105544 49.03891036269178 40.14114511244203
39.230622593065426 49.03928407156401 40.140861448405786
39.23056488150536 49.03979048916518 40.140469714333264
39.23059558028546 49.039465669338206 40.14072367421317
39.23056902559274 49.03964447213467 40.14058800242414
39.23051824385952 49.039989522651126 40.14032598756542
39.195502545426 49.099549595379216 40.118051118675325
39.19535334262759 49.10004156591708 40.11772479315805
39.195424045271906 49.09973967477863 40.117938358058225
39.19534752236842 49.09992435768709 40.11782895938612
39.158225411526686 49.14183927305504 40.09923734453916
39.11024892698808 49.23956066025077 40.04274078496965
39.110232046204324 49.239602328329994 40.042705085187315
39.110214604751135 49.2395820900537 40.04273623036819
39.11019852835571 49.239592069231335 40.0427341598441
39.09096262682304 49.32490264395727 39.99176269599883
39.09077074193617 49.32526646004427 39.99157368970645
39.09058526086771 49.325616643767134 39.991392267913994
39.090552002261305 49.32567874047637 39.9913603322147
39.077140911054734 49.364782384562666 39.956623953912924
39.076957534609065 49.3650274204282 39.95653528462422
39.076766654050715 49.36530275368962 39.95642882171039
39.07679310559914 49.365243918730044 39.95645802672255
39.076768585783896 49.36527617234677 39.95644652748776
39.076583831800065 49.36551854524089 39.956360339380524
39.07642256472686 49.36572749799839 39.95628693076689
39.076393894327765 49.365764525374345 39.95627396436584
39.07620432601083 49.36600835788188 39.956188923938704
39.076120186001596 49.366115908345314 39.95615165021542
39.07601472284222 49.3662503505562 39.956105184914605
39.075849566602244 49.36646069109516 39.956032557616226
39.075832800771316 49.3664820977184 39.95602514718513
39.07567544566009 49.36668497693371 39.95595422149221
39.07239938393262 49.40611532144035 39.904874730854175
39.07234485955701 49.40617560867784 39.90485248607107
39.00776501671261 49.421433998820675 39.92325738443704
38.92854471083267 49.514362582080636 39.8598517733078
38.928482448172254 49.51439899805044 39.85984096720088
38.65698639349476 49.83380033425031 39.75091692657751
38.65685141736855 49.833917111759774 39.750871237506125
38.656170506821255 49.83450566514793 39.75064170307502
38.6556985796954 49.83491364378102 39.75048250859698
38.65538500849112 49.83518467177137 39.75037682320648
38.65453837469571 49.83592450313461 39.75007754560245
38.627602911799954 49.83060081653536 39.77619162140559
38.62752566078213 49.83066311923706 39.77617081133833
38.626815879828506 49.831235552305984 39.775979641169116
38.62635068674965 49.831610726400726 39.77585435468207
38.49399469933242 49.96648388192695 39.69586512748111
38.49396588398207 49.96649404504103 39.69588348437787
38.493958122036965 49.966496736906606 39.695888456565875
38.49393527714313 49.966504650348696 39.69590309620326
38.49391317840278 49.96651230546068 39.69591725760315
38.49390593834322 49.96651480983588 39.695921899373474
38.49387671884052 49.96652485624236 39.69594066909538
38.493870917216626 49.96652684141048 39.695944401621844
38.49384651890016 49.96653511018525 39.69596014626249
38.493831291573244 49.966540219059276 39.695970003741856
38.493814824441756 49.96654571478857 39.69598068125747
38.49379359111678 49.966552712363736 39.695994502465226
38.493780548222546 49.966556990921205 39.6960030042245
38.493757571246064 49.96656446829951 39.69601801723752
38.49374425664711 49.96656876794869 39.69602673687447
38.49372298358704 49.96657565220623 39.69604065970053
38.46841628582661 49.966423002117075 39.708960536908656
38.468408401428306 49.966428187969285 39.70896504374177
38.46840212239268 49.96643231610712 39.70896863648448
38.46839571165885 49.966436547585985 39.708972271641656
38.25740039134939 50.167770299207255 39.62190183998163
38.25692312279824 50.16824780221894 39.621648466639705
38.25622312382322 50.168948191421705 39.6212766812305
38.08439939867684 50.36759524995661 39.48500393517776
38.255888651601545 50.16928285771449 39.621099007738955
38.084523920824566 50.36745668371145 39.485101484129984
38.083752201627924 50.368299298260794 39.48452804079998
38.083532988864036 50.36853849921306 39.48436543926379
38.08443772713624 50.3675509183028 39.485037199744106
38.08240671128541 50.36976874046134 39.483527577045535
38.083086059943405 50.36902618147792 39.484033925671255
38.08252999849351 50.369632696867285 39.48362194518256
37.92623556322942 50.560959560711765 39.32501363721245
37.92625112577727 50.56095634474588 39.32499860510567
37.92624236641835 50.5609581425436 39.325007092708645
38.08244028186721 50.36973056630623 39.483555451070075
37.9262017514906 50.56096627859736 39.3250468829621
37.9262178514261 50.5609631237045 39.32503095685443
37.926212976560535 50.560964101801375 39.32503572934955
37.92623443052628 50.56095978556597 39.32501475138375
37.926168339922555 50.56097274253936 39.32508011520707
37.92618511349309 50.56096958291414 39.325063245507124
37.9261795465857 50.56097065239865 39.325068798901114
37.92620165382397 50.560966436560705 39.32504667717652
37.92611681195846 50.560981516140345 39.325133970112965
37.92613430593615 50.56097844759101 39.32511588189316
37.926127212216784 50.56097966725726 39.325123270192655
37.92615162730437 50.560975602152524 39.32509755210188
37.92616885805967 50.5609726970269 39.325079480637555
37.9260704795094 50.56099026249457 39.325180527262674
37.926085829012635 50.560986995543 39.325165907898054
37.92607799063145 50.56098860258017 39.325173506878315
37.9261012437225 50.560984145671966 39.32515028768485
37.926117688078655 50.5609813231312 39.325133149908815
37.92602964094712 50.56099912723863 39.32521904691168
37.9260456393834 50.56099541574237 39.325204476962725
37.9260438406947 50.56099581622269 39.32520615164204
37.92605846044566 50.56099267330495 39.32519229546402
37.92607197689463 50.56098986793837 39.32517926633976
37.7629968356316 50.69318633966071 39.222365566222706
37.92599337563035 50.56100602060428 39.32525538480693
37.926007670680875 50.5610031322642 39.3252414338827
37.92600144318033 50.561004352179566 39.32524759503077
37.92602053929092 50.56100065407912 39.32522860944173
37.92603355514042 50.560998096959395 39.325215748443206
37.76238275342887 50.69372352558969 39.22186250789076
37.762754164175306 50.69339821871573 39.22216777720445
37.7624687250849 50.69364848214508 39.22193253080259
37.76306966293378 50.69312418784566 39.222421350236985
37.925995371206525 50.56100555691418 39.325253569012965
37.76204978813712 50.69401686946561 39.22158457704588
37.56862262590119 50.8503795873424 39.09354828437431
37.762403988697514 50.693705307065784 39.22187901291664
37.56844971590313 50.8505472817145 39.093364443256
37.56792325260246 50.85105782345053 39.092804786827166
37.567896079457 50.851084173351104 39.092775903578385
39.04933557207561 47.74209815143544 40.308684977256505
39.0496925982205 47.74262020494838 40.30856520233641
39.050095028892954 47.74320219757751 40.30843084690727
39.05053284628592 47.743828812909875 40.308285339221
39.051009873713866 47.74449683212265 40.30812828646119
39.05070759495643 47.74407617690511 40.30822753870718
39.051004579025 47.74449508837619 40.3081294568384
39.05150963753255 47.74519536182652 40.30796388239935
39.05133757334144 47.74495891856856 40.30802007572529
39.051501539524764 47.74518553040757 40.30796639611512
39.05202141947899 47.745897447589925 40.307796862364825
39.051767468232235 47.74555115500014 40.307879528315524
39.0519890518225 47.74585320713496 40.30780740908793
39.12044150926849 47.838058579514126 40.25178348166697
39.05208839642451 47.74598794717263 40.307775144077965
39.12048282164751 47.83809362785214 40.25167997928744
39.12044705297043 47.83808095584437 40.25170002664156
39.12049929951448 47.83810942610636 40.251631536802144
39.12054452019529 47.83813441065557 40.25157090767993
39.22374625832205 47.98954061531238 40.23352719710459
39.223317522305834 47.98899003964213 40.23372053881857
39.22407182682129 47.98999554760797 40.233371826781436
39.31343061442125 48.16465783084162 40.19849940903892
39.31452368847939 48.1666531649282 40.197941450736735
39.314296627333476 48.16623721783319 40.19805735663869
39.314666774165936 48.16691450219617 40.19786841254734
39.31585277824929 48.16908649394896 40.1972630046854
39.31513497005674 48.167770071312205 40.19762942078055
39.31608997785923 48.169504735546624 40.197141954894555
39.315866200278144 48.16909347394011 40.19725618722916
39.316195238160375 48.169688925437235 40.197088240252356
39.429463644963704 48.2692642112026 40.10932110105765
39.42941897183111 48.26920687731662 40.10931429313017
39.48334642402265 48.27539614385423 40.0684967370658
39.48335269622899 48.275338969057984 40.068473005189745
39.48335022446391 48.27537518247124 40.068476647636764
39.48335081544019 48.27536976584359 40.068474423911866
39.48335065235389 48.2753728125458 40.068474389905575
39.47775159396666 48.345934940239985 40.085754499035744
39.48334959901664 48.275394201118445 40.06847345637215
39.47775316153612 48.34594228382021 40.085741561831796
39.48335057940177 48.27539766774176 40.06846457060092
39.47775463170717 48.3459491618644 40.08572943638684
39.48335228254878 48.27539396776944 40.06845319144882
39.47775602105567 48.34595566463736 40.08571797509734
39.477755989579535 48.34595548119654 40.08571826569262
39.477757090534425 48.34596067523089 40.08570914829748
39.47775733881419 48.34596184787345 40.085707091074994
39.477758947888965 48.34596959971348 40.085693628185474
39.47775864380367 48.34596801886373 40.085696271688704
39.47776014497879 48.34597519688916 40.08568375783137
39.477759895930646 48.34597394688096 40.08568588457719
39.47776125040856 48.34598039819522 40.08567461523211
39.47776111040828 48.345979718562916 40.08567579102209
39.47776178870839 48.34598298607584 40.085670115999534
39.47776232856693 48.3459855870459 40.08566559894585
39.477763515961314 48.345991328087464 40.085655646481655
39.47776396580261 48.345993536093076 40.08565184772823
39.47776477480338 48.34599753670646 40.08564499055432
39.47776529185201 48.34600011166155 40.08564059250868
39.477766133280156 48.346004351225574 40.08563339316061
39.47776630605838 48.34600522575262 40.085631911444544
39.513144943578865 48.454671920290366 40.06511400520997
39.513110687119664 48.45456749683269 40.06514440322668
39.51324820743586 48.454984378645136 40.0650273834727
39.51323672600783 48.454949376350086 40.06503757953982
39.51938051807379 48.544959141616914 40.06802565605845
39.519378090586045 48.54495304617079 40.06802799219695
39.519460796196924 48.54529446444937 40.06794175752467
39.5194568534734 48.5452846067184 40.067945549769036
39.519547569561034 48.54564601283566 40.067851612347816
39.51953152923431 48.54560633375682 40.06786701934589
39.50867378574815 48.652492846653786 40.08039657127951
39.508629048634425 48.6524827586031 40.08044210934658
39.5087064018621 48.65250360069992 40.08036495505395
39.50862925203123 48.65248621876319 40.08044349315786
39.50863705305541 48.652491464468845 40.080437177008825
39.50862829200071 48.65248861039307 40.08044568559527
39.50862798842507 48.65248942239312 40.08044640484351
39.50867355070031 48.65250322279091 40.080401669867584
39.50862624597528 48.652492562661365 40.080449824733954
39.50871291343152 48.652515681360704 40.08036327159006
39.50862588323839 48.652496023279 40.08045184451003
39.50863258095144 48.65250116625376 40.08044671948097
39.50862252476201 48.65249808779737 40.08045657791847
39.5086214020503 48.65249863288279 40.080458092666916
39.50867829787588 48.652515175008915 40.08040190792013
39.50861835781847 48.65250153236867 40.080462862230966
39.50861587989884 48.65250452459402 40.08046703905378
39.46760624064423 48.679801072190735 40.12681059345664
39.46759414983738 48.67980057381526 40.1268229629662
39.467585445614134 48.67980291575648 40.12683178973401
39.46767044747938 48.67980426618402 40.12674489077335
39.467539521132004 48.67981580325849 40.12687834541646
39.46749343244606 48.679828705149276 40.12692506847597
39.46744519890863 48.679841797015456 40.12697397777765
39.46751757396065 48.679844653101554 40.126899938100365
39.4674322582147 48.67984516617423 40.12698710391745
39.46739244308749 48.67985532346289 40.12702749564869
39.467337812896005 48.679868959439446 40.12708292569458
39.41655305070418 48.7536412950074 40.16022368886088
39.41653016188952 48.753649049394866 40.160245376297716
39.41651062997787 48.75366250386043 40.16026137202738
39.416272582471 48.7538284213045 40.16045560960318
39.41601621573106 48.754004946850344 40.16066558832206
39.415998322393314 48.75401710744054 40.16068030278719
39.415739750443784 48.75419312092767 40.160892833389816
39.41563247403238 48.7543007786491 40.16096828919332
39.415525275790756 48.7543383337303 40.16106940623729
39.41544982493397 48.7543894621797 40.16113150750408
39.41516175283091 48.75458535582234 40.161368359278676
39.41506243475166 48.75465280310985 40.16145005149268
39.414873906458126 48.754781387132546 40.161604918528056
39.41462928565081 48.75495665475987 40.161802768391595
39.41460901638658 48.75496254425417 40.161822332730225
39.414591676747435 48.75497438093684 40.16183657262326
39.279612942406615 48.85958010951847 40.22544744323979
39.279484702990175 48.85976766470492 40.22543196139822
39.27941395245924 48.85987103323566 40.22542330033218
39.27922444029974 48.86014682931159 40.225398884869634
39.279121607768786 48.86029621815182 40.2253853425088
39.279037673237035 48.86041800425117 40.22537412228092
39.23086093335223 49.03747925241673 40.14224359463871
39.230798174420116 49.03796223470203 40.14187328575447
39.23081475272041 49.03777924967843 40.14201665802614
39.230799507703836 49.037878315387815 40.141941716483544
39.230740455263884 49.03827082205848 40.14164421526253
39.23068363970629 49.038652345043154 40.14135478950492
39.23062569801027 49.03915213839998 40.140968600340955
39.23065589911326 49.03883921742652 40.141212989324515
39.23062866269284 49.039023031008185 40.14107348878255
39.23057643788147 49.03937912023453 40.14080301411741
39.230526408196745 49.039721604646545 40.140542787901886
39.1954948351557 49.09944432623602 40.118146260161495
39.19556616807239 49.0991476511132 40.118354952313325
39.19548727469714 49.09934091636664 40.11823971254238
39.195338554832055 49.09970823801117 40.11801990401775
39.15815878472654 49.1417012113868 40.09938907804173
39.11018503652966 49.23954253092421 40.0427946729837
39.158148396772816 49.141780625919985 40.09933482143281
39.11015543735679 49.23953412749193 40.04281964303681
39.11011255198724 49.239565467117345 40.04280904706205
39.09094257850202 49.32476951279868 39.991889533689026
39.090756063857555 49.32512735103984 39.991702216148894
39.090583057878085 49.32557958127508 39.991425419810824
39.09068778343815 49.32525808033358 39.991633873326094
39.09057539383006 49.32547245214952 39.99152207363707
39.09039647789552 49.32580977077396 39.991347476103265
39.076949955644544 49.36496793965766 39.95658026340992
39.07688320593724 49.365056462274396 39.956548456610676
39.07676763606331 49.365209723195164 39.95649339105019
39.07658983531753 49.365444816453135 39.95640915935022
39.07649645065166 49.365566327437236 39.95636629221589
39.076404617512765 49.365685811694206 39.95632414281193
39.07622752762877 49.365916308919296 39.95624280283772
39.07618012724573 49.365977350900664 39.95622148787066
39.076048569800406 49.36614688622683 39.956162247954964
39.075898120815665 49.366341163780845 39.956094223738155
39.07588102199638 49.366363222566974 39.95608650749335
39.075728675503925 49.36656113077135 39.956016800473954
39.075621717270714 49.366700253268974 39.9559677376659
39.07558652312358 49.36674585914173 39.955951713808034
39.00778726314775 49.421331318331895 39.923322689278834
38.92853336927966 49.51435137536478 39.85984830176541
38.9284943925976 49.514374203577184 39.85984153976592
38.657108633893614 49.83367885066396 39.75098547074986
38.65683146580213 49.83391866517225 39.750891621471354
38.65632129856638 49.834359850157554 39.75071927188081
38.628730477782945 49.82969121316718 39.776497772542754
38.628591374182136 49.82980340282518 39.77646026794293
38.62780827599724 49.830434984457085 39.776249150212124
38.627518215643356 49.83066892075621 39.77617097520283
38.62705151213106 49.83104531905565 39.77604521721797
38.62636539039276 49.83159867461029 39.77586038228641
38.626321630031576 49.8316339669753 39.77584859645052
38.49395248567205 49.96649538219157 39.69589405034141
38.49393933103305 49.966499937226864 39.69590248122418
38.49392145731411 49.96650609979628 39.695913952492795
38.493896272024415 49.966514780722385 39.69593011782398
38.4938914257099 49.966516456609604 39.69593322519569
38.49386337615475 49.96652616873501 39.695951202643194
38.49385550985264 49.96652886124345 39.69595626298349
38.49383456934503 49.96653602639276 39.6959697353416
38.49381725251344 49.96654188799297 39.695980914499884
38.49380441990062 49.96654619264757 39.69598922221533
38.49378076922696 49.966554017850285 39.69600459836288
38.4937711760177 49.96655718014867 39.696010842302854
38.4937457879456 49.966565448143406 39.696027427129756
38.49373488897457 49.966568968260404 39.696034564465236
38.4684212204227 49.966419139188076 39.70895892968765
38.46841615850377 49.966422469314494 39.70896182173565
38.468408010859164 49.96642782307072 39.708966489350175
38.46840207146475 49.96643173291447 39.70896987792295
38.46839561156118 49.96643600305183 39.70897352876639
38.46838957616359 49.966440008079985 39.708976909230316
38.25715377646418 50.16801691968891 39.62177133655139
38.25656677310041 50.16860428725125 39.62145943134
38.256116122952456 50.169055227078324 39.62121994100153
38.2554429466238 50.169728853613215 39.62086212935935
38.08387765792256 50.36815573476956 39.48463394934501
38.0846184549608 50.36734394481566 39.485190078247655
38.08397259422552 50.36805016913495 39.48470817090103
38.08325574476753 50.36883290002755 39.48417544813782
38.08302719957695 50.36908244717888 39.48400561043802
38.083912459845386 50.368115912002615 39.48466332453935
37.92624876729261 50.560956600525344 39.3250013876809
38.0826094707715 50.36953858131696 39.48369514994684
38.0820921725088 50.370103192403384 39.48331116397611
37.92621728098481 50.56096318142457 39.32503163889784
37.92623188638607 50.56095999409903 39.325017899771744
37.926224439467056 50.560961587510484 39.3250249741026
37.92624798401267 50.560956687647035 39.325002307069866
37.92618505387192 50.560969565943324 39.325063366900636
37.926200689787755 50.560966458109235 39.325047995361146
37.926195632010064 50.560967464755706 39.325052964680324
37.92621641767873 50.560963299161955 39.32503260491855
37.92613486843707 50.560978360115726 39.3251152759085
37.92615270465915 50.56097537272116 39.325096526276894
37.926168879652906 50.56097244948912 39.32507998926379
37.9261563991472 50.56097470258426 39.325092754435786
37.92618505560757 50.560969527008744 39.32506344925276
37.92608776951937 50.56098674447683 39.32516370693347
37.926104970548806 50.560983584822 39.32514623199503
37.9261036160391 50.560983849209464 39.325147574141404
37.92612029969579 50.56098082857259 39.32513052901016
37.926136586912286 50.56097809560471 39.325113418638004
37.926152956419195 50.560975328413456 39.32509626628614
37.92604633467177 50.56099530213332 39.3252037398708
37.926063313907406 50.56099198562496 39.325186920672245
37.92607710624419 50.56098910210192 39.325173671122776
37.926067776708706 50.56099110722599 39.32518251451189
37.926090898523924 50.56098637916929 39.32516007184533
37.92600954936212 50.561002769790115 39.32523956314227
37.92602578264841 50.560999657850815 39.325223354638844
37.92603920801893 50.56099697558257 39.325210186345195
37.92603014455115 50.56099879212432 39.32521906375183
37.92605184391894 50.56099443981411 39.32519781686517
37.92606448016705 50.560991820295754 39.325185629321886
37.76281123147599 50.69335035898396 39.2222093910226
37.92599010355715 50.56100643449133 39.32525911666825
37.76290252116824 50.69327126178801 39.22228227979586
37.92600199373949 50.561004167152895 39.32524721844919
37.92601441788738 50.56100184095541 39.32523469231914
37.92602691947394 50.56099945299175 39.325222191075355
37.762160053338405 50.693921762351124 39.22167154211169
37.76210671417777 50.69396891380396 39.22162662199272
37.76249898046663 50.69362387082157 39.22195269362129
37.76282301158438 50.693340570425924 39.22221775473786
37.56858964108633 50.85041095093236 39.093514561809215
37.5682444195546 50.8507457539005 39.09314752741143
37.56759401517954 50.85137646997946 39.09245615519771
37.56755004685439 50.8514191042931 39.09240942395265
37.56808268938806 50.85090259459723 39.0929755967163
37.54634293580528 50.90548672220147 39.05726653716088
37.546096831374925 50.90576353375372 39.05699181302393
37.54572555432861 50.90618150681786 39.056577339038924
39.04864386520447 47.74109173254142 40.308916524205294
39.04888532329476 47.74144857106748 40.30883513899978
39.0491535445714 47.74184423313761 40.30874480664226
39.049458668028535 47.74229113086702 40.30864236948442
39.04980504806503 47.742793779471185 40.308526553774456
39.05016190062385 47.743303822941655 40.30840802457333
39.04987435572191 47.74289325042808 40.308503491633985
39.050191167131224 47.74334808702205 40.30839805780136
39.05054735902371 47.74385111908112 40.308280360876836
39.050603427244155 47.74393451728213 40.30826140834722
39.051027199914756 47.74452802641798 40.30812188202073
39.05072875406849 47.74411057702733 40.30822009070056
39.05105435655143 47.74456598672549 40.30811294818082
39.05150716601587 47.74519242351641 40.30796464329959
39.05122510167722 47.744802622764404 40.30805698307794
39.05151522704273 47.74520254221534 40.30796210751026
39.051981803078476 47.74584223765707 40.30780987828217
39.051592731656804 47.745308959598 40.30793680448353
39.0519641602239 47.74581538194139 40.30781590394852
39.051872904474614 47.745690904465725 40.30784561341251
39.05195474082619 47.74580241366751 40.307818982647184
39.1205141386043 47.83812324540795 40.25158951714261
39.12044889182792 47.83809968596598 40.25162783397272
39.22222262121344 47.98758455792891 40.2342141598523
39.22217194233298 47.98751964560746 40.234236974720446
39.22227283352458 47.98765373513033 40.23419042623248
39.22440227594228 47.99045791379347 40.23321398476208
39.22370887909128 47.989564666501416 40.23352732692982
39.31353426604715 48.16484799046839 40.198446498360916
39.31367268327026 48.16510169210046 40.19837584147297
39.31484259416685 48.16723494807055 40.19777866641334
39.314435081744335 48.16648869792206 40.1979866851851
39.315148707760535 48.16777782602368 40.19762244180552
39.315116688972566 48.16771875534645 40.19763878695722
39.31517250553022 48.167819885127145 40.19761029692984
39.316304315132086 48.16987963954882 40.197032578249704
39.31575608229235 48.168873144580274 40.197312434084154
39.42948261583495 48.26911200143351 40.10923819764131
39.37686616572597 48.10350031257771 40.13623173942055
39.483366242284845 48.275228238482555 40.068416430764145
39.48336616220178 48.27522943443945 40.06841653931403
39.4833540582715 48.27535291271043 40.068456851055586
39.48336640744226 48.275239011785764 40.068410681531546
39.48335824067388 48.27532630510181 40.06843621970108
39.483367646287356 48.2752390267361 40.068401275090224
39.483362403024486 48.27529919183041 40.068415951526035
39.48336958994605 48.27523213442292 40.06838940322984
39.48336641431787 48.27527293423725 40.06839647245279
39.48337151188349 48.275225141283634 40.068377738265546
39.48337010477816 48.27524913643729 40.06837840127187
39.48337276667381 48.275224071177334 40.068368663662184
39.48337224542394 48.275236432328484 40.06836746014343
39.4777573286011 48.34596178895966 40.08570718484445
39.47775856300831 48.34596757412791 40.08569699522654
39.48337200814491 48.275241697694895 40.068367063183906
39.47775971848728 48.34597301066558 40.08568743891303
39.48337002030304 48.27527062679982 40.06837007365336
39.47776078400592 48.34597807889395 40.0856785795408
39.47776076960881 48.345978004934125 40.08567870393988
39.47776084271679 48.34597836233857 40.08567808780133
39.47776219057309 48.34598494408297 40.085666734819576
39.477762008145085 48.345984073480906 40.085668254093825
39.47776247958635 48.34598640552363 40.08566425750544
39.477763298274446 48.34599048279887 40.085657293590145
39.47776369931202 48.34599249051669 40.085653873339524
39.477764715107895 48.34599760054495 40.085645189014954
39.47776465803126 48.345997353766535 40.08564564241916
39.477764717518355 48.34599765713418 40.08564513032368
39.477766151259345 48.346004540415905 40.085633154874756
39.477765507192224 48.34600169921163 40.085638319591006
39.51306462971171 48.45442711975555 40.065185231870906
39.47776617463214 48.346005203678935 40.08563248766558
39.51317313839206 48.4547555533005 40.065093983121926
39.513172255190426 48.45475286167789 40.06509476548848
39.519247984938666 48.54451416258193 40.068158772737206
39.51931595835974 48.54479733443108 40.068087771272545
39.51939546683876 48.54513130312809 40.06800458469598
39.51935362034139 48.54495886877841 40.068048201256765
39.51939165915829 48.54512181359154 40.06800824553409
39.51948072019022 48.545480631369685 40.06791582304769
39.50111523452406 48.55229910885362 40.09172528443142
39.50857078175164 48.65246962599353 40.080501422373814
39.50852711714305 48.65245979051488 40.08054587373181
39.50860202750506 48.65248008376312 40.08047120697664
39.508528596290255 48.65246353871832 40.08054595912297
39.508530465301554 48.65246741660978 40.080545667134686
39.50855230185148 48.65247584767269 40.0805250736788
39.508530326571005 48.65246869293719 40.080546417614435
39.50852995071028 48.65247079397383 40.080547818647794
39.50858642903165 48.65248707887914 40.08049198289709
39.50853146576469 48.6524746169121 40.080547898537986
39.50853116232727 48.65247804965718 40.08054983873561
39.46748749369317 48.67979441740863 40.12693212851497
39.467532898470715 48.67979888000586 40.12688560219813
39.46747868586865 48.67979683413239 40.12694105898623
39.46744167212773 48.67980705035883 40.12697858639176
39.46739885198282 48.6798194962109 40.127021982650476
39.46735538236946 48.67983206356122 40.127066039061035
39.46733954601696 48.67984223235844 40.12708192753547
39.46732023876104 48.679841576767224 40.12710167578374
39.46730737643734 48.679845072407915 40.12711471818283
39.467412251652206 48.679844673674296 40.127007562042365
39.467259975657484 48.67985800297699 40.12716278118789
39.4672122556416 48.67987092147263 40.12721117075625
39.46716427902078 48.679883866476644 40.127259821772114
39.46716124910787 48.67988383380743 40.127262918860204
39.467159437126334 48.67988428397078 40.12726475743263
39.41620584642578 48.75381618761724 40.16053163879657
39.415979559242174 48.75397546986116 40.160715706885554
39.415986292871324 48.75401992059166 40.16069216447502
39.415888838603706 48.75403786060252 40.16079004024574
39.41572704849879 48.75414957657491 40.160922440554785
39.41547222060731 48.75432543654402 40.161131014166656
39.41539634500796 48.75437737154925 40.16119327452216
39.41520615919491 48.75450798662163 40.16134917240488
39.366815571601094 48.74484969598015 40.211029292092235
39.36681615052844 48.74484860378605 40.211029070125036
39.36681374312459 48.74485225578573 40.211030546176985
39.366694948483236 48.74503269823334 40.21110323821334
39.36661145762406 48.74515950708472 40.211154333057436
39.27979360995103 48.8593144305807 40.225467636820326
39.2796010888235 48.85959648347813 40.22544493522387
39.27952448322462 48.859708535010526 40.22543570129221
39.279407181030706 48.85987995108828 40.2254213798391
39.27922068945266 48.86015147471649 40.22539749161105
39.27918378850322 48.860205164059636 40.22539272364396
39.27903392617304 48.86042295037811 40.225373072205585
39.230864349537285 49.037254512254 40.14242692155224
39.230853633036936 49.03732303859785 40.14237515562729
39.2308034879788 49.03764502882017 40.14213182946664
39.23074513824462 49.03803093505124 40.141839455085496
39.23068602502301 49.0385282821934 40.14145577771055
39.23071313389642 49.03824236229238 40.141679286778185
39.23068822946638 49.038407800601476 40.14155389859437
39.230634689250195 49.0387733966284 40.14127616915184
39.230583346793665 49.03912568936525 40.14100843911434
39.230529992208034 49.039592395798365 40.140647495195275
39.23055812306947 49.03929772216337 40.14087776519571
39.23053343495303 49.03946641952437 40.140749604942535
39.19547499282612 49.099137521298715 40.118421868973435
39.19533058425784 49.09949984345615 40.11820359135913
39.15811622486869 49.141616786638174 40.09948309523779
39.195243807272064 49.09971432456257 40.11807520477892
39.15809220988026 49.141568990019664 40.0995362683053
39.1580806283049 49.14168458271986 40.09945489559924
39.11002654438682 49.23954013408314 40.04288258696377
39.10998890089055 49.23957018643314 40.04287055227531
39.09074867482556 49.32507894269932 39.991748399470204
39.10997387384028 49.23958116816051 40.042866839108015
39.09073622063808 49.32500040814176 39.99182362249888
39.09056350097973 49.32533684255111 39.99164582319084
39.09039333698608 49.325664479181064 39.99147392630335
39.09022216699607 49.3260284675597 39.99127153665766
39.090250839577344 49.32593420543674 39.99133395251088
39.09022264045332 49.32598735157836 39.99130645028198
39.07676938879445 49.36514295216536 39.95653926275018
39.07659841440436 49.36537085496215 39.95645698226988
39.07656153232135 49.365419207116815 39.95643979926195
39.0764208662366 49.3656036496731 39.95637424311376
39.076242728264425 49.36583984062203 39.956289396164706
39.076247600025575 49.36582925884679 39.95629459736923
39.07624371661119 49.365834279783726 39.95629283717557
39.07608045365464 49.366048130982236 39.956216904097175
39.07595186143321 49.36621585954243 39.95615759167215
39.07592119118445 49.36625576362478 39.95614351541921
39.07577795988726 49.36644421750265 39.95607631108662
39.07567034141004 49.36658551512154 39.956026025541334
39.07564145253894 49.36662333542187 39.95601260339798
39.007808097830164 49.42123491687063 39.92338425089444
39.00779570796174 49.421291884960254 39.923348249818545
39.007790989260684 49.42131363077093 39.92333445514504
38.727856843570585 49.708285453556456 39.81748114924011
38.629977599446995 49.82868516294635 39.776836403237986
38.629507476596686 49.82906433181158 39.776709586464044
38.62877844830429 49.829652310672294 39.776512986901196
38.62870598573472 49.82971075336623 39.77649344686961
38.62796069298211 49.830311855643565 39.776292399879374
38.627579024921744 49.83061967335007 39.77618954649037
38.62720430939854 49.830921881754065 39.77608858847414
38.62639375058801 49.8315757274233 39.77586882133793
38.62650870614651 49.83148289576188 39.775901074945054
38.6264447531266 49.83153447301633 39.775883854115136
38.493937042505024 49.96649742332245 39.69590592931573
38.493922117016524 49.96650261608482 39.695915480441414
38.49390707567446 49.966507825310714 39.69592511999252
38.493880534588754 49.966517016795905 39.69594212963763
38.493877915789135 49.96651792535292 39.69594380699274
38.49385182102837 49.96652707459211 39.69596046328748
38.49384120478524 49.966530750769 39.69596726723336
38.49382494513972 49.96653637804154 39.695977689887194
38.493804315418245 49.96654339302241 39.69599098856103
38.493795815103915 49.96654625452849 39.695996485530365
38.49376902678473 49.96655515661948 39.69601387835309
38.49376326251305 49.96655704828211 39.6960176352236
38.49373497547433 49.9665662580711 39.69603611518444
38.46843125286436 49.966412005995124 39.7089542457472
38.46842080179569 49.966418843423696 39.70896029170535
38.46841622774271 49.96642184890759 39.708962912265164
38.4684078883511 49.96642733456793 39.70896767811209
38.4684024440301 49.96643092198336 39.708970777404645
38.468395813847565 49.9664353211039 39.708974492192496
38.46839080960785 49.96643866586365 39.70897724792286
38.257353612224094 50.16781696722984 39.62187749313059
38.25690399103293 50.16826689435602 39.62163848812454
38.25630487944967 50.168866451171 39.62131988196563
38.255857227058506 50.169314445641945 39.62108178727016
38.25530628617767 50.169865800965724 39.620788779971946
38.08437129223602 50.36760675961378 39.48502001359971
38.083352204006395 50.3687229654105 39.484256016913896
38.08405107325129 50.3679572459303 39.484780429753116
38.08349954758481 50.368559958704026 39.4843696035528
38.08278700459694 50.36933754734544 39.48384092913287
38.0825580000274 50.36958740171072 39.48367112468597
38.0833958554981 50.368673247254655 39.48429241673185
37.92622857076464 50.56095992866712 39.32502273738428
37.92622761023913 50.5609601293978 39.32502366029096
38.08219238069046 50.36998621823384 39.48340019674038
37.92619962077608 50.560966348010986 39.3250497489581
37.92621358054067 50.5609631228271 39.325037006551156
37.92620230871559 50.56096550977078 39.325047768613494
37.926168802703785 50.560972213973784 39.325080611242875
37.92618373162233 50.56096922750521 39.325065976480175
37.92617157307038 50.56097161763735 39.32507798724646
37.92619878598082 50.56096625079844 39.325051142824485
37.92610525173857 50.56098355381329 39.32514590136163
37.926122654138844 50.56098056999065 39.325127758262596
37.92613851363306 50.560977689656454 39.325111574569576
37.92613169794174 50.560978983114 39.32511840843043
37.9261537410445 50.560974961455784 39.32509595454966
37.92616883634531 50.560972151257545 39.325080700217526
37.92608018404749 50.56098876303071 39.325170051388326
37.92609585776758 50.560985772234204 39.3251543713771
37.92609246714353 50.560986482965596 39.32515762450611
37.926109615253424 50.56098310899541 39.32514069134038
37.926124044069645 50.560980437339374 39.32512607900158
37.92604205693558 50.56099655082139 39.325207077381265
37.92605811781488 50.56099351123572 39.32519095540917
37.92605768732063 50.560993598902826 39.32519137404803
37.92607055118653 50.560991006691836 39.32517880470394
37.92608317221016 50.56098842652399 39.325166553003356
37.925994112567395 50.56100570023418 39.325255039119185
37.926009134348455 50.56100296119391 39.32523973389361
37.92602147678257 50.561000620428004 39.325227355208256
37.92601142332089 50.56100253492375 39.32523742112538
37.92603379112075 50.56099832641041 39.32521491447775
37.92604612572963 50.56099596050144 39.325202601641614
37.762219945212955 50.693869104699715 39.221721267259575
37.762611800992865 50.693525467650296 39.22204439460387
37.76237862602474 50.69372978434393 39.22185252919597
37.76290314692348 50.69327215650984 39.22227919962444
37.925997781598504 50.56100505084669 39.32525125812858
37.92600965830227 50.56100287096996 39.32523918848086
37.761968983499294 50.69409010323421 39.22151203467473
37.56847275114672 50.85052374578122 39.09339150704554
37.762294582966945 50.69380354856269 39.22178307005926
37.567861878561224 50.85111616058941 39.092742083811345
37.567761108071196 50.85121387919184 39.092634969145394
37.56832845287141 50.850663689587094 39.093238090491745
37.5467056851242 50.905081100699505 39.0576713369299
37.546352495880754 50.90547811944634 39.05727708838862
37.54613388156746 50.9057241060105 39.057033045882754
37.54557823546988 50.90634936560588 39.05641276726853
37.545556072129365 50.90637436657401 39.056388022480945
37.54494366263161 50.90706447882698 39.05570432293402
37.375844668217525 51.06997272871236 38.87831096520158
37.37580494814101 51.07002882496967 38.87826640742507
39.03841885859257 47.58949104412807 40.26401722217578
39.03867227865136 47.5904701702564 40.264270933328916
39.048637745061185 47.74108895570995 40.30891795393825
39.04869879305937 47.741173753257485 40.308897924953314
39.04886264003539 47.74141802162169 40.308842484259536
39.04895260515258 47.741547366951565 40.30881252545476
39.04911533278215 47.7417865292842 40.3087578107085
39.04922211307635 47.74194322704718 40.30872193148672
39.0493979126552 47.742196773973575 40.308663309100176
39.0495086278964 47.742362060998786 40.30862582337623
39.04969031114962 47.74261896579331 40.3085657569712
39.049538750892275 47.7423998463362 40.30861635018337
39.04971300050867 47.74265113450201 40.30855824700586
39.049816086563624 47.742809214185705 40.3085229219063
39.049980004268335 47.743037505770594 40.30846908173
39.05004746436975 47.743131570817134 40.30844691257151
39.05028986638075 47.74348367986926 40.308365827835
39.05040623405402 47.7436430090838 40.30832788248323
39.050626449472986 47.74396549003745 40.30825395667729
39.05073562596234 47.74411093122835 40.308218764510535
39.050446644936976 47.74370009322355 40.30831452806519
39.05079530271749 47.744191239751196 40.30819944645131
39.05108331786634 47.744603755311616 40.308103694821845
39.05115781087345 47.74470023993362 40.30807996061686
39.05095315681119 47.74441232160443 40.30814747315522
39.05118905027459 47.74474170729884 40.308069905866006
39.051522753886815 47.74521177779059 40.30795976123388
39.051560292492795 47.74525788224635 40.30794805522272
39.05133321637679 47.74494191887309 40.30802261100415
39.05157429884166 47.74527563138389 40.30794363227044
39.12041567760524 47.838087698855894 40.25164731593807
39.05163042336964 47.74535321866708 40.3079252561225
39.12045704966363 47.838118210944984 40.251561719125036
39.120441639964575 47.838112602308755 40.25157094367158
39.12046728479076 47.83812637946063 40.25153810242365
39.22299579425483 47.98863955511867 40.233851075302
39.22233554359731 47.9877850617168 40.234150354853206
39.223637664554786 47.98951680296036 40.233549322765555
39.313604896972336 48.16497383439991 40.19841045085008
39.22372672811019 47.9896353872425 40.23350818148568
39.3140095904746 48.16568749662646 40.19820392393446
39.313646656853436 48.16500370962444 40.1983892239984
39.31437635923075 48.166331249752275 40.19801675697049
39.31431285982141 48.16621198870502 40.19804917662276
39.314451289980816 48.16646260871909 40.19797851912218
39.31544480472611 48.16829055479579 40.197471353062255
39.31491916090941 48.16730624359647 40.19773971511122
39.37621986427193 48.102638718584735 40.136614594492734
39.375835831676135 48.10212739814007 40.13684234433671
39.37662735191876 48.103094411280026 40.1363379782534
39.37645172468772 48.102860519861984 40.136442112567984
39.376943572716364 48.10344644383165 40.13612267443938
39.48336634630146 48.27522775465277 40.06841584341653
39.48336980315872 48.27520774497326 40.06839796388428
39.37702757837269 48.10354645005662 40.13606808864332
39.483373325792314 48.27518644350624 40.06838012435305
39.48338463884521 48.275082048147496 40.06833784979005
39.483376797501506 48.275165090000925 40.06836269294705
39.483385600527235 48.2750835029767 40.068329945520695
39.483379959216826 48.275146241472854 40.06834656832995
39.483386174371496 48.275088385158675 40.068323553773695
39.48338270708711 48.275130819665975 40.06833215383873
39.483385991514595 48.2751001137855 40.068320046543676
39.4833839484025 48.2751264062661 40.06832457674318
39.48337300588068 48.275232262177155 40.068363430228
39.48338318475207 48.27513634432082 40.06832622376411
39.48337484624402 48.27522473365673 40.06835260766925
39.48337932436004 48.275182315352666 40.068336330777754
39.483374944396914 48.275229245365104 40.06834998001935
39.48337124005124 48.27526813837573 40.0683618568539
39.47776135615717 48.34598097173827 40.085673675554055
39.47776184282502 48.34598342661286 40.08566950918951
39.477762365616634 48.34598607799086 40.085665021333064
39.47776329387084 48.345990752787145 40.08565708101388
39.47776318029415 48.345990272908054 40.08565797366218
39.47776331592925 48.345990974242014 40.08565679779489
39.47776395931331 48.345994297094975 40.08565122343452
39.477764937887116 48.345999172691904 40.08564289774514
39.47776458606049 48.34599761570108 40.08564572326052
39.47776527831637 48.34600121480778 40.08563970504225
39.47776513783648 48.34600059029643 40.085640835654004
39.500859372995855 48.55114844923298 40.09197445427183
39.500855516022796 48.55114473358424 40.09197838157056
39.50091345025897 48.551500837875 40.091923162839365
39.500904774446006 48.55149243898565 40.091931996327176
39.51931215093884 48.544787702387126 40.06809143896977
39.50096967775161 48.55185826590028 40.09186971925038
39.500953521348066 48.55184307912956 40.09188617498324
39.50102932205519 48.55222023714707 40.09181281227131
39.50100004358766 48.5521934184497 40.09184264200548
39.5084670009686 48.65244625973306 40.080607077936044
39.508421969141374 48.652436130041515 40.0806529275557
39.508491529228294 48.652455192807906 40.080583695675074
39.50842631292831 48.652440515433454 40.080650092930355
39.50851834786073 48.652464684977566 40.08055800189588
39.5084315933651 48.652445127842796 40.08064631225061
39.508435025872835 48.65244933030536 40.08064441573147
39.508453596738065 48.652456973861035 40.080627122614665
39.50843572436732 48.652450826271334 40.080644328369885
39.46735992529214 48.67978936093283 40.12706263163338
39.4674269487397 48.679791523030545 40.12699408060819
39.467326274913795 48.67980066089689 40.127096690819386
39.46746823328896 48.67979615050664 40.126951759815555
39.46729005934806 48.67981228271609 40.12713336195809
39.46725172802938 48.67982419991691 40.127172186556436
39.46722272678731 48.679835329385924 40.127201499911266
39.46721577152465 48.67983480049559 40.12720862250174
39.46721004354427 48.67983647472639 40.127214427276996
39.46727107259996 48.679839579977404 40.127151974401976
39.46717044263539 48.679848594307316 40.12725454336529
39.46712655761279 48.67986110969814 40.127299025767925
39.46708180833352 48.679873680136694 40.12734438972717
39.46709112855072 48.67988156892898 40.1273346376664
39.46705548284897 48.67988036508433 40.12737109735414
39.46702896442219 48.679887058723594 40.12739800188953
39.41610808518981 48.75382226059833 40.16063420175536
39.367340938477795 48.744048193374354 40.210709988169754
39.415863861130966 48.754034169213604 40.160818170013805
39.3673133609565 48.74408998107735 40.21072692601149
39.36723054846813 48.744215546675775 40.21077773804368
39.36711914674753 48.74438455677894 40.21084603236917
39.41536489730544 48.75437939157961 40.16122624242105
39.36706682439005 48.744463866107125 40.210878151938005
39.367003525694564 48.744559869473434 40.21091697465533
39.36688922453012 48.74473340242986 40.210986969375526
39.3668438959421 48.74480219899758 40.21101474075336
39.36677335648615 48.744909369738366 40.21105788910995
39.36665802565734 48.745084644371374 40.21112840346396
39.36663546304429 48.74511894959143 40.21114218878029
39.27976776390537 48.859351856911815 40.22546409740025
39.27958269235722 48.859623161549365 40.225442459716234
39.27959757541977 48.85960128348835 40.225444132274305
39.27957789585972 48.85963007860079 40.22544177096676
39.27939313630786 48.85989973114212 40.22541883275409
39.27921554984664 48.86015879249463 40.22539664831861
39.27926034326694 48.86009325618706 40.22540202900414
39.27920788552962 48.860169637422224 40.22539531519798
39.279030591775445 48.86042695426998 40.22537169292089
39.230865140719864 49.037185967022424 40.142482942953194
39.27891837707417 48.860589495180676 40.22535638031744
39.23086653166757 49.037043688296414 40.14259933342845
39.23080766460855 49.03742614354693 40.14231001751203
39.2307485649156 49.03785014627452 40.14198663973284
39.230756972142785 49.03775483704791 40.14206141361398
39.23074939671227 49.03780415950989 40.14202409572126
39.230693745090235 49.03817435065408 40.141743490033974
39.2306406979195 49.038535047160906 40.14146957846198
39.23058631315857 49.03900359166097 40.141107563319565
39.23061312997581 49.03872175923547 40.14132783633776
39.230589154504734 49.03888442087315 40.141204334356416
39.230540916195466 49.039220232365636 40.14094882951207
39.195465690339546 49.098939374485816 40.1185976246057
39.195323599152864 49.0993884351902 40.118303530963594
39.195381498843844 49.099148725879886 40.118471982844675
39.19531878478233 49.09930446820233 40.11837856660783
39.158030001479446 49.14144084252041 40.09967735401497
39.158019442501065 49.14155685966681 40.09959496046881
39.10994189022977 49.23951592379507 40.042954191286384
39.10996356644407 49.239562798275514 40.042892134735425
39.109940206472835 49.23951730423123 40.04295361404955
39.10990532804365 49.239545942427725 40.042941610626094
39.09071393930431 49.32488185170538 39.99193940361613
39.09054598953434 49.325213039580085 39.99176305028312
39.09038011871185 49.325551242624755 39.99157936006196
39.09039730819752 49.32550144667768 39.991611027433535
39.09037864284943 49.325537721846814 39.991591883709866
39.09021432521764 49.32585373680649 39.9914262053351
39.090051664972485 49.326162271003966 39.99126587530082
39.076595082056556 49.36535233359716 39.95647142576783
39.07666221178318 49.36522075172851 39.95653315209368
39.07658880013388 49.36531817309054 39.956498126264584
39.07642746795945 49.3655339593031 39.95641997161347
39.0763168371866 49.36567966908531 39.95636795907012
39.0762600473633 49.36575427875765 39.95634139039876
39.0761069873394 49.36595741926698 39.95626834821647
39.07601237535767 49.366081887101764 39.9562239673853
39.07595456554902 49.36615792811137 39.95619685772324
39.07581989281144 49.366337574857 39.95613195443465
39.07572669673027 49.36646065975748 39.956087902505786
39.07568564929268 49.366514700589626 39.95606861961972
39.07556030176678 49.36668036282879 39.95600929023348
39.007816068927376 49.42119731962238 39.92340901351409
39.007810404016226 49.42122348914346 39.9233923458311
38.72789023821707 49.7082420860956 39.81748934258681
38.63003252973442 49.828640649248364 39.77685347291426
38.62957816794064 49.82900711108326 39.77673085687082
38.628825849359174 49.82961388243592 39.77652788767422
38.62881136576552 49.82962556404823 39.776523979209514
38.628075935090614 49.83021871270436 39.776325587679025
38.62766315142654 49.83055162811135 39.7762143195371
38.62734381542821 49.83080917637214 39.7761282448547
38.62666358146547 49.831357799427224 39.77594482525327
38.62654689913998 49.83145190340383 39.775913392550706
38.625958747077405 49.83192623791741 39.77575504306968
38.49390591726834 49.966505186271355 39.69592768426537
38.49389566335228 49.96650880267407 39.695934216629475
38.493873011486386 49.966518165486306 39.69594782395128
38.49386822887077 49.96651839739239 39.6959517425995
38.49386577422719 49.96651925749913 39.6959533097172
38.49384175129356 49.96652765096105 39.69596866115922
38.49382791905145 49.96653245186663 39.69597751958734
38.49381502928243 49.966536908805125 39.695985784537115
38.49379222225224 49.966544661022084 39.69600048866629
38.493785943483125 49.96654677344101 39.696004549751436
38.49375799569587 49.96655609636839 39.69602267408858
38.493754436076216 49.96655726863101 39.696024991616966
38.46843400477496 49.966409679944576 39.708953687140756
38.468431739001325 49.96641116759672 39.70895498745646
38.46842068030822 49.96641842430991 39.70896134215494
38.46841737547232 49.96642059812601 39.708963231035916
38.46840822565456 49.96642666687621 39.70896836175523
38.46840526985951 49.966428636853266 39.70897000052279
38.46839669897135 49.96643436132499 39.7089747285553
38.46839440863422 49.96643590113437 39.7089759721389
38.25742791452304 50.167742954783286 39.62191575269933
38.257321759945256 50.16784919770534 39.62185926557309
38.25636148905163 50.16881027211984 39.62134826899468
38.25634669664258 50.16882507348801 39.621340409818195
38.25536686714632 50.16980572753175 39.62081898842517
38.25535145466668 50.16982115399055 39.620810782925346
38.08412053171602 50.36787660968575 39.48484128745383
38.08399417404182 50.368014741933024 39.4847470736387
38.08285693991328 50.36925829862304 39.48389846351424
38.083495569544716 50.36855936659246 39.484376160012275
38.08308646103462 50.369005653782466 39.48407294289262
37.926228279241194 50.56095993335868 39.325023139976416
38.08236079129537 50.36979646576649 39.48353665234956
38.082103027679494 50.370077143384194 39.483346591434845
38.08291247807528 50.36919543460692 39.483944018236315
37.926211228900534 50.56096295622102 39.32504069950269
37.92620651216638 50.56096394396228 39.32504522706789
37.926226288076755 50.560959973359104 39.32502587243241
37.92618252233151 50.56096889600115 39.325068411000345
37.92617951570632 50.56096951861481 39.32507131231183
37.92619693253241 50.560965988974104 39.325054337722605
37.92613943048629 50.56097755402972 39.32511057169119
37.92615455909568 50.56097457298285 39.32509564234641
37.92614986993577 50.56097551812944 39.32510022364765
37.9261686272301 50.56097179448831 39.32508177347374
37.926096860971896 50.56098566468728 39.325153185055946
37.9261134820612 50.5609827343021 39.325136031930946
37.92612726972931 50.560979992100776 39.32512248115612
37.926117524660945 50.560981987234584 39.32513193472184
37.926141035835954 50.56097733132222 39.32510878355289
37.926058257862294 50.56099348937877 39.32519080470537
37.926074367393966 50.560990476372325 39.3251745559425
37.926088313287245 50.56098771203402 39.32516082933327
37.9260818516979 50.56098904159008 39.32516708313598
37.92610118959119 50.560985208036435 39.32514805022394
37.92611436666435 50.56098264714768 39.325134969134595
37.926024351908445 50.561000112307255 39.325224390710105
37.92603962182349 50.56099730520808 39.325208882365004
37.92605177905807 50.560994930330125 39.32519684023652
37.926041545509236 50.56099694003989 39.32520695376445
37.9260639468809 50.56099259645842 39.32518469379193
37.92607629798108 50.56099020454909 39.32517241423904
37.7627317296947 50.69342021476953 39.22214349222729
37.76263746471932 50.69350247306207 39.222066774976554
37.76299475500103 50.6931928483618 39.22235218089459
37.92600393626341 50.561003687865316 39.325245511755355
37.92601582450986 50.561001586504986 39.325233254732936
37.92602821502283 50.56099944103539 39.32522038255803
37.92604008298602 50.56099722446583 39.325208405214184
37.762140647483655 50.69393721156573 39.22165944805465
37.5686587383248 50.85034282674087 39.09359041811926
37.762438587857474 50.693676219046935 39.22190442043308
37.56813867614971 50.85084720127562 39.09303747961014
37.56792462387937 50.85105478184222 39.092809927688606
37.568584657774004 50.85041467575347 39.09351164781776
37.546535947670925 50.90527349719915 39.05748177752017
37.546559577498726 50.905247048384 39.05750814802587
37.54654919663564 50.90525871648255 39.05749656041227
37.56768067629886 50.85129134131332 39.09255062203734
37.54573385687103 50.906175415620126 39.056586424959
37.54590016814814 50.90598943038947 39.05677201630935
37.545885125560446 50.90600635535835 39.05675522409839
37.54509831831439 50.90689146685817 39.055876910913874
37.54527038809364 50.90669885304281 39.0560689389295
37.54525399131852 50.9067173330311 39.05605063326411
37.54479902248195 50.907231112460494 39.05554264110931
37.375795968750715 51.07004117724714 38.87825648836875
37.37579114742462 51.07004818345092 38.878250987649366
39.037965094473265 47.5869590380585 40.263172679106695
39.03801511575568 47.58740650414193 40.26335013510821
39.038124031163456 47.587652396864264 40.26337152623677
39.038235372342555 47.58826260836669 40.26357320530914
39.03829470417352 47.58839094681256 40.26358204606202
39.038466941031565 47.58913725379073 40.26379499083247
39.03849943646245 47.58920318916259 40.26379765094975
39.03846067773387 47.58957208674602 40.26401873580895
39.03871310258787 47.590044760635 40.26401960024907
39.0387273765392 47.590071199032025 40.264019503790806
39.03873583113709 47.590580795432516 40.2642669523736
39.038972912446816 47.59097808630977 40.26424438765604
39.03898113504168 47.590991579719415 40.26424346190799
39.04870515521455 47.741186904434024 40.30889540187253
39.0489173717623 47.741493294104025 40.308824603469276
39.04893437113933 47.7415178945576 40.30881892643775
39.048928435731035 47.741512372086696 40.308820598815316
39.04913027575023 47.74180124106094 40.308753518677605
39.04916992423568 47.741858159278614 40.30874032418311
39.04916556929648 47.741858076446455 40.308741150325645
39.04935704770659 47.74212894467286 40.308677834141506
39.049428527020694 47.74223064964059 40.30865413854936
39.04941889939873 47.74222636183881 40.30865637954253
39.04959894228729 47.7424782977683 40.3085971230674
39.04970471415345 47.74262772929289 40.30856216716515
39.049852959646465 47.74284603580182 40.308512278518535
39.04999932416278 47.743048891210606 40.308464303784646
39.04996018664113 47.74299281865803 40.308477316909915
39.0500074141317 47.74306029794148 40.30846163245768
39.05012510582315 47.743238286627715 40.308421553705
39.050256918299894 47.743419190094876 40.30837852891504
39.05031101056424 47.743494257612824 40.30836078890708
39.050414579467585 47.74365434720184 40.30832517011908
39.050530472830076 47.743811278155874 40.30828755607993
39.050629525370056 47.74394622604788 40.30825532491856
39.05059866477961 47.74390233512738 40.30826555333684
39.050635605953715 47.74395467253309 40.308253329927936
39.05082623063343 47.74423269615409 40.30818945129883
39.05090826622876 47.74434262777406 40.308162942469274
39.05096137706735 47.744414922267396 40.30814566685517
39.05121186176991 47.744771764322266 40.30806258626506
39.05126588249689 47.744842609253794 40.30804528620983
39.051035105554845 47.74451834980762 40.30812137491513
39.051295733254904 47.74488311927491 40.30803558892047
39.05157892315171 47.74528144318503 40.30794217686751
39.05160368403574 47.745312528341465 40.30793438735728
39.05134866671955 47.744956961870955 40.30801819024149
39.051617940738325 47.74533109660278 40.307929834654374
39.05158820289398 47.745289780317485 40.30793959218064
39.05161929037083 47.74533293397745 40.30792939562731
39.1204933052507 47.83814565312609 40.25148393884333
39.222600015497704 47.9881665680972 40.23402136804616
39.12050254088574 47.838161568697345 40.25142899420216
39.22313656639163 47.988892125116934 40.23377092684303
39.22368147605296 47.98957633916101 40.23352880555841
39.22434131757986 47.99046998363342 40.233220499879614
39.223393299427784 47.98923358565578 40.23365241924153
39.31371668584706 48.165071863560854 40.19835359291928
39.224455767727925 47.99064820474977 40.23316163414644
39.374164753514854 48.09997305053014 40.13786179210525
39.3740849960744 48.09986544482827 40.13790852359561
39.374354363346214 48.10019214261246 40.137735916656496
39.374909445921595 48.100980794874516 40.137426682771704
39.375393123507784 48.10153190754794 40.137102458145215
39.37478717345142 48.100716264702626 40.13745825387279
39.37584022583929 48.10203907722604 40.13680183816363
39.37540983491572 48.10146228861516 40.13705557378541
39.37624774397356 48.10249989341315 40.13652724950477
39.37598065789278 48.10214287248683 40.13668507736436
39.3766198854525 48.10291915735036 40.13627587456635
39.376508016052796 48.102770458256316 40.13634231892317
39.376780250824325 48.103100207779434 40.13616770305589
39.37699808947799 48.10350695155428 40.1360854822025
39.483387444370656 48.2750561959325 40.068327350756476
39.48339002747298 48.27504260950564 40.06831342054213
39.37704217136373 48.10341757001519 40.13599974557641
39.48339204792445 48.27503403260973 40.068301669017174
39.483397578240044 48.27498302225731 40.06828099389893
39.483392758007845 48.27503754961919 40.06829481323405
39.48339309930475 48.2750344046036 40.06829353602983
39.483392705952 48.2750387016594 40.06829472744466
39.48338389746963 48.2751297191618 40.06832358063969
39.48338702809862 48.27510073896435 40.06831192016656
39.48338222352603 48.27515170597901 40.06832710652358
39.4833787247539 48.275188116102726 40.068338459678685
39.483371024200935 48.27526685426287 40.06836403059983
39.477760555242114 48.345977229959885 40.085680276743574
39.4777610796919 48.345979900146354 40.085675765745854
39.477761934849994 48.3459842402853 40.0856684220316
39.47776184378905 48.345983856148166 40.085669137196916
39.477761979386536 48.34598456481622 40.0856679552073
39.477762539315165 48.345987490932266 40.08566307455293
39.47776353249207 48.345992411089384 40.08565464877232
39.477763105506966 48.34599052976832 40.085658070792746
39.477763863293525 48.34599440839633 40.08565153527594
39.47776361393951 48.345993303832586 40.08565353874311
39.47776423734773 48.34599658853147 40.08564808177011
39.477764107810174 48.345996014041404 40.085649123136626
39.464496851722515 48.44467051361788 40.11512115723818
39.464495579327675 48.44468075359411 40.11512383677416
39.470540835992054 48.534658086295394 40.118215472516916
39.47053809230699 48.534659738888124 40.11821902076342
39.500863566915555 48.55175874856195 40.091977798828175
39.47052926332436 48.5349643627639 40.118225863015546
39.50092103225005 48.55212121557511 40.09192314314146
39.50088258475238 48.55208616208789 40.091962316602896
39.50836279265292 48.65242282845921 40.08071318331274
39.508315622453416 48.6524122325625 40.080761217039374
39.5083821068758 48.65243057399345 40.08069510294268
39.50832290360859 48.652417265166704 40.080755385396024
39.50840182203959 48.652438424177255 40.080676621087875
39.467202579653765 48.6797875293673 40.12722346963423
39.50842540621709 48.65244716108609 40.08065420760246
39.46717877234589 48.67979776161117 40.12724750146561
39.4671501147962 48.679808518064256 40.12727647440157
39.4671358601186 48.67981806551285 40.12729076459449
39.46713041919686 48.679815614696295 40.127296395317074
39.467119583419574 48.679819562414146 40.127307353799324
39.46715991956762 48.6798241555087 40.12726600313309
39.4670846531017 48.67983106716426 40.12734271498128
39.46718668063499 48.6798301211778 40.12723848459403
39.46704938883032 48.67984268849777 40.127378414045445
39.46701397599216 48.67985434053293 40.12741426403612
39.46697679385462 48.67986617730621 40.127451916659126
39.466979295751585 48.679874387286404 40.12744912267195
39.46695940788569 48.67987155286457 40.12746952722521
39.46693826663592 48.67987810268382 40.127490941203206
39.46702374762293 48.67987886994819 40.12740356951058
39.46689773007096 48.67989017741448 40.12753201469687
39.3674871062732 48.74382142391673 40.21062349765528
39.36738548078508 48.74397571731148 40.21068572720439
39.36738746058406 48.74397259588562 40.210684586732185
39.36738398699077 48.743977866599494 40.21068671567724
39.36732727362866 48.74406782221587 40.21071905054057
39.36727822938576 48.74413831171121 40.210751551254376
39.36717154975462 48.74430024563392 40.21081689614675
39.36709166303292 48.74442399757968 40.21086428294507
39.36712372459009 48.744372738698125 40.21084625467261
39.367059073879275 48.74447078321164 40.210885912468626
39.366949152473815 48.7446377408218 40.21095317913276
39.366865346392444 48.744767596657596 40.21100287063517
39.36689429044875 48.74472098196121 40.21098680664141
39.3668345925455 48.74481161740739 40.21102336290981
39.36672615411434 48.744976640245206 40.21108952460665
39.36664616697607 48.74510149017347 40.21113638521143
39.36667753831792 48.74505055356816 40.21111923060627
39.36661500390166 48.74514571663693 40.21115738638462
39.279738028059995 48.85939500462865 40.2254601246393
39.27966789834535 48.85949766294878 40.22545175983031
39.27955647910166 48.859660604175424 40.22543829318313
39.279380733321375 48.85991669406283 40.22541601829587
39.279319991668864 48.86000518974415 40.225408303168095
39.27920287538815 48.86017560514222 40.22539318859624
39.279032137097786 48.86042326410126 40.225370279101504
39.27897941495958 48.86049965331522 40.22536310955623
39.278862876711166 48.860668338049976 40.22534707407391
39.2308117323041 49.03722298453661 40.142475321616615
39.23078606508333 49.0373885155918 40.14235018302764
39.23075477248351 49.037592002143136 40.14219623968023
39.23070021912348 49.03795435822366 40.14192160699197
39.23064573812733 49.03835946330068 40.14161179423502
39.23065482452665 49.03825755663449 40.141691702542566
39.23064708828163 49.03830921115938 40.14165253587446
39.23059711615231 49.03865240649909 40.14139170053189
39.230549708183815 49.038983719900074 40.141139539407305
39.19546229919079 49.098789009716725 40.11872865482944
39.1954873071216 49.09868005541465 40.11880605682247
39.19546148913487 49.09874556475866 40.118766405026385
39.195322364108186 49.09910059491146 40.118551002044214
39.19519163270976 49.099436924214224 40.11834626472891
39.15796604860569 49.14143338379277 40.099726464889194
39.10993834428406 49.23951486153645 40.04295724236617
39.15796411315779 49.14145503308862 40.09971106624052
39.10986529884956 49.239493018651345 40.0430200514344
39.10983057168119 49.23952286884662 40.04300666379066
39.10979663591783 49.23955170963132 40.04299393504168
39.09052867616194 49.32512641264403 39.991848309269784
39.0905682928278 49.32501248659448 39.99192057469717
39.090523609014184 49.32510040519924 39.991873822491456
39.09036329662563 49.32541740837128 39.99170473855522
39.09020587315613 49.325725891248254 39.991541106439286
39.09004725642894 49.326045709020335 39.99136852833456
39.090061509908395 49.326002399949296 39.99139651561052
39.09004673609478 49.32603065701379 39.991381752956194
39.076590988591036 49.36525554561002 39.95654090618409
39.076436670406856 49.36546397866667 39.95646473196315
39.076385067586706 49.36553284261926 39.956439843027965
39.07628075561578 49.36567216607542 39.956389448288746
39.07613540249994 49.365867248079084 39.956318567457636
39.076068431680994 49.365956113526835 39.95628662063852
39.075990045782426 49.36606036807735 39.95624905933532
39.07585735262757 49.36623820183155 39.95618453167949
39.07578474385855 49.36633467230985 39.95614980884396
39.075725661808235 49.36641293995612 39.9561217160008
39.0756054095128 49.36657360088272 39.95606358746595
39.07553527044021 49.36666593358814 39.956030644188125
39.00782896195555 49.421137385762506 39.92344758001083
38.80728434614223 49.615087037693804 39.881039254761774
38.72764888909036 49.70843809588099 39.81743354707095
38.62964446325799 49.82895345246979 39.77675076420379
38.62882988107055 49.82961060017803 39.776529301849
38.62892183797214 49.82953628823118 39.776555666042455
38.62884502747903 49.829598239062946 39.7765349381757
38.628210884301794 49.83010970147552 39.77636381244387
38.627690423829954 49.83052946709245 39.77622343967101
38.62751077307965 49.83067435954913 39.776174994735875
38.626844174858704 49.831211988773305 39.77599521253718
38.62659426113636 49.83141354819249 39.77592783894795
38.62618659675189 49.831742332435226 39.775817976374206
38.493890572200215 49.96650797908252 39.69593902956009
38.49388908897477 49.96650851087598 39.69593996926152
38.493863207440675 49.96651764547539 39.6959564534256
38.49385212354633 49.966521508307835 39.69596354227648
38.49383604781245 49.96652708183305 39.69597384110641
38.49381575436128 49.96653408398133 39.695986862175076
38.49380886212873 49.9665364652182 39.695991282637195
38.493781253852625 49.96654583155123 39.69600909291837
38.49377986475237 49.96654630007621 39.696009990677254
38.493752205159964 49.9665566019104 39.69602728388781
38.493750681083306 49.96655612593197 39.69602886216463
38.46843392638384 49.96640951680209 39.70895415402714
38.493748251339504 49.96655692870374 39.696030442515635
38.46843526507834 49.96640850505237 39.7089536468147
38.46842099138193 49.966418016876574 39.708961563074716
38.46843391894984 49.9664093921715 39.708954412895444
38.46842239401729 49.96641701225398 39.708960922625096
38.468408856365315 49.96642614108618 39.70896821934237
38.46842116069237 49.966417833332955 39.708961608194485
38.46841144330164 49.966424334371006 39.70896694741036
38.468397458577925 49.96643379459421 39.70897442628301
38.468409376088246 49.966425719966566 39.70896807811336
38.46840125153333 49.966431179786525 39.70897249416734
38.257418685445614 50.16775232140667 39.62191036968975
38.46839849129627 49.966433047885765 39.7089739685689
38.46839215325991 49.96643734273799 39.7089773435887
38.256362316373874 50.16880946035724 39.62134865017353
38.2573844963028 50.167787038721634 39.62189036059172
38.256838487157864 50.16833349058341 39.621599859891404
38.255368275644386 50.16980433671692 39.620819669383735
38.25637076002545 50.16880159205228 39.62135102647629
38.25586634293645 50.16930640183597 39.62108271380469
38.084148825488015 50.36784402353088 39.484865574954945
38.25543532101554 50.16973775011333 39.6208534753832
38.08442318224359 50.367540775506825 39.48507654790896
38.08361548805475 50.368423105458234 39.48447553320088
38.0835583174741 50.36848551798843 39.48443307083161
38.08420259923966 50.36778220422313 39.48491151807969
38.0824710363395 50.36967239922497 39.48362569120208
38.08305377921452 50.36903578759109 39.484059355240014
38.08262108885384 50.369507271465096 39.483739678112606
37.926210395868665 50.56096292005165 39.325041957903665
37.92622451860558 50.56096002703078 39.32502826118005
37.92621365747537 50.560962144750974 39.3250390281188
38.08251701591439 50.36962069188746 39.48366275558607
37.926182356882485 50.560968807572365 39.32506883790584
37.926195692803375 50.56096576903725 39.32505657232162
37.92618737092801 50.56096753848699 39.32506450217563
37.92620989207047 50.56096289746405 39.32504272050872
37.926155075956615 50.56097444251991 39.325095194628865
37.92616892396201 50.560971472215996 39.325082055281776
37.926162486070496 50.56097286489258 39.32508813803384
37.92618219734542 50.56096864859224 39.32506941011937
37.92612954657852 50.56097976665334 39.32511974810954
37.926143511767336 50.56097695824146 39.325106090180796
37.926137000857196 50.56097836055284 39.32511225534375
37.926156097476834 50.56097424833986 39.325094171081545
37.92609033454306 50.56098747969263 39.32515847323643
37.92610624500289 50.56098470081223 39.32514199638009
37.92611868149741 50.56098215815011 39.3251299242844
37.926107630782056 50.56098444740773 39.32514058603077
37.926131293508796 50.56097962211527 39.32511758921213
37.926054944505275 50.56099438308641 39.325193549849274
37.92606921210722 50.56099169114211 39.32517920999116
37.92606574130643 50.560992356165585 39.32518267621839
37.926081498699986 50.560989403291785 39.325166795115635
37.92609406746339 50.56098706566192 39.32515408910559
37.92610657842761 50.560984666885275 39.32514159813614
37.76274488793268 50.69340945845782 39.222152392462036
37.76302259238071 50.69317052587981 39.22236993031987
37.92601093276764 50.56100251439318 39.325238160494145
37.92602233048228 50.5610003688607 39.325226694307894
37.92601327449641 50.56100208216844 39.32523578599103
37.926033682669654 50.56099826952828 39.325215191954335
37.926045472967616 50.56099613452324 39.32520314691906
37.926057484767796 50.56099394696865 39.325190902692555
37.76226256248636 50.693830932493064 39.22175840057787
37.76211566472249 50.69395994790675 39.22163678484083
37.76253396826573 50.69359434481413 39.22197866370088
37.76279034747067 50.69337222826084 39.22218331299833
37.76304065262984 50.693156124118346 39.222381245062095
37.92601151595364 50.56100242229736 39.32523753528316
37.56836202755697 50.850630079436606 39.093276043047645
37.56810960686002 50.85087488151882 39.093007674667554
37.76196559592282 50.69409214076771 39.22151156614576
37.56751201077684 50.851454386873826 39.0923724391656
37.56744288539552 50.85152141577553 39.09229896829317
37.567947630489705 50.85103196120372 39.09283548175031
37.546258455875154 50.90558834471604 39.057171862703385
37.54612759303161 50.90573551600653 39.057025782804615
37.545590585796354 50.9063406617536 39.05642626287257
37.545563557068014 50.90637111165572 39.05639608821609
37.54511680791188 50.906875454837156 39.05589728232719
37.37580739990453 51.0700243343184 38.87826963861838
37.545014202642896 50.90699169176243 39.05578269848422
37.544806108776456 50.90722517002743 39.055550437727256
38.98882377412076 47.42332983194676 40.19197939558837
39.03794720520905 47.586348402628104 40.262883421357834
39.03800867807727 47.58650049795816 40.26290216478769
39.0381105701547 47.58698488751579 40.26304962976956
39.038165301387316 47.587113109747264 40.26306271329251
39.038066047643255 47.587185525149636 40.26319179003797
39.038289404490236 47.58767553698896 40.26322851739101
39.038318590754244 47.587740091975775 40.26323357948526
39.03826340952255 47.587950912670934 40.26339080697873
39.038420380352896 47.58817741400044 40.26335755529928
39.0384685884282 47.58838265269057 40.2634153292049
39.038473610104624 47.588748252362954 40.263593832130745
39.03864653088894 47.58908970619864 40.26360327048562
39.038695529543496 47.589569938687895 40.263798101371435
39.03884682146392 47.58984747585556 40.26379573222974
39.03893074632568 47.59042049083881 40.26400440351973
39.03907018445255 47.59065487316329 40.26399149187159
39.04891478325474 47.74148664067392 40.30882576159887
39.049049024168895 47.741679564017545 40.30878106667791
39.049105477717404 47.74176206015429 40.308762132907574
39.04925407938741 47.74197465250602 40.30871275455909
39.049309245810356 47.742055743771786 40.308694204391394
39.0494681114554 47.7422812066911 40.30864159861773
39.049358831041424 47.74212464228545 40.30867793384473
39.04948878488825 47.74231079339213 40.30863472801154
39.049524745083716 47.74236669219729 40.30862232907847
39.04967488243608 47.74257823677481 40.308572768192356
39.04972855629189 47.74265469089078 40.308554966694736
39.04975339360653 47.7426964935834 40.308546080264314
39.04989324245889 47.74289218948232 40.30850005222483
39.04997806451401 47.74301241239875 40.3084719806366
39.050122677026984 47.743222032464104 40.308423651604606
39.05023470112651 47.743378415404145 40.30838681949469
39.050161540215576 47.74327398078067 40.308411106579015
39.050249097288855 47.743398872132104 40.30838204985167
39.050366799968444 47.74357192817848 40.308342467276816
39.05046626386792 47.7437096749624 40.30830987615651
39.05052104121854 47.7437865090875 40.30829182905893
39.0507106771169 47.74405850445541 40.3082287450124
39.05078507396759 47.744160964467454 40.30820442529541
39.05067549519524 47.74400551580564 40.3082407038483
39.050804508289765 47.74418836798605 40.30819800789207
39.05097362059573 47.74443171799093 40.30814167123086
39.05103301827352 47.744512558387775 40.30812235185305
39.05108671457708 47.74458570193329 40.30810488053767
39.05102444209183 47.74449820801255 40.308125411816306
39.051097299481356 47.74460059657176 40.30810138839857
39.051302255383746 47.744891993431544 40.30803346781728
39.051339917963254 47.74494243419436 40.30802130052005
39.05137488901643 47.74498926260802 40.30801000352078
39.05128144010123 47.744858717014175 40.30804073775484
39.05138981798078 47.745009728217056 40.30800513293048
39.120472395270625 47.83815019339191 40.25144862731921
39.12051008243233 47.83817565736324 40.25137982775914
39.05147448672744 47.74512781703582 40.30797730569384
39.22300225345332 47.98874796060716 40.23382492244749
39.22282993249956 47.9885234091752 40.23390338859434
39.22325746643934 47.989091725261616 40.23370611228971
39.22327757569187 47.98908256836378 40.23370516444687
39.22391840742008 47.98994566879126 40.2334068548767
39.224515335618705 47.99074906648859 40.233129115238725
39.223832631421224 47.98985699443753 40.23344055028635
39.37400925219271 48.099661878089584 40.13791210373859
39.37375965396041 48.09932473369989 40.13805818901169
39.37447151560508 48.10019994853046 40.13760680467
39.37443183983615 48.100146826316326 40.13763021523156
39.374543028832704 48.10028345500098 40.137559681133375
39.37465965190826 48.10054413020248 40.13753293618221
39.37511866650603 48.101071586136285 40.13722703280169
39.375534166567725 48.10154860236947 40.136949953181954
39.3750807234622 48.10094385198063 40.13721845900177
39.37589427612074 48.10196314362021 40.13671026043252
39.375702061484134 48.10171009215102 40.13682540917712
39.37604147109169 48.10213540254881 40.13661341880622
39.37691371384525 48.10325181078522 40.136078050299176
39.37634413198964 48.10251527518867 40.13642462731263
39.377088633620765 48.103454717041885 40.13596224436166
39.37696481358157 48.1032979004686 40.136038912876415
39.37709394386904 48.103463203457295 40.13595966504399
39.48339319186248 48.27503499874976 40.06829258575733
39.483388838935994 48.27507972459587 40.06830694971634
39.48338295062101 48.27514008714133 40.06832643832456
39.483377307152566 48.27519727995703 40.06834539189573
39.48336913154366 48.27527921766155 40.06837323221153
39.483365591521554 48.27531465134006 40.06838530586759
39.477760692968644 48.345978236028046 40.085678830997324
39.47776047946992 48.345977324935106 40.08568051670851
39.47776083156667 48.345979171760945 40.08567744179885
39.47776114877175 48.34598083415845 40.085674672813916
39.477762199941104 48.34598599894247 40.085665791588426
39.477761728240864 48.345983928130835 40.08566956552589
39.47776251608616 48.345987926044074 40.08566280037478
39.47776220743037 48.3459865642427 40.085665275640395
39.4777628678899 48.34598999968327 40.0856595324379
39.47776266102072 48.34598908586728 40.08566119236878
39.46451926060831 48.444461896536446 40.11508959790564
39.46451749342779 48.44447620602894 40.11509327099222
39.46448684337341 48.44475125810926 40.11514212362411
39.464484833702805 48.44476753511603 40.11514629852319
39.470525054643666 48.534668971959746 40.118235860506886
39.4705211417529 48.5346721344406 40.11824090850176
39.470517371119186 48.534973760553726 40.11824120833947
39.470512276980365 48.534977961429334 40.118247778975366
39.470509685660204 48.53528012662285 40.11824653457542
39.42940862749174 48.562661988023756 40.1646933107251
39.43677046709976 48.662985646890135 40.153564875322886
39.43673820026703 48.66300723341075 40.15360127627831
39.46711122961928 48.679787868292905 40.127316806678344
39.43671245946439 48.663025378453575 40.15362978850629
39.46710522291619 48.679796483855 40.127322695551854
39.46699237284833 48.67980696561061 40.127437709303926
39.46710607728837 48.6798044858685 40.12732159111613
39.466976423092554 48.67981655707963 40.12745373035466
39.46711911625588 48.67981138308285 40.12730806768999
39.46695610774138 48.67982658576594 40.12747419978516
39.466929185159245 48.67983726599277 40.12750140203327
39.46689710023752 48.67984845484216 40.12753386475653
39.46688557544159 48.67985780433352 40.1275453711198
39.466875260098846 48.679855540933374 40.12755597739341
39.466861268602536 48.67986005939297 40.12757014407151
39.46691274421352 48.6798636274982 40.12751744008489
39.46682581329746 48.6798716456278 40.12760603936008
39.466944756506116 48.67986910336819 40.1274845696978
39.46679112083595 48.67988316814795 40.127641156972544
39.36761386393366 48.74362354127226 40.21054925496486
39.36751857151158 48.74376837392609 40.21060751050399
39.3674458654216 48.74388081704953 40.2106507531391
39.36749651337358 48.74380189206802 40.210621000058666
39.367421496187134 48.74391593670377 40.21066684335456
39.36732259474738 48.74406625841478 40.21072730284969
39.367220837131576 48.74422086123438 40.21078954566916
39.36714681068641 48.744335792648755 40.21083329620133
39.36718252370389 48.744278994250976 40.210813029294485
39.36711442352632 48.74438234868658 40.21085475412509
39.367008926032476 48.74454266656366 40.210919264050766
39.36691979260023 48.74467977658399 40.2109727361365
39.3669403773888 48.74464673285882 40.210961244244515
39.366899810759556 48.74470837894511 40.2109860503337
39.36679344667347 48.74487018375767 40.21105098448513
39.36670156054518 48.74501166353639 40.211106023780694
39.36672061345122 48.744980889457594 40.211095504819085
39.366683263082166 48.74503769789692 40.21111831320458
39.32623396031104 48.76216510530134 40.23627338849343
39.27972024602918 48.859420976143795 40.22545793826451
39.27977133638848 48.85934597815057 40.22546379695982
39.27970272545676 48.859446452448935 40.225455657202524
39.27952904843448 48.85970009777039 40.225434282341695
39.27936832054339 48.859934730817244 40.22541438834507
39.27942867512837 48.859846576318205 40.225421805039105
39.2793527981343 48.8599571781528 40.22541222924416
39.27918505866996 48.8602008325434 40.22539010853086
39.279025795493254 48.86043217896882 40.225369110656715
39.279080608005344 48.86035236055302 40.22537611632184
39.27901838720383 48.860442529609735 40.225367674337846
39.27885926877497 48.860672475350185 40.22534536335799
39.230813206787225 49.03707447222998 40.14259680179253
39.23082125301313 49.03698241826842 40.14266905333814
39.230813569873696 49.03703230875993 40.14263131441079
39.230758962449045 49.03739374632341 40.14235746004284
39.2307061850659 49.03774819600628 40.142088569496366
39.2306861711765 49.03788197525074 40.141987122919765
39.230654428482886 49.038095514533914 40.141825106270616
39.230605747197856 49.03843214496288 40.14156911731142
39.23055902213228 49.03875833204532 40.14132087943175
39.2305483079233 49.03883236697683 40.14126458324721
39.19546196065362 49.09855654893725 40.118928092463904
39.19532587773627 49.09890659410572 40.11871501861634
39.19519572814028 49.09924136206034 40.118511247785435
39.15795379309596 49.1414060979658 40.099755834314294
39.157919384756504 49.14124588788396 40.0999028228859
39.15791331279507 49.14131543117315 40.09985325989715
39.15790531193551 49.14142550818447 40.099773717283014
39.109759264271766 49.23950095212756 40.043068616410515
39.10974390299159 49.2395354920977 40.04303976047251
39.10973389168341 49.239521962420774 40.04305969394116
39.1097248698214 49.23952962547236 40.04305631461535
39.09050662758527 49.32498769608782 39.991981208957505
39.09034828554552 49.32530204617797 39.99181313845094
39.0901915426001 49.32562178132645 39.99163943386097
39.090205671377085 49.325580746618186 39.99166555280715
39.09019004874361 49.325611214989635 39.991649438505675
39.090039267872314 49.32590680930058 39.99149260125277
39.089890797764006 49.32619489088152 39.99134072224612
39.07643561630468 49.36543326378458 39.956486670729745
39.07648282904786 49.365342365141544 39.95652893459195
39.07643496634716 49.365407467196384 39.956504990529154
39.07629147397601 49.36560274959977 39.95643313184203
39.07615178173691 49.3657919772909 39.95636379326905
39.07614064979205 49.36580692556967 39.956358359357935
39.07601556599907 49.36597559407179 39.9562968103898
39.07588609999623 49.366150243824364 39.9562330547285
39.07585054584143 49.366197860078174 39.95621578807361
39.075758812934566 49.36632058289346 39.95617133037269
39.07564075948509 49.366479302782125 39.95611356822719
39.07559827107598 49.36653586723207 39.9560931705957
39.00784656208407 49.42105561582052 39.9235001504117
38.931658747103924 49.474881665651125 39.910988650084334
38.807104469299254 49.61521696526712 39.881007371685
38.62969661394676 49.82891121281524 39.77676673978753
38.62900258107147 49.82947099439319 39.77657928507367
38.62889838752543 49.82955503109669 39.77655116438086
38.62831357059622 49.83002671448273 39.776393300229245
38.62775618565334 49.83047626544413 39.77624291785143
38.62763545220352 49.83057364036078 39.776210354072944
38.62699112751984 49.831093312173934 39.77603650648901
38.626672377498295 49.831350391966104 39.77595054562204
38.626354174967894 49.83160702774536 39.77586475856692
38.49388625097742 49.96650868934054 39.695942270100986
38.62574918810218 49.8320949635541 39.77570161669877
38.625663598701664 49.83216399180027 39.77567855330721
38.49385534459691 49.966517803384626 39.69596302971428
38.493839565458906 49.966523374382284 39.695973078423904
38.493830612877616 49.96652653291733 39.69597878110376
38.49380458703151 49.96653554580424 39.695995460640994
38.49380412109434 49.9665357067247 39.695995759513764
38.49377972764087 49.9665460123485 39.69601027942759
38.49377903926649 49.966544412229034 39.69601182233815
38.49377155313245 49.966546952128056 39.69601665159261
38.4684515409755 49.96639744586187 39.708945039095425
38.468447084178685 49.9664003913779 39.70894755890417
38.46843900395834 49.96640574375068 39.708952103516914
38.46843408149472 49.96640900256645 39.70895487571896
38.468427026666305 49.9664136938314 39.70895880799958
38.468421861443794 49.966417142914665 39.70896165881807
38.46841643527639 49.96642078652786 39.70896461378371
38.4684106137971 49.966424717075526 39.708967741787085
38.46840689133461 49.96642722694335 39.70896974875666
38.46840026416174 49.96643172973687 39.7089732541258
38.4683982006762 49.966433132959565 39.70897434322515
38.25738859093677 50.167783468457145 39.62189062113
38.25726236026903 50.16790979418499 39.62182348740349
38.256434519597974 50.16873824443311 39.62138326412595
38.25630902558888 50.16886382877214 39.62131653735577
38.25554797097361 50.169625418642845 39.62091192048671
38.25531134191734 50.169862201417345 39.620786162148164
38.08364417555246 50.368390589698606 39.484499149052624
38.08432969508562 50.36763755482345 39.48501728759708
38.0839606393097 50.36804067560677 39.48474274200915
38.08321081231924 50.36885867217035 39.48418694345692
38.08307026689903 50.36901200344671 39.48408275008352
38.08375164486299 50.368268871752704 39.48458744002036
38.08217302540359 50.36998974258175 39.48341975244288
38.08213964460991 50.37002613966345 39.48339504503171
38.08267660912942 50.36944132831342 39.48379119163078
37.92619613925709 50.560965786651366 39.32505590175277
37.92620955288346 50.560962945885166 39.32504309534021
37.92619888242212 50.56096523564183 39.325053217541
37.926169858577154 50.56097136871271 39.3250809572782
37.92618313728651 50.56096854067886 39.32506831418041
37.92617480951816 50.56097035888409 39.32507614617671
37.92619629883528 50.560965787476974 39.325055673983755
37.92614498328813 50.56097675824445 39.32510444208134
37.926158149832915 50.56097396403637 39.32509188413256
37.92615101587935 50.56097554063203 39.3250985519181
37.92617055431011 50.56097129191015 39.32508013938231
37.92612168646503 50.56098175612969 39.32512654480908
37.92613412895202 50.56097913996422 39.32511462433767
37.92612524683194 50.56098105470821 39.32512303103637
37.92614620524261 50.560976598259145 39.32510306022394
37.92607021348235 50.5609915753066 39.325178044314995
37.92608547899204 50.56098896689245 39.325162109419
37.926099312714186 50.56098640738735 39.325148095468236
37.926095095577665 50.56098725505499 39.32515222069611
37.92611094242584 50.560984063685055 39.32513673242945
37.926122602711544 50.56098164364383 39.32512549238284
37.92602498892447 50.56099997870153 39.32522377969278
37.92603919758736 50.56099747412495 39.32520911515832
37.926052372857725 50.56099515047428 39.32519551985398
37.92604791579641 50.56099595737557 39.325200073627315
37.92606392019928 50.560993037085495 39.32518377177098
37.9260758378553 50.56099089318759 39.32517156576141
37.926087904163026 50.56098870368536 39.32515924859199
37.76230895845435 50.69379166941992 39.22179311198462
37.762609179480975 50.69353119171099 39.222033699756345
37.76252560927726 50.69360396384857 39.22196606906395
37.76285575563625 50.69331768232668 39.2222302394563
37.92600771007227 50.56100312487922 39.32524139418898
37.92601868301981 50.56100119925706 39.32523005047052
37.926030091906505 50.560999242018994 39.325218158308516
37.92604106272946 50.56099721455063 39.32520703944683
37.5685213538373 50.85047506047927 39.093446514423896
37.56838049106754 50.85061167880426 39.09329673680015
37.762078225327016 50.693994866461765 39.22160071470995
37.762344430050334 50.69376210294011 39.2218185248544
37.56774095505577 50.85123189209803 39.09261683881576
37.56764163354404 50.85132820651532 39.092511262392854
37.56813776257485 50.85084708260695 39.0930386699717
37.546585177576645 50.90522290704135 39.0575364641876
37.546350410151106 50.90548670528561 39.057274410127214
37.545909084373974 50.90598430603821 39.05678169433552
37.545848580193365 50.90605243879597 39.056714149621016
37.545421155456026 50.906534926135855 39.05623692215028
37.54531869929897 50.90665093590535 39.05612250809339
38.98899556648614 47.42261151499029 40.19122288201575
38.9889871570868 47.422645881903485 40.19125782069558
38.988943259981305 47.422825828675315 40.1914416517924
38.988918611687794 47.4229265732906 40.19154409477777
38.98889780912769 47.42301149175633 40.19163027113295
38.98884936122016 47.42320954190808 40.191831708042024
39.038036233623366 47.58644390261939 40.26284804443914
39.03817014609298 47.58692526401586 40.262964056847395
39.038043398009435 47.58646751957318 40.26285318077436
39.03823241102234 47.58708849106618 40.26298763776652
39.038323308363395 47.58749359121098 40.26310565053019
39.038422070942744 47.587732381323264 40.26313297429461
39.03849294849493 47.58812433589194 40.2632631160528
39.03860923394872 47.588384489024754 40.263284762798364
39.03848153209874 47.588409240277514 40.26341655115574
39.038676107814965 47.58880183338005 40.26343137003511
39.03879400872134 47.58904505339724 40.26344302154763
39.038683764297886 47.58916091913546 40.263604145689904
39.03887132798897 47.5895136985644 40.26360556981404
39.03898548332466 47.58972996307867 40.263607215905246
39.038897191745015 47.589937519936804 40.263793762104896
39.03907715162613 47.590249668114446 40.263781935042786
39.0391862843469 47.59044065789992 40.26377561181043
39.03912298541386 47.59074125943059 40.26398541646793
39.039294704990134 47.59101332884174 40.26396121010886
39.03940208260224 47.591184406883215 40.263946550156305
39.049088606564084 47.74173633756722 40.30876789920671
39.04924514851692 47.741960131321385 40.308715898379525
39.04935468683682 47.74211750329504 40.308679433150985
39.049271697698984 47.741999906047035 40.30870689533556
39.04942141450815 47.74221316875106 40.30865723987326
39.0495489401337 47.74239588102635 40.30861483736743
39.04960847323705 47.74248147394841 40.308595012511276
39.049735327743946 47.74266163229102 40.30855299399918
39.04957636152696 47.74243498377635 40.30860573841421
39.04976927982814 47.742710258230986 40.30854170677674
39.04980549913838 47.742764103160546 40.30852946664676
39.04992483936022 47.74293254729989 40.3084900424165
39.04999437107341 47.74303162239598 40.308466978187994
39.05001317646049 47.74306209571593 40.30846036880917
39.05012349855804 47.743216969803214 40.30842400871099
39.050221726801716 47.74335539054079 40.30839158154821
39.050169936351395 47.74328163764982 40.30840875652956
39.05023297173072 47.743371450402485 40.30838784777079
39.050331033004895 47.74351414593303 40.308355020169046
39.050421157185255 47.74363998654474 40.308325385503395
39.05047201559976 47.7437119410027 40.30830856719882
39.050549924128305 47.7438270111289 40.3082823143193
39.05062899632628 47.74393681453787 40.308256374910556
39.050698783742874 47.74403419134221 40.30823343420855
39.0506065833723 47.74390317110802 40.30826398193237
39.0507172053148 47.74406035243563 40.30822733247683
39.05084679969079 47.74424728359361 40.308184115353285
39.05090885013699 47.744332468717914 40.30816385897871
39.05096091506012 47.74440498683826 40.308146757179514
39.05091811723149 47.744344634144966 40.308160889974516
39.05096930196079 47.74441698609835 40.308143970243535
39.0511291409984 47.744644762482665 40.30809094800418
39.0511742442152 47.74470616159235 40.308076276603096
39.05121118211898 47.74475735684374 40.308064169176184
39.051147568527625 47.74466824335792 40.30808511588004
39.051222205190186 47.744773225015365 40.30806049642193
39.05140199275924 47.74502640225635 40.30800116250733
39.12049834678185 47.838181623307364 40.25134655624353
39.222783774080234 47.988486872693386 40.23391892528009
39.05132118592364 47.74491212624042 40.308027879422134
39.22334288052446 47.98924093757987 40.233658418710725
39.22331075289483 47.98919904339698 40.23367305464508
39.223376720587446 47.98928675796057 40.23364260960251
39.22360023659501 47.98955370753718 40.233546476210286
39.22415855436163 47.9903056796801 40.23328657600114
39.37386268016624 48.099386398136815 40.13796669984189
39.224287552839776 47.99049895647467 40.23322199158417
39.37412449623016 48.09969999096515 40.1377973432714
39.374869479587986 48.10066706657964 40.137345537966645
39.37437947197705 48.10002287929898 40.137639449820476
39.3751746575605 48.10103417721134 40.13714876874862
39.37510958487751 48.1009498301831 40.1371882832438
39.375201626285886 48.101068042273866 40.137131952985236
39.37609326797059 48.10220571390733 40.13658324261962
39.37586176951174 48.10191688575796 40.13672834033041
39.3760844909593 48.10220570124306 40.136593145918326
39.376636086343936 48.10292429008912 40.136259651048576
39.37684916989347 48.10320268410496 40.13613114267075
39.483385664150596 48.27510739376061 40.068319492377974
39.48338347411831 48.27512926853506 40.068326981037444
39.48337275828469 48.2752370172367 40.06836332451945
39.483371314878596 48.27524971308304 40.06836897852828
39.48336842179214 48.27527824201006 40.068379024887605
39.48336377817311 48.27533001869748 40.068392652047194
39.47775906698202 48.34597058744947 40.08569227715646
39.4777597959204 48.345974331455366 40.08568597927702
39.4777596648531 48.345973760186865 40.08568702437107
39.477759914944215 48.345975094470035 40.08568482101949
39.477760961456106 48.34598000667515 40.08567617588231
39.477760247111874 48.3459768632892 40.08568189743347
39.47776125659699 48.345981837823416 40.085673355922836
39.47776072624445 48.34597949394879 40.08567761245938
39.477761582121886 48.345983789489765 40.08567030389363
39.47776114526371 48.34598185461516 40.085673813650445
39.47776193877878 48.34598587924354 40.0856670015746
39.477761552498414 48.34598416614406 40.08567010690122
39.4645100841786 48.44453572840418 40.11510893259839
39.46450637811709 48.444565617031316 40.115116702366684
39.46447743251358 48.44482716259819 40.115161849188354
39.46447344916784 48.44485940493336 40.11517013534297
39.4295445261145 48.56197081206268 40.164547900189135
39.42952474685278 48.562037914440936 40.164568469980935
39.42946033980822 48.56237156180069 40.16463749276676
39.42944104817781 48.5624370023002 40.164657555303776
39.42937606484206 48.56277216157524 40.164727169555775
39.429357619820635 48.562834447782066 40.1647463466447
39.43668876388187 48.66304036912041 40.153657010855795
39.436666814313185 48.663055095577846 40.15368174863728
39.43666100609684 48.66305992110004 40.15368776569305
39.43664584035993 48.66307010817138 40.15370485104802
39.43663355370354 48.663079296476994 40.15371816023037
39.43662407814186 48.66308566620999 40.15372883241105
39.43660870295604 48.6630969249226 40.15374562345351
39.436600660999076 48.66310233627258 40.1537546779537
39.46681896772372 48.6798395890204 40.12761396152611
39.43657467464931 48.66312072798151 40.15378342025657
39.46683150697902 48.67984646908849 40.12760094923113
39.466756146820394 48.6798536060341 40.127677750305516
39.46685763200263 48.67985214128579 40.12757408912512
39.46672173294793 48.67986490586901 40.1277125896785
39.46668497508034 48.6798765012461 40.127749815737765
39.367728557702016 48.74344392520804 40.21048243025732
39.36764940516797 48.74356506833125 40.21053029615101
39.36768665681087 48.743507473201284 40.21050813034443
39.367635018909255 48.74358583609485 40.21053977314808
39.36758115478949 48.743670696462125 40.21057084149811
39.36754145905155 48.74372798715087 40.2105969995407
39.36751180125946 48.74377813376171 40.21061197887596
39.36745012801571 48.74386712914152 40.21065262814467
39.36735685391591 48.744009190811994 40.21070946545471
39.36726371448278 48.74415115050414 40.210766156607086
39.367266609955145 48.74414662816692 40.21076446207132
39.367262341827676 48.74415313093833 40.21076706153693
39.367202133974345 48.74424778210593 40.21080191534999
39.36716705637784 48.74429830188123 40.21082509596648
39.367071494777264 48.74444394330807 40.210883267661444
39.36697021894618 48.74459803628356 40.21094507771295
39.36697170907742 48.74459563283828 40.210944252909215
39.36696874755904 48.74460014033512 40.21094605943654
39.366868599951104 48.74475263692503 40.21100710619231
39.366764916485565 48.744910388822895 40.21107038835184
39.36674214641906 48.7449450243135 40.21108429118894
39.32626532474216 48.76206327612676 40.23625728506109
39.32622809472632 48.76216106482788 40.236273983718384
39.3262239446606 48.762171914165634 40.236275839767785
39.279676622895416 48.859483336719165 40.225451060357784
39.279506365106485 48.85973233428309 40.225430493332254
39.27951552121328 48.85971884169156 40.22543148520893
39.27950362199988 48.85973621755889 40.22543001822449
39.27933272251656 48.859985337586 40.22540846050829
39.27916983978614 48.86022208087387 40.22538714106332
39.27918033986333 48.86020671755668 40.22538840137578
39.27916800362975 48.86022462963516 40.22538676642357
39.27900981292468 48.86045368806639 40.22536509288241
39.278857676864625 48.86067332804723 40.22534351991863
39.27881839126209 48.86072994911516 40.22533784193323
39.278711661140036 48.86088358309474 40.22532220048761
39.17961477963502 49.01367294773367 40.1953475951021
39.23070905468219 49.03762180333568 40.14219126644595
39.230721092394376 49.03748521733713 40.14229842809948
39.230710468594836 49.037556143048086 40.14224464976223
39.230659833516256 49.037896349878736 40.14198655483883
39.23061133971923 49.03822743213267 40.141735047617956
39.2305601630991 49.03870911014232 40.14136086334856
39.23059580281609 49.03833288602045 40.14165497826552
39.230564076549236 49.03854999369844 40.14149002058713
39.23051947400007 49.03886083380306 40.14125349461988
39.19531391420046 49.09873929532949 40.118866036808114
39.19519244071266 49.099181712884345 40.118564467515235
39.195288873290714 49.0988041739615 40.11882642920575
39.1951862505474 49.099070491471466 40.11866373924204
39.157860153832445 49.14120316500681 40.099975952492336
39.15785492668567 49.14131297444804 40.09989473611207
39.10970930604577 49.23948675021129 40.04311078126229
39.15784931619486 49.14138435098981 40.09984344523911
39.10968636109236 49.23948018644815 40.0431301909964
39.109656235925804 49.239508696310295 40.043115766199406
39.10962221378905 49.23953617472266 40.04310454836947
39.09033080288219 49.32522041484482 39.99189422683549
39.09036277258998 49.32512771372864 39.99195319897582
39.09032624113008 49.32519976988431 39.991914824127434
39.090172428718006 49.32550385102149 39.99175265484866
39.09002393880135 49.32579689822352 39.99159653540764
39.08988282183948 49.326122293419886 39.991407998722266
39.08993687846474 49.32596749144703 39.9915060482653
39.089878009637175 49.326082356441155 39.99144527979458
39.089741064915664 49.326352551940154 39.991301356202015
39.076288413085535 49.365549842302926 39.9564714826646
39.07615157442317 49.36578615814638 39.956367953143506
39.07624610636811 49.365607450367925 39.95645027392692
39.076152736132585 49.365734984157335 39.95640319144314
39.07602429493032 49.36591065415841 39.95633826138918
39.07589113304329 49.36611929320398 39.95625241745347
39.07594016479494 49.366024851771535 39.95629633806415
39.07589748252569 49.36608273691705 39.95627510479204
39.07577962200802 49.36624343898502 39.956215870592715
39.07566579379634 49.36640143980809 39.95615670850221
39.07567050519744 49.36639215538756 39.95616107529355
39.07566751352077 49.36639623377907 39.95615957225781
39.075561759828126 49.36654035826328 39.95610647161285
38.93169266700121 49.474790530718934 39.911044939407184
38.80735634877438 49.61490081855603 39.88114139196392
38.72733083970747 49.708687785578135 39.81736027063641
38.62906565958164 49.82941995666674 39.77659804214588
38.62896478840088 49.82950131441332 39.776570810879726
38.62839368589645 49.829961938498066 39.776416626841296
38.62784899249616 49.830401255454035 39.7762696453469
38.6277309589396 49.83049645333173 39.776237804420795
38.6271039825596 49.83100213762751 39.77606858917604
38.626780828697854 49.831262771880944 39.77598141229734
38.626487961384115 49.831498978152496 39.77590241521111
38.625904195523105 49.831969806317645 39.77574491476911
38.62577416246351 49.832074680276875 39.77570985720444
38.49384551600081 49.96651861898279 39.695970879641095
38.49382797343353 49.966524875759006 39.69598201350291
38.49382208523633 49.96652696441234 39.69598575746461
38.4938035138682 49.966535674171 39.69599629419875
38.49379821083869 49.966535380028205 39.69600096961122
38.49379426890398 49.9665367477601 39.69600349436281
38.49377232956098 49.966544305411944 39.696017578932256
38.493762172774524 49.96654774324732 39.69602413589878
38.46845258646582 49.966396367814994 39.708945208932114
38.46844690202736 49.966400136775874 39.70894839906213
38.46844069127968 49.96640426416851 39.70895186593778
38.4684343029156 49.96640851777546 39.70895541588281
38.46842944957509 49.966411755805595 39.70895810005736
38.4684224916355 49.9664164200827 39.7089619047304
38.46841932823317 49.96641855290508 39.70896361047774
38.46841166497086 49.96642375103523 39.708967680836736
38.468410405177366 49.966424606263516 39.70896834862738
38.46840136476283 49.966430868267906 39.70897289543876
38.46840279236878 49.96642984575782 39.70897224359249
38.257412059360504 50.16776014705583 39.621902503812024
38.46840189607397 49.96643045836558 39.708972710550306
38.46839431714123 49.96643559930011 39.70897673610436
38.25647218241415 50.168700711125055 39.621402720671256
38.257440733235676 50.16773170370102 39.621916837191705
38.25670346065233 50.168469505005035 39.621524827066054
38.25566454879068 50.16950903540439 39.62097289417726
38.25652817664548 50.16864489952354 39.62143168322475
38.25572472322783 50.16944887110617 39.621004695413504
38.084483881584895 50.36746276434167 39.485144270000376
38.08428328882809 50.36768191671004 39.48499496101094
38.2556840651714 50.169489556302935 39.6209830847288
38.083304064254335 50.368753601292525 39.48426250438125
38.08391580238768 50.368083400997946 39.48472143313117
38.083459601072306 50.368581656352085 39.48438216436636
38.082188616928654 50.369972298073854 39.48343214877968
38.08284524786117 50.36925194312646 39.48392662882952
38.082603909139145 50.36951537790925 39.483747441106445
38.08336609410744 50.36868375164097 39.48431268549323
37.9262093611635 50.56096295755023 39.32504334141557
37.92620748835175 50.56096336885378 39.325045097480896
38.08232700484969 50.3698175426732 39.48354202386946
37.926184251645765 50.56096847723387 39.325066874392554
37.92619681825107 50.56096574296393 39.325055035426566
37.92618636736319 50.56096805205699 39.325064804580556
37.926159647468126 50.56097374477616 39.32509024101411
37.92617213394357 50.560971080263215 39.32507836356657
37.9261627234673 50.56097311489283 39.325087257300865
37.926184554084614 50.56096846320849 39.32506647667519
37.926136467955466 50.56097868505366 39.325112303109535
37.92614822546942 50.560976163574495 39.32510114634181
37.926137548190894 50.56097845425681 39.32511127617979
37.92616020941173 50.560973666274805 39.325089616271015
37.92610058115007 50.56098617225817 39.325146811474276
37.92611404397371 50.560983382985576 39.32513382322912
37.926110586379785 50.56098413421576 39.32513708297361
37.92612507683748 50.560981018261174 39.325123351148285
37.92613671348161 50.5609786380317 39.3251120578587
37.92605348130182 50.56099499891681 39.325194280374824
37.92606787436204 50.56099250112979 39.32517933993515
37.92608129987608 50.56099006909085 39.32516562637193
37.92607805865366 50.560990687917105 39.32516886813477
37.92609232476518 50.56098791452125 39.325154707810356
37.926103336906856 50.56098569111104 39.325143957252976
37.76261361299602 50.69352804905833 39.222035498859384
37.76286529870774 50.69331164944279 39.222232289275134
37.9260143343892 50.56100225426118 39.32523391026636
37.92602674365696 50.56100005915239 39.325221119661116
37.9260248432597 50.5610004161705 39.3252230330371
37.92603739794616 50.56099815476861 39.32521018091584
37.92604818977643 50.56099620110801 39.325199154743636
37.92605924733034 50.560994212350025 39.325187828745094
37.926070424921754 50.560992172978814 39.32517644301659
37.56858247572127 50.850415519670314 39.09351206534529
37.762158967618454 50.69392735307705 39.221659090526444
37.7620648741639 50.694009314463884 39.22158287967009
37.76239383306138 50.69372352631593 39.22184743604017
37.76262908436376 50.69351970659102 39.22203523919481
37.76286307885066 50.69331734070132 39.22222112983491
37.92601742659318 50.56100195459284 39.325230184309916
37.56793505882779 50.85104319536859 39.092824177185165
37.567865732453626 50.851110426404176 39.092750477113746
37.56828121440877 50.850707490246826 39.09319219667499
37.56861602522653 50.85038276500336 39.09354820300808
37.567502184017805 50.85146296040723 39.0923640498592
37.54652002404493 50.90529745614349 39.05746366287522
37.54632567569142 50.90551691759107 39.05724666513196
37.546026205361834 50.90585404508696 39.05691235278117
37.54571138984092 50.90621027034764 39.05656080764847
37.54560921543663 50.90632590695056 39.05644671126505
38.869806502062715 47.41038336565591 40.246966944018
38.87009567985737 47.410528840674715 40.24698980380933
38.870554723389795 47.41075240165523 40.24702101051823
38.87100088093311 47.41097062021598 40.247051984850046
38.8714347670973 47.411172201760685 40.24707477253472
38.871358672790194 47.41115090228129 40.24708046849348
38.871820385120515 47.411283019573446 40.24704789368261
38.87144265431681 47.41119349390812 40.2470873442345
38.87187213177564 47.41141355106888 40.247124055208765
38.87229761065997 47.41163979526136 40.24716610445261
38.98899528954955 47.422618423458935 40.19123923637231
38.98898081666038 47.42267824101121 40.19130113266707
38.98902360025417 47.42250075453706 40.191116426364395
38.988975236385826 47.4227003214651 40.191322410048734
38.98896290769886 47.42274881738714 40.19136866309374
38.98897677184405 47.42269060704803 40.19130697841251
38.98895572334079 47.42277754019143 40.191396833702825
38.989012244887014 47.422543873944086 40.191154953964016
38.98894229978888 47.42283125562865 40.19144959664309
38.98893419412752 47.42286264133363 40.19147869408076
38.988923470790844 47.42290668374325 40.19152382308375
38.988979235282294 47.42267813510516 40.19129041497736
38.98891599937173 47.42293658557516 40.1915532018464
38.98889829703252 47.4230074535353 40.19162286364649
38.988887375393915 47.423051705404546 40.191667234902425
38.98887896810443 47.42308558296999 40.1917008995908
38.988875304565155 47.423101190897896 40.191717794576775
38.988848118031314 47.423209771295696 40.19182410526143
38.9888307281468 47.423279802787576 40.19189362812122
38.988806561654926 47.42337720220128 40.191990447296135
39.03804630191218 47.58649575051372 40.26286461215991
39.03807328196403 47.586679381466894 40.2629314043267
39.03809622113259 47.586746722359564 40.26294370268436
39.038319367134484 47.58742357270933 40.263074249676386
39.038531065575036 47.588069302282896 40.263199904509726
39.03851378917019 47.58801641808854 40.263189556229236
39.03854357415902 47.58810708131212 40.263207141110676
39.038682769731636 47.58857967551386 40.26331382132029
39.03876226720611 47.58878762971416 40.26334370412692
39.03885500224263 47.58918592509617 40.26345658908275
39.038976101266215 47.589465860627364 40.263483648443284
39.03904137359 47.58984375229053 40.263611983660546
39.03919291502885 47.590155062763245 40.263626304645115
39.03923910163031 47.59053653053778 40.26377427465345
39.039384370647 47.590796143784935 40.26376855473877
39.0392024773998 47.590184436130244 40.263632083623385
39.039421090376976 47.59086361928937 40.26376803738855
39.039448074284095 47.59125904789303 40.26394095519947
39.049354228162635 47.742119577530005 40.3086793097649
39.049415973788754 47.74221028582672 40.30865855273951
39.049384438086776 47.742160448461085 40.308669508575726
39.04951041309089 47.742341503153135 40.30862756467834
39.0496064583194 47.74248116077716 40.30859542250808
39.04955411504937 47.74240331043714 40.30861311517794
39.049674709144995 47.742575589590125 40.308573068122726
39.04978241685106 47.742730226281694 40.308537222937254
39.04967583531397 47.74257971248436 40.30857244019981
39.04980937315869 47.74276952297684 40.30852819172816
39.049848121150696 47.7428227732195 40.30851553682802
39.04995064815686 47.74296888267473 40.3084815258085
39.05001507540531 47.743062210921316 40.30846000058623
39.050029351617866 47.74308150623421 40.308455370780955
39.05012547210786 47.74321768836148 40.30842356553455
39.05021012804056 47.74333872122707 40.30839544332881
39.050127799765626 47.743222382667696 40.308422654276846
39.05022854385699 47.74336571036643 40.30838925903774
39.05030708573811 47.74347687992 40.308363281219584
39.05038536824275 47.74358798311889 40.30833735880988
39.05043156222798 47.74365550047297 40.30832186458504
39.05049762358708 47.74374830524062 40.30830008538361
39.0505669505654 47.743846524765374 40.308277146020885
39.05062543203715 47.74393088776968 40.30825764287419
39.0505357158693 47.743803952299615 40.30828731151334
39.05063892638884 47.74395118704044 40.30825305847887
39.05075641647214 47.744116197500524 40.30821432850247
39.0508083312758 47.74419027459865 40.30819709742204
39.05084133889808 47.74424024435399 40.30818585181431
39.05100040745421 47.74446198734515 40.308133583684096
39.05103320888661 47.74451028647455 40.30812254554324
39.05086898054866 47.744279628841895 40.30817668304283
39.05104350680122 47.74452857790487 40.30811876418874
39.05123424256454 47.74479167371406 40.30805637254406
39.05124631828118 47.74481255787054 40.308051995462996
39.05111843280343 47.744635283787744 40.30809391623575
39.22285959201571 47.988632734433 40.23387347621859
39.22380208305361 47.98987087132735 40.2334419979587
39.22337547247024 47.98931789430766 40.23363557227272
39.223990464901654 47.99013549923346 40.23335177353227
39.37422167276104 48.09982443207144 40.13773772288325
39.22455223220401 47.99088312053695 40.23309235610461
39.3743162621144 48.09995606083908 40.13768391591034
39.374783308410855 48.100566579769584 40.137402375009884
39.37508958867658 48.10096791858632 40.13721813686691
39.3756606727087 48.101718280191854 40.13687542845001
39.37581368222288 48.10191966166598 40.13678374341196
39.3765953823145 48.10292716525151 40.13630675909131
39.37645881005198 48.10277873612102 40.13640119923676
39.3765903917168 48.102954242931766 40.13632329066162
39.48338206992553 48.27514156957185 40.06833250226697
39.48337740903446 48.27518290807417 40.06835061666807
39.48336696612225 48.27528517501691 40.06838717696705
39.48336510065952 48.27530346953313 40.06839369698771
39.47775871343437 48.34596904998715 40.08569509324337
39.47775833280401 48.34596740438332 40.08569811679978
39.47775897799986 48.34597075909822 40.08569250746619
39.4777588542228 48.34597021883112 40.08569349509264
39.47775914004861 48.34597178143719 40.08569094464501
39.47776007698705 48.34597611407922 40.08568326056145
39.47775934199473 48.345972883286315 40.08568914453673
39.47776037690722 48.34597795395513 40.08568041285998
39.47775981256729 48.34597547219528 40.08568493162161
39.47776070287974 48.345979901810864 40.08567736219654
39.477760212876966 48.345977745843676 40.08568128668337
39.46453312039918 48.444322601968324 40.11507575400941
39.464527867699054 48.44436562297567 40.1150864019563
39.46450051380458 48.44461340911742 40.11512872181676
39.46449539794185 48.4446553558936 40.1151390666663
39.42957985865712 48.561736698470625 40.164509129843154
39.42955499134435 48.56182154520024 40.16453499960403
39.42949560096059 48.56213703101156 40.1645987849729
39.42947207712592 48.56221702617701 40.164623252352015
39.42941008640819 48.56254191161384 40.16468975222932
39.42938931746944 48.562612206555684 40.164711348328055
39.42932259968558 48.56295223083765 40.164782748278625
39.42930842714167 48.56299983955084 40.16479747888729
39.42923523885471 48.56336026465823 40.16487558045567
39.4292284292799 48.563382912442094 40.164882654141124
39.43658463468834 48.66311094669794 40.15377396013848
39.43657946285705 48.66311472584313 40.153779612789414
39.43655985973692 48.66312884952498 40.15380115268262
39.436537813986426 48.663144604691325 40.15382544966471
39.436512344523244 48.66316264861205 40.15385360999002
39.436483821580396 48.66318274461557 40.15388520971633
39.43646421262625 48.66319683634593 40.15390677661382
39.43647476157264 48.663189085738836 40.15389527104436
39.436451310212874 48.663205517183805 40.15392130414418
39.46659645681083 48.67988482502997 40.127840028225826
39.36774406141215 48.74341493903316 40.210476322589756
39.36771719581908 48.74346032057593 40.21048991894993
39.36765299510628 48.74355306208178 40.2105321725886
39.36756144115566 48.743692142258766 40.210588186467845
39.36747104951884 48.74382972546768 40.21064332221415
39.36747491929877 48.74382374614734 40.210641017230884
39.36746986422869 48.743831438156555 40.21064410201885
39.367399519007094 48.7439402364997 40.21068593652413
39.36738129324644 48.743966586483765 40.21069791820595
39.36732972333033 48.74404836890274 40.210727329846826
39.36729338717145 48.744100883548995 40.21075122889172
39.367203931138384 48.74423746458278 40.210805531731644
39.367114468156956 48.744374128729206 40.21085979372523
39.36702718032214 48.74450774188837 40.21091256750505
39.36703892228428 48.74448930736328 40.21090575483008
39.367021153816296 48.74451642191145 40.210916549755865
39.36692685340148 48.74466022990764 40.210973898598525
39.36682964398413 48.744808336489534 40.21103310210079
39.36675413554504 48.74492576003798 40.21107760965129
39.32631339571741 48.76191614593091 40.236233539713474
39.32629272147029 48.76197125083938 40.236242896589225
39.32625708607201 48.76206565509481 40.23625896417672
39.326226779571755 48.762161290740686 40.23627423565475
39.32624122035205 48.762107417258775 40.236266089704806
39.32622070294235 48.76216121041984 40.23627528204742
39.279651097307 48.859519091762095 40.225446213801206
39.27958580076634 48.85961458006875 40.22543831911129
39.27948258281858 48.85976534802673 40.22542564275989
39.27932054247029 48.86000119813708 40.22540480420389
39.279252283328944 48.86010041261604 40.22539587284628
39.27915994580343 48.860234507752494 40.2253836597882
39.27900562630021 48.86045797863673 40.22536253668084
39.27885705467425 48.860673570370224 40.22534269763882
39.27890974490748 48.860596505928584 40.22534905547324
39.27885640564432 48.860673481510005 40.22534145756669
39.278715514368265 48.86087627432328 40.22532079313056
39.17961631680728 49.013670140340835 40.19534861341364
39.17958955060156 49.013707849965755 40.195333502084864
39.17942538833315 49.01393917633794 40.195240810620014
39.179236121722155 49.014205969622125 40.195133922939334
39.179049229554764 49.014470025564904 40.19502823325423
39.17915898521684 49.01431473981249 40.195090351606886
39.179052282803696 49.014465233318916 40.19503007206986
39.17887632012399 49.01471352611334 40.194930638429234
39.178704522414364 49.01495613480546 40.19483351311609
39.17873040686423 49.014919487050975 40.19484816893218
39.178705691929736 49.0149543803293 40.19483419842898
39.19531160971121 49.09871731684133 40.118886344529884
39.19529800385131 49.09858466591983 40.119008718117534
39.19517546647145 49.098909338702455 40.118808736896476
39.15780647100826 49.141095867097825 40.100095165307806
39.15782619664124 49.1412556878889 40.099958430621946
39.15780486270211 49.14112847589344 40.10007108545634
39.15780098503316 49.14120562092405 40.10001416731533
39.15779585507031 49.14130991858448 40.09993713949497
39.10958305502201 49.23948878608576 40.04317657079406
39.10957628066966 49.23952322178084 40.043143203444124
39.10956461937772 49.23950436131935 40.04316975537573
39.10955068390074 49.239516127869734 40.04316461086236
39.09030627328198 49.32510073381434 39.992012407705786
39.09015766422864 49.32539867547257 39.99185217224949
39.090017683466826 49.325730704487405 39.9916572276748
39.09007519468763 49.3255634575378 39.99176372911782
39.09001335123885 49.325686822022334 39.99169758140552
39.08987755817572 49.325961042207965 39.99154947478714
39.08974737718299 49.32622371367806 39.99140767389579
39.07628960049824 49.365523547202024 39.95648932354591
39.089668856910215 49.326378831476376 39.99132498489456
39.076290997210144 49.36549321806524 39.95650988925067
39.07616462366973 49.365668766771606 39.956444112981075
39.07604106111182 49.365839415428056 39.95638049529668
39.076016180953424 49.36587374569176 39.95636770710801
39.07592212954145 49.366003394534616 39.9563194532885
39.075808341343134 49.366160010513966 39.956261240937124
39.075738197154614 49.366256464872244 39.956225419672535
39.07569959846545 49.36630952484622 39.956205719663515
39.075599154712975 49.366448396253375 39.95615389913332
38.931725428938925 49.47470221503936 39.9110994727713
38.93171661724905 49.474712889417404 39.911092227207305
38.80680043056386 49.61542645872065 39.880960218849594
38.629104316168394 49.82938862067389 39.77661016127554
38.62905994402075 49.82942440934155 39.77659817964993
38.6284529942647 49.82991395001282 39.77643427601853
38.62796741968599 49.83030558491271 39.77630325123678
38.627797907636776 49.830442301697076 39.77625752511137
38.627183735687616 49.8309376609659 39.77609174091945
38.62692032875628 49.8311501100245 39.77602065330193
38.62658391130628 49.831421442623686 39.77592988950987
38.626021732668384 49.8318748675331 39.77577813190638
38.62591548325847 49.83196056103116 39.775749470795105
38.493834172442774 49.96651995152121 39.69597970509584
38.49381719277508 49.9665260866831 39.69599043426642
38.493812480276674 49.96652778912456 39.695993412194284
38.493790055619144 49.966535780330446 39.6960076486982
38.49378459074568 49.966537674980586 39.69601114976593
38.468464867072534 49.966387824875255 39.70893910435837
38.468459922286144 49.96639111998294 39.70894184683928
38.468453495300004 49.96639540011517 39.70894541665521
38.468446900293294 49.96639978797806 39.7089490879841
38.468442221192035 49.96640290780326 39.70895167964113
38.468434698282564 49.966407950903246 39.70895579306161
38.468432019627805 49.96640975549417 39.70895724019076
38.46842334679325 49.96641561057717 39.708961901552044
38.46842262230231 49.96641610154766 39.708962287280904
38.46841228522305 49.96642323038368 39.708967547823676
38.46841421690273 49.96642183051239 39.70896669790542
38.4684129518705 49.96642269217162 39.7089673628221
38.468406066660535 49.96642739245115 39.70897096110519
38.46840329616715 49.96642926788449 39.70897244021318
38.46839711713869 49.96643343119263 39.70897577733932
38.25758593270847 50.167586595697315 39.621993329272705
38.25696982292574 50.16820309191657 39.62166594312695
38.25671931003268 50.16845375721916 39.62153284365468
38.25601264387747 50.16916086929402 39.62115732824076
38.255136284155896 50.17003772016341 39.620691864153336
38.254984412849296 50.17018967781004 39.620611195747536
38.25589589282275 50.16927769404002 39.621095287813965
38.08409561892874 50.367880543075145 39.48486762019179
38.08377378326542 50.36823248400624 39.48462743362542
38.083019957996655 50.36905587151688 39.484066687876656
38.082970490713194 50.369109918436195 39.484029862186624
38.08354205998066 50.36848572952127 39.48445479435053
37.92620932079533 50.56096295296194 39.325043408573414
38.08249674263632 50.36962765967118 39.4836769243765
38.082194525578814 50.369957806896196 39.483452034362415
37.92619717511511 50.560965630774234 39.3250547744685
37.926194491865076 50.56096624167277 39.325057243383384
38.081992178601354 50.3701789001298 39.483301372732754
37.9261739760893 50.560970916289634 39.32507611217515
37.92618556158099 50.560968296419546 39.32506541332123
37.92617491521027 50.560970731317006 39.32507518525308
37.92615113936819 50.560975865974314 39.32509766836941
37.926162663786634 50.560973401068125 39.32508671844545
37.926152222017194 50.560975662862646 39.32509657771616
37.92617415947349 50.56097090293306 39.32507588158822
37.9261152963456 50.560983166829686 39.325132520653725
37.92612843612716 50.560980477946586 39.325119771177036
37.92612428173881 50.56098135517533 39.32512374315844
37.92613960448649 50.56097816827307 39.32510898731226
37.926151385809035 50.560975843022426 39.32509736939229
37.9260822790651 50.560989864612324 39.32516468520056
37.92609572031291 50.56098708803809 39.32515169984747
37.92609332454165 50.5609875834369 39.32515401326742
37.926106728394096 50.56098495273784 39.325140763112955
37.92611756245107 50.56098275017557 39.32513021931995
37.92602733222909 50.56099995719166 39.3252205083115
37.926040610244705 50.56099752669412 39.325207000255794
37.92605323094344 50.56099514995572 39.325194305891614
37.92605036363824 50.56099568498739 39.325197200696095
37.92606378137886 50.56099321115666 39.32518358917416
37.92607463853295 50.56099123166169 39.32517252677431
37.926085491875966 50.56098920631594 39.32516156964644
37.7621789319465 50.6939105014648 39.221673918805344
37.76244707262299 50.693678823797 39.22188639053053
37.762688348161724 50.693471038705475 39.22207587880801
37.76266651036155 50.69348987644237 39.22205865065671
37.762910058492935 50.693279646103804 39.2222511397648
37.926025346065046 50.56100079513948 39.32522149554416
37.92603455889789 50.56099896462953 39.32521243705558
37.92604370980058 50.56099708138366 39.325203581136144
37.56811725394251 50.85086606259661 39.0930188228277
37.568103652129935 50.850879253924575 39.09300436156276
37.56839893363314 50.85059287358496 39.09331832250199
37.76199036687408 50.69407790056799 39.221513350775176
37.76222252413095 50.69387574143185 39.22170122524579
37.76245811107177 50.69367068866043 39.22189164380331
37.567657916504714 50.85131150295051 39.09253053648937
37.5674563195514 50.851506998023865 39.0923162399352
37.56727786696401 50.85168003068125 39.092126585697244
37.546301896591544 50.905545905390326 39.057219995006164
37.54580791428663 50.90610237253914 39.056668519416014
37.54609972033165 50.90577405059415 39.05699426582095
37.545989564344694 50.90589716361047 39.056871343860166
38.32148835000592 47.1051292130564 40.2464659480601
38.45754654988721 47.20223282179379 40.26667638090996
38.4580840874267 47.20232918600589 40.266451721832766
38.45829279469628 47.20236777845551 40.26636527863278
38.45862465823826 47.202430916754935 40.26622900663344
38.45916353872791 47.20253151915824 40.266006448285104
38.459815436227 47.20254539814038 40.26566541199347
38.45933010975522 47.202563716062286 40.26593838683756
38.459699274001885 47.20263556995514 40.26578787630713
38.72377693219771 47.24360633613665 40.18465058265072
38.72456633900895 47.24395683724144 40.1846315841689
38.72402336776267 47.2437277460819 40.184650518428754
38.869637502494435 47.41033934135436 40.24698185657393
38.724675491142165 47.2440480946405 40.184649893875054
38.86975823075477 47.410649244863556 40.247163246523336
38.870210927302224 47.410820585695745 40.247160138592655
38.86996276690712 47.410759490458425 40.24718448495607
38.87062888510656 47.41093869812944 40.247129626823295
38.8710362568518 47.41105747011819 40.24710240594434
38.87024627234048 47.410911294708825 40.247213229497255
38.87071388293383 47.411152059679296 40.2472540062706
38.8711699136245 47.411387556287465 40.2472942518413
38.87157499692099 47.4115075111424 40.2472684598338
38.87121089573431 47.411409658596824 40.24729851615178
38.87195950326752 47.41161406081078 40.24723893516231
38.87233134830399 47.411716445431765 40.24720992992796
38.8716311467358 47.411638536644006 40.24734378245548
38.87207303003975 47.41187689640237 40.247389792765546
38.872479167822085 47.412033662287975 40.24738910595727
38.872243670744304 47.4119749607476 40.24741171068732
38.988914788477196 47.42294721768638 40.191573191272404
38.98894335496926 47.42282861062395 40.19144960066137
38.87252587829441 47.412138883427815 40.24744916072632
38.988846682212376 47.423224795046444 40.19185416831938
38.988866027873584 47.42314429995896 40.191770016649464
38.988842786870656 47.423240265696734 40.19186917183439
38.988897684220944 47.42301318855569 40.19163391242374
38.988830821305285 47.42328752968129 40.19191457956098
38.98882050439768 47.42332742246717 40.19195147004002
38.988814337962594 47.42335285617594 40.191977703536075
38.988854803401686 47.4231855486743 40.19180448482065
38.98881056161733 47.42336777308933 40.191992035182295
38.988790467993766 47.423446486385785 40.192066559908696
38.988816150190075 47.42334025856653 40.191956510601344
38.9887844572301 47.423470213612894 40.19208932971416
38.98876287849274 47.42355538862384 40.19217105759063
38.98878272498283 47.42347351183065 40.19208657545594
38.98875083533705 47.42360302033539 40.192216920953996
39.03792843156122 47.586540619806925 40.26299729016082
39.03809127121838 47.58675882416362 40.26295439432425
39.03803611166876 47.586835285704595 40.263044275795835
39.03823294923721 47.58738190052819 40.263134158543494
39.03829988294347 47.587570118202706 40.26316589722062
39.03854384177466 47.58816111671765 40.26323396741242
39.038543235788005 47.58827322782216 40.263290711459135
39.03859945575576 47.58843545526798 40.26331944279737
39.038785470102496 47.58897643739769 40.2634166214749
39.0390177859403 47.58966543393031 40.263544682083825
39.03919498072139 47.59016172309468 40.26362771088389
39.03904762891309 47.589753044074115 40.263560682895815
39.03925479004339 47.59036243845704 40.26367237244032
39.039494946839454 47.59106205905002 40.26379842628898
39.04946038260951 47.74228284350597 40.308642884616646
39.03955004852281 47.59122088001091 40.26382649613951
39.049493475867074 47.74233716487335 40.3086311833761
39.04961911435475 47.74250119611486 40.30859102219242
39.04969122902505 47.74261725228303 40.308565757691454
39.04986332693837 47.74285529692518 40.30850939627885
39.049732238778134 47.74267535893938 40.308552187533444
39.04989242537842 47.742902466050516 40.308499167630984
39.050033690496164 47.74309182762126 40.30845351346783
39.05008474212172 47.743176113485006 40.30843541329851
39.050263104447545 47.74342393905799 40.30837688758461
39.05011613136357 47.743220747558645 40.30842501054424
39.05027886859785 47.74345250140297 40.30837104231864
39.050441311259995 47.74367273368281 40.308318293190204
39.05046283852804 47.74371554285451 40.308309926660854
39.05064603511812 47.74397139350273 40.30824968255791
39.050504202366156 47.743774690284525 40.308296184884796
39.05064472152084 47.74397593982424 40.30824947000725
39.050840444073636 47.7442405527161 40.30818598869817
39.050821114721685 47.74422912930544 40.30819077225484
39.051025652093 47.74451101179735 40.30812389130291
39.050871459876205 47.74430131729815 40.30817402674174
39.05099673292309 47.74448112237483 40.308132340881166
39.222969679877714 47.9888044070267 40.23381679742563
39.051151630163645 47.74470351527545 40.30808079039889
39.222983246735964 47.988826654650175 40.23380955919059
39.223890086587524 47.99003107998298 40.23339135587447
39.224336229331044 47.99062435077932 40.23318544227735
39.374107828318316 48.099748459498834 40.13783566634985
39.37477343831009 48.100631814707526 40.13743977181633
39.37476112584732 48.1006187211044 40.13744840174952
39.37477432991507 48.10063621721762 40.137440537112575
39.37568504104773 48.10178001841698 40.13687276608928
39.37539783273957 48.101468155760834 40.13707148436804
39.37581744664857 48.102032747830506 40.13682500633822
39.37599180474008 48.102267477537424 40.13672264213655
39.376761151671786 48.103256524527374 40.13625217530509
39.315966575187105 48.16942715121719 40.19720466073176
39.42272433196028 48.34171035839338 40.129250687244074
39.48336449721316 48.275308617829076 40.068396127317406
39.422733337908774 48.34171115189705 40.129244186694045
39.47775796798001 48.34596582511416 40.08570101651241
39.422765164057346 48.34171418931752 40.12922090331092
39.477758235122074 48.34596752944799 40.085698423901114
39.422791685699266 48.34171704193586 40.1292010719157
39.477758416409934 48.34596865752465 40.085696688930014
39.47775926019402 48.345972527068405 40.08568979652058
39.47775860638182 48.34596968729633 40.085695001334244
39.477759567809876 48.34597440259313 40.08568688565158
39.47775904270111 48.345972114737634 40.0856910719704
39.47775989600014 48.34597636107941 40.085683816478515
39.47775944376919 48.34597438784281 40.08568742428146
39.46452276043584 48.44440780727217 40.115096559124495
39.46451694349076 48.44445609080367 40.11510799638716
39.429611514999905 48.56151793933732 40.16447423373836
39.42958514428116 48.5616088437624 40.164501683966236
39.42952894349226 48.561910788304175 40.16456210402593
39.42950287026933 48.5620001724846 40.16458923580795
39.429444312600246 48.56231153365999 40.164652132137846
39.42941996872833 48.56239433789576 40.16467745280863
39.42935826661263 48.56271720059743 40.164743634044896
39.42933758312295 48.562787071532775 40.164765138901416
39.4292718207225 48.563122950789165 40.16483552925877
39.42925621230367 48.56317533938177 40.164851751509985
39.42918560795248 48.5635263001101 40.16492715348905
39.42917583704438 48.5635589630878 40.16493730631005
39.43650392296968 48.66316541502443 40.15386474393737
39.436499593425744 48.66316832319686 40.15386962152745
39.4365751028811 48.66311765116862 40.15378452653667
39.43649465296791 48.663171949889986 40.153875011829584
39.43654707899223 48.66313742856222 40.15381555457807
39.43648373486104 48.6631799676524 40.15388692235895
39.43652152589868 48.66315554174156 40.15384380166739
39.4364631349669 48.663194766649326 40.15390958190962
39.43649903603112 48.66317158772216 40.153868603256726
39.43644054644189 48.66321090191288 40.153934481535714
39.43647920681453 48.6631858459901 40.15389040771129
39.37752027202474 48.687152516664156 40.202875678742544
39.36775453592032 48.743393510786206 40.21047334279645
39.36767831690284 48.74351003581239 40.21051951447623
39.36772354933593 48.74344054915641 40.21049232163408
39.36766736198253 48.743525889306916 40.21052670673164
39.36760876278278 48.7436170834731 40.210561206149066
39.36758000250762 48.74365875081661 40.210580059164904
39.367539441464274 48.74372399418517 40.21060262070185
39.36749280622232 48.743791588875354 40.21063317225076
39.36740597385018 48.74392403791299 40.21068596088038
39.36732147239376 48.74405325518175 40.21073713128273
39.36723694240567 48.74418259010797 40.210788272951355
39.36715318618063 48.74431083075366 40.21083889078518
39.367164067411444 48.74429390356479 40.21083248053642
39.367149610242016 48.74431600458655 40.21084123919515
39.36708836519515 48.74441180650194 40.210876991644284
39.36706272668802 48.744448838356334 40.21089386833671
39.36697288557329 48.744585997814845 40.21094841084884
39.32635083213757 48.761795605727144 40.236214423685894
39.32632365183922 48.76188065579153 40.23622804444902
39.32634031900355 48.76182397732809 40.23621921842142
39.32631643302895 48.76188820668875 40.236230087912325
39.32628241671669 48.761979109108246 40.23624550789474
39.326251974791006 48.76206892228511 40.23626019340611
39.32626244801503 48.76203209957467 40.23625452096783
39.326247707582546 48.76207106215264 40.23626115811483
39.32621402240059 48.762159648745694 40.236276278206596
39.27963413945451 48.85954323417583 40.22544342894126
39.27967772310206 48.85947885293767 40.225447976152026
39.27961971543658 48.85956365075949 40.22544092760232
39.279460469212694 48.859795911415276 40.2254209826268
39.279308856870735 48.86001727450727 40.22540225837955
39.27934473277514 48.85996445930601 40.225406203136416
39.279301086473 48.860027958610495 40.2254005588519
39.27914741670466 48.860250979491525 40.22538007401947
39.278997728995726 48.860467953711705 40.225359820656806
39.27900848036714 48.86045219442203 40.22536107947472
39.278996623673116 48.86046935661554 40.22535944809542
39.27885173774618 48.86067855600207 40.225338932834774
39.278711444968685 48.860880673732346 40.22531856474462
39.17961514107781 49.01367167968907 40.195347977087735
39.17974988605903 49.013481250274694 40.19542418892033
39.17960795463481 49.013681175581524 40.19534406728138
39.1794200376607 49.013945961477134 40.19523796640452
39.17923530677632 49.0142067815896 40.19513354167161
39.179326562612005 49.01407770981535 40.19518518034512
39.1792339946555 49.014208208033104 40.19513289987302
39.1790554675871 49.014460002245606 40.19503204458886
39.17888005459941 49.0147076457159 40.194932891950934
39.17891464945681 49.01465867999934 40.19495247623273
39.178880793003685 49.01470645689315 40.19493334365452
39.17871778767814 49.014936596859144 40.19484120135862
39.1785649327627 49.0151525243143 40.194754769039804
39.19516487251857 49.098778276351354 40.118927825301924
39.178445628069525 49.015321106346 40.194687296402705
39.195163363911476 49.09875742616424 40.11894665771299
39.157796008858696 49.14107533281829 40.10011810762136
39.157754324647996 49.14099304075062 40.10020988503998
39.15775115392108 49.14110246928479 40.100127568628764
39.15774732292552 49.14120659373834 40.10004979393429
39.10954792214892 49.239479204184406 40.043205787116825
39.10953142631842 49.239452924502274 40.043242917043
39.109513574787314 49.23946988351787 40.043234299692145
39.10948801551881 49.239497070036336 40.04321883891951
39.109463038464 49.239523328641795 40.04320406207573
39.090153186328685 49.32532722139067 39.99191623434953
39.09019626264323 49.32519805911933 39.99199933917003
39.09015059934594 49.32529077075348 39.991949107540606
39.090017182159784 49.325566630846346 39.99179807826296
39.08988622256838 49.3258349735639 39.991651917392176
39.089757658276724 49.326101293828756 39.9915059582901
39.08976268169736 49.32608580314252 39.99151601646173
39.08975821904904 49.32609484041772 39.99151112737853
39.02460204080655 49.34159301142043 40.01000150669231
39.02454774287144 49.341805115253734 40.00985797373017
39.07604952441121 49.3658077283861 39.95639882815289
39.024508874482734 49.34195696344068 40.00975522716408
39.02449522991329 49.34201027210402 40.00971915834809
39.02444513396261 49.34220600301674 40.009586731624076
39.02439751633061 49.34239206441576 40.00946085577117
39.0243852151863 49.342440132207095 40.009428337969666
39.02435198248669 49.342569994591585 40.00934048797304
39.02430882868515 49.342738631006185 40.009226411540666
38.93172987033971 49.474687670269546 39.91110832522689
39.02428115650561 49.34284677333972 40.00915326037296
38.931748275700805 49.474626352927714 39.91114560214676
38.80688075884255 49.61529193922712 39.88102539874622
38.62909882263622 49.82939301761495 39.77660904029996
38.629260607697915 49.8292623878083 39.77665423281741
38.629079955731676 49.82940809625994 39.77660542712945
38.628454710092086 49.82991240037373 39.77643651078299
38.62815609152324 49.83015324770974 39.77635593559833
38.62781024272931 49.8304321872977 39.77626262432999
38.62719316936033 49.83092988156895 39.776096111814994
38.62715497903183 49.83096068398722 39.776085802215974
38.6266132979624 49.83139757615487 39.775939582519065
38.62603130299253 49.83186706997028 39.77578155576688
38.626171348248924 49.83175402547461 39.77582033371198
38.62604232409636 49.83185808830739 39.775785520630905
38.62551350627149 49.83228460809438 39.77564274698198
38.49380691548362 49.966526748039136 39.69599875730201
38.49379732672288 49.96653026325674 39.696004785977664
38.493778135153256 49.966537327058916 39.69601683525208
38.49377534843398 49.96653831677742 39.69601860643514
38.4684644326597 49.9663877088755 39.7089401424183
38.46845973534594 49.96639088017703 39.70894266683954
38.468454555225236 49.96639436569866 39.7089454738048
38.46844710024705 49.96639937433733 39.708949528304615
38.46844465692153 49.96640102537473 39.70895083849636
38.468435345713964 49.966407309094286 39.70895584754815
38.468435190192444 49.966407414737105 39.70895592985936
38.46842361169028 49.9664153909557 39.70896183936199
38.46842662482086 49.966413243407615 39.70896044276502
38.46842445413568 49.96641471185177 39.7089616035359
38.468417731189014 49.966419261946854 39.70896519449957
38.4684142599439 49.966421608676114 39.708967053749106
38.46840866341564 49.966425378074206 39.70897007909929
38.46840462404511 49.96642809598836 39.70897226799549
38.468399442345095 49.966431577335754 39.708975086111536
38.46839544028411 49.966434249268964 39.70897729583129
38.25719704278429 50.167975808821325 39.621786394219335
38.256929562210274 50.168243438952025 39.62164432757466
38.25625813378308 50.16891528740637 39.62128755043264
38.255386353633696 50.16978752368017 39.620824636680226
38.25524523286649 50.169928730079086 39.62074965892246
38.25612265580841 50.16905084783659 39.62121556980144
38.08429432266617 50.36765664489664 39.4850286473349
38.08402469187066 50.36795168536406 39.48482705946816
38.083075613327395 50.36899343796604 39.484111253457904
38.0837370967545 50.368266404031736 39.48461200031738
38.08329722347997 50.36874782469437 39.484282949970805
38.08268492287438 50.36941705033952 39.483826665361434
38.08254372078624 50.369571465408825 39.48372127710082
38.08319252637857 50.36886236483046 39.48420471907644
37.926197149850005 50.56096552931362 39.32505503125343
38.08217964837387 50.369969631056414 39.48344949777665
37.92619968345206 50.56096485004113 39.32505292318419
37.92618612551851 50.56096804048235 39.32506517225728
37.926181837612006 50.56096906393947 39.325069014782585
37.926197224997246 50.560965434571756 39.32505513121432
37.926164407920155 50.560973043609394 39.32508502730647
37.92616209135141 50.56097355894745 39.3250871851388
37.92617529032784 50.56097059386945 39.325074953465474
37.92612981295324 50.56098028142718 39.32511824959478
37.92614238834537 50.560977691315635 39.32510608417071
37.926137677708994 50.560978713345804 39.32511052841071
37.92615358604492 50.56097541919955 39.32509517694856
37.92609664290255 50.56098690642034 39.32515078902674
37.92610999307884 50.560984223875195 39.32513772781496
37.926107573527204 50.56098471733736 39.32514007912765
37.92612074746398 50.56098210575608 39.32512711290147
37.9261319327946 50.56097995845662 39.325115951310444
37.92605413293675 50.56099498074808 39.32519339720382
37.92606771368931 50.56099242303416 39.325179737568845
37.926078943708895 50.56099032506726 39.32516840523651
37.92607111464235 50.560991777296515 39.32517632823973
37.92608939773325 50.56098835412935 39.32515789504886
37.926099736909336 50.56098632340563 39.325147677721475
37.76269252936383 50.69346743714209 39.22207916439371
37.76296990148942 50.69322784442735 39.22229879887968
37.92603079122349 50.56099961538665 39.32521635474656
37.92602701587825 50.561000258515506 39.32522029991618
37.9260400628507 50.560997842990425 39.32520708641502
37.92604921150032 50.560996020259175 39.32519810186902
37.926059056905274 50.56099416834364 39.32518819425408
37.926068671538694 50.56099225984386 39.325178736678694
37.56812817749013 50.85085543739571 39.093030503967086
37.568516927096724 50.8504780412974 39.09344463159023
37.762074989003885 50.694006656003666 39.221575744996
37.568642355118186 50.85035635595868 39.09357807657213
37.76230129750666 50.693809526774686 39.221759043540104
37.76252270589002 50.69361732094743 39.22193674120544
37.76275002960108 50.693419903542434 39.22211937684788
37.762989434461176 50.69321144763527 39.2223130807644
37.567828486760085 50.85114567486972 39.09271275678044
37.567711546898586 50.851259080641384 39.092588438645144
37.56813350621434 50.850849868460294 39.09303703224368
37.568519592431755 50.85047542661515 39.093447529421084
37.567479659134 50.85148394203901 39.09234195957669
37.54656522728875 50.90525165096841 39.05751384026355
37.546460117295375 50.90537047601104 39.057396473270835
38.11983546788432 46.926256360554646 40.210862257965616
38.31987650490214 47.10510915425541 40.24698619053778
38.32013401006924 47.10513699824885 40.24692934698978
38.320226203303854 47.10514871647186 40.246910860696026
38.32039291252614 47.105170515857175 40.246878082839004
38.32065521820666 47.10520634970421 40.246828144562784
38.320701707838104 47.105214483945815 40.24682119498293
38.3209156416626 47.105254236115556 40.2467916886201
38.32123449964995 47.10523698543309 40.246666150968906
38.321120208121314 47.10528562065063 40.24675640881298
38.321181373485345 47.10529447786738 40.24674529854832
38.457369066376486 47.20238560092167 40.26687348636952
38.45801114598088 47.202389317393276 40.26653095795767
38.457574968187096 47.202427545155814 40.26679078264669
38.45789019583801 47.20249259280742 40.26666472096156
38.458418830436884 47.20259908553188 40.26645159047548
38.45911606665401 47.202571385447285 40.2660585040914
38.458450002436685 47.20260574719994 40.26643927726662
38.458948193743524 47.20271186808513 40.2662422570045
38.45952106831647 47.20278284692043 40.26598170576928
38.4593280479734 47.2027888972466 40.26608944886412
38.72382083508351 47.24364229877108 40.18465758377659
38.45947689029944 47.202819401631835 40.266029786339004
38.62668783064318 47.292612728069805 40.269471696557034
38.86936178542577 47.410626748717 40.24725393937905
38.86916265532127 47.41058894950875 40.24728121722124
38.86978511219053 47.41071890230282 40.2472040860594
38.869401369142494 47.41072569791824 40.24731157780215
38.86989451023805 47.41100213286096 40.24737011567587
38.87035019790488 47.41118299123814 40.24737277044822
38.870119622055235 47.411130189477376 40.24739812571698
38.87076801533158 47.41128929359267 40.247334151154035
38.87117510849903 47.4114001827758 40.247301568321774
38.87038978490037 47.411284270677925 40.24743201510329
38.870880412511475 47.41156404497963 40.247493529417696
38.87131835416565 47.411730755132844 40.24749118066112
38.87105513119956 47.411664952245886 40.24751631554084
38.871717495338444 47.41183532573532 40.24745637039696
38.87210064517565 47.411938785900304 40.24742507837769
38.87136665863039 47.411845505924674 40.247557380774175
38.87184259932806 47.41212134703972 40.2476201170948
38.87225279895861 47.412254644236214 40.24760215631582
38.871933861597256 47.41217710137064 40.247634120326424
38.87262462871873 47.41235032174936 40.247568529440485
38.9888352799419 47.42327123423913 40.19190112367704
38.87232927847708 47.41242124746772 40.247696569717206
38.87277632970634 47.41266140167161 40.24774243312393
38.87268686466004 47.4126401221101 40.247751724847774
38.988759016430244 47.42358190645986 40.192215355979734
38.98878854326141 47.423459629176 40.192088445045556
38.872798386337365 47.41270922068402 40.24776950378168
38.988699031912645 47.423825658207505 40.192460920159284
38.9887138455682 47.423763513080196 40.19239514735675
38.9886928420711 47.42385018984791 40.19248462498309
38.98874478608743 47.42363516853682 40.19226159994844
38.988776436651456 47.42350346288372 40.19212389353413
38.98868045051929 47.42389894309806 40.19253114031043
38.98867027772919 47.42393734032294 40.19256504595329
38.98866533638568 47.42395780708726 40.19258629394635
38.988702595045176 47.423803097937395 40.192425064435874
38.98873672650272 47.42366129596852 40.192277162247166
38.98866284955851 47.42396737474217 40.19259505916423
39.03769021467697 47.586375457323584 40.26313723324208
39.03786276750451 47.58668515389007 40.263131102407485
39.03778038267032 47.586602610229306 40.2631667606423
39.03799082556442 47.58680341081451 40.26307064070974
39.03794078231056 47.58701026122593 40.263221075353314
39.03815163184069 47.58746893132754 40.26325379056992
39.03810175438389 47.587427228297905 40.26327952308154
39.0382759621791 47.58755994132764 40.26318316073628
39.038209986553085 47.58770814230955 40.263319101701356
39.03844189968133 47.58823492986639 40.26336625783355
39.038399962924565 47.58821187979531 40.263393913522464
39.03850798577022 47.58850268450938 40.2634386439462
39.03873296327029 47.588976179078564 40.263465579579496
39.03867776004607 47.58896260240768 40.263510384819476
39.038843708040275 47.5894217790653 40.26358533137709
39.0389390765155 47.58968532108338 40.26362823110034
39.03920300208188 47.590394547917555 40.263736877591676
39.03919488898619 47.59039756279989 40.26374597307724
39.039219928652955 47.59046637344764 40.26375704419938
39.0394543021027 47.591108479362376 40.26385968486658
39.04936300742761 47.742175674951234 40.30867199483774
39.04945534478467 47.74230586286586 40.30864150546223
39.049660146997454 47.742595099076524 40.30857383198603
39.04968017259424 47.74262343272428 40.30856720960098
39.049860720485384 47.74287898769766 40.30850749273974
39.050069751883626 47.74316424300696 40.308439427208995
39.050012711514015 47.74309488837217 40.308457143762936
39.05005134528302 47.74314981862768 40.308444340615246
39.050233742696655 47.74340984886331 40.30838382440655
39.05042118507619 47.743672730080476 40.30832207287315
39.050393208189654 47.74363809314616 40.308330825049865
39.0504077082408 47.743658875289626 40.30832600302857
39.05057650392312 47.743901175870576 40.30826983182462
39.05074157991004 47.74413869051105 40.30821484253278
39.05080063489025 47.74422372080137 40.308195164290055
39.050903180601495 47.744371562367704 40.308160974799215
39.05114684912391 47.74470172362921 40.30808186916075
39.05106136621923 47.744599757966704 40.308108220696575
39.223097785213156 47.989006536283384 40.23375029447902
39.22351302291359 47.98955782450293 40.23355885047267
39.224534579629314 47.99090379693773 40.2330902542859
39.22432542703699 47.99063764008346 40.23318400830743
39.224741551259164 47.99119131803887 40.2329918740413
39.31417277363279 48.16606050965057 40.19812048234547
39.31476076780852 48.16716915120373 40.19782027334922
39.31465610019518 48.16701163046306 40.19787363609147
39.314973188456754 48.16763796444236 40.197711687122485
39.37590095554012 48.10216749216774 40.13678496202385
39.31512462334214 48.16793688337384 40.19763434399478
39.31574450911849 48.16908854324407 40.19731788528996
39.3155731903135 48.16882727342643 40.1974052354825
39.316063187217836 48.16977791289451 40.1971550087799
39.31601070249549 48.16969796288517 40.197181768949335
39.422719898832916 48.34171061433388 40.12925302487883
39.422595311517725 48.341706475782594 40.1293338326923
39.42270625196948 48.34171177988195 40.129259717358735
39.42261112600737 48.34170798898145 40.129322257925836
39.42269637087834 48.34171308548358 40.12926394739107
39.422634805158395 48.34171056779039 40.12930450941238
39.42268926117423 48.34171453200801 40.129266314727786
39.422656871352544 48.34171321404635 40.129287645668086
39.477758526364354 48.345969335370405 40.085695642080054
39.42268294788161 48.34171610869955 40.12926802719869
39.42267587593758 48.34171582214009 40.12927268296015
39.42279718015334 48.34172090824135 40.129192595483296
39.42268117567504 48.341716627901064 40.129268405742586
39.47775915484798 48.34597311960841 40.085689735720635
39.42269265265344 48.341718445762766 40.12925904585345
39.46451255671724 48.44449216928054 40.11511680625528
39.42960975531958 48.56141572019254 40.16447414549349
39.42956187927835 48.561688505331276 40.164525891823025
39.42952929746902 48.561799898366374 40.164559791048816
39.42947869361511 48.5620826510964 40.16461438686275
39.42944752506168 48.56218885722217 40.16464680939151
39.42939476200426 48.562479866632785 40.164703667222355
39.42936485082402 48.56258129972254 40.16473477312866
39.42930962928305 48.562881438899126 40.1647942016959
39.429281807238716 48.56297525954079 40.16482312566126
39.42922418442069 48.56328306732895 40.16488504300596
39.42919994641159 48.56336441347784 40.16491023409795
39.42913940797891 48.563681439634905 40.16497517165418
39.42911762543179 48.56375434558312 40.16499780719676
39.377528281168544 48.68713849107346 40.20286240437425
39.37750906348521 48.68714784760991 40.20287534107379
39.377510395231745 48.687149918685996 40.20287656159864
39.37749643079092 48.68715673269741 40.202885973767806
39.436475094203836 48.6631857639788 40.153896661126346
39.377491816429 48.68716150543431 40.20289104651392
39.37748500221097 48.68716481735167 40.202895629156906
39.4364495656895 48.663203873331895 40.15392487330043
39.37747642435971 48.68717083905125 40.20290284005315
39.37752582907997 48.68714729770541 40.20286998133111
39.37747407782901 48.68717246690866 40.20290479752579
39.377510378359915 48.687157313540666 40.20288232320664
39.37746033559706 48.68718148306089 40.20291585862381
39.367749054417374 48.7434014236396 40.210476953850346
39.36766938177895 48.743516546366145 40.21052937095366
39.36758963511364 48.743638473634995 40.21057767393677
39.367506669328144 48.74376503874541 40.2106281032611
39.36751393504684 48.74375386909457 40.210623740201676
39.36750561239803 48.74376657552408 40.21062879267305
39.36743321187098 48.74387800883138 40.21067218749485
39.367422702186104 48.743893258900385 40.210679062017704
39.367363028167325 48.74398627012751 40.21071410447515
39.367336824096206 48.74402427839986 40.21073125430108
39.36729145585406 48.74409672441185 40.21075681909938
39.367253476072456 48.744151776064 40.21078169876738
39.367220644476475 48.74420617921601 40.21079897092576
39.36717062295659 48.7442786384489 40.21083176800924
39.367088433853375 48.74440456829308 40.210881383659945
39.36700542010916 48.744531730881405 40.21093151625069
39.32637220317666 48.76172182156742 40.236202990584836
39.326385621940105 48.76168000180429 40.23619628377787
39.32636855620379 48.76172676941492 40.23620414155994
39.32634762368808 48.76179962604339 40.23621540145024
39.32633710658733 48.761812457779094 40.2362185702195
39.32630525047442 48.76189848605664 40.23623310502086
39.32627641701052 48.7619838560624 40.236247046235896
39.326287748154456 48.761945358902224 40.236241049602086
39.32627214957785 48.76198697221692 40.236248113177595
39.32623995145873 48.76207248772248 40.23626265367041
39.326208531453574 48.762157133855865 40.236276968093144
39.326210592018754 48.76214985725628 40.23627584872662
39.32620798360082 48.762156705427955 40.23627701834491
39.2795977542483 48.8595935204727 40.22543575904926
39.279444193315726 48.85981736989839 40.225416392704076
39.279409302860756 48.859868193041635 40.22541195052301
39.279289577985566 48.86004243595235 40.22539653483612
39.279140839164576 48.86025825381867 40.22537665502203
39.279086780252236 48.86033667901379 40.2253694146236
39.27898989459297 48.86047712177701 40.22535631206304
39.278845858895934 48.860685274567125 40.22533611979396
39.27870882560374 48.860884121063506 40.225317819244275
39.27878718810645 48.860770026733576 40.22532785475272
39.179782106798925 49.013435112414044 40.19544255405937
39.17959572424131 49.0136976379849 40.19533734257389
39.17941473595228 49.01395303230032 40.19523506667137
39.17949750200934 49.01383601124935 40.19528189121716
39.17940919768948 49.013960441162496 40.19523203226913
39.179230349933135 49.01421259444652 40.1951310176781
39.17905543239034 49.014459446139405 40.19503216673884
39.17908905878048 49.01441186624787 40.19505119923822
39.17905528124875 49.014459513674964 40.19503211550227
39.17888944009944 49.014693564907574 40.19493839188616
39.178732738272686 49.01491483658981 40.19484980542985
39.17857658006121 49.01513560971476 40.1947614632016
39.17862946558847 49.015060705588354 40.19479141355862
39.17858195736703 49.015127822627065 40.19476454858884
39.17844259375064 49.015324801681814 40.19468571922081
39.157710377866124 49.14089557717663 40.100314906857356
39.15770797113496 49.14100429514548 40.10023262100593
39.1577307761474 49.141169809554654 40.10008940401259
39.1577063986815 49.141037986129476 40.100207681528914
39.15770297842056 49.1411079120588 40.10015602560091
39.10945443659215 49.239452197691406 40.04328515220648
39.109431238407794 49.23947912001853 40.04326870412397
39.10942390651661 49.23951085861848 40.043238536076956
39.109413930827486 49.239496903294224 40.043258907894966
39.10940588672616 49.23950514375227 40.043254381455554
39.09014830616481 49.32518393936695 39.99204207463556
39.09001861393677 49.3254548001474 39.991892947243535
39.08989349532366 49.325716130151605 39.9917490607199
39.0898599779641 49.32578536585598 39.99171117574922
39.08977056996811 49.3259698814598 39.99161026402298
39.024639758571 49.34144580956512 40.010101206417865
39.02458591609074 49.34165609188335 40.00995887888494
39.02457499578547 49.341698744707735 40.00993001196505
39.024533946186 49.34185908494672 40.00982150049591
39.02448431575233 49.34205295662373 40.00969030574497
39.02441736693963 49.34231450796372 40.00951333001624
39.02444915535237 49.34219031427427 40.009597361207845
39.02443679468399 49.34223860386355 40.00956468642903
39.024391680170595 49.34241485841727 40.00944542840257
39.02434886123887 49.3425821514783 40.00933223839477
39.0243383255262 49.342623315751915 40.009304387643326
39.02430761730456 49.34274329791236 40.00922321158757
38.80694726792031 49.61517327343627 39.88108421892737
38.80661837818825 49.61551574859871 39.88095605844157
38.62906490688294 49.82942007914353 39.776603018966604
38.62845095206047 49.8299152764703 39.7764371524914
38.628335751701464 49.83000819033711 39.776406064581906
38.62782572069899 49.83041955265709 39.77626841541607
38.62719889541075 49.8309252301094 39.77609801151647
38.627350853218196 49.830802552969 39.776140267962646
38.62721749710657 49.83091010917461 39.776104291545536
38.62664840080606 49.83136911477685 39.775950653131495
38.62638111370603 49.831584694607216 39.77587850500115
38.62609554367364 49.83181502056797 39.77580142104647
38.62558347619428 49.83222803610896 39.77566310775424
38.6254415558008 49.832342500933706 39.77562480767144
38.49378392149745 49.96653231815033 39.69601492769402
38.468473006384286 49.96638153216206 39.70893629814197
38.4684729847999 49.96638148928258 39.708936422684026
38.468472820436304 49.96638160347776 39.708936504669715
38.46846395206803 49.966387645565945 39.70894116300307
38.468459718891324 49.966390517442875 39.70894341060684
38.468454784548555 49.96639386115732 39.70894603805999
38.46844740852223 49.96639885403792 39.708949976321826
38.46844572365819 49.96640000179248 39.70895086164645
38.46843541063864 49.96640724097255 39.708955860405446
38.468437347543244 49.96640571756518 39.7089552435996
38.46843604371411 49.96640659995964 39.70895594009565
38.468428557305494 49.96641167451058 39.7089599236272
38.46842537939608 49.966413818885755 39.70896163371368
38.46841947756519 49.966417798937115 39.7089648142258
38.468415364310836 49.96642057319068 39.708967030132584
38.46841027987912 49.96642398781005 39.70896979805712
38.46840586825279 49.96642694826235 39.708972204276876
38.46840089504905 49.966430281670846 39.70897492445161
38.46839683302304 49.966432996679856 39.70897716130299
38.257408076872444 50.16776473947349 39.62189817978859
38.25712942186834 50.16804355013393 39.62175017862094
38.256480547397885 50.16869280013931 39.621405496415235
38.25562688913311 50.1695468943896 39.62095224408837
38.255491998559776 50.16968187211063 39.62088055719472
38.256347858968326 50.16882556770893 39.621335003773524
38.25488096122113 50.17029336826592 39.62055559178263
38.084255820900665 50.36769278429634 39.48501140769865
38.08392383176168 50.368056593421684 39.484762169300836
38.08357123932853 50.36844285064507 39.48449771358398
38.082825609877574 50.36925983930509 39.483938143493816
38.083376454549054 50.3686561727861 39.484351734890055
38.08288013889877 50.36919954499021 39.483980119342135
38.08236696445166 50.36976059095376 39.48359739074657
38.08215472164768 50.36999264259966 39.48343907998101
38.08285293983151 50.369229317868786 39.48395976368167
37.926186211296404 50.56096769611053 39.325065800925316
37.92618553752544 50.560967852803216 39.325066413699886
37.92619709679227 50.56096517975547 39.32505586781683
37.9261649112894 50.56097287178325 39.32508468879392
37.926175721026 50.56097018275778 39.325075239086544
37.92616839616219 50.560971971464774 39.325081715175344
37.926144001513194 50.56097747566956 39.325104269579825
37.9261555933554 50.56097497548786 39.325093301019976
37.92614963947799 50.560976347727305 39.3250987429016
37.92616570082838 50.560972627886855 39.32508410203906
37.92611087467738 50.56098412825637 39.32513668771105
37.92612490598056 50.56098165756946 39.325122200506
37.92613537853302 50.560979447371835 39.32511218525316
37.92612684905501 50.560981303768095 39.3251202196901
37.926145643046674 50.5609772655027 39.325102402886586
37.92608125680484 50.560989985033025 39.325165870463366
37.92609461179313 50.560987608561405 39.32515213572762
37.92609414851342 50.56098769556891 39.32515260222907
37.92610483329352 50.56098565548038 39.32514191590835
37.92611522110177 50.56098365684923 39.32513155980928
37.9261254905819 50.56098160093758 39.32512149604085
37.92603155844761 50.560999442117996 39.325215645744564
37.92604447173598 50.56099679742924 39.32520312072638
37.92605414752889 50.560994980670706 39.325193376709166
37.926045291627254 50.56099662764346 39.32520232955846
37.92606398500491 50.56099319030128 39.32518334625813
37.92607418676934 50.560991375991975 39.325172852104075
37.926084547339514 50.560989520992386 39.325162221707565
37.76209036044561 50.69399320948743 39.22158833710914
37.76238928578438 50.693733906887914 39.22182775963637
37.76258439232546 50.69356643949516 39.22197960037291
37.76248940306577 50.693647947471675 39.22190573754636
37.7627935326589 50.693385602666034 39.22214566060472
37.76302186623016 50.69318702015282 39.2223298253459
37.92603706445393 50.560998506664006 39.3252098866352
37.92604478239025 50.5609967394758 39.325202807062624
37.56791710238805 50.8510595369273 39.09280739476985
37.56820362329225 50.8507815141549 39.093112339874835
37.56845119177768 50.850541354897125 39.093375684900465
37.56833393986047 50.850655076459795 39.09325100669228
37.76207198667923 50.69401778259672 39.221552108630696
37.76238691267943 50.69373660098288 39.2218242755564
37.56745875305404 50.85150400756861 39.09232018355978
37.56788609069033 50.85108940961118 39.09277486058724
37.56765962281107 50.85130902453404 39.09253412268435
37.56810047257932 50.850881496819284 39.09300278996639
37.56738090020881 50.85157949599031 39.0922374435774
37.567581222351635 50.8513850474326 39.09245079319424
38.05486517891746 46.74803727623829 40.14223200642178
38.05485737194417 46.74802711924812 40.14222755646632
38.05488326161693 46.748090249132524 40.14226172319775
38.055237066776385 46.748950907580664 40.14272727922531
38.0555923259929 46.74981540987247 40.14319495076251
38.05596770044307 46.750740463267555 40.14369674970845
38.05636148704517 46.751722281788865 40.14423067030316
38.05673109699819 46.752631951753905 40.14472398702552
38.05673590045139 46.75268225886207 40.14475576515366
38.056817629640896 46.752892113755934 40.14487058727305
38.118904021730835 46.92459905149709 40.21017808108317
38.11950700932693 46.92574787481503 40.21069981823955
38.11980957996998 46.926240545425344 40.21087463952923
38.11975018785835 46.92621441888761 40.21091358812883
38.12014537072861 46.92697134438666 40.21125968986743
38.31976783014796 47.10528054438723 40.24720543621423
38.32008455069493 47.105209865890444 40.24702365470581
38.319883866180206 47.105298021022186 40.247185077361955
38.3200120423637 47.10531643443172 40.24716163779849
38.320262515911246 47.105347647883036 40.24711074943488
38.32061944929629 47.10525116357709 40.24688794232842
38.32035981345462 47.105361143675026 40.24709244309706
38.32051576682285 47.10538159558367 40.24706184291565
38.32077062525919 47.10541649201399 40.24701340770882
38.320806494385174 47.105422372760884 40.247007624371626
38.456711827471906 47.20242135257506 40.26725044308477
38.45728157457677 47.20246208745351 40.266971432044514
38.45704294625928 47.20249296686842 40.2671202156498
38.45720671011954 47.202528428661154 40.267055836730954
38.45771256730488 47.20263845278429 40.26685729669667
38.4584056287262 47.20260932600903 40.266465503449446
38.45780176122838 47.202658445285444 40.26682268440773
38.45822655592979 47.20275389082323 40.266657992735034
38.45882188471384 47.202811388049476 40.26637639859992
38.45854243579754 47.202827427529215 40.26653723368849
38.45874422253616 47.202873617013296 40.2664595681089
38.459263248732995 47.20298289557648 40.2662534555905
38.62658398805362 47.29259610895869 40.26950665289813
38.459352608694964 47.203003074157664 40.26621887800117
38.6049705105278 47.36973122755731 40.32849102570072
38.86951205085485 47.4109960371367 40.2474683726723
38.86937158645069 47.41096910021847 40.247487425406334
38.86992860874935 47.4110871626749 40.24741962371649
38.86954526205619 47.41107547958495 40.24751426494986
38.87004674375537 47.4113758384797 40.24758706815486
38.87048954856846 47.4115279181204 40.24757332623723
38.87018009617208 47.41145778664762 40.24760786068284
38.87090712783606 47.41162863182031 40.2475309163832
38.87056001703934 47.41169430880869 40.24766920341546
38.87104981276176 47.41195554901198 40.2477181580643
38.87092903201621 47.411927247325835 40.24773099628756
38.87145866835325 47.41205804407399 40.24767931385105
38.87185893161656 47.412159350297465 40.2476419516133
38.87107781316611 47.4120212624064 40.24775597771371
38.87158325850298 47.412337406478606 40.2478386057213
38.8720047934503 47.4124753163076 40.24782078942836
38.87167411742403 47.41239464413193 40.24785374002248
38.87239644837331 47.41257064547376 40.24778161113463
38.87208798132535 47.41265970484076 40.24792567175901
38.87254148337041 47.41288278435978 40.247958030982744
38.87236800819531 47.41284188763712 40.24797629957327
38.872919799193376 47.41297256640337 40.24791860052191
38.98868255500138 47.42389245344919 40.19252795219848
38.87258674176704 47.41298444428733 40.24801601867984
38.873061729140474 47.41327924420551 40.24809208583428
38.87302527600703 47.41327105093819 40.24809620094568
38.983195590953045 47.5122069735081 40.23812978222559
38.98321975294086 47.51214730145615 40.23805823742652
38.87307135566906 47.41330141823427 40.248104799784905
38.98315274497595 47.51240354588616 40.23823504895396
38.9831644344358 47.512399998583845 40.23819440874954
38.98314767995416 47.512443655092795 40.23824347722807
39.03759583462384 47.58639126088103 40.26323338616251
39.03773176363446 47.586550195818276 40.26318594933832
39.03753606394346 47.58654972581157 40.26336866939387
39.03775190339774 47.58704045974141 40.26341278643182
39.0377178492007 47.58700439000113 40.263426548880396
39.03788687348243 47.58719256828792 40.263362825465464
39.03802233446249 47.587345233110135 40.26331268431427
39.03778234122923 47.587165165901204 40.26344681948902
39.03802872000038 47.587768047125834 40.263518581611805
39.03818201782968 47.587989387687784 40.263486177746245
39.03807103779755 47.5878746724526 40.26353244824885
39.038315554029325 47.588132357226776 40.263432977842726
39.038299941618 47.58845738966446 40.26361044339591
39.03847931909635 47.588777159701806 40.26360298003201
39.038391393991155 47.58869060625976 40.2636418084979
39.038610423817325 47.588905920764205 40.26354493357106
39.038579338114246 47.589166968135366 40.26370480263766
39.03877802662096 47.589553621191634 40.2637128000692
39.03870549155089 47.589489206109185 40.26374833397639
39.038905585998286 47.58966060168466 40.26364715409565
39.03887503856826 47.58992594792475 40.263808674053344
39.039077053640156 47.59031756173452 40.26381604732204
39.03900574870327 47.59026044790606 40.26385408977363
39.03917766125494 47.59070093029483 40.26391409271789
39.039375432219806 47.591063158512256 40.26391070894804
39.03929847923323 47.591010528059094 40.263956278209086
39.04923209422251 47.74201996314494 40.30871230617612
39.049412533612134 47.74225457768657 40.30865472486215
39.04931830077244 47.7421408312343 40.308683909437484
39.04949622655115 47.742390666017556 40.30862526275055
39.04954434213836 47.74245831321237 40.308609394569885
39.04976747779133 47.742769674859254 40.308536043549296
39.049752535498996 47.742752101306486 40.30854062451852
39.04978006518697 47.74279101550054 40.30853152427544
39.05003038409462 47.74312539352853 40.30845074388811
39.04995050338937 47.74303243283556 40.30847513385291
39.0500971206074 47.74324103526787 40.30842653116511
39.05013438719611 47.743294106962395 40.308414172479644
39.05039992060685 47.74364975384092 40.30832838674857
39.05030550739609 47.74353902185644 40.30835730070572
39.05048519035431 47.743793025204816 40.308297902990766
39.05046827746344 47.74377302514988 40.308303099100016
39.05050564332511 47.74382684635492 40.30829064606562
39.050627939899144 47.744003091748674 40.30824987869083
39.05085296945788 47.74431114174583 40.30817650653686
39.05078148585825 47.744225157219304 40.30819861502721
39.050938815458316 47.7444514998704 40.30814620883306
39.05093273181696 47.74444414078895 40.308148094560266
39.050946973583876 47.744464752102004 40.30814333829531
39.22334165767374 47.98933822854994 40.233636020164035
39.05108116551669 47.74465926074683 40.30809849244239
39.223847595957146 47.99002232527839 40.23339988261033
39.2236555326099 47.98977572013324 40.23348648586372
39.224219550202584 47.9905255687807 40.233226207432175
39.224987814695616 47.99152565474731 40.23287662039316
39.22442503527329 47.99079892890626 40.233131341773685
39.31441465586686 48.166640087205764 40.19799674755412
39.314236196400905 48.16636522416657 40.19808774376553
39.31475359581214 48.167364649809926 40.19782353187026
39.31467765015511 48.167247666402716 40.19786225646893
39.31507932675564 48.16786714090641 40.19765744061074
39.31498090299594 48.167851732974206 40.19770736400842
39.31541175099341 48.168579248033964 40.19748755194495
39.31512381526903 48.168136616903055 40.1976343683005
39.315745091086356 48.16929138895379 40.197317198942166
39.315555331176384 48.169000645773735 40.19741395429123
39.31607977615122 48.17000325819247 40.19714616466077
39.3159696664555 48.16983522640944 40.19720230642016
39.42258998103611 48.341707128025874 40.129336184092
39.422472569042185 48.34170398015004 40.129411334662585
39.42246003375112 48.341703504060426 40.12941954470518
39.42258339816607 48.34170844046383 40.1293384118786
39.422469458035145 48.34170451841202 40.12941249683012
39.42257665795151 48.341709898470604 40.12934054061837
39.4224850705266 48.34170625599223 40.12940074489669
39.42257238790174 48.341711484291025 40.129341006174776
39.422501796240404 48.34170866359252 40.12938742669854
39.42256968559126 48.34171320639384 40.12934034259337
39.387693310022904 48.45840155924407 40.178629851803606
39.42267795572606 48.34171781932475 40.12926876268678
39.387701528927636 48.45879931462652 40.178683717752705
39.38766925946921 48.45883125956849 40.17870438134385
39.429600566646904 48.56144672469989 40.16448369842555
39.429477047634045 48.561975668191906 40.164614102749255
39.42946458004451 48.56201790745058 40.16462706761362
39.429517061265734 48.561841180904565 40.164572512234116
39.42939189909838 48.56237640141424 40.16470463784129
39.4293832448179 48.5624056837389 40.164713636632264
39.429433115315874 48.56223755529075 40.16466179172919
39.42930629997354 48.5627787948974 40.16479564386499
39.4293016403163 48.56279453475587 40.164800488546305
39.429348759273026 48.562635643436295 40.16475150342571
39.42925029671318 48.56304081693361 40.16485516253315
39.42926357300022 48.563036704965455 40.16484208131425
39.42922196394926 48.5631767612995 40.1648853337884
39.42917819407972 48.56343735629636 40.16493284068891
39.42914243789477 48.56355707054524 40.164969997757105
39.37749258278563 48.68715290988198 40.20288412973959
39.37745512600464 48.687170897406475 40.202909150469196
39.37747454424186 48.68716449003038 40.202898450597914
39.377443848741024 48.68717920930263 40.2029189382482
39.37745603034283 48.687176157304236 40.20291297910794
39.377433186139754 48.687187065722995 40.20292819064951
39.377436490294215 48.6871881002465 40.20292802406215
39.3774227059844 48.68719467176286 40.202937194470906
39.37741745305708 48.687199673281846 40.20294263315249
39.37741156926817 48.687202469720525 40.2029465408236
39.37747207208834 48.687173430451836 40.20290613760757
39.377406052151 48.68720638922815 40.20295121490822
39.37745413362073 48.68718445215636 40.2029199942984
39.367657013328056 48.74352791488129 40.21054155026462
39.36765755310551 48.7435336549229 40.21053714269598
39.3675849441003 48.74363886158275 40.21058473203031
39.36757977613296 48.743652753202284 40.21058413917075
39.36750980432147 48.74375423956458 40.210629937349964
39.367431614325454 48.74387401616475 40.21067715488488
39.36734934368671 48.74399972541971 40.21072703451024
39.36726991474554 48.74412135565615 40.210775027732446
39.367294850823846 48.744082881750145 40.210760140314676
39.36726462523311 48.74412903770971 40.21077848350067
39.36719950419038 48.744230046327374 40.210817030819356
39.367182203998226 48.74425515473612 40.210828344006835
39.36713003592864 48.74433746606151 40.21085835763748
39.326440767754676 48.76150358439308 40.23616824468159
39.3670616964422 48.744443305382134 40.21089891037336
39.326410900698484 48.76158725403067 40.23618218732266
39.32639713855366 48.761644873625784 40.236190607602026
39.326381449324465 48.76166926555615 40.23619588424336
39.32635172845488 48.761751249811965 40.23620962508946
39.32632474505584 48.761829582568 40.23622250853154
39.32633923598415 48.76178543342891 40.236215371784496
39.32632142960141 48.76183400814466 40.23622354729128
39.32630045893272 48.76190448127859 40.236234564309015
39.326291218893644 48.761915861464516 40.23623735945913
39.32626103229953 48.76199697620477 40.23625109012953
39.32623257686402 48.762078110129345 40.236264522308126
39.3262417020954 48.76204844358678 40.236259832939446
39.32622977175053 48.762080082682935 40.236265215708016
39.32619990607742 48.76215902252655 40.236278663011916
39.279563551236755 48.859642013526276 40.22542991742955
39.27943684586363 48.8598277660431 40.22541511422581
39.27952812714157 48.85969367476248 40.22542547530966
39.279413753024656 48.85986030070839 40.22541093918564
39.27926721358849 48.860073265313005 40.2253917315996
39.27913200243 48.86027047278523 40.22537479912246
39.279196894903606 48.86017540356323 40.22538245268272
39.27911951795505 48.86028770030238 40.225372137560285
39.278977339522754 48.860493512435006 40.22535258991422
39.27883977100076 48.86069330335542 40.22533440562606
39.278891699178395 48.86061740805965 40.22534073257348
39.27883378110255 48.860701139249365 40.225332647815755
39.1797675537708 49.013454893974355 40.19543450706905
39.179588537719134 49.01370728533274 40.19533339723623
39.179637479442846 49.01363809353971 40.19536108444886
39.17958469176613 49.01371245833337 40.19533128347181
39.17940452621376 49.01396633303689 40.19522955658792
39.179229134952266 49.01421367254811 40.19513048031012
39.17924355953776 49.014193266132025 40.195138643730125
39.17922901411131 49.01421377835973 40.19513042719584
39.17906196440178 49.01444943775958 40.19503604342761
39.178902530580444 49.01467447605799 40.19494593388758
39.1787451465905 49.01489687196804 40.19485692404673
39.178787208027344 49.01483731112513 40.194880741494416
39.178749627974966 49.01489038417688 40.1948594949325
39.178606051769165 49.01509323182577 40.194778302824346
39.17846801006043 49.015288320966405 40.19470022622026
39.17833770877843 49.01547254042718 40.1946265113002
39.15769441047903 49.14097369283055 40.10026543512422
39.178295441847574 49.01553229230059 40.1946026009286
39.15766635502959 49.1409107374549 40.10033304798027
39.157664198481626 49.14101372879192 40.100255012810095
39.15766243353083 49.14111232636172 40.10018010364343
39.10939280827583 49.23946749558374 40.04330189132138
39.10938283395105 49.23945367562081 40.043322116905024
39.109375065271905 49.23946214992601 40.04331719080676
39.10935576499497 49.23948794609154 40.043299854466866
39.109335836530995 49.23951289742751 40.043283764470914
39.090019630973536 49.32534867985222 39.991983190219685
39.08989344939246 49.32568715912207 39.9917739039671
39.08997880591958 49.32543348564712 39.99193663860383
39.08989380725761 49.32560965090174 39.99184006166882
39.02472932349014 49.34109619042354 40.01033795672279
39.02467465554794 49.34130962356624 40.01019344968309
39.02459642930154 49.34161505217113 40.00998666888685
39.024649470243396 49.341407963204546 40.01012687545292
39.02462132560261 49.34151786448372 40.010052478359995
39.02457031568602 49.34171706626047 40.00991763906276
39.02452143175711 49.3419079827289 40.00978841900019
39.0245143240881 49.341935743672174 40.00976963048081
39.02447436321789 49.34209182573315 40.0096639971772
39.024429471522836 49.34226717618693 40.00954532932127
39.024364410381494 49.34252137564282 40.0093733427679
39.02440174350001 49.34237548940365 40.00947203216914
39.02438643480557 49.342435290364705 40.00943156463576
39.0243460191323 49.34259316703808 40.00932472846788
38.80701732738894 49.61505245830898 39.88114339194574
38.806958639529384 49.61511367088369 39.88112045576116
38.80621121653638 49.615892765778895 39.88082867133866
38.6284545527533 49.829912267184156 39.77643924841886
38.62849425940579 49.829880207949685 39.77645032890627
38.62845616243819 49.82991093538068 39.77644004116458
38.627859903703964 49.83039185224112 39.776279033920055
38.627518282688705 49.83066738070052 39.776186876916164
38.627249807396694 49.83088391409364 39.77611445905649
38.62667826987338 49.831344883996636 39.77596021152331
38.62659718984484 49.83141027869492 39.77593832817739
38.626130782834835 49.831786458087926 39.77581243391542
38.62560297506475 49.83221221378912 39.775669392347844
38.6256905338826 49.83214154318208 39.77569356381272
38.62561365905182 49.832203547027156 39.775672806587224
38.46847829846415 49.96637729012764 39.70893476961417
38.46847297538454 49.966380969227956 39.70893746259619
38.4684704295146 49.96638272911663 39.70893875000888
38.468462295313316 49.96638831709022 39.70894293211741
38.46845986350607 49.96638997279061 39.70894421166499
38.468453536331594 49.966394275730565 39.708947550531974
38.46844777871454 49.96639820476802 39.7089505624246
38.46844520677578 49.96639996344262 39.70895190083279
38.46843707851111 49.966405520468115 39.70895613271142
38.46843663047697 49.96640582279667 39.70895637379408
38.46842877098449 49.96641117589847 39.708960505397265
38.468426211293504 49.966412909897144 39.708961869477356
38.46842020979042 49.96641697696353 39.70896506478188
38.46841644354982 49.96641952629071 39.70896707580992
38.468411315082065 49.966422974283105 39.708969860238724
38.468407134680255 49.96642578187466 39.70897213581296
38.46840229166519 49.96642904119267 39.70897475888526
38.46839833693938 49.96643169450658 39.70897691694535
38.25761400102758 50.16755882442018 39.62200710046971
38.25731321660699 50.167859782401386 39.6218473256273
38.2567189567293 50.16845439814215 39.6215316113161
38.2557523821245 50.16942155453587 39.62101808539184
38.256537951686866 50.16863551962364 39.62143541895032
38.255821236063454 50.16935272185695 39.62105443850083
38.25505611172308 50.17011840209739 39.62064759331762
38.25492470659587 50.17024992280223 39.620577647227684
38.25578448913671 50.169389495567515 39.62103489847735
38.08406182971542 50.36790183200756 39.48487258684009
38.08387559108107 50.36810614820837 39.48473233157545
38.08349971275876 50.36851854345849 39.48444919870185
38.08323615880249 50.368807353490375 39.48425134645589
38.08246750958887 50.36964910458383 39.48367538812699
38.082981900488974 50.36908580282502 39.48406080838973
38.08255893199415 50.36954866754377 39.483744508737146
37.926186358540704 50.56096767663878 39.32506563483477
38.082044854201236 50.37011045287271 39.483361584873656
37.92619311571647 50.56096625538078 39.32505916221835
38.08249710636883 50.36961631462539 39.483698294645436
37.926177363657466 50.560969909258475 39.32507350879348
37.92617541034868 50.560970369359275 39.32507527255314
37.926187690230776 50.560967521808614 39.32506408635705
37.926157786603156 50.560974620174434 39.32509096923994
37.92616749323853 50.5609722615673 39.32508236183922
37.92615865944037 50.56097442923365 39.32509014917919
37.92613863812775 50.56097892995154 39.32510869658499
37.92613837038458 50.56097898775543 39.325108949810314
37.92614834941392 50.56097679232721 39.32509960123898
37.9261580442522 50.56097457646782 39.32509069960081
37.9260947588214 50.56098758666626 39.32515197522181
37.92610825376812 50.56098515812865 39.325138155711635
37.92611928926064 50.560983026779695 39.325127171554314
37.92611259934483 50.56098435667253 39.325133747945024
37.92612920657512 50.56098103070133 39.32511747613703
37.92605683122132 50.56099460925746 39.325190385504854
37.92606932796164 50.5609924238269 39.32517744995235
37.9260797895837 50.56099052952847 39.32516676206475
37.926072808506554 50.56099181390661 39.32517384989749
37.926089610194 50.56098871852758 39.32515680043723
37.926099813231374 50.56098688953011 39.32514633647537
37.92610951684803 50.56098498441534 39.325136745521846
37.76258547796496 50.69356562449351 39.221980154169486
37.76281169942745 50.69337095204916 39.22215745044441
37.926036595213766 50.5609991749655 39.32520909536343
37.92604706227679 50.560997555482956 39.32519780114873
37.92604193889556 50.56099834421272 39.3252033380465
37.92605534936333 50.56099587850786 39.32518971912289
37.92606240218193 50.560994108099635 39.325183588404016
37.926070459567924 50.56099231436017 39.32517608598955
37.56845189937475 50.850540646258125 39.093376485396185
37.76212038289476 50.69397615033371 39.221590001816715
37.762356291648636 50.69377238572089 39.22177677343171
37.76253689233098 50.693617695979945 39.22191651108727
37.76272795885147 50.69345339775856 39.222065951439646
37.76262934969583 50.69353851948759 39.221988009195684
37.762978170591865 50.69323368130267 39.222273010026925
37.56785676022338 50.85111765790245 39.09274410074004
37.56806660896815 50.850914142616645 39.09296720803191
37.5682763421909 50.85071073027433 39.093190212065245
37.7620763612357 50.69401966657391 39.22154146494034
37.5684225034987 50.85056887902208 39.09334582590311
37.56850803685748 50.85048601654107 39.0934365710515
37.7622780892824 50.693846058374774 39.22169959815483
37.762346841786695 50.69378917796951 39.221747791721015
37.76246045730068 50.69368975402553 39.22184095447553
37.76239526337635 50.6937434020968 39.22179597348724
37.56780930359161 50.851163677561345 39.092693655801526
37.56804239270177 50.8509376264302 39.092941465146495
37.56825749096243 50.850729011919086 39.09317017115201
37.67486755963014 46.30378731476775 39.981697902602136
37.675238004796746 46.304187163147674 39.981777713444615
37.67571820507756 46.30470539210519 39.98188125494802
37.79677318825039 46.44645868617783 39.99490116100628
37.79687178154903 46.44654105958976 39.99494795317566
37.79696796162756 46.44662142655437 39.99499357865163
37.797063358078375 46.44670114802161 39.9950388120465
37.797157686456 46.446779986245645 39.995083518571846
37.89587655040994 46.47353045018118 39.99818599376525
38.05468332331686 46.747834042230366 40.142150339947776
37.955346098699216 46.71882821715736 40.14279209166209
38.05478288435812 46.7479651691505 40.14220814181133
38.054739273194485 46.74799559654054 40.142240738169995
38.05506816067987 46.748793827572115 40.14267231098972
38.05540858069243 46.7496242463113 40.14312178377656
38.055752852548466 46.75046524327246 40.14357712147509
38.05610233616862 46.75132139004905 40.14404094635229
38.05646889702189 46.75222873970371 40.14453361044295
38.056716173255474 46.752781931092 40.14482713559346
38.05669096610464 46.75279116999515 40.14484047368351
38.056880134356945 46.753271247475865 40.14510251568765
38.11882749360448 46.92456950043176 40.2102325372821
38.11938673609223 46.92563317641307 40.21071455192074
38.119705861344585 46.9261759786756 40.210922995617054
38.1196289804726 46.92609792914672 40.2109275015155
38.11999264688605 46.92679430652532 40.211245812050734
38.319429597528746 47.105420129199885 40.24746791093883
38.319712666809984 47.10536959448647 40.24731891357112
38.319543574717954 47.10543891036394 40.24744963474402
38.31965906754182 47.105456639820304 40.247429727971735
38.319898188395825 47.10548536051391 40.24737999679749
38.320208475414866 47.10542257623927 40.24720879357734
38.32001224820961 47.105501835628296 40.247359234241905
38.32013844028911 47.1055191457026 40.24733528507513
38.320385875960135 47.105544704638355 40.24727938896325
38.320743941905164 47.10544803731165 40.24705600615505
38.320472118516236 47.10555768987136 40.24726425309912
38.32063047166915 47.10558121272369 40.247236120606985
38.456590229490395 47.202546224363296 40.267398935790794
38.45652908359012 47.202553539571845 40.26743666220384
38.456573698724675 47.202563730228 40.26741947575461
38.45705428618311 47.20267327691288 40.26723419575423
38.45768020392994 47.20266775233417 40.266894197596194
38.457202359010836 47.20270910698933 40.26717849321779
38.45754411083378 47.20279417331235 40.26705151048909
38.458124958502616 47.20284820869207 40.26677539203514
38.45781846013618 47.202866193892866 40.266952057088275
38.45804461059619 47.202924510437924 40.26686937608724
38.458587278891706 47.20302169163634 40.26664250419654
38.458442491017294 47.20302710404604 40.266723906133265
38.45923850605446 47.203005897530964 40.26628206798684
38.458552819784686 47.20305494107741 40.26668316151683
38.60364783836742 47.36919607660762 40.32872690390221
38.60518776389513 47.36988532899551 40.32852212604749
38.60394578631384 47.369342109179115 40.32870065515481
38.6055057842299 47.370108891394054 40.32856552582855
38.86966047837892 47.411336453845635 40.24766338620575
38.869450364890845 47.411291615378 40.2476887516917
38.870071351086786 47.41143298285709 40.24761988696209
38.869720128185946 47.41146902423722 40.24773883665169
38.87021693658046 47.411757065942574 40.24780439696353
38.870132628793506 47.41173722728442 40.247813300811764
38.87063095360543 47.411857215765934 40.2477625525439
38.87023878760952 47.411806313543636 40.247832507965924
38.87075328755719 47.41213744810777 40.247923048825896
38.871188468024286 47.41227636204347 40.247902269399546
38.87083588681173 47.41219221151256 40.24793868946549
38.87160027649465 47.41237673947415 40.24786117362825
38.87128545427545 47.4124962262035 40.248027921838
38.87173933180456 47.4126905839583 40.248040371748424
38.87148189016999 47.412627672675036 40.24806595207695
38.87214436488388 47.41278927775907 40.24799992994831
38.87180949725658 47.412849359022026 40.248131077789566
38.87228159036801 47.41309687803765 40.248175311799
38.87211578728052 47.41305669419824 40.24819201669187
38.87267542477086 47.413191166821456 40.24813483209437
38.872324617734364 47.41319719491405 40.248232970919716
38.87280956123947 47.41349384015652 40.248307643497654
38.872734561891676 47.41347642208481 40.24831572303125
38.98311354733697 47.5125389685097 40.23834192318396
38.9831388236212 47.512468348452174 40.238269029749894
38.872827309774635 47.41353894212621 40.24833399441653
39.00136235212498 47.5772202997851 40.27132069980772
39.00139924951256 47.5772712584372 40.27129058264088
39.00137189439276 47.57730731071221 40.27134129864945
39.037621909240585 47.58690476451491 40.26346632002377
39.0014124378845 47.577682912559574 40.271431090856694
39.037785501825894 47.58756974436223 40.26364659410049
39.001433903761566 47.57787634023379 40.27147654158256
39.03791637411664 47.58770790239833 40.26359347364393
39.03805000197572 47.587853459091065 40.26354148444147
39.03786790461225 47.587898169924706 40.26373412753816
39.038081726846656 47.58836440434724 40.26376785402536
39.038028653874775 47.58831300304397 40.26379171426961
39.038214542833295 47.58850514407234 40.26371421010117
39.03834828798243 47.588647300500526 40.2636604074151
39.03814634575189 47.58861680188694 40.263833916518244
39.038383383478504 47.58915987129228 40.26388444040795
39.038348548537364 47.58912525318647 40.263899660154465
39.038516076811604 47.58929663368107 40.26382891815473
39.038648789309434 47.58943470207517 40.263774032408314
39.038422903393815 47.58931124280193 40.26392334449914
39.03868827686773 47.5899504998036 40.263995576332604
39.0386724049696 47.589935032007304 40.26400266391383
39.03881962077444 47.59008241617551 40.26393888734943
39.03894981422016 47.590209243090335 40.263880723642735
39.03870682928612 47.59002031595666 40.26401321609488
39.038975132813874 47.590664152467724 40.2640850034189
39.04889483772803 47.741571491288795 40.3088209363155
39.0487781467889 47.741423337554785 40.308857813546055
39.03924921588911 47.59096827285231 40.263981159910244
39.04899095519431 47.74171951453328 40.30878793557711
39.04914604884911 47.74192270513372 40.30873828781769
39.04904490790734 47.74179466412484 40.30877021348409
39.04927552478677 47.742087069047535 40.30869737243012
39.04923555096624 47.74206073822018 40.30870753841374
39.04939352025805 47.742268439257906 40.30865689506882
39.04929729797884 47.742147040582736 40.308687226167145
39.04952093142617 47.7424290513205 40.30861674637703
39.049487941090256 47.742414099949166 40.30862445156565
39.04963709459985 47.74260791923677 40.3085768658411
39.04953256437571 47.742476762081196 40.30860974270998
39.049753405170655 47.74278698732199 40.30853693740789
39.049747750658895 47.74277993039979 40.308538712031805
39.04987807345267 47.742942655312845 40.30849780317445
39.049760170940885 47.742797450157056 40.308534610082546
39.049993483039785 47.74311963503951 40.30845825487211
39.049947684547426 47.74306290184725 40.30847258553308
39.050119825392756 47.74327615608224 40.30841872011367
39.05007125295565 47.74323892475705 40.30843160180462
39.05023463144636 47.743451829878396 40.30837941705437
39.05013045871665 47.74332331282965 40.308411960117894
39.05035015787612 47.7436280150137 40.30833992707207
39.05029971691407 47.74356599706162 40.30835566331007
39.050466994355304 47.74380559691366 40.308300050001286
39.05045894617802 47.74379571211818 40.30830255975135
39.05059228494203 47.74395937026439 40.308260990286485
39.05048748776949 47.743836871908385 40.30829304266631
39.05070528553054 47.744131886033585 40.308222345248836
39.050616374948255 47.74402303820242 40.30825003559927
39.050816808290314 47.744302391121934 40.308184180816575
39.05076738406478 47.7442420020316 40.308199561600816
39.050925380434485 47.74446912745536 40.308146951132755
39.050914987244234 47.74445644765446 40.308150183552975
39.05104005522799 47.74460910905451 40.30811127795589
39.05094965439701 47.744506705058186 40.30813859726151
39.223235116534795 47.989232832498715 40.2336767712078
39.051061121202935 47.74466849712276 40.30810132343042
39.22377000068289 47.9899510022 40.233428299671644
39.22354066810583 47.989654795717776 40.23353211388075
39.22435820518993 47.99071240283639 40.233161642725634
39.22430693681405 47.990672673332625 40.23317870167054
39.22427092124987 47.99062611898232 40.23319501367476
39.314087052447704 48.16613380592668 40.198163795334395
39.22439592145775 47.99079247641159 40.23313728951621
39.31443090054458 48.16686599642861 40.19798807685958
39.31420879834673 48.1665225591092 40.19810132904952
39.31477338410431 48.16759579647625 40.19781305471733
39.31464500098612 48.16739787046777 40.19787851744238
39.31508902192967 48.168083088978676 40.197652109254385
39.31511590255215 48.16832524435678 40.19763801556877
39.31507352452313 48.168260100553226 40.197659623817
39.31542830904423 48.168805726811684 40.19747872129431
39.31525770654647 48.168628648159235 40.197565545948635
39.315765084003075 48.16952278391582 40.19730661758049
39.31550906825916 48.16913100337106 40.19743715473084
39.31609674760168 48.17023021939719 40.19713712351593
39.31592741502764 48.16997207227309 40.1972234608098
39.36621134038077 48.33230828336409 40.16312302062313
39.36618086312898 48.332309599906665 40.16313623849841
39.42246397053647 48.34170546489649 40.12941455071538
39.366201229814806 48.33230898607267 40.16312805509051
39.366197119870066 48.33230916324332 40.16312983665796
39.42245863311638 48.34170706023214 40.129415648598595
39.38759093589592 48.45816603435142 40.17864633259947
39.38764803580758 48.458449752348656 40.17865933446765
39.38757762372238 48.458525271398344 40.178705269622654
39.387615346504305 48.458888825952755 40.178739515448754
39.387555894066395 48.458952991306035 40.178778359187305
39.42943190387423 48.56213026794155 40.16466107644928
39.429407146919615 48.56221554945397 40.164686845788495
39.429346472625205 48.56253117699055 40.164751891665745
39.42932685033441 48.562598345910736 40.16477230883484
39.429260201132166 48.56293497923986 40.16484358146445
39.429246769497325 48.56298052283657 40.164857549503175
39.42917363390421 48.56333911375511 40.16493556692008
39.4291676529912 48.56335918196213 40.16494178293245
39.42921915658035 48.56318620034201 40.16488825185176
39.37740578322497 48.687190299541754 40.20293876873528
39.42913305878869 48.56358832499197 40.16497974171031
39.37740300131836 48.687192575499765 40.202941358799805
39.37743707053335 48.68717947808395 40.202921141319806
39.37739328102563 48.68720020617995 40.20295015828652
39.37741832559945 48.68719131123797 40.20293586692169
39.37738394543152 48.6872075076826 40.20295858835911
39.37739833535247 48.6872035242848 40.2029512545707
39.37737472296795 48.68721461674042 40.20296683534212
39.37737831865748 48.68721556963304 40.20296651945178
39.37736552656865 48.68722155984635 40.202974945470295
39.377358920778676 48.687227183805234 40.20298126664981
39.37735552215074 48.687228772243635 40.20298350291431
39.3773526649027 48.68723085616947 40.202985965650214
39.36764966905151 48.74353856236521 40.21054636010855
39.367571836580915 48.743651604824024 40.21059720688272
39.36756720450894 48.74366459785111 40.21059633868232
39.36750225399937 48.74375895705707 40.21063875353727
39.36748779733715 48.74378619233566 40.21064432025257
39.36743089115062 48.74386890818107 40.21068145496965
39.367411870834715 48.74390270153353 40.21069004661676
39.36735685035833 48.74398271107469 40.210725929248525
39.36733974418621 48.74401367042567 40.21073330393674
39.36728005585823 48.7441005269223 40.210772194080356
39.3264815999699 48.761364059787866 40.23614655198532
39.32645242968726 48.761447151335275 40.236160313165946
39.326425084439556 48.76152745572442 40.23617346580201
39.326439364975634 48.761484042672265 40.23616644262633
39.32642262433589 48.761531182570955 40.23617428294683
39.32639955194377 48.7616038878631 40.23618589844226
39.326393866847745 48.76161208254035 40.23618774306712
39.32637427111178 48.76167971365453 40.23619822392777
39.32636480949437 48.761693066955274 40.236201264078396
39.32634933660637 48.761754650941604 40.23621039629151
39.32633618566514 48.76177231964415 40.23621452856661
39.32630725744194 48.76185165450118 40.236227854493535
39.32627994048873 48.761928578387604 40.236240648359804
39.32628747916128 48.76190548085944 40.23623692201078
39.326278367438526 48.76193020548819 40.236241091733575
39.32625633967646 48.76200178871641 40.2362524084454
39.326249202058406 48.76200875204175 40.236254376310285
39.32622022600962 48.762086168569596 40.23626750973541
39.32619224742895 48.76216353889563 40.236280465180684
39.326198395563814 48.7621439249819 40.23627734485723
39.32619055587543 48.762164582835716 40.23628086808158
39.27955587806451 48.85965307317543 40.22542880903893
39.279520105101895 48.85970443578649 40.22542341961818
39.279377747812866 48.859911506840916 40.22540496648808
39.2792536581551 48.86009250587938 40.225389440675855
39.279341630819744 48.8599640169997 40.22540025666313
39.27923529334292 48.86011841602445 40.2253861614206
39.27909778014005 48.86031759733008 40.22536739213918
39.2789661920132 48.860508459076485 40.22534972548258
39.27900276340307 48.8604550534789 40.22535423180579
39.278961334106185 48.86051494374791 40.22534844493806
39.278829658302186 48.86070489524741 40.22532960554708
39.17975695684368 49.01346919929165 40.1954286707458
39.17974199681714 49.01349026907884 40.195420226367325
39.17958065691779 49.01371755200425 40.19532914406443
39.17940724464777 49.01396193919866 40.19523122356436
39.17934799303962 49.014045455936596 40.19519776265868
39.179235229666915 49.0142044391923 40.19513407284822
39.17907268335094 49.014433747710015 40.19504223301884
39.17891013978059 49.014663271430194 40.1949503433726
39.17894503676106 49.01461386594808 40.194970101533784
39.17891262863427 49.014659607191774 40.19495178550156
39.17876531476087 49.014867647364355 40.19486850041437
39.17862514372296 49.01506568521401 40.19478923366573
39.17849023310393 49.01525634931661 40.19471292800779
39.17834442170273 49.01546287231134 40.19463035057924
39.178464527069515 49.01529268044927 40.19469838822138
39.17835924952392 49.0154414964152 40.19463883576738
39.17823640904558 49.01561520798496 40.19456933220572
39.157627032656556 49.1409243806045 40.10034917370463
39.15763666134844 49.14105083816443 40.10024503618624
39.15762543005708 49.14098881204577 40.10030052667771
39.15762479487341 49.14102231605415 40.10027509614898
39.10932611954034 49.23944629518023 40.04336058712155
39.10930696097128 49.23947177295473 40.043343516719446
39.1092897775369 49.23949647290911 40.043326218915
39.09001816688437 49.32531749446852 39.99201083620959
39.10928323751702 49.23950423162427 40.043321400451404
39.024875442858516 49.34052597561264 40.010724193776554
39.02481746971845 49.34075220832092 40.010570953522084
39.0247614517061 49.340970844868565 40.010422880094666
39.02469093284768 49.341246102941994 40.01023647544767
39.02473393062509 49.34107827135599 40.010350132687876
39.024706931471385 49.34118366709192 40.01027876468271
39.02465461706767 49.34138790280501 40.0101404791964
39.02460442817984 49.34158386075292 40.0100078115006
39.024527603478305 49.34188387761426 40.00980473341311
39.02458839872722 49.34164645143409 40.00996543958211
39.024555600183156 49.341774526245274 40.00987874041416
39.02450896945235 49.34195662554943 40.009755477066115
39.02445820773898 49.342154883572306 40.0096212929856
39.02447077870757 49.34210577403954 40.00965452362535
39.02446430742094 49.342131047589 40.00963741739192
39.024422270379375 49.3422952230314 40.00952629644745
39.02438216830736 49.34245184612068 40.009420290250915
38.807019275379886 49.61504394176835 39.881148471635996
39.02436365048544 49.342524172189016 40.00937133997328
38.807037280185 49.61498457122231 39.88118253906665
38.806284272873285 49.61577126023414 39.88088739379582
38.62865809722445 49.82974793318009 39.776495961320904
38.62846275390304 49.829905493209 39.77644316548375
38.62788699449024 49.830369880963474 39.77628764264285
38.627662211701505 49.830551178042725 39.776226978187466
38.62730047337803 49.83084293487427 39.77612936103105
38.62670426990914 49.83132384159484 39.77596800063689
38.62677690856758 49.831265206466284 39.77598812703669
38.62672248941493 49.8313090974153 39.775973445299506
38.626190313889566 49.83173832608232 39.77582975746898
38.625894400497465 49.83197699370563 39.775749889593165
38.625670140669136 49.83215787053375 39.77568934982269
38.468475427850876 49.96637873705731 39.70893727778834
38.468473200015815 49.966380260052446 39.70893843788302
38.46846690518884 49.96638456186917 39.708941718641896
38.46846004275348 49.966389485505466 39.70894483537007
38.46846018519911 49.96638916912167 39.70894519172841
38.46845874634681 49.96639015677157 39.70894593307527
38.46845071878476 49.966395664405184 39.70895007427818
38.468448195409785 49.96639740078906 39.70895136595324
38.468443025385255 49.96640095862659 39.7089540119297
38.46843672692225 49.96640566966534 39.7089564949942
38.46843718728382 49.966404970598504 39.70895701085837
38.46843539746075 49.96640620460278 39.708957922338
38.468428236859225 49.966411154885805 39.70896154265266
38.46842705040593 49.96641196462434 39.708962163117434
38.46842043428579 49.96641648667672 39.70896561001701
38.46841753993114 49.96641845686655 39.70896713380251
38.46841236490094 49.966421973481886 39.70896987014989
38.46840857624106 49.966424546167524 39.708971877062126
38.468404284064846 49.96642745762304 39.70897415687227
38.4684000819264 49.966430296079594 39.70897641230094
38.46839588692514 49.96643312818037 39.708978666916025
38.25743967987946 50.16773352867334 39.621913475282255
38.25701408765732 50.16815943035479 39.621687171111596
38.25664463239354 50.16852915995693 39.621490696466324
38.256192310695596 50.16898186118728 39.6212499951281
38.25507108884361 50.170103621672396 39.62065480273412
38.255859600185225 50.16931486820991 39.62107288141056
38.25538676981873 50.16978812518101 39.62082115791347
38.084076171418324 50.36788609457933 39.48488339447979
38.25510524296477 50.17006991160618 39.620671259562
38.084250836380136 50.36769444107362 39.48501499996766
38.08354141923356 50.36847265362381 39.484480867897254
38.08408936259174 50.36787165064905 39.484893275355994
38.08363067604611 50.36837473651766 39.484548079820364
38.083073117913706 50.36898500330523 39.48413090664902
38.08296241833627 50.369106174765456 39.48404806626736
38.08355461354081 50.368458139865524 39.48449087908756
38.082121146641285 50.3700264266849 39.48341967300333
38.082603477609666 50.36949897155205 39.48377964867367
38.0822771582901 50.36985559135843 39.48353654803502
37.92617802479178 50.560969855478426 39.32507268974183
37.926189793436414 50.56096741452393 39.3250613418083
37.92618470665872 50.56096856769466 39.32506603302391
38.08216330033729 50.36998003180717 39.483451706774055
37.92616966555766 50.56097193475263 39.32507999761728
37.92616596100933 50.56097279616522 39.325083367054695
37.92617971944016 50.56096971423271 39.325070597706556
37.92613874655416 50.56097890662299 39.32510859386363
37.92615052895531 50.56097627647907 39.32509763855527
37.92614657883812 50.56097717162991 39.32510128223949
37.92616020311037 50.56097414919213 39.32508857327115
37.926121774787596 50.560982592677966 39.325124597514424
37.92613212086575 50.56098041422058 39.325114692216744
37.926125360168875 50.56098186924288 39.32512109627158
37.92614139617988 50.5609783816225 39.325105985453526
37.926081961427535 50.56099019076918 39.325164424534385
37.926094560890405 50.56098794263803 39.3251514801003
37.92609407061445 50.560988033161614 39.32515197717082
37.92610430986899 50.56098615817889 39.325141562091844
37.926113676351385 50.56098430487435 39.32513233568059
37.92612299317281 50.560982392106425 39.32512330911894
37.926047327982005 50.560997512867246 39.325197517725364
37.92605979120749 50.56099493218081 39.3251854906044
37.92607062813862 50.56099328024408 39.325173743332
37.9260653512456 50.56099407145592 39.32517949220341
37.926077487322615 50.560991503795194 39.32516789996744
37.92608604551606 50.560989752055846 39.32515959689735
37.76272733447237 50.69345449229145 39.22206407385233
37.76294950411794 50.693263316360316 39.222238170271865
37.92606024543667 50.560996756102114 39.32518087440567
37.92605562586581 50.560997521049735 39.325185749686824
37.92606555370971 50.56099505584181 39.32517706124885
37.76233670377736 50.693801033350375 39.22173204535833
37.76244303295958 50.6937094490204 39.22181558761504
37.7626418605452 50.69353745697836 39.22197363953413
37.76254866607236 50.693618514942045 39.22189845664518
37.76257464178391 50.693591797418975 39.22192968772281
37.76288499419071 50.69332463924522 39.22217313845802
37.92605965174356 50.5609979313291 39.325179155146316
37.762438143642186 50.69371404503791 39.22181078766554
37.6165188083537 46.25447666184643 39.95356540422689
37.61687737479211 46.25489411874535 39.95360965945988
37.61724771238651 46.25532528679743 39.95365535204559
37.61763328260011 46.25577419719416 39.95370290639194
37.61803437544549 46.25624118785318 39.9537523576623
37.671474266592796 46.30012124742706 39.98097020355214
37.67218922677883 46.30089377090584 39.98112343981937
37.672958100829376 46.30172447604275 39.98128830286539
37.673663525408315 46.30248669213972 39.9814394993397
37.67340906738056 46.30221163279715 39.9813850737395
37.674295277236595 46.30316911129169 39.981575094449774
37.67494900041588 46.303875056089 39.98171560907059
37.673759646854876 46.302590280327365 39.981460367750735
37.67454569654675 46.303438964406936 39.981629480106
37.67533409986874 46.30428989799482 39.98179938471745
37.796724896374215 46.446418508614336 39.994877870289045
37.79682040656527 46.44649829761802 39.99492321785995
37.79691588656263 46.44657807019264 39.99496853183872
37.79701067478156 46.446657262594805 39.9950135223193
37.796995154307 46.446644303731205 39.995006138183875
37.797093730184756 46.446726628574694 39.99505299655964
37.79717716951781 46.44679633700397 39.99509260554062
37.95503034884314 46.7182797518691 40.142504161486976
37.79701342034102 46.44665956708886 39.99501480211385
37.79710804742339 46.44673864447829 39.995059673171895
37.95517640756196 46.71860712456504 40.142676782514
37.955837057340865 46.7197979491917 40.143302380417495
38.05533484391678 46.749725800835286 40.143209925478814
38.05565361034623 46.750501276297086 40.1436294095487
38.055964178248516 46.75124962565733 40.144033371254075
38.0563069024367 46.75209408101827 40.144491433553576
38.05649500786656 46.752482626212924 40.14469344868536
38.056401213986014 46.752331116584166 40.14462055342661
38.05663081221814 46.752709996552944 40.14480426648883
38.056683676293986 46.75304017196021 40.145006696762245
38.11838379542535 46.92385921014332 40.20998881326769
38.1188639462065 46.924763949282436 40.21039382997864
38.119372688075984 46.925726705557324 40.21082726488548
38.119355179743124 46.92570064522909 40.21081969009157
38.11955978954696 46.92600194466059 40.21090483604213
38.119406212155454 46.925797931937055 40.210863907098584
38.11996243492584 46.92686112604118 40.21134878071304
38.198475649695794 47.138677330904805 40.28706035755193
38.31938581227921 47.105497668295484 40.24756529245309
38.198479296772376 47.13869169398578 40.287080260939064
38.198489378125686 47.13873041877064 40.28713418625473
38.31955138042407 47.105634770063574 40.24765582774728
38.31984906965934 47.10556169876412 40.2474778902408
38.31961828092872 47.10564551880542 40.247644806954554
38.319779964505614 47.105668984747005 40.247615494664885
38.32001600911913 47.10569447204432 40.24756334991178
38.320341057003375 47.10560589682217 40.24735968956277
38.32007214134572 47.1057025034008 40.2475530504404
38.320251396152706 47.105728774200294 40.247520824092874
38.32050253629996 47.10574949595127 40.24745852599825
38.32045344895123 47.10576694103888 40.247493619908354
38.32048446833533 47.10577352981058 40.24749022109067
38.456436268942014 47.202720063550274 40.26759742630989
38.45700960135924 47.202721705872705 40.26729045602257
38.45656640963867 47.202753889982255 40.26755002481619
38.45690132281533 47.20284267086206 40.267429190263535
38.45746035810593 47.20288462696228 40.26715674815792
38.45712338478998 47.202903134677726 40.267350136019495
38.45737912484425 47.20297619011009 40.267261370907256
38.45793313057727 47.203044662484615 40.26700928918993
38.45765532766157 47.2030548833518 40.26716536507658
38.45787116909462 47.203114337542054 40.26708898092796
38.60227006018146 47.36860946024636 40.328941834603846
38.601837116611684 47.36842229667226 40.32900638798766
38.60371067389622 47.36923920395998 40.32873437661918
38.602408024754126 47.3687024678094 40.32895646449561
38.60423197038833 47.36959009861301 40.32878909343311
38.60406062474557 47.36951491805661 40.32881347372573
38.6056902708129 47.37023577732993 40.32858774339455
38.60428138599926 47.36962363558452 40.32879456971742
38.60610530031692 47.37052029887181 40.32863674714937
38.86980728805941 47.411661816062434 40.24784845043348
38.606515466959316 47.37072342850021 40.32860282298341
38.86990414694278 47.411874036551374 40.247968865334826
38.870358540202176 47.412074167499 40.24798515871526
38.87010602080378 47.41201312264281 40.248010707604664
38.87077030452669 47.41217656108503 40.24794546526529
38.870434942633665 47.41224225941047 40.24808061947563
38.87091147769709 47.4124854874409 40.24812070409283
38.87071134446275 47.41243524282717 40.24813966737248
38.87132620392797 47.412589495916784 40.24808133089787
38.870971964246834 47.412619134711505 40.24819667307293
38.871463548855104 47.41289364582201 40.24825430110889
38.87130418914636 47.412853210325665 40.248269106255314
38.87187392621196 47.412997509160036 40.248215992881455
38.8715072174375 47.41299505864462 40.248312544295636
38.8720047248525 47.41329748439523 40.24838783767504
38.87190204971806 47.41327139111845 40.24839734848307
38.87240696478255 47.413398814575814 40.24834996240987
38.872031953785665 47.4133622438155 40.2484252060686
38.87253145686243 47.413691678141205 40.248518591984094
38.87249636712343 47.41368295077741 40.2485219734877
39.0013330117953 47.577362218326186 40.27141479477194
39.0013655414934 47.57731843335495 40.27135413415374
38.8725389919299 47.41371194070679 40.24853054794737
39.00135173151496 47.57789516792924 40.27159448758116
39.00138580827332 47.577933872798354 40.271563459081165
39.00136082082847 47.577982441180986 40.271615797528625
39.00141977258937 47.57789508033727 40.27150278523001
39.001402739188975 47.57838527120297 40.27171420635972
39.00144172964781 47.578506041987374 40.27170811126092
39.00141914721421 47.5785414215618 40.2717521385988
39.03795667468301 47.588247301368995 40.26382608380174
39.0014577398344 47.57890703249836 40.27184071773607
39.038127591120144 47.58890974770556 40.26399824145008
39.00147954546213 47.57910337802524 40.27188683261225
39.03825435189278 47.589033637615415 40.26394181518029
39.03822934192546 47.589296240006846 40.26409678336981
39.038428794454674 47.58969544661261 40.26411035696487
39.03835975479468 47.589629715919315 40.264141963849156
39.03855833848933 47.58982458502996 40.26405395864511
39.03852294851111 47.59004658679678 40.26419828640758
39.04849452598586 47.74106275595115 40.30894749420128
39.0484263561723 47.74097722550372 40.3089689345588
39.04862845141369 47.74123263368931 40.30890518633701
39.04876197228983 47.7414028265443 40.30886292261031
39.0485569615613 47.741158968995 40.308926051587186
39.048752042447305 47.74142220630664 40.308862829717086
39.04869047763593 47.74134464468821 40.30888222485562
39.04888429139176 47.74159004098376 40.30882104303252
39.04901567941544 47.74175752377971 40.30877945355586
39.04880805892616 47.741508385815784 40.30884360596633
39.04900780906672 47.74177879628842 40.30877878274393
39.048946563072604 47.74170171549 40.30879806944741
39.04913778651489 47.74194394338474 40.308737694073606
39.049265533656396 47.742106724323506 40.30869726321624
39.04906772956988 47.741870917766285 40.30875822569828
39.04926115064413 47.74213208643903 40.30869552446083
39.049194648323606 47.74204837710579 40.308716467745526
39.049387151524606 47.742292137614896 40.30865569724918
39.049511402983036 47.74244997511937 40.30861642214691
39.04933403225756 47.742243762159205 40.30867055840718
39.049510327069 47.74247950004556 40.30861364189915
39.049430118730974 47.74237850249297 40.308638905182626
39.04963230686633 47.74263410183867 40.30857512020821
39.049611108056354 47.742633287920995 40.30857918315935
39.049755123293906 47.74282013796258 40.308533266262515
39.04964991402605 47.74268796255519 40.30856637349569
39.04987230870813 47.74296821954822 40.30849630346647
39.04987860700945 47.74300732138639 40.30849117112503
39.04984835851494 47.74296950871181 40.30850067064547
39.049994730779495 47.74315320884685 40.30845462931228
39.050109935498334 47.74329765601257 40.30841840556284
39.04992553904932 47.74307890411532 40.30847512766782
39.050117135533114 47.7433383005077 40.30841294807051
39.05004505102068 47.74324855124317 40.30843554967353
39.0502302680388 47.74347960916743 40.308377430461206
39.05023858607868 47.74352253668099 40.308371532423074
39.05022382984283 47.743504275766114 40.308376147884175
39.05035204958694 47.74366333317156 40.30833600439141
39.05026992443632 47.74357029851242 40.30836082329211
39.05047265410188 47.74384567019926 40.30829493944346
39.05039552944424 47.743750615676106 40.308319023370075
39.05058379701367 47.743982906545824 40.308260206782904
39.050590752857204 47.74402500980712 40.30825464779657
39.05055604056133 47.74398241638652 40.308265468433525
39.05070020289127 47.7441595763312 40.30822050270282
39.05067197098472 47.74414953682982 40.3082268182046
39.05081537565671 47.74433464140506 40.30818119226838
39.05071655584469 47.74421383473504 40.308211951336666
39.05092559446157 47.744503388102096 40.30814345030774
39.05086710901033 47.744432160560656 40.30816162740133
39.051030066012444 47.744630680733856 40.30811097480839
39.05103139044554 47.74466638617187 40.308107119533034
39.05101290758089 47.74464395497185 40.30811285602144
39.22318770726834 47.989198461463054 40.23369199638272
39.17080714324765 47.99255868108509 40.26021615701275
39.22372761863441 47.9899233367513 40.23344119981482
39.22330520485953 47.98937778752578 40.23363240836368
39.224268812808326 47.990650987181745 40.23318956294813
39.22405501024246 47.99037474277159 40.23328636944382
39.314112913116816 48.16637391555326 40.19815022263749
39.31414854592012 48.166629151898235 40.19813166699814
39.31413695951193 48.16661122222479 40.19813757505277
39.31445701235289 48.167107488415986 40.19797437418654
39.31418275734549 48.16670251169454 40.198114182772336
39.314801669245476 48.16784153097284 40.197798242138234
39.31459155315491 48.167517671584726 40.19790538047541
39.3151411976405 48.168566336650784 40.197624727684314
39.31502244105432 48.16838381922628 40.19768528073282
39.31545012281376 48.16904066490296 40.197467210057525
39.31547732728419 48.169283827455445 40.19745295026155
39.31544275508388 48.1692308272207 40.19747057809603
39.31578355460912 48.169752421960496 40.197296811308846
39.31559105919888 48.16952783818277 40.19739482572161
39.36610395149701 48.33231291793648 40.163169584139865
39.36602069280527 48.33231649369718 40.16320564231083
39.36609378902427 48.332313618528936 40.16317463047451
39.36603940163493 48.3323159532092 40.16319818213614
39.38747627428147 48.458628418863306 40.17877057865124
39.38745403473538 48.45865148005929 40.17878497191249
39.387560133117645 48.458543651652036 40.17871662487106
39.387441011147224 48.45907264392404 40.178852787042715
39.387437812608184 48.45907599394494 40.17885486196484
39.38752603200893 48.45898512825245 40.17879785635647
39.38743549341073 48.459140435616945 40.178865400235814
39.387492030401106 48.45942998791895 40.178879531309455
39.387421867778656 48.45950360606162 40.17892506578005
39.42930005244073 48.562690158072925 40.16480019371005
39.429271791094976 48.56278686748186 40.164829599329316
39.429214153752696 48.563091172693326 40.16489146880231
39.42919435895361 48.56315829175357 40.16491205411364
39.37736385658912 48.68720790161354 40.202964804226994
39.377349068556796 48.68721483376367 40.2029745506256
39.37734480749121 48.687219969843824 40.202979802298785
39.37734019709412 48.68722212830325 40.20298283875172
39.37739969679492 48.6871941358391 40.20294354550895
39.37733822805717 48.687223995950376 40.20298487185142
39.37738034770018 48.687206285877224 40.202958695510546
39.37733390779559 48.6872280088041 40.20298926654341
39.37736015448239 48.687218630339714 40.20297424516681
39.37732679555614 48.68723416692778 40.202996152526175
39.37733962422896 48.68723094455174 40.202989870414356
39.377319690684594 48.68724018434358 40.20300292680529
39.37731944935472 48.687242915053005 40.20300512355859
39.37731201947957 48.687246339572695 40.20300997495649
39.37730718849136 48.687250100037886 40.203014323404595
39.37730417725543 48.687252430769774 40.203017023566794
39.36756006015604 48.743668753403 40.210604872450766
39.367492083966624 48.7437678872527 40.21064902762543
39.3674785475371 48.74379345586837 40.21065419835857
39.32656937662891 48.761078642243305 40.236101438999654
39.367399867914024 48.74391403270508 40.210701680373134
39.32654328268319 48.761157024195164 40.23611417319728
39.3673244344876 48.74402984793547 40.21074707084047
39.32651669167959 48.76123585116535 40.236127040258616
39.32650224224135 48.76129454941374 40.23613569274989
39.326489553785336 48.76131533363876 40.23614007086656
39.326476213105146 48.76137268390457 40.23614838979437
39.326462151168016 48.76139478002575 40.23615314364858
39.32645043699582 48.76145024200729 40.23616098258352
39.32643449372392 48.761474198345695 40.23616625772626
39.326406346976995 48.76155415613697 40.23617951320851
39.326378643234506 48.76163242116536 40.23619251460059
39.326351822657955 48.76170938987819 40.2362052269965
39.32636053335098 48.76168311434452 40.23620096454279
39.32635054312233 48.76171098835891 40.23620561642527
39.32632760296976 48.76178229641914 40.23621706270915
39.326323080155 48.76178736106701 40.236218377941846
39.32630366440995 48.76185551483299 40.236228882268335
39.32629527769505 48.76186388956664 40.236231214696296
39.32626769389753 48.76193920385511 40.236243886395556
39.32623948861901 48.76201533910352 40.23625675190845
39.326215459761166 48.76208919719993 40.23626865410142
39.32623469135221 48.76202819768673 40.23625893062131
39.326210730440124 48.7620921494154 40.23626978405863
39.2796211564181 48.85955580744735 40.22543468267354
39.27948517770295 48.85975433097637 40.22541787404804
39.279513630329696 48.8597126441178 40.22542122646266
39.27947789554177 48.859764702899255 40.22541668320812
39.279370740619285 48.85992149733174 40.22540383203015
39.27934042720794 48.85996447996558 40.22539865949042
39.27920544891425 48.86016020848173 40.225380481175264
39.279083483913965 48.86033743814429 40.225364471049204
39.27915101631486 48.860239051775295 40.22537305193452
39.27907282257995 48.860352173279864 40.225362224346824
39.27894554168782 48.860535891609274 40.22534413326767
39.2788202333314 48.86071647088944 40.22532599592171
39.17975532090522 49.013471436735074 40.195427762940625
39.27880161481974 48.86074329982215 40.225323299010526
39.17974011373818 49.013492236168624 40.19541932406741
39.179569558038246 49.013732527740444 40.19532303297402
39.179404461305445 49.01396557502312 40.19522971912135
39.179479977758824 49.01385876574919 40.19527245120876
39.179400995644706 49.01397009506399 40.19522784753451
39.1792354131625 49.0142035594218 40.195134322113034
39.17907519336015 49.01442963373215 40.19504378555635
39.17908941968677 49.01440949943401 40.19505183873396
39.17907546264621 49.01442919149034 40.195043952325136
39.178921826871445 49.01464602535991 40.19495712457689
39.17877642401901 49.0148513494484 40.19487492395602
39.17863447505225 49.01505195530101 40.19479463863607
39.17866076520221 49.015014720871065 40.194809527038785
39.17863613851933 49.0150495133136 40.194795600849915
39.178492275481204 49.01525336877856 40.19471410524925
39.178504146789834 49.0152360558964 40.19472094526769
39.17837972434425 49.01541197149888 40.19465055437627
39.17826053140679 49.01558053757118 40.194583111657195
39.15760457542021 49.14087211721333 40.10040473859131
39.17819727848254 49.01566999800468 40.194547319887256
39.157590575452765 49.14083927592294 40.10043957874207
39.15759218373714 49.14093667799363 40.10036330564441
39.10927989521903 49.239431417119775 40.04340146829741
39.10926203687428 49.239456555384 40.04338406274909
39.10927282348002 49.23949055425097 40.043341709521776
39.10925559870584 49.23946578886334 40.04337760422262
39.10924478149079 49.239480957867166 40.043367123436056
39.02490505283514 49.340410512534376 40.0108024587787
39.024847896422955 49.34063352247877 40.01065137860916
39.02477796565607 49.340906413429394 40.010466530957814
39.0248144832675 49.340763910971205 40.01056305777041
39.02479196429659 49.34085179293559 40.01050353327318
39.02473849437327 49.34106047767482 40.010362195487176
39.02468715720181 49.34126086185016 40.01022649443049
39.0246173170421 49.34153353004099 40.010041881758646
39.02466171824192 49.34136016842197 40.01015925050619
39.02463689975297 49.3414570574212 40.010093646542046
39.02458922191709 49.34164319572243 40.00996761701525
39.02454336109829 49.34182225541487 40.00984638998798
39.0245340677892 49.34185854223371 40.00982182428588
39.02449907636901 49.34199517383765 40.00972932871558
39.02445722228144 49.34215860730143 40.009618692341675
39.02440691413317 49.34235510496123 40.00948570683622
39.02442508254178 49.34228411269541 40.0095337345385
39.02441693756934 49.342315919166694 40.00951220420107
38.80705673374035 49.61491860292719 39.88122056005788
38.80631954439673 49.61568973417637 39.88093097028084
38.80618705445168 49.61582807189227 39.880879092374656
38.62844384178238 49.82992062004911 39.77643941476729
38.627901155845024 49.830358342925486 39.776292707540506
38.627816854045165 49.83042633824196 39.77626993204414
38.62735293192104 49.83080052176696 39.77614461968174
38.62690102153563 49.83116500916644 39.77602263602449
38.62680175716361 49.83124507008185 39.77599584770537
38.62627864877369 49.831666986670534 39.77585459665411
38.6260446444281 49.831855720210356 39.77579145551162
38.62574998494416 49.832093372453635 39.77571196931697
38.46847347570662 49.96637966748321 39.70893908873063
38.625255956455504 49.83249182670056 39.77557865335403
38.46847334418908 49.966379728181124 39.70893921463879
38.468464765612694 49.96638557625484 39.708943714022475
38.46846066452176 49.96638837098118 39.70894586700233
38.46845642913614 49.96639126932101 39.708948066702476
38.46844867331305 49.966396648072404 39.70895195457676
38.46844877100653 49.966396508956734 39.70895204589663
38.46844834715475 49.96639680164719 39.70895226083521
38.468441582403045 49.96640152427512 39.70895559057409
38.468437926214904 49.96640404879848 39.70895744515557
38.4684343820545 49.96640650280155 39.70895922947973
38.46842772059678 49.96641122255404 39.70896237226599
38.46842795625956 49.96641096698768 39.708962435249845
38.4684275824162 49.966411226448656 39.708962622265744
38.46842077347942 49.966415945730226 39.70896604097202
38.46841876331711 49.96641733132419 39.70896706529881
38.468413516883956 49.966420929660444 39.70896977413439
38.46841006582114 49.96642328451085 39.7089715797862
38.4684060295459 49.96642604459943 39.70897368000166
38.46840190141031 49.96642886658945 39.70897582981315
38.46839866976952 49.96643107391034 39.708977516346316
38.25756445705253 50.167608966338804 39.62197871358536
38.257270706264016 50.16790295870916 39.621822412977785
38.25675517307489 50.16841892326874 39.621548078241496
38.2564942365323 50.16868009452875 39.62140916448875
38.2559823543689 50.16919242166064 39.62113671207308
38.255704260343435 50.16947075246367 39.62098871286708
38.255246929231156 50.169928510187674 39.62074518994629
38.254922007858994 50.170253743995715 39.62057213955775
38.084214966696166 50.36773111063246 39.48499315551703
38.08390092704279 50.36807558012418 39.4847567560754
38.08315211817536 50.36889710956212 39.484192762617056
38.083694232906524 50.36830225038844 39.484601263537016
38.08327931039084 50.36875691281601 39.48428981930553
38.08275038689861 50.36933578054105 39.483894181719606
38.082622656898664 50.36947550284285 39.48379877151427
38.083204513576355 50.3688388700441 39.48423368271751
37.92619126252073 50.56096730061222 39.32505950964221
38.08231094549309 50.36981650387435 39.48356588744237
37.926193140623056 50.56096693646906 39.32505764335724
37.926171133013824 50.56097177421255 39.32507826932576
37.926181921094624 50.56096948914289 39.3250679703604
37.92617525699666 50.560970987281394 39.3250741437078
37.92619174881129 50.56096726945468 39.32505888890009
37.92615230602381 50.560976008333014 39.32509570623192
37.92616278195563 50.56097376616522 39.32508575583332
37.926155992480915 50.56097527265313 39.325092088533154
37.92617226247507 50.56097165160409 39.325076937026616
37.92613521839918 50.560979915021846 39.325111393343995
37.926144496200195 50.56097787255449 39.325102704557146
37.92613634675683 50.56097969097044 39.32511028357741
37.926153532776475 50.56097584444065 39.325094326090664
37.926094722593184 50.560987917007346 39.32515130695163
37.926107517590765 50.56098561620369 39.32513820036547
37.92611767485417 50.560983635377596 39.32512813194518
37.92611100811695 50.560984955491904 39.325134696814104
37.926126692716785 50.56098177435868 39.3251194160008
37.9261356147088 50.56097985725825 39.325110957974466
37.92607110323123 50.56099310982202 39.32517344180202
37.92608337446622 50.56099067625923 39.32516136607457
37.92608168050177 50.56099094183804 39.32516318631061
37.92609244214904 50.56098901380555 39.325152147054226
37.92610069768937 50.56098726063564 39.32514427567205
37.926108977067855 50.56098546141688 39.325136470840626
37.92606165903257 50.56099621181503 39.325180058286406
37.926071969363804 50.56099470728881 39.32516873560608
37.9260815180959 50.56099260010019 39.3251598041476
37.92607805014734 50.560993422135255 39.32516292432279
37.9260675343299 50.56099620299537 39.32517175778564
37.92607495604129 50.560995163789144 39.325163511943074
37.926078250350045 50.56099436547292 39.32516058598445
37.926070875821495 50.56099533066525 39.325168926235854
37.376218411137614 46.07400563344343 39.84165586231211
37.37621855277342 46.07401391668766 39.841648716332486
37.376218678051444 46.074023618019886 39.84164036940666
37.3762205823424 46.07400943523586 39.84165141841257
37.50293760328239 46.15636714681291 39.90098354578757
37.61585884342638 46.253708503403736 39.95348349302685
37.616177611847355 46.254079612422956 39.953522867353804
37.616499942987275 46.254454873139295 39.95356267255167
37.61682602011877 46.25483449931038 39.953602930354755
37.61716869607034 46.25523345764383 39.9536452203031
37.61753510016339 46.25566004976348 39.953690419109655
37.617924125225755 46.25611298703643 39.95373838924954
37.67124478189083 46.299872126515574 39.98092215530945
37.67195862143978 46.30064365773238 39.98107493711905
37.672532267706714 46.301263794342496 39.9811975872314
37.67211494054996 46.30081258673474 39.981108416985855
37.67309223625688 46.30186908428881 39.9813173721989
37.67269189626079 46.30143597647438 39.981232092783046
37.67341286988645 46.302214680857595 39.98138692832492
37.67415027755244 46.30301092354479 39.98154550069885
37.67489597034644 46.30381586176578 39.98170610038179
37.6756473514811 46.3046266935913 39.98186816695416
37.796762976756995 46.44645048063194 39.994895600809016
37.796851087514106 46.446524063911326 39.99493748828455
37.796827344112955 46.44650425249665 39.99492616303711
37.79692955948499 46.44658955426327 39.99497488846093
37.79685655027914 46.44652865232695 39.99494002759255
37.796950081744484 46.44660679712013 39.994984416382685
37.79704254841866 46.446684060537194 39.99502828177681
37.955431786202304 46.71914373654235 40.14295944807466
37.95609952127652 46.720348006907514 40.143592116371195
37.95678026854492 46.72157824599463 40.14423845225242
38.055870430252526 46.75128228065463 40.14408185286784
38.02938201121523 46.915433617783094 40.21200043677736
38.05602956063056 46.7515990333168 40.14424487858729
38.056209833258656 46.75197008571911 40.14443761587817
38.05636810408959 46.752274339771844 40.14459265044269
38.029492598261555 46.915647867216485 40.21212177750663
38.02983506920146 46.91630715362341 40.21249666911554
38.030172449906225 46.916955038584405 40.212865653067055
38.03051826094936 46.91762327949337 40.21324472964685
38.11849659233645 46.9241964151341 40.21021336413588
38.11896077685442 46.92507360273955 40.2106075427213
38.118951721877664 46.92505867978255 40.21060212518055
38.119171715229264 46.92541412005223 40.21072635788559
38.11897133628147 46.925095835864454 40.21061887483921
38.11947303404932 46.92605106961779 40.21105233712831
38.120011266491154 46.92708218886382 40.211523928885285
38.198443230355 47.13878316845224 40.287144198231644
38.19843039964821 47.13881403872366 40.28716507696946
38.19847164304512 47.13871194921086 40.28709477085391
38.19843689385618 47.138835897701384 40.287196367593715
38.19845085941071 47.13888720722227 40.28726846164796
38.19847057694818 47.13888896775414 40.28729131844911
38.1984583185919 47.13892026843207 40.287313284230805
38.31952809682756 47.1056747200831 40.24770624447328
38.19846384570337 47.1389450653262 40.287346830992334
38.319425528896204 47.10585174641397 40.24792944711205
38.319684727453414 47.10582539991979 40.24781425930848
38.319541194597605 47.10587030090038 40.24791036185409
38.31999469281844 47.10572782349996 40.24760607050409
38.31964796518784 47.10588612642796 40.24789135613829
38.319877929681105 47.10591109583885 40.24784070234255
38.32016169717285 47.105863841253594 40.247694967466124
38.319967505920765 47.10592632017607 40.247826833483494
38.320105453114586 47.10594827933373 40.24780389087002
38.45584617841975 47.202788434798634 40.267960025004285
38.45581647699571 47.20278990714064 40.2679769646962
38.45640116746716 47.20276357098511 40.267645259861354
38.455840951942356 47.20279560704378 40.26796760949435
38.45629598690378 47.202898671897955 40.26779174298049
38.45683915538941 47.20291753547981 40.26751244852667
38.45643970537384 47.20293691626671 40.2677399878769
38.456754974892384 47.20302257143233 40.267627626791324
38.45730060490863 47.203069192149165 40.26736549392386
38.45696688417848 47.203083607369244 40.26755440879813
38.457225606976834 47.203159474478944 40.267465913364035
38.457774107162855 47.203223236324895 40.26721365302939
38.45748324767135 47.20323196496406 40.26737575078302
38.601100482339696 47.368160970140195 40.32917649022539
38.6027906453963 47.36896250646487 40.3289992518476
38.60228669847603 47.36874464615898 40.32907439034203
38.60296131073191 47.36907744308315 40.32901722711559
38.604736990126135 47.36993531656614 40.32884767181707
38.60438772685775 47.369781796391955 40.32889707684846
38.60619264712222 47.370580379057486 40.328647271439635
38.60484478236597 47.37000806187555 40.328859184657574
38.60670232875709 47.370920451807514 40.328697600108946
38.60649610894944 47.37082885638521 40.32872576799931
38.8699507634793 47.411976254000564 40.24802687369499
38.60676632684649 47.37096360553655 40.328704397074766
38.87009259177705 47.41227866912355 40.24819744637037
38.87007368595289 47.41227391419074 40.24819923188616
38.87049795645615 47.4123819532733 40.248160081589546
38.87009883515697 47.4122921627129 40.24820507997473
38.87063412057404 47.41267929251485 40.24832867098646
38.87062773824253 47.41267758536255 40.248329203433954
38.87104622658152 47.412787338963355 40.24829278464489
38.87063625462957 47.41268386048614 40.24833124969353
38.87116329175416 47.413059307123916 40.248448992825416
38.87158954260764 47.41319119243284 40.2484257581698
38.871205126681 47.413089547234996 40.24845864111498
38.871692086693336 47.41344020670029 40.248570025800525
38.872119764002406 47.4135872086881 40.248556834612316
38.87176849075213 47.41349387853178 40.24858657330411
38.872203830100936 47.41380315833885 40.24868324862217
39.00132742758667 47.57805731098679 40.2716895733247
39.00130927876824 47.57811936393145 40.271737883059316
39.00135554873467 47.57799537291555 40.27162787248744
39.00134570174353 47.57851325273463 40.271840257778585
39.00137870754832 47.578606121194824 40.27183149740906
39.0013587976519 47.57865589477248 40.2718774584881
39.001409539197425 47.57855799186846 40.2717714541407
39.001398626884466 47.57908477353606 40.271988697351155
39.00143366253561 47.57915785637149 40.27196959491404
39.001409900634954 47.57919892650961 40.27201739925157
39.001466599287085 47.57911914555436 40.27191033684555
39.00145663691153 47.579681282759886 40.272139894049204
39.00149204411163 47.579712647660905 40.27210425097099
39.00146322820069 47.579748221352105 40.27215675102763
39.03830352069361 47.58957508815614 40.264167162627174
39.04809241607559 47.74055655552464 40.30907413370031
39.04823288842099 47.74073504043739 40.3090297270456
39.04812054222364 47.740595656047645 40.30906490263233
39.048363088086695 47.740898077241 40.30898880980561
39.048345184568305 47.74090841086048 40.30899112796101
39.04848852421361 47.74109116644114 40.30894575150522
39.04837451262652 47.74094923086631 40.30898149751358
39.04861979503092 47.741255900737194 40.30890446166104
39.048597311598236 47.74125923435258 40.30890834690189
39.0487455607836 47.74144941195087 40.308861298835936
39.04863461721391 47.74131121256243 40.30889609133972
39.04887678725951 47.74161424182864 40.30882000766361
39.04886541628564 47.74163395978499 40.30882015122714
39.04900228495312 47.741806611726716 40.30877701045816
39.04887825980313 47.74165193224663 40.30881592407496
39.04913184530321 47.74196956295383 40.30873622191364
39.049128725353526 47.742000428966364 40.30873369003552
39.04910712663009 47.74197357457133 40.30874045840629
39.04925743317075 47.742161353800874 40.30869326626459
39.049384556444096 47.742321315706526 40.30865323730575
39.0491554925993 47.74204156169403 40.30872450887282
39.04938311951016 47.74235353835901 40.30865025235602
39.04933226041777 47.74229031923305 40.308666188440434
39.04950939169402 47.7425115263241 40.3086105826016
39.04963293834989 47.74266668498972 40.308571710434926
39.049453731168505 47.74246178404488 40.3086260590217
39.04963481307278 47.74270267331377 40.308567723251436
39.049546625097946 47.74259305073339 40.30859535616645
39.04975716700605 47.74285561586119 40.30852929890361
39.04976004697792 47.742893549706174 40.30852492643806
39.049744327965456 47.74287409208792 40.30852984356835
39.04988143283448 47.74304455442432 40.308486879615096
39.04999950954539 47.74319186652092 40.30844982717562
39.049784173760315 47.74293056400198 40.30851665710357
39.050005364602825 47.7432332239053 40.30844455023653
39.049944162384556 47.74315761649772 40.30846367989394
39.050122188394965 47.74337826451371 40.308407962512476
39.05011725399097 47.74340446999499 40.30840624211052
39.0502449309441 47.743564525717346 40.30836609970468
39.050131135772254 47.74342426152387 40.30840163624971
39.050357707628166 47.74370395950507 40.308330838290985
39.05036585428409 47.743748535046116 40.308324805969875
39.05030490754088 47.7436737503005 40.30834380455759
39.05047732925418 47.74388571045537 40.30829001711023
39.05048441073073 47.74392954738077 40.30828425941664
39.05047036090971 47.743912367898645 40.308288632991825
39.05059541302233 47.744065477750084 40.308249685077406
39.05070347511875 47.744197826017015 40.30821602467627
39.050512612221624 47.7439729895313 40.30827457565708
39.05070978664738 47.744240375090286 40.30821054164912
39.05063712632325 47.74415181658467 40.308233131101346
39.050815535879224 47.74436931887134 40.308177659444304
39.050819199358685 47.744408839006965 40.30817297962108
39.05079369194575 47.7443778618694 40.30818089840452
39.05092453513851 47.74453670562393 40.30814028385809
39.050864726973884 47.744479805708785 40.30815726211273
39.170803504842645 47.992610007067825 40.260211530275456
39.050950282901276 47.744602650618546 40.30812878787208
39.171009693328344 47.99304266004547 40.26012820310463
39.171135463356315 47.99340294391443 40.2600674092688
39.1710838664706 47.993295739181306 40.26008815125455
39.17134044452685 47.99383225549601 40.25998465357133
39.17129938183116 47.99379636298148 40.25999604975792
39.31384231171933 48.166154218955256 40.1982878216646
39.17151481315035 47.99429740518628 40.25990392072157
39.31418605908665 48.16689048153341 40.19811214639641
39.31408063992038 48.16672730015475 40.19816590104181
39.31448923863275 48.167359771208204 40.19795755110432
39.314452390291216 48.16746357246679 40.19797603027307
39.3148283970032 48.16808522980249 40.19778422296628
39.31454732350918 48.16765186981018 40.197927542785195
39.315164403393965 48.16880343777089 40.1976125066402
39.31497892200999 48.168517974031175 40.19770708290324
39.3154943172609 48.16950962081066 40.197443901978275
39.31540127532463 48.16936654470458 40.19749134348281
39.3158024957022 48.169981800067895 40.19728676703603
39.36588326877299 48.33232260949261 40.16326568080888
39.365879487507364 48.332322768777566 40.16326731082316
39.365988162586376 48.33231814656305 40.16322035536627
39.36588188033888 48.332322698136025 40.16326635298041
39.3873928863645 48.458713833643046 40.17882439312808
39.38733113448823 48.45877817203102 40.17886440290238
39.38735778775058 48.45915724933216 40.17890640198904
39.387317227786745 48.459198850298456 40.178932585434666
39.38732282502948 48.45960227794117 40.17898857839359
39.38730197489941 48.459623234080766 40.17900197566155
39.3874049021953 48.45952077590868 40.17893598421988
39.387291075454804 48.4599922735128 40.17906114362627
39.42925585864089 48.562841284873414 40.16484617504711
39.38728945041339 48.46004530332716 40.17906967506329
39.42917019240899 48.563240120171635 40.164937183734594
39.37729308157851 48.687237805827365 40.20300890237577
39.37730977249448 48.6872332044556 40.20300041066942
39.377286706226 48.68724394636229 40.2030155579083
39.37728977273102 48.687245568247775 40.2030159184679
39.377281415120684 48.687249436124326 40.20302138790084
39.377279753836554 48.68725155001182 40.20302352216376
39.3773237552042 48.687232724163394 40.20299592371329
39.377277857750855 48.68725393902965 40.2030259396741
39.37730291558714 48.68724520130965 40.20301176680009
39.377273191910895 48.68725885210377 40.203031136810445
39.377281927358666 48.68725753696208 40.203027543453295
39.377267718643196 48.68726403376334 40.20303678053932
39.37726192161827 48.68726926482158 40.203042557957765
39.377261250370154 48.68726956955765 40.203042992634586
39.37726093556597 48.68726983628521 40.2030432928738
39.37729938314442 48.68725463055177 40.203020146228084
39.326597084558415 48.76096290405374 40.23608451433079
39.326588786110015 48.76101135371742 40.23609102633058
39.326572135219656 48.76103969823724 40.23609688364232
39.32656049098484 48.76109372061296 40.23610455974478
39.32654655448784 48.76111723797658 40.236109440595015
39.32653273778263 48.76117478441056 40.23611786268689
39.32652067061851 48.76119496329977 40.23612206959349
39.3265056795838 48.76125426734092 40.23613087950889
39.32649424594857 48.761273256055176 40.23613485186251
39.32647902861906 48.76133275804334 40.236143721779214
39.32646774753295 48.76135119640681 40.23614761004423
39.326452695422994 48.761410089331946 40.23615638752718
39.326441359794046 48.76142825516608 40.236160256732546
39.32642677598443 48.76148626492912 40.23616886048036
39.32641505012297 48.76150450186378 40.23617280486606
39.32640138361465 48.76156153795062 40.23618114746506
39.32638906527702 48.76157937611265 40.2361851529526
39.32637633430692 48.76163560427152 40.236193248587085
39.32636323029512 48.76165318445591 40.23619736345027
39.32633719617834 48.76172678251625 40.236209586502774
39.32631157289198 48.76179870493661 40.23622156284234
39.32628495871515 48.76187228817928 40.236233885032426
39.326261457082865 48.7619439581606 40.23624546666426
39.32628124439993 48.76188246008657 40.236235594532005
39.32625765677472 48.76194681118813 40.236246424977864
39.326238538073476 48.76201595431391 40.23625698130504
39.326230102227555 48.76202127614927 40.23625900269536
39.32620239864115 48.76209545037044 40.23627157584999
39.279597454659005 48.859589573725735 40.22543081577883
39.32619314911153 48.762119985334 40.236275749640285
39.279577658765035 48.85961768865404 40.225427488835116
39.279441002503 48.859816670365035 40.225410002209614
39.279308340523855 48.86000970572917 40.22539288079616
39.27932468082736 48.859985809390494 40.225394855732134
39.27930465014293 48.86001490990454 40.22539221911695
39.27919676098597 48.8601724108175 40.225378868182155
39.27917455600432 48.86020340811558 40.225374533045226
39.27904758113382 48.86038701156531 40.22535685121941
39.2789278401484 48.86056014993511 40.22534017114026
39.27896032695611 48.860512965618 40.22534446123126
39.278923587347116 48.86056595205447 40.22533919019486
39.27881814542083 48.8607192917616 40.22532548335592
39.278804341782816 48.86073760388817 40.225321717221306
39.179719626859836 49.01352038020229 40.195407926419
39.17956129619425 49.01374378266067 40.19531845883141
39.17962748169923 49.01365021428238 40.195355900700854
39.179554944644586 49.01375243554395 40.19531494224353
39.17939502597283 49.01397789214215 40.1952246210581
39.17923645622779 49.01420151011705 40.195135046938645
39.17921321301472 49.01423429229514 40.195121916152424
39.179081403505535 49.01442024489005 40.19504744158907
39.17893172474197 49.01463149544075 40.19496284982785
39.1787843569858 49.01483969273703 40.19487951527816
39.17881818206147 49.014791793691145 40.19489866914883
39.178786752665765 49.01483617404495 40.194880901456344
39.178651380952516 49.01502741681753 40.19480435211422
39.17852266015129 49.01520934005316 40.19473154579272
39.178401046953326 49.01538128500024 40.19466274392202
39.17827017038416 49.01556666585334 40.19458862193619
39.17836598064717 49.01543086753115 40.194642904586786
39.17828291619212 49.01554833320937 40.19459590589417
39.178172992812726 49.01570384250917 40.194533695841365
39.157558837517996 49.14085535682305 40.10044868132535
39.15756125416152 49.140947654987954 40.100375799851136
39.10924616416145 49.23945151368754 40.04339802847781
39.10922845420326 49.239424805762994 40.04343627244941
39.10921687733731 49.23944227168437 40.04342373173064
39.10920261846567 49.23946639051604 40.0434054838893
39.10918726563274 49.2394896744203 40.043388722536974
39.02486879289414 49.340552006227966 40.010706613177625
39.0248893566727 49.34047177965813 40.01076096863811
39.02487627133982 49.34052283139372 40.01072638062873
39.024821772252274 49.34073547210119 40.01058232453691
39.02476881594764 49.34094212113199 40.010442345482524
39.02470576205951 49.34118822395398 40.01027567380799
39.024734945691854 49.341074305612906 40.01035281596944
39.024717517881754 49.341142324369955 40.01030674877291
39.02466850942776 49.341333609322234 40.01017720361375
39.024621373195885 49.341517603093266 40.0100526067787
39.02455295571672 49.341784768257156 40.00987175298782
39.024599799168605 49.34160182182069 40.009995579209146
39.02457592890174 49.34169500767807 40.00993248177576
39.02453268403926 49.34186383502318 40.00981817032591
39.0244911745179 49.342025896683886 40.009708445682435
39.02448273126857 49.34205886214238 40.009686127083285
39.02445109133742 49.34218239672972 40.00960249112676
39.02441313040792 49.34233061286623 40.00950214638428
38.80633463054142 49.615658790398925 39.880946994070186
38.80661151092257 49.61534138953436 39.88107425523769
38.80636290066719 49.61560150157185 39.880976557024006
38.6284316401657 49.82993034862659 39.77643732490151
38.62789682181067 49.83036179172532 39.776292037975985
38.628019672677155 49.83026263305719 39.77632598517075
38.62789147043093 49.830366038196075 39.776291338224596
38.62738079036587 49.83077794926649 39.776153243957594
38.62706681560939 49.83103118587121 39.77606848343065
38.626842517524985 49.83121209364025 39.77600793241929
38.62632989159277 49.83162555711243 39.77586949497671
38.62622012317954 49.83171408981951 39.775839873679445
38.6258058027086 49.83204825216758 39.77572811126178
38.625453440345986 49.83233244638514 39.775633029778035
38.62530609397475 49.832451287151 39.77559326902398
38.46846301344392 49.96638637611861 39.708945408751205
38.468461279127595 49.96638756165147 39.708946312019236
38.46845483060049 49.966391966299604 39.70894967721999
38.468449531970364 49.966395598751234 39.708952416317615
38.46844710045594 49.96639727614937 39.708953652664356
38.46844024744377 49.96640204410133 39.708957057875786
38.46843878415938 49.96640306019887 39.70895778885538
38.468433349956214 49.96640683095181 39.70896050886546
38.468428916953336 49.96640991972869 39.70896270267619
38.468426857653725 49.96641136058415 39.70896370998949
38.468420496507036 49.96641580048267 39.70896684296047
38.4684199153886 49.966416205058636 39.70896713119206
38.46841409618807 49.966420255551796 39.70897001915005
38.46841152520943 49.966422025759044 39.70897133309634
38.46840715347404 49.9664250316044 39.708973575697655
38.4684036035965 49.966427482311126 39.70897537716237
38.46840060739008 49.966429557240275 39.70897688496082
38.46839625752418 49.96643255262764 39.70897910734257
38.25746389742198 50.167709845869425 39.62192434509381
38.256929368155355 50.16824481595684 39.621639925249184
38.25670302986322 50.168471354075606 39.62151944412899
38.25617312154282 50.16900171659416 39.62123742058868
38.25593005091326 50.169244991041374 39.6211080719401
38.2554517542332 50.16972372727497 39.62085340916997
38.255158890143306 50.1700168585718 39.62069748457243
38.25475659439192 50.17041954908676 39.62048319643016
38.08411204574634 50.36784023903691 39.484922936842594
38.08386477898151 50.368111548880506 39.48473664124121
38.08351958278082 50.36849019194801 39.48447679192216
38.08287551668079 50.3691967381709 39.483991821143775
38.08336895422178 50.36865544808741 39.48436334175001
38.08292335261251 50.3691439550216 39.48402843190502
38.08247023944023 50.36963975368073 39.48368969408514
38.08227870323634 50.36984925017836 39.483546666327896
38.08289982871904 50.36916974077157 39.48401075768818
37.92618361404254 50.56096919380016 39.325066216397566
37.92618214313184 50.560969535394406 39.325067555196604
38.082057898093694 50.3700907116968 39.48338187567459
37.92616476011653 50.56097332381016 39.32508391822686
37.92616280802974 50.56097376415025 39.32508572330022
37.92617431006532 50.56097130443589 39.32507479376233
37.92614703308408 50.56097732628647 39.32510030212142
37.926144102237515 50.5609779991412 39.32510298668818
37.92615599396177 50.560975368693775 39.325091877233994
37.92612039005482 50.560983236991575 39.325125154877554
37.92613019994165 50.56098116262645 39.32511578211269
37.92612461073196 50.56098241690434 39.32512096455847
37.92613861475488 50.56097927699149 39.32510797373642
37.9260835642445 50.56099065533475 39.32516114291822
37.92609560205157 50.56098850164713 39.325148788093344
37.92610714795231 50.5609866290003 39.3251365176504
37.9261058728162 50.56098682957237 39.325137886406814
37.92611605072084 50.56098494191456 39.325127585812034
37.92612255168266 50.560983049615 39.32512250206159
37.92608410567752 50.56099216183871 39.32515709465424
37.92609516514055 50.560990160162994 39.32514579409056
37.92609017804771 50.560990916791155 39.32515120792306
37.92610487372579 50.56098861815681 39.325135405153766
37.92608286721776 50.56099397812831 39.32515489201083
37.92608959006411 50.56099220517193 39.325149234099634
37.92608255598788 50.56099322806732 39.32515696656095
37.926093557928006 50.560991382907055 39.32514540652008
37.376217476552185 46.07403746613454 39.841629217529785
37.37621666477788 46.07407358140813 39.84159885074658
37.3762179505065 46.074066355968604 39.84160430525667
37.376217810203336 46.07403949012549 39.84162730614773
37.376218065780066 46.07407604571659 39.84159597374453
37.502771951600614 46.15622999358278 39.900897251486846
37.61594450156234 46.25380841250121 39.95349364463597
37.61627964475568 46.254198587793475 39.95353503507417
37.616239722032425 46.254152115432916 39.953530091083806
37.61654750949629 46.25451041694704 39.95356816320362
37.61683474796778 46.2548448096737 39.9536036642324
37.61715737268703 46.2552204201042 39.953643487427826
37.61748773052231 46.25560503816336 39.95368425484722
37.61781040715215 46.25598070513723 39.95372409341611
37.61813522313206 46.25635886122108 39.95376419972381
37.671482074729425 46.30012840282282 39.980973133086316
37.67200380187445 46.30069242183415 39.981084673428
37.6162927241092 46.25421382071361 39.95353663685283
37.6166045119824 46.254576805993295 39.95357514205819
37.616928067570356 46.25495349692022 39.95361508764543
37.61724464181967 46.25532206189353 39.95365416699235
37.61757252843115 46.255703803253894 39.953694628495946
37.61792879299196 46.25611859270817 39.953738570856615
37.618301305181326 46.256552305981266 39.95378450080335
37.67181858302034 46.300491796360845 39.98104546015708
37.6724634231297 46.30118839968626 39.981183819170155
37.67310559183068 46.30188187445847 39.98132184289574
37.673768096558575 46.30259717580949 39.981464369058486
37.67445145286889 46.303334843869116 39.98161152475575
37.675153534488544 46.304092555595844 39.98176287933724
37.79670276657026 46.44640034178294 39.99486666177272
37.79677746646781 46.44646265680307 39.99490232387275
37.79672793949449 46.44642136862658 39.99487861931059
37.796793637891184 46.446476249043016 39.994909820944955
37.796884238463925 46.44655193777784 39.99495283480204
37.954875827584274 46.71820824694647 40.1424686514097
37.955538181265915 46.71940164244611 40.143095594950125
37.95621348504847 46.72062049675022 40.143735934240325
37.95670636524648 46.721494836853616 40.14419512773088
37.956565363519346 46.72125679043816 40.14407023031937
37.95704848406042 46.72208587133017 40.144505372320424
38.01478043075297 46.999084781675286 40.269384057956614
38.01512143913943 46.99964443823094 40.26969593616621
38.015466617590725 47.00021188821002 40.270012040847156
38.01581342270322 47.00078328815994 40.27033018957723
38.01616391164248 47.0013662516654 40.27065410508217
38.01653608247756 47.0020310139293 40.27101793220028
38.118766812496006 46.92476300297464 40.21050090062906
38.016585826734996 47.002125365828384 40.27106895114613
38.0169306833597 47.00277772371356 40.27142188627305
38.11948084217783 46.92616936515331 40.211166445177064
38.120004530998976 46.9271760984109 40.21162890216087
38.198413783387494 47.1388538437175 40.28719192232859
38.198386431437 47.13891615121883 40.28723252179782
38.19839973831235 47.13896376766425 40.28729979391058
38.198413399895195 47.13902203717084 40.28737933814217
38.19844181547832 47.13896121093005 40.287341519724
38.19841424562125 47.13902630559586 40.28738500075511
38.198426215454624 47.13908704802156 40.287465514087415
38.19844203084054 47.13912376076125 40.287523267776855
38.19843550897897 47.139139290036866 40.287533699426234
38.19846841440966 47.13905837819358 40.287478208368036
38.19843821195502 47.13915450001385 40.287553548266345
38.198449898858115 47.13920979050021 40.287627673636145
38.319547692469776 47.10605408386334 40.24810411870754
38.19845614085337 47.13924200279029 40.28767025861444
38.31984445148294 47.105964850482785 40.247909262569586
38.31951714706716 47.1061055927773 40.24816929914094
38.31974053715244 47.10613171141813 40.24812207979529
38.320013528465005 47.10608891487761 40.247984718984966
38.31982812561984 47.1061458537942 40.24810772535356
38.31996311639282 47.10616571592069 40.24808354043471
38.45572372394135 47.20296378710579 40.268142594255316
38.45569494995805 47.202964946995095 40.26815882754255
38.456261015370295 47.20294538008104 40.267841638175696
38.45571920181977 47.20297059161442 40.26814955539409
38.45616956886523 47.203072305908066 40.267975297678376
38.45669849968575 47.203095159127955 40.267706310238
38.45631165970215 47.20311023688051 40.2679242084384
38.456623324637796 47.2031944217084 40.26781280503616
38.457158428258076 47.203242104339154 40.2675570353867
38.45682579245726 47.20325377967926 40.26774354274536
38.45708743155241 47.20332992034932 40.267653662492876
38.60141100969341 47.36836668666867 40.32920559681429
38.60072994004705 47.36807447603555 40.3293094877973
38.60168366121398 47.36854578439471 40.329229542144816
38.603308762794114 47.3693081461742 40.32905034851947
38.602594883489715 47.36899698277449 40.329154100103345
38.603573343818226 47.369482544620695 40.329074220217116
38.60524468858004 47.37027299351931 40.32889667306584
38.60450796959617 47.36994730111116 40.328998918637325
38.60550451036919 47.37044406900428 40.32891991921865
38.607199314912684 47.371252023435794 40.3287466431179
38.606468860045005 47.3709253608418 40.32884407408361
38.60743772300972 47.37140982132589 40.32876884053256
38.87022981229583 47.41257110682579 40.24836237228128
38.60846538059052 47.37192493060363 40.32869035999627
38.870292529340475 47.412704767274874 40.24843775279949
38.87076325010262 47.412967687705624 40.24849297645349
38.87057929853716 47.41291594559771 40.2485065718691
38.87117226137001 47.41308078884793 40.248461405297114
38.87081476080898 47.413086826403706 40.24856134384778
38.87129118604383 47.41336165404933 40.24862325139476
38.87113077523015 47.413315792119654 40.24863459565013
38.87170615486801 47.41347703496526 40.24859165651164
38.871333503355025 47.41346458046721 40.24868290047862
38.871816135896474 47.413750149394154 40.248750553092314
38.87165837694211 47.4137047147108 40.24876148157484
38.87222683372515 47.41386456330462 40.248719435490386
38.871856895238075 47.413853175487866 40.24881068830112
39.001329518325925 47.578750937410135 40.271953448014585
39.0013214149513 47.57879259976759 40.27198038402727
39.00135273057376 47.578677373963046 40.271893890892834
39.001343326247394 47.5790535043898 40.272051178777055
39.00137819735343 47.579271960763386 40.27208819249152
39.001365880663 47.57931594115621 40.27212169617286
39.001404277665756 47.57921137299579 40.27202976035653
39.00139825569218 47.57970311689064 40.27222694340912
39.00143081022721 47.57980132249327 40.27222084308538
39.00141083995219 47.57984663714928 40.27226517110529
39.001460015049844 47.57975386034326 40.272163248088724
39.001458829173174 47.58037983195801 40.27240552471331
39.001457725042414 47.580382141133555 40.27240790011057
39.047984095429655 47.74042745956052 40.30910751414023
39.0481064634412 47.740578313042704 40.309069298163216
39.0478750486251 47.74029708378409 40.30914116021169
39.048110475501026 47.740622647515224 40.30906406659164
39.04808807503857 47.74059551223639 40.30907101388575
39.04823289424931 47.74077342155235 40.30902584911188
39.04835974054245 47.740930909494864 40.30898612205734
39.048138529862115 47.740666088784884 40.30905441054929
39.04836099641017 47.74097117854775 40.30898181869094
39.04832855923142 47.74093142215689 40.30899192553805
39.04848747785067 47.74112808058608 40.30894221933048
39.04861591367823 47.741288022481584 40.30890194591983
39.04839683554395 47.74102666122603 40.30896948452356
39.048615917265295 47.74132627858233 40.308898081034556
39.048581440902254 47.74128380713698 40.30890884504717
39.048743293501154 47.74148427106873 40.308858203503235
39.048872151418124 47.7416443812348 40.308817833835285
39.048652767741814 47.74138330638631 40.30888540088436
39.04887129341766 47.74168147073157 40.30881424857748
39.0488269666815 47.7416268853934 40.308828085917625
39.04899926220371 47.741840061650095 40.30877419932932
39.0489220271809 47.741759953178885 40.308796794294196
39.04912599163906 47.74203524658315 40.30873068648196
39.049064060395 47.74195901262896 40.308750016323586
39.049254418930424 47.74219407048534 40.30869052760166
39.049209529726255 47.74216404326729 40.3087019899708
39.04938056835349 47.74238771555268 40.30864727921005
39.049282585699395 47.742267190029 40.3086778526775
39.04950796698994 47.742545332049865 40.308607435450625
39.049505714102224 47.74257997516674 40.3086043592329
39.049486457156505 47.74255637993876 40.308610358656544
39.049632567753484 47.74273635527476 40.30856474269794
39.04953524007001 47.742625554620915 40.30859421087452
39.04975689952303 47.74292685716064 40.3085221531172
39.04968764845184 47.74284193997403 40.30854373456971
39.049881471157434 47.743080449524975 40.3084832466894
39.04987980721309 47.74311528524919 40.30848004042411
39.04987162931157 47.743105292980204 40.30848258538974
39.05000385799752 47.743267717687836 40.308441348965104
39.05012601675766 47.74341797543775 40.308403232455916
39.049895655626386 47.743139691858225 40.30847459910199
39.05012541392794 47.743453624594814 40.308399744769176
39.05005453527746 47.743366862454145 40.30842181820749
39.05024572349332 47.74360121798066 40.30836224462884
39.050244911611884 47.74363675689456 40.30835880733363
39.050226720988555 47.74361454486569 40.30836446680637
39.05036514401449 47.743783754401925 40.30832138187213
39.05028004885491 47.74369098672629 40.308346731516956
39.050480734935576 47.74396115979727 40.308281756522305
39.05039821638271 47.74386057834467 40.30830741159085
39.05059569877495 47.74410133319916 40.308246009694244
39.050591788719075 47.74413251792524 40.30824359399027
39.05056172896686 47.74409595961171 40.308252931366646
39.05070658484165 47.744272042786505 40.30820794416472
39.050640862827365 47.74420912289777 40.30822664100089
39.05081130966707 47.744434452313456 40.3081718739816
39.05072585244793 47.74433081019831 40.308198390031
39.05091896651639 47.74456474125813 40.3081384976884
39.07600485600918 47.897453143723624 40.29216939482072
39.07599456356101 47.89746178479747 40.29217104970624
39.17092919890324 47.992975081506174 40.2601502552622
39.0759868499443 47.897506718516624 40.29217041548502
39.171258602098995 47.99376501659226 40.260006922874275
39.17114245667524 47.99352545165578 40.260053431970604
39.171462626791 47.99418911255004 40.259924885522636
39.171583898477934 47.994547561877525 40.25986512322325
39.17157567734147 47.99453064992649 40.25986841060797
39.171788227059935 47.99497162724761 40.25978303216429
39.17160507306126 47.9945988372743 40.25985585817869
39.314218138829965 48.16714312199572 40.19809539690754
39.314076320657875 48.166923650808734 40.198167711790916
39.314520415268 48.16761037618116 40.19794126335228
39.31454665903922 48.16785060575778 40.19792749621913
39.314535199050255 48.16783287180374 40.19793333981084
39.31485156536534 48.168321631085945 40.197772022226964
39.314573758965196 48.16790916085384 40.197913645566615
39.315175808757715 48.16901863030742 40.19760630979989
39.3149876512887 48.16872759904026 40.19770225338395
39.36577425696831 48.33232715362826 40.16331255608391
39.31540317342732 48.169560586451205 40.1974900069353
39.38722949406828 48.45882601536069 40.17892179978091
39.38730877664827 48.45880394982555 40.178879250597845
39.38722792547371 48.458899296789255 40.178933253397624
39.387272444985726 48.4592489935895 40.178962108387964
39.387216501067705 48.45931172180947 40.17899900207529
39.387236825649474 48.45969231160626 40.179044361368206
39.38720339083744 48.45972764919063 40.17906609735881
39.33534209423274 48.58417333523491 40.21718659162823
39.33534106667028 48.58417226661115 40.21718666642696
39.387286354947065 48.46004841192563 40.179071663678
39.33535388073392 48.58431264970379 40.21719784288939
39.377276781888575 48.687245351824316 40.203019571293
39.37723522033412 48.68726450767182 40.203046708956705
39.37725672838155 48.687257780827096 40.203035145664614
39.377230239466755 48.6872699321579 40.2030523968765
39.377235871679495 48.68727035237666 40.2030510672668
39.37722644550072 48.68727466019272 40.20305719350111
39.377225209045996 48.68727665469859 40.20305910986434
39.377268070008355 48.68725843998756 40.2030323226181
39.3772240059277 48.6872785986515 40.20306097706778
39.37724715783946 48.687270777677455 40.20304807848421
39.377220435279625 48.687282955964974 40.203065419408524
39.37722735421517 48.687282480470124 40.2030630140218
39.377215419182626 48.68728790127176 40.2030707446663
39.3266014145958 48.76091480504609 40.23607872788559
39.326596723430505 48.76092991122448 40.23608112345086
39.32659163868836 48.760972298963075 40.23608644306586
39.32657305972967 48.76100425747011 40.236093013356374
39.32656361502899 48.761054232571205 40.23609988400327
39.32654860223072 48.76107974941602 40.236105160979456
39.32653637845734 48.761134405239716 40.236113003986986
39.32652370166212 48.76115562084726 40.23611742523505
39.32650923892555 48.76121395695223 40.23612604212688
39.3264984465588 48.76123177779928 40.23612978091914
39.326482743816996 48.76129203026591 40.236138813652516
39.32647274114717 48.76130830105771 40.236142253112746
39.326456439777225 48.76136927677166 40.23615146546467
39.3264471118621 48.76138415371409 40.23615464189594
39.326430506012926 48.76144521177171 40.236163915719764
39.32642181310333 48.761458643579104 40.236166830653474
39.32640495684702 48.76151983217733 40.23617616160824
39.32639660984329 48.76153226712866 40.236178912151374
39.32637973829969 48.76159307450975 40.236188205855385
39.32637151745176 48.76160499612192 40.23619088076557
39.32635515329271 48.76166477221201 40.2361999784445
39.32634616310685 48.761677591881124 40.23620288090402
39.326331093546 48.76173554322921 40.236211562855395
39.3263204324221 48.761750389304396 40.236214967478155
39.32630749417936 48.76180446297351 40.23622287356776
39.326294850365805 48.761822146197545 40.2362269193341
39.32628434834602 48.761873104064136 40.236234076385976
39.326268868029175 48.7618941752543 40.23623896916103
39.32624426756345 48.76196452681315 40.2362506035243
39.326255411984896 48.76193099482252 40.23624515903768
39.326242141566674 48.76196724264426 40.23625125684448
39.326222288069836 48.762030500942636 40.236261324718114
39.32621642344975 48.762037302664595 40.23626305469598
39.326200319855154 48.76209764228534 40.2362721661336
39.32619085338668 48.76210635808994 40.23627472169059
39.27953090480736 48.859684309039004 40.22541987580644
39.27941835968412 48.85984871241868 40.225406066775456
39.279507571459064 48.85971826074067 40.225416863875886
39.27940068505017 48.85987364681948 40.22540290852078
39.27927615212219 48.86005415378087 40.225386053010794
39.279152066262164 48.86023377351813 40.22536899031214
39.27903707478799 48.86040118924096 40.22535425305188
39.27910875041731 48.860296472935644 40.22536303164102
39.279027033109 48.86041463702358 40.22535165469213
39.278907404010496 48.86058720437142 40.225334532222874
39.27879328412942 48.860751364120134 40.225317683008484
39.17970892721139 49.01353510793093 40.19540196699028
39.2787588178009 48.86080093266089 40.22531258219142
39.17969687691104 49.01355170607384 40.195395252637276
39.17953962143287 49.01377336182699 40.19530644644656
39.17938526333987 49.013991011691076 40.19521925818201
39.17923548904333 49.0142027766242 40.19513452343396
39.179362303611505 49.0140233855561 40.19520628953474
39.179230824396335 49.014208814170175 40.19513201519561
39.17908149514017 49.014419504909284 40.195047636560375
39.17893359443519 49.01462839666023 40.19496401434758
39.17897279903006 49.014572898199845 40.19498621011891
39.178934229979454 49.014627337228596 40.19496441161964
39.178795483524254 49.01482326255666 40.1948859738802
39.17866306453452 49.01501033308229 40.19481109443289
39.1785335298314 49.01519347204132 40.19473781241684
39.17855943772442 49.0151567690416 40.19475248667762
39.17853527799088 49.0151909145711 40.19473882154574
39.17840432411443 49.01537653113396 40.19466462618422
39.17841644227382 49.01535893709885 40.19467158994496
39.178301490352354 49.01552150008078 40.194606548160436
39.178193271545794 49.01567459466978 40.19454530355373
39.157532332224704 49.14079674501593 40.10051189061172
39.17812659665041 49.0157689179635 40.194507570046994
39.17808737610801 49.01582440949372 40.194485372165325
39.15755452134872 49.140932908057366 40.10039174690239
39.092543982868975 49.156127379526964 40.11905195930433
39.092477094670244 49.156262827496576 40.118974473386814
39.109152862745006 49.23945257988768 40.04344711911027
39.109158062029366 49.239481100868105 40.04341366246358
39.109147691434146 49.23946131946847 40.043440509355186
39.109138982579054 49.23947563739758 40.043429808174494
39.024902216866934 49.34042161006602 40.010794961415726
39.0248485932639 49.34063080402699 40.01065322053663
39.024785956851716 49.340875212522036 40.010487654628335
39.024818729777124 49.34074731898961 40.01057428326807
39.02479628310705 49.340834901829716 40.01051495047037
39.024746210892445 49.34103028829385 40.010382595192695
39.02469820844336 49.341217616176166 40.01025571028454
39.02463649604894 49.341458526969966 40.01009258309131
39.02467306417645 49.34131574931193 40.010189246131524
39.024651304322916 49.34140067733409 40.01013172791644
39.024606946203384 49.341573812304944 40.01001447506622
39.024564396304996 49.3417398998626 40.009902001573465
39.024500622010926 49.34198896839153 40.00973342031401
39.02454480714743 49.34181636753973 40.00985022078999
39.02452318145704 49.34190078671035 40.00979305669977
39.024484025959055 49.342053638899415 40.00968955524223
39.02444646544905 49.342200269071924 40.00959026973574
39.02443923087062 49.342228512447306 40.00957114619998
38.80642724685108 49.61549326645468 39.881029088116804
38.628410528693735 49.82994726920458 39.776432768281
38.62820816190882 49.830110496293656 39.776378052023475
38.62788856033853 49.83036828197582 39.77629165740572
38.62737197254938 49.830784950549 39.77615204714499
38.62727297080204 49.83086480097971 39.77612531544949
38.62684916905596 49.83120662135876 39.776010876954274
38.62633210575221 49.83162371400249 39.775870704951345
38.626445223836754 49.83153242328183 39.77590183267088
38.62633433061025 49.83162186468212 39.77587189196289
38.625841695833586 49.83201920223635 39.77573887307399
38.62565978916032 49.832165917410464 39.77568978491692
38.62534531219351 49.83241955427083 39.775604940147275
38.46846169103192 49.966387040783374 39.70894656792413
38.468462061554604 49.96638659985857 39.70894674383301
38.46846066772857 49.966387552728655 39.708947469594804
38.46845316501009 49.96639272182816 39.7089512976688
38.46845042250372 49.9663946094207 39.70895270068797
38.46844566671339 49.966397882079264 39.708955134892506
38.46843927991616 49.96640247957352 39.7089580058808
38.468439721744 49.96640198760082 39.70895814918494
38.46843854129947 49.96640280724372 39.70895873897494
38.468432287480624 49.96640719538802 39.7089617735606
38.46842997636755 49.96640881183491 39.708962905224844
38.468426011213964 49.966411586546776 39.70896484407719
38.46842025630425 49.96641585260922 39.70896718837676
38.46842105140936 49.966415054144974 39.70896727546887
38.468419816478516 49.9664159186722 39.70896787861946
38.468414046684444 49.96641998305914 39.70897064713919
38.46841292347884 49.96642077389721 39.70897118682599
38.4684080969878 49.96642414653605 39.70897355631397
38.468405281605904 49.966426102437254 39.708974960933745
38.468402087284076 49.96642833837929 39.708976521615504
38.46839820486394 49.9664310381003 39.708978453622045
38.25763463029328 50.16753919224256 39.62201439124108
38.25711087433115 50.16806337332838 39.62173572856891
38.256889020121115 50.16828542043038 39.62161764516648
38.25636954379662 50.16880533499804 39.621341199150706
38.256131224784426 50.16904385059708 39.62121439084834
38.25566207604329 50.169513423880296 39.620964622783205
38.25537911437217 50.16979664965544 39.62081394879945
38.254975942826775 50.17020021185166 39.62059921222616
38.25463786988509 50.1705386318618 39.620419077508785
38.08404292761783 50.367912355706224 39.48487803570355
38.08372484977579 50.368261437934336 39.484638243247936
38.08355043652489 50.368452832706154 39.484506793768176
38.083148794535845 50.36889343555207 39.48420436801824
38.08266020924855 50.369428240747595 39.48383874046079
38.08252444085366 50.369576843478924 39.4837371575275
38.083081979139585 50.36896671976504 39.484154081968356
37.92618412116001 50.56096895846298 39.325066010921304
38.082247032457495 50.36988051483684 39.483529522854354
37.926185448972426 50.56096856612553 39.325064985288876
37.926165680228735 50.5609731287728 39.3250830401458
37.92617570552274 50.56097087959613 39.32507374313992
37.92616914516193 50.560972372038194 39.32507978199868
37.92618451820607 50.560968792416915 39.32506581037712
37.92614868755395 50.56097705932412 39.32509854082534
37.926158598976635 50.5609749124901 39.32508918213723
37.92615251911203 50.56097628372403 39.325094804613244
37.92616693438699 50.56097290349481 39.32508175491119
37.926133427460414 50.56098069815511 39.32511222352868
37.92614192654672 50.56097873497049 39.325104464741514
37.926135147770886 50.56098035628959 39.325110532158185
37.92615018145156 50.560976843733144 39.325096895007
37.92610732191224 50.560986609946596 39.32513631281857
37.9261196949095 50.56098429178923 39.32512384160678
37.92612860281854 50.56098256559748 39.325114987672606
37.9261204764109 50.560984143880404 39.325123057146975
37.92613438809152 50.56098061848752 39.325111036764724
37.926095507354084 50.56099013309602 39.32514536845832
37.92610680145763 50.56098821578094 39.32513355187203
37.926117925169606 50.560986270827435 39.325122036772505
37.9261128418901 50.56098702303538 39.32512759643849
37.92612132745955 50.56098433624376 39.32512143300116
37.926100806403255 50.56099102756959 39.32513591633966
37.92610615537819 50.56099014539303 39.32513026354208
37.92609727731664 50.560990723092 39.32514157693479
37.92611189419813 50.56098830808284 39.325126139240794
37.926111506543066 50.56098926923359 39.32512459453656
37.9261063800102 50.560989218225814 39.32513196506984
37.92611584425839 50.56098751972608 39.32512226301118
37.926106908332216 50.56099017891504 39.32512912430196
37.37621822324812 46.07408383012362 39.841589244648574
37.37621971422155 46.07409495473437 39.84157892849584
37.5028617166748 46.1563338414807 39.90090978163569
37.50282250409478 46.156297631788355 39.90089369410013
37.376219108352004 46.07408263572563 39.841589774580385
37.503088353803406 46.156572687740635 39.900968485626855
37.50326607759901 46.156752089326304 39.90102367490691
37.61648421852554 46.254436905699094 39.95355994963579
37.616535357193776 46.25449644194237 39.9535662644625
37.61687830752721 46.254895718380595 39.95360859136499
37.617233456235084 46.255309201835246 39.95365241185188
37.61756697421207 46.255697500816005 39.95369356524481
37.61789639159752 46.256081028639144 39.953734205830486
37.61823905247998 46.25647998148472 39.953776466150266
37.671669362346535 46.30033001302296 39.98101401559383
37.67225125801162 46.30095851652115 39.981138969655056
37.6728662549761 46.30162272243905 39.98127108094955
37.67348500066757 46.30229078212423 39.98140418858681
37.67412020550954 46.3029764817521 39.981540965405955
37.674805110870416 46.30371587189661 39.9816884057489
37.67477269630996 46.303680863284534 39.98168144297118
37.67536277382701 46.304317873245324 39.98180847815287
37.79670874487995 46.44640535921427 39.99486944951243
37.674814508966456 46.303725991992096 39.98169045400705
37.67548795748307 46.304452679437254 39.98183575585551
37.79673937299674 46.44643106976828 39.9948837202592
37.796825484351906 46.446503001705636 39.99492461693205
37.95502012619675 46.71853090149354 40.142638778423
37.95567397272175 46.71970955577625 40.14325798357357
37.95615558504285 46.720565068452345 40.14370730082421
37.95603812739118 46.72036647061255 40.14360309798508
37.95643451780165 46.721037775205254 40.14395533810636
38.01441444903816 46.99917828532832 40.26935096893038
38.01474227961123 46.99972987242483 40.2696566862978
38.01506975453435 47.00026545457169 40.26995537735112
38.01540081306365 47.00080737412521 40.270257544058765
38.01573533488359 47.001354951457195 40.270562866864935
38.01607898201746 47.0019349251953 40.27088410507796
38.01634423481319 47.002154123675766 40.27103278368871
38.016206618947194 47.00216510434266 40.271009835284616
38.016559348796164 47.00213334997059 40.27106708708587
38.016442573388815 47.00258568774754 40.27124012070682
38.01681345310585 47.003263427953875 40.27160932709779
38.017208492420906 47.00402862834068 40.27202140425732
38.01757926356387 47.00464247408356 40.27236282453735
38.01751239321962 47.004664590040214 40.272358965001224
38.198383997098546 47.13892159795925 40.287236024997554
38.096031916555525 47.21667251448406 40.348082816793024
38.19836440758765 47.139066663935864 40.28737726543599
38.19838202216285 47.139097881774894 40.28743078920192
38.1983744288365 47.13911396353487 40.28744070259098
38.19841225766299 47.13903089863206 40.287388023562436
38.198377714048114 47.139130158819185 40.2874622686076
38.19839028697182 47.13919822094255 40.287551594844494
38.198412647419396 47.13919186905822 40.287568192660395
38.19839527702253 47.13922968436604 40.28759201712098
38.19840202822721 47.13927248677492 40.28764696762559
38.198413509022615 47.139336572600854 40.28773069640511
38.19844088631126 47.1392794623158 40.2876959275285
38.19841417838856 47.13934060886689 40.2877359129112
38.19842406528357 47.139403866974845 40.28781702863174
38.291113115606606 47.164298898385184 40.28324164973001
38.19843106201087 47.13944527746089 40.28787068490421
38.319709113204794 47.10618191043322 40.24818615889654
38.291067395833366 47.16431910552302 40.28327488235341
38.29133073656271 47.16423688366846 40.2831649360609
38.45521647873829 47.202981675236856 40.2684270603003
38.2914441485243 47.164201716038896 40.283118164215686
38.455183942135356 47.20303838865648 40.26848230990966
38.455618417884374 47.20313014378312 40.26830995885623
38.45559065246989 47.203130909776434 40.26832538791166
38.45613933973027 47.20311626272507 40.26802081247148
38.45561464128562 47.20313646638748 40.268316198496436
38.45605798131099 47.20323956330998 40.268146637280765
38.456575130355276 47.2032615773923 40.267883421640335
38.45617881597056 47.203272486432915 40.2681036345851
38.456504265373574 47.20336487584188 40.267990288139764
38.60010392015795 47.36780556508046 40.329404644638295
38.59928381287207 47.36745394384368 40.32953000094932
38.60047932018368 47.36804547450548 40.329430564949774
38.60193854165258 47.368710803173954 40.32924938878648
38.60098380666339 47.36829578486246 40.329389335694195
38.60235585560868 47.36897814588677 40.329278885814524
38.603823971920995 47.36964510666939 40.32909404843933
38.60271106565291 47.36915503261909 40.32925053422741
38.604283631378806 47.36994019826572 40.3291271939608
38.60575116464776 47.37060476256316 40.32894018107838
38.60448454237991 47.37004050880239 40.32911143365707
38.606196760757186 47.37089484562509 40.32897655355574
38.6076847689516 47.371573763930236 40.328792293199065
38.60640001412939 47.370996198691856 40.328960475554325
38.60806034793822 47.371824512217174 40.32882954052884
38.87036047926811 47.41285365163265 40.24852223099502
38.608440025242324 47.37201434199291 40.32880003670495
38.87044837580756 47.41305094685594 40.248634753310654
38.87087811404133 47.41324261580597 40.248651815746186
38.87059985156777 47.413159088446974 40.24866875556916
38.8709447556632 47.413407615566214 40.248747758849156
38.87139397289641 47.41362686798613 40.24877862651661
38.87113611513886 47.413548323122136 40.24879353621413
38.87145454287396 47.413787908670415 40.24887346573537
39.0013147501546 47.57886335281508 40.27201656694726
38.87162578408197 47.41391906336006 40.24891804440924
39.00133961752732 47.57934033337491 40.2721664578418
39.00135906436172 47.579361304351146 40.27214832109946
39.00134838688351 47.579449806239104 40.272196734351134
39.001389138259874 47.57994868928185 40.2723336466983
39.00138758376062 47.579959944984715 40.27234006869446
39.00140658712889 47.57986442384128 40.27227773952267
39.00139455397379 47.58004880232606 40.27236484267469
39.0014371825686 47.58044594607603 40.27246010833236
39.00142944100901 47.58047715150933 40.27248253631989
39.047853588705564 47.74030270530349 40.309144622157035
39.047999569654806 47.74049031951003 40.30909825894892
39.04792441353475 47.74040295932294 40.30912119602373
39.04812941329814 47.740691374110625 40.3090535684224
39.048122470554404 47.7406832422632 40.30905569352922
39.04824178374323 47.74082622261971 40.3090188464473
39.04814090073374 47.740709194262365 40.3090496113016
39.04837271749106 47.74102898878941 40.30897377833571
39.04834502455179 47.74099577057078 40.308982333889354
39.048491994821724 47.7411742699673 40.30893670558354
39.04841150328477 47.7410891090575 40.30896042240249
39.04862200658678 47.74137535734468 40.308891980176156
39.0485745625092 47.741317739526494 40.30890670920232
39.04874548651871 47.74152694337454 40.30885348140746
39.048680531392854 47.74146609890208 40.30887182460061
39.048873794032744 47.74172530056861 40.30880935179957
39.04881034842005 47.74164782136627 40.308829091792475
39.04899879580986 47.741878947392294 40.308770359098155
39.04895371676304 47.741849030495956 40.30878184597269
39.04912568314127 47.742074643677356 40.30872676494971
39.04903812601636 47.74196764511131 40.308754014353816
39.04925211646284 47.74222986116527 40.308687344779884
39.04924352672973 47.742257014682025 40.30868621501989
39.0493769390528 47.742422387643536 40.30864445853019
39.04925575787615 47.74227426139694 40.308682176166485
39.04950106842172 47.74261353494739 40.308601841763455
39.049454817815295 47.7425570912149 40.308616228084894
39.04962820935318 47.742769256748694 40.30856223777758
39.04957554502685 47.742728622087625 40.30857623161609
39.04975027196372 47.74295706274215 40.30852034661175
39.049650655317436 47.742835432017806 40.308551338547474
39.049870794552135 47.743142450725415 40.30847898887401
39.04983262849026 47.74309591654508 40.30849085611565
39.049998596189255 47.74329854731711 40.30843922296281
39.04994177199068 47.74325213519384 40.30845458152301
39.05011664231148 47.74348026491822 40.30839870100063
39.05001212551257 47.74335282211303 40.30843120016557
39.0502306038738 47.74365630040195 40.30835951998719
39.05018348625515 47.74359887898761 40.30837416787194
39.05035721001581 47.7438106195803 40.30832015810232
39.05030414130051 47.7437711386223 40.308334111343044
39.0504663626299 47.74397989751908 40.308282562692064
39.05035748043218 47.743847284316075 40.30831640385374
39.05056951758421 47.744140827755345 40.308246936722945
39.05051833564859 47.744078518973524 40.30826284147829
39.05069186949665 47.74428951021048 40.30820894306238
39.05063516400777 47.744244849945765 40.308224102377594
39.075951630799864 47.89749905857542 40.29217789278875
39.07590578543203 47.89753968592293 40.29218515990849
39.07589566460247 47.897668250374835 40.29218093499745
39.075879575865066 47.89768244529924 40.292183488335574
39.075946584762264 47.897624481362314 40.292172797383984
39.07586702230206 47.89775270235884 40.292182596082036
39.17137821876983 47.99412419529669 40.25994739487193
39.07585456156593 47.89782213921259 40.29218172508227
39.17169682526514 47.99489166186214 40.25980840646982
39.171661620094994 47.994819224292684 40.259822485604595
39.17189924392665 47.995310081541895 40.25972725665848
39.17178871260073 47.99511372786982 40.259768246636
39.314250653182356 48.16739197089367 40.19807843441824
39.31407632623799 48.16712124077465 40.19816732776914
39.31457331526802 48.168085698627195 40.19791352990983
39.31453191936787 48.16802135092118 40.19793463875446
39.31486521003629 48.168538048432254 40.19776468785819
39.31466360156525 48.16828029126674 40.1978673859271
39.315181331464494 48.169216655903 40.19760312815659
39.314981929609 48.168906667670896 40.197704808397084
39.38714259506181 48.45899533690282 40.17898957947325
39.38712204868622 48.45901870645099 40.1790031776154
39.387223025632224 48.45890495029011 40.17893650795605
39.387120384683996 48.459266230922765 40.179040061689
39.387187576699596 48.45934407690152 40.179018065803945
39.3871191616108 48.45942009553072 40.179063082958926
39.387152603111176 48.45978132048414 40.17909911350449
39.335293945948415 48.583760558405366 40.21715552871987
39.335332493629345 48.58416289147065 40.21718724668423
39.33533056862087 48.58416074381283 40.21718737292171
39.33535015809437 48.5843733631842 40.21720426916307
39.377224410823324 48.68726946083281 40.203053744482425
39.33536725246496 48.5845589454501 40.21721901754353
39.377204011906876 48.687281883405916 40.20306941545218
39.37717801073642 48.68729368501252 40.2030862509438
39.377183813675806 48.68729402532608 40.20308480891074
39.377174788628835 48.687298103397524 40.20309063830223
39.37717365685728 48.68730003694229 40.203092476416366
39.37721467156064 48.687282850472954 40.20306703270542
39.37717258086763 48.68730191105826 40.20309425185874
39.37719463751308 48.687294667675765 40.203082125087285
39.32661612673956 48.760829677456286 40.23606726326872
39.326599820440414 48.760891317703425 40.23607654603712
39.32659419400245 48.76090118838084 40.236078555917345
39.32657689855095 48.760957435264615 40.236087445828865
39.32659527429063 48.76093242916602 40.23608163856578
39.326572331627574 48.760972217478425 40.23608978591644
39.32656711146713 48.7610144626996 40.23609511411957
39.32654947880324 48.76104461761446 40.236101331356
39.3265397079438 48.76109480574126 40.2361082809173
39.32652556827229 48.76111864266794 40.23611323048587
39.3265126775815 48.76117394180845 40.23612125659901
39.32650181543284 48.76119188527278 40.23612502033936
39.32648592434808 48.761252098621625 40.23613408167118
39.326477901755695 48.761264976025444 40.23613682221624
39.326459370975904 48.76132900722434 40.23614674139282
39.32645424603257 48.761336912450574 40.236148458485985
39.326433462077986 48.761404379646095 40.23615912844294
39.32643005993107 48.76140935721325 40.236160240031325
39.326408081716785 48.761478086818926 40.23617124943599
39.326405840698726 48.761481193431194 40.23617196362745
39.32638325810015 48.76155023321279 40.236183110411076
39.32638158633771 48.76155244864758 40.23618363250425
39.32635911158676 48.76162142116061 40.23619475352593
39.326356593892925 48.761624688702426 40.236195532589136
39.32633551212011 48.7616917955132 40.2362062165186
39.326330904413155 48.7616978002294 40.23620764488999
39.326312189567105 48.76176141660501 40.23621755259522
39.326304853476174 48.76177112372575 40.23621984212186
39.32628923519434 48.76182995612481 40.23622871154706
39.32627851552792 48.76184443782428 40.23623208819032
39.32626659100032 48.761897313244624 40.23623969288789
39.326253113055536 48.761915021070436 40.23624388602057
39.32622811671598 48.761984590911354 40.23625550727355
39.326231354635894 48.76197485928737 40.236253926555364
39.32622756775078 48.76198523972708 40.23625567048024
39.32620673927953 48.76204842338879 40.23626589978029
39.32620323877744 48.76205200385351 40.23626688219803
39.32618570346307 48.76211126543283 40.236276129312714
39.326179653264184 48.76211638808412 40.23627771574512
39.27952687869872 48.85969006147526 40.22541923765938
39.27948218140562 48.859753704827384 40.225411907525896
39.27936049439167 48.85993025563978 40.22539562624974
39.279250790200564 48.8600896760026 40.22538123354077
39.27932206554172 48.85998595391976 40.225390421271804
39.27924103826666 48.86010325326589 40.22537928929031
39.27914551038317 48.860242861289095 40.22536763878766
39.279122787129836 48.86027424295618 40.225362822963675
39.279006046672535 48.860442808468704 40.22534629869156
39.27889269826105 48.860606773522235 40.22533058740563
39.27892381139645 48.8605614727482 40.22533457120543
39.2788889824142 48.860611696350745 40.22532956611947
39.278790152280806 48.860755467035126 40.22531677050665
39.278778235292734 48.86077097972211 40.22531318721978
39.17967119791071 49.013587142153995 40.19538092905185
39.179522338571054 49.01379713133085 40.19529682498255
39.179563605936295 49.01373880057922 40.19532016801149
39.17951781042598 49.013803363602364 40.1952943030577
39.179383287875844 49.013993711129565 40.195218162524554
39.17936845303776 49.01401399627104 40.195209931449405
39.1792217106756 49.014221010801734 40.19512702071325
39.17907813757851 49.014423811969266 40.19504584023203
39.17913499205856 49.01434336145144 40.19507802071447
39.179076049183784 49.014426535145006 40.19504471255762
39.17893676896585 49.014623160415624 40.19496598567767
39.178803539629556 49.01481132500359 40.194890659895236
39.17866958694331 49.01500074145 40.194814871154904
39.17872369438899 49.014924107716524 40.194845513267666
39.17867296250322 49.01499577920602 40.194816825324224
39.17855039313004 49.015169016660415 40.19474749643103
39.17843434436419 49.01533310110672 40.19468184099077
39.178321133851775 49.01549319336074 40.19461778641498
39.1782018794801 49.0156621754621 40.19455023175741
39.17829812438736 49.015525735288406 40.19460476671155
39.17821241183048 49.015646969995956 40.19455626401912
39.178108119272935 49.01579451368825 40.19449724059194
39.0925645562489 49.1560854354774 40.11907624699718
39.09249391675355 49.15622841075286 40.11899452628538
39.09251522157107 49.15618522756226 40.119019272680234
39.09249736648735 49.156221356190855 40.11899863320574
39.10914178438445 49.239449603591474 40.04345628329824
39.0924335106588 49.15635071716007 40.11892457416189
39.02498046316737 49.340116400113665 40.01100178495732
39.0249262772001 49.34032772836123 40.010858559665564
39.02486055018685 49.34058413786693 40.01068482644163
39.02491194242569 49.3403836400676 40.010820669557184
39.0248736295542 49.34053308620713 40.01071939948445
39.02482278460968 49.34073143591136 40.01058500345752
39.024773761842454 49.340922698721926 40.01045542316036
39.0247131031563 49.341159439270456 40.010295083246284
39.02474960466673 49.34101695660385 40.01039156898696
39.02472598221877 49.34110913240713 40.01032912809811
39.024680345506205 49.34128721838441 40.010208496878334
39.02463660983448 49.341457898892955 40.010092890222246
39.024580444363906 49.341677179638054 40.00994442464197
39.02461233108619 49.34155265362011 40.01002871392122
39.024594162292914 49.34162356449691 40.00998068806744
39.02455405050123 49.34178012025611 40.009874659817484
39.024515593530246 49.34193022295309 40.00977300558972
39.02445660844064 49.34216060812139 40.009617083418604
39.02449438036162 49.342013024486974 40.009716932187665
39.0244779011591 49.34207734865768 40.00967337219311
38.80646647852227 49.61541216704953 39.88107117754477
38.805751365444 49.61617218141248 39.88078228492846
38.80587706434098 49.61602917388551 39.88083933545065
38.80576022088263 49.61615137193492 39.88079345263428
38.627877344125494 49.8303772309536 39.77628967131715
38.62736629512595 49.830789482290356 39.776151021012815
38.62747890457959 49.8306986005845 39.7761820244834
38.62736222889064 49.830792707910774 39.7761505005528
38.62687310363953 49.831187227401735 39.776018294974136
38.62661537483584 49.831395102863326 39.77594867500227
38.626381789959936 49.83158350433504 39.77588558023427
38.62590772554303 49.83196586960244 39.77575751417446
38.625820921882195 49.83203588138336 39.77573407838675
38.6254337018661 49.832348195106846 39.775629532910976
38.46846289324462 49.966385803035244 39.70894675948189
38.46846067209784 49.96638732664904 39.70894790588917
38.46845354878658 49.966392254687634 39.70895150040075
38.468451470044094 49.9663936836182 39.708952567410535
38.46844611588905 49.966397364421255 39.70895531498947
38.468440954293555 49.96640092484551 39.708957940163764
38.46843902674188 49.96640225758505 39.708958914356636
38.46843289260407 49.96640656390533 39.708961886635926
38.46843135054287 49.96640764370202 39.708962639281545
38.46842661002768 49.96641095056542 39.7089649777616
38.468422506978975 49.96641380821759 39.70896701068837
38.468420430099826 49.966415266110346 39.708968017288086
38.468415040400025 49.9664190917089 39.70897054649684
38.468414537168925 49.9664194446696 39.708970790965715
38.46840926868466 49.96642314005223 39.70897335013869
38.46840705035861 49.96642468697645 39.708974445461266
38.46840343216304 49.9664272201144 39.708976212265476
38.468400063931824 49.966429561604826 39.708977889730704
38.468397424723136 49.966431395131465 39.70897920642378
38.25729866735386 50.167875621275684 39.621834940299216
38.25705291473251 50.16812158506047 39.62170414591834
38.256570652183925 50.16860424730858 39.62144752967774
38.25630853791648 50.16886657403991 39.62130807367934
38.25587692816007 50.16929856819041 39.6210783132875
38.25557495170589 50.16960083352255 39.62091748860195
38.255199055880816 50.169977087792574 39.620717300576814
38.25484095487944 50.1703355372575 39.62052656401103
38.08423275280394 50.36770006761174 39.48502877292823
38.08389465953819 50.36807113741133 39.484773850467064
38.0837489254947 50.36823106081214 39.4846640152644
38.08332552217987 50.36869555769748 39.48434516183887
38.08286204236394 50.369203289980994 39.48399753626745
38.0827269958455 50.369351176516275 39.48389635098044
38.08328842677204 50.36873624135754 39.48431724954158
38.08245117807792 50.369653255325176 39.48368962033112
38.08212559184126 50.37000971963984 39.483445821432625
37.926176551754935 50.560970390626636 39.3250736099393
37.92617215840138 50.560971440963705 39.32507754323114
38.082055821768904 50.370086072574765 39.48339364318483
37.92616011448572 50.5609743577988 39.32508824436702
37.926156647459074 50.56097516753276 39.325091390031844
37.9261682869066 50.560972399887426 39.3250809366677
37.926144603249924 50.56097815603561 39.325101935471814
37.926141877115114 50.5609788553551 39.32510427250927
37.926152213819876 50.560976272868714 39.325095260567856
37.9261320605743 50.56098198163269 39.32511136335027
37.926138850564904 50.56098011548944 39.32510581334526
37.9261325495718 50.56098187705916 39.325110898694604
37.92611832828723 50.5609862005613 39.32512161899638
37.926129969128915 50.560984118591634 39.325109670073324
37.92613288281398 50.560981984130976 39.325110193576165
37.92613105288538 50.560983862506404 39.325108693242456
37.92612270069837 50.56098723001647 39.32511318501711
37.926128098788006 50.56098636903759 39.32510741649649
37.92611959667751 50.56098686966719 39.32511836540153
37.92613464841483 50.560984258493974 39.32510273922782
37.926133852520664 50.56098523688341 39.3251017350599
37.92613115461986 50.56098653482799 39.325102728151336
37.92613683667693 50.56098540797116 39.32509713667189
37.502876151450195 46.15636226888383 39.90089819923881
37.503182620284896 46.15668823224071 39.90097412086621
37.50327298510038 46.156786294787516 39.9009942466148
37.503049983594174 46.156542932402886 39.90094616243284
37.61618197667762 46.25408510770254 39.95352245349264
37.616645802365156 46.2546250926909 39.95357974339391
37.6165857553743 46.25455521598559 39.95357225778861
37.61680172464624 46.25480668712779 39.95359884103551
37.61706231773975 46.25511007891333 39.95363100588689
37.61749193415825 46.25561027972474 39.95368397322161
37.61785242976026 46.25602999667604 39.95372843420617
37.618191382472304 46.25642463172299 39.95377023824338
37.671552519890426 46.30020337153083 39.9809893569312
37.672139692011584 46.300837751897475 39.98111526977138
37.67268513944943 46.301426950933454 39.98123233518674
37.67243996852241 46.30116212026674 39.98117971006651
37.67319086169229 46.301973133037 39.98134097787617
37.673721377328334 46.302545920131834 39.98145511542197
37.67426673970047 46.303134594796276 39.98157258650177
37.67274182785355 46.301488153831855 39.98124453377438
37.67335047008987 46.30214541262624 39.98137536223133
37.673965757748306 46.30280966975056 39.98150779351785
37.674579887344834 46.30347248236808 39.98164016598066
37.675207198297336 46.30414938304403 39.98177551508529
37.79669790764737 46.446396583304804 39.99486369649027
37.85456834384385 46.7231675572405 40.12443022710789
37.854683921180865 46.723662404114975 40.12465416178799
38.01401732576565 46.99902407113305 40.26920396554931
37.955474639939005 46.71941005129255 40.14310123287496
37.95588369887543 46.72010400833096 40.143465371611185
38.01409727954466 46.99933276092543 40.26935420642489
38.0144033372672 46.99984612575817 40.26963892927502
38.01470539913907 47.000327016428905 40.26990873615486
38.01501844679302 47.00083911892169 40.27019431845367
38.01533664926822 47.00135893078857 40.2704842890604
38.01566524462194 47.00191225451777 40.27079091510092
38.01592698411865 47.00216997663619 40.27095562581515
38.01581129873895 47.0021604612348 40.27092818863882
38.01613550707261 47.002178694357035 40.27100141657842
38.015999162980144 47.00247790775452 40.271103970925964
38.01633984715658 47.00306622784006 40.27142823907445
38.01669914662253 47.00372001967209 40.27178470650938
38.01707280982117 47.00442611030914 40.27216679276745
38.01736560819147 47.00473460622847 40.27235982253062
38.01723912085618 47.004765086271306 40.27234758885708
38.09577310541023 47.216698728780045 40.348071306943595
38.09598640842864 47.21668554123215 40.348101370361974
38.096218066362525 47.21666891380876 40.34812838568124
38.09612527245213 47.2166776971154 40.34812275416833
38.096202391598545 47.21667322879522 40.3481343559407
38.096419174961696 47.216660872540295 40.348167468123194
38.19838112942965 47.13925971940852 40.2876105679101
38.19836204141296 47.139298270756186 40.287633394483485
38.198368773672506 47.1393395109294 40.28768658036248
38.19838088113271 47.13940954900804 40.287777619994
38.198379016968936 47.13941318178642 40.287779701639344
38.19841225884738 47.13934478736035 40.287738545285585
38.19837961315133 47.13941768658613 40.28778536382009
38.19839000078754 47.13949070558573 40.28787791009442
38.19841102405525 47.13948955251601 40.287898896694486
38.19839431028758 47.13952384351887 40.28791948125462
38.198399568194795 47.13956469671518 40.28797067291317
38.290872472195 47.16440393103477 40.28341340502273
38.29082178000988 47.164421554847436 40.28343885247537
38.29126570838174 47.16426519064479 40.2832111685837
38.29085193577318 47.1644128575563 40.283427974511866
38.29109928840872 47.1643373357435 40.283328776101705
38.45512796419098 47.2031422071955 40.26858152362225
38.29120718557164 47.164304628128555 40.28328606670587
38.45509874002972 47.20320034303175 40.26863594061016
38.45553096439734 47.2032847332108 40.26845989475681
38.45546783904386 47.203285683436924 40.26849444616063
38.4560352058819 47.20327602900278 40.2681831584955
38.455523313806324 47.2032991707042 40.26847361989929
38.45595741655456 47.203408831647394 40.26831339323048
38.45647140546493 47.20341552547784 40.26804167343222
38.45600609809854 47.203422669394534 40.26829645050683
38.59935388985882 47.36757829296275 40.32961878255537
38.60063672973705 47.368145483376445 40.32944081336852
38.59953569533799 47.36766849380859 40.32960391884751
38.60116163941329 47.36847453748837 40.32947030106341
38.6010752028139 47.3684368397949 40.329482840120306
38.60246122943781 47.36904547194774 40.32928614480237
38.60120406161234 47.36850114057321 40.32947269428772
38.602982423210065 47.369374018111166 40.329317345453944
38.60273543978991 47.369264998457794 40.32935180031335
38.60433962116212 47.369976178831095 40.32913126963413
38.603090448403776 47.36944236056728 40.32932407216868
38.60484672769424 47.37029948709794 40.329165469716855
38.60446295592123 47.37012819099763 40.3292170050897
38.60624581029462 47.370927038823744 40.32898083366624
38.60498858586281 47.3703905743069 40.329175717180945
38.60672639053411 47.371239071493704 40.329019191314444
38.606350755354974 47.371069643370426 40.329067773208905
38.60814287036561 47.371880018987 40.328838159431754
38.60683591581038 47.371311132315995 40.32902893317031
38.60858331956378 47.37217281220508 40.328880506105676
38.60837574807786 47.3720784636346 40.32890658737495
38.870479735866375 47.41312207029159 40.24867540408421
38.60863471350925 47.37220759009533 40.32888609431245
38.87058282323294 47.41335609888635 40.24880919090595
38.87098189662675 47.413500083875974 40.24880158196969
38.87062119581904 47.4133834710825 40.24881778882541
38.87106650290508 47.413708504620615 40.24892265875676
38.871485329076236 47.413874206497624 40.24892473566408
38.87113536184974 47.41375923553322 40.248939199318315
39.00133752137623 47.57954103525429 40.27224644947522
39.001347190123624 47.57947274414289 40.272207166054166
39.00134085575074 47.57958152186083 40.27225752386116
39.00138038171741 47.58005671378437 40.27238697818247
39.00137890607159 47.580074241467294 40.27239570544777
39.00138859047681 47.58019352055478 40.27242851953376
39.0014234651557 47.58053155990829 40.27251150672659
39.00141946267373 47.580573781123206 40.272533132665735
39.047788859493906 47.740240087256474 40.3091631020748
39.047903831409435 47.74038082901681 40.30912729632087
39.047842483513065 47.74031628287272 40.30914533604636
39.04803927358455 47.74059122835161 40.309080610592716
39.048025132433075 47.740575828813334 40.309084821527655
39.04807421665126 47.74064547777725 40.30906856925954
39.048266365143526 47.74090454213744 40.30900631954366
39.0482181721216 47.74084949556698 40.30902092948824
39.04836147321195 47.74105225361463 40.30897353984253
39.0485057754418 47.741235753033635 40.30892790749708
39.04841965721769 47.74113462599871 40.308954293624986
39.04863589673997 47.74143751493499 40.30888309338842
39.048619227113434 47.741417669303054 40.30888822821907
39.04875205606251 47.741577336469035 40.30884715761292
39.048663250435894 47.74147990263393 40.30887367533796
39.048879983544765 47.741775378657124 40.308803131186295
39.04882752664595 47.74171210841567 40.30881937247187
39.04900124654911 47.741922821691475 40.30876546719491
39.04896005840138 47.741899363892145 40.308775571004574
39.04912675793936 47.742116876979395 40.30872229717789
39.04903646225134 47.74200728001148 40.308750323294724
39.04925056883645 47.74226793658708 40.308683789433545
39.049250807246466 47.74230844035625 40.30867965341811
39.04923589105459 47.74229031904309 40.30868428481492
39.04937435618576 47.742459047682175 40.308641240549065
39.04927360630642 47.74234372674751 40.308671807938914
39.04949583751713 47.7426466606932 40.308599478029514
39.04943667693091 47.74257466625613 40.30861785936415
39.04962179493771 47.74280028025765 40.30856030862966
39.04958579933694 47.74278614274385 40.30856849594359
39.04974038774432 47.74298362938445 40.30851951921158
39.04963210719261 47.74285176795126 40.30855317145991
39.0498564656653 47.743163179683094 40.30847958575772
39.049815717103115 47.743113576598205 40.30849224793147
39.04998647152274 47.74332158681536 40.30843917254991
39.049918881692165 47.743260507450685 40.308458034217324
39.05009733513845 47.74349392843271 40.3084009463865
39.04999703814631 47.74337169630755 40.30843212682531
39.050202828437605 47.74365872522502 40.30836449076309
39.05017005244679 47.743618732447814 40.30837468510989
39.05033533873086 47.74382029711577 40.3083232876001
39.05024745245577 47.74372901857633 40.308349010947765
39.05043623789898 47.74397837001155 40.308288373842444
39.050338996225605 47.74385961491634 40.30831862933837
39.05052970661161 47.74412606812462 40.30825590333142
39.05049727694441 47.74408644654228 40.308265995151125
39.075895689759776 47.89754893379521 40.292186745526976
39.07581064299755 47.897683356249054 40.292197348182654
39.07583929370678 47.897718637843894 40.29218984947306
39.075797450277925 47.89775657743216 40.29219644037731
39.0757849998466 47.89788336767729 40.29219277183998
39.075770104525525 47.89789662625708 40.29219513009592
39.075838391583616 47.89783631864117 40.29218429556336
39.0757564977692 47.89796847842757 40.2921943725317
39.171493309806856 47.99447399798704 40.25988968337934
39.07574386842806 47.89803321526405 40.29219376462409
39.171807979959155 47.99522996631794 40.259752620665665
39.1717394546301 47.99508946742897 40.259779973622294
39.17200645823516 47.9956397949056 40.25967309667088
39.16589873283376 48.0747692209529 40.25704684391493
39.259378537214396 48.16827623977302 40.21758304832744
39.166002641374774 48.07500866703605 40.2570007449482
39.259595251523905 48.16896762716136 40.217454954332894
39.25956027143791 48.16885601078447 40.21747566763994
39.314884237515464 48.16875491543203 40.19775462393053
39.28124063257257 48.29589729412288 40.23295949762434
39.38706673938127 48.45907696034364 40.17903910464537
39.28138656992809 48.29647389987156 40.232918544277986
39.33524769755891 48.5833497769531 40.21712432937808
39.33524493150978 48.5833476514983 40.21712460231181
39.38710692869656 48.459432893867515 40.1790710165361
39.335270463679954 48.58361955080967 40.21714612667044
39.33528982945892 48.58375682356028 40.21715588041906
39.33528270520467 48.58375014760955 40.21715646886841
39.33532313038201 48.58415134277298 40.217187755630995
39.335319596145375 48.58414649359673 40.21718790103536
39.3353510496314 48.58448466786275 40.21721472385013
39.335365436183636 48.58455569958211 40.21721902042466
39.335356021845044 48.584538186035694 40.21721896967145
39.37715409221033 48.68730450147258 40.20310170691464
39.377127393005026 48.687316514574064 40.20311891237739
39.37713469074241 48.68731615284463 40.203116484127264
39.37712511369236 48.687320442912586 40.203122640924605
39.3266216609392 48.76077154571419 40.23606021761224
39.3771636198457 48.687305941782924 40.20310002555916
39.3266119068786 48.76080512290939 40.23606542548751
39.32660318388494 48.7608527271692 40.23607192268747
39.32659149891483 48.76087351776508 40.2360761272828
39.32657471903643 48.760935355046996 40.23608551288144
39.32657030048857 48.76094309895246 40.2360870904698
39.326555624409565 48.760990731457184 40.236094623981536
39.32657088529858 48.760974720196785 40.236090298949925
39.32654877537009 48.76101291188546 40.23609813462331
39.326543048931995 48.761055569814836 40.23610359390847
39.3265267878274 48.761083194691736 40.23610930823045
39.32651607525193 48.76113449239095 40.236116537403646
39.32650405701728 48.76115449031356 40.236120716874005
39.326489186217344 48.7612124631536 40.236129366573536
39.326481543962686 48.76122485562879 40.236131990337874
39.32646249940272 48.76128922895653 40.23614203451079
39.326459083848476 48.76129461036356 40.236143190698904
39.32644111062116 48.761350255859796 40.23615213530987
39.32643699285286 48.761362949379155 40.236154178795005
39.326414192108174 48.76143210802303 40.23616537588718
39.3263909779838 48.76150143361221 40.236176662210305
39.32636675831051 48.76157225693777 40.23618827985719
39.326341826443475 48.76164404558306 40.23620012217495
39.32631716442144 48.76171588888914 40.23621192337385
39.326327120352936 48.761685620138536 40.23620702677277
39.32631567833904 48.761717861472505 40.23621238781532
39.32629450932628 48.76178417434711 40.2362230037819
39.326290359203 48.7617893135221 40.23622426212287
39.32627212370285 48.76185192102258 40.236233981016476
39.32626535579183 48.76185941432513 40.23623594018248
39.32624998810394 48.761918443430346 40.23624478669925
39.32624075122216 48.761928008577954 40.23624739130992
39.32621726503287 48.76199340338272 40.23625831339915
39.32619454295377 48.7620563841641 40.236268850160826
39.32617318119753 48.762117993678004 40.23627900725426
39.32618458183058 48.76208377025259 40.23627344591684
39.32617202417332 48.762118226516435 40.236279232466806
39.27945991607015 48.85978506388632 40.225407871163476
39.27944010788243 48.85981283696133 40.22540414005001
39.279355338447225 48.859937474738814 40.225394643812834
39.27932500517233 48.85997961165582 40.22538848993179
39.27921106277071 48.86014447513189 40.22537274015998
39.27909718359139 48.860309135242105 40.22535687391293
39.27910150849223 48.86030284881706 40.2253574395877
39.27909662914006 48.86030989547767 40.22535675027051
39.278996255530394 48.86045594387386 40.22534379105652
39.27898488045001 48.86047114160972 40.2253408076803
39.278875305966544 48.860628990559675 40.22532488437359
39.27876765111394 48.860783829837004 40.225308966607074
39.17965887168468 49.01360415604495 40.19537405258706
39.27873498145105 48.86083081322035 40.22530413029675
39.17964662456682 49.01362106755225 40.19536721865793
39.17949810673149 49.01383045539036 40.19528333557721
39.179354397608876 49.01403316354116 40.19520214504574
39.17921649816548 49.014228047454196 40.19512414988476
39.17931082455189 49.01409462450083 40.195177528006525
39.17921076789292 49.01423578908681 40.19512099248223
39.179071421622666 49.01443244799006 40.195042242245144
39.178937419430945 49.01462165259062 40.194966491582335
39.178804013303534 49.01481037477596 40.194890993647505
39.17889731913522 49.01467827168315 40.19494382325381
39.17880475503479 49.01480898961256 40.19489149216765
39.17868030529586 49.0149848307223 40.19482111235027
39.17856022264481 49.0151545525694 40.194753190236234
39.17844253754161 49.0153210688034 40.19468658132817
39.178487585318486 49.01525723866918 40.194712099299096
39.17844502032878 49.01531742254768 40.19468801781969
39.178322847562946 49.015490692470266 40.194618774208614
39.17833439965388 49.01547385795411 40.194625427292785
39.17822998005099 49.015621575438615 40.19456633335826
39.17812842576241 49.01576525424403 40.19450885752659
39.0925741907913 49.156065791258676 40.11908762378699
39.178101535550674 49.015803299242066 40.1944936385154
39.09258347529392 49.15604687330331 40.11909856707805
39.092518563082244 49.15617828633286 40.1190234241522
39.09245556030737 49.15630589429965 40.11895039439037
39.09239226495593 49.15643423047261 40.118876807723225
39.09240763743941 49.156403038695856 40.1188947164043
39.0923953802357 49.156427903139 40.11888044696992
39.02493084464881 49.34030990404959 40.01087063280608
39.02494928966616 49.34023791500044 40.010919388810684
39.02489804456401 49.340437774166475 40.01078393684911
39.024848182488995 49.340632263766196 40.010652139688375
39.02478606206344 49.34087466073235 40.01048793761565
39.02482890101771 49.34070747881619 40.01060117400607
39.0247995736796 49.3408218879305 40.01052365440792
39.02475303463804 49.341003454365136 40.01040063947333
39.02470815631519 49.3411785568496 40.01028201373193
39.024653821670654 49.34139063780682 40.0101383894785
39.02468156511836 49.34128231541638 40.010211725639515
39.02466473284112 49.34134799692223 40.010167233071876
39.02462329490523 49.34150969853455 40.01005770043952
39.02458365501995 49.341664391585375 40.00995292030984
39.02453727082228 49.34184546957266 40.00983031067041
39.024553941165024 49.34178035406988 40.0098743774759
39.02454507982522 49.34181493728666 40.00985095421579
39.02450784827731 49.34196024429261 40.00975253961709
38.80648340170525 49.615355190384136 39.881103979374515
38.80628619419942 49.61556209593676 39.88102609878539
38.80581237258127 49.6160588952863 39.88083919390627
38.62786388370448 49.83038799806941 39.776286993120614
38.62765418518795 49.830557139827874 39.776230284175995
38.627379376497224 49.83077879804222 39.776155978976334
38.62691525824786 49.831153155854274 39.77603044155312
38.62676166217663 49.831277043838995 39.77598892396061
38.62644465279644 49.831532736674944 39.775903251716585
38.62598852139433 49.83190064330843 39.77577997068469
38.62595971928945 49.831923873798914 39.77577219390403
38.62552409543272 49.832275229474156 39.775654562174445
38.625244159667425 49.832501014547645 39.77557896252152
38.468461013124866 49.96638691414532 39.708948080924706
38.46845386446605 49.96639184595427 39.70895171528811
38.468452613807585 49.966392708069506 39.708952352506564
38.468446838903965 49.96639669801091 39.708955276903495
38.46844231042514 49.96639983830812 39.70895754745986
38.468440115294484 49.966401359033696 39.7089586510345
38.468433904672295 49.96640570223874 39.70896169341866
38.46843284345921 49.96640643786828 39.70896222604452
38.46842733279255 49.9664102562262 39.70896499504616
38.46842406189946 49.96641252186032 39.70896664013462
38.468420893708405 49.966414721959666 39.7089682225539
38.46841497276991 49.966419047521796 39.70897075946796
38.46841597148242 49.966418155434795 39.70897065095656
38.46841481639178 49.96641896044788 39.70897122223106
38.468409020187984 49.9664230181543 39.708974053128266
38.46840850496107 49.966423376222366 39.708974309924535
38.46840335017356 49.96642699140491 39.708976814757165
38.468401621555905 49.96642820153898 39.70897765903666
38.468397725189185 49.96643092772945 39.70897956501315
38.25754723543903 50.167626901557725 39.621967007957124
38.25715816290442 50.168016331400224 39.62175985231309
38.256799404932 50.16837542131029 39.62156882821266
38.256455525093905 50.1687196128345 39.621385749690035
38.25609860123082 50.169076864273386 39.621195711864566
38.25574064557117 50.16943515497802 39.621005100970905
38.25542759986209 50.16974850749029 39.62083835442788
38.255031291749525 50.170145210770386 39.62062723285653
38.25478610978482 50.170390630915215 39.62049664221098
38.08404698127127 50.36790003859406 39.48489625638267
38.083383158468656 50.368630369392804 39.484392340019724
38.08351397842882 50.36848420703372 39.48449595586863
38.083461807149845 50.36854143025455 39.48445668939181
38.083949551757726 50.368006936518846 39.484822861080545
38.08307377557428 50.36896714650365 39.484164426965066
38.082904726521186 50.36915256286579 39.48403719748786
38.0826476907265 50.36943464778731 39.4838434334853
38.0823534823858 50.36975727317848 39.483622138165344
37.92617764234982 50.56096992814943 39.32507307300174
37.92617532740232 50.560970537931446 39.32507502281406
38.08224168133595 50.36987987968839 39.48353803142506
37.92616195969862 50.560973841290604 39.32508675654686
37.92616110088069 50.56097405958739 39.32508749716694
37.92617010522832 50.56097194867534 39.32507934469447
37.9261470489807 50.56097770188312 39.32509946146122
37.92615478127045 50.560975760247175 39.3250927415572
37.92614810003054 50.560977473069336 39.32509847154003
37.92614422147861 50.56097970070253 39.32509911138183
37.92614404604793 50.56097975458188 39.32509924243679
37.926147746362915 50.560977629462684 39.32509863168448
37.92614176906938 50.560981744109995 39.32509813302772
37.92614154024166 50.560981825449204 39.325098279880635
37.926139603876535 50.56098412197653 39.32509601941979
37.92614532622603 50.56098302885897 39.325090297391206
37.92614251738548 50.56098429810523 39.3250915100913
37.926148170421435 50.56098320975781 39.32508587582349
37.616169446133014 46.25407055881619 39.95352081559631
37.616277292806686 46.25419613807435 39.95353408026935
37.616314898079885 46.25423994847635 39.95353865507081
37.61651550195294 46.25447352674692 39.953563350817234
37.61686451345915 46.25487985450512 39.9536064380859
37.6168402184909 46.25485163753714 39.953603282515175
37.61697640724593 46.25501019021132 39.95362009944005
37.617411878303685 46.255517210318516 39.95367378223313
37.6178445115399 46.25602092663992 39.95372711450821
37.617832062215015 46.25600643611861 39.95372557000137
37.61806553546585 46.25627820168956 39.95375450798633
37.61833754076344 46.256594865004345 39.95378811591084
37.67172205744624 46.300386580621826 39.98102567244279
37.672197917125175 46.30090064759427 39.98112776599568
37.61785327608109 46.25603113499138 39.95372818626893
37.618216758140974 46.256454333864774 39.95377300439719
37.67156971760777 46.300222171653225 39.98099282942876
37.67209718782185 46.30079189988256 39.981106087090424
37.67264456897438 46.301383056191824 39.98122369646999
37.67319830527623 46.30198092570033 39.98134281851718
37.67377130056249 46.3025995032325 39.98146616785265
37.67435633235804 46.30323094334636 39.98159223714083
37.674949751202305 46.30387129831485 39.98172024854981
37.85456703454295 46.72377574111566 40.12469603415076
37.85463171789988 46.72392949030023 40.12476750074426
37.854605036827834 46.72393614135811 40.12476865599711
37.85468075380367 46.723968657450335 40.12478784520749
37.85472045241176 46.723926088470904 40.12477184198313
37.854673876891 46.724227207202254 40.124900429348955
37.85477168503776 46.72461793622025 40.125077677386834
38.01411226565886 47.00002442777163 40.26965777700734
38.01438869272912 47.00045037376834 40.26989854502391
38.01467682756713 47.00090749125915 40.27015521636467
38.01496935481969 47.00136943677598 40.27041487040205
38.015273850531784 47.001867740112075 40.27069273390303
38.015527045138725 47.002140299513975 40.27086217071284
38.01543576218985 47.002150737363344 40.270848319242646
38.0157231578573 47.0021543372356 40.2709077734063
38.01559813502344 47.002432704586155 40.27100354989535
38.01591715357147 47.00296867402381 40.271300705877714
38.01624691839339 47.003538398730555 40.271614694246274
38.016585863491606 47.004139612715136 40.271944214915706
38.01694082580824 47.00478346243638 40.27229548854843
38.01691851547944 47.00478507163919 40.2722916938465
38.0171527040268 47.00477817902687 40.27233587120966
38.016959134383654 47.004864339724676 40.27233432026709
38.09552846252237 47.216723660494 40.348060799951895
38.09573419595542 47.21671082507878 40.34808951325907
38.095963248465054 47.2166928198485 40.34811239933313
38.095822939970404 47.216705699776774 40.34810290437619
38.0959429402743 47.21669870529733 40.34812085546396
38.096152729942595 47.21668683301744 40.34815310805058
38.09639717259934 47.216666803528405 40.34817554074201
38.09622158877592 47.21668307026163 40.348164021975606
38.096364212697075 47.21667523233098 40.34818651910804
38.09658292324767 47.2166629878596 40.34822046746051
38.09655696146291 47.2166653784428 40.348218728576384
38.09657753492996 47.216664341588256 40.34822220300457
38.096789566108335 47.2166531908622 40.34825687423948
38.19838097088722 47.139549628574215 40.287934142353805
38.09686178176478 47.21664968989785 40.348269408622826
38.19836658219345 47.13964222457365 40.288022299700614
38.19838241732283 47.13967912814258 40.28808028740791
38.19837188032653 47.139698143575544 40.288090358008134
38.19837474837011 47.13972939012177 40.28812828982209
38.29065382990848 47.16449832615163 40.28356699009659
38.290633938779784 47.16450515553042 40.28357677029423
38.29103246364096 47.16436616685259 40.28337567094647
38.29064564054558 47.16450182785574 40.28357266184252
38.2908770890233 47.16443286673353 40.28348390649875
38.455056123430225 47.20329155638382 40.26871958085024
38.33396587324633 47.23634878418593 40.30826418861341
38.45502736625677 47.20335876136552 40.268779786302495
38.455459490371034 47.20342757187022 40.268593419394705
38.45530522248722 47.20342875755238 40.26867710045511
38.455949327369055 47.20342344139577 40.268327468748495
38.455442370812236 47.203464928602656 40.268627494954735
38.59825962449352 47.36711416214638 40.329791357798
38.598060122657124 47.367027415146936 40.32982057521747
38.599414873341026 47.36761633930526 40.329622015509116
38.59835065338141 47.36716999176867 40.329795169227154
38.599947239731065 47.367946448221204 40.32964810326573
38.59975163469249 47.36786105841627 40.32967639423199
38.60004259400897 47.368005321678936 40.32965250831541
38.60168789848381 47.368804754422314 40.329500198919774
38.60135215368853 47.36865739022029 40.32954791733401
38.60184217068975 47.36890132652281 40.32950872015876
38.60348748104067 47.3696954512846 40.32935080712683
38.60301929689754 47.36948808137788 40.32941536974671
38.60367984367643 47.36981789191596 40.32936356819164
38.60532186040214 47.37060777945464 40.32920317805735
38.6047387408143 47.370346682452606 40.32928061567744
38.605513961151004 47.37073321805718 40.329219260565296
38.60715728109503 47.37152609865264 40.329061239490755
38.606581504858866 47.3712655967645 40.32913486079218
38.60731599520304 47.371631975587576 40.32907688937949
38.608967707623776 47.37243619031284 40.32892574704247
38.60850202568491 47.37222370871348 40.328983402343994
38.8705902465141 47.413373225344074 40.248819013917476
38.60907947046935 47.37251232971673 40.32893843775203
38.731896867591416 47.38938623994292 40.3073941621261
38.61041789857132 47.37318244428711 40.32883541476231
38.871079431142306 47.41374043366909 40.248941215984075
38.73192314182069 47.38943021137396 40.307412030854266
39.00133383024886 47.579685015273064 40.27230678103983
39.00133304431645 47.579700691012064 40.27231386703399
39.00134046327128 47.57958972532953 40.27226120677119
39.001340028670825 47.57978297121944 40.27233609312943
39.0013742462401 47.58015469712524 40.27243291771157
39.00137319421199 47.580179520426064 40.27244387933765
39.0013858168955 47.58032732553594 40.272483702744
39.00141646829921 47.58062453874321 40.272556682577545
39.00141471243707 47.580663309333204 40.27257395502114
39.047720192377334 47.740168448997544 40.30918323257997
39.0478303966791 47.74030460703318 40.309148785091885
39.04778843536718 47.74026522615408 40.309160642462125
39.04796642423879 47.74051567893595 40.30910192150408
39.04795925526586 47.740508633816816 40.30910397932314
39.0479919073058 47.740555194090774 40.30909314487548
39.048175191090564 47.74080235659463 40.30903376198006
39.048136054466966 47.7407605151234 40.309045337468945
39.048283876945874 47.74097102409709 40.30899631587791
39.04840010887115 47.7411123285371 40.308960216682095
39.04831856383662 47.74102041261554 40.30898481364529
39.04852979523481 47.741313305336774 40.308915563548325
39.04849665597306 47.74127517211329 40.30892563827884
39.04860492495493 47.741429658217875 40.30888970290697
39.048764625404196 47.74163725851187 40.308838744659255
39.04868252315801 47.74154025099617 40.30886396055332
39.048890039847834 47.74183129245944 40.30879559500255
39.0488685401743 47.74180566487153 40.30880222085503
39.04900575433771 47.741970330107165 40.308759821937855
39.04892732967914 47.74188908203307 40.30878275540415
39.04912927061766 47.742161571255636 40.30871731081856
39.049064451964114 47.74208360415541 40.30873735792482
39.04923266640635 47.74232206270593 40.3086816839466
39.0493709045104 47.74249494986597 40.30863826226401
39.04926016550368 47.7423609791236 40.308672589223264
39.04948727801314 47.74267587172769 40.30859813476519
39.049452181252605 47.742633290549335 40.30860902636083
39.049612909236785 47.742828452601 40.30855913153617
39.04953452368492 47.74274960015279 40.30858181567912
39.04972531910518 47.74300368053045 40.30852032347198
39.04964507051058 47.74290610378611 40.308545248782366
39.0498331944983 47.74317201995036 40.308483062698706
39.04982476758152 47.74316174945868 40.30848568252772
39.04996406385796 47.743331525725026 40.30844237636859
39.0498445784692 47.74318987206926 40.30847912177767
39.050067318376875 47.74349330533226 40.308406645908974
39.05000194119516 47.74341343864628 40.30842698977165
39.05015752141952 47.74363526142706 40.308375368625114
39.0502994914267 47.74381131570618 40.30833092625362
39.050169379272226 47.743652121055284 40.30837143896851
39.05039394289747 47.74395992600522 40.30829817906006
39.050327389659124 47.74387832252637 40.30831891919585
39.07572261275826 47.897826079146704 40.292208148055224
39.07572034588573 47.89782822561028 40.2922085006788
39.07578146511963 47.89777133291389 40.29219894550071
39.07571855200973 47.89783835586006 40.29220836875825
39.07572772687796 47.897934756936316 40.29220181944191
39.07569562527637 47.89796389158779 40.29220687451162
39.075675054840396 47.89809361714276 40.29220470076694
39.07566872515037 47.89809918572307 40.292205706092325
39.075730398494976 47.89804500464527 40.292195906979316
39.075662585399556 47.898130790563584 40.29220540407347
39.171602209621554 47.994810118180055 40.25983454543174
39.075642363547644 47.898231628113145 40.29220456804586
39.16573389201847 48.074703768076155 40.257094223962234
39.165681133577976 48.0746446837142 40.25711251179622
39.165959159061515 48.0749591337088 40.2570158859494
39.16582404767363 48.074980251464 40.25704859714734
39.25949977960251 48.16866303496316 40.217511398154265
39.16595173100386 48.07527854538998 40.25699161785839
39.281236022060995 48.29591122334833 40.232970130664285
39.28119285334421 48.29575043314604 40.232985083706716
39.28136440488858 48.29639102325205 40.2329261293592
39.28148682952463 48.296912079189134 40.232902625508785
39.335239766836 48.5833441070143 40.217125152342916
39.335233509492596 48.58334123051098 40.21712595387308
39.3352730023169 48.583737275155556 40.217156910040245
39.335270144376416 48.58373391749403 40.217157081334605
39.33528133243627 48.583748621216756 40.21715655938232
39.33529296513468 48.583975083319686 40.21717614273184
39.3353141267006 48.58413796239478 40.2171880281969
39.33530730658845 48.58412651461402 40.217188109580654
39.33534604519784 48.584517651198404 40.217218727637004
39.33534351558811 48.58451232979064 40.217218655333426
39.33535542742732 48.58453702871536 40.21721896155661
39.33536153247448 48.58470356188836 40.21723378358765
39.37710721238118 48.687325583116746 40.203131908135944
39.335379363923536 48.58489284165763 40.21724875765207
39.326611392618574 48.76077448697305 40.236062307899445
39.32660515658631 48.76078587441587 40.23606458236428
39.326595124942685 48.76082139173555 40.236070041508235
39.32660663660088 48.760814664450656 40.23606733909159
39.32658705763088 48.76085001071304 40.23607443758473
39.3265778299572 48.76089788489577 40.23608105064315
39.32656785461657 48.760915650235596 40.236084641803174
39.32654974258671 48.76097912906746 40.23609443047212
39.32654768087278 48.76098273833165 40.236095166155124
39.32654171185648 48.761002354645704 40.23609825563787
39.32654670295573 48.76101648252239 40.23609886812038
39.32652704047064 48.761050286225526 40.23610581964101
39.32651928911264 48.76109586644226 40.23611193631217
39.32650542541275 48.76111923018201 40.23611678844529
39.32649268146385 48.7611732944169 40.23612465982122
39.32648349316004 48.761188444465226 40.23612784060603
39.326466483622966 48.76124919501496 40.236137152314484
39.32646169145097 48.76125691554985 40.236138792311344
39.32644088112319 48.76132344116502 40.236149368285155
39.32643964871705 48.76132538004218 40.23614978516447
39.32643294239143 48.76134628429185 40.236153137447936
39.326436273841615 48.761364055312185 40.23615441936815
39.32641824582992 48.76139195206721 40.23616046885459
39.326411098873834 48.76143678777514 40.23616640267939
39.32639645018539 48.76145870439523 40.236171239594206
39.32638669822862 48.761507671965354 40.23617805811104
39.32637395608316 48.76152619950185 40.23618220932559
39.32636309185754 48.76157743343998 40.236189458148424
39.32635064816786 48.76159477184408 40.23619343308217
39.3263399192528 48.76164663659151 40.236200724448125
39.326326715043045 48.76166410370849 40.23620484486852
39.326301861653604 48.76173478245545 40.23621655738389
39.32627809679714 48.76180352196286 40.236227877955976
39.32628591916317 48.761779864415885 40.236224043741885
39.32627720792202 48.76180448078807 40.236228132615935
39.32625640932355 48.761868862702684 40.236238482159195
39.3262531396063 48.76187226212982 40.23623940556624
39.32623501597341 48.76193303491189 40.23624891299014
39.32623016557254 48.76193702579144 40.23625017268822
39.326214056663886 48.76199568162859 40.23625910879612
39.326207618957014 48.762000141447956 40.23626069311061
39.326193511606206 48.76205698144038 40.236269091706006
39.32618617633957 48.76206011580342 40.236270693077934
39.27951249419586 48.859705644258575 40.22541139631315
39.279401692634295 48.859866303392025 40.22539646133851
39.27929707326378 48.860018196888845 40.22538258165208
39.27935311981548 48.85993667736035 40.22538985236846
39.27929125507635 48.86002622458539 40.225381340256966
39.27919766538424 48.86016280628034 40.225369709274304
39.27918184300802 48.86018444886285 40.225366122409625
39.2790733934136 48.86034106161668 40.22535079261188
39.278964962322824 48.860497506667926 40.22533530765902
39.278861776704744 48.86064675029805 40.22532098226656
39.278902766433696 48.86058715336721 40.225326324892585
39.27885781621421 48.860651885776704 40.22531976900881
39.278764926517596 48.86078727646735 40.225308035384835
39.278754921146835 48.86079978639687 40.22530445129349
39.17962066068323 49.01365695763681 40.19535272189241
39.17948019291935 49.01385514836956 40.19527334979575
39.179518976401525 49.013800318836886 40.19529529008422
39.179475523677006 49.01386158864594 40.19527074605018
39.179350553572235 49.01403843903766 40.19520000769728
39.179335733446784 49.014058788412974 40.19519176500685
39.17919670060373 49.01425495655705 40.19511320325367
39.179062659817866 49.01444427035077 40.195037417947916
39.179101121779354 49.01438984541929 40.19505918805882
39.17906032106374 49.0144474331476 40.19503612855229
39.178935997198295 49.01462352176003 40.19496572018396
39.17892984478514 49.01463167364091 40.19496236771211
39.17880294449283 49.014810913101954 40.194890617080944
39.17867937277278 49.01498556631595 40.194820721450945
39.178701150766564 49.01495472281205 40.19483305447302
39.17867930449527 49.014985590059595 40.194820699891345
39.17856092045625 49.015153344140586 40.19475363702914
39.17856272276655 49.01515038097274 40.19475475396812
39.17845055804948 49.01530896889969 40.19469129707285
39.17834543753517 49.0154576691025 40.19463180854317
39.178237460297325 49.015610568540616 40.19457066627611
39.178292676482656 49.015532291263696 40.19460195345546
39.178240711175015 49.015605795278844 40.19457254692987
39.178131360906924 49.01576100305044 40.19451054181511
39.17814426745545 49.01574228340077 40.19451795416628
39.09260223368074 49.156008802992545 40.11912043362957
39.09253887297585 49.15613710448394 40.11904703945737
39.092467686617084 49.156281298469814 40.11896450648469
39.09251544099458 49.156184553387234 40.11901989595264
39.092477158176806 49.15626211526369 40.11897548415094
39.09241906503022 49.15637998556441 40.11890781385554
39.02497178326439 49.34015010649783 40.01097884712364
39.02492140341227 49.340346568407945 40.01084568299183
39.02485653910969 49.340599629854715 40.01067422952733
39.02491181764462 49.340383952144066 40.01082034576832
39.024872113169764 49.34053880543004 40.01071539808305
39.024824669142475 49.340723861463566 40.01058999245348
39.02477888356771 49.34090246591215 40.01046896990519
39.02472202685863 49.341124357102316 40.010318680184135
39.02475624944162 49.34099076585925 40.010409142103825
39.0247340511632 49.34107736891957 40.010350466240844
39.02469146260553 49.341243529301224 40.01023789325772
39.024650241872216 49.34140436383845 40.010128935429385
39.024600864031726 49.34159711102366 40.009998413154584
39.02462746170493 49.34149325151825 40.010068720981494
39.024610385101 49.3415598854657 40.01002358262069
39.02457214041611 49.341709122654855 40.009922490810304
39.02453535634767 49.34185266487008 40.009825259674514
38.80646757977096 49.61535936242429 39.88110600717054
39.024524213465995 49.34189614859788 40.009795805721204
38.806436805121514 49.61536406085796 39.88111222647068
38.80580661187422 49.61602652528136 39.88086249991316
38.627827447613925 49.83041732008816 39.77627785740992
38.62793810978267 49.830328019589324 39.77630822164518
38.62780573760576 49.830434793618146 39.776272388819514
38.627359351823074 49.83079486029411 39.77615152087007
38.626906514325086 49.831160150996254 39.77602869327184
38.62699449451382 49.83108915371948 39.77605283753097
38.62690180651089 49.83116391562629 39.77602776933189
38.626463843970015 49.83151718003632 39.77590926610124
38.62599108859694 49.83189855974537 39.77578080250763
38.62616765172876 49.83175608071019 39.77582923589047
38.626008362606484 49.83188455929912 39.77578619349208
38.62556730300554 49.83224030744647 39.775667005953856
38.62543561007092 49.832346527089996 39.77563142642157
38.46845984350004 49.96638743019073 39.708949247370896
38.468453291117534 49.96639207741245 39.7089523293575
38.46845384125964 49.966391575436134 39.70895229036107
38.46845290491625 49.96639222480407 39.708952759729314
38.46844657946908 49.96639664304011 39.70895586871924
38.46844367575689 49.966398668736204 39.70895730083549
38.46844036725119 49.96640098435705 39.70895891779059
38.468433937426575 49.966405508185204 39.708962013826536
38.46843431359999 49.966405191564284 39.708961934834555
38.46843398227163 49.9664054245592 39.7089620946042
38.46842778289647 49.96640974371932 39.70896516328581
38.46842566496022 49.966411203990944 39.70896624176539
38.46842108723322 49.966414358134635 39.70896857693126
38.46841752168153 49.96641681376403 39.70897039794512
38.46841436513829 49.966418983349364 39.708972018631876
38.46840877574853 49.96642311252505 39.70897432339813
38.468409890931625 49.966422071995964 39.708974289528605
38.46840804265023 49.966423357086015 39.70897520958384
38.46840271304107 49.96642717106748 39.708977649583204
38.468403004949295 49.966426897124265 39.70897764381636
38.46840255470796 49.96642721440054 39.70897785962949
38.46839750990078 49.966430791296375 39.70898023465562
38.46839674998207 49.966431329654355 39.708980593286974
38.2572550418632 50.16791946714484 39.621811057195245
38.25703703999711 50.16813768623708 39.62169492360766
38.25658858647028 50.16858658982804 39.62145601254477
38.25631449445364 50.16886095931953 39.62130998286597
38.255904744147216 50.16927110350164 39.621091753771424
38.25565283274529 50.16952324772676 39.62095762207453
38.25520315619694 50.16997336687463 39.6207180910466
38.255020053735606 50.17015664569891 39.620620571139156
38.08419345750647 50.36773566083488 39.4850136661726
38.08371231858271 50.36826299318763 39.484652304415796
38.083617281103756 50.36836724633159 39.48458075016573
38.08414184610777 50.367792282337874 39.48497479723139
38.083270241309236 50.36874831962383 39.48431872672225
38.083088309546284 50.36894814272416 39.484181268140276
38.08283670026723 50.369224547221094 39.48399106499795
38.0825699645966 50.36951748512986 39.483789588300084
38.08204970537625 50.3700877342104 39.483398766899555
38.08201476547967 50.370126053853596 39.48337247651273
38.082422347365366 50.3696795510851 39.483678187301614
37.92616267139976 50.56097371793229 39.32508601745012
37.926172090919266 50.56097151762427 39.32507747180196
37.92616674773459 50.560972848925935 39.32508213808581
37.926158027203726 50.560975319158786 39.325089105963
37.92615594723848 50.560975932255204 39.32509071580919
37.92616471355798 50.56097342089765 39.32508377267354
37.9261444412015 50.56097966622581 39.325098875342874
37.92615406132007 50.56097738413007 39.32509022379199
37.92615137576833 50.560978235457014 39.32509217224893
37.92614211864048 50.56098169717045 39.32509774026463
37.92615324762515 50.560979582187485 39.32508658806827
37.92615286757216 50.56097973789304 39.32508678707382
37.926151002928236 50.56098195676864 39.325084594198444
37.92615666810663 50.560980902079976 39.325078869418554
37.92615377901987 50.560982142163255 39.32508025927607
37.92615937718334 50.56098109173058 39.325074620121924
37.616583922635776 46.25455324858238 39.95357164845546
37.61684492510527 46.25485720835037 39.953603653379844
37.61704205812954 46.255086748098606 39.95362791527703
37.61676671230416 46.254766088871214 39.95359414091026
37.61717859114281 46.255245703523315 39.95364477019569
37.617722717273494 46.255879251363886 39.953711800609824
37.61776881399346 46.255932923859035 39.95371747867465
37.618067015512985 46.256280112847705 39.95375425757181
37.61844816656736 46.256723890536264 39.9538012382837
37.6719554200895 46.30063840571112 39.98107600840974
37.67248971976325 46.30121551597832 39.98119072715163
37.67304727650859 46.30181767739569 39.981310507400565
37.67360187711387 46.30241658182092 39.98142971566631
37.67350423607046 46.30231114462959 39.98140872452392
37.67407452650821 46.30292682304655 39.981531471091245
37.674569517218366 46.30346101320622 39.98163820224975
37.67507519983238 46.304006640137544 39.98174733865628
37.854589980353325 46.72393609075888 40.12476764489703
37.67363100729662 46.30244802814233 39.98143598772105
37.674206795411635 46.30306959351603 39.98155996489333
37.73341489086505 46.584192669044036 40.10816473210438
37.85468360358427 46.72486905903923 40.125181680645774
37.854772153777425 46.72521262185802 40.125337699899994
38.0138838512218 47.00033431004938 40.269746421670646
38.014134788228404 47.000704608938506 40.26995787474797
38.01439352910379 47.00108846357229 40.270176790168804
38.01466686229364 47.00151920345535 40.270419018088205
38.01494012572871 47.001938273169486 40.27065616088563
38.01490594605852 47.00192818638871 40.27064489306221
38.01514056293298 47.002049747830355 40.270744974204405
38.01534017465063 47.00213539279796 40.27082239739673
38.014961613686374 47.00202235557002 40.270697025751396
38.01524733997606 47.00247422135822 40.27095092990291
38.0155442809742 47.00296020589492 40.27122191874078
38.015848805690815 47.00346517550021 40.27150268479683
38.016168189647395 47.004021921406576 40.27180894244056
38.01650529014741 47.00463872892996 40.2721448674582
38.016730446468415 47.00475999929032 40.272242916483606
38.01654587167701 47.004717086152475 40.27218709055062
38.01686177928721 47.00532428955782 40.27251457339539
38.09529720712541 47.21674755304264 40.34805166283572
38.09550130792117 47.21673463928338 40.34807970775373
38.09546045536604 47.216738235398104 40.34807656661704
38.09572483842881 47.21671462858597 40.34809607829447
38.09549765464931 47.21673614838844 40.34808232991534
38.095699352198125 47.21672438747183 40.34811249117234
38.09590808833713 47.2167116779153 40.34814238919918
38.09587133660937 47.216714966637326 40.34813969438065
38.09614286656932 47.21669033741546 40.34815879412183
38.09590386497992 47.21671317093043 40.348144805514266
38.09610847026604 47.21670178220992 40.34817672595891
38.09633074348143 47.21668621664787 40.34820359602923
38.09622850659061 47.216695482387685 40.34819638575577
38.09631537040006 47.21669094437931 40.34821066341877
38.0965209126995 47.21667991499092 40.34824373598767
38.09677230816421 47.21665800892176 40.348263611912
38.09654777070587 47.21667856832514 40.348248288647326
38.096728670044634 47.2166697135449 40.34827947955695
38.096965408651286 47.216651967364115 40.348305243894785
38.096820916793284 47.216665248302036 40.34829550737223
38.09693402110053 47.216659488461396 40.348314462504135
38.09715281522642 47.21664552299951 40.348344228062224
38.097084327658344 47.2166518266645 40.34833963419037
38.09713581384658 47.21664914578021 40.34834811864425
38.29046382311701 47.16457787983813 40.28369455055731
38.33373168396577 47.236298421903186 40.308312708422584
38.29048075621067 47.16457320339594 40.28368893654931
38.333788274011454 47.2363127756371 40.30831249279618
38.33442837832048 47.23645120822553 40.308183976886
38.3339731570566 47.23635331350453 40.30827829252265
38.33446965719997 47.236461997354 40.30818550045304
38.59715829922623 47.366633589261475 40.32995085880269
38.33474114650369 47.23652129952998 40.308134092941096
38.597469427777085 47.36682118980078 40.32996048863525
38.59879236110184 47.367439238036056 40.32981191150527
38.598171193224005 47.36716635778825 40.32989994419567
38.59909072354315 47.367619966754205 40.32982201738386
38.60047292068744 47.368268725002366 40.3296699738958
38.599805936561644 47.36797382794371 40.32976250609036
38.600782806524826 47.36845771965215 40.32968182664451
38.60220382663111 47.36912540055842 40.32952625155076
38.601481588526255 47.3688037573971 40.32962400540043
38.60250373591988 47.369310613338016 40.329540152099966
38.60397747238373 47.37000570285733 40.32938159008293
38.603219801269475 47.36966619286267 40.32948193787263
38.60425806953271 47.37018251310026 40.32939831337167
38.605768286000455 47.37089808101222 40.329239279049176
38.604979165160984 47.37054162026878 40.32934077660006
38.60601542876583 47.37105766127687 40.32925807071882
38.60755875809256 47.37179381947611 40.32910071993244
38.60678675880371 47.3714423191719 40.32919708896771
38.60777143623724 47.37193417212027 40.32912008380386
38.6093317571308 47.37268386806014 40.32896673247857
38.608591128347975 47.372344199436704 40.32905659892536
38.6095220098123 47.372811189410655 40.328985919788856
38.73203818882473 47.38959269386944 40.30747073388733
38.61032518078716 47.37321526233391 40.32892615140487
38.732128127076024 47.38970701292094 40.30750836760233
39.00136808219037 47.580233012301655 40.272471333550065
39.00136434800647 47.580269976298204 40.27249057668281
39.00138964587536 47.58056353843032 40.27256936529577
39.0014102785444 47.58070046948981 40.27259421626128
39.00140493872374 47.58073785789847 40.272615785777695
39.04768489744543 47.74014545196504 40.30919218321285
39.04777214781449 47.740248941844676 40.309165345820745
39.04772402842049 47.740200584850626 40.30917926623175
39.04790069462746 47.74044783808027 40.30912111682895
39.04789008431482 47.740436918104464 40.30912421226243
39.04793436234921 47.740499896334704 40.309109536309656
39.04809830572266 47.74071994925414 40.30905652349287
39.048061578172124 47.740681017667356 40.30906735267852
39.048213379497064 47.74089791630012 40.309016938521694
39.04830837245931 47.741008964537755 40.30898788375367
39.04823193268953 47.74092442785624 40.30901077667421
39.04843477048131 47.741204301634646 40.30894441776959
39.048395111875514 47.74115928379013 40.308956412119315
39.04854027354116 47.74136725935619 40.30890814607605
39.048657375542824 47.74151083434841 40.30887165414995
39.048568069906324 47.741407047650085 40.30889890746402
39.048781566167634 47.741702683450896 40.30882895499251
39.04873935541467 47.74165295138957 40.308841904765984
39.04886267552687 47.741828244758295 40.30880104135309
39.049013222989444 47.74202246717687 40.30875315315049
39.048927841840026 47.741920644662315 40.308779471119344
39.04913257293424 47.742207438997106 40.308712057649416
39.04911264785944 47.742183524305716 40.30871821480382
39.049249022581655 47.74234758346499 40.30867603473712
39.04916302539797 47.742254774460804 40.30870155793966
39.049364194949405 47.74252695023381 40.30863628986731
39.04930478641471 47.74245519829781 40.3086546932672
39.04944255029688 47.742649499354066 40.308609197637644
39.0495974950688 47.74284835919296 40.30856001528165
39.04949686815685 47.74272625811602 40.308591244436144
39.04970360183406 47.743014115025986 40.308523347589066
39.04967272609511 47.74297648799315 40.30853294614273
39.04974795740361 47.74308344384935 40.30850801560938
39.04993402740163 47.74333043579252 40.30844812674363
39.04984500331048 47.74322157998936 40.308475839214154
39.05003327092764 47.74348538836619 40.30841383906515
39.050005615963165 47.74345146811047 40.30842245839993
39.050164135870745 47.74364570154006 40.308373072009786
39.05007372704439 47.7435487335702 40.30839984372902
39.05025897332787 47.74379438478124 40.30834024496743
39.05016389993418 47.743677577121254 40.308369896592644
39.07566367198834 47.89788189010355 40.29221731654672
39.07564705641138 47.89789775335192 40.29221989483641
39.075634042170044 47.897973385945086 40.29221883349632
39.07566908087535 47.897988135603356 40.29221104702887
39.07562453117487 47.89802893870063 40.29221804423711
39.07561805895646 47.8981438358053 40.2922137495349
39.07560024804633 47.898159583887725 40.29221657454507
39.07558608516891 47.89823917595789 40.29221555190431
39.07562251944471 47.8982483835054 40.29220775406818
39.07557734839765 47.898286694937624 40.29221499805255
39.165504568540975 48.07444931232963 40.25717352146454
39.075551728270504 47.898413986411384 40.292213961505794
39.165639127936394 48.07486391344547 40.25710526322534
39.16590151868272 48.075220976729824 40.25700913252416
39.16568862028632 48.074978207595365 40.2570832859589
39.166063943109975 48.075720582683864 40.25692680893036
39.16594217170753 48.075577907002426 40.25696953524513
39.33522493820646 48.58334423912612 40.21712771406868
39.33522434661272 48.583344802867614 40.21712786949503
39.335232122732 48.58334172785727 40.21712623966578
39.335230923531334 48.5834153192817 40.21713345948332
39.335264867884604 48.583730144839464 40.21715762884204
39.33526004363286 48.583727228858024 40.21715818025223
39.33529670897383 48.58410946852131 40.21718830679095
39.335295748349424 48.584108049718296 40.21718833670862
39.335305357855844 48.58412349003177 40.217188156320745
39.335302831865505 48.584182835208104 40.217194246476
39.335336634610165 48.58449770086183 40.2172184439995
39.33533173806495 48.58448701685957 40.21721826750228
39.32659691518947 48.76076663990151 40.23606399953492
39.32661658376215 48.76073390436996 40.23605715876978
39.32659518692211 48.76077319943551 40.2360649861604
39.32658768862841 48.76081768180801 40.23607094398566
39.32657886360306 48.76083374089261 40.23607415686595
39.326566463952076 48.76087893747361 40.23608104024483
39.32658204585505 48.76085901591021 40.23607625017475
39.326562019657715 48.76089506176193 40.23608349952939
39.326553841530135 48.76094052323785 40.23608967785121
39.32654390999861 48.76095813589326 40.23609324542428
39.326526849686424 48.76101910107258 40.23610258841307
39.32652447881962 48.76102323598697 40.23610343278288
39.32651826155771 48.761044003038606 40.23610668581177
39.32652247035504 48.76105813411286 40.23610743442341
39.32650509338232 48.7610879216594 40.23611356882143
39.32649632676875 48.76113454761608 40.236119971187975
39.32648432440422 48.761154694665564 40.236124163513594
39.32647053899671 48.76120975467338 40.23613231990295
39.32646333937747 48.76122155440896 40.23613480478748
39.32644529646569 48.7612832710697 40.236144397001226
39.32644218562275 48.76128824106027 40.236145457231075
39.32642722135314 48.76133551863008 40.236153003614575
39.32642148863659 48.76135360097335 40.236155891509355
39.3264156750036 48.761395887761424 40.23616132708039
39.326400384678905 48.761419122639374 40.23616641336274
39.32639129249657 48.76146646287786 40.23617294701086
39.32637910232428 48.761484442691646 40.236176945078626
39.32636769311939 48.76153526460524 40.23618424537149
39.32635741149935 48.761549928386735 40.23618756503696
39.326344733539884 48.76160287404703 40.23619530787005
39.32633543700081 48.761615380796385 40.23619823075204
39.32632222201157 48.76166991111052 40.23620623268007
39.32631256971341 48.761682115842945 40.23620918570184
39.326300084938104 48.7617369236204 40.236217089920856
39.32628945425786 48.76174874254613 40.23622017238846
39.32626610107078 48.76181530401364 40.23623119351263
39.326243149595285 48.76188035670688 40.236241986973624
39.32622171747215 48.761943377600915 40.236252304019544
39.326234972638375 48.76190339961093 40.23624581840019
39.32622034320178 48.76194448813617 40.23625265881637
39.32620145028119 48.76200433275661 40.23626220261916
39.326198311560105 48.762006254843044 40.23626294864499
39.32618184205845 48.76206259161398 40.23627170459459
39.32617745528506 48.76206477467993 40.23627269457962
39.27949691279797 48.859727598971126 40.22540858225412
39.27946477788789 48.85977284766737 40.225402744469335
39.27939675493738 48.85987322518798 40.22539552974945
39.279360607267954 48.85992368350689 40.22538846982148
39.27925787952403 48.86007218611096 40.225374119840225
39.27915652260168 48.86021850254145 40.22535973246971
39.27905531877866 48.860364862260006 40.22534566260492
39.27908163189404 48.860326612440666 40.22534910131432
39.27905315946093 48.86036767302653 40.22534501323641
39.27895928221186 48.860504764022494 40.22533344684347
39.278949434228124 48.86051725279942 40.22533011567838
39.27884720517281 48.86066446382914 40.22531519672466
39.27874660464693 48.86080911217198 40.22530027193534
39.1796084246771 49.0136738740102 40.195345889424935
39.27871582066259 48.860853379566194 40.22529571015405
39.17959619811306 49.01369078435775 40.19533906058194
39.179457218954596 49.01388678420032 40.19526055086579
39.17932119743821 49.01407867969985 40.195183696274604
39.17919134833842 49.01426217884685 40.195110256163474
39.17926820192514 49.014153456744964 40.19515374995382
39.179186549541036 49.01426868161603 40.19510760741983
39.179055927700254 49.01445307108463 40.195033777554166
39.17892954648498 49.01463154500523 40.19496232800496
39.17880358913574 49.0148096546564 40.19489106314823
39.178866385356834 49.01472073896187 40.194926620218524
39.17880391396154 49.01480897261208 40.19489129915389
39.178685044394825 49.014976936905526 40.19482407327928
39.17857027333163 49.01513915934938 40.19475915370443
39.17845756718701 49.0152985923943 40.194695371833106
39.17848847271164 49.01525479797456 40.19471287943428
39.178458933643604 49.015296562190734 40.19469616792611
39.17834799754171 49.01545387465033 40.19463329786996
39.178353461514156 49.01544573071987 40.19463648722795
39.178253847415135 49.01558666467544 40.1945801094395
39.178159633253934 49.015720004301656 40.19452677714192
39.17806444801674 49.015854843087546 40.19447286587656
39.17810511578398 49.01579716366862 40.194495915742635
39.17806830721803 49.0158492647011 40.194475077797584
39.09254321284459 49.15612828752354 40.119052113126195
39.092557134137294 49.15610005401967 40.11906830917659
39.09249725780889 49.15622140463633 40.11899878290708
39.09244053324172 49.15633652741149 40.11893265975401
39.02498729954226 49.34008952280951 40.0110198624167
39.092405360374485 49.15640788510049 40.11889170060686
39.02499231414713 49.34006994057706 40.01103311797169
39.024924472667216 49.34033458291269 40.010853796226456
39.02494280125214 49.34026300108789 40.01090224609494
39.02489455369674 49.34045114990428 40.010774717983914
39.02484796766413 49.34063283845981 40.01065158095546
39.02478956111327 49.34086074501511 40.01049719567164
39.0248356222996 49.340680989336576 40.01061894935976
39.02480266711903 49.340809530963966 40.01053184114778
39.02475899725992 49.340979877293535 40.0104164111279
39.02471694629227 49.34114392102205 40.010305259804184
39.024663084035474 49.34135415944087 40.01016288418118
39.02469739647027 49.3412201905047 40.010253584541225
39.0246756471957 49.34130504317489 40.010196095467144
39.0246362774197 49.34145864612854 40.010092030562106
39.024598391865574 49.34160646450863 40.00999188864079
39.024543441830716 49.34182104179601 40.009846634449026
39.02458856371486 49.3416448120651 40.009965910106196
39.02456154605207 49.3417502312121 40.00989449486356
38.806404841751004 49.61535942156935 39.88112502511923
38.80579922340366 49.61600279335256 39.88088054802331
38.805891698362785 49.61589978168422 39.880921056256945
38.805797362348876 49.61599904162553 39.880883611722886
38.62776215049188 49.830469861956615 39.77626155076788
38.627337094236296 49.830812730835376 39.77614638159771
38.62721759728427 49.830909119641504 39.77611403203729
38.626905937979316 49.83116051041429 39.776029664665224
38.62647315261179 49.83150959780049 39.77591257370972
38.62636772543618 49.83159463371034 39.77588407486442
38.626035797627466 49.8318623624114 39.7757943389676
38.6255983927981 49.8322151751766 39.77567600577342
38.625630695163906 49.832189110242794 39.77568484832159
38.625603952342814 49.832210680064264 39.77567762481303
38.625186414538135 49.83254745957201 39.77556475637385
38.468455171243846 49.96639042172858 39.7089520784597
38.46845245459052 49.96639231119427 39.708953429590125
38.46844649014198 49.96639650084742 39.708956314812795
38.468445121192886 49.96639745582797 39.7089569900393
38.4684404097107 49.96640075281785 39.70895929379344
38.46843589089664 49.966403912432014 39.70896150835413
38.468434392597494 49.96640496067316 39.70896224143343
38.46842835379122 49.96640917375718 39.708965219244114
38.46842737744451 49.966409850838666 39.70896570872283
38.46842203426218 49.96641355111876 39.708968397552496
38.46841936022276 49.96641538478028 39.70896977892696
38.46841518160312 49.9664182485058 39.70897194082642
38.468411792357124 49.96642058844956 39.708973660517024
38.4684089251916 49.96642257520094 39.70897510104707
38.46840484951225 49.96642541214124 39.70897712365675
38.46840317037296 49.96642658975812 39.70897793960164
38.46839792421886 49.96643037347271 39.70898028348856
38.46839859826832 49.9664298324968 39.708980090118246
38.46839820508085 49.96643011277601 39.70898027227799
38.25736545606722 50.16780912464296 39.621869216356615
38.25725247506842 50.16792222350756 39.62180901009298
38.25672088006021 50.16845436657185 39.621525752987786
38.256528043704286 50.16864740246453 39.621422998680586
38.25605650346985 50.16911940663077 39.621171822115365
38.25586837154614 50.16930771111311 39.621071654964105
38.25536796957622 50.16980859753179 39.620805133181015
38.25457166083804 50.170605545479 39.62038148563796
38.2546776080603 50.17049955161109 39.62043771149173
38.254631304952945 50.17054589914376 39.62041305120464
38.25524547026598 50.169931212634765 39.6207398983464
38.083897944547104 50.368056178642576 39.4847982087864
38.08377640482469 50.368189636636984 39.484706445060716
38.08345476961457 50.36854301083162 39.48446322327632
38.08326771240549 50.3687486641251 39.48432150534001
38.083018130242245 50.36902301738495 39.48413249606846
38.082763427744155 50.36930279841916 39.48393999607016
38.08215967563169 50.36996604053698 39.4834836065685
38.08260702593737 50.369474613733 39.4838217634187
38.08224499057347 50.369871855567176 39.483548991549654
37.926173399211 50.56097101724568 39.32507670915422
37.926169518969 50.56097204076531 39.32507997427018
38.08222395290592 50.3698949521301 39.483533115747356
37.92616058500873 50.56097482653004 39.32508655706128
37.92616047277279 50.5609748638994 39.325086634592495
37.926166615474614 50.5609729233726 39.32508216320775
37.926157392761624 50.5609769038098 39.32508655257136
37.92615729529501 50.560976949325884 39.32508659144277
37.92615432336437 50.560979268706234 39.32508574761407
37.92615577700355 50.560978811385255 39.325084685356146
37.926158885886736 50.560979226559084 39.32507937866392
37.92615775527252 50.56098018966179 39.32507888177483
37.92616040284818 50.560980379605056 39.32507471892923
37.617130353871374 46.25518964116998 39.953638592417455
37.617231376024385 46.255307275771315 39.953651013145844
37.617402370559574 46.25550636156731 39.95367210081543
37.6177525607462 46.25591408480455 39.9537152800922
37.61794178542908 46.256134421120706 39.953738557250055
37.61821764018715 46.25645559395586 39.95377257618556
37.67174067404661 46.30040573864905 39.9810306009999
37.67232565627306 46.30103797860377 39.98115582315626
37.67275114950063 46.301497688245036 39.981247058767124
37.672445930831444 46.30116792084887 39.981181617022585
37.67316592154658 46.301945723324394 39.98133608492928
37.67287271006059 46.301628893771856 39.981273252019946
37.67342199193067 46.30222205739763 39.98139131429083
37.73264573640603 46.58335064998049 40.10797619090451
37.73343484127404 46.58483091563248 40.108442801737134
37.85476928091072 46.72573037851148 40.125563870194796
37.854858230126226 46.72609072535234 40.12572725349658
38.01394099032444 47.00108948687769 40.270086080270175
38.01416076672652 47.001377745292686 40.27025560741152
38.01408782598709 47.00132926265526 40.270219847714415
38.0143511221997 47.001530495772656 40.27036032567229
38.01455506625827 47.001710773263206 40.270479742461305
38.01475318480656 47.00185529626001 40.27058244932125
38.0141936909171 47.00150143913749 40.2703159883417
38.014445213263016 47.0018881890868 40.27053470784897
38.01469831704611 47.002262043915394 40.27074814255089
38.01496408962274 47.00267566675396 40.270981409623964
38.015239531838986 47.00311389000131 40.27122731413037
38.01551926794889 47.00355834590855 40.271476791847896
38.01582135206548 47.00408262528283 40.27176545702388
38.01609570096531 47.00447821943362 40.271992617563114
38.0160117379926 47.00443451185463 40.27195671258511
38.016304720914896 47.00458708625507 40.272082026506254
38.01652123827258 47.0047051061642 40.272176922963816
38.016145670633165 47.004683381981515 40.27209183277615
38.01647791226887 47.00530607272328 40.272429335527704
38.09488754376702 47.21678372381834 40.3480204316008
38.09508178339118 47.21677106140492 40.34804621068581
38.0950280575643 47.21677560243713 40.34804161946623
38.09528726564568 47.216753392467815 40.34806303439834
38.09507914845246 47.21677273062548 40.348049521710564
38.09527339281236 47.21676151248707 40.34807883291384
38.09547106853181 47.216750325700914 40.34810922300497
38.09545521899457 47.21675169233458 40.34810793454962
38.095684923407674 47.21673159314875 40.34812589206255
38.09546994331169 47.21675088262546 40.348110255827976
38.09566746641907 47.216739650858486 40.34814049138168
38.09587082335773 47.216727590494 40.34817040527595
38.09583682467712 47.21673057357462 40.348167767392745
38.096092968522086 47.216707715677984 40.348186703362394
38.0958674908464 47.21672893386475 40.348172715965326
38.09606643144508 47.21671758026483 40.34820306770665
38.096280855544684 47.21670283492308 40.34822965032616
38.096183397961425 47.21671151428873 40.34822240253383
38.09651592658682 47.21668147265616 40.348246087561
38.09626770968255 47.216707041656676 40.34823609459616
38.09646685110579 47.216696119403395 40.34826755948298
38.096707939704984 47.216675535649564 40.34828765753134
38.09649289624988 47.21669481252233 40.34827197197849
38.09666640704874 47.216685699867604 40.348300374408275
38.096893058269394 47.21666929790943 40.34832647853193
38.096765607370244 47.216680696006044 40.34831711651625
38.09686489385578 47.21667578859564 40.34833411957983
38.097077730779034 47.21666234449524 40.34836341968064
38.09700586983585 47.21666884716616 40.348358327000426
38.290451343708874 47.164583192368156 40.28370313730061
38.097060780285084 47.21666606539273 40.348367564985956
38.333221079263176 47.236190952544256 40.30843080547325
38.0972267564736 47.21665795063914 40.34839620619272
38.33380605848311 47.23631728148587 40.308312398271354
38.33323275623246 47.236193819505374 40.308430261260604
38.333883179146845 47.23633694703136 40.30831265423085
38.33383784555876 47.23632713731756 40.30832172642145
38.33449362475095 47.236468205584636 40.30818608889306
38.333889028343265 47.23633839406382 40.308312439177556
38.334565016522866 47.23648664672119 40.30818757175116
38.33450083614586 47.236472837678704 40.30820083143323
38.59769453003591 47.36695637787807 40.32996688468445
38.33457295100914 47.23648864702439 40.30818747705832
38.59821375973873 47.36726646313073 40.32997979717125
38.59807001015171 47.36720279640628 40.32999962382508
38.5993201388455 47.36775820481732 40.329829021014504
38.5982898436288 47.36731166491143 40.329981440590814
38.59983682761906 47.36806760427507 40.32984274773234
38.59964259745426 47.36798075854276 40.32986867058061
38.60099406981821 47.36858569332542 40.32968898659477
38.599926705191905 47.368121198924875 40.32984489797191
38.60150734746462 47.36889469431796 40.32970435732714
38.60133686711381 47.368817964167675 40.329726579078695
38.60271014536653 47.36943689041418 40.329548459627595
38.60157470308197 47.368935203203726 40.329706331934645
38.603205968637106 47.36973831503417 40.32956640041245
38.60314851207284 47.36971231726562 40.329573744582675
38.60445182026351 47.37030299439896 40.32940816720931
38.60322697207743 47.36975112003679 40.32956719883512
38.60485162476835 47.370551673624554 40.32942857038219
38.60619724282937 47.371173932302575 40.329270706638994
38.60509170123349 47.37067048212805 40.32940862312917
38.60654673322578 47.371394970420305 40.32929239760978
38.60794732775048 47.37204906708533 40.32913485225424
38.606843844645354 47.37154332355079 40.32926910338622
38.60829708020619 47.372272201174326 40.32915859593996
38.60969490422559 47.37292450392309 40.32900083465309
38.60847969160724 47.372364186978864 40.32914512767486
38.6100853563455 47.37317251027116 40.32902618796455
38.60998901408796 47.37312786849433 40.329037395689234
38.742182195417 47.540070654822436 40.35208067423151
38.61011549565471 47.37319181111235 40.32902831068263
38.743051548801716 47.540685249462946 40.3519675145951
38.742601931483904 47.540413439507546 40.35201785373519
39.00140178460878 47.58075207295894 40.27262550070324
38.74328968763683 47.540855206124554 40.3519362322533
39.04764344440507 47.74011072713091 40.30920347483665
39.047619342340695 47.7400847578654 40.30921062388174
39.04771218283063 47.74018763699527 40.30918279846124
39.04770309035394 47.74020277116556 40.3091829771696
39.047832389942755 47.740373345036254 40.30914146763529
39.04779456813526 47.7403316526504 40.309152781167455
39.04792573112651 47.7405173514853 40.30910939396321
39.04802629516644 47.74064187351416 40.309077932076896
39.04796753521313 47.74057656257684 40.30909556308636
39.048148157967375 47.74082981873342 40.3090360643685
39.04813349421967 47.74081338325072 40.30904047807693
39.04822684602641 47.74091870824115 40.30901230958673
39.0481895903295 47.740893664846084 40.30902183511553
39.04834865485754 47.741106501223804 40.30897046739011
39.04829783941031 47.7410487213834 40.30898584586184
39.04846994003444 47.74129330437932 40.3089288235074
39.048460331512445 47.741282270110645 40.30893174236805
39.048560027418475 47.741397755946636 40.30890135623807
39.04849592539038 47.74133332517707 40.30891990148389
39.04868185461609 47.74158550846031 40.3088595146803
39.04862702476642 47.74152140174993 40.30887628605237
39.048802298710484 47.74177110855324 40.308818150257274
39.04879577817486 47.741763371437536 40.308820156209876
39.04890407639249 47.74189231564167 40.308786795310695
39.04881519351865 47.74179099269888 40.30881372037633
39.04902268047591 47.742075459911696 40.308746024467446
39.048974620467135 47.742017889974285 40.30876086431751
39.049107146006925 47.74220603167744 40.3087169745005
39.049247751606764 47.74238619221254 40.30867237357011
39.049156046086395 47.74227538729811 40.308700786440475
39.04935975774206 47.74255947310843 40.30863383798739
39.049332385755676 47.742526229981635 40.308642335788065
39.04947397334003 47.74269843825641 40.30859835370955
39.049400839720946 47.742623137543475 40.30861969288088
39.04958211276199 47.74286597286115 40.308561124650225
39.04951195422073 47.74278039576133 40.30858294316573
39.04968740672783 47.74302880382645 40.30852490502414
39.04967695056744 47.74301600578501 40.30852816121233
39.04980637703189 47.74317434196458 40.3084878639705
39.04970353558524 47.7430538200237 40.30851934946597
39.049907583207954 47.74333126079243 40.308453009133785
39.049842159094666 47.74325097517739 40.308473404124946
39.05000566956592 47.74348320383081 40.30841924273995
39.04999477326809 47.7434697904606 40.30842264373145
39.05012799741317 47.743633466824086 40.308381093949755
39.05002187728615 47.743508439432446 40.30841365021101
39.075606883619535 47.89793616112723 40.29222612594147
39.050147570845795 47.74368768922536 40.30837194147471
39.075558292078334 47.89808994502779 40.29222843162546
39.075552217001544 47.89809558770764 40.292229381981876
39.075612348983924 47.898040137079946 40.2922199556516
39.07554783586876 47.89812247781803 40.29222895503776
39.07556305593769 47.89819255424464 40.29222246945016
39.0755321068748 47.89822007141433 40.29222737088226
39.07551442096521 47.89834038086068 40.29222507425828
39.07551110150865 47.89834319911778 40.29222560645164
39.07556716011782 47.89829534499909 40.292216631488515
39.075509014054674 47.89835638157581 40.29222538498031
39.075517973954305 47.89844109825863 40.292219448533146
39.07549220138736 47.89846184485872 40.29222363583337
39.16544645261164 48.07470471998486 40.25716741635201
39.165443507622626 48.074701410164224 40.25716843814307
39.16566862928048 48.074955530605465 40.25709023917791
39.16545085480888 48.074718110257606 40.25716519746427
39.16582951445045 48.075445754941754 40.257009076357356
39.16570356935733 48.07529850598427 40.25705324115188
39.28135626011934 48.296465273625756 40.23295933619123
39.281338388228434 48.296399103916386 40.23296564227723
39.33522872006286 48.583477568821806 40.21713977099687
39.335257089578405 48.583726832544755 40.21715865030194
39.33525175502735 48.58372670605888 40.217159555290046
39.335288230413795 48.58409759594397 40.21718863278691
39.335285902743706 48.58409443371296 40.217188731550046
39.33530568740748 48.58430584706967 40.21720547929715
39.3353273819186 48.58447727914452 40.217218088293464
39.335320240432004 48.584461026693035 40.21721776701198
39.32657246502547 48.76081464654828 40.236073268826736
39.32656669012826 48.76082526442705 40.236075382691205
39.32659375381456 48.76077582398372 40.23606550965157
39.32656016073739 48.76085045408661 40.236079152842436
39.326565571823856 48.760857800125464 40.23607898252489
39.32655173986472 48.76088282110493 40.23608400262198
39.32653829436789 48.760937347696135 40.23609204417254
39.32653535342471 48.76094260448116 40.23609310493121
39.326559064951596 48.76090033829095 40.23608456474381
39.32653083555818 48.76095902195436 40.23609560767616
39.32653211207025 48.760978920129965 40.2360974689616
39.326518658159266 48.76100264819608 40.23610228809859
39.32650591290878 48.76105551212217 40.23611003405664
39.32650030551695 48.76106525011775 40.236112026742134
39.326486139014854 48.761113165921266 40.236119501454574
39.32650039712881 48.76109597016267 40.23611522649897
39.326481801654495 48.76112777090389 40.23612178314198
39.32647500191016 48.761170369824505 40.23612742255817
39.32646240950779 48.76119149394228 40.23613181958025
39.326450038367874 48.76124345323067 40.23613940590493
39.32644252933942 48.76125575791232 40.23614199735354
39.32642550811467 48.76131497416145 40.236151150485945
39.32642258779163 48.76131963548295 40.23615214533443
39.326409775724635 48.761360610200754 40.23615865837294
39.326420337981986 48.76135540445563 40.23615628002535
39.326402912711885 48.76138254395548 40.23616214561938
39.32639625932566 48.76142542882962 40.23616778956282
39.32638244982558 48.76144634824398 40.236172376424946
39.32637276062546 48.76149386890292 40.236179032591025
39.32636177907566 48.761510033857164 40.23618263088964
39.32634995383424 48.76156068755216 40.23618998579092
39.326340731576074 48.76157383676431 40.2361929630296
39.326327683197064 48.76162621991221 40.23620071127958
39.32631958327825 48.76163724674828 40.23620327153671
39.326305840792955 48.761690955866314 40.236211279069416
39.3262979006666 48.76170118096364 40.23621372766627
39.326284412421145 48.761754835719536 40.236221685376805
39.32627618658261 48.76176453736224 40.236224128775206
39.326263235305404 48.76181837301382 40.2362320122126
39.32625455644218 48.76182712922758 40.23623443528447
39.32624238106119 48.76188104157542 40.23624219206764
39.32623280865925 48.7618893034153 40.23624471849358
39.326210894956276 48.761951224431776 40.23625500400258
39.32619007390004 48.76201115587356 40.23626489158532
39.32619702755327 48.76199019758259 40.236261490713105
39.32618947989984 48.762011405604646 40.23626502083465
39.326171140107974 48.76206771409596 40.23627409847488
39.32616917225573 48.762068537400445 40.23627452624126
39.27943358239054 48.85981696347112 40.22539728983638
39.279413431331484 48.859845337541415 40.225393628715125
39.2793372105528 48.8599566646445 40.22538426038011
39.279312477768684 48.859991484919675 40.225379761039385
39.27924217900337 48.86009428150881 40.22537125386973
39.27921341082095 48.86013464164805 40.22536586216877
39.27914885074176 48.860229259319816 40.225358287446085
39.27911640202703 48.860274590775916 40.22535199078483
39.27902091074438 48.86041213881572 40.225338099301226
39.27892217610521 48.860554465240995 40.22532385525916
39.278926559006734 48.86054811386668 40.22532445018246
39.2789217374676 48.860555056794894 40.22532374638232
39.27883303023887 48.860683583634454 40.22531168192498
39.27882403176883 48.86069565989571 40.22530938208549
39.278743400860755 48.86081336058541 40.225299395833424
39.2787282897111 48.86083321501637 40.225295057804416
39.17956780285604 49.01373011558846 40.19532318746069
39.17943808144159 49.013913223392265 40.19524986901743
39.17947991670321 49.01385407604845 40.19527353653344
39.17943350283274 49.013919550306234 40.19524731308129
39.17931674707357 49.01408479522412 40.19518121994235
39.17930326085663 49.01410334131598 40.19517371251389
39.17917699677551 49.01428159609325 40.19510234178436
39.17905259176356 49.01445725656676 40.195032014798116
39.17892965497376 49.01463116044705 40.19496244358561
39.17901919960068 49.014504408613874 40.195013137480025
39.17892940336686 49.014631224643296 40.19496236960059
39.178810537991424 49.01479914541942 40.19489515491148
39.17869486878453 49.014962590992155 40.19482973817417
39.17857549044126 49.015131501426836 40.19476217128357
39.17863682367073 49.01504460833023 40.19479691143333
39.17857971415167 49.015125314516304 40.19476461126627
39.17847154889966 49.01527823788465 40.19470341935059
39.17836737201089 49.015425561799944 40.19464447454845
39.17826637073477 49.01556850448938 40.1945873008479
39.17828849242129 49.01553714180058 40.19459983610798
39.178268313479094 49.01556569124291 40.194588415526916
39.17816459788295 49.015712808790795 40.194529627159156
39.178175188742735 49.01569748069441 40.19453570187913
39.17808753944621 49.01582156177014 40.19448607814787
39.09257513466706 49.15606366781522 40.11908905780564
39.092516022708274 49.15618347552738 40.11902040908455
39.09251914030416 49.156177158978295 40.11902402616513
39.092516532448 49.15618244558678 40.11902099592981
39.09244903472303 49.156319325393824 40.1189424866838
39.09246073864466 49.1562956664562 40.11895597849783
39.09240621701941 49.156406319768976 40.11889242101002
39.02496313522873 49.340183569638484 40.01095599763433
39.024912772109644 49.340379971657235 40.01082287754599
39.02492546622325 49.34033044912885 40.01085643135919
39.024915653661125 49.34036871241071 40.010830494840214
39.02485228291174 49.34061597739675 40.01066298817709
39.024869813652 49.34054747268888 40.01070933036198
39.02482570666534 49.34071949060509 40.0105927460678
39.02478284137732 49.34088668006638 40.01047944336091
39.024728407147464 49.34109911933412 40.01033555692155
39.024766266012975 49.3409513333225 40.01043563077813
39.02474106771579 49.34104962431531 40.01036902563875
39.024700600389195 49.34120748319134 40.0102620605187
39.024661659862176 49.341359394332216 40.01015913082451
39.02460518955268 49.341579880192754 40.010009858927795
39.02465146443917 49.34139916896875 40.01013218169266
39.0246235991077 49.34150787998665 40.01005852636423
39.02458750208058 49.341648708900486 40.00996311239649
39.02455021575986 49.341794207616246 40.00986455377862
39.02455595885253 49.34177177408082 40.00987973523646
39.02455280760142 49.341784068698246 40.009871405636886
38.80581844409639 49.61594198624428 39.88091520276401
38.62774830546562 49.8304809637006 39.77625850767073
38.627334184451534 49.83081504079122 39.77614599085466
38.62743547136517 49.830733309484 39.77617374321551
38.62733188047993 49.830816870482586 39.77614567435448
38.626932432092005 49.83113908689552 39.776037401372285
38.62649070105554 49.83149540279557 39.775917752459975
38.62654628411323 49.83145055261656 39.77593296733011
38.6264991922762 49.831488536724585 39.77592023148182
38.6260867216843 49.83182123913823 39.775808625478646
38.62579475310732 49.83205673600318 39.77572970565318
38.625662609022186 49.832163320579475 39.77569399303107
38.62525465577764 49.832492371401194 39.77558369334126
38.468456592873466 49.96638926413176 39.70895170331907
38.46845264391797 49.96639202480018 39.70895363957537
38.46844652528395 49.966396312378265 39.70895661979036
38.46844665827757 49.966396205984715 39.70895658096124
38.46844654681094 49.96639628454699 39.70895663436294
38.46844086368462 49.966400285989096 39.708959365020064
38.46843757096228 49.96640260248563 39.708960950823545
38.46843521237169 49.96640426247482 39.70896208541779
38.46842897658623 49.96640860685531 39.70896517241141
38.4684291575006 49.96640846729302 39.708965109432874
38.46842904549721 49.966408544765315 39.70896516597817
38.468423268494234 49.96641258362594 39.70896799812111
38.468421355876664 49.96641390777289 39.70896896135927
38.46841700603745 49.96641691311987 39.70897116411197
38.46841395672126 49.966419017868105 39.708972712320445
38.46841072461851 49.96642124751986 39.70897435581557
38.46840708148352 49.96642378357541 39.70897616338707
38.4684050727082 49.966425192264325 39.70897713972617
38.468400899060356 49.96642815365296 39.708979100362754
38.468400222423654 49.966428638618765 39.70897940866547
38.257506682030574 50.167668055350006 39.62194336908121
38.25741717813632 50.16775765569804 39.62189566229888
38.256875231194414 50.168300151944266 39.62160692348415
38.256706273731766 50.168469282199794 39.621516900623
38.256236995148235 50.16893904980574 39.621266829492946
38.256039773880744 50.16913646298457 39.62116178286005
38.25557557110982 50.16960112610748 39.62091450153307
38.254743572583 50.17043369429586 39.62047222342862
38.25541864342526 50.16975821079172 39.620830900989574
38.25489833445141 50.17027902703697 39.62055376352591
38.084015651807505 50.36792613291806 39.484888613114464
38.08399383589337 50.36795010646699 39.48487210651014
38.25483217950061 50.170345249567276 39.62051851553829
38.08357987285094 50.368404949948896 39.48455900720697
38.08348983763403 50.36850389664512 39.48449087058129
38.0831591704443 50.368867246519684 39.48424071774195
38.08298663762778 50.36905667927616 39.4841104898514
38.08276181707188 50.3693035700652 39.48394070146587
38.08246224527831 50.36963194930318 39.48371561793146
38.08205834227168 50.370074075903396 39.48341333334214
37.92617105491691 50.5609714243775 39.32507914194905
38.0823969581179 50.369703523243764 39.4836665477296
37.92616128670081 50.56097452885134 39.3250862118542
37.92616801475946 50.56097237898726 39.32508136756774
37.926162153052616 50.56097419686078 39.32508570822119
37.926158168069165 50.56097659166875 39.325086134624016
37.92616212566272 50.56097424587962 39.32508564023052
37.926159113220166 50.56097623448462 39.32508557428577
37.92616262964345 50.560976598950184 39.32507980095272
37.926161321926756 50.56097758109207 39.32507951337708
37.92616010799355 50.560978548393464 39.3250791253259
37.92615899126442 50.560979496845945 39.32507864068692
37.92616157785016 50.56097968688765 39.3250745639917
37.61729143490498 46.25537723620929 39.95365833924197
37.61749921875127 46.25561917463956 39.953683918954596
37.617750813971725 46.25591216505579 39.953714802125816
37.61798721855477 46.256187372773404 39.953744034241446
37.6179408306082 46.2561334221096 39.95373817998913
37.61772214992991 46.255878741221366 39.9537113842177
37.618072392752175 46.25628659368437 39.95375441349382
37.61842508388021 46.25669723574153 39.9537978850273
37.67208907182659 46.30078186177376 39.98110559116248
37.67202718589101 46.300715013145954 39.98109230773899
37.67236756327697 46.3010832268433 39.981164837173246
37.67210515510842 46.30079921781401 39.98110905997618
37.67733093541429 46.53502642021556 40.08364967779875
37.73190076615937 46.58245568267593 40.10775837897787
37.732650294702744 46.58387104994341 40.10820572787817
37.733424211410856 46.58534126038742 40.10867152815333
37.73417268415055 46.58673918172906 40.10911139879053
37.73407952821997 46.586599075586946 40.10907166731311
37.85487669412841 46.72647510319512 40.125896513163866
38.01381365542286 47.001126902970924 40.270076689813465
38.01398695035204 47.0012608693178 40.27016980925902
37.73422928632268 46.58688605308634 40.109162902721145
38.01376773968653 47.00143430591942 40.270201017707905
38.013996781154745 47.001798755360426 40.270405518605656
38.01423460671141 47.00218035555707 40.27061924144207
38.014472553977555 47.002539873930154 40.27082339351744
38.01471170041545 47.00288747647536 40.27102260932289
38.014953526155686 47.00322919717573 40.27121980896369
38.015214433930964 47.003639585565864 40.271450690649374
38.0154849684922 47.00407520022593 40.27169447309361
38.015696390309806 47.00426691787345 40.2718203672458
38.01555356442005 47.00420320823406 40.27176391400151
38.01589360227418 47.004375781453064 40.27190739630636
38.01579148664155 47.0046478721449 40.27200505956218
38.01610613112711 47.00523939785687 40.27232547550447
38.03524657386105 47.152921774345664 40.3164474195345
38.09468878727708 47.21680371486562 40.34801124909931
38.0353744035042 47.152992806134236 40.31652628226721
38.09488199879545 47.21678782517208 40.34802883834794
38.094685671406815 47.21680633289347 40.34801673914593
38.09487090512184 47.21679590224881 40.34804534363048
38.095059970064106 47.21678508954797 40.348074133162
38.095033749714986 47.21678724656961 40.348071747781205
38.09526238817311 47.21676816053099 40.34809187072847
38.09505860479954 47.21678592603195 40.34807577929472
38.09524903120672 47.21677556938434 40.34810608137418
38.09544417318564 47.21676452930514 40.34813609004799
38.095410902011665 47.216767319206795 40.34813319240392
38.09565283896047 47.21674659629569 40.34815319805133
38.095441691009555 47.21676573194064 40.34813830505878
38.095635052194595 47.21675500634147 40.348168562383464
38.09583582580739 47.21674214409825 40.34819576142514
38.095772316470665 47.21674762793766 40.348190617431584
38.096052733965955 47.21672310291297 40.348212567798186
38.09582991618779 47.21674438497582 40.348199513466895
38.09602384702933 47.21673331495367 40.34822909518789
38.096232253819984 47.21671797053001 40.34825245571132
38.09612081518834 47.21672775428921 40.348243824134855
38.09646176577232 47.216697578039266 40.348269639984196
38.096217563447716 47.21672219869356 40.348258501244246
38.096409065721005 47.21671090702539 40.34828683177588
38.09664027038432 47.21669172418822 40.34830746763107
38.0964422947832 47.21670907585334 40.34829206087024
38.09660112007518 47.21670044089406 40.348317341703
38.096818660537295 47.216685185841854 40.34834358850048
38.0967068451602 47.216694868500525 40.34833459972841
38.09679137647278 47.216690428188684 40.34834843494109
38.097000084538685 47.21667786512598 40.348378682893184
38.09693120001213 47.216683793744295 40.34837305622156
38.0969815092843 47.21668151582376 40.348382182019954
38.09718604588873 47.21666971782699 40.34841308186998
38.097126506166724 47.2166748892639 40.34840833362241
38.097168865396576 47.216673025424356 40.34841614962593
38.33396251248783 47.23635594819763 40.308306443489926
38.33378984844131 47.23631827400296 40.30833935570373
38.333988147209666 47.23636191731714 40.308303537327696
38.59720624106181 47.366822781270116 40.33012144775506
38.59686972607604 47.36667513526428 40.33016933497555
38.59742354122684 47.366949583944816 40.33012371876406
38.5987547419908 47.36758620608814 40.32998973422766
38.598321702447365 47.367394205401304 40.33004924239523
38.59899576858449 47.36772762817191 40.329993069965575
38.600367126087214 47.36838312656832 40.329854697665795
38.59988968548642 47.36816940953652 40.32991816586757
38.60058709288608 47.36851331998303 40.32985893216593
38.602015921694715 47.36920054780678 40.32971925384661
38.6016043574596 47.369014745512565 40.32977230469119
38.602179504683434 47.369298520338035 40.329723617715096
38.60368003481498 47.37002740662675 40.32958449683157
38.603362999001995 47.369883197958515 40.32962422179027
38.60490834873157 47.37058697574505 40.329431485951574
38.603789529813035 47.37009394055036 40.32958842596752
38.605350450610516 47.3708591789252 40.32945110931758
38.60514357815338 47.37076445904318 40.329476375791195
38.60661801693028 47.37143986930513 40.32929662652776
38.605422158989015 47.37090316481755 40.32945411798921
38.60702972650856 47.37169613851034 40.32931783243069
38.60678519405447 47.37158351891453 40.32934700592287
38.60834230338371 47.37230087668583 40.32916148049013
38.607117751033826 47.371750587199685 40.32932200516831
38.6087364316797 47.372547614852365 40.32918327101756
38.60827708570954 47.37233488147746 40.329236826172774
38.60889864851493 47.372648984744856 40.32919204599759
38.74116075705951 47.5395457574413 40.352178574765524
38.740135850661325 47.53893032844287 40.352292583084996
38.74177852233263 47.539984525928084 40.35209780133964
39.047587921691985 47.740052275718796 40.30921980507924
38.74238674386943 47.54037562732437 40.35202554380208
39.04770720377232 47.74023609462299 40.30917883877676
39.04770338059041 47.74023203373282 40.309179966885054
39.04776684524714 47.74030107299187 40.30916107582654
39.04771830459243 47.74025318106354 40.309175028366546
39.0478866985053 47.74048572889119 40.30911991772352
39.04786650501276 47.74046335011875 40.30912597014005
39.047955097582644 47.740562624787536 40.309099306482224
39.047939647882885 47.74056721716084 40.309101743774306
39.04807433932041 47.740746312844664 40.30905836097206
39.04803218974166 47.740698731143596 40.309071082052355
39.048178737021196 47.74090690979552 40.30902253530334
39.048268814721254 47.74101566563178 40.30899463508243
39.048201516133034 47.740939272973925 40.309014988840914
39.04838788040885 47.741198812574495 40.308953777288615
39.04836128031556 47.74116834041608 40.30896185024944
39.04845815565982 47.741306845148685 40.30892966865148
39.048590505427526 47.7414789137146 40.3088874353732
39.04852687546265 47.74140503169508 40.30890684663601
39.048708776080915 47.74166075411227 40.30884685884471
39.048687944530116 47.74163633678055 40.308853236989485
39.04875946121185 47.741738692820626 40.30882946861621
39.04892007175532 47.741952613314325 40.30877770107264
39.048853996319856 47.74187388189255 40.30879806138232
39.049034396209294 47.7421285259886 40.308738464319845
39.04901777700613 47.74210851949138 40.308743605930786
39.04913773071293 47.742253272792674 40.30870645948819
39.04906613904325 47.7421773763451 40.308727569284976
39.04924959529929 47.74242567861985 40.30866803887553
39.04918772106916 47.74235060248773 40.308687241060525
39.04935769076704 47.742592153505434 40.30863092511119
39.049353471510564 47.742587007351204 40.30863223721631
39.04946695542178 47.74272549949063 40.30859693811364
39.04936474641845 47.74260302834941 40.30862850173499
39.04957188018574 47.74288736759293 40.30856088507459
39.04952184435331 47.74282608736752 40.30857647071981
39.04964796507405 47.74300497033783 40.30853471882308
39.049786485757366 47.743182595976386 40.308490765448276
39.04968748466089 47.74306096256854 40.308521642066374
39.049882875334546 47.74333183335681 40.30845759097389
39.049844917583414 47.74328500663081 40.308469448648445
39.04993387487867 47.74341119506095 40.308439997969074
39.05009500506315 47.74362268913158 40.30838837793734
39.05000015463408 47.74350527620766 40.3084180488311
39.07550321678685 47.89814160392599 40.29223702279786
39.07549015361855 47.89815390742301 40.292239058047244
39.07548270602132 47.89820532260548 40.29223805425532
39.07550910418561 47.89824054344078 40.29223101286149
39.07547230856519 47.89827337198424 40.29223683470421
39.07546123904014 47.89838518082499 40.29223361783626
39.075453891204546 47.89839136595458 40.29223479847762
39.07544985608096 47.89841894776848 40.292234268026704
39.075465176384625 47.89848327230316 40.292228042573754
39.07543702770051 47.8985056122278 40.292232631493476
39.07541927487806 47.898618299358276 40.292230719885254
39.075417401737255 47.89861966633457 40.29223103108329
39.07541598216518 47.898627839360145 40.292230919059975
39.16560153789268 48.07517943052403 40.25708900262901
39.16548657559296 48.07504567957835 40.25712926227044
39.165753126701375 48.07563595472877 40.257012969741574
39.16572873738638 48.07560645855989 40.25702160264887
39.16578935984519 48.07574566799253 40.25699474754091
39.33524976945922 48.583727813393 40.21716000215674
39.335245161058815 48.58373126335279 40.217161123169916
39.335280038706344 48.584087684578094 40.21718909638531
39.33527762964789 48.584084901838224 40.21718924530722
39.3353005005525 48.58433131326088 40.21720879801822
39.33531829794856 48.584456661772904 40.21721768493623
39.33531049783331 48.58443885639452 40.217217328874675
39.3265505419638 48.76085532656742 40.236081332532294
39.32654151263627 48.76087222306673 40.236084668533444
39.326529353902785 48.76091730356096 40.23609149794156
39.32654441900394 48.76089613026185 40.23608666655257
39.32652604033609 48.760929595142656 40.23609335975753
39.32651795642123 48.760973655764445 40.23609937508945
39.32650969415253 48.76098844167289 40.236102357013394
39.32649643644787 48.761036508275595 40.23610968975901
39.326511541813964 48.761015173509264 40.23610483447892
39.326493635056956 48.76104666322002 40.23611123901472
39.32648607424893 48.76108991774171 40.236117079164586
39.32647603276433 48.761107296133645 40.23612064130184
39.326461316065306 48.76116271748551 40.23612899717184
39.326457881164984 48.76116856291135 40.23613020528985
39.326480185839564 48.76113053052187 40.23612235248666
39.326448979000574 48.761198808423565 40.23613491654223
39.32645537027807 48.76120331080216 40.23613427841637
39.32644004009388 48.76122896203263 40.23613962455237
39.32643100163102 48.761274704531225 40.23614598163029
39.32642108324036 48.761290988721456 40.23614940786357
39.32640722157316 48.76134433146801 40.236157397733855
39.32640227145994 48.76135225605684 40.23615908650626
39.32638391473576 48.76141240672444 40.23616856927026
39.32638327781909 48.76141339952208 40.236168783750585
39.32640140187047 48.76138493844192 40.236162658521835
39.32638008929348 48.761423581635995 40.236170403050345
39.3263781482436 48.76145291395434 40.236173810380954
39.32636420400223 48.76147409036392 40.23617844753319
39.326355449815466 48.76151943346403 40.23618471345804
39.326344237949044 48.76153596874289 40.23618839049992
39.32633335206218 48.76158439552988 40.23619534924072
39.326324163795626 48.761597441657244 40.2361983097885
39.32631175779931 48.76164806296097 40.23620576210844
39.32630385684844 48.7616587858948 40.236208256016745
39.32629057437036 48.761710805684444 40.23621600686741
39.32628318456861 48.76172030365789 40.236218283824584
39.32626985049389 48.7617722499151 40.23622603593444
39.32626283210128 48.76178052053904 40.236228119946915
39.32624950084732 48.76183264718419 40.23623589044947
39.32624258561242 48.76183991650372 40.23623785174272
39.326229512144245 48.7618922901967 40.23624560335805
39.32622258902106 48.761898109892996 40.23624741427945
39.326209638595216 48.76195215007306 40.23625531897833
39.32620264719678 48.76195556023036 40.23625688952965
39.3261826429548 48.76201245336251 40.236266317288354
39.32616298458234 48.76206795043751 40.23627553887591
39.279373672967445 48.85990080967322 40.22538583411913
39.279420559975854 48.85983249471621 40.225391784599324
39.27936900018748 48.859907319093125 40.22538490661959
39.279280779957034 48.860035779234806 40.2253736233905
39.27926871271187 48.86005260464492 40.22537124509008
39.27918893719653 48.860168932083894 40.2253612253477
39.27916968986294 48.86019582379356 40.22535749357419
39.27909884149602 48.86029925300271 40.225348728472035
39.279072830060045 48.86033567113104 40.22534377012019
39.279010310461885 48.86042706428718 40.225336172895894
39.27897834884037 48.8604718289087 40.225330097932286
39.27888563318218 48.86060524327617 40.225316458488564
39.27879653711213 48.86073350301605 40.22530341175852
39.27882900468301 48.86068666906934 40.22530806013765
39.27879339739335 48.860737825783055 40.22530273145934
39.278712853888784 48.86085425305326 40.225291473743795
39.179658625197185 49.01360111161023 40.195374708702566
39.17955766485704 49.01374418200996 40.195317514645126
39.17953074785785 49.013781539127294 40.19530245065162
39.179404968694755 49.013959060829286 40.195231365390825
39.179281418345155 49.01413347919084 40.195161529833726
39.179165997955714 49.01429669422946 40.19509622543045
39.17926289154915 49.014159637146044 40.19515105697373
39.17915997774608 49.0143049625711 40.195092876616556
39.17905082432601 49.01445965313406 40.19503103888179
39.17904184733287 49.014471820659985 40.19502608324898
39.17892526379473 49.014636518804 40.194960158654155
39.17881204712277 49.01479650177226 40.19489612826061
39.17869685525813 49.014959571491424 40.194830911457466
39.178790180710806 49.01482739890429 40.19488376195428
39.178699473433056 49.01495557942509 40.19483246074463
39.178590973044784 49.01510895108575 40.194771085217724
39.178486280743776 49.01525697576831 40.19471185537985
39.17837517815432 49.01541425759882 40.19464895351005
39.17843341857433 49.015331707835685 40.19468195083764
39.17838148842311 49.01540513113656 40.19465257147216
39.178284392946665 49.01554248139402 40.19459762390045
39.17819215275294 49.01567300636374 40.194545413925724
39.178102924613505 49.0157992982584 40.194494902005296
39.17810686867371 49.015793704158796 40.194497137486714
39.178103257685656 49.01579881488675 40.19449509335833
39.09258307001571 49.156047593005006 40.119098259745776
39.09259081391684 49.156031923341686 40.119107211856374
39.092533891287836 49.15614734702032 40.11904102011319
39.09247930273326 49.156258135678925 40.11897738538957
39.09242679527257 49.15636479281358 40.118916028733224
39.02497398032635 49.34014119659801 40.01098466623174
39.0924102919472 49.15639830870652 40.118896755167135
39.0249823922752 49.3401083263043 40.01100690302709
39.02493608280779 49.340288881350986 40.01088449891794
39.02489114413397 49.34046410953587 40.010765717446844
39.02484775319869 49.34063331815824 40.01065102640783
39.024790685647304 49.34085601638034 40.0105001799124
39.02483947411466 49.34066560517524 40.0106291430533
39.02480524030441 49.34079911646225 40.010538655735004
39.02476424651809 49.34095900202563 40.01043029998469
39.024724172438205 49.34111531037061 40.01032437488357
39.02466763457594 49.34133602862729 40.01017492550399
39.02471601188974 49.34114714152459 40.010302804621965
39.02468522423293 49.34126723525658 40.01022142545409
39.02464797274683 49.34141254819585 40.01012296063726
39.024608517917194 49.341566500036365 40.010018670323355
39.0246176099393 49.34153099290893 40.01004270416474
39.024612072289216 49.34155259546412 40.010028066764434
39.02457826458787 49.3416844822421 40.009938704453916
38.80582618835614 49.61589979507532 39.880940946694714
38.627699097437436 49.83052058567526 39.776245937531925
38.80535177656966 49.61639990090466 39.88075201920402
38.62768995627209 49.8305279466174 39.77624359669042
38.62730243431453 49.83084055079474 39.77613846814677
38.62690665867646 49.83115980245864 39.776031213269654
38.62677763496646 49.83126387462511 39.77599629672516
38.626494719716916 49.83149207832406 39.77591972683925
38.626088834126094 49.831819469210146 39.77580990268318
38.62600839970034 49.83188434737398 39.7757881489757
38.625679233455955 49.832149849709495 39.77569914815244
38.62526837838952 49.83248125731396 39.77558789068779
38.62533156302819 49.83243027547232 39.775605164103204
38.62527439172611 49.83247638955996 39.77558970315892
38.468451476003196 49.966392573848076 39.70895473795461
38.46844822653466 49.96639484348299 39.70895633522916
38.46844552504177 49.96639673606678 39.70895765196114
38.46843994061871 49.96640066918495 39.70896033288844
38.46843915171158 49.966401221238144 39.70896071864968
38.46843427685727 49.96640464535158 39.708963077125325
38.46843084094472 49.966407068468655 39.70896472032463
38.468428877079674 49.96640845369524 39.708965659046285
38.468423477424295 49.96641225544403 39.70896825370387
38.468423189224154 49.96641245900696 39.708968390914514
38.46841802879996 49.96641608154995 39.708970891787864
38.46841602882988 49.96641747544798 39.70897188078519
38.468412461711594 49.96641997266277 39.708973622969076
38.46840939319609 49.966422131304924 39.70897510102921
38.468407279361514 49.96642362335196 39.7089761093946
38.46840336837563 49.9664264155565 39.70897791285583
38.46840267970222 49.9664269096978 39.70897822556482
38.25765092247526 50.1675240071421 39.62201898748477
38.25756316756495 50.167611855260645 39.62197221788038
38.25704485447956 50.16813072008286 39.621695974816646
38.25684522158198 50.16833056755566 39.62158956982246
38.25643066576749 50.16874556402463 39.621368628123925
38.256177348095704 50.168999150817385 39.62123362044336
38.255810441360836 50.16936645341187 39.62103805252447
38.25554497727278 50.16963220649064 39.620896545996544
38.25518629290811 50.169991284729434 39.62070533572212
38.084023257375115 50.36791787471819 39.48489417581803
38.25494343366937 50.17023441306711 39.620575861642735
38.25456246369319 50.17061582342967 39.62037269107033
38.08362038370676 50.36836084187232 39.48458886999038
38.08408452926369 50.367851248233436 39.4849391767014
38.083748398805895 50.36822058836776 39.48468491588437
38.08327538915534 50.36873955113563 39.48432861858784
38.083226558192735 50.368793097893125 39.48429189064551
38.08366012455978 50.36831760357423 39.48461810464059
38.082905255532296 50.369145344428375 39.48405038951238
38.082675324352664 50.36939692702687 39.48387851561267
38.082230456993244 50.36988386977518 39.483545620909105
38.08210486606681 50.370021287981 39.483451739504744
38.08256171506366 50.36952139332868 39.483793286020585
37.92616998984957 50.56097190087836 39.325079612191075
37.92616416039249 50.5609735271486 39.32508432454043
37.926164133882935 50.56097371889257 39.325083944409705
37.92616068363406 50.56097559071168 39.325084752811236
37.92616395418566 50.560975973466434 39.325079287805934
37.92616266398625 50.5609769397682 39.325079009928956
37.92616455694166 50.5609785128759 39.325072902761576
37.92617008831051 50.56097754650389 39.32506717508533
37.92616708129195 50.56097870641524 39.325068906576035
37.9261725515022 50.56097774332247 39.32506325836033
37.618011381374394 46.25621559979362 39.95374679598348
37.61813492398363 46.25635944719777 39.95376201094727
37.61813834880551 46.25636345651854 39.953762382950835
37.618323973884 46.25657960089286 39.95378521846931
37.67165226494008 46.30030834798646 39.98101347904022
37.676742716108436 46.533812738468995 40.083271493410535
37.67697529094047 46.53432172155255 40.08343722382037
37.677882506496346 46.53645299910117 40.08416488064596
37.7325667127253 46.58412752053395 40.108339453388126
37.73323140391572 46.58534427714558 40.108719145986086
37.73306990361289 46.58511718121718 40.1086572674828
37.73368652596021 46.58601310734624 40.108906312540945
37.73337562415736 46.58571074436355 40.1088469389794
37.73415895044565 46.58722755983729 40.10933113505233
38.01379085252599 47.0019175805926 40.27041567201358
38.01402240824811 47.002330462812715 40.27064172498743
38.014256589441395 47.00273214380972 40.270863439509036
38.014499493036695 47.00315074787965 40.27109426460824
38.01471094297206 47.00343475844266 40.271260268724355
38.014624575620914 47.00336754658842 40.27121366605532
38.01490030292028 47.0036089788109 40.2713741158282
38.01510139875602 47.00380486640097 40.271499742002206
38.01530207479364 47.00398544099409 40.27161862961695
38.01550967320255 47.004173687596136 40.27174224533954
38.01475080312899 47.00358415076632 40.27133321359352
38.0149993691621 47.00398717186137 40.27155840795957
38.01525650290188 47.00440881231698 40.271793418835685
38.01552253923725 47.00485415164978 40.27204052089494
38.0346768293505 47.15278611864143 40.31622696527306
38.03488967850384 47.15288758839994 40.316346108588704
38.03507935883331 47.15293468588122 40.31642090382301
38.034913506445506 47.1528998842928 40.31636012471421
38.03527153700335 47.15297450968367 40.316490966953445
38.035113083204315 47.15300415218006 40.31647844768353
38.09449474104424 47.216826391259005 40.348010007094565
38.094673672397 47.216816152951466 40.34803724095971
38.09463755718326 47.216818968722585 40.34803357586073
38.094863200254935 47.216801061922226 40.34805570672079
38.09467237464015 47.21681711293992 40.3480392087345
38.094853344571646 47.21680699967179 40.348067343711016
38.09503627639067 47.21679674880241 40.34809571533633
38.09523531600107 47.21678166945315 40.34811698787481
38.09506707534101 47.21679515596731 40.348100817284084
38.09522197382584 47.21678706428396 40.34812627927711
38.09540882670327 47.21677690405355 40.348156017757915
38.09561921164793 47.21676044298457 40.34817722626926
38.09542918339485 47.21677590051979 40.348159510326944
38.09559725280761 47.216766970648614 40.34818677025904
38.09579098873638 47.21675573355259 40.34821588661353
38.09575921497225 47.21675833249998 40.3482129595231
38.09600880681231 47.216737359624 40.34823458996182
38.09578679115024 47.216756898371585 40.34821750813391
38.09597498577059 47.216746141426086 40.34824617976077
38.09617698465164 47.21673205660048 40.34827074790685
38.096085262997896 47.21673984077889 40.34826298707157
38.0964013934062 47.216712599641326 40.34828872866052
38.09616254463522 47.21673523545595 40.348274301382155
38.09634710126664 47.21672387307517 40.34830043034082
38.096569897029376 47.21670653098102 40.34832311005388
38.0964005359398 47.21672083882325 40.34830862005733
38.09653163970623 47.21671335630019 40.34832862118925
38.096739158832534 47.216699827404696 40.34835616075675
38.09665133949407 47.2167071057236 40.3483483030773
38.09671564875614 47.21670393862254 40.34835934431103
38.096919769858815 47.21669215742436 40.3483901638665
38.09685199816035 47.216697695293234 40.34838390699096
38.09689895711508 47.216695623105316 40.34839255716014
38.0971091110879 47.21668354472414 40.348424412310194
38.09702302122767 47.216690594295976 40.34841650057782
38.097080488188745 47.21668826512267 40.348427591722924
38.334043640200775 47.236374285854986 40.30829433131815
38.33380388680025 47.236321536676975 40.30833773153677
38.334083171879186 47.23638295850641 40.308287044163194
38.59777220177942 47.3671515039078 40.330125741726825
38.59730274812506 47.36694407984267 40.330191015513606
38.5980824683334 47.36733022848702 40.33012652883352
38.59930788142912 47.3679096937778 40.32999626458441
38.59875429358154 47.36766253542882 40.33007053535245
38.59960778711775 47.36808365185949 40.32999829326788
38.60089611936346 47.36869547012621 40.32986408383743
38.600332394032975 47.368441439362456 40.32993723918565
38.60115525439922 47.36884743406755 40.3298675823591
38.60250804015101 47.36949468335044 40.32973174658304
38.60198214255564 47.36925578969479 40.32979797876585
38.60272657411457 47.369624417526325 40.32973636372147
38.60413419924943 47.37030237635655 40.329599738756215
38.6036006963314 47.370058220876984 40.32966502228268
38.604342567697174 47.37042727521218 40.32960540663623
38.60577529632399 47.37111841924689 40.32946749987503
38.605167229989156 47.370838441760796 40.32954011573821
38.60601109481074 47.37126094222584 40.32947516113026
38.60743351191443 47.37194427171676 40.3293352503036
38.606649578624314 47.37158132418331 40.329426764601614
38.60773735023128 47.372129477605924 40.32934676574328
38.73932446074481 47.53844420415285 40.352382645887914
38.60804680403188 47.37228567435612 40.32932427719003
38.74018675868334 47.53905076406664 40.35227094620678
38.73996887502788 47.538920015504786 40.35229516803421
38.74200049899013 47.54014279046598 40.3520686700654
38.74032622427336 47.53914953357538 40.35225276179388
38.742818463005264 47.54072474654457 40.351961543376326
38.74210349368895 47.540293450208324 40.35204142627222
38.743239772219596 47.54102705842794 40.35190590991601
39.047829083213934 47.74042345363764 40.309137027155515
39.0477960953101 47.7403888492017 40.30914671702446
39.047934931921716 47.74058587930557 40.30910074429802
39.04800771668508 47.74067183715501 40.309078394168196
39.04795566362242 47.74061533261299 40.30909387622418
39.04812771014588 47.740856061363026 40.30903725334248
39.0481135198297 47.740840294682684 40.309041510594284
39.04819515475304 47.74093214457962 40.30901690342073
39.048167135020115 47.74091651151568 40.30902374408065
39.04831418196006 47.74111497064582 40.30897608526428
39.04827766238224 47.74107371517688 40.308987110129635
39.04841556307927 47.74127047595703 40.30894134035448
39.04850761978449 47.74138286017181 40.3089127020146
39.04843933532708 47.74130436067607 40.30893345371045
39.04862436746229 47.74156205615266 40.30887267858229
39.048595741215486 47.74152873327763 40.30888141996479
39.0487001260423 47.74167824527128 40.30884671639436
39.04882526381701 47.74183985198232 40.30880689413465
39.04875498479387 47.74175670411846 40.308828489899625
39.048938098152554 47.74201306421988 40.30876820996659
39.048912082013274 47.74198198471845 40.308776234618946
39.04899608519919 47.74210207898347 40.30874832979393
39.04914535947724 47.74229935640781 40.308700372088275
39.04907276998044 47.74221160069472 40.30872286715119
39.04925228736647 47.742463709125154 40.30866369193139
39.049230181738565 47.74243678463429 40.30867056256962
39.04929072714353 47.74252285833309 40.30865049905947
39.04946069375124 47.742751153902475 40.30859552261039
39.049392258336184 47.742667267383695 40.30861684679123
39.04955875767011 47.74290248963153 40.308561821773935
39.04955163355846 47.74289370822834 40.30856404654925
39.04967088240061 47.743040531694746 40.30852682336162
39.0495685458148 47.742917628770314 40.308558454554564
39.04976456206203 47.743185664317245 40.308494572376105
39.04971111045207 47.7431194966496 40.30851129311595
39.04983132698131 47.74328950537277 40.30847154629453
39.04997041374968 47.743468344573785 40.308427364038835
39.04986684797935 47.74333968798216 40.30845980722189
39.075449950760834 47.89819212804103 40.29224530433902
39.0754337000353 47.89820768045961 40.29224782418575
39.07542410780222 47.89827339897099 40.29224655582416
39.075455748628116 47.898288174231794 40.29223945348515
39.075416994883305 47.89832292287277 40.292245576708055
39.07541039221072 47.89842799363893 40.292241787264494
39.07539955133194 47.89843712380499 40.292243528933525
39.075393814281675 47.89847830472222 40.29224267894
39.075414711771636 47.898523382188934 40.292236266649525
39.07538362924598 47.89854791614031 40.29224134040692
39.07537132547655 47.89865409485071 40.29223864691271
39.07536476491414 47.898659001335425 40.29223973107787
39.07536021155877 47.89868739209669 40.29223926572911
39.16538742833794 48.074931112820664 40.257163919254666
39.16526471932973 48.07478991361652 40.257206763640305
39.16554002573524 48.07538091870138 40.257088179538115
39.16550281950771 48.075336606284324 40.257101293099296
39.16560180912208 48.075562501468504 40.25705755789449
39.33524300209268 48.583731799680265 40.217161545424744
39.335238164086874 48.58373270546002 40.21716246343419
39.33527228007567 48.584078006709206 40.217189507788646
39.335269523277184 48.58407455664681 40.21718965288975
39.335298270898214 48.58438613782528 40.217214406392266
39.33530931110715 48.5844360641626 40.217217266765324
39.3353010502817 48.58441627321124 40.21721680066673
39.32652890871365 48.760895844765685 40.23608932899267
39.32651766298641 48.760916976993805 40.236093493103624
39.32650353774425 48.76097075566938 40.23610157435749
39.32650174458977 48.76097404743616 40.23610223018867
39.326523679087536 48.76093391528902 40.23609422184717
39.326498878940654 48.760984487123224 40.23610382040431
39.32649795329619 48.76100952764662 40.236106602228666
39.326486011266525 48.76103098729259 40.23611092147884
39.326472923982834 48.76108310059792 40.23611864823592
39.32646985300384 48.761088512908174 40.236119747846416
39.32649190230944 48.76104971607187 40.23611185935155
39.32646400613471 48.76110928525239 40.23612293713537
39.32646694572058 48.76112302524478 40.23612386512373
39.32645354073234 48.76114620194535 40.23612861805368
39.32644285189447 48.76119408408253 40.2361354855782
39.32643575018934 48.76120611105166 40.23613797725245
39.32641932911121 48.761263534526734 40.236146838548656
39.326417482140094 48.76126659605513 40.236147479621
39.326436827677284 48.761234325888836 40.23614074364206
39.32641123509272 48.76128737016184 40.236150738558635
39.32641323213587 48.761303883198224 40.23615212042836
39.326399567572054 48.761326173226905 40.23615682560276
39.326390112957476 48.761371853189914 40.236163248371604
39.3263812448163 48.761386009740754 40.23616626958598
39.326367511839756 48.76143831468255 40.23617412848423
39.32636274046926 48.761445761059385 40.23617573617247
39.32634548806774 48.7615029363546 40.23618471579387
39.32634451799706 48.76150441337995 40.23618503879125
39.32636129400044 48.7614785915842 40.23617942383128
39.32634003690747 48.76151887942787 40.23618733088446
39.32633925972718 48.761543329557654 40.23619002513775
39.3263266382678 48.76156186961262 40.23619415671362
39.326317810175794 48.76160648571593 40.23620035936787
39.32630800634546 48.7616201131448 40.236203487615605
39.32629688231796 48.76166797037927 40.23621042807498
39.32628934539372 48.76167779784458 40.23621276506012
39.3262764121732 48.761728393961334 40.23622030626081
39.326270354511124 48.761735546588014 40.236222106478905
39.32625646981978 48.761787270929204 40.236229930937185
39.326251494400324 48.76179235982342 40.23623132727245
39.32623691963941 48.76184517943466 40.23623938616393
39.32623242490745 48.76184898573828 40.236240564803175
39.326217836659886 48.76190178685472 40.236248624099744
39.32621345744623 48.761904720645475 40.23624969135558
39.32619911340769 48.761957442468905 40.2362576999615
39.326194671494044 48.761959456768366 40.23625868185209
39.32618063148197 48.762012766848414 40.23626669926063
39.32617616959903 48.762012910683254 40.23626748882434
39.32616235675643 48.76206773130413 40.236275624917845
39.326157824563836 48.76206537067752 40.23627616452849
39.279330670612595 48.85996008370212 40.22537659307259
39.27923406695424 48.860100005036365 40.22536340258563
39.279140334160004 48.86023582054193 40.225350662675844
39.279171837500684 48.8601900481863 40.22535480449534
39.279137621504425 48.8602395148759 40.22535002964112
39.27905262426414 48.86036316965125 40.22533903298391
39.27904252554838 48.86037686610146 40.225336612666716
39.2789660414824 48.86048856375183 40.225327196296085
39.27894897472594 48.86051176687096 40.22532316889
39.27888067701552 48.86061201636304 40.225315328021374
39.27885803943094 48.860642660135596 40.22530983698527
39.27876947006855 48.860769926150205 40.22529660384413
39.1796199812303 49.01365481814996 40.195353064407634
39.179638943945875 49.01362802197558 40.195363789018195
39.17961803014686 49.01365753050291 40.19535197143257
39.17950648257437 49.01381522742956 40.195288868006465
39.17949420949655 49.013832270216724 40.19528199721482
39.17939292274633 49.01397576437672 40.19522462734224
39.17937165769381 49.01400525799484 40.19521273098031
39.179279981389364 49.01413546756959 40.19516072703503
39.179254046741505 49.01417135689784 40.195146237294594
39.17913657116899 49.014337272156496 40.19507981837844
39.17902537566994 49.014494462623475 40.19501691616955
39.17906686738858 49.014435747828536 40.195040401796746
39.17902299164426 49.01449774161731 40.19501558892474
39.178918548901216 49.014645659794674 40.19495644251243
39.17891274273874 49.014653554428236 40.194953231459465
39.1788112701314 49.01479753675824 40.19489570359012
39.178804356669076 49.01480675076724 40.19489192381762
39.17869926246538 49.01495533154405 40.19483246945315
39.17859455502435 49.01510337652121 40.19477323131048
39.178598944027264 49.01509715844388 40.194775717316624
39.17859467080041 49.0151032000844 40.194773299798385
39.17848964072017 49.01525202974348 40.19471380209612
39.17849442457328 49.01524496795179 40.19471657841718
39.17839543123229 49.015384968237186 40.19466056494935
39.17830147606308 49.01551788864856 40.19460739161014
39.17820307717169 49.01565726076875 40.19455166466707
39.178254718837366 49.01558403422305 40.19458093032767
39.17820910687723 49.01564856919078 40.194555114944166
39.17812274500764 49.01577080173773 40.19450622619674
39.09260693469044 49.15599947183262 40.11912557702774
39.09255061518337 49.15611361851251 40.11906017337952
39.09248947058195 49.156237544394095 40.11898916661349
39.092534389178454 49.15614649768787 40.11904134174202
39.09249567780769 49.15622498369595 40.11899634305584
39.09242952780876 49.15635924879041 40.11891921133352
39.09244388617812 49.15633016463695 40.11893585842872
39.09239371003954 49.15643210073731 40.11887720267484
39.02495427141929 49.340217776785316 40.01093258117912
39.02490280768109 49.34041851009348 40.01079655057346
39.02494124779685 49.34026855322473 40.01089815748064
39.0249099549916 49.3403905632386 40.01081544495619
39.02485015689045 49.340623920507205 40.01065738068696
39.02486745243198 49.34055629297155 40.01070310257714
39.024825998431666 49.34071794682852 40.01059353129955
39.02478493767026 49.340878084551036 40.01048499883226
39.02478692746681 49.340870318050705 40.010490258510906
39.02478549595756 49.34087590088962 40.010486474725084
39.02472853297819 49.34109825715679 40.01033590235888
39.024746284501 49.34102882978101 40.01038283024952
39.02470829658927 49.341176994332535 40.01028241960788
39.024667785268896 49.34133504865227 40.01017533737776
39.02467710585813 49.341298652508186 40.01019997528854
39.02467140512084 49.34132088841608 40.01018490690652
39.024635987181284 49.34145903973895 40.01009128892116
39.02460238722861 49.341590103609605 40.0100024761737
38.80579799990287 49.615905836549686 39.88094548604046
38.8060023986603 49.61567888059456 39.88103453435955
38.805783292287636 49.61591006031091 39.88094714090776
38.805240269224946 49.61648326006283 39.88073037943851
38.627231282629026 49.830897855934005 39.776120139898985
38.626882509195404 49.83117925084007 39.776025008170166
38.627115730127045 49.830991064699106 39.77608884066012
38.62683580116213 49.83121686629178 39.77601300764239
38.626453703704044 49.83152508374072 39.775909467420306
38.62608288695314 49.83182424430024 39.77580852814584
38.62627029924575 49.83167302338801 39.775859799265405
38.626070595458486 49.831834110783575 39.77580571480024
38.62569234032006 49.83213922111324 39.775703298356916
38.62553711365392 49.83226442685679 39.77566131276594
38.62530185200073 49.832454188088136 39.7755976867347
38.46845027124146 49.96639315815116 39.70895583573302
38.46844989875994 49.96639341616009 39.70895602306409
38.468444092019155 49.96639744987966 39.70895892076379
38.468439519897316 49.96640088507368 39.70896069297169
38.468440782933264 49.96639975781173 39.70896055391586
38.46843817111525 49.96640157919926 39.70896184339918
38.46843232506204 49.966405663926565 39.70896471412786
38.46843237212805 49.966405620154944 39.70896471241607
38.46843227961684 49.96640568665414 39.70896475418716
38.468427334579296 49.966409211912406 39.70896704469196
38.468423358157466 49.96641230721362 39.70896837432082
38.46842478537551 49.966411029219856 39.70896822544368
38.46842248242551 49.966412673933384 39.70896928631851
38.46841819558655 49.96641578530876 39.70897116316164
38.46841793369205 49.96641597210045 39.70897128429185
38.468413616051734 49.966419066952234 39.70897325105129
38.468411591909465 49.966420518027434 39.70897417271847
38.46840915791854 49.96642226830468 39.70897527041272
38.46840580484978 49.96642469452164 39.7089767530448
38.468404999094275 49.966425278371204 39.70897710771476
38.46840103462769 49.96642816281337 39.70897882957134
38.46840054537181 49.96642851479219 39.70897904991185
38.257200363250334 50.16797540843896 39.62177753747887
38.25699142034922 50.16818457186191 39.62166618497971
38.25660151252505 50.16857489707252 39.621458369020246
38.25632848889322 50.16884821668499 39.6213128373574
38.25600137298893 50.16917568987432 39.62113846283678
38.25570020243037 50.16947719481413 39.62097789915764
38.25539823586788 50.16977949709401 39.62081690945904
38.255103190845986 50.17007487491021 39.62065959254827
38.25479072745652 50.17038769467098 39.6204929739441
38.25453237883512 50.17064634870248 39.62035517250584
38.083933715305406 50.368016026842156 39.48482689926135
38.08337125268994 50.36863370390055 39.48440212064139
38.08379333063508 50.36817032602582 39.48472062160325
38.083431896444765 50.3685669143638 39.48444829085044
38.08305455916559 50.368980417395164 39.48416500900687
38.08288698018464 50.36916379808495 39.48403970170189
38.08341064309515 50.36859025401944 39.48443224013968
38.082387260766225 50.3697110126809 39.48366531420035
38.08233427408618 50.36976897923576 39.48362572508832
38.082715239871305 50.36935196790101 39.48391082905966
38.08204142537235 50.37009078467689 39.48340415921567
37.92616789893862 50.56097267423132 39.32508088845536
37.92616798497663 50.56097337837427 39.32507923280984
37.92616263421269 50.5609749334545 39.325083422376856
37.926165411581266 50.56097536621845 39.32507854680979
37.92616413780272 50.56097631682249 39.32507827987386
37.92616910899267 50.56097744249274 39.325068788412025
37.92616616638374 50.56097683318136 39.325074282535056
37.92616641786353 50.56097701757943 39.325073524758956
37.671374141283685 46.30000601291325 39.980955652199846
37.67144517203809 46.30008307195099 39.98097057281842
37.67646919904358 46.53321887912614 40.08307921760049
37.67713027490555 46.5348104060939 40.08363087606274
37.677359443258986 46.53531464111415 40.08379568566174
37.732086338304526 46.583368217735234 40.108118252634895
37.73293658144075 46.58506244690518 40.10866501250825
37.73289319786538 46.585063740145024 40.10867599929485
37.73309379023451 46.58546066371308 40.108803758573224
37.73399076507849 46.587281816395006 40.10939555115366
38.01380726550974 47.00233153354557 40.27059885421009
38.014039294601965 47.00278545373589 40.270842834879176
38.01422907821253 47.003071186339135 40.27100522304616
38.01417136051356 47.00304467641018 40.270982077577884
38.01438171886734 47.00318682772824 40.27108621932076
38.0145416576626 47.00330620581249 40.27117030937114
38.01428104673256 47.00325739223338 40.27109660359852
38.01451420668473 47.00366674856615 40.27132144759751
38.014753769589554 47.0040835348008 40.27155080987478
38.01500209691987 47.004517851966725 40.27178955532881
38.03416746607253 47.15267186071806 40.31603495956194
38.034362743714084 47.152765389179734 40.31614458248893
38.03453399454996 47.15280925661509 40.316213085370805
38.034371740830785 47.15276986981442 40.31614975737068
38.0347112293159 47.15285231721968 40.316282287436294
38.03489368087789 47.15289556625175 40.31635274494342
38.03456403304347 47.152864591169106 40.31625960387785
38.03477131655592 47.15296811732297 40.31637904271336
38.03498349764975 47.15307532080379 40.316502195315614
38.09431499555323 47.216843670090256 40.3479997469917
38.03509343101109 47.153134029603116 40.31656829460833
38.09449099902672 47.216830256248954 40.34801836262969
38.09431382558953 47.21684546361723 40.348003789795825
38.094485078604336 47.216835929555515 40.34803050257549
38.09465878894946 47.21682593862236 40.34805681621325
38.094842220189676 47.21681285748349 40.3480784147161
38.094702802058926 47.216823557762986 40.3480638513591
38.095033942177736 47.21679776134015 40.3480975088438
38.09483508911239 47.2168163391125 40.34808484318329
38.09501320876596 47.216806468834356 40.348112739664714
38.09520173732271 47.21679385299605 40.3481369645018
38.095103156089856 47.216801551153914 40.34812698980859
38.09540635545308 47.216777712451574 40.348157272190576
38.095193461605625 47.21679652063022 40.348141068713
38.09537489539404 47.21678674694046 40.34817016932186
38.09557246059457 47.2167731722966 40.34819468967553
38.095453670407586 47.21678251636823 40.348182835953935
38.09555727190209 47.2167768379627 40.34819921455266
38.095740323782074 47.21676675085211 40.34822802157737
38.09595468354888 47.21675061646538 40.348251189688966
38.09577348480456 47.21676502779589 40.34823349510293
38.09592324966191 47.21675690960479 40.348257392847174
38.096113994043016 47.21674494231572 40.348283850360076
38.09606533221585 47.21674889764874 40.34827930642552
38.09633452654165 47.21672641389483 40.3483029688676
38.09610526064319 47.21674669216859 40.34828557724332
38.09628511674201 47.2167363637517 40.34831286092625
38.096499062726735 47.21671996031453 40.34833525044706
38.09633359255014 47.2167338048114 40.348320764207756
38.096464810376425 47.21672689371921 40.34834219559842
38.09667286213617 47.21671274594893 40.348368377812115
38.09655149072142 47.216722793443765 40.34835748977475
38.09664391049047 47.21671868824202 40.348374448297946
38.09685507083233 47.21670472177674 40.348401981702324
38.09672803644583 47.21671524435094 40.34839060100436
38.096821646602436 47.21671162302671 40.348409090127056
38.09704105999298 47.21669600332945 40.34843499254914
38.09688253229417 47.21670927460235 40.348421132764386
38.09699470097018 47.21670466217213 40.34844261962152
38.596860300579145 47.36674729968168 40.33025117489653
38.33370127398734 47.23629963719608 40.30835987291084
38.59730703317774 47.36700155614671 40.330249061436476
38.59832960250812 47.36747233893854 40.33012689452432
38.59759051048689 47.367141239681615 40.33022487186529
38.59874714925012 47.36771054682663 40.3301255125551
38.599852341772745 47.36822496034806 40.32999937398381
38.59913192956347 47.36789981672622 40.330092329714105
38.60020856721504 47.36842964701978 40.32999973765139
38.601408256667625 47.36899511151511 40.329870270039514
38.60074066082036 47.36869166775009 40.32995415541461
38.60170735521498 47.36916881228876 40.329872515735545
38.602980353832315 47.369774511920774 40.329741130842706
38.60233209782531 47.36947789140723 40.329820510520676
38.60325756247649 47.36993743315463 40.329745251525765
38.604568828541915 47.37056297019714 40.32961163631441
38.6038410216825 47.37022783877124 40.32969852983865
38.6048703184523 47.37074216492206 40.329618231046034
38.606185242510726 47.37136631356269 40.32948093721895
38.60525712852398 47.370936450271095 40.32958911124926
38.606586037815426 47.37160578645333 40.32949102780167
38.60653611479637 47.371582541335215 40.3294967168144
38.60782133023687 47.37218072564271 40.32935000943147
38.60660957881283 47.37161975542266 40.32949151851976
38.73842720535711 47.53799648191284 40.352466269259466
38.73782053456554 47.53763407598258 40.35253341914005
38.738865018461496 47.53830442978754 40.352409559682314
38.74101169940227 47.539635450849794 40.352163302717216
38.73983283918393 47.53892679869973 40.35229457480682
38.74182385639729 47.54020953275288 40.352057601824114
38.74175419336726 47.540167533655236 40.352065380901635
39.04777926320654 47.740371227458844 40.30915165773236
38.74186811638385 47.54024115184891 40.352051782188724
39.04789594173212 47.74055008924422 40.3091116810423
39.04788109952978 47.74053434884613 40.30911605805133
39.04795046186738 47.740609694365816 40.30909542252991
39.04794592793306 47.74062657091906 40.30909456923326
39.048067817559605 47.740789567128914 40.3090552165628
39.04803598892018 47.74075438178812 40.309064747420315
39.04816029229404 47.74093103714615 40.30902356179614
39.04824696424184 47.74103883175161 40.308996398204485
39.04819362333619 47.7409784669234 40.30901251201695
39.04836239223466 47.741215517337245 40.3089568761568
39.048348914862494 47.74119999418942 40.30896097493214
39.04843253490218 47.741296490924185 40.30893552561846
39.04839937215038 47.7412720735057 40.3089442193398
39.0485467335569 47.74147141670798 40.308896412173254
39.04850298427378 47.741420340320666 40.30890978664285
39.04865857816721 47.74164250010611 40.30885812888899
39.04865557329329 47.74163894705893 40.308859052037704
39.048738803847655 47.74173751972077 40.308833466174654
39.04866619735733 47.74165414597036 40.30885552181081
39.04884961644054 47.741907178287406 40.308795520604725
39.048809080010244 47.7418587162047 40.30880802769257
39.04893800417765 47.74204240991842 40.308765263432704
39.049047902060195 47.742181565039665 40.30873057075168
39.048968202244 47.74208535676317 40.30875525478418
39.04915361899087 47.742343563411936 40.308694355800164
39.04912130793565 47.74230423545754 40.3087043956877
39.04921123344583 47.7424318922844 40.30867461487442
39.04935438123648 47.74262082238195 40.30862865076337
39.04928089805499 47.742530709463324 40.30865155174251
39.04945173977441 47.742770485335825 40.3085952513496
39.04943449854921 47.742749200501684 40.30860063888815
39.04947699543549 47.742809359012085 40.308586582218695
39.049650324606546 47.74304414026928 40.30853031923038
39.049590428266164 47.74296985641181 40.30854906997794
39.04972755648321 47.743163607785945 40.30850374923722
39.04985025322547 47.74331902619396 40.30846501043201
39.04974353761576 47.743186126106494 40.308498473727106
39.075399007967846 47.89824102642984 40.29225319650707
39.07538124576453 47.89825818379414 40.292255943002985
39.0753718684968 47.898327911832915 40.29225443585317
39.07540480259515 47.898333879729385 40.29224750193129
39.07536633593334 47.898368531367325 40.29225357197555
39.07536207758648 47.898468694266825 40.292249548878985
39.07534864644024 47.898479972137046 40.29225170834216
39.07534110652422 47.898533892849755 40.292250601049645
39.07536649440711 47.8985614147826 40.29224413868858
39.07533365309092 47.89858720070383 40.29224950618426
39.075325763055154 47.898687835310824 40.292246192633606
39.07531521295198 47.89869550674126 40.2922479467513
39.07530693752525 47.89874569917089 40.29224716953658
39.07532994320578 47.89877846137413 40.292240932266836
39.07529755592181 47.8988008525347 40.29224637364487
39.16534186388647 48.07514559237531 40.257157966915145
39.16528384863095 48.07507688233191 40.257178383144534
39.16544455189309 48.0754421643955 40.257107500146034
39.237848192511336 48.36616400367394 40.23837302577671
39.21936054994639 48.362498423129935 40.24126345780286
39.33526492846943 48.58406818857749 40.2171898358541
39.33526158052318 48.58406333686777 40.21718994899253
39.28145357931672 48.7219230920105 40.24274733889477
39.28144078841029 48.72192596948879 40.242750412494345
39.33530075297723 48.584415552179635 40.21721678305697
39.28144556326573 48.72192513663139 40.24274931616419
39.28154254671216 48.721904080082076 40.2427261724706
39.2814609849126 48.72192239275181 40.24274576386624
39.326484097857254 48.76100648709463 40.23610868902558
39.326479096685354 48.76101571109669 40.2361105226786
39.326470053445725 48.76104811588837 40.23611548444454
39.326478609234925 48.761044292038136 40.236113599037544
39.326463515695465 48.76107145376301 40.2361190622089
39.326454402662854 48.7611157395006 40.236125279742595
39.326447915017624 48.76112717347052 40.23612760275347
39.32643525449428 48.76117219293333 40.23613451287532
39.32644842833767 48.761155031148505 40.23613042968703
39.3264321976335 48.761183031117184 40.23613617799522
39.326424989507814 48.761224295145084 40.23614174856796
39.326415353162446 48.76124054076969 40.23614512180604
39.32640206906814 48.761291981508606 40.236152812324384
39.32639826224619 48.761298229592036 40.23615412715041
39.326386740669726 48.761337090444485 40.23616019491005
39.32639610471081 48.76133173949554 40.23615800935319
39.326381279313026 48.76135544851997 40.23616306456395
39.3263735729142 48.76139796738434 40.23616885298007
39.32636387775814 48.76141295769949 40.2361721050256
39.32635160169749 48.76146249399061 40.23617942121585
39.32634641616441 48.7614701712362 40.23618112496221
39.32633029887879 48.761525014448644 40.236189663432945
39.32632874664252 48.76152721796366 40.23619016353067
39.32632173404801 48.76155002886968 40.23619376855889
39.32632399396062 48.76156557167951 40.23619500323923
39.32631177052176 48.76158244996137 40.236198891777285
39.32630321868193 48.76162639934836 40.23620497668945
39.32629442746001 48.76163772711297 40.23620768844521
39.326283100885846 48.76168507511679 40.23621461075892
39.32627737875528 48.76169180876347 40.23621630887715
39.326263532749756 48.76174243796502 40.236224011985115
39.326260028030745 48.76174587103414 40.236224979706016
39.32624458241319 48.761798037715735 40.2362331214173
39.326242445471095 48.76179970700109 40.23623366708893
39.326226057396504 48.761852658425425 40.23624205453879
39.32622452205643 48.76185361477469 40.236242421154984
39.32620781259495 48.76190696228173 40.23625090585263
39.32620623436852 48.76190758802342 40.236251245306406
39.32618980176829 48.76196082953739 40.23625967085066
39.32618773803464 48.76196138774013 40.23626008751057
39.32617223462712 48.76201336271326 40.236268219185895
39.326169775154895 48.76201342717767 40.23626865285668
39.27940754925658 48.85984726368923 40.225385446866
39.279382805585115 48.85988173839509 40.22538054166861
39.27931766974501 48.85997806356703 40.225373865926606
39.27928964625444 48.86001681208769 40.2253679794306
39.27922880869542 48.860107231064134 40.22536224809144
39.27919852986844 48.860148684878695 40.225355425446836
39.27910920439387 48.86027773464228 40.22534285965945
39.27902075697075 48.86040534427886 40.22533022536254
39.2789305163965 48.86053567393929 40.22531748366296
39.27894450540529 48.860515345534886 40.2253193191809
39.27892950672586 48.86053696116325 40.225317149747866
39.27884781047094 48.86065558586482 40.22530632526659
39.278841923537136 48.86066301938849 40.22530429812172
39.278765263323756 48.860775190774945 40.22529510233582
39.27875553964927 48.86078718062065 40.22529143128803
39.17958474027219 49.01370380364712 40.19533332415512
39.179464647407734 49.013873305278295 40.195265451284364
39.17934863705591 49.014037158570574 40.195199859041836
39.17938660504406 49.013983467577376 40.195221341360664
39.17934507821522 49.01404209288428 40.195197868492656
39.179240866061974 49.01418957852935 40.19513887750887
39.1792307259039 49.014203606310815 40.19513321324778
39.179132511462726 49.01434286537544 40.195077556016365
39.17911810593383 49.01436270562941 40.19506952981169
39.17900948538857 49.01451621173646 40.19500809461654
39.17890235200147 49.014667635472925 40.194947496017605
39.178797852368426 49.0148154305696 40.19488836513982
39.17883328839552 49.014765253598284 40.194908430455165
39.17879673424852 49.014816928304484 40.194887752064844
39.17869709312719 49.01495812621229 40.19483130605646
39.17869459518394 49.01496134449936 40.194829966363685
39.17859471496666 49.01510258921328 40.194773453378225
39.1784976279847 49.01523990540641 40.194718515783435
39.17840085464607 49.01537686343015 40.194663735633966
39.17842940511903 49.0153363964985 40.194679911405984
39.178401803083865 49.01537544057858 40.19466429140685
39.17830434300171 49.01551367643647 40.194609050782915
39.17831127029232 49.01550354006973 40.1946130500657
39.178222663536864 49.01562892210667 40.19456289702903
39.17813631630705 49.01575111302651 40.194514021471164
39.092614492491194 49.155984152151774 40.11913435669857
39.17811361020844 49.01578324777512 40.19450116829743
39.09261927134081 49.155974474517734 40.11913989352275
39.092552543642334 49.15610970004893 40.11906242882344
39.09256387536473 49.15608673264987 40.11907558928573
39.092510084835276 49.156195783387105 40.119013074817474
39.09245719375858 49.156303084757894 40.11895148666616
39.09246438302985 49.156288489987844 40.1189598737144
39.09245796104876 49.15630152354515 40.11895238750028
39.092401511944686 49.156416216118934 40.11888637854068
39.09240865652622 49.15640169141218 40.11889474662985
39.024956499306306 49.340209064278014 40.01093847078554
39.024970538769935 49.340154149902034 40.01097558566046
39.024927359455745 49.3403224902205 40.01086145546734
39.024885717281364 49.34048485257513 40.01075138768246
39.02483667757746 49.34067617507887 40.010621762837886
39.024880515386684 49.34050513547547 40.01073763810896
39.02484480075195 49.34064439690923 40.01064323751898
39.024805635834944 49.340797122917515 40.01053971679647
39.02476736610297 49.34094636641235 40.01043856193994
39.02472568431434 49.341108977226924 40.010328386197955
39.02473928096346 49.34105589671054 40.010364326924034
39.02473011557696 49.341091642021254 40.010340100821814
39.02469402877951 49.341232385120946 40.01024471548057
39.02465914007768 49.34136845972077 40.010152496823466
39.02461668541066 49.34153415740164 40.01004027568635
39.02463893628301 49.34144726086858 40.010099093620646
39.0246253536471 49.341500237926795 40.010063191621626
38.81909947535079 49.576864644915766 39.91573268945351
38.80522680952709 49.616465029964075 39.88074660791869
38.62721082440673 49.830914334121886 39.77611485652837
38.6274652919117 49.83070900840957 39.776184458189974
38.62716677169479 49.83094981505275 39.77610349660898
38.626805285942915 49.831241418004396 39.77600541498405
38.62643770549495 49.83153794727711 39.77590557431918
38.62653741718877 49.83145749291882 39.775932832446955
38.62642954715569 49.831544505999204 39.775903600569414
38.62607299925757 49.831832119718314 39.77580692253913
38.62569688184426 49.83213551824963 39.77570495080543
38.625757808264794 49.83208636003105 39.77572159048582
38.62569885890118 49.83213390996873 39.77570563079889
38.625335485705605 49.83242701701558 39.775607234437516
38.468450112747455 49.966393237081796 39.70895597609935
38.46845167266739 49.96639195864735 39.70895558064824
38.468449214837776 49.966393665627976 39.70895680790807
38.46844340474586 49.96639772485173 39.70895966171865
38.4684425963376 49.96639828620064 39.70896006556818
38.46843742559416 49.966401881051524 39.708962640122
38.468434209993305 49.96640412494787 39.70896422484427
38.46843181639939 49.96640580907308 39.708965377258714
38.468426848117204 49.96640934095069 39.70896769809352
38.46842657711319 49.96640953464675 39.708967822636566
38.46842214553438 49.96641270488772 39.70896985364468
38.46841814826329 49.9664157910734 39.70897124006964
38.4684196748464 49.96641449716957 39.70897093719016
38.468417958333845 49.96641574893397 39.70897167705859
38.46841407043284 49.96641860210924 39.70897331761492
38.46841356524054 49.966418977774296 39.70897352110708
38.468410386074936 49.966421324328834 39.708974836079065
38.468408030830425 49.966423057754334 39.708975820068375
38.46840674303457 49.96642401267064 39.70897634410025
38.46840320582744 49.96642662945676 39.708977795449954
38.46840300585262 49.96642677384304 39.708977884485975
38.25732658980495 50.16784935771464 39.62184368442754
38.25715470109752 50.16802143084373 39.62175206838785
38.25674739340742 50.16842918537347 39.62153493916586
38.25649259647308 50.16868426173952 39.6213991113363
38.256161887526076 50.16901532884407 39.621222832577814
38.25587497563899 50.16930255358828 39.621069891346224
38.25557379130916 50.16960407913936 39.620909295519375
38.25528008445208 50.16989812244835 39.62075267333286
38.254981062743376 50.17019747949849 39.62059324311274
38.254719810074235 50.170459035656094 39.62045391213733
38.084090500769136 50.36784237935409 39.48494814081033
38.08393507699629 50.3680133653825 39.484830175058036
38.08361354179197 50.36836647840827 39.484587320489766
38.08319296206707 50.36882779308617 39.48427075643053
38.08310122522568 50.368928276607306 39.48420197427661
38.0835491570584 50.36843722020724 39.48453862561526
38.08247199327163 50.36961779454678 39.48372962865622
38.08284260908353 50.36921216692099 39.484006882039964
38.08257222240067 50.36950788830861 39.4838050108132
38.082155005078434 50.36996733789882 39.48348746414092
38.082144628181396 50.369978679074485 39.48347973217936
38.08252125093786 50.36956400207684 39.483766249293964
37.926173078241035 50.560973172101704 39.32507246981164
37.92617232971278 50.56097332176652 39.32507320375486
37.92616980514197 50.56097503214057 39.32507305302085
37.926165728080235 50.56097571422854 39.325077340572626
37.926168098018856 50.560975918028916 39.32507354069041
37.67151324505288 46.3001564068414 39.98098537732468
37.67651601108335 46.533344849845356 40.083125668312846
37.676983029931726 46.53448179160418 40.08352240360503
37.67749150714268 46.53574019180208 40.08396578427391
37.676919604731104 46.53432289171165 40.083466022608725
37.677724280759016 46.53625711871197 40.08413583556965
37.73269934480413 46.58489158312196 40.108646234492404
37.732814971410015 46.58515935555492 40.10873715139889
37.73363399344092 46.586826514340544 40.10927940841432
38.01382173151089 47.002702808860796 40.27076309939334
38.013980949841034 47.00294590404953 40.27090080346238
38.0139254191701 47.0029390845589 40.27088665466714
38.01410183689815 47.003009259204504 40.2709526835484
38.01406357289274 47.0032382457151 40.2710444782101
38.01429314872193 47.00369018836307 40.27128710541315
38.01452118358555 47.004109760825735 40.27151535631292
38.033710965835475 47.15255037575691 40.31584905859598
38.03388457777419 47.15262976735579 40.31594379588517
38.03404724803317 47.15269030873431 40.31602253418842
38.03396607349989 47.152670349013725 40.31599066708325
38.034203552765725 47.152730209016816 40.316084958045565
38.03436440928417 47.15276822855817 40.31614699613181
38.034066919386625 47.15272085383607 40.31604887552547
38.03425185503714 47.152808185269166 40.3161517920239
38.034445173989255 47.15290593707215 40.31626405352827
38.03464484920693 47.153010175669195 40.3163823764034
38.03482583131371 47.15307215549603 40.316466084280904
38.034706886579954 47.15304443744588 40.31642049678683
38.03500274435584 47.15311384134679 40.31653422168882
38.034853023492325 47.153124288779196 40.31650967378515
38.09414548070829 47.216861237583366 40.347993180764526
38.09430910787207 47.21685226628058 40.34801904190444
38.094479748174976 47.21684044345151 40.34803998050486
38.0943320689809 47.21685111469837 40.34802293325485
38.094657017825995 47.21682702657532 40.34805895855294
38.094475514452526 47.21684373242745 40.34804678427328
38.09464476184822 47.216834055170885 40.34807256118496
38.09481984468951 47.216823196962224 40.34809715552799
38.09475420092868 47.216828113051406 40.348090000158905
38.09500666345081 47.21680900820419 40.348117035737076
38.09481635175943 47.21682469792477 40.34809980461721
38.09498951948457 47.21681500215027 40.34812668132193
38.095168416578474 47.21680458449926 40.34815346675012
38.095126803668684 47.2168077369016 40.348149018808705
38.09536570098052 47.21678939496628 40.348173957261814
38.095164712068296 47.216805703267596 40.34815511971239
38.09534071131226 47.21679612371505 40.3481831075775
38.09552896887193 47.21678447363888 40.348209614203334
38.09544345971971 47.21679103065071 40.34820066795331
38.095734903632916 47.21676809405079 40.34822972208195
38.09551815820936 47.216787299854374 40.348213365673864
38.09569552776799 47.216777484304444 40.34824117685593
38.09589879748084 47.21676249856381 40.348263913776236
38.095733264314084 47.21677558562702 40.34824755748461
38.09587307021684 47.21676836964222 40.34827075195574
38.0960626389228 47.216756369082226 40.348296784738125
38.09598773881128 47.21676239530109 40.348289639612986
38.096274351982586 47.216738732770295 40.34831550812167
38.096049986291256 47.21675907127428 40.3482996950074
38.09622597460405 47.21674980079668 40.34832843525723
38.09622216289797 47.216750109371425 40.34832807627626
38.096441739219436 47.21673186653683 40.34834761365658
38.0962252438216 47.21674994725865 40.34832857985491
38.09639923616951 47.21674124347362 40.34835812247709
38.09661700644315 47.21672433050611 40.34838038338964
38.09642344967095 47.21674016531942 40.34836255913564
38.096571806149974 47.21673379993025 40.348390330488925
38.09679915215586 47.216716122663584 40.34841351987529
38.09658901707686 47.21673313451714 40.34839373081651
38.096744296315734 47.216726650492845 40.34842323417192
38.09673415884301 47.21672745926563 40.34842225034521
38.09697907329533 47.21670733809154 40.348444596703125
38.096741359700516 47.2167271686271 40.34842364308834
38.09691368938529 47.21671790544143 40.348451332540186
38.09688181009381 47.21672051905528 40.34844841048125
38.59741327677292 47.36706171839051 40.33024823600123
38.09690349536032 47.216719327360494 40.348451831118496
38.59795544962377 47.3673675089763 40.33024273233826
38.59785714550978 47.367323034927864 40.330255304333036
38.598879956374205 47.36778597448355 40.330124716395105
38.59801089521712 47.36739851435315 40.330241888380854
38.599367712776555 47.36806139288942 40.330120101894934
38.60037945756937 47.36852739257998 40.32999943965558
38.59952359030956 47.36813785119772 40.33010643093794
38.600790385375255 47.36876138296517 40.32999761386091
38.60189915703555 47.36927970595531 40.32987343380967
38.60108722275376 47.36890782111726 40.329972465126694
38.602274198674785 47.36949547883859 40.32987410623901
38.603432110520345 47.37003949783722 40.32974729670752
38.60256475918584 47.369639850177734 40.32985057570261
38.603846974659916 47.37028049759918 40.329750483754744
38.60498951534649 47.3708124855673 40.32962028371904
38.603914749721596 47.370314538985006 40.32974538110856
38.6054095040075 47.3710580343767 40.32962516879795
38.605119854922684 47.37092314689046 40.329658153490854
38.60555975745328 47.371145459181825 40.329626471510984
38.73674930371176 47.53699484696574 40.35265186653393
38.606317326351906 47.37152879871281 40.32957242706006
38.7374828920384 47.53750672464399 40.352557576316386
38.73926559536065 47.53858637454991 40.352357639864124
38.737750255678336 47.537678485717315 40.35252584165279
38.740088784530336 47.53916417860934 40.352251227678366
38.739579664332204 47.53885790949887 40.35230795991068
38.74045562064641 47.53942341669091 40.352203495933956
38.74258591629641 47.54075540705556 40.3519571404479
38.74149289398437 47.540093996532136 40.352079628763235
39.04795408236994 47.740660500009085 40.30908961083873
39.04801287605116 47.74072890092553 40.30907166138001
39.04796793469872 47.74068026925488 40.309085012759354
39.04812592446665 47.7409016388088 40.30903298492582
39.04811088352612 47.740884830973854 40.30903750707491
39.04818475127175 47.74096843319981 40.309015191520615
39.0481715881852 47.74097128869388 40.30901737487021
39.04829703245228 47.74114005184286 40.30897677219211
39.04826138983529 47.741099215699606 40.30898759002502
39.04840101109735 47.7412987124435 40.30894122080305
39.048474588490336 47.7413870566352 40.308918480790155
39.048410241603605 47.74131193141325 40.308938152252104
39.048583726336005 47.741553715742 40.30888115267882
39.04855589927108 47.74152083670224 40.30888969915861
39.04865659075243 47.74166480815306 40.30885624877392
39.048767554648066 47.74180897588868 40.30882084959634
39.04870561929472 47.74173485012748 40.30883996726308
39.04887419123387 47.741971651156256 40.308784393578335
39.0488564840258 47.741950267085855 40.30878987864348
39.048958137274155 47.74207319280649 40.30875837346584
39.04890987330981 47.742026025072015 40.30877220089849
39.04906256121268 47.742232707693496 40.30872265216839
39.04901405271991 47.74217365536659 40.30873772597006
39.04914938738913 47.742365251959804 40.308692959676236
39.04925500540743 47.74249895634592 40.30865962124675
39.04917151675812 47.742396567184414 40.3086856410761
39.049351892118196 47.74264723345065 40.30862645041653
39.04932323182635 47.74261184941657 40.30863540638773
39.04939647335349 47.74271545367202 40.30861118803987
39.04954356698508 47.742911718471305 40.30856374210292
39.04947514256918 47.74282677464737 40.30858517101571
39.04963140230194 47.74304653366371 40.308533630729116
39.04961957654521 47.743031788069985 40.30853734082211
39.049736293036766 47.74317711339701 40.308500744487944
39.04964728890813 47.7430709284962 40.30852818342462
39.04981877396922 47.743304398861014 40.308472399137464
39.049765630017646 47.74323792485632 40.308489093047655
39.075317591154615 47.8983984390418 40.29226194641409
39.07535644976236 47.89837746813096 40.29225513049987
39.07531552903499 47.898414573167614 40.29226157596553
39.075316433631734 47.898507106781004 40.292256883325365
39.075300567804135 47.89852048323598 40.29225943159399
39.07529078266959 47.89858945028304 40.29225804380526
39.07532074395272 47.89859732216432 40.29225161671924
39.07528588954307 47.89862467855412 40.292257313723994
39.07528229003304 47.89871935143991 40.292253425323885
39.07526924791794 47.898728722680254 40.29225559924768
39.075259002657525 47.89879267670048 40.29225454860932
39.07528661680173 47.898808103085074 40.292248226744135
39.07525296990713 47.89883043800317 40.29225392493588
39.16515391365041 48.07492242937275 40.2572241550368
39.07523525007462 47.89893117910354 40.292252588934254
39.165271000399336 48.07525638028721 40.25716695639054
39.21932731585899 48.36244746325386 40.241272965406935
39.16531464119982 48.07535530207967 40.25714772980559
39.335258005208594 48.58405842240813 40.217190095236575
39.23879832777423 48.48678901257265 40.2497161189883
39.28133639569866 48.72194946146959 40.24277549919924
39.28131581581772 48.72195409405895 40.2427804450653
39.28132295214073 48.72195291900603 40.242778821276275
39.28142217505902 48.72193110867514 40.2427550865649
39.28133060976219 48.721951685281155 40.24277708461808
39.28139294552424 48.721938605737435 40.242762305233825
39.28134294290777 48.72194982887175 40.24277431523216
39.32644285309813 48.76110852397274 40.23612652925782
39.32644140184698 48.76111114218192 40.236127055234846
39.32646017488349 48.76107745299294 40.23612027009441
39.32643842738604 48.76112170796727 40.23612867753789
39.32643691959465 48.76114649423259 40.23613153379835
39.32642625746852 48.761165222358315 40.236135344953574
39.32641412972472 48.76121410135991 40.23614256659592
39.32641108070987 48.761219338434856 40.23614364405083
39.32643071116983 48.76118559176919 40.23613670405969
39.32640480063249 48.76124173884156 40.23614707895692
39.326407914298976 48.76125305219688 40.23614772271654
39.326396012615675 48.76127303200428 40.236151880059325
39.32638563411251 48.761318853490046 40.23615847801371
39.32638045413445 48.76132729404428 40.23616026069608
39.32636826240886 48.761369892463776 40.236166836016814
39.32637954883962 48.761358182498185 40.23616365112753
39.3263651044873 48.76138089066807 40.23616853542951
39.326357730274566 48.761422260578286 40.23617414591552
39.32634892682395 48.76143548627496 40.23617705846239
39.326336555438644 48.76148438506459 40.23618432446813
39.32633228077335 48.76149053096937 40.23618570980818
39.32631612900816 48.76154437131175 40.23619414928732
39.32631562245579 48.76154506911245 40.23619431025942
39.32631337413713 48.761552449918675 40.23619547312474
39.32630961201599 48.76158529931229 40.23619956471685
39.3262991874032 48.76159870327812 40.23620277733067
39.326289658705136 48.76164376084632 40.236209147809205
39.326282035351035 48.761653080852255 40.236211446678155
39.32627038942646 48.761700113085666 40.23621839137204
39.32626565228654 48.761705409238644 40.23621976804106
39.32625170874585 48.76175486536602 40.23622736528648
39.326248974700825 48.76175772384725 40.23622813908568
39.32623358573986 48.76180821045119 40.236236095098114
39.326232181387994 48.76180960140731 40.23623648446997
39.32621576500682 48.76186107041057 40.23624472165909
39.32621497644704 48.7618616990196 40.2362449243402
39.32619821971828 48.76191346953018 40.23625325216858
39.32619727687016 48.76191412977443 40.236253484943
39.271726646170436 48.779306334875294 40.250423780692145
39.271711292388346 48.77930536837658 40.250427049568366
39.27171933455466 48.779344988873945 40.25042851855292
39.271694878976334 48.77934311784314 40.25043369826655
39.27935102895694 48.85992626670552 40.225374527366135
39.271677517081415 48.7793796970991 40.25044045858202
39.27926454481069 48.86005185256682 40.22536307862136
39.27924248710216 48.86008256876388 40.225358687730704
39.27917947543606 48.86017522407817 40.2253516381949
39.27915553175562 48.86020836632419 40.22534664779078
39.279095889906976 48.86029614751436 40.225340065920626
39.27907121928905 48.860330091145116 40.22533469479002
39.279013680345734 48.86041501978007 40.22532861638181
39.278987753003214 48.860450431005745 40.22532267900535
39.206611406867886 48.874621945469244 40.242215902489
39.20660414052797 48.874699022795156 40.24218997117581
39.20660221766015 48.87478197028678 40.242162853190976
39.206600811544305 48.87472837922542 40.24218001966996
39.20659542838064 48.874773774361756 40.24216459975218
39.179565272093555 49.01373087887566 40.19532241572102
39.179548742809786 49.013753871534675 40.19531315291546
39.17945730859315 49.013883496902494 40.195261342655975
39.17943490620594 49.01391461322383 40.19524879941633
39.17932182879677 49.014074306202644 40.195184869637316
39.17921245191164 49.01422883503965 40.195123017482516
39.179105390174094 49.01438013280341 40.19506246520333
39.179003296368556 49.014524577348 40.1950046834556
39.17908277680048 49.014412093301274 40.19504967460579
39.17900096383442 49.01452773965714 40.19500339563122
39.17890091596813 49.01466950275024 40.19494672183043
39.178898255838384 49.01467293944141 40.19494529293893
39.178796507535914 49.01481678416195 40.19488773276124
39.17869773461756 49.01495645571072 40.19483184800287
39.17859857943338 49.01509666493838 40.19477574763532
39.178602676387364 49.0150908604054 40.19477806826994
39.1785986244006 49.015096589827614 40.19477577577946
39.17850011796328 49.01523618043383 40.19471997241663
39.178503831615664 49.015230663638796 40.19472213580478
39.17841064594292 49.015362473609954 40.19466940307283
39.17832098819508 49.01548932135658 40.19461866019326
39.17822806318959 49.01562092513129 40.194566036864224
39.17827532302997 49.015553912060774 40.19459281927895
39.178230616890446 49.01561715432184 40.194567519170405
39.178137938172895 49.01574874130313 40.194514957465714
39.17814748168702 49.01573482085841 40.194520456810174
39.17806776954671 49.015847664373254 40.19447532710133
39.092576770480704 49.15606070792455 40.11909038656596
39.09257927079078 49.156055644920926 40.11909328286184
39.09257704546823 49.15606015346319 40.11909070129127
39.09251711160377 49.15618160060709 40.119021140457946
39.092524920527964 49.156165881084604 40.119030036520435
39.09247513724857 49.15626698976574 40.118971887067815
39.09242734668241 49.15636413098544 40.11891593723729
39.0249874071261 49.340088174400925 40.011020178891215
39.024937114920135 49.34028433379201 40.01088724506856
39.02497767672964 49.34012610534956 40.01099445996472
39.024944839838795 49.340254115674924 40.0109076668367
39.02488710152914 49.34047943836177 40.01075504708852
39.02490374808441 49.34041431945002 40.01079905434329
39.02486376025378 49.340570231137406 40.01069335930144
39.02482502952155 49.34072125154907 40.01059098664724
39.02477783411538 49.340905411070864 40.010466235649645
39.02481470667972 49.340761503971045 40.010563701381884
39.024787112917124 49.34086910512576 40.01049076562261
39.024750557013604 49.341011660322486 40.01039414093498
39.02471481875255 49.341151031773066 40.01029967727767
39.02466923466301 49.34132895538856 40.01017918367005
39.024702760777316 49.341198056104076 40.01026780551183
39.024680126293056 49.341286328500296 40.010207977764395
39.024646849743036 49.34141610722169 40.01012002066526
38.81911544858545 49.57678749466896 39.915787600793024
38.805222903700795 49.6164629187783 39.88074920025487
38.81905714866891 49.57685653737519 39.91575643359489
38.80521491049998 49.61644634617938 39.88076266445139
38.62713310568634 49.830976917123095 39.77609495624463
38.62678313527123 49.831259234897516 39.77599995628165
38.626793333840226 49.83125100611848 39.77600274277626
38.626782353956294 49.83125986340316 39.77599976315078
38.626429434329644 49.83154455342825 39.77590403583936
38.626081273077574 49.83182540324472 39.77580961808366
38.625970635959106 49.831914645371626 39.7757796685835
38.62571234207585 49.8321229910906 39.77570974115823
38.62534821864972 49.8324166999207 39.775611177707766
38.62530910696904 49.83244824722145 39.77560060051378
38.46844846521451 49.96639399947958 39.70895754937369
38.4684431930987 49.966397810657824 39.708959887679846
38.46844449677876 49.96639677535225 39.70895949206402
38.46844286327756 49.9663979236217 39.70896028060362
38.46843754951654 49.96640166744103 39.7089628289812
38.468436212641144 49.96640260853575 39.70896347169971
38.46843221555454 49.96640541968131 39.70896539847173
38.46842690713106 49.96640927837369 39.7089677110721
38.46842858123555 49.96640798768627 39.708967126796466
38.468427230888445 49.96640895340035 39.708967746236475
38.468423020707306 49.96641200971732 39.708969588378224
38.46842176250916 49.96641292266068 39.70897013973426
38.46841884370397 49.96641504013979 39.70897141956054
38.46841444316064 49.96641829634537 39.708973223704284
38.46841559529911 49.96641741205433 39.70897281378402
38.468414927918175 49.96641790348066 39.708973092127614
38.46841141584752 49.966420514015205 39.708974508896816
38.46841013210715 49.96642146599784 39.70897503113387
38.46840790843352 49.96642311339767 39.70897593890648
38.46840346477613 49.96642642893488 39.708977706804255
38.46840512627199 49.96642517206669 39.70897707955511
38.46840444029193 49.96642568230665 39.70897735559427
38.25742396574399 50.167752134648964 39.62189465005584
38.25733907274709 50.16783712687248 39.62184937280506
38.25687302078812 50.16830372123928 39.62160081483172
38.25666830491383 50.168508660252314 39.6214916893264
38.25630763063134 50.16886974360949 39.62129937094397
38.25604269170039 50.16913498611409 39.62115808927049
38.25573767427757 50.16944034382648 39.620995468753684
38.25545762086024 50.169720714817316 39.62084613917238
38.2551646356768 50.17001404387383 39.620689871847176
38.25489179112563 50.17028722074268 39.62054430286166
38.25459106595048 50.170588291137555 39.62038393543883
38.08406833203643 50.367865993323306 39.484932807516785
38.083780382142336 50.36818224663312 39.48471527359216
38.083324416402604 50.368682993619714 39.484370881992774
38.08330276654484 50.368706712410315 39.48435464033529
38.08368740189851 50.36828445826744 39.4846448534639
38.08296918880014 50.36907318128614 39.48410243833241
38.08280635317715 50.3692512325066 39.483980945465845
38.082239344252585 50.369874183373994 39.48355219144102
38.082632861900784 50.36944233797366 39.48384879848861
38.08233401240368 50.36976983162447 39.4836244384979
37.926174091348024 50.560972923537435 39.32507157664129
38.08223473233977 50.36988231779159 39.48354279206364
38.08204874328247 50.3700876822969 39.483400176644246
37.92617129687338 50.56097480663004 39.325071431877355
37.92617824469967 50.56097298541435 39.325065560505
37.92617683767152 50.5609739157788 39.32506552634438
37.92617360874423 50.56097501296399 39.32506770870316
37.92617909265349 50.56097412447342 39.3250618785855
37.67748282130252 46.53566112166345 40.083926165917156
37.67786310684201 46.536617695135256 40.08426635282502
37.67772598148824 46.536235400779105 40.084122888169105
37.731948759034296 46.58323962257145 40.10809428582838
37.73263498528003 46.58475148207869 40.10859959308189
37.73310605089507 46.58588994238647 40.10899106351583
37.7340351219716 46.587849562525975 40.10963651790567
38.01391270452295 47.00300279515069 40.270911777907635
38.013914523128534 47.00310831190063 40.27095799471821
38.014032691613494 47.003396659098065 40.271107093629325
37.987942504779554 47.17462221977338 40.314162043684405
37.98821136084624 47.1747280704044 40.314311094008865
38.03360968467108 47.15256842173045 40.315840403907465
38.03351263857767 47.15254157246301 40.315800142762015
38.03375199595996 47.152610598853514 40.315901475220116
38.033900253909295 47.15265346256118 40.315964319311
38.03363653739184 47.15260682000404 40.31587397317848
38.033802252826774 47.152684017993536 40.31596542801313
38.03397259588105 47.152762617028415 40.31605889013858
38.034148694518095 47.1528454131065 40.316156626466
38.03433095934685 47.15293506171932 40.31626064827778
38.03449870210024 47.152996199824926 40.31634090677699
38.03440154445456 47.152971749527325 40.31630235913023
38.034658031082266 47.15303373322166 40.31640226513014
38.03452105221087 47.15303398332001 40.31637306501569
38.03471816342803 47.153141249440694 40.3164930305751
38.09399061730872 47.216873672448145 40.34797834654213
38.09414553527018 47.21686420885217 40.34800046038903
38.09403102883798 47.21687178658577 40.3479855398169
38.09430873491916 47.21685275819006 40.34802013551361
38.09414554339265 47.21686630257725 40.3480055811693
38.09430402915316 47.21685847130025 40.34803272754584
38.094467981563284 47.216849169024854 40.34805787457533
38.09439644783815 47.21685413312816 40.348049116223365
38.09464016877128 47.216836549862805 40.34807731825201
38.09446560283553 47.21685079451658 40.348061153533685
38.094630239993606 47.21684166766528 40.34808692941566
38.0947988381502 47.21683240393277 40.34811352761366
38.09476777474913 47.21683465756928 40.34810996384701
38.094979651116645 47.21681890999167 40.34813335220889
38.09479703384916 47.216833171717745 40.348114877566694
38.094965484826965 47.21682449665174 40.34814287185495
38.09514169739342 47.216814440973124 40.34816975807033
38.09507533455563 47.216819384582664 40.348162459948256
38.095330341716654 47.21679984259567 40.34818917012281
38.095136065965036 47.21681653410002 40.348173230169614
38.09530762850367 47.216808154966714 40.348202856742226
38.09549569977055 47.216794736332844 40.34822498546501
38.095345546391194 47.21680637224234 40.34820957380137
38.09569075047054 47.21677901138318 40.34824351464765
38.09548011610279 47.21679983322352 40.348232893807875
38.095660647082454 47.21678909891335 40.34825938234855
38.09559653255226 47.216794151156954 40.348253006490985
38.0958567956503 47.21677314553579 40.34827767377568
38.095653150440675 47.216791300653355 40.34826257517033
38.09582461627081 47.21678184894677 40.348289551438576
38.0960198492521 47.21676677128911 40.34830971625962
38.09585319028235 47.21678031888672 40.34829415698136
38.09599549949619 47.21677268917118 40.3483170712044
38.096182932139186 47.21675994071647 40.34834065174378
38.09608007693455 47.21676825734687 40.34833094063862
38.0963925493001 47.21674265667551 40.348359624126616
38.09616442255437 47.21676380219457 40.34834468533392
38.09634774377034 47.216752615883465 40.34837088387566
38.096276938758805 47.21675822096553 40.34836390533222
38.096565643877554 47.21673497411322 40.34839140104883
38.0963318705207 47.21675562670865 40.348373607953604
38.09651515213934 47.216744796591605 40.34840066569653
38.09644410370783 47.21675032969681 40.34839344009655
38.09649596567414 47.21674797350439 40.34840282806425
38.096681732590966 47.2167364913486 40.348429017720065
38.09659548834898 47.21674322603295 40.34842029110827
38.09665487545548 47.21674002159216 40.348429803380306
38.433568908265826 47.32809376722773 40.34484207296191
38.09675039530284 47.21673461581594 40.34844448794587
38.360466898508754 47.347448165003726 40.370400210014424
38.598500998735936 47.3676715452346 40.33023333450049
38.598219355754075 47.36754313169754 40.33026830412693
38.59941858144845 47.36809000960581 40.330119507772636
38.59866602389651 47.36776312587334 40.33023008193076
38.59992542332589 47.368375091742415 40.3301135383076
38.59970093006625 47.368272104288856 40.33014074631909
38.60088486837324 47.3688150712492 40.329997075693356
38.60003569861859 47.36843674013333 40.33011184082699
38.60136108842755 47.36908503216468 40.32999368515149
38.60114833670656 47.36898691003322 40.33001892026838
38.60236719676142 47.36954879776042 40.329874077048615
38.601474776993214 47.36914921704687 40.32999259803944
38.60281901233455 47.369807007196925 40.32987305788627
38.60246653164386 47.369643627969765 40.329914008497994
38.60386999725485 47.37029380186989 40.32975058693194
38.60301615116153 47.36991913466536 40.32987204771291
38.60430348941488 47.370543144045016 40.32975130183519
38.603688098485605 47.37025657742991 40.32982139879908
38.604667604459166 47.370751381700856 40.32975063712644
38.605822547518926 47.371297521021745 40.32962786130185
38.60482571108516 47.37083140037018 40.329739373414725
38.73602270760183 47.53664187056053 40.352717880259476
38.73559041560265 47.53638288899973 40.35276586112064
38.73760057001369 47.53758873018357 40.35254246982983
38.736364570908854 47.5368791517423 40.3526741638362
38.738435309952656 47.538169827449664 40.352435420263085
38.73749172375916 47.537603184325185 40.3525403906562
38.7390976744292 47.538636779625335 40.352349436324786
38.74087190284018 47.53971937834719 40.35214901387288
38.73942236763877 47.53884603468417 40.35231077890727
38.74161083381829 47.540247978827495 40.35205172708964
38.74131009066148 47.540066224663846 40.35208538833504
39.047965329689575 47.74067762888555 40.309085768632265
38.74178883155875 47.54037622932629 40.352028128883305
39.0480790238722 47.740850783842895 40.3090469287869
39.0480597730338 47.74083049542233 40.309052593046275
39.04815583566073 47.74096742878184 40.30902072278423
39.04824007394532 47.74107548588687 40.308993989673965
39.04820255421048 47.741034053448615 40.30900522022551
39.04834990658685 47.74124264242755 40.308956480847705
39.0483397625852 47.741231131612906 40.308959548396814
39.048408059480096 47.74130944649845 40.30893881301273
39.04838528645804 47.74129641134125 40.3089444060269
39.048516887361245 47.74147519139541 40.308901635450354
39.04848029233701 47.74143252495025 40.308912817004476
39.0486227880466 47.74163625775369 40.308865480135
39.0486186272622 47.74163133390749 40.30886675880506
39.048691706255305 47.74171828354791 40.308844253244565
39.048634055831954 47.74165335865767 40.30886163691092
39.04879737914538 47.74187905716075 40.30880817027482
39.04876515545091 47.741840311899246 40.30881813490039
39.04886994143068 47.74198923746271 40.30878341523572
39.04897808332471 47.74212988221859 40.30874890182977
39.04891521394296 47.74205341851511 40.30876843104279
39.04907811578886 47.742282023313635 40.308714749988276
39.049064206986515 47.74226496527859 40.308719084815564
39.04916332725659 47.74238652282351 40.30868819348174
39.04910240095022 47.74231891820156 40.30870646297447
39.0492596066711 47.742533288073915 40.308655289401294
39.04921702990837 47.74248069427368 40.30866859696601
39.04932512646493 47.74263309247765 40.30863290486918
39.04944380173655 47.7427878421859 40.30859498876531
39.049368276401076 47.742693948890455 40.30861865507478
39.0495315501791 47.742921865573116 40.30856497368433
39.04950824278397 47.742892732534294 40.308572293075144
39.049566240356235 47.74297483168259 40.30855310946558
39.049713769786976 47.74317298764752 40.30850539066893
39.04964831507735 47.74309092644611 40.30852597075577
39.07526997231207 47.89845612359985 40.29226873987152
39.075264233011865 47.89846137171739 40.292269641730755
39.0753116195557 47.89841812873034 40.292262191233675
39.07526120795387 47.89848565028275 40.29226906854595
39.07527385641349 47.89854319390818 40.29226371253085
39.07525162104136 47.89856215319032 40.2922672734694
39.07523797633898 47.8986631135283 40.29226510479931
39.07523552568412 47.89866504829217 40.292265504811525
39.075277912100084 47.8986310290928 40.29225861329944
39.07523415166916 47.89867570155091 40.292265262710075
39.07524173034267 47.898749119025155 40.29226015560021
39.075222285070446 47.89876331407848 40.292263385968894
39.07520711752328 47.898862216110615 40.292261624791195
39.07520572120296 47.8988631587397 40.29226186049426
39.07524547008332 47.898835576333695 40.29225518725633
39.07520472172956 47.89886995660889 40.292261730760494
39.065049837051596 48.03747327147684 40.280457711607454
39.07519122527495 47.898958573980025 40.29226013379575
39.06495503003005 48.03772779628914 40.28045061763867
39.064951701703485 48.037735231723346 40.28045064393886
39.165299251777164 48.07533647349954 40.25715319484249
39.06493622062077 48.037778368562215 40.28044919638365
39.16550458441904 48.50078356148512 40.26685244584996
39.16539168249882 48.50055033344988 40.26687734828002
39.28122686166714 48.72197412209542 40.242801823887916
39.2811953182868 48.72198122869385 40.242809405849485
39.281204986496405 48.72197978569625 40.24280723746803
39.28130798589195 48.72195677163127 40.24278252036382
39.281207039006006 48.72197947112761 40.24280677539159
39.28128123716388 48.7219636823458 40.2427891369277
39.281216492737755 48.72197822359994 40.242804689691724
39.281255154528466 48.72197042806526 40.242795590227715
39.28122547200054 48.72197708676133 40.242802718840544
39.27143283667373 48.77867469820468 40.250436466533515
39.32642024996165 48.7611758027476 40.23613749527091
39.27144350319368 48.77869019073981 40.2504354010029
39.326398146143866 48.7612415497237 40.236148214267736
39.27147281770598 48.778733124481235 40.25043250158892
39.27149824028028 48.77876776419576 40.25042977614879
39.32639184030814 48.761280015816766 40.23615333534083
39.27150419321831 48.778775559565275 40.25042911227273
39.32637024561458 48.76134386076109 40.236163766864735
39.32636345570516 48.7613548526391 40.236166096067045
39.326349342430134 48.76140570498926 40.236173868926855
39.326348486343974 48.76140703961565 40.236174157232654
39.326363828339545 48.76138289657192 40.23616896691773
39.32634616465046 48.76141509619812 40.23617540357234
39.326342901273705 48.76144465158547 40.23617906378661
39.32633349433391 48.761458833953455 40.23618218122978
39.32632261271452 48.76150467251959 40.236188868304566
39.326317415361416 48.76151219255699 40.236190557646715
39.32630296850461 48.76156293249169 40.23619837664346
39.32630101204419 48.76156565310316 40.236199001035395
39.32629258986345 48.76159357347942 40.23620338558419
39.3262963468675 48.76160250534271 40.23620366838562
39.32628552618156 48.76161697821996 40.23620706164069
39.326277188207925 48.761659112767106 40.236212919458666
39.271628662299086 48.77906813977506 40.25042577087652
39.326258738319936 48.761713328114276 40.23622179710724
39.2716378056349 48.77910757049963 40.2504269843461
39.32624088184308 48.76176585374995 40.236230394877
39.27164468215607 48.77914630018098 40.25042863501774
39.27165261739033 48.77918487237745 40.25043004205689
39.27164666419023 48.77918461713951 40.25043131923455
39.27164554823818 48.779208440497776 40.25043350010936
39.27164486348687 48.77922247506847 40.25043479084306
39.27163620305256 48.77926034013903 40.25043975861361
39.271627138742595 48.77929932614831 40.25044490560522
39.27163107430558 48.77927198225548 40.250441823661866
39.2716191735884 48.779298709754045 40.250446592062644
39.27162086225399 48.779336887376644 40.25044932890834
39.27160417116759 48.779335358269336 40.25045284359069
39.27161532067353 48.77937405548943 40.25045356001198
39.27158607756149 48.77937134419827 40.250459715180526
39.27921383984101 48.860122546427654 40.22535308051725
39.206580880619924 48.874255161229996 40.242330598039835
39.2791319626087 48.86024112886756 40.22534189068495
39.20657862526387 48.87433945557697 40.24230299945762
39.2066005180374 48.8744425476189 40.24227254151445
39.206576543778986 48.874422143106244 40.24227594445406
39.20660003451854 48.87452670432968 40.24224522434685
39.20657366056037 48.874502508979944 40.242249534105284
39.206599687518754 48.87461039575658 40.242218076101175
39.20656969959627 48.874580728838154 40.2422236746388
39.20660013000717 48.87469469585062 40.24219083628224
39.20656436731724 48.87465644060729 40.24219844406338
39.20655789615252 48.87472980969008 40.24217381988562
39.17951214486669 49.01380480172254 40.195292638839206
39.2065521263099 48.874785953387374 40.24215486756488
39.1795102986449 49.01380737158077 40.195291603837006
39.17940929994728 49.01395020842976 40.195234455557504
39.1794009879508 49.01396176642956 40.19522979860288
39.179306677124316 49.01409533709757 40.19517638949
39.17929269872285 49.01411474396291 40.19516856494856
39.17920526774554 49.0142387821779 40.195119002402855
39.179189081463704 49.01426119826205 40.1951099551301
39.17910431189232 49.01438161984423 40.19506186396692
39.179087804603455 49.01440438190287 40.19505266038351
39.17898916598782 49.0145438667897 40.194996850849996
39.17889073761938 49.014683049018494 40.19494116152778
39.178792498923684 49.014821980939786 40.194885575322836
39.17880846720105 49.014799367552826 40.19489461779651
39.178792191435285 49.01482238158274 40.19488540936009
39.17869667536089 49.01495769828684 40.19483130854388
39.17869528025416 49.01495941630038 40.1948305789416
39.178599707307384 49.01509456924346 40.194776503202625
39.178507402662134 49.015225130617466 40.19472426959581
39.17841461876795 49.015356434984426 40.194671749522634
39.17843976894744 49.01532078673233 40.19468599899463
39.178415407063234 49.01535524690972 40.19467221273652
39.17832279228268 49.01548660932142 40.194619718663766
39.178326683000165 49.01548076218381 40.19462200098253
39.17824226867647 49.015600222076344 40.194574218520856
39.178162333958674 49.01571337904291 40.19452896318178
39.17807739165278 49.0158338033598 40.19448083091872
39.1781392474001 49.015746060780124 40.19451589263892
39.178084174113174 49.015824024872046 40.19448471236445
39.09259184394184 49.15603054256346 40.11910727297068
39.09254097944371 49.15613372548481 40.119048056007685
39.092492171694374 49.156232846248635 40.11899105668483
39.09243829657297 49.15634213386254 40.11892833891572
39.09247684939383 49.15626396194115 40.11897316513243
39.09244459034801 49.15632949417136 40.11893546103254
39.024989538713925 49.340079835613004 40.01102581402198
39.0923997839904 49.1564206720806 40.11888284027073
39.02496152728793 49.3401888266699 40.01095178254939
39.02492110538581 49.34034640761165 40.01084494097971
39.02487749450362 49.34051649291101 40.01072966792084
39.024897673760556 49.34043775869398 40.0107830072595
39.024881665908566 49.340500169596126 40.01074069573857
39.0248285011854 49.34070766804251 40.01060016452449
39.02484352364137 49.34064888434135 40.01063987889254
39.02480637403733 49.34079373673184 40.010541685556916
39.02477014418293 49.34093500848755 40.01044592309697
39.0247203864242 49.34112924214105 40.0103143964509
39.02476674806426 49.34094825118213 40.01043694649839
39.024734589877255 49.34107364992346 40.010351946108536
39.02470053570757 49.34120644737083 40.010261934076695
39.02466396592537 49.34134911012612 40.010165270857705
39.02467459688055 49.34130759995864 40.0101933724724
39.02466750207117 49.34133526762821 40.01017461943436
38.81911601818022 49.57678217109923 39.915791607356525
38.81912155743304 49.576723405216384 39.91583614073282
38.81855109676397 49.57740164745423 39.91552905038729
38.627088589126814 49.83101277539256 39.77608343666586
38.627138579373025 49.8309724403723 39.77609709603954
38.62708094505632 49.8310189333942 39.776081451423764
38.626746965536285 49.83128835571898 39.775990746763206
38.62640890765718 49.831561062069206 39.77589899860073
38.62606989680063 49.83183455705018 39.775806779329244
38.626238654340106 49.83169839567925 39.77585286974822
38.62605245680076 49.831848590481265 39.77580242199683
38.62570000600401 49.83213289065459 39.77570694648931
38.62534620922452 49.8324183118712 39.775610728805745
38.62554933774612 49.83225442175996 39.775666170643234
38.62534104749766 49.83242243316911 39.77560978318633
38.4684474773696 49.96639448885247 39.70895842930163
38.4684464705697 49.96639519733317 39.70895891383779
38.46844235980384 49.96639811075634 39.708960851516125
38.46843738816911 49.96640168908692 39.708963087282044
38.46843821928735 49.96640104317035 39.70896280733508
38.468437341049764 49.9664016670546 39.70896321845482
38.46843288314989 49.96640487861893 39.708965217305995
38.4684307581293 49.96640640834812 39.708966172451206
38.46842850635389 49.966408034092595 39.70896717519477
38.468424428898146 49.96641100133851 39.70896894495388
38.468424005036184 49.96641130577149 39.7089691368273
38.468420205663094 49.966414052184845 39.708970822190864
38.468417871490445 49.96641576698664 39.70897180350052
38.46841648874786 49.966416786856996 39.708972376882464
38.468412855698574 49.966419464504874 39.70897388729673
38.46841236550843 49.96641982452722 39.70897409356675
38.46840936768422 49.96642204574022 39.70897531680794
38.46840737521882 49.96642351909516 39.708976135610456
38.468405961548996 49.96642457083321 39.70897670401286
38.25748801694487 50.167688198509836 39.62192812111283
38.257537249357654 50.16763897336861 39.62195414338356
38.25750922701847 50.16766702937552 39.62193919448849
38.25698045783343 50.16819644285981 39.62165708270297
38.25684898509658 50.16832806665947 39.62158697186348
38.25643570336321 50.16874182726652 39.62136656536204
38.25622194259371 50.168955837376146 39.6212525589998
38.25588285637444 50.169295308846266 39.621071749379766
38.25563391720834 50.16954454404615 39.620938960531944
38.25532783253032 50.16985098424488 39.620775719973665
38.25508053465058 50.17009856989476 39.62064382956059
38.254752230681284 50.17042723124147 39.62046882610312
38.25456502709961 50.17061465305055 39.62036898414274
38.08390562571161 50.36804286648642 39.484813409118765
38.08350096374299 50.36848704351925 39.4845082058805
38.083419243089125 50.368576570065116 39.48444690624629
38.08385378276861 50.368099827715554 39.484774200619654
38.08315243435349 50.36886981561673 39.48424493608827
38.08293844053505 50.36910423942925 39.484084437066606
38.08278811885175 50.36927096326998 39.48396774043187
38.08250674673731 50.369579144621355 39.48375680938618
38.08240255453748 50.36969682852135 39.4836718321667
38.082218742045 50.36989979892289 39.48353086798446
37.92618233576486 50.56097304191513 39.32505964428006
38.082048519281784 50.37009389880308 39.48338850044291
37.92618453494492 50.560973252786056 39.325056070798865
37.92618991278236 50.56097240114239 39.325050310621734
37.73202236407498 46.58347976921873 40.10818304624002
37.73253283621613 46.584680306128476 40.108592568805065
37.732914985212496 46.5854547849134 40.108844072961254
37.73241342819023 46.58432722533258 40.108464752572374
37.73339094874945 46.58659366408817 40.109234553348145
38.01395601199317 47.003318392454446 40.27105763868415
37.987543586559504 47.174460338272965 40.313936792552205
37.987552492297496 47.17446418710311 40.31394202063055
37.987827494569515 47.1745916704222 40.314110790422525
37.98803105634511 47.17467118850155 40.31422311120252
37.987923546224664 47.17463538001676 40.314169043775294
37.98822470013892 47.17473563591378 40.314320453540205
37.98810124620738 47.17471006666641 40.31427156982791
37.98836799537657 47.17481609253979 40.31442030516149
38.03373130601547 47.152749481699516 40.31599762162581
38.033884720292015 47.152814558335756 40.31607765917745
38.03381350585362 47.152791837634176 40.316045928851636
38.03403299101613 47.152861775602126 40.31614365902282
38.03418552578292 47.152908582605065 40.316210276354326
38.03434223026888 47.152955011828 40.31627751446581
38.03389709293009 47.152834288387176 40.316094602303835
38.03406625836949 47.152916757001584 40.31619061433518
38.03424173108618 47.153005013549645 40.316292171088
38.03442135676678 47.15309490650342 40.316395803777525
38.03460266774627 47.15318431459329 40.31649944679772
38.034562693251395 47.153172659532835 40.316482431437166
38.03476527508377 47.153230807756586 40.31656799734779
38.09399073595454 47.21687450931312 40.347980427031665
38.0346108709774 47.15319950945037 40.316512211046444
38.093842782618836 47.21688750815782 40.3479689898524
38.09399133810803 47.21688036787826 40.347994925003825
38.09414306650519 47.21687170466795 40.34801806388848
38.09405035565597 47.21687785277711 40.34800601452247
38.09430202355722 47.21686071014319 40.34803761491379
38.09414198509465 47.21687381516595 40.348022907438114
38.094296699469695 47.216866245006855 40.34804959059576
38.09445661091856 47.21685721746889 40.348074228962524
38.094386850380715 47.2168620327083 40.348065624610065
38.094624354888424 47.2168451510895 40.34809372619917
38.09445422976647 47.21685885238729 40.348077530257605
38.09461440440139 47.21685061008593 40.348104165118876
38.09478063010772 47.21684106351907 40.348129378935084
38.09471379253162 47.216845834765174 40.348121520783046
38.09495707565657 47.21682810017196 40.348149224992824
38.09477671563947 47.21684291366627 40.34813275853145
38.094940668882614 47.216834967053195 40.348161219912996
38.09511763683593 47.21682354333215 40.34818498239057
38.09499025659789 47.21683280683179 40.34817042268889
38.09530372743603 47.21680955814448 40.34820514757256
38.09510651160187 47.21682759819328 40.34819164557847
38.09527873182981 47.21681858737935 40.34821992001832
38.095226693766875 47.21682240321515 40.34821404892095
38.09546681598545 47.21680425919537 40.34823982898148
38.095273336022004 47.21682032518948 40.34822259231625
38.09544064131555 47.21681225877726 40.34825173990974
38.09562882676728 47.21679842756971 40.348272893389115
38.0954623437075 47.21681120880847 40.348255512018376
38.09582043465301 47.21678296474778 40.34829105779161
38.09560832954638 47.216804307893 40.348281281777304
38.095789149257996 47.21679211799787 40.34830429626794
38.09567945767153 47.21680079673109 40.348293473581535
38.095980966503234 47.21677634789431 40.34832177062735
38.09577470807695 47.21679584949519 40.348309200414434
38.09594760721452 47.21678531096618 40.348333938436326
38.09589561458378 47.21678948396696 40.34832895374936
38.0961408863074 47.21676933565535 40.34835133811873
38.09593975451148 47.21678713119778 40.34833609460717
38.096103941435445 47.21677806534744 40.3483618881088
38.0960939192014 47.21677887374041 40.34836093701284
38.09630202309355 47.21676182340428 40.34838003871977
38.09610216173305 47.21677844371654 40.34836229326435
38.096261498509506 47.21676947752564 40.348386913750524
38.09646283372595 47.21675389504004 40.348407626809056
38.09627912044057 47.21676854552489 40.348389782414294
38.09641669181107 47.216760893024144 40.34841125709076
38.09661576882493 47.21674550618445 40.34843178885019
38.09644361191538 47.21675933880786 40.34841532050152
38.09656640857276 47.21675173307618 40.348432594064676
38.36090017587983 47.34763927694046 40.370370991215935
38.359592222610814 47.34718351935731 40.370397075708425
38.361343926287994 47.347835685553164 40.37034071895566
38.59902441826542 47.367961605828754 40.33022258469606
38.5984817959004 47.36771234988588 40.33028800615146
38.59933832759026 47.36813476806784 40.330215298769126
38.60041626053978 47.368649148282415 40.33010562249705
38.599855464324705 47.368390263097034 40.330171883589784
38.600737647909455 47.36882824078518 40.33010006747881
38.60182247123227 47.36934502689366 40.32998875945702
38.601133359103976 47.36902539760486 40.33006859022818
38.60221576084608 47.36956553932671 40.329983388616206
38.60325778907949 47.37005616401319 40.329870379010174
38.6023572185979 47.36963639487992 40.329972533406846
38.603687751824005 47.37029903626215 40.32986640394205
38.60343485552889 47.37018058204467 40.329894483512824
38.60472670398197 47.37078507700126 40.32975041976846
38.60384095715493 47.37038515251098 40.329864539613915
38.60513881747522 47.371019235473355 40.3297480537349
38.6045449623462 47.37073988749352 40.32981273315287
38.73521977850514 47.53622818274205 40.35279502924432
38.73685739100871 47.53722288720228 40.352610845278406
38.735541027438146 47.53643418642186 40.35275696527353
38.73766654117074 47.537787942618905 40.352506762399
38.73735919025934 47.53760326074638 40.35254097380161
38.739226434043545 47.53872803841472 40.352332635160266
38.7378741243617 47.537934363850674 40.352479801101715
38.73998129665815 47.53926355540154 40.35223404722267
38.73930432286888 47.53885509841175 40.35230969930631
38.74037582118822 47.53954655641101 40.352181966905185
38.74230762422511 47.5407507201166 40.351959226564894
38.741209719019984 47.540086262813126 40.35208227843641
39.04814461767318 47.74096846678334 40.30902272446394
39.04819240328041 47.74102292087509 40.30900825086988
39.04815221410593 47.74097928895633 40.30902020485942
39.0482998323243 47.74118607621149 40.30897159755186
39.04828261806104 47.74116675704952 40.30897678147683
39.04836884838158 47.741290772294484 40.30894806238339
39.04845734964479 47.741405851694665 40.308919819450615
39.048413976822175 47.74135564413806 40.30893303546826
39.04856104238269 47.74156323608513 40.30888445065831
39.04854554168229 47.74154496015702 40.30888920743232
39.04860820883792 47.74163465925602 40.3088683792991
39.048727391935586 47.741794931726055 40.30882980998622
39.04868331133752 47.74174203476577 40.30884343056484
39.04882788508249 47.74194721926724 40.308795556844764
39.0488196615876 47.741937231051324 40.308798109962574
39.04890022461872 47.74203518884282 40.30877308711773
39.04884532525841 47.7419735841588 40.308789618815325
39.048999267796596 47.742185328773466 40.30873932318127
39.04896803683089 47.74214703406364 40.30874905588125
39.04905432826095 47.742268630695676 40.30872056961434
39.04917370913097 47.742427167337404 40.308682138497865
39.04911830497032 47.74235870803747 40.308699457365584
39.04925962659105 47.742557417234096 40.30865284839759
39.04935091277997 47.74267234926555 40.3086240973937
39.04926808649716 47.74256930550165 40.30865005896383
39.04943834901851 47.74280529956383 40.308594249330426
39.04940536043512 47.74276399088633 40.308604616515936
39.04948870309963 47.7428818035803 40.3085770661837
39.049614295037834 47.74304817783253 40.30853667707589
39.049542936191514 47.74295840159227 40.30855914513725
39.07523023742299 47.898492524432015 40.2922749804688
39.07522027308549 47.89850168036031 40.292276544077566
39.075213900745354 47.898548809251075 40.29227553231661
39.075234054990794 47.898577093274206 40.29227008847228
39.07520704613451 47.89860001938859 40.29227441890921
39.075200021932986 47.89869295572859 40.29227130593452
39.075191341672976 47.89869975531576 40.29227272538609
39.07518574272129 47.898741216245526 40.29227183388902
39.07520341264153 47.898777027636186 40.2922665242596
39.075178450987124 47.898795158823376 40.29227067547073
39.07517065342941 47.898886480546395 40.29226779718546
39.07516321139937 47.89889136044394 40.29226906044477
39.07515721249108 47.898931084003436 40.29226833430287
39.075174057263865 47.89896904739946 40.29226308622074
39.064979267760705 48.03763292895013 40.28045790088921
39.064916473684185 48.03781401597411 40.280450906639736
39.06490690240528 48.03783547144978 40.28045096880241
39.06392620903811 48.34199577601737 40.278897155250434
39.16533620905825 48.50043551839867 40.26688958023526
39.06400578549105 48.34239165619198 40.27888956723953
39.28112379172325 48.721997343606105 40.24282659847099
39.16555169734324 48.50127767480615 40.266848629175186
39.28109946754856 48.72200367673806 40.24283262562442
39.281091344977696 48.722005506042805 40.242834577872195
39.28120064469306 48.721980909846856 40.24280831196744
39.281094118371385 48.722005067481795 40.242833950647096
39.28117538368146 48.72198746277497 40.24281456615165
39.28110439398951 48.722003422658275 40.24283162251928
39.25311165687868 48.77538311241226 40.25327610812593
39.25309004733674 48.77538383375897 40.25328114332187
39.253110804101205 48.775427131690805 40.25328048342391
39.27142745432855 48.77869213601055 40.25043905823977
39.253114231523384 48.77543415869641 40.25328036283046
39.27141303117413 48.77873953511188 40.250446057827325
39.271363343154576 48.77874479021698 40.25045731837499
39.27139876823065 48.77878545581513 40.25045290224596
39.271392719371704 48.778786012469055 40.25045426631123
39.2714952470556 48.778776417172466 40.250431132494484
39.27139692234202 48.77879138639844 40.2504537870314
39.271479844669315 48.778822318660524 40.25043822377542
39.27142258035565 48.77882688507839 40.2504510801203
39.271465688105046 48.77886680015155 40.250444927948706
39.271446153736264 48.77886811143222 40.25044929354371
39.27145847168494 48.77888983360075 40.250448374623815
39.271548138323936 48.7789042155057 40.25042999489801
39.271469508423564 48.778908742000446 40.25044750619169
39.2715351822156 48.77894762211481 40.250436349923
39.27148404083702 48.77894992693448 40.25044768738792
39.27152323007943 48.7789898675788 40.250442391621874
39.27149568214017 48.77899073131249 40.250448467962656
39.27151117845326 48.779030687737304 40.25044833909074
39.27150786731877 48.779030753031236 40.25044906630562
39.27160643609288 48.779028061808596 40.25042735713688
39.27150956045118 48.77903609466614 40.250449131602394
39.27159343656933 48.779068731942445 40.250433499067846
39.27152027078315 48.779069752189045 40.25044953389156
39.27158043500995 48.77910773752727 40.250439506063685
39.27153153048852 48.779107909786546 40.250450182398914
39.27156880333822 48.779145949590244 40.250445149854365
39.271539029036745 48.77914565436696 40.250451617335166
39.271558271588276 48.77918322150187 40.25045047737327
39.27154204254551 48.779182947130636 40.25045399336795
39.27154939364385 48.77922036452921 40.250455433841786
39.27153983671483 48.779220065010335 40.250457493114915
39.27164152339175 48.779222409328696 40.25043551371496
39.27154229181875 48.779257650217545 40.250460014677614
39.27153077731754 48.77925718464617 40.25046248724193
39.27163290434838 48.7792602412582 40.250440469765934
39.27153610143483 48.77929471910228 40.25046437916524
39.27151877833678 48.779293747865765 40.2504680770129
39.271530049295365 48.7793306788369 40.25046862330436
39.271506720543 48.779329051389624 40.250473577154494
39.27152469089541 48.77936620809988 40.250472681181506
39.206535716539456 48.87413698623944 40.24236282960069
39.206553155259385 48.87423459973121 40.24233355040172
39.206535510165565 48.874221630085074 40.24233539173014
39.20655384984259 48.87431955957069 40.24230613063472
39.206535127285605 48.87430448063507 40.242308510990156
39.20655315169667 48.87440178421883 40.242279410439025
39.2065346653545 48.87438567041988 40.242282157490216
39.20655186946225 48.8744817650731 40.24225333877703
39.206533775969525 48.87446463095839 40.24225646875059
39.20655099989084 48.874561435203105 40.242227422898324
39.20653153604665 48.87454140501559 40.2422313075328
39.20655072748297 48.87464111104071 40.24220158499494
39.20652845466411 48.8746157360206 40.24220682497157
39.2065512530625 48.8747217233164 40.24217555051207
39.2065235244961 48.874687670395446 40.242182871383456
39.20651789756867 48.87475743847787 40.24215952617082
39.17937336434735 49.01400016616458 40.1952143246358
39.17927043222278 49.01414562896785 40.19515610777531
39.17916960524594 49.01428816871476 40.19509906938054
39.179204138127005 49.014239308935856 40.19511861430605
39.17916751875258 49.01429106018436 40.19509790269048
39.17907443056012 49.01442284897177 40.1950451977579
39.17906911534753 49.0144301941918 40.195042230522084
39.178980454468146 49.014555862310814 40.19499199772869
39.17897204332863 49.01456745590934 40.19498730920526
39.178886574251756 49.01468876898984 40.19493884516519
39.178875407814566 49.014704100656715 40.19493263479368
39.17878113580204 49.014837427012765 40.19487929205745
39.17868861294621 49.014968294025415 40.19482693567523
39.17859564704309 49.01509988415792 40.19477430596575
39.178644971241 49.01503000093422 40.19480224488758
39.17859435388441 49.01510158057965 40.194773605304974
39.17850631057733 49.01522647822611 40.194723697819995
39.17850450060069 49.01522868457647 40.19472275654141
39.17841742665701 49.01535188329264 40.19467347446462
39.17833220330502 49.015472470036954 40.194625238288225
39.17824685700037 49.01559343935341 40.19457688360907
39.17831478391528 49.01549711990897 40.194615378420245
39.17824954021849 49.01558945321213 40.194578446741666
39.17816351630381 49.01571163727563 40.19452964851979
39.17817056440631 49.01570124570503 40.19453373593903
39.17809594322165 49.01580691045628 40.194491481909374
39.092603023317395 49.156008074585614 40.11911995036918
39.092605537540194 49.15600298136452 40.11912286606485
39.092603222839664 49.1560076729499 40.11912017765774
39.09254818059124 49.15611924264118 40.119056238464466
39.09255365176881 49.156108253353125 40.11906243229933
39.09249431739827 49.15622852840441 40.11899349869752
39.092506271982415 49.156204513138434 40.11900703799463
39.09246018514594 49.156298173863675 40.118953110740804
39.09241632239758 49.15638743800953 40.1189015878519
39.024974277779535 49.34013892100893 40.01098549102524
39.02499259023254 49.340067495782826 40.01103389501517
39.024976910099106 49.340128616517916 40.01099245014207
39.02492641993287 49.340325608286335 40.0108589909822
39.02493731358652 49.340282970603496 40.01088779052569
39.024898811165 49.34043307091302 40.010786022372216
39.02486147808638 49.340578621798876 40.01068734466329
39.024821235069126 49.34073557292514 40.01058097357996
39.02483368288726 49.34068698963723 40.01061387711785
39.024824511539116 49.34072274781924 40.01058963561652
39.02477163763412 49.34092916339489 40.01044987132352
39.024788710796344 49.3408623353981 40.01049500775892
39.024753700815246 49.34099884394412 40.01040246988417
39.024712001675134 49.34116155981324 40.01029224698623
39.02473652916627 49.341065799273665 40.01035708200278
39.0247196399038 49.34113165489002 40.01031244047468
39.02468712039706 49.341258461178285 40.010226485094215
38.81910823644693 49.57668308255815 39.91587369091851
38.81854729879415 49.57737432476041 39.91555235896754
38.818924568415284 49.57690172264977 39.91577460356963
38.81854249752321 49.57735608661412 39.91556884322535
38.627018450829645 49.83106928532078 39.776065145357414
38.62670466755116 49.83132242360328 39.775979836714505
38.62638518787688 49.83158016564455 39.775892890589915
38.62654227870261 49.831453417402166 39.7759357958644
38.626364040148864 49.83159719742318 39.77588744813084
38.62603858767126 49.83185973491495 39.7757991238823
38.625690494978286 49.83214053385304 39.77570467741091
38.62578842446494 49.832061523293376 39.77573138645457
38.62568417406754 49.83214561409181 39.77570316232193
38.62534266570675 49.83242108728588 39.77561065524268
38.46844707558597 49.96639470168698 39.708958760077046
38.62515698162941 49.83257086527421 39.77556037475691
38.46844628259007 49.966395114822454 39.70895942655547
38.46844176847087 49.966398362506794 39.70896145922809
38.46844027426718 49.966399433636845 39.708962139674455
38.46843736802993 49.966401535143966 39.70896342746491
38.468433317140445 49.96640449102678 39.70896517002597
38.468432870543374 49.96640481343576 39.708965368953685
38.46842917239647 49.96640749724214 39.70896698864435
38.46842458898068 49.966410864263494 39.70896891592943
38.468426129386145 49.966409703844505 39.708968324863484
38.46842506238161 49.96641047663796 39.708968795229126
38.46842135318701 49.96641320670622 39.70897034457519
38.46842006384932 49.96641414404269 39.70897090604153
38.4684174091612 49.96641607304168 39.708972063912604
38.46841307235421 49.966419275698975 39.708973854480035
38.468414423151664 49.96641824067265 39.7089733704586
38.46841351563306 49.96641890353048 39.70897375955994
38.46841010855479 49.96642142944148 39.70897514691519
38.46840940457442 49.96642194953256 39.70897543715229
38.4684066688648 49.96642396969801 39.70897656687793
38.46840471897502 49.96642539266122 39.70897740535577
38.25754596236245 50.16763039236115 39.62195827363561
38.257001979716094 50.16817496106218 39.621668324160666
38.25711452490844 50.16806233378712 39.621728169780354
38.257016957648126 50.16816001599828 39.62167612946769
38.25649493749375 50.16868267528163 39.62139760736345
38.256469179556504 50.16870846471649 39.62138386444336
38.25596430188909 50.16921395098714 39.621114523321566
38.255869055612294 50.1693093127514 39.62106370908284
38.25542247070048 50.16975642585729 39.62082550271996
38.25531017459673 50.16986886066138 39.62076558310488
38.25486091078308 50.17031862322591 39.620526066360945
38.08396055523283 50.36798112362439 39.4848576315681
38.08403395186008 50.367899581446764 39.48491487429018
38.0839996422825 50.36793724990688 39.48488898088604
38.25479599425676 50.17038361760976 39.62049143626208
38.083674425949575 50.36829456499924 39.48464303872831
38.083531583425525 50.368451194770856 39.484535615164226
38.083308121424345 50.3686976783962 39.484364762118496
38.08309321338339 50.3689332644803 39.484203267564155
38.0828628670853 50.36919099381217 39.48402011210409
38.08281273463335 50.36924592167246 39.483982494057166
38.08250535243112 50.36958527013546 39.48374690168312
38.08245774174921 50.36963823315956 39.483709637616464
38.08216259522119 50.36996882435436 39.483474266874516
38.08236337090851 50.36974518012045 39.48363198405744
38.08225076489774 50.3698685615377 39.4835474796183
37.73321584440245 46.58636805539472 40.10917659942756
37.73346728020068 46.58682232702435 40.10931756996417
37.733352926853335 46.58670629054809 40.10929359385084
37.733100552654996 46.58601562215621 40.10904808212202
37.839083078858295 46.81674671998573 40.23024647907637
37.98755803890803 47.17446822647399 40.31394667106301
37.987670986948864 47.17451158070706 40.3140083419767
37.98788386107582 47.1746223848131 40.31414927502582
37.98779172701238 47.174591392434316 40.314102681172756
37.98797928584334 47.17467328467316 40.31421349505481
37.98824603827673 47.17479142760332 40.31437251871169
37.98822445051703 47.17478401421963 40.314361472667265
37.98844014993592 47.17485751369781 40.314471355308406
38.03374388465803 47.15276930426259 40.31601467593957
37.988258530197896 47.17479846244389 40.31438124117016
37.988524087185425 47.17490536581576 40.314530459090506
38.03382571573176 47.15289613947705 40.31612408720548
38.033989801335714 47.152982735273426 40.31622199870256
38.0341401881846 47.15304052150406 40.316296106895265
38.034031481687094 47.153004633376 40.31624679836473
38.03428950386813 47.153088471180034 40.31636286131808
38.034444536782544 47.15313717453785 40.316431387902085
38.03415853316131 47.15307098085951 40.316322101630725
38.03433429163241 47.15316686941734 40.316429247070886
38.03451506635334 47.153266385791454 40.31654009587402
38.09370129062209 47.21690089492009 40.34796038824184
38.0936455575326 47.216904377550264 40.34795262332052
38.09384311660173 47.21689170163679 40.34797933895717
38.09399088434114 47.21688181958595 40.34799834137135
38.09370205205459 47.21690187362659 40.34796300323036
38.0938436191164 47.21689541793811 40.347988570758815
38.09398880273251 47.2168887091736 40.34801457594213
38.09413847900104 47.21687915290015 40.348034932214816
38.094000273688295 47.216888216122605 40.34801672108364
38.09429448702055 47.21686844437298 40.34805432103863
38.09413619510343 47.21688234278756 40.348042063258525
38.0942869555472 47.21687546599135 40.34806928656273
38.094445701833195 47.21686509439625 40.34809029886669
38.094305161324776 47.216874680253234 40.34807268331807
38.09460987834826 47.21685329362674 40.34810940343037
38.09444074286281 47.216868362934214 40.348096840838764
38.09459681601486 47.21686074201203 40.348123796774885
38.09476418754086 47.2168492697474 40.34814463762463
38.09460728482992 47.21686027202129 40.3481257055819
38.09493679901467 47.21683667081364 40.34816425467319
38.094754907790346 47.216853462377316 40.34815217664278
38.09491792338403 47.21684472644297 40.34817843454483
38.094871036756786 47.21684803470271 40.34817282725412
38.09509459728352 47.216831958637684 40.34819882532969
38.09491441709934 47.21684601372455 40.34818055735998
38.09507553892895 47.21683813937558 40.34820836839276
38.09525213466203 47.216826809579146 40.348232251763065
38.095118628964656 47.21683626246611 40.34821636590118
38.095437744946736 47.216813046605964 40.34825281988775
38.09523708427204 47.21683117291221 40.34823852258185
38.095410285169024 47.21682120847916 40.3482647522016
38.0953236095594 47.21682742543071 40.34825463392326
38.09559802213353 47.216807056890005 40.348284991467104
38.095399004916814 47.21682403848529 40.34826837577958
38.09556686014862 47.216815023283814 40.34829536455099
38.09552473835479 47.21681812510995 40.34829064433232
38.09575506590593 47.21680056095825 40.348314981103826
38.095560837043514 47.216816405657795 40.34829698471178
38.095721011787546 47.216807965270974 40.34832313535692
38.09591009267449 47.21679353445705 40.34834308455516
38.09572946013902 47.21680750665363 40.34832448182414
38.095879502920084 47.21679932094554 40.3483482956904
38.096062147322385 47.21678610316163 40.34836933032286
38.09592378227331 47.2167968906917 40.348355287849806
38.096256479347744 47.21677034563122 40.34838756994438
38.09603487322224 47.21679052643788 40.3483721773397
38.09620886274206 47.21677815110348 40.348392743512846
38.096111318956495 47.216785836891205 40.348383041600094
38.096407242060266 47.216762232982454 40.34841177269445
38.09618681216519 47.21678124451486 40.348393865190346
38.09635244966755 47.21676985109056 40.34841439229712
38.096283139877016 47.21677530269322 40.348407475280595
38.09655020582018 47.216753704660405 40.34843268132846
38.09633405755638 47.21677198138497 40.348414228075384
38.35979061689545 47.34731116093369 40.37036312027962
38.35947693019792 47.347201780808604 40.37036941493623
38.36156520309753 47.34793326745447 40.37032580696494
38.35989622944902 47.34735758510127 40.370356080095384
38.362204270728846 47.348214066256546 40.3702832661377
38.36201399795355 47.348147495864474 40.37028719900059
38.59952584908362 47.368237988306205 40.33021071159136
38.362269324509626 47.34824302124748 40.370278745423796
38.600003486978125 47.36850064681799 40.33019875872008
38.59991714171062 47.3684604911855 40.33020864930358
38.600886133398795 47.368910572157674 40.33009706643104
38.60005505478604 47.36852879008769 40.33019724198158
38.601340859813135 47.36916206355062 40.33008719789557
38.60115565498666 47.36907548871258 40.3301079444288
38.60226870504965 47.36959505570165 40.32998248755311
38.6014570316655 47.36922595679819 40.33008430022012
38.602702627937866 47.369836652361585 40.32997477002922
38.60232542035283 47.369659473822225 40.33001612661868
38.60292073390423 47.369957114802574 40.329969864231735
38.60409795804021 47.37052877720666 40.32986053156438
38.603468567209156 47.370231415751334 40.32992771235986
38.73384638251161 47.53541905354918 40.35294503721673
38.73536219378631 47.53632817827551 40.35277661362222
38.73408260311707 47.53557025743959 40.3529170968532
38.73616784225896 47.536893596921786 40.352672481944325
38.735845004010834 47.536701705570046 40.35270804457728
38.736403423790435 47.537060417734764 40.35264176851991
38.738414868274035 47.53832131421522 40.352408585234755
38.73767776712769 47.53788031060702 40.3524902932652
38.73890387988324 47.53867151753765 40.35234413414952
38.74068055094219 47.53976700706687 40.352141409333626
38.7394659788821 47.5390348672786 40.352277017188364
38.74137048455198 47.54025980706443 40.35205070676533
38.74106942562164 47.540077488113795 40.352084469824476
39.048150698095604 47.740977662553234 40.30902065381906
38.741569410242256 47.54040270011234 40.352024411589795
39.048255197073665 47.74113610089043 40.308985027171865
39.04823306641093 47.741111691651234 40.30899164844803
39.04835542095521 47.7412880510014 40.30895085867689
39.04835281612002 47.741285096085846 40.30895164628914
39.04840413229736 47.74134427082659 40.30893603289218
39.04836690264905 47.741305416153196 40.3089469485934
39.048504642127945 47.74149666300356 40.30890176604869
39.04847772830578 47.741465079080406 40.30891001022019
39.0486030246053 47.741645614761396 40.30886824619556
39.048600842485335 47.74164300711789 40.30886891935223
39.04866306005152 47.74171771381773 40.30884969001117
39.048609456914974 47.74165531879454 40.3088660581337
39.0487613455156 47.741866412471985 40.308816213941064
39.04873422260458 47.74183350219694 40.30882463134903
39.04882563594631 47.74196336484176 40.30879434834142
39.048926071954746 47.74209558372611 40.3087621330451
39.048873200228236 47.74203077287429 40.308778607843074
39.04902023692301 47.742237625679685 40.308730103113554
39.049015194884774 47.742231398726936 40.30873167889204
39.04909428216642 47.742329036184465 40.30870696552183
39.04902822871169 47.742249653251065 40.30872738751249
39.049185074688346 47.74246614648915 40.30867606701341
39.04916501608699 47.742441202315106 40.30868235322865
39.04926467136282 47.74256505959166 40.308651129137125
39.04921483245168 47.74251101346144 40.30866594709528
39.04935137184229 47.742696340183535 40.308621587891025
39.04930938037045 47.74264370640968 40.308634789586804
39.00608426184073 47.81233248746625 40.313950160190636
39.04952071629398 47.742930413499614 40.30856614466656
39.006099836923816 47.812421641236305 40.31394057207256
39.00617588265365 47.812844648290266 40.313894445199566
39.00616775758446 47.81281473506385 40.31389851876496
39.07517395635391 47.898593933277816 40.292281389995175
39.07519641660285 47.89860896978078 40.29227612671037
39.075168544473115 47.898632445389424 40.292280604492795
39.0751642775685 47.89872057104297 40.29227716982925
39.07515309782006 47.89872905904402 40.29227901115043
39.07514530588961 47.89878597927593 40.29227780849157
39.07516742221083 47.89880284902608 40.29227252522522
39.0751406619906 47.89882137133966 40.29227702015594
39.07513643949291 47.89890827913941 40.29227363589456
39.07512539095448 47.898915168307106 40.29227552867841
39.075118262815565 47.89896948162737 40.29227431919146
39.075139439477404 47.898989587713565 40.292269067718955
39.07511378549161 47.89900337759671 40.292273570177535
39.06488060235357 48.03789470977865 40.28045108770806
39.0648696152845 48.03791949156013 40.280451131054775
39.06389759180185 48.34186896248107 40.27889801409239
39.06399862170954 48.34235884482891 40.27888991040385
39.063967586244004 48.34221688099725 40.278891374964104
39.165458424858414 48.50107816922813 40.266869088872795
39.16539531068054 48.50094292114035 40.266882929085156
39.281004454497506 48.72202504197281 40.24285545491071
39.281005744260575 48.722024821054646 40.24285515963147
39.2810745283982 48.72201014714868 40.242838800327924
39.253020942638656 48.775338211516555 40.25329269477157
39.25305357565869 48.775385630937606 40.253289696554305
39.25303972462465 48.77538632085677 40.25329294556089
39.25305337334829 48.77541804048451 40.253292820093776
39.25311060647326 48.77543419631169 40.25328119957864
39.25306060502509 48.77543469351646 40.25329273905351
39.25310971568369 48.77548393221781 40.253286126363705
39.25308050855473 48.775483208466085 40.25329277057821
39.25310914753902 48.775532036422696 40.25329082407481
39.2531014967647 48.775531614873586 40.253292542496126
39.253108966484874 48.775547288644205 40.25329231377083
39.271385055898456 48.7788297933303 40.25045949785664
39.27132012000649 48.77883467029524 40.250474052041376
39.27137306923056 48.778872840405995 40.2504656122799
39.27134157339504 48.7788747880501 40.25047263750928
39.27136254540635 48.77891056757859 40.25047097509752
39.27145219955578 48.77890968825153 40.250451356887496
39.271364776036755 48.77891417038185 40.25047078178675
39.27144081024542 48.778951740320636 40.250457260148266
39.2713809506949 48.77895390121509 40.25047048667228
39.27142981334434 48.77899240954798 40.25046296538716
39.2713954053935 48.778993132166846 40.25047052589334
39.2714193468157 48.77903189306686 40.25046845855795
39.27140781043271 48.779031973970376 40.25047098033819
39.27141386649419 48.77905305750735 40.250471374715254
39.271499345811996 48.77906989924435 40.250454107982996
39.271418942880814 48.779070088422856 40.25047165308157
39.2714885454363 48.779108077714426 40.25045956779963
39.27142648710314 48.77910781595985 40.25047307667366
39.27147905507401 48.779145707208414 40.250464697354204
39.271430649743294 48.779145166567744 40.25047520687353
39.271470469651945 48.779182507608795 40.250469562179916
39.27143097126525 48.779182038840005 40.250478135623304
39.2714630796834 48.77921909803945 40.25047414929192
39.271428791273514 48.77921833458341 40.250481562871826
39.27145667995146 48.77925532623392 40.25047849104833
39.27142268438206 48.77925412216025 40.25048580494642
39.27145053130436 48.77929062350048 40.250482702349345
39.27141672912485 48.77928882428482 40.2504899256806
39.27144419910806 48.779324195954025 40.25048681338804
39.2714142143396 48.77932167458388 40.250493145701384
39.20650574544797 48.874116596175796 40.24236542625684
39.20649181268861 48.87410722345404 40.2423665990229
39.206505490170855 48.87419874520543 40.24233878974759
39.20649489406226 48.87419074162389 40.24233996515828
39.20650344556632 48.874276994983376 40.242313176754436
39.206498137063946 48.87427244930403 40.242313939191035
39.206500770908576 48.87435270655632 40.24228830149019
39.20650015649571 48.874352126384174 40.24228840723845
39.20650035043005 48.874365188587014 40.24228420321831
39.20650104321308 48.87442943217431 40.242263491771205
39.206499336740535 48.87450439103366 40.24223898967739
39.20649790220813 48.874579115896 40.2422145997096
39.20649775708231 48.87454086047781 40.24222696859314
39.206496068238884 48.87457695519103 40.24221505426339
39.20649907936613 48.87465687893133 40.24218957499585
39.206491388655444 48.874647305088715 40.24219164727374
39.20650040719117 48.87473482296471 40.242164511809214
39.20648548196481 48.87471559818066 40.242168742312145
39.17936332461253 49.0140141309101 40.19520869867678
39.17934389743095 49.014041155726744 40.1951978116656
39.17926632942622 49.014151325783416 40.195153811029435
39.179245130256106 49.01418076823005 40.195141942097294
39.179147864814404 49.01431827751832 40.195086917426536
39.179053721387916 49.01445142426461 40.19503364692262
39.17895998177259 49.01458399342471 40.194980606431635
39.17886653412418 49.01471618214257 40.1949277235313
39.17889483344838 49.01467611067537 40.19494374775092
39.1788655605494 49.014717508230554 40.19492718455952
39.17877645524399 49.01484374970147 40.19487671323302
39.178772542150945 49.014849049194 40.19487455408335
39.17868694891749 49.01497053265739 40.19482602101195
39.17868095409768 49.01497857882127 40.19482273024048
39.17859083174981 49.01510604839386 40.194771732736505
39.17850196068169 49.01523177820758 40.19472143624579
39.17851270809112 49.01521654638317 40.19472752506
39.178501835139684 49.015231926642684 40.19472137203621
39.1784171988844 49.01535192305052 40.194673411792394
39.1784170513869 49.01535189378055 40.194673384107986
39.17833244980103 49.01547207211396 40.19462538932729
39.17833523627741 49.01546768291463 40.194627071153214
39.17825635104257 49.015579349941675 40.19458241098483
39.17817905065473 49.015688832014746 40.1945386343472
39.17819709518261 49.01566323772818 40.19454886208104
39.17817997448929 49.015687478018776 40.194539168212366
39.178101330454666 49.01579908342521 40.19449457898759
39.17810786725414 49.01578959859937 40.19449833403663
39.09261508070681 49.155983983892284 40.11913339558662
39.09256691422712 49.15608174271011 40.11907724091276
39.09252088590365 49.15617528640995 40.11902337909359
39.092471801958986 49.15627492598723 40.11896612481702
39.092503229309656 49.15621116873654 40.11900271963471
39.09247604008283 49.15626644932108 40.11897086502342
39.092421329418784 49.156377408199404 40.11890721257133
39.09243344819004 49.156353160203096 40.11892078189576
39.02499172060607 49.340070633640025 40.011031605174246
39.02495295348393 49.34022174660515 40.01092913804016
39.02491490829789 49.34037005382504 40.01082857879981
39.02486976894622 49.34054616326691 40.01070926348512
39.02491020022959 49.34038840734385 40.01081613463543
39.0248777888525 49.34051475989287 40.010730466172234
39.02484145394068 49.340656413956594 40.01063442697059
39.024806113125024 49.340794198127014 40.010541015134535
39.02476058455943 49.340971889339706 40.010420668836886
39.024798856105974 49.34082249127606 40.01052183358816
39.02477141424869 49.34092948246354 40.010449299953535
39.02473819983669 49.34105898582098 40.010361508240194
39.02470473621966 49.341189488507865 40.01027305687611
39.02470932255869 49.34117158198286 40.01028518024307
39.02470615176668 49.34118394535926 40.010276799250235
38.819107840784454 49.57667138771747 39.91588316523939
38.81910508339725 49.57663359846094 39.91591438342688
38.81856031031532 49.577283400115036 39.915619448685156
38.62696511531206 49.83111226002701 39.77605120761783
38.62667906487105 49.83134305188212 39.77597315573836
38.62691050113278 49.831156317041255 39.77603637952819
38.62664266177226 49.83137238326725 39.775963644387986
38.62632514846354 49.83162852127498 39.7758774221429
38.62600244117773 49.831888848667624 39.77578979582725
38.626070982131075 49.8318335473776 39.77580850783782
38.62599227902901 49.831897034035286 39.77578716920131
38.625667049538905 49.832159384951815 39.77569897702846
38.62533009574395 49.8324311942571 39.775607596882885
38.62540578113422 49.83237013093782 39.77562823415746
38.625324129307955 49.832435993318484 39.77560612698753
38.46844500788332 49.96639579971515 39.70896045701029
38.46844117119546 49.966398680918616 39.70896194697339
38.4684423448627 49.966397709533965 39.708961668123905
38.468440529098814 49.96639901781907 39.70896248194772
38.46843671493566 49.966401826692405 39.70896407210159
38.4684331999781 49.96640454264501 39.70896528701637
38.468434881083255 49.966403164025195 39.708964862550026
38.46843274770463 49.966404724019185 39.70896577378347
38.46842909574723 49.96640742301197 39.70896727749328
38.4684281800923 49.9664080889832 39.7089676756454
38.468425308759805 49.96641019843467 39.708968882733764
38.46842150904877 49.96641301509804 39.70897043062563
38.468422112384 49.96641254502087 39.708970229734234
38.468421588308956 49.966412928471385 39.70897045313059
38.46841768683476 49.96641576243192 39.7089721567695
38.468416462354185 49.96641665185453 39.70897269149324
38.468413892910604 49.966418526041025 39.70897379816833
38.468410208652976 49.96642130239938 39.70897521001612
38.46841133309377 49.96642040787989 39.7089748718496
38.46841037690188 49.966421113021426 39.708975268584794
38.46840697392585 49.966423625661854 39.70897667437895
38.46840665642993 49.966423856828584 39.70897681195019
38.25757394969159 50.167602510806816 39.62197269717711
38.25737802584371 50.16779865361558 39.62186823868788
38.25704495844271 50.16813209730287 39.62169064618719
38.25649777678407 50.16867984112245 39.621399090972076
38.25674997072086 50.168427430585226 39.62153331319263
38.25651833363512 50.16865933348524 39.62140978865457
38.25596824434136 50.16921001312558 39.621116592573664
38.256165904716624 50.16901215790702 39.62122188219368
38.25597993420236 50.169198344853314 39.6211226991707
38.25542821289505 50.16975068485527 39.620828536560865
38.25560902023213 50.16956969405041 39.62092486794976
38.25544198440632 50.16973692735188 39.6208357721059
38.254869243881544 50.17031029201188 39.620530468525374
38.255074257855696 50.17010510459849 39.620639571112235
38.254904148242844 50.17027541155759 39.62054884940859
38.25457015543269 50.17060981785926 39.62037063204784
38.084068149809674 50.36785925123557 39.484946049671
38.08384746072807 50.368102564492254 39.48477753215175
38.083653934010485 50.368315399770935 39.48463077920171
38.08343775610322 50.368555048836065 39.48446318268494
38.083291124212366 50.368716353135916 39.48435190829549
38.083008061258035 50.36903088133056 39.48413104664615
38.08298707944022 50.36905410955174 39.48411484106984
38.08255557389861 50.36953079043677 39.483783534807735
38.08272514525566 50.36934649796994 39.483907887182156
38.08249783092533 50.36959652816144 39.483735442953304
38.08266703819321 50.36941260169414 39.483859585565284
37.733433585713954 46.586907229349364 40.10936328493321
37.83911242012268 46.816744533983524 40.23025159169782
37.839891310590424 46.81805916482875 40.23074142569335
37.987666583580506 47.17450804931507 40.31400437448066
37.839816610623316 46.8179896437313 40.23070903888494
37.98782516758288 47.17460362833505 40.31412043068979
37.98782207912618 47.17460259234333 40.31411887127586
37.98783746655011 47.17460922723014 40.31412789153062
37.98810154031323 47.17474123403548 40.314298096238595
37.98807161728253 47.17473067936245 40.314282548403455
37.988130739875714 47.17475682492019 40.314317760658966
37.98840218345445 47.1748764449147 40.31447907099592
37.98863486801588 47.17496720878527 40.31460735023151
37.988550391324935 47.17493791889017 40.314563887376096
38.03385942060544 47.152946747345936 40.31616796888487
38.033996362656076 47.152992968964575 40.31623081770323
37.98866811040985 47.17498578990386 40.31463044333253
37.988931357927086 47.17508795898664 40.31477513338843
38.03407452616503 47.153112842570025 40.3163344004313
38.03423991454814 47.15320562307857 40.316437070573656
38.03421665234746 47.153197728982725 40.31642636374701
38.034385949071975 47.15325485401212 40.31650404914095
38.0345358717574 47.15330356683475 40.31657148646259
38.03424556954874 47.15321492144429 40.31644501777493
38.03441855167868 47.153310587641606 40.316551406662526
38.09357464910022 47.216912464684846 40.34795168229888
38.093707884860976 47.216906361681346 40.347975678581875
38.09366741193279 47.216908706361636 40.34796958901896
38.0938450701213 47.21689801205375 40.34799533625659
38.09398876775438 47.21688894513842 40.34801514257505
38.09370885317725 47.21690700556037 40.347977535464466
38.093846875453835 47.21690091771603 40.34800296686752
38.0939876370839 47.21689491591513 40.348029408735314
38.09397675062614 47.21689556796897 40.348027823020914
38.094133809663965 47.21688578993678 40.34804979355654
38.09428644482013 47.216875904674765 40.3480702098117
38.093987639793475 47.21689510478672 40.348029871250155
38.09413160647621 47.21688878567046 40.34805647353794
38.09427852310144 47.21688226671025 40.34808344890779
38.09425434108434 47.21688378070582 40.348080086921314
38.0944345203277 47.21687195394853 40.34810380208383
38.094596261819134 47.216861026003585 40.34812432916119
38.094277829677225 47.21688277545083 40.348084490058625
38.094427734978396 47.21687571388615 40.34811101189726
38.094581769523124 47.21686768660836 40.34813637899632
38.09453439624641 47.21687080314231 40.34813016086256
38.09474667754634 47.21685652674939 40.348157264018
38.09457930016091 47.21686864974838 40.3481380122692
38.09473306163678 47.21686116474419 40.34816462527412
38.094895816567494 47.21685156533777 40.348188696160946
38.09480069060807 47.216857937409884 40.348176488890786
38.09507015510517 47.21683951238819 40.34821015239176
38.0948877796364 47.216853667292796 40.3481914872347
38.09504474427893 47.21684618244326 40.3482190362092
38.09503472164973 47.216846838862956 40.3482177134776
38.09522369804509 47.2168341274935 40.34824183558142
38.09504361272294 47.21684641102114 40.34821926449159
38.095199632389324 47.21683897665039 40.348246660856894
38.0953763679542 47.21682825901331 40.34827208158005
38.09524529576363 47.21683694124018 40.34825502251699
38.09535553456859 47.216831795184476 40.348274641167876
38.09552864779073 47.216821892324575 40.34830099570355
38.09543341209869 47.21682823237038 40.34828867808946
38.095719148247866 47.21680825384217 40.34832329650129
38.095511037966325 47.21682465536418 40.348302606810066
38.09567770837529 47.21681502588716 40.34832774783083
38.09561123868492 47.21681965818662 40.34831965745731
38.09586820731785 47.21680098071258 40.3483490539695
38.09566478675994 47.21681680607178 40.348328325556515
38.095823934303766 47.21680762764451 40.34835237192911
38.09578968407274 47.216810070678115 40.348348340350704
38.09601383293964 47.21679329900082 40.34837280974779
38.095816567593474 47.216808559558 40.348352498430714
38.095965004250715 47.21679923508186 40.34837305929505
38.09615505301953 47.21678516088495 40.34839416299633
38.09597737905946 47.21679845391969 40.348374764108335
38.096109911261635 47.216790110174855 40.34839307708372
38.096291183593195 47.21677669085176 40.34841321826613
38.096144193343314 47.21678790998337 40.34839771162713
38.09624990570174 47.21678100391386 40.3484117055753
38.36044911821492 47.347599124193565 40.370319990511135
38.359339774739304 47.34721116701962 40.37034283467008
38.36084636844932 47.34777232983299 40.37029423451184
38.36282069450298 47.34848676909919 40.370241282352616
38.361751570034976 47.34811049381044 40.370264520293
38.363184779645394 47.34864743364612 40.37021669261713
38.600468880629386 47.36875462617936 40.33018505927573
38.36408653989207 47.34898624775834 40.37018609889671
38.60076812264186 47.36891724289993 40.33017552413783
38.601783844401794 47.36940519885232 40.330075619562066
38.60117359648308 47.36911854025273 40.33014250693991
38.60213482622301 47.369596394327225 40.330064923040496
38.60312078347273 47.37006721636706 40.32996495509389
38.602350900764606 47.36970379420768 40.330047465263256
38.60352293271451 47.37028758792587 40.32995407379747
38.60345916250668 47.37025732087336 40.32996073474921
38.733954256585335 47.53549404413384 40.352931221793895
38.60355839043668 47.370306915876796 40.329953006424276
38.73476897731167 47.53606085806795 40.35282680125326
38.734352228747326 47.53581265780624 40.35287279573356
38.73510531905937 47.536295829667175 40.352783520223454
38.736931014068745 47.53743319076685 40.3525731319253
38.7361154198896 47.53694492925669 40.35266359355283
38.73751593211442 47.53784681128385 40.35249697649382
38.739125742799935 47.53883008458185 40.352314949616314
38.737868979543435 47.53807462647288 40.352454892312835
38.73982633000685 47.53932666596528 40.35222352693174
38.73942622662716 47.53908524368339 40.35226824166837
38.740135959272806 47.53954683239076 40.35218299782273
38.74202138829301 47.540728129049754 40.35196453094244
38.74096782535434 47.540088891138325 40.352082900367904
39.048315881800875 47.741243578249765 40.30896277553658
39.048308859155064 47.741235697087134 40.30896489032608
39.048352156760366 47.74129838896934 40.308950427403204
39.048455046005785 47.7414386183153 40.30891694230611
39.048424290785135 47.74140288344658 40.30892632710304
39.04855131209369 47.74158406757733 40.308884173654846
39.04854122663168 47.74157211192271 40.30888727514417
39.048588638556424 47.741640252839666 40.308871489227705
39.04870096865541 47.74179322573961 40.30883494410168
39.04866500502852 47.741749736488835 40.30884609020204
39.04879601717754 47.741936202054475 40.30880265387639
39.0487921090253 47.741931415713864 40.30880387121757
39.04885825594839 47.74201245816248 40.30878326404928
39.048804771386266 47.74194931419074 40.30879968555633
39.04895167820873 47.742152875811506 40.308751537653755
39.04892985061887 47.74212587842701 40.30875836344459
39.04899245578426 47.742213987155594 40.308737707593735
39.04911083839897 47.74237377528974 40.3086993375188
39.00593245340279 47.81153568238362 40.3140395778269
39.00598242952254 47.81181529996284 40.31400917311517
39.006018928567244 47.81198456072531 40.313988922698904
39.00600396087977 47.81193651002219 40.31399603228322
39.00607500572434 47.812335666162696 40.31395271690916
39.006072512590784 47.8123270686862 40.313953934349385
39.006096613474284 47.81241046971774 40.3139421492473
39.00608512604473 47.81239922654464 40.313946171843185
39.00615104636326 47.812753482079685 40.31390688190538
39.00613944794493 47.81271103132643 40.31391268288033
39.00619940918584 47.81305900697152 40.31387550468679
39.07516133125855 47.89863858359713 40.29228176026716
39.0062039479642 47.813085344330275 40.31387269062848
39.075131037089804 47.89874617109038 40.292282626898505
39.07511487322002 47.89875874349967 40.29228527447431
39.075102084692595 47.89884913351085 40.29228344831549
39.075100949281676 47.898849925404164 40.29228363873827
39.07513364185304 47.89882639056767 40.29227819152545
39.07509997920293 47.89885661598815 40.29228350830458
39.075104371344075 47.89892866346206 40.29227911071599
39.07508806482975 47.89893895590293 40.29228189819203
39.02766559889719 48.027809657333655 40.28845874294582
39.075107098355566 47.89900719542839 40.29227473293549
39.027664382757834 48.02782620654049 40.288457367750695
39.064846988676976 48.03797061855344 40.280451203478826
39.027645671023855 48.02808085026845 40.28843619105245
39.063892192193066 48.34185789258337 40.27889663020504
39.063960895096706 48.34218631787931 40.27889168544865
39.06392948109506 48.342043031459106 40.27889311870497
39.064125805615795 48.343012468435745 40.278875269426536
39.064110052511836 48.342939708837534 40.278876097102085
39.165516459968636 48.50148408936583 40.266861027880125
39.28100247502047 48.72202555849336 40.24285594563486
39.165577517728764 48.50167827712358 40.26684868827857
39.25299945581281 48.77533996900556 40.25329780013645
39.25297226103589 48.77534211856218 40.25330425463338
39.253000057778586 48.77538799538767 40.25330222152218
39.25298977682652 48.77538842733097 40.253304625492845
39.2530004666958 48.7754147456197 40.25330466726885
39.253053366142694 48.77543474704282 40.25329440791092
39.25300881971403 48.77543498691787 40.25330466917957
39.25305374043749 48.77548248623442 40.2532988543577
39.25302613379491 48.775481683584104 40.25330512322765
39.253054531523 48.77552897048842 40.25330308586304
39.25304269774744 48.77552826626354 40.253305738862096
39.253054931312214 48.77555593200964 40.25330555376797
39.25310887286649 48.77557863262189 40.25329531116095
39.25306334987998 48.77557484610874 40.25330541460537
39.25310923659747 48.77562410126666 40.253299544464504
39.253081174812515 48.77562113128244 40.25330571217188
39.271276758107085 48.77891875554651 40.250490344661245
39.25309800371358 48.77566689742113 40.25330618938654
39.27136152370723 48.77891434664909 40.25047150520632
39.2712712387777 48.77894211946632 40.25049344820845
39.27135146758218 48.77895498069839 40.25047700247305
39.27128013316207 48.77895741164072 40.250492752749196
39.2713419217377 48.778994290433346 40.25048228077926
39.27129704340595 48.778995161776706 40.25049213616833
39.271332951238335 48.77903248624196 40.250487343050374
39.27131158598387 48.77903259033045 40.2504920096393
39.271324623802585 48.77906949642129 40.250492168690535
39.27132366170807 48.77906949370973 40.250492378229026
39.271409459668426 48.77907005118571 40.250473717614334
39.271324232356136 48.779071287181225 40.25049239967881
39.27140057608954 48.77910738967748 40.25047869120855
39.27133469196131 48.77910569469192 40.25049291762932
39.271392510007296 48.77914400940179 40.250483428111565
39.27133852235764 48.77914207255171 40.250495041151765
39.27138558412766 48.77918027452286 40.2504878875837
39.27133866467691 48.77917799175989 40.25049793145849
39.27137916117603 48.77921579977365 40.25049217723162
39.2713383627305 48.77921306971001 40.25050085020534
39.27137317204283 48.77925036182988 40.250496293959685
39.27133723316352 48.77924717124464 40.25050386998018
39.2713673136446 48.77928366723097 40.25050027997979
39.271336903984945 48.77928011795468 40.25050662132895
39.2064593850705 48.87400431660615 40.242395588788256
39.20644749456629 48.873997067055356 40.24239634699703
39.206458235700005 48.874083866855244 40.24236967432957
39.20645332221203 48.87408052480261 40.24237009979687
39.20645687886454 48.87413345531446 40.24235343468917
39.20645873924462 48.874162504374176 40.242344276388316
39.20646290559855 48.874242299835146 40.24231899308223
39.20646628127297 48.87432025406892 40.24229420033107
39.20649817641161 48.87442657359574 40.242264034257936
39.206466785381714 48.874395558766295 40.2422698817355
39.20649762291641 48.874502600348634 40.242239340467265
39.20646590862703 48.8744688679816 40.242246024756696
39.20646270358286 48.87453976058249 40.242222639126595
39.206458254979495 48.874608579216755 40.24219975888263
39.20645427290411 48.87467731734198 40.24217696707135
39.20645394362534 48.87466133442021 40.24218209881859
39.20645278137169 48.874675464408554 40.2421773677332
39.179318478891545 49.01407653687559 40.19518356196663
39.17931081691635 49.01408720464906 40.195179266000224
39.17922602002868 49.01420734061611 40.19513123540898
39.17921425664595 49.014223701716304 40.195124643840096
39.17913480280572 49.01433641577871 40.195079604985025
39.17912040837657 49.01435640703672 40.19507154597325
39.179045074815654 49.01446341133705 40.19502881099461
39.1790286533561 49.01448618579474 40.195019624607234
39.17895613715305 49.0145893135277 40.19497845848746
39.17893924884 49.01461266772429 40.19496902681632
39.17884921834659 49.014740015781385 40.19491807931945
39.178760192003416 49.014865945702276 40.19486769953906
39.178674274881615 49.01498760720083 40.19481904885998
39.17873555748382 49.01490079015694 40.194853759318995
39.17867229680555 49.01499028147316 40.1948179584916
39.17858899844788 49.0151084344631 40.19477074385469
39.178586779278604 49.0151112797879 40.19476955690856
39.17850359952061 49.01522898801568 40.194722474336956
39.17842262779246 49.01534359020019 40.194676637234735
39.17834204626324 49.01545768374666 40.19463101079044
39.178360853202804 49.01543101895712 40.19464166810776
39.17834288223852 49.01545645479016 40.194631494757964
39.17826052579396 49.015573279722474 40.19458481213873
39.17826681593089 49.015564148017305 40.19458842661481
39.1781925342696 49.01566931741736 40.19454636825814
39.178121002813825 49.01577061032502 40.19450586301405
39.09262467204043 49.15596485271247 40.11914403898835
39.17806747769782 49.01584641555344 40.19447555156227
39.09262577923356 49.15596264657607 40.119145263925425
39.09257283282988 49.156069910219735 40.11908385217124
39.092578655108774 49.15605828801449 40.11909032738775
39.09252279935827 49.15617145173786 40.11902553139379
39.09253370275481 49.156149652328224 40.11903771291007
39.09249033122033 49.156237865251285 40.11898684982118
39.09244890721432 49.156322224237876 40.118938098640925
39.092407368225814 49.15640674702483 40.11888932512159
39.09240968141037 49.156402048122324 40.118892028451896
39.09240768056077 49.15640612021285 40.118889677848486
39.02496065646141 49.34019157447777 40.01094950318126
39.02496686319492 49.340167256719134 40.01096591276968
39.02491588437323 49.340366231236665 40.01083115932671
39.024929440870416 49.34031312749907 40.01086700013828
39.02489283988729 49.34045580309295 40.01077025821102
39.02485291820669 49.340611505121316 40.010664736347444
39.02487228663958 49.34053592396603 40.01071593281978
39.02485680113096 49.340596291344106 40.01067500218568
39.024808350803845 49.34078543262787 40.01054693113451
39.02482201725584 49.340731895563906 40.01058306273597
39.024788245743665 49.34086355881011 40.01049379892934
39.02474891204719 49.34101703146249 40.01038982903046
39.024773969858394 49.340919216569645 40.01045606531692
39.02475553800706 49.34099107857972 40.0104073467294
39.024724198190626 49.34111327104751 40.01032450997501
38.81910173796258 49.57658655229591 39.91595321316441
38.818553464058766 49.577257224757496 39.915643088681094
38.818823724460245 49.57691791217772 39.91580290067719
38.818551058362694 49.577242702576115 39.9156556354246
38.626956030394624 49.83111958161823 39.776048817657426
38.62688499638978 49.83117682999889 39.77603011332119
38.62657731695785 49.83142503995545 39.77594650873077
38.62628204790697 49.831663250465155 39.77586614588077
38.6264167624588 49.8315545567406 39.77590293654648
38.62625583910316 49.831684370075365 39.775859274961455
38.62593971966574 49.83193937734024 39.77577349864186
38.62562400092245 49.832194064693994 39.77568779555032
38.625696496729404 49.83213557281984 39.77570758369485
38.6256111632904 49.8322044069068 39.77568445806982
38.62529661655611 49.832458140590816 39.7755991609993
38.468443719622 49.96639652972816 39.708961424039096
38.468444515855474 49.96639585836166 39.70896125917049
38.46844301911012 49.966396927906146 39.708961947473114
38.46843911891904 49.96639978745172 39.708963598422805
38.46843591521542 49.96640226161247 39.70896470829292
38.46843688468642 49.966401420318256 39.70896455445452
38.46843518920757 49.966402659026976 39.70896528076851
38.46843163058326 49.96640530086485 39.70896672280507
38.46842871481245 49.96640762205553 39.70896759650444
38.46843007057239 49.966406444691955 39.70896738304525
38.468427927146806 49.96640802440966 39.7089682742385
38.46842448658818 49.96641058234859 39.70896966105977
38.46842396496459 49.9664109650127 39.708969881431074
38.46842069193537 49.96641335160005 39.7089712927252
38.46841723778346 49.96641597721397 39.70897257185321
38.468418234159536 49.9664151255771 39.708972388178964
38.46841674321779 49.96641620891357 39.7089730385469
38.468413257973076 49.96641877860132 39.70897448559473
38.46841306520688 49.96641892123162 39.708974564641295
38.46841015699287 49.966421106503404 39.70897569144783
38.46840696627129 49.96642360522251 39.70897672883284
38.468408498588694 49.96642235048722 39.70897633826107
38.468407138857685 49.96642337842679 39.70897685287185
38.25760587172094 50.16757071720535 39.621989120218174
38.25761602514956 50.16756055889843 39.62199451009353
38.257607003187324 50.16756959128149 39.621989698727816
38.25711295681981 50.16806425997109 39.62172603854589
38.256957298690466 50.16822010383457 39.621643005278855
38.25659920886158 50.16857861069002 39.621452025419416
38.25636853437682 50.16880954904984 39.62132901723869
38.256073788344665 50.16910463395938 39.621171836412344
38.25581342231976 50.16936531174334 39.62103294449623
38.255551777201575 50.16962727103778 39.620893367030696
38.255278340835304 50.16990104839545 39.62074745339152
38.255027523753085 50.17015216195628 39.620613669327895
38.254763051189684 50.17041699920715 39.62047241227839
38.25452349822344 50.17065686220655 39.62034453875334
38.083955041808494 50.36798463876397 39.48485836219059
38.083835428003276 50.368116559647504 39.48476693921623
38.08351864512139 50.368467618525635 39.48452157432424
38.08350686093871 50.368480642306196 39.48451251518988
38.083070291745216 50.368962565455426 39.48417799857444
38.08323377388377 50.36878504543304 39.48429758756093
38.08305269574536 50.36898491242644 39.48415888235056
38.08287435718894 50.36918178099289 39.48402222666398
38.08281650227716 50.36924756865044 39.48397419095449
37.987684568356315 47.174515106325 40.31401432486051
37.987766027706314 47.17456353433628 40.314073372146005
37.9878311574397 47.17460576084335 40.314123559729076
37.98775411102926 47.17455910102437 40.31406698505737
37.98799716009809 47.17470344772883 40.31424303856571
37.98799271294429 47.17470184370401 40.314240697801814
37.98800143317061 47.174705668967384 40.3142458650363
37.98827329738803 47.17483392492362 40.31441460005602
37.98845141928901 47.17490317575562 40.314512603872714
37.98832028300339 47.1748561475555 40.314443810056986
37.988538129786114 47.174949346442574 40.314570890542214
37.988797548777534 47.17505517573855 40.31471784544317
37.98902400354782 47.17513970410944 40.31483945930922
37.98890424155947 47.175097993398325 40.31477768387496
38.0341043508914 47.15315915133007 40.316374336259855
37.98906286676496 47.175161512025 40.3148665292883
38.03415763152714 47.153242712452474 40.31644628284841
38.0343263125786 47.15334549517067 40.31655690323504
38.09345206834991 47.21692100249587 40.3479367503987
38.09335908353246 47.216925967830285 40.34792172955058
38.09357791500947 47.21691377264989 40.34795583372242
38.093456571872956 47.216922061770596 40.34794065534983
38.09358490333015 47.21691654903258 40.34796466215533
38.09371514260024 47.216910817614405 40.34798869160645
38.09368272429722 47.216912624878084 40.34798364087392
38.093848682268685 47.216903011481634 40.34800861311482
38.093716026105504 47.21691122078894 40.34798993528088
38.09385083914781 47.21690520126549 40.348014596340334
38.09398890527726 47.21689888228974 40.34803947551856
38.09413002473039 47.21689103403139 40.34806150797348
38.093998651883055 47.21689850581621 40.34804140199638
38.094128558904785 47.21689302426428 40.34806594523679
38.09427115710628 47.21688676866806 40.34809230309783
38.094261306914504 47.216887322583844 40.34809078014699
38.094423065118505 47.21687768666624 40.34811447064981
38.09427086990703 47.21688692367835 40.34809259815635
38.09441609992669 47.21688028109155 40.34811877867415
38.094565823397 47.21687282265078 40.34814427718314
38.09451675240983 47.21687577912205 40.34813717188058
38.09472747057352 47.216862584492866 40.34816646299487
38.09456275359781 47.216873705209764 40.348145538086634
38.09471163836318 47.216866404872974 40.34817117813152
38.09487194943655 47.21685724718097 40.34819561504195
38.09476020499092 47.21686424355076 40.34818007997373
38.09486095974793 47.21685959860145 40.348198153518226
38.095016262637074 47.21685164781463 40.34822407807253
38.09497504675551 47.216854259671315 40.348218424655926
38.09519198852283 47.21684037171785 40.34824783865137
38.09501135103172 47.21685258204581 40.348224927335224
38.09516167871897 47.216845352789086 40.34825116259879
38.09533969194342 47.216834281345676 40.34827609157523
38.09517405997542 47.216844793720504 40.348253412234605
38.0953114731538 47.216838511736576 40.348278191128465
38.095488218880085 47.21682786248956 40.348303782008806
38.09534783200302 47.21683683111605 40.34828470242588
38.09546057784631 47.216831389555686 40.34830433093775
38.09563249493603 47.21682082986955 40.348328730398265
38.09551545879416 47.21682860909902 40.348313563525444
38.09560772016809 47.216823765114825 40.3483286697256
38.09577512936221 47.21681335887842 40.348352127634726
38.095678260763755 47.21681998132856 40.34834002345341
38.09596127598691 47.21679964329892 40.34837296827596
38.095752595379835 47.216815951913915 40.34835188487778
38.095914617122844 47.216805512785335 40.34837368879285
38.09583020577726 47.216811551264584 40.34836379556737
38.09609849894703 47.21679140115886 40.34839289973066
38.09589387866323 47.216807778330924 40.34837316988258
38.09605142909074 47.216797234203916 40.34839341111753
38.09597550695765 47.21680285490915 40.3483849761414
38.358780946186656 47.34701555985755 40.37035443200196
38.09603116250578 47.21679950978385 40.348393054564326
38.359424101115806 47.347290528260125 40.37031552914615
38.358746611894176 47.347053495807494 40.370329532848054
38.361083327165474 47.34787470848953 40.37027935206966
38.35969884341721 47.3474081836093 40.37029881088286
38.361695507137355 47.34813793795399 40.37024155180442
38.36094250732059 47.347872507476836 40.37025813106242
38.36341630022198 47.34874829437619 40.3702017253385
38.36197594840281 47.34825931797997 40.37022382836008
38.364000714951835 47.34900147494822 40.37016467058123
38.363137161783854 47.34869516124689 40.37018466499903
38.60091701298612 47.36899836043211 40.33017099743465
38.36430175756841 47.349133282761166 40.37014487038849
38.60134387090464 47.369230963458634 40.3301580670627
38.60086677985775 47.369006620927124 40.33021011349362
38.60221138859061 47.369638203521426 40.3300626976057
38.60161795356081 47.3693790934323 40.330148474363384
38.602622331652604 47.36986271970824 40.33005086701404
38.60201659974896 47.36957696481451 40.33011597474547
38.6145602540626 47.4200120287861 40.332280512496915
38.7334563506283 47.535273966953866 40.3529725827514
38.61473784103516 47.420098743395926 40.33225891403981
38.734246955650434 47.53581667978406 40.35287255480921
38.734052707275815 47.53569957277464 40.352894245406844
38.73555182233008 47.53660485317387 40.352726580323335
38.73439990912148 47.535922166180335 40.3528531157276
38.73631333053238 47.537132261115715 40.35262940386261
38.73582032653112 47.53683416180788 40.35268461133379
38.73766580640674 47.53795176941511 40.35247764517628
38.73669673288635 47.53739877655476 40.35258030396463
38.73839360061976 47.53845930696512 40.352384152512826
38.737507087146156 47.53792161879886 40.35248371913715
38.7390999968269 47.53895286400849 40.352293241255666
38.73904573792212 47.53891990810895 40.352299343530404
38.74050680483712 47.53980869095388 40.35213478223018
38.73914142305621 47.538982014159004 40.352287873239064
38.74117770042493 47.54028170791875 40.35204768185265
38.740572150124834 47.53991297401875 40.352115951497154
38.74168190171071 47.540639027556566 40.35198189743733
39.048411688495314 47.741388302334464 40.30893016640024
38.741980626489756 47.54083479998933 40.351945753505106
39.04850553238528 47.74152984436673 40.30889824725774
39.04848905298296 47.74151037881608 40.30890330797621
39.04857152961386 47.7416289847509 40.30887584014432
39.04864681719282 47.74172776318551 40.30885172503787
39.0486062555012 47.7416788682206 40.30886428059432
39.048740025544824 47.741867653963 40.308820092029094
39.04872564225097 47.741850055691344 40.30882457052575
39.00580343099275 47.81086932434502 40.31411496729714
39.04888888336721 47.74207520106653 40.308771175195645
39.005843689920454 47.81109497150945 40.31409045214296
39.005901469647824 47.81142053899002 40.31405517182641
39.00592511576078 47.81151437714056 40.3140429372782
39.00591097212288 47.811474153055144 40.31404936563468
39.00598180998787 47.81186504776935 40.31400657350947
39.005977854653494 47.81185246995862 40.31400844556435
39.00599967632375 47.81192271289973 40.31399806980143
39.0059998484174 47.81197685558512 40.31399499049969
39.006054909353196 47.81226632358326 40.313962532608414
39.00604482893761 47.81223163369761 40.313967451019856
39.00609613640052 47.812523660713424 40.313935958872364
39.006128448583915 47.81267092812703 40.313918175566855
39.00611042203262 47.812605307583304 40.31392717159151
39.00618010682442 47.81299470415232 40.313884803915165
39.00617305129674 47.81296776579541 40.31388839510903
39.00620301707669 47.813081801760106 40.31387316379191
39.00620693245562 47.813163781934975 40.31386742153346
39.075099981658234 47.898770289910004 40.29228771542474
39.0062352435324 47.81332761980427 40.3138498934027
39.07507270092769 47.89886923150673 40.29228839563349
39.07506735958209 47.898872849784134 40.29228929666244
39.075063741287806 47.8989017568273 40.29228861754117
39.07507454697141 47.89894691042447 40.29228423712884
39.07505671760389 47.89895719331057 40.292287332240875
39.02766449747923 48.027825053424465 40.288457006830335
39.02766452108528 48.02782478246076 40.28845697307598
39.02766439263084 48.02782608875813 40.288457358989746
39.02766096930918 48.02787311345601 40.288452958603045
39.0276461137604 48.028075056906445 40.28843641343909
39.02764653676651 48.02806952482808 40.28843662218256
39.063881776696306 48.341820968547836 40.27889583292548
39.06392566395517 48.34202564277339 40.27889329019679
39.06389395664084 48.341881412562714 40.278894689454255
39.06408598122427 48.34282869509035 40.2788773419281
39.06406876541865 48.342749329895426 40.278878228389345
39.165395579298654 48.50125183216288 40.2668879793581
39.16556408531828 48.50164857032215 40.266851618568204
39.16541949371146 48.50132791780227 40.26688314679273
39.25294964712398 48.775343717962144 40.25330960403694
39.25292354457673 48.775345602572315 40.25331578234254
39.25295083953347 48.77538981477754 40.253313706518114
39.25294000337122 48.77539018280949 40.25331623202967
39.252951796733555 48.77542053575115 40.25331640323995
39.25300086159534 48.77543499837729 40.253306499351396
39.252957446740375 48.77543499801139 40.25331647773153
39.25300207740145 48.7754809284457 40.25331058062376
39.252973552211465 48.775479983695625 40.25331704712018
39.25300353434352 48.77552583183806 40.25331450899865
39.25298899167449 48.77552488700343 40.25331776176226
39.25300521834787 48.77556976986667 40.25331829353185
39.25300464017338 48.77556971224281 40.25331842094779
39.25305526265662 48.77557414509136 40.25330720680619
39.253005280270756 48.77557138362792 40.25331843251398
39.253056560334244 48.77561842419654 40.25331111251487
39.2530225435014 48.775614468002395 40.2533185552897
39.25305811004651 48.77566158410082 40.2533148540366
39.25303737544865 48.775658703576525 40.25331934616618
39.25305971167779 48.77570347460246 40.253318463105174
39.25305435511348 48.775702604776264 40.253319611667685
39.27126757500186 48.77895779166608 40.2504955216285
39.253060100762355 48.77571482529306 40.253319451340474
39.27125946457322 48.77899588310137 40.2505003878954
39.25307435341324 48.77574584534752 40.253319120648314
39.27125188530916 48.779032885083645 40.25050504975003
39.25309055831801 48.77578840330507 40.25331943668901
39.2712447079806 48.77906844767905 40.250509506906965
39.27123245044669 48.779068267589196 40.250512164688146
39.27124096751966 48.77908711659425 40.25051184077122
39.27131665038999 48.77910513353643 40.25049680547309
39.271247819262484 48.77910287781186 40.25051162880306
39.27130974635699 48.77914044261982 40.2505011824269
39.27125739158151 48.779137444509786 40.25051235314943
39.2713036557381 48.779175195372694 40.250505336790695
39.27126319825854 48.77917155237039 40.25051386117594
39.27129758149502 48.77920835690898 40.250509358169396
39.27126746005095 48.77920499374042 40.250515651817125
39.27129202298734 48.77924054605758 40.25051318802074
39.2712715509594 48.77923739273886 40.25051739493814
39.271286542423596 48.77927106333868 40.250516864904284
39.271275048591626 48.77926888716219 40.25051919383744
39.20641214116145 48.873975108523666 40.24239873211067
39.20641159081046 48.873974771449255 40.242398767699626
39.20641206154154 48.873980562686704 40.2423969552418
39.20641788294116 48.874055993593295 40.242373306544934
39.20645598017255 48.874160429413166 40.24234457951588
39.20642244271852 48.87413544464836 40.24234818735749
39.20645403058389 48.874235235238785 40.24232009448146
39.20642625230042 48.87421304572852 40.242323566969326
39.20645207262855 48.87430834908161 40.2422961562448
39.206428607875154 48.87428881156528 40.242299346530466
39.206451611033245 48.87438214183806 40.24227219817536
39.20642964894656 48.87436244905062 40.242275639606
39.20645112987063 48.87445486665987 40.24224858332047
39.20642920941081 48.874434167766296 40.242252356123586
39.20645150622768 48.874528096887694 40.242224919425304
39.20642813643687 48.874503817567316 40.24222965794695
39.206452543848066 48.87460204145633 40.242201112596504
39.20642580892703 48.87457139199553 40.24220746414453
39.20642279333426 48.87463707486059 40.24218579091158
39.179284043781365 49.01412447527312 40.19516425598389
39.179189775938056 49.01425773361995 40.19511093017076
39.179099574267624 49.01438533598884 40.19505988294986
39.179155998527946 49.01430547913709 40.19509182346346
39.17909600690149 49.01439029102133 40.19505788554575
39.17901275941328 49.01450822749855 40.19501073359089
39.17900540658014 49.01451842307168 40.1950066207531
39.17892768269818 49.01462868457638 40.194962562164235
39.178916542967166 49.01464411813866 40.19495633415586
39.17884269888546 49.01474903181172 40.19491443825308
39.17882829867047 49.0147689412171 40.19490639707866
39.17875888426293 49.01486774663714 40.194866970956966
39.17874435542173 49.014887736659986 40.19485888075222
39.17866174238648 49.01500465698386 40.19481211566605
39.17858014443709 49.01512016597975 40.194765919261364
39.17859504974575 49.015099042354706 40.19477436344729
39.17857979870426 49.015120628017826 40.19476572994511
39.17850170940097 49.0152313352236 40.1947214812591
39.17850046338283 49.015232929479595 40.194720815595275
39.1784225582424 49.015343536659714 40.1946766334984
39.17842232857694 49.01534353485272 40.19467658012882
39.17834658197755 49.015450774807206 40.194633693151026
39.17827280871805 49.01555523295241 40.19459192064719
39.17819750487686 49.01566194701685 40.194549260683175
39.178238788840844 49.01560339148922 40.19457266030467
39.17819919741537 49.01565944202561 40.19455024447919
39.178123736392486 49.015766594797356 40.19450744483274
39.17812936132263 49.01575833935129 40.19451069803876
39.17806306386215 49.01585225531619 40.19447314844564
39.09258880953363 49.15603800944528 40.11910163455383
39.09254249403817 49.15613201153338 40.119047637788825
39.09255937921007 49.15609775462691 40.11906730195881
39.09254367153941 49.156129649493465 40.119048965900404
39.092497273035015 49.15622392944641 40.11899469670219
39.09250151172533 49.156215425988265 40.118999478745266
39.092452899507215 49.156314187990844 40.1189426462177
39.09246049870249 49.15629891057879 40.11895127136291
39.092420692463406 49.156379970527865 40.11890443132086
39.024979472119554 49.34011782596925 40.01099924972211
39.024940440090376 49.34027001487989 40.010896080901865
39.02495764897557 49.34020288634801 40.01094156817386
39.024942700517 49.340261153046086 40.010902057292554
39.024897659139114 49.34043691795626 40.01078299964511
39.02490681401541 49.34040103684467 40.01080720407775
39.02487168129426 49.340537988099676 40.01071434301823
39.02483580750939 49.34067786484955 40.01061952194577
39.024843058868086 49.34064956460328 40.01063868953904
39.02483738926195 49.340671666288756 40.01062370388618
39.024792830718425 49.340845597254166 40.01050592077648
39.02480429007183 49.34080070226358 40.01053621735195
39.024772467957675 49.340924765743 40.01045210612466
39.02474187265766 49.34104405157335 40.01037123739211
38.81910048154349 49.576569435014086 39.91596735699774
39.024738589094625 49.3410568533984 40.010362558368115
38.81909889229377 49.57654092843537 39.915990706181276
38.81857373299456 49.577168763626574 39.91570525243951
38.81805127499746 49.577791511947716 39.91542274609452
38.62655129393152 49.83144601187006 39.775939665053286
38.62677988781413 49.83126157681779 39.77600204385645
38.62650610120503 49.83148243435494 39.77592776142397
38.62619443777582 49.831733849463006 39.775843168375076
38.625895761225124 49.831974799499534 39.775761979647434
38.626022068771064 49.831872890920486 39.7757964530041
38.62586842503549 49.83199682838786 39.77575480454929
38.62555830470434 49.8322469935536 39.77567068531722
38.62526007093533 49.83248758357179 39.77558964703934
38.625375369912476 49.83239455698444 39.775621116232266
38.62523850417153 49.83250495945532 39.775584025921
38.46844113188159 49.966398004724866 39.708963349583314
38.4684380789481 49.96640037410773 39.70896438430141
38.46843901993999 49.966399552372835 39.70896424511515
38.46843728422379 49.96640082488854 39.70896497999711
38.46843381068484 49.966403412117494 39.70896637073441
38.468430950550506 49.96640567137156 39.70896726245103
38.4684320455716 49.966404710444365 39.70896710968986
38.46843023320503 49.96640605841709 39.70896783915844
38.4684271732196 49.96640838343732 39.708968974236726
38.46842431368155 49.96641066724392 39.708969816574566
38.468425897421945 49.96640932229772 39.70896950746004
38.4684236362269 49.966410993646676 39.70897043811561
38.46842054665756 49.96641332640466 39.70897161314562
38.468420329328275 49.96641348433657 39.70897170791244
38.468416905307436 49.9664159898514 39.7089731669554
38.4684132833354 49.96641874903436 39.70897449642788
38.46841511579402 49.9664173095629 39.70897390936894
38.46841358305875 49.96641845393971 39.708974517669525
38.46841037553761 49.96642084572952 39.70897579658778
38.46841044351523 49.96642079244634 39.708975774581944
38.46841039269894 49.96642083100427 39.70897579353607
38.46840786305383 49.966422798234376 39.70897664309068
38.468406460075826 49.9664238714864 39.70897714926317
38.25764110590441 50.16753564309464 39.62200718068938
38.25715440749019 50.16802293779881 39.62174750290294
38.25718701718002 50.16799031512069 39.62176480378626
38.25716094147331 50.16801642539019 39.621750881594465
38.256687471193544 50.16849052875318 39.621498069036505
38.25654936519321 50.16862880979015 39.62142436142282
38.25619450369477 50.16898411284758 39.62123500049417
38.255974377009096 50.16920452514423 39.62111749411448
38.25570091566122 50.169478330989804 39.62097155451339
38.25542119186994 50.16975844243335 39.62082214462173
38.25521973044254 50.16996016876449 39.62071458923023
38.25484760450588 50.17033292806961 39.62051539657949
38.25479345351704 50.17038716165719 39.6204864452568
38.08401421594008 50.36792118797247 39.484900098191375
38.084030313904044 50.36790365302505 39.48491197942154
38.083581095117076 50.36839892735605 39.484568950745754
38.08392516103619 50.368022289008906 39.484826474992175
38.08373878804586 50.36822786389672 39.484683976745835
38.083394235456765 50.368610846344566 39.48441488795375
38.08355139578043 50.36844026715366 39.48452970565011
38.08303617955803 50.36900601214733 39.48414070002276
38.08332593087198 50.36868905318457 39.48435714169928
38.08314813874313 50.36888524924184 39.48422103829818
38.08319784639923 50.36882756736135 39.48426454246611
38.08349015894173 50.36850970644356 39.48447923590729
38.083018662461456 50.3690259161842 39.48412618467874
37.98784567829462 47.17461060470238 40.31413086861713
37.987924103758225 47.174656676080176 40.31418724725161
37.98798943481845 47.17469869635308 40.31423730405457
37.98791618993734 47.1746546193648 40.314183759054735
37.988124278427 47.174765142637305 40.31432340024605
37.98830135555653 47.174848955602585 40.31443353760524
37.988165051128 47.174798831477254 40.31436097766895
37.9884044264234 47.17490262351339 40.3145017908365
37.988636680990396 47.175003406436986 40.31463848178167
37.988567893452306 47.1749783857948 40.314602097131406
37.988823122280124 47.175069645601525 40.314735759919174
37.988673766487054 47.175023879235496 40.31466402690603
37.98893350330856 47.175131977732505 40.314812978362
37.98917854371324 47.175228543777216 40.31494890354574
37.989116486991236 47.17520666250614 40.314916665881434
38.03419771432901 47.15330786431027 40.31650206587495
38.03433347680616 47.153357656122246 40.316567247352125
37.989198099271164 47.17523978679756 40.314962753689656
37.98946363760565 47.17534478716377 40.31511035181714
38.09334678397533 47.21693072204952 40.34792975941834
38.0934638830525 47.21692494842446 40.34794984765793
38.09336333292535 47.2169301639445 40.3479332287234
38.09358745868717 47.21691798004178 40.34796890683732
38.093467799620825 47.21692631030942 40.34795432094299
38.09359345746194 47.216920869117864 40.34797772173535
38.0937207255959 47.216914901871654 40.34800030685217
38.093667735998345 47.2169178434194 40.34799202050632
38.09385195048622 47.21690726704843 40.34801997104298
38.09398885634962 47.216899069832216 40.34803991970176
38.093721746412356 47.216915569025204 40.34800223596707
38.093853692089695 47.21690944449234 40.34802580280665
38.093987808757404 47.21690337026256 40.34805012672929
38.0939708200361 47.21690433459412 40.348047522052795
38.09412655728306 47.21689521222558 40.34807070937815
38.093987776697226 47.21690360110486 40.348050681691795
38.0941241415985 47.216897544708644 40.34807570588261
38.09426335883081 47.21689123999838 40.34810095615274
38.09422273879719 47.21689358942026 40.34809483521427
38.09441138517015 47.216882229320674 40.34812216429485
38.09426205998777 47.21689191662861 40.34810223090092
38.094403066633184 47.21688541863267 40.34812753131452
38.09455065915123 47.21687756422688 40.34815143941529
38.094462533255935 47.21688284699953 40.34813861379996
38.09470749502506 47.21686755533635 40.34817278040249
38.09454497656673 47.2168792641296 40.34815393528051
38.09468980028229 47.2168725817607 40.34817989987069
38.09467473673625 47.21687350581048 40.34817775903118
38.09484916887956 47.21686238695116 40.348201526118714
38.09468858241225 47.21687287858467 40.34818026977947
38.094833000183826 47.216866116102366 40.34820591995161
38.09499132159729 47.21685690896837 40.34822965484768
38.094876995912934 47.21686415786819 40.34821398318815
38.09515970948327 47.21684572739392 40.34825150319256
38.09497793215103 47.216859508112826 40.34823209799121
38.09513320823315 47.216851131001604 40.34825697250517
38.095057435035265 47.21685592801076 40.34824656738869
38.09530462745434 47.21683968553089 40.348279061120635
38.09512237803722 47.216852953682526 40.348258264987784
38.095274111796854 47.21684485906488 40.34828279544413
38.09522565512644 47.216848000224026 40.34827632106893
38.095448386544504 47.21683309533009 40.34830494006951
38.095266272489646 47.21684598033396 40.34828324681467
38.095413004818866 47.216838014748305 40.348306631873726
38.0953925269731 47.21683937044573 40.348303964831594
38.09558922728306 47.216826007144135 40.34832874922128
38.095409252021305 47.21683848488978 40.34830668507173
38.09555008478249 47.21683047901399 40.34832824847057
38.095728739143695 47.21681851241833 40.348351176385734
38.0955569325737 47.21683009715356 40.348329315084015
38.09568802588313 47.21682279714911 40.34834975935426
38.09586552983091 47.21681062168565 40.34837184064594
38.09569869868041 47.216822179415544 40.34835136656278
38.095823415681195 47.216815484912715 40.34837142865431
38.09581558302814 47.21681602028268 40.348370449654944
38.096002832123645 47.21680244405303 40.34839195296996
38.09582126674311 47.21681569138856 40.34837130574486
38.35848016975318 47.34700997054577 40.3703095615284
38.35824226056761 47.346927556083926 40.370314057370614
38.36004948113367 47.347558657111136 40.37027731191441
38.35859621941619 47.347059549490425 40.37030256034353
38.36065708063116 47.347818444887764 40.37024054925541
38.36018064696646 47.34765161431278 40.3702504695443
38.36229182580132 47.34839585047898 40.370203960219214
38.36086585412604 47.3479082739961 40.37022762776625
38.36287110242836 47.348645294136155 40.37016800593166
38.36217038461738 47.348397706731284 40.37018373461203
38.36456230347579 47.349247289354885 40.37012776975622
38.363134886531085 47.34876019162075 40.370150962467875
38.365113692909205 47.34948651562234 40.37009262801123
38.364216822540705 47.34916783603182 40.370113674724045
38.60176306210319 47.369457378979675 40.330143248570046
38.365441214110305 47.349630564621634 40.37007075410444
38.61376220870107 47.41962256529914 40.33237111467299
38.366200927385854 47.34991822015001 40.37004384543295
38.614625153282574 47.42004374550018 40.33227182120268
38.614103478386596 47.41978936734111 40.332324784214585
38.73300260880911 47.5350659703431 40.353011597516115
38.61431317019904 47.4198917637924 40.332299124974874
38.73377956485683 47.5355984368298 40.35291345233561
38.73369173636365 47.535545340275306 40.35292328579726
38.735016990957604 47.53634770139776 40.35277469761819
38.73385014266351 47.535646921791226 40.35290451626445
38.73576265497415 47.536862043867046 40.35267991490869
38.735387279569004 47.5366344167047 40.35272206619884
38.737047286581145 47.53764243718942 40.35253541445291
38.73604554659025 47.537058033363955 40.35264380368139
38.73776157758372 47.538138944448235 40.35244394324306
38.73706270344569 47.53771392896482 40.35252263723696
38.73825583240738 47.53848474036322 40.35238025197559
38.7397707047986 47.539424690534425 40.35220635332573
38.7387040728923 47.538774898287976 40.35232665764748
38.74042294390701 47.53988334452994 40.3521218899943
38.740154280347994 47.539719358904094 40.352152248409865
38.741816696512366 47.54073466150004 40.35196429140738
38.740628157204824 47.54002848124945 40.35209516769195
39.048464331694795 47.74148121731433 40.30891089574458
38.7415814297252 47.54065157190474 40.3519801200282
39.048554462999846 47.74161650852671 40.30888030514501
39.005702725236254 47.81035191927758 40.31417365957291
39.048598831548446 47.741669934778095 40.3088665770315
39.00570973447517 47.81039158334241 40.314169370244095
39.005769211208396 47.81070779903928 40.31413411167425
39.005764782634785 47.81070317736287 40.31413567851257
39.00581435086947 47.81098235687728 40.31410541880468
39.0058383645883 47.811082692258836 40.31409271223398
39.00582836902446 47.811061424486226 40.31409685481458
39.0058950521389 47.81142935463312 40.3140565746386
39.00589141525151 47.81141955304504 40.31405819732776
39.005909523519904 47.811470056388984 40.31405002273914
39.00591725880639 47.811565562249356 40.314042395415534
39.00596506027956 47.81181199226744 40.31401448949553
39.00595567945593 47.81178264187775 40.31401890256409
39.00601309245627 47.81210858240949 40.31398370972252
39.006036062995385 47.812201536760355 40.313971724193074
39.00601943189362 47.812144665706654 40.313979818561535
39.00608791686434 47.81252366166714 40.31393838710221
39.00608214059488 47.81250269093709 40.31394126656904
39.00610749002614 47.812594644086694 40.31392863424964
39.00610998041432 47.812661214927516 40.31392417489177
39.00615787520243 47.81290974953438 40.31389612368413
39.00614487938625 47.81286019710785 40.31390273472056
39.0062058267388 47.813210773480094 40.31386511973065
39.00620552795147 47.81320959392097 40.31386527397927
39.006228757034975 47.81330179973801 40.313853253937594
39.00620673250709 47.813216480748636 40.313864532906166
39.07504544473929 47.89888775296389 40.29229299064627
39.00626530354526 47.81355403772059 40.313828348184224
39.07503008233552 47.89894496054466 40.292293300999845
39.075046954226906 47.898962775010844 40.29228902952576
39.02768236627584 48.027582478130924 40.28847651152677
39.02766468463345 48.02782293880128 40.288456698765636
39.02766472655827 48.02782246380941 40.28845663130741
39.02765828633503 48.027910095234006 40.28844935724961
39.027646860756995 48.0280653066661 40.288436759229064
39.027647330383644 48.028059184783416 40.288436967048945
39.063861529724974 48.341734283055764 40.278896075497414
39.06385667484902 48.341712291705775 40.278896278622774
39.06389269590313 48.341875685276044 40.278894744182644
39.06390686521624 48.34196138859028 40.278891563923324
39.06404858195338 48.342656487017024 40.27887924321708
39.064026861093794 48.34255668426252 40.278880321872194
39.0642003400125 48.343415987315936 40.278864227896165
39.06419292382864 48.34338160210969 40.27886463338448
39.16541441874192 48.50131667331268 40.266884253556064
39.064258821521534 48.343708449125245 40.278858467962195
39.25290376950625 48.77534677363234 40.25332043860277
39.25287267722736 48.77534854989705 40.25332775345534
39.25290541759369 48.77539120714355 40.253324278433396
39.25289152037594 48.775391647170345 40.2533275143294
39.25290701799724 48.775426004228926 40.25332721431806
39.25295229280916 48.77543499556241 40.25331766207199
39.252911116555126 48.77543495836857 40.25332712243841
39.25295400187694 48.77547931288677 40.25332147685591
39.252928771740166 48.77547839860583 40.253327188914305
39.25295593902715 48.77552251731579 40.25332513355667
39.252945747174955 48.77552175669873 40.25332740382416
39.25295737527938 48.77555119565046 40.253327526240696
39.252962961678975 48.77556504307877 40.25332755697806
39.2530068618542 48.7756122697584 40.253321950832884
39.25297888502871 48.77560816205097 40.253327990995096
39.253008818533345 48.77565363091635 40.25332542804054
39.25299399409545 48.77565086784348 40.25332857293761
39.253010889947575 48.77569360864057 40.253328747531086
39.25300922759347 48.77569324548225 40.2533290951253
39.25301110318175 48.775697710629984 40.2533290879744
39.25306091256495 48.77574281960721 40.253321922604634
39.25302685392776 48.77573505699418 40.2533290135971
39.253062585104786 48.77578141633201 40.25332520265654
39.253042508970836 48.7757762646986 40.25332932782102
39.253064274056186 48.77581819467714 40.253328306295074
39.25305906943612 48.775816652406185 40.253329356091385
39.25306469384162 48.77582863007528 40.25332920057404
39.27123770222508 48.77910217807974 40.25051377764322
39.253077390722844 48.77585617491302 40.253328897512525
39.27123118919204 48.77913460222535 40.25051783471582
39.27119450927383 48.77913065220331 40.25052551053451
39.27122520564159 48.77916568310466 40.250521667100045
39.2712064142376 48.77916292748343 40.25052553994729
39.27121952650985 48.77919507332339 40.25052529561122
39.27121687684175 48.77919452814545 40.25052582896088
39.27121850482807 48.77920035080807 40.25052594758336
39.271225163147264 48.77922538935893 40.250526532318396
39.20637530706802 48.8738757734626 40.242425976202206
39.20638074361305 48.8739553322235 40.24240093933496
39.20641079532282 48.87405113001728 40.24237393410955
39.2063852314887 48.874033530336504 40.24237621627757
39.20641055802366 48.874126699035024 40.24234943081397
39.20638833164888 48.874110272674756 40.24235177914716
39.20641022830481 48.87420050792936 40.24232548514667
39.20639099647964 48.87418545789099 40.24232778806976
39.2064103410338 48.874273747803215 40.24230178288833
39.20639265170376 48.874259101285915 40.242304161326174
39.20641045471463 48.87434568728466 40.242278501864334
39.206393373114665 48.87433086619141 40.2422810180713
39.20641092805802 48.87441737446265 40.24225535062052
39.206393197284335 48.87440095966398 40.2422582961425
39.20641077756557 48.87448675064427 40.24223286435957
39.20639290020273 48.87446918952875 40.2422361614995
39.20641101413042 48.874556002447534 40.242210470114614
39.20639167122054 48.87453546943455 40.24221453374491
39.20641076004323 48.874623409672424 40.24218860761485
39.20639014528082 48.87459997573042 40.24219344064514
39.17927577736695 49.01413599003035 40.19515961984507
39.179251284865956 49.014170113311906 40.195145881987514
39.17918746851814 49.014260944369056 40.1951096368707
39.17916281838606 49.01429524014766 40.195095821645545
39.17907391623402 49.01442096735718 40.19504551848484
39.17898592546437 49.014545419703495 40.194995727717924
39.178900478417404 49.01466634426451 40.194947359936535
39.178947098867084 49.014600326965095 40.194973759105196
39.178897722870865 49.01467015835955 40.19494582020369
39.178819041082605 49.014781686034596 40.19490124036227
39.17881376150004 49.01478896402557 40.194898297235525
39.178738660664706 49.01489555228634 40.19485571431848
39.17873141804724 49.014905492859 40.19485168708756
39.17865947962793 49.01500774093971 40.194810862556835
39.1786520564342 49.01501783730633 40.19480675650047
39.17857491395522 49.015127063243 40.19476307690696
39.17850022412668 49.01523283595411 40.19472078148516
39.17842432949109 49.01534028782494 40.19467781014423
39.17842860255971 49.01533422960237 40.194680231513495
39.17842435230232 49.01534024715876 40.194677825022445
39.17834935508284 49.01544659305969 40.1946353232025
39.17835093582436 49.01544419953889 40.1946362546757
39.17827377832892 49.015553768203816 40.194592491203196
39.17827752302031 49.01554813016294 40.19459469029077
39.17820683137299 49.01564822686984 40.19455466223157
39.1781373958443 49.01574655350785 40.19451534342601
39.17814038291984 49.015742315800665 40.19451703671579
39.17813755769561 49.015746316339516 40.19451543694599
39.17806808519938 49.01584489796579 40.19447604969292
39.17807197850414 49.01583920772593 40.19447829582883
39.092590841922956 49.15603394693537 40.11910390375111
39.09259739228662 49.15602087830702 40.11911117754095
39.09255370975124 49.15610960497004 40.11906014050332
39.09251159809763 49.15619520939015 40.11901082885172
39.09246924798733 49.15628131641691 40.11896120927344
39.09249095248287 49.1562371940309 40.11898662718571
39.09247070741396 49.15627838355662 40.11896286385665
39.09242658378281 49.15636809400608 40.11891117039666
39.09243133174632 49.15635853777771 40.11891657692135
39.024981946267836 49.34010811856959 40.011005791441775
39.011329576309365 49.246904156670375 40.06787227945728
39.02495472666518 49.340213976413125 40.010933854488
39.02491842440544 49.34035550216742 40.01083790162623
39.02492677609032 49.34032292116343 40.010859977255286
39.02491951933122 49.34035120704502 40.010840796612165
39.02487870748081 49.340510448490406 40.010732919495865
39.02488559109448 49.34048346359281 40.010751119168354
39.02485247382034 49.34061256223838 40.010663585105725
39.02482059349197 49.34073684770672 40.01057932018017
39.024785866706594 49.34087229072014 40.01048752950702
39.02479761353864 49.3408264337407 40.010518580448135
39.02478927680983 49.34085893445324 40.0104965451104
39.02474350333476 49.34103766583624 40.01037554852521
39.02475919571337 49.340976210337544 40.01041703568605
38.81913913877474 49.57644997975312 39.91604669111677
38.81860130147386 49.577092779197685 39.91575449943283
38.818618564386185 49.57707099106004 39.915764798626746
38.81860189002516 49.57709086728082 39.915755781521305
38.81805464095037 49.57778150041237 39.91542934357831
38.818077949463536 49.577715058570725 39.91547273166903
38.626461731358404 49.83151819311061 39.77591608031044
38.626165685503466 49.83175702071229 39.77583560865876
38.626322262421745 49.831630695828224 39.77587828043208
38.62613720251896 49.83177997557418 39.775828113013716
38.62583437309379 49.83202426304798 39.77574593216295
38.62553565765008 49.83226523825812 39.77566479916006
38.625647156319104 49.832175282465805 39.77569518199471
38.62552041484538 49.83227751891992 39.77566082782558
38.625226045320915 49.832514981861536 39.77558094354974
38.46844042265102 49.966398398716095 39.70896389750513
38.468441369496254 49.96639763086711 39.70896364147227
38.46844003281396 49.96639861337954 39.70896420240915
38.46843668375824 49.966401122784 39.708965514023205
38.468433318426015 49.966403666496376 39.708966788542355
38.46843425718331 49.966402907244586 39.708966530689594
38.46843304219189 49.96640380435821 39.70896703260007
38.46843005955269 49.966406081225685 39.70896811811774
38.46842694900193 49.96640847379699 39.70896921468557
38.468428009104045 49.966407609003184 39.708968938050454
38.46842676770865 49.96640854022201 39.70896942214847
38.46842368896026 49.96641086419532 39.70897059427086
38.46842054222055 49.9664133182715 39.708971637407664
38.468422415357324 49.966411824389795 39.70897108146197
38.46842067032051 49.96641314700328 39.70897173523807
38.4684177268047 49.966415377637105 39.708972838693995
38.468417410099285 49.9664156141547 39.70897296427215
38.468414708308124 49.96641764955034 39.708974000811864
38.468412802996895 49.966419081706306 39.70897473809539
38.468411716079956 49.96641989916196 39.70897515779065
38.468409069412374 49.966421932294956 39.70897609599314
38.468408697808854 49.96642221282728 39.708976237409175
38.25767517081429 50.16750174984065 39.62202458040094
38.25742221539774 50.16775503015445 39.62188956165919
38.257203444310136 50.167974081858965 39.6217727906736
38.25671935183565 50.16845874491793 39.6215145851122
38.25679096330347 50.16838709732009 39.62155260581517
38.25673198357687 50.16844615497897 39.62152111658503
38.25627344806547 50.16890532788284 39.62127619029897
38.25617323193539 50.16900569770705 39.62122260765884
38.25582721799594 50.16935221824434 39.62103769154746
38.2555427334274 50.169637208856514 39.620885332429445
38.255424304335776 50.16975583988664 39.62082193802064
38.254953800524746 50.170226982073885 39.620570675772804
38.25498821062201 50.17019260922001 39.62058874666906
38.254865781617795 50.170315464875486 39.62052241915988
38.254741333789326 50.170440335124994 39.62045503887333
38.083892486123055 50.368061171253586 39.48479601699257
38.25440720437759 50.17077521961069 39.62027550769213
38.08364647970808 50.36833627796284 39.48460068795053
38.08381930606667 50.368144686296134 39.484734677132714
38.08372959310913 50.368242165239806 39.484668930631216
38.08398029489655 50.36796897681917 39.484854170760734
37.98805609952828 47.17470719325187 40.31425919246019
37.988077156883605 47.17472692299383 40.31428057856629
37.98820042736149 47.17480930760433 40.31437765918805
37.98814107242988 47.17478658388454 40.31434530099326
37.988244496446896 47.17482445153193 40.314400217245506
37.98849571283636 47.17494967319881 40.31456183105251
37.98845262833056 47.174933327220394 40.31453846915955
37.98852703281294 47.17496557740267 40.31458222823682
37.988799747315 47.175092263313246 40.31474981742532
37.98879610767507 47.175090906499 40.31474786429949
37.98897954978271 47.175157982052255 40.314845192359925
37.98880179974659 47.17509340567808 40.314751239099884
37.98906344969835 47.17520513301969 40.31490369263429
37.98931883197089 47.175309438866364 40.31504846552729
37.989293604739615 47.17530039980841 40.31503523812697
38.09323912815438 47.21693601090544 40.34791124430936
38.09334775831831 47.216930911680755 40.34793050758813
37.989326975856756 47.17531412342855 40.315054235457
38.093248407090364 47.216937119073876 40.347916663606426
38.093362481836124 47.216933361881146 40.34794079794402
38.093475617355026 47.216928172040724 40.347961155638714
38.093377708976504 47.21693286858049 40.34794403959401
38.093595732283376 47.21692171770722 40.34798046066972
38.09348051869854 47.21692918330272 40.3479650594126
38.09360257626142 47.21692421882706 40.34798857402346
38.09372638626114 47.21691824435239 40.34801013140604
38.093654470921194 47.21692210608998 40.34799856670146
38.0938548044476 47.21691089158617 40.34802966533389
38.09372783168117 47.21691899647357 40.348012392255924
38.09385610969792 47.21691321883031 40.34803573585394
38.093986729983314 47.21690698936902 40.34805865905632
38.09393737077334 47.21690974595751 40.34805098092689
38.09412210642711 47.21689931474948 40.34807943855882
38.093986482976284 47.2169076279463 40.348060148002375
38.094118627785086 47.21690206230065 40.34808513928399
38.09425542463519 47.2168953359422 40.348108651822145
38.094169243465785 47.21690014214205 40.34809522917896
38.09440005358014 47.21688660535403 40.34812955236066
38.09425202977541 47.21689700203182 40.34811173323263
38.09438901793427 47.21689107606491 40.34813725831947
38.09436864365774 47.216892279276465 40.34813424875483
38.09453626625535 47.21688212873278 40.34815839407267
38.094387976304645 47.216891454756905 40.34813787984312
38.094525497984634 47.216885420945445 40.34816329712132
38.09467276607237 47.21687720967323 40.348186238050815
38.09456916978065 47.21688354247357 40.34817146073265
38.09482827138784 47.21686725819289 40.34820733075152
38.09466425482509 47.21687931424082 40.34818889697155
38.09480848988763 47.216871837318166 40.3482127472267
38.09475977790176 47.21687484732878 40.348205877666956
38.09496674095142 47.216861594811945 40.348233930460566
38.094803662759695 47.21687272256911 40.348213501424695
38.09494391927393 47.216865386138466 40.348236533065
38.0951047272721 47.21685561449474 40.348259614226826
38.09495567905461 47.216864820167444 40.34823858430409
38.09508303296802 47.216858393243726 40.34826007072883
38.09524082301539 47.216849081139934 40.348283393808174
38.095126851148834 47.21685614123057 40.348267363922126
38.09522101056217 47.21685136324448 40.34828318584964
38.095376387049576 47.21684220141451 40.34830617133407
38.095280672389485 47.21684826864856 40.34829304689441
38.095548259732425 47.21683067743607 40.34832820047484
38.09535749141841 47.21684421602882 40.348305577246116
38.095511274524995 47.21683503547044 40.34832805154641
38.095420535804124 47.21684092625114 40.348315949130225
38.0956848116386 47.21682313990162 40.3483496584342
38.095490968409116 47.21683718426118 40.34832737349275
38.095645937238885 47.216827532798035 40.34834904292949
38.09554715603961 47.21683412432043 40.34833630450212
38.095621123644506 47.21683013413844 40.34834815463849
38.09578072253749 47.21681976955983 40.34836943312747
38.09565929375028 47.21682802404537 40.34835414506715
38.09574659577609 47.216822934275164 40.348367201865805
38.35910246008385 47.34727600870517 40.370271925842225
38.095765890908055 47.216821759808624 40.348369966501615
38.35970200134013 47.347531527523486 40.37023607298018
38.359595853197746 47.34749459394787 40.37023816228315
38.36124870609588 47.3480737614543 40.37020354377589
38.35975236241283 47.34755318023798 40.37023296430751
38.361821935029866 47.348321086160226 40.37016771605848
38.361487126465086 47.34820353249938 40.37017484908564
38.363428966674036 47.348889185683014 40.37013149988816
38.36196320449342 47.34838245046845 40.37015867508112
38.36397263045957 47.34912558765205 40.370096580040894
38.36339343546598 47.348920934396155 40.370109583002076
38.36563753751751 47.349717849554374 40.370057161077966
38.364190491803996 47.34922167351179 40.3700818930113
38.36614434861585 47.349941473301016 40.37002294381509
38.365307820358154 47.349644036368595 40.37004267618118
38.61418177163884 47.419827642198904 40.33231393079765
38.36643684220847 47.35007206903978 40.37000240824617
38.73259662460252 47.53488433078989 40.353045712235
38.7318288825601 47.53442190991612 40.35313136518599
38.73326554028346 47.53534268044869 40.35296122791409
38.73453337952863 47.536117235343866 40.35281784085735
38.73347355970334 47.535476055186244 40.352936583692355
38.73526432894336 47.53662072174482 40.35272505408728
38.73504945165348 47.5364903586955 40.352749193853
38.73648350025539 47.53736181585677 40.352587833876086
38.735429761757686 47.536735111326855 40.352703976259114
38.737177997824475 47.53784423973581 40.35249895513387
38.73668414081829 47.537543494717525 40.352554636725856
38.73844092206326 47.53861452508387 40.35235634912713
38.73755435520293 47.538106183036064 40.352450699662285
38.73910292493249 47.539077203394065 40.352271126504824
38.73824169442691 47.538551174984725 40.35236850674865
38.73974114483121 47.53952446433306 40.35218875143253
38.73969084962098 47.53949369307916 40.352194447535815
38.74104196602717 47.540321333713436 40.352041249432155
38.73978004431012 47.53955181784845 40.35218371414797
39.0056967927172 47.81035419950324 40.31417528466267
38.74112232962165 47.54042701026608 40.35202210338434
39.005732196607966 47.8105676643234 40.314152885240574
39.005760515542455 47.8106986426229 40.31413719278197
39.00575431112964 47.810692479778496 40.314139370458285
39.00581614284329 47.811035878638044 40.31410189567586
39.00581442276734 47.81103254423612 40.31410259034401
39.005826804112125 47.811058185453504 40.314097498308534
39.00583155946485 47.81112950340906 40.31409210428724
39.005881977414546 47.8113944571239 40.31406238926682
39.00587506214596 47.81137624963358 40.314065450664906
39.00592780803515 47.81167463463392 40.314033177933034
39.005949463617824 47.81176336144926 40.31402181734523
39.0059363614191 47.811723068517956 40.31402794188203
39.006001646753035 47.81208417458161 40.31398845635364
39.005996818194966 47.812067836792 40.31399079669715
39.00601830910555 47.81214084144856 40.31398036417397
39.00602481330328 47.81222699033228 40.313973623929414
39.00606913209138 47.81245544400087 40.31394775239653
39.006057583981615 47.812413551928195 40.31395350725921
39.00611776652954 47.812757139686475 40.313916509120915
39.00611701257404 47.812754259129974 40.31391689298403
39.00613709830098 47.81283056186517 40.313906691114425
39.00612064455512 47.812775034558044 40.31391465792474
39.0061843806027 47.8131258630064 40.3138762049757
39.00617649063985 47.813094561495475 40.31388028673746
39.00621045314256 47.81328928274219 40.31385936156019
39.006250948752346 47.81349522408579 40.31383587872464
39.00623497621022 47.81342980486834 40.31384425667583
39.027681715958046 48.02759176774967 40.288475246917294
39.02768166829081 48.02759245046822 40.28847515205334
39.02768224861327 48.02758416056721 40.28847628072684
39.027679091626275 48.027627501326606 40.2884722532512
39.02766470625804 48.027823022559495 40.28845626863115
39.027664692100224 48.02782339756323 40.288456033347074
39.02764976005807 48.02802656926442 40.28843917641511
39.02764748829415 48.02805716232734 40.28843699362679
39.02764785784825 48.028052454025904 40.28843702599994
39.063832111485354 48.34160114259609 40.278897292313594
39.06381985687526 48.341545781751776 40.27889778707516
39.063956241086615 48.34222285026709 40.27888495303867
39.06401356641292 48.342495707837344 40.27888096888019
39.06398334454884 48.342357277144 40.27888241770764
39.06416166112744 48.34323687060362 40.27886631646106
39.064145344496666 48.34316137401528 40.278867189880245
39.064287382598486 48.3438654061357 40.278853956621056
39.25286096142737 48.77534917140963 40.25333050520777
39.06430735552907 48.34396437194515 40.278852099755895
39.25286320086534 48.77539238099753 40.25333409292091
39.25284369871683 48.77539281268035 40.253338616254844
39.25286570562084 48.77543458827426 40.25333752449195
39.252863265643796 48.77543456543184 40.25333808312445
39.25290746321316 48.77543494294325 40.25332796065334
39.25286607986935 48.77544008611855 40.25333796045378
39.252909732165136 48.77547766297124 40.25333149510301
39.2528848470793 48.77547664585972 40.25333711809236
39.25291230096576 48.775519187371785 40.253334847120094
39.252904721794366 48.775518590241674 40.2533365324142
39.25291348411388 48.7755360649004 40.253336177580195
39.25295808145903 48.77556446584666 40.25332862383776
39.25292555090926 48.7755604924305 40.25333572337208
39.2529604211044 48.77560505491145 40.25333193972056
39.25294338693541 48.775602151738084 40.25333557919794
39.25296293958523 48.77564416171957 40.253335073771005
39.25295944922596 48.77564337939618 40.25333580171506
39.25296359490225 48.775653692666616 40.25333582804493
39.25297624049366 48.77568432013618 40.25333582944431
39.25301283712684 48.77573106945955 40.25333185661458
39.252991530117846 48.7757246553458 40.253336144818874
39.25301505147609 48.77576747060297 40.2533348036839
39.25300605206873 48.77576447081485 40.25333658728906
39.25301635340317 48.7757882922794 40.25333648131091
39.25302306512348 48.77580356478113 40.253336388705904
39.25306552202979 48.77585171739699 40.253331202190445
39.25303928977483 48.77584186459248 40.25333629592939
39.25306722628011 48.77588470494891 40.253333942405625
39.25305446528641 48.77587937185844 40.253336369039644
39.25306904064765 48.775916141365144 40.25333651004304
39.25306849149462 48.77591588504698 40.253336611924205
39.25306914050347 48.775917723197345 40.253336637275275
39.27116383598333 48.77918494828688 40.250536613967036
39.2712144694965 48.77922350615044 40.25052871062071
39.271169092910554 48.77921533238127 40.250537938995166
39.20636319487413 48.87386952991526 40.24242637900254
39.20634131801146 48.87385855809235 40.24242700770826
39.206364458052505 48.87394578595996 40.242401853797226
39.206347350399355 48.8739359694693 40.24240274587717
39.20636568555396 48.87402073801523 40.24237774609487
39.206351816931885 48.8740118895017 40.242378757679475
39.20636711165437 48.87409491946965 40.24235391448378
39.20635541246377 48.8740866082194 40.24235504207671
39.20636808667929 48.874167330327836 40.242330595950456
39.20635837489735 48.87415980156057 40.24233173581075
39.20636937631458 48.87423934104192 40.24230744905049
39.206359874230266 48.8742314309002 40.24230874044214
39.20637088628031 48.87431078059146 40.24228451656304
39.20635995247128 48.87430119287447 40.242286159824744
39.206372075232956 48.874381043003424 40.242261922358765
39.2063594967166 48.87436949861106 40.24226397940207
39.20637302992816 48.87444996857823 40.24223972975004
39.20635852707289 48.874436006524036 40.24224231247785
39.20637352309385 48.874517116388375 40.24221805114303
39.20635706428882 48.87450078014795 40.24222114125113
39.206373621120406 48.87458261865609 40.24219685259457
39.20635606735311 48.87456402234378 40.24220052821853
39.17923331579574 49.01419515949145 40.19513580044601
39.20635522778026 48.87462532906409 40.242180562987436
39.17914941273823 49.01431390862437 40.19508830439195
39.17912871516204 49.01434273876143 40.19507669651771
39.17906623769774 49.01443164617962 40.19504121604869
39.17904644176291 49.01445917909633 40.19503012352887
39.17898347942617 49.01454881463897 40.19499435876264
39.178964331787704 49.014575385185154 40.19498364374316
39.17888185055827 49.014692097278434 40.194936958354354
39.17880041648777 49.01480733844232 40.194890863134475
39.17872138634221 49.014919239886936 40.19484611405899
39.17875998754798 49.0148645493002 40.19486797907429
39.17872002446236 49.014921108521584 40.19484535692212
39.17864536679278 49.015026961134005 40.19480305029773
39.17864202388013 49.01503152101206 40.19480119812062
39.17857114443412 49.01513215750536 40.194760999507054
39.178566984272194 49.01513777823419 40.19475870716536
39.178498777496934 49.01523474328267 40.19471999542497
39.17849483754434 49.01523996679316 40.19471784780014
39.178423780366515 49.01534061332886 40.19467760520271
39.17835374701583 49.015439804537095 40.19463794365104
39.17828401883618 49.01553857959361 40.19459845115577
39.17829578390088 49.015521893251375 40.194605119380284
39.178284365169745 49.015538065819534 40.19459865274362
39.17821171954898 49.015641125094916 40.19455747236275
39.17821611430777 49.015634720784156 40.19456000338445
39.178148743049654 49.01573012335999 40.19452185370602
39.17808447439488 49.01582115857519 40.19448545477752
39.09260594120471 49.15600393086956 40.11912049636798
39.09261700138491 49.15598154294359 40.11913329472919
39.0926068717862 49.15600208929575 40.11912150558995
39.09255894632964 49.15609918302333 40.11906591438604
39.092563523449215 49.15609008256456 40.11907094666227
39.09251329042826 49.1561918263869 40.1190127187388
39.09252191677908 49.15617462604972 40.11902228158273
39.09248193383735 49.15625595810825 40.11897537447697
39.0924429533419 49.15633527369526 40.11892960700998
39.011323039788664 49.246903710983716 40.06787246389553
39.0924341673918 49.156353151453615 40.1189192904519
39.011320215476786 49.24690355889607 40.067872507952856
39.02495872396755 49.3401982929534 40.01094442346826
39.02496631460535 49.34016850575138 40.010964493510336
39.02493215082688 49.34030166877848 40.01087419389836
39.02489895579137 49.34043106390685 40.01078645453029
39.02486392134762 49.34056768874622 40.010693851273395
39.02487962383981 49.34050642076456 40.010735357321195
39.02486646705388 49.34055770774226 40.01070058194708
39.024826436634086 49.34071394644963 40.01059476877022
39.02483509473865 49.340680007611454 40.010617659960005
39.02480465186904 49.34079868716246 40.0105371945418
39.024774920680755 49.340914592545545 40.010458610202676
38.81911931309553 49.57644148100673 39.91606155640686
38.819388344837044 49.57610373386618 39.91622062366578
38.81910851275319 49.576439007316964 39.916067937552036
38.81859256513355 49.577056132011606 39.91578725023879
38.81808095775348 49.57766650657493 39.915510165381235
38.626437528670536 49.831537701155625 39.775909681811456
38.817950000054225 49.57782209300812 39.915439759118804
38.626400929825756 49.83156720209932 39.77589999277583
38.62610239785564 49.8318080248372 39.77581895731271
38.62581557684017 49.83203940757089 39.775741024800965
38.62591213958021 49.831961503017546 39.77576732580269
38.62580606897088 49.832047068906334 39.77573853549645
38.62551862440489 49.83227894879087 39.77566049637309
38.62523872575467 49.83250474420008 39.77558447628467
38.625246814239915 49.83249821896582 39.77558667545186
38.6252387810745 49.83250469909998 39.77558449636929
38.468440620107145 49.96639820750528 39.70896390521618
38.468437484222775 49.966400578423894 39.70896509158813
38.46843675025336 49.96640111879002 39.70896539788586
38.46843393997034 49.96640319218814 39.70896656201536
38.46843060692937 49.96640567407911 39.70896789785553
38.46843037982501 49.966405841477936 39.708967992238634
38.46842721189448 49.96640818834332 39.70896928565023
38.46842391886462 49.96641066310059 39.70897056090827
38.46842464328003 49.96641010901145 39.70897029940285
38.46842403128764 49.96641056728794 39.708970539635175
38.4684210504749 49.96641282024345 39.70897166875476
38.4684177603966 49.966415339647625 39.70897285073953
38.468419550355165 49.966413950779824 39.70897224344773
38.46841805163012 49.9664150783533 39.70897282136477
38.46841539975974 49.96641711988209 39.70897375276361
38.468415002132396 49.96641742106999 39.708973902098506
38.468412696460895 49.966419186661845 39.70897473041774
38.4684093379703 49.96642173243855 39.70897598812151
38.46841088551922 49.96642056980757 39.70897538808414
38.46841004760552 49.966421215506756 39.708975681129445
38.46840749033056 49.96642318198201 39.70897658368754
38.2576497350576 50.167527450383986 39.622010160013104
38.25724493491176 50.167932765338 39.62179411047993
38.25701614297334 50.16816185880576 39.621671961486456
38.25678913381515 50.16838917637061 39.621550730758955
38.25633893725402 50.16883997932173 39.62131032926716
38.2563823908697 50.16879652764248 39.62133331338761
38.25635683314246 50.16882212343006 39.62131965254457
38.255955593817674 50.169224050191644 39.62110485957865
38.2556291223877 50.169551239786536 39.62092951436211
38.255615328482776 50.16956506463278 39.62092210359243
38.25536799645938 50.16981323503474 39.620788193825206
38.254832043155716 50.17034971632214 39.62050270371758
38.25503293271416 50.17014902917187 39.62060825800291
38.25461232790502 50.17057027853076 39.62038337470669
38.25476151813808 50.17042122868628 39.62046180047827
38.25496277565347 50.17021964459107 39.62056947215369
38.254840279295436 50.170342019485204 39.62050510123443
38.25456964600129 50.170613126764074 39.62036018730214
37.988086676017 47.17472890336046 40.31428435530656
37.98815859090892 47.17477057672463 40.31433556682505
37.98822216562856 47.17481082214057 40.314383730132164
37.98813751354033 47.174764974150364 40.31432617053964
37.98835243825912 47.17487456137306 40.3144665218131
37.98839163055152 47.17490658169319 40.31450233474888
37.98865417470133 47.175035176801856 40.314669306161605
37.98865036268933 47.17503370302258 40.31466721578738
37.988656990417425 47.17503673696305 40.314671250568836
37.98893085822352 47.175165299148254 40.314840686616925
37.98912183689674 47.17523844719719 40.31494482930354
37.988959044519746 47.175178134014686 40.31485778808454
37.989191113498975 47.17527770065764 40.314993405533016
38.093158073649164 47.21694226593019 40.34790286093706
38.09315125162231 47.21694250632428 40.347901456014384
38.093257783418835 47.21693817984363 40.34792199547745
38.09336355282622 47.21693348713268 40.34794141695746
38.09315884447815 47.21694232437379 40.34790322895699
38.0932668640778 47.21693899133876 40.34792663160115
38.093378613340406 47.21693521473842 40.34795003925932
38.0934883017826 47.216930488143745 40.34797052259039
38.09339279415667 47.216934765962634 40.347953084142844
38.09360410459768 47.216924741637555 40.34799029850933
38.09349326022667 47.21693143302115 40.34797428075587
38.09361159422042 47.21692697639003 40.34799794927231
38.09373124223205 47.2169211680435 40.34801869713149
38.09363253372265 47.216926197288615 40.34800216072732
38.09385645106442 47.21691426585336 40.34803839515773
38.09373300296283 47.21692226730303 40.34802189870733
38.09385751808289 47.21691688987172 40.34804512160091
38.09398494818807 47.216910310228954 40.34806625693662
38.0938843943585 47.216915767018634 40.34805022673854
38.09411742020299 47.216902939040885 40.34808692988525
38.09398431805848 47.216911456616714 40.34806887539373
38.09411244978564 47.21690620467548 40.34809346141615
38.09410961039227 47.21690634938887 40.34809298584917
38.094247440816446 47.21689895095043 40.348115157282216
38.09411239196211 47.21690623744772 40.34809352464323
38.094242253754345 47.21690090572768 40.34811842095816
38.0943779065574 47.21689454092553 40.34814248321493
38.094302780522035 47.21689856803198 40.34813038498748
38.09452219039242 47.21688625882697 40.34816437934905
38.09437334741351 47.21689589065578 40.34814445117211
38.09450828313059 47.21688994775641 40.3481693353812
38.09447382689218 47.21689186074731 40.348163947866944
38.09465550711249 47.21688116436266 40.34819086479595
38.09450571145729 47.21689049262364 40.348169916243606
38.0946401411255 47.21688401480205 40.34819334495104
38.09478764040277 47.216875496143274 40.34821560195715
38.09466175141942 47.21688300005499 40.3481971762639
38.09494218845247 47.21686563445765 40.3482366345724
38.094774567379375 47.2168773981178 40.34821643319178
38.094918555111946 47.21686927048108 40.34823862044318
38.09484439850817 47.216873753934955 40.34822792097652
38.09507536368704 47.216859313683734 40.34826008080606
38.09490935201691 47.21687031827685 40.34823849385817
38.09504823768475 47.21686279726678 40.34826067386653
38.095014136923965 47.216864817127416 40.34825565143959
38.09520812618682 47.2168527504768 40.348282813824866
38.095042869248594 47.216863323485775 40.34826039225295
38.095178027875704 47.21685617078796 40.34828238404651
38.09516055754518 47.21685719944374 40.348279795949665
38.09534089708644 47.21684587355205 40.3483047823695
38.09517468581116 47.21685647854178 40.34828216023312
38.09530898121806 47.21684941062537 40.34830410715466
38.09528708132365 47.216850731859 40.34830094050419
38.0954740274552 47.21683882598359 40.34832643874625
38.09530416153444 47.216849857940986 40.348303792931986
38.095439491452545 47.216842334735574 40.34832492899844
38.09540291780873 47.21684458303309 40.348319742730006
38.09560725881795 47.21683140336769 40.348347207765066
38.0954304501136 47.216843036485656 40.34832400370193
38.095568751648294 47.21683479535754 40.3483442526641
38.09551331593589 47.21683827495629 40.34833656719091
38.09573842155741 47.21682357286007 40.348366375424426
38.095553430185454 47.216835833401795 40.348342315167066
38.35824461674024 47.34702756633155 40.37026315552015
38.095618178505205 47.21683179795646 40.34835136185153
38.358569232443 47.347166935641894 40.37024321978451
38.360292810037734 47.34778743576297 40.37019863451782
38.359419509111646 47.34748470594839 40.37021524439342
38.36069192800315 47.347961306890895 40.37017283374601
38.362376086345975 47.34856403491149 40.37013110411339
38.361253784888746 47.34817216989363 40.37015389528754
38.36286180419319 47.34877783164867 40.370098577507704
38.364486282158694 47.34935353181691 40.37006123334593
38.3630128656728 47.348834846044994 40.37009332084199
38.364987558330746 47.349574145503276 40.370027680910724
38.364620433521196 47.34944447798829 40.37003589587457
38.613785147618515 47.419634477021226 40.332347180539706
38.365133055468085 47.34963891040401 40.37001756740401
38.73224337023228 47.53473291146253 40.35307421783506
38.36631111564273 47.35008649081796 40.36997506009375
38.7333588002471 47.535406742771855 40.352949420810695
38.73272878734808 47.53506470420721 40.35301305544988
38.73409674322989 47.535913045816486 40.35285610188835
38.733274950995394 47.53541562501745 40.35294821950389
38.73480942870172 47.53640246052339 40.35276589862224
38.73473402622007 47.536356687686016 40.35277437433108
38.73596831767561 47.53710766936791 40.352635328507006
38.73487408903365 47.53644699177981 40.352757691973125
38.73664922209619 47.53757871592698 40.352548533308365
38.736275546420245 47.53735093756957 40.35259070382074
38.73784648167988 47.53830983406583 40.352413185002874
38.73694290378804 47.53778248488799 40.352510990684124
38.73849377326353 47.53876108637859 40.35233005961107
38.73777784791859 47.5383230611227 40.352411142889984
38.739005698830155 47.53911939147074 40.3522640652509
38.74034687768471 47.53995104844311 40.35211019797897
38.73925734650378 47.53928289517812 40.35223386911096
38.74093230106107 47.54036376273764 40.35203420135508
38.74061193003106 47.54016682863113 40.35207064923888
39.00575251280365 47.81069030268188 40.31414002351005
39.00576492300805 47.81080218633093 40.31413009899525
39.005806340897536 47.81101575059745 40.314105917305525
39.00580101092013 47.81100548507889 40.314108066131176
39.005855580124965 47.81131415118296 40.31407467966885
39.005869900412755 47.811362551358364 40.31406774179703
39.005859235444376 47.81133486655841 40.31407244107379
39.00592170673165 47.81167816907663 40.3140347827321
39.00591778869444 47.811666331360314 40.3140366023713
39.00593508018359 47.81171914435755 40.31402853989233
39.005944872778784 47.81181957313004 40.31402002941951
39.00598608711079 47.81203163564479 40.3139959918666
39.00597677530712 47.81200032463309 40.31400049421172
39.00603190069282 47.812313117338206 40.313966712617244
39.00605138396368 47.81239104029548 40.31395659810339
39.00603546230637 47.812333350373834 40.31396452868512
39.00609896359774 47.81268509567127 40.31392609380593
39.00609291358002 47.812661940645306 40.31392917632389
39.00612184809229 47.81282689569746 40.31391140152326
39.00616385883031 47.813044197184 40.313886835648674
39.00615038216758 47.812990254237924 40.31389383432361
39.006207865145235 47.81331861808571 40.313858485261065
39.006205944534216 47.81331067376343 40.31385949702791
39.00622882448018 47.813404621505256 40.31384748269712
39.00621413225659 47.813357775178176 40.313854443535085
39.02768117364849 48.02759950105582 40.288474208506926
39.02768093074269 48.027602971552675 40.28847373536854
39.027669022762346 48.0277649568815 40.28846034007582
39.02766467304598 48.02782383782454 40.288455794176734
39.027664615680706 48.02782491242067 40.288455375800524
39.02764823666824 48.02804766055014 40.28843701964837
39.02764835430665 48.02804615829079 40.288437034148174
39.02764788735143 48.02805207601732 40.288437031138216
39.02764138061414 48.02814105443106 40.28842915050861
39.06380481284306 48.34147793737583 40.27889838028842
39.06378816568554 48.34140297511624 40.278899023278115
39.063949246420165 48.34220120954194 40.27888403814446
39.06394511802855 48.342182318910275 40.278884233727
39.063980434042165 48.3423439375384 40.278882558208366
39.063984941229016 48.3423797999054 40.27888051250445
39.06412466559481 48.34306555177396 40.27886831382799
39.06410383708504 48.34296908999229 40.27886943944888
39.06426431253108 48.34376363406628 40.278854593687754
39.0642588479511 48.34373812204303 40.27885491356452
39.064304774578574 48.34395230539398 40.27885225288966
39.06430180695936 48.34395092955094 40.27885092622681
39.2528239714851 48.77539328736006 40.25334319540385
39.25280026492022 48.77539390146578 40.25334870239516
39.25282708624076 48.775434201893006 40.25334636403703
39.25281924579075 48.77543410495271 40.2533481568723
39.25282859461276 48.77545136535312 40.253347646895115
39.25286873251386 48.775475951456244 40.25334075591518
39.25284135363258 48.775474709849334 40.25334693076116
39.25287192284877 48.77551601643367 40.253343826518446
39.252861888041494 48.77551520300479 40.25334605567684
39.252873802332694 48.77553648230824 40.25334533761986
39.25291518715817 48.7755593016889 40.253337992311515
39.25288445913949 48.775555729382276 40.25334471563671
39.252918174470075 48.77559830867193 40.2533410091288
39.25290305151331 48.77559597595197 40.25334426349581
39.252921302516405 48.77563609251112 40.25334387747163
39.252919894241174 48.775635814149325 40.253344174719466
39.25292163036841 48.7756397900322 40.253344153170126
39.252965626421556 48.77568188974579 40.25333803822196
39.252937479922366 48.77567539959336 40.25334389118666
39.252968487059874 48.77571873225573 40.25334087865343
39.25295163068561 48.77571435500356 40.25334433731408
39.25297149522562 48.775754446612396 40.253343578067785
39.2529661324282 48.77575286979932 40.25334466093986
39.25297279200041 48.77576893934734 40.253344655994
39.25301727822536 48.77580173599634 40.25333754512994
39.25298212683207 48.77579072527084 40.25334457889644
39.253019818899695 48.77583550872768 40.25334016764932
39.252996940149345 48.77582785115245 40.25334469904342
39.253022491538395 48.775868116084105 40.25334264919468
39.25301181995191 48.775864264676486 40.253344736276546
39.25302488190352 48.77589540571921 40.25334469074011
39.25302671591802 48.77589974965923 40.25334468163672
39.253071310448675 48.77594757464627 40.253338972706544
39.253038443972564 48.775934386912866 40.2533452746202
39.27114564869231 48.77921222310195 40.25054279750106
39.206297877892155 48.87376496034577 40.24245151084464
39.20632324164565 48.87384993695887 40.242427383205666
39.20630473441804 48.873841305192144 40.24242770455259
39.20632504767658 48.87392397951395 40.24240364736026
39.2063111774671 48.8739166183676 40.24240417707738
39.206326858755446 48.87399688408769 40.24238028070304
39.2063161951275 48.8739905663699 40.242380901153744
39.20632823341768 48.87406834635134 40.24235732277388
39.20632096783285 48.87406356692935 40.24235789929782
39.206329500554006 48.87413843205151 40.24233479624524
39.20632480837961 48.87413501389145 40.24233527594174
39.20633099078279 48.87420800101736 40.242312466872136
39.20632721630266 48.87420496620216 40.24231294509915
39.20633250134635 48.87427664684655 40.24229043915731
39.20632862540178 48.874273216686284 40.242291031846335
39.20633401358403 48.87434468221453 40.242268609352394
39.20632920284971 48.87433999385772 40.242269484529665
39.20633569191956 48.87441231446209 40.2422469322928
39.206328546631255 48.874404901306974 40.24224837778085
39.20633682283481 48.87447811839477 40.24222577412352
39.20632789013898 48.87446826159095 40.24222777201519
39.20633763318044 48.87454258430691 40.24220500639554
39.20632698803915 48.8745300692364 40.24220763621105
39.20633746729091 48.87460352989021 40.24218524816383
39.20632667741803 48.874590131500156 40.24218814467897
39.17911170819128 49.01436642519967 40.1950671591511
39.17910022800241 49.01438241601318 40.19506072073675
39.179032680343894 49.0144783191261 40.195022412376744
39.179021738928725 49.014493537721606 40.195016281223516
39.178954493747305 49.01458904025469 40.19497813763769
39.178943161243254 49.01460477651966 40.194971793500436
39.1788763898897 49.01469965721901 40.194933906702225
39.17886480859244 49.014715687574906 40.19492743533404
39.178798727612076 49.01480966742197 40.194889921466995
39.1787870431314 49.01482576946239 40.19488340912237
39.17871032076954 49.01493437809572 40.19483997267384
39.17863568162426 49.01504005959896 40.19479771050941
39.178561883765916 49.01514457041526 40.19475591989378
39.17857727184852 49.01512275812466 40.19476463863319
39.17856158521154 49.01514496936963 40.19475575641953
39.1784918510971 49.015243855074985 40.19471623658961
39.17849099351541 49.01524495583104 40.19471577762135
39.178423053471306 49.01534140563919 40.19467724916775
39.17842204468841 49.01534262660475 40.194676726598125
39.17835395322283 49.01543939573889 40.19463808780341
39.17835448849475 49.01543832616241 40.19463846396795
39.17828864776898 49.01553160556069 40.19460117061332
39.17822374292625 49.01562355153858 40.1945644091214
39.17815685108364 49.01571835444189 40.19452651234305
39.17818502749537 49.0156783822745 40.19454248449008
39.17815867465866 49.01571570649628 40.194527560350494
39.1780885661626 49.01581523825386 40.19448780134706
39.17809597079973 49.01580452943901 40.194492046661836
39.09261610077662 49.155983864958166 40.11913145127454
39.09257325792749 49.15607079251092 40.11908154554063
39.09252929076167 49.15615994505107 40.1190304204433
39.09255392337921 49.15611002672641 40.11905901606424
39.092531387912615 49.15615577369877 40.11903272885485
39.09248625131945 49.156247333175074 40.11898018665071
39.09249164714541 49.15623656270404 40.118986186842285
39.09244388871238 49.156333401538774 40.11893065531679
39.09245334713954 49.15631448441418 40.11894123320029
39.011311144553595 49.24690311553409 40.06787260975423
39.01129601500295 49.246921106919 40.067856292727875
39.011300536329685 49.24691484234115 40.06786195055004
39.011294957947 49.246921027750986 40.06785632879814
39.024938927253515 49.34027507733723 40.01089211110186
39.024943851453216 49.34025575183021 40.010905131009935
39.02490213549299 49.340418591725964 40.010794861633094
39.02491143993072 49.340382091447296 40.01081946262904
39.02487983670581 49.34050528347548 40.010735930587934
39.02484911524574 49.34062504350567 40.01065472900333
39.02481627652704 49.34075311820646 40.01056792906501
39.024831236140656 49.34069474016032 40.01060747177666
39.02481905230968 49.340742235937384 40.01057526801728
39.02477914515601 49.34089803365946 40.01046977928523
39.02478965663259 49.34085682707308 40.01049757070543
38.81907671665813 49.576431116493005 39.91608720797761
38.81856558862953 49.57705023616455 39.91580296351767
38.818703087635726 49.576877701328954 39.91588419420815
38.81855946869666 49.577049301950396 39.91580620708393
38.81807475771051 49.577665600632365 39.91551341915496
38.81805054885678 49.577656415848544 39.91553062101936
38.62633131046792 49.83162332368892 39.77588151862103
38.62607196395898 49.83183255606008 39.77581090452451
38.62625320615598 49.83168632949993 39.775860319101625
38.626041494388666 49.831857117030694 39.77580283168254
38.625766149079546 49.832079242714855 39.775728011139506
38.62549630683194 49.8322969309871 39.775654664582326
38.625532924948814 49.832267388028754 39.77566464176577
38.62549294766845 49.832299637928415 39.77565378334185
38.62522549714524 49.83251539530781 39.775581102180894
38.468440069701856 49.96639850029564 39.70896435593421
38.468437350873714 49.96640064616555 39.708965207064345
38.468439161995605 49.96639918502113 39.708964702396614
38.468437011470115 49.966400815929106 39.70896550619554
38.468434024666635 49.96640308287303 39.70896661898639
38.46843061472874 49.966405662408235 39.708967906255936
38.46843275244741 49.966404029836234 39.708967129608254
38.46843078064536 49.96640550290644 39.70896791044098
38.46842759916056 49.96640787968475 39.70896917032162
38.468426969325755 49.96640834903424 39.70896942205557
38.46842451365795 49.96641019352983 39.70897037494885
38.46842140954749 49.96641252876836 39.70897157221632
38.46842178491741 49.96641224178434 39.70897143646045
38.46842147701892 49.966412473845025 39.70897155437859
38.46841882788395 49.96641451169566 39.708972487907644
38.468415604411376 49.966416967302116 39.70897367111478
38.46841722855533 49.96641574013769 39.70897305511967
38.46841622638661 49.966416516146396 39.70897339826963
38.46841387160184 49.966418363430755 39.7089741575708
38.468413218873664 49.966418868168354 39.70897438242425
38.46841136347462 49.96642030019538 39.70897502689342
38.46840797628569 49.96642284301235 39.708976343927475
38.46840949030968 49.96642174412592 39.70897568108879
38.46840888074992 49.966422215423606 39.7089758911873
38.257298973016056 50.16787893422224 39.6218219495169
38.25721745201531 50.16796056867858 39.62177840465985
38.2568672148882 50.16831130936603 39.62159126511491
38.25655096578953 50.168628075422106 39.62142205982481
38.25646454226748 50.168714639477216 39.621375822642555
38.2560981917364 50.16908169152818 39.62117943803003
38.25569059758808 50.16948990440433 39.62096153248435
38.25577016827388 50.169410451109684 39.62100320638096
38.2556431545512 50.169537870242195 39.62093453031899
38.255519379158024 50.16966205052876 39.62086756952309
38.25514867623701 50.1700334110553 39.620669041690945
38.25539975540504 50.169782077366584 39.62080281191929
38.25529416331619 50.169887543102675 39.62074740276033
37.98822879557128 47.17481096944053 40.31438531459004
37.98829737394563 47.17485025842749 40.31443376728673
37.988421835174876 47.174914306743794 40.31451554216716
37.98836059573268 47.174889994460216 40.3144814204298
37.988313861837725 47.174858586721285 40.31444446751271
37.98848925373894 47.1749526687565 40.314562952545614
37.98852696568059 47.17498363655447 40.314597546012614
37.988777772227174 47.175108532448576 40.31475879301701
37.98873808081139 47.17509321618635 40.314737052266494
37.988940807403736 47.17517130035812 40.31484797179015
37.98880363489076 47.17512397475806 40.3147775967688
37.98905832182947 47.17524176970113 40.314933669095154
37.98901898609032 47.17522696990854 40.31491244512921
37.98924731483396 47.17531121696576 40.315034232657865
37.98907581038476 47.17525219415949 40.3149463692717
37.98932810786418 47.175359441419346 40.315092960447366
38.093172945669664 47.21694462089772 40.34791296185787
38.093132440739474 47.216946178443614 40.34790493868608
38.093274220588796 47.2169401189683 40.34793153696544
38.093379423545926 47.21693535260353 40.347950612937595
38.09317621591001 47.2169450124679 40.34791487428929
38.09328342167251 47.216941125702164 40.347936685552
38.093391049848535 47.216937527182296 40.34795932485254
38.09337295578992 47.21693828437549 40.34795589094635
38.0934990312661 47.216932623950335 40.34797887777533
38.093612227097125 47.216927190342005 40.34799865716098
38.0933922118312 47.21693765330592 40.34795997257537
38.09350462046723 47.21693373531459 40.34798322717514
38.093618458407725 47.216929562763646 40.3480062769438
38.093594465251826 47.216930657634464 40.34800194551066
38.0937353295395 47.21692372197132 40.34802613440439
38.093857682965904 47.21691717642247 40.34804587027444
38.09361927211152 47.21692977689885 40.34800703809695
38.09373786974048 47.21692499971634 40.34802999998355
38.09385802742 47.216919892988614 40.348052611914845
38.09382246370156 47.21692168423061 40.34804660329173
38.093983075604356 47.216913110920025 40.34807255667261
38.093858158998344 47.216920265360415 40.34805356066236
38.09398149456613 47.21691490724251 40.34807648624279
38.09410752596135 47.21690891564915 40.348098650608826
38.094043451182095 47.216912276959235 40.34808815263507
38.094239603462746 47.216901837084954 40.34811992368714
38.09410603065212 47.2169096316314 40.348099964174104
38.09423210102435 47.21690421369674 40.34812354231469
38.09436687900376 47.216897505067834 40.348146508516834
38.094239269629746 47.21690393844695 40.34812496325746
38.09435890196419 47.2168992095383 40.348148345376515
38.09449401884519 47.21689264816116 40.34817177054397
38.09440216841831 47.21689746006539 40.34815670595056
38.09463796316408 47.21688434853555 40.348193524663756
38.094486714412454 47.216893804377946 40.34817246357705
38.09462105169543 47.21688724140844 40.3481956571442
38.09456445321736 47.21689035099043 40.34818672748813
38.09476651237018 47.21687844881156 40.348216649028004
38.09461555155934 47.216887997482836 40.34819589897734
38.09474675609991 47.21688130033173 40.34821784949679
38.09472851952674 47.216882372291536 40.34821514345609
38.094894196789205 47.21687216496138 40.348238581751446
38.09474475731125 47.21688154666424 40.34821786787876
38.09487421277073 47.216874528379556 40.34823852246427
38.09502102695173 47.21686567764276 40.34825976755339
38.094894143197024 47.21687345249159 40.34824171364822
38.0950021088628 47.21686755166955 40.34825882321979
38.09514806292913 47.21685907875133 40.348280740714856
38.09503959360133 47.21686556699385 40.34826492006467
38.09512780830394 47.21686077325393 40.34827896712899
38.09527547610294 47.21685221486992 40.348301176243524
38.09516760883373 47.21685855166126 40.34828516120071
38.09525134719397 47.2168537923972 40.34829798508136
38.095401463876904 47.21684498175309 40.34832029278837
38.095285183934536 47.21685183356681 40.34830307958947
38.09537109708539 47.21684682030547 40.34831591775775
38.09552707322912 47.216837388347656 40.34833841802596
38.09538955074414 47.21684571306628 40.34831860096005
38.095488462330984 47.21683976463786 40.34833294960584
38.09548146558857 47.21684018521793 40.34833193414187
38.358850382587704 47.34728798872161 40.37022577647332
38.35751935373669 47.34683010709087 40.370249287657366
38.35942971390439 47.34753602840018 40.37019055069302
38.3591339687254 47.34743343971571 40.37019621083448
38.36086405124861 47.34803621801867 40.37016174403573
38.3595812790677 47.347601079957265 40.370181253270744
38.36141005808074 47.348271742718254 40.37012764583354
38.36078728436277 47.348054169442655 40.37014035659189
38.362906867397946 47.34879763603922 40.37009557565763
38.36170474868874 47.34839958128552 40.37010887256913
38.363422036129414 47.3490222334657 40.37006218562143
38.36244265441795 47.34867792508592 40.37008327700163
38.36385219022092 47.34921109027395 40.37003362734475
38.36546191865651 47.34978533958172 40.36999468615324
38.36405765146644 47.349288992459776 40.37002629516744
38.36592508006471 47.34999021063572 40.3699631558677
38.36556582608131 47.34986289232626 40.369971415557735
38.732989956139505 47.53524356071256 40.35298008745167
38.73217073774548 47.53476681366617 40.35306851867888
38.733708718563115 47.53573565832103 40.35288937993325
38.73318007459707 47.53541580467979 40.352948614747646
38.73418869887867 47.536065329320046 40.35282861917157
38.73549742011323 47.536877513182404 40.35267835942253
38.73465056399004 47.53636308720558 40.35277361259108
38.73616211241262 47.5373364601371 40.3525937879468
38.736026748123585 47.53725396894241 40.35260906039177
38.73730323905549 47.538033181240266 40.35246480651861
38.736273947776525 47.53741390521459 40.35257951839749
38.73793024720994 47.53846974991697 40.35238438249735
38.73746878224175 47.538187367455485 40.352436654264714
38.739109247421354 47.53919217049257 40.352250662413056
38.73826708661944 47.538705021243594 40.35234104594971
38.73970302123681 47.53960855141342 40.35217397644152
38.738887489438824 47.539108083685434 40.35226660746711
38.74026517970436 47.540004446183346 40.35210107427054
38.740218565905494 47.53997576507054 40.352106382271714
39.00579760998438 47.81099943801411 40.31410940910506
38.74029859540305 47.54002800949768 40.35209673539217
39.00584861669805 47.81130780359412 40.31407709191301
39.00584502672686 47.811299111099736 40.31407863870487
39.00585882522971 47.81133384038647 40.31407261966152
39.005876495906044 47.811476588984284 40.31405941462989
39.005909414375296 47.811641130166784 40.31404048600553
39.00590145799023 47.811617549732546 40.31404415551339
39.00595821417584 47.81193817315465 40.31400945412494
39.00595735383136 47.811935311638386 40.31400986835335
39.005971626546824 47.8119830417407 40.314002982016135
39.00596280685686 47.81196616322717 40.31400653169804
39.006019386964724 47.81227534013591 40.313972522586404
39.00601402552562 47.81225599238051 40.31397518871986
39.00603480413834 47.81233097233165 40.31396485614189
39.00604431570616 47.81242816781607 40.3139566095458
39.006081472560346 47.81261820372482 40.31393500274032
39.00607004084653 47.81257446492306 40.313940826512784
39.00612602900243 47.81289309741003 40.31390646338457
39.006125329414196 47.812890295473466 40.31390682678847
39.00614419019676 47.812965456655824 40.313897050654575
39.00612875834794 47.812909951769676 40.313904714313516
39.00618769574494 47.81323531303704 40.31386910352317
39.00617942776305 47.81320096156633 40.31387346756132
39.00621614292383 47.813412245398574 40.31385080274616
39.02768064732541 48.02760702247275 40.28847318137404
39.006232777496514 47.813508092139166 40.313840527254925
39.027664461249465 48.027827404311914 40.288454731711845
39.027664441760194 48.02782775854745 40.2884546026172
39.02766460229892 48.027825154623216 40.2884552883924
39.027658243636495 48.027912079062084 40.28844762207176
39.02764863181849 48.02804263915548 40.288437038613964
39.02764884264866 48.02803998350493 40.28843702049013
39.027633426433056 48.0282497520925 40.288419606126794
39.027633435841175 48.02824962854753 40.28841961137746
39.06377913847864 48.3413623658164 40.27889936710825
39.027633137988985 48.02825368201807 40.28841927420622
39.06392001338091 48.34206758293371 40.27888540652877
39.0639100181164 48.34202197867019 40.278885864193626
39.06400074224711 48.342471351607486 40.27887744947447
39.06408960389699 48.342903166943564 40.278870209337114
39.06406472406508 48.34278813983056 40.27887153017814
39.064225200137884 48.34358088562318 40.27885690094623
39.06421621531031 48.34353890985378 40.27885743037998
39.06428495675537 48.343879291621604 40.27885106743034
39.1558346324477 48.5587455710171 40.27446452997648
39.15576272774961 48.558503279422666 40.27447573184465
39.25279157040683 48.775433849653666 40.25335449350852
39.25278229729049 48.7754337699548 40.25335661726295
39.25279406751531 48.77545619818968 40.253356041400316
39.252830798207185 48.775474211997505 40.2533493095394
39.2528029479418 48.77547284075388 40.25335558041968
39.25283467434069 48.77551290606634 40.253352092362235
39.252822768475184 48.775511861610696 40.25335472962803
39.2528375639755 48.77553829170098 40.253353838385756
39.25287556556607 48.775554678956794 40.253346659994335
39.25284475410835 48.775550958414804 40.25335338842321
39.25287913170723 48.775592309992334 40.253349413138466
39.252863437211005 48.775589823215405 40.25335278424084
39.252882815500485 48.77562874227056 40.25335202542866
39.25288064402255 48.77562831891897 40.25335248432435
39.25288344422896 48.775634715385706 40.25335244802449
39.25292462388952 48.77567260110058 40.25334658030518
39.25289767309475 48.77566656287506 40.25335220135774
39.252927966824444 48.77570855206696 40.25334922524092
39.25291057429786 48.77570417889143 40.25335280751719
39.252931480847224 48.775743373183076 40.25335172358332
39.25292464037464 48.77574143658335 40.25335311192335
39.25293358648674 48.775762621047136 40.253353067064545
39.25297460954713 48.77578859514978 40.25334610442077
39.25294003702707 48.775778103132666 40.253353054387205
39.2529778460286 48.77582171582236 40.2533485051087
39.252954800510636 48.77581410651861 40.25335307941545
39.25298118474616 48.77585361833471 40.253350766643734
39.25296951557016 48.775849457515875 40.25335305363405
39.252984597005124 48.77588413450114 40.25335287965307
39.252984135847186 48.7758839505495 40.25335296818022
39.25302522592766 48.775899186155684 40.253344970593815
39.25298477481117 48.77588568716209 40.25335298619974
39.25302826127797 48.775930377061705 40.253347234292775
39.25299677649129 48.7759176356748 40.25335326101791
39.20628429193671 48.873759638098825 40.24245141829993
39.20626266360472 48.87375142461539 40.24245118699179
39.206286739257095 48.873833100383784 40.242427956085855
39.20626999028799 48.87382564810376 40.24242813050734
39.20628882629715 48.87390503013984 40.2424049419927
39.20627651836651 48.873898777953706 40.242405321426176
39.20629061525092 48.873975519844976 40.242382354386834
39.20628281426318 48.87397100129874 40.242382774863174
39.20629178999385 48.87404422360404 40.242360263022945
39.20628882742919 48.87404230553854 40.242360488141784
39.20629203049525 48.87407761017808 40.242349483570074
39.20629503007753 48.874112424346556 40.24233861062807
39.206299618500104 48.87418101228438 40.242317013081625
39.20630285237623 48.87424783613622 40.242295805736596
39.20630520951532 48.874313208716586 40.24227495116338
39.20630658703831 48.874376804525056 40.2422545410171
39.20630681381668 48.87443867595138 40.24223453545733
39.206307124933204 48.87449913264578 40.24221499930494
39.20630662385792 48.87455771167856 40.24219596263048
39.17908797212263 49.01439944718358 40.19505385669715
39.17900979844055 49.014510087834765 40.19500960385306
39.178932036295144 49.01462014939258 40.19496558318483
39.17885485929716 49.01472941618901 40.194921885925474
39.178903543331536 49.01466046183771 40.19494945710641
39.17885290995041 49.01473210650843 40.19492079852355
39.178780830780426 49.01483429183752 40.19487995573935
39.17877721243356 49.014839264985255 40.194877942146704
39.17870717679945 49.01493865212813 40.19483823411809
39.17870292884842 49.01494443240958 40.19483588380268
39.17863468058351 49.015041391585775 40.19479716372128
39.178631334251406 49.0150458256972 40.1947953402326
39.178560559442325 49.01514605941936 40.19475526056801
39.178493914382514 49.015240494897526 40.194717507744855
39.178427044745405 49.01533522848706 40.19467963242005
39.17836023494448 49.015429866929445 40.19464179342012
39.17836449755218 49.015423821961605 40.19464420923126
39.17836035346634 49.01542969203527 40.19464186218945
39.1782932205189 49.01552491259784 40.194603811007084
39.17829556136412 49.01552147958091 40.19460516425279
39.17822597210133 49.015620301476126 40.194565693312676
39.17823190073645 49.01561166093082 40.19456910795064
39.17816938176408 49.015700223279964 40.19453369867006
39.17810704568116 49.015788511582244 40.19449839648425
39.09262115938504 49.155973891904495 40.11913687686789
39.178090441653026 49.01581202712709 40.1944889935672
39.09262397048648 49.155968360325716 40.119139875025624
39.09257517257602 49.15606700309385 40.11908362267121
39.09258183270692 49.15605383635577 40.11909082423137
39.092540730726824 49.15613724709969 40.11904292164446
39.09250076652764 49.15621842026754 40.11899623045143
39.09250658039291 49.15620662516977 40.11900300091034
39.092501287771206 49.15621738556163 40.11899680086806
39.09245904858946 49.156303104784804 40.118947571818616
39.09246341496123 49.15629440803906 40.11895239696875
39.0113089924068 49.24690311759618 40.06787253950371
39.01130221348274 49.24690290775476 40.06787250864406
39.01128680291572 49.246920286209544 40.067856722179734
39.01127195980579 49.24693710215388 40.06784144887869
39.02492106589651 49.34034430117629 40.01084491473851
39.02494059865299 49.34026811455985 40.01089654432981
39.024922749276 49.34033768927557 40.010849365888305
39.02488627261477 49.34048002487452 40.01075294756316
39.02489168414264 49.34045878009094 40.01076725623089
39.02485194554877 49.34061393831135 40.01066221242063
39.0248614232792 49.34057674032479 40.01068727222237
39.02483196297618 49.3406915815612 40.010609404157364
39.02480175315952 49.34080936972963 40.01052955414258
39.02480837768638 49.340783517467315 40.01054706476875
39.024802914910246 49.34080481183639 40.01053262583569
38.81905152333945 49.57644050390244 39.91609002272149
38.819021566974044 49.57645082311225 39.91609404089573
38.818531727226166 49.577038458843525 39.91582617235896
38.81803916947089 49.57763150730263 39.91555510376487
38.818114020537934 49.577537667518264 39.91559925691949
38.818037018264064 49.57762961057857 39.91555749278962
38.62631902042298 49.83163323146077 39.77587825183643
38.62627038599738 49.83167244042822 39.77586530602712
38.62599608324323 49.83189372483598 39.775790771237425
38.625738328180894 49.832101667828766 39.775720648718206
38.62585852068975 49.832004697439025 39.77575340604802
38.625722078015166 49.832114767077144 39.775716340248295
38.62546360321808 49.83232328784044 39.77564605263351
38.62520773726261 49.832529703788246 39.775576476271084
38.46843980314059 49.96639865271978 39.70896455332813
38.62517091129845 49.83255941166388 39.77556647207392
38.468439134325884 49.96639903518512 39.70896504854749
38.46843638295513 49.96640115653051 39.7089660085695
38.468433734017836 49.966403237790615 39.70896685639289
38.468435086446746 49.96640213355049 39.70896650539423
38.468433377182265 49.96640342756563 39.70896714868855
38.468430599597845 49.96640555632717 39.70896814301024
38.468427570844625 49.96640787918273 39.70896922410736
38.468429261602395 49.96640655848547 39.708968667774705
38.46842761664989 49.9664078050663 39.70896928440008
38.46842520718879 49.96640969935726 39.70897005324402
38.46842419532517 49.96641047963714 39.708970406074855
38.46842260353707 49.96641170821083 39.708970958967775
38.468420336972216 49.96641350524868 39.70897165254895
38.468419734619104 49.96641397139858 39.70897185932955
38.46841794272352 49.96641537615224 39.70897243900379
38.468414990350425 49.96641760867354 39.70897355526471
38.468415674805286 49.96641712419999 39.708973231416294
38.46841543220552 49.96641731251739 39.708973313569615
38.468413085851154 49.966419144061504 39.70897408809435
38.4684119825959 49.96641999232867 39.70897447768337
38.468410516584115 49.96642110676032 39.70897502043724
38.25733032217588 50.16784770863592 39.62183808709891
38.25741574366508 50.16776230287606 39.621883226144206
38.25735465406543 50.167823475801015 39.62185060098546
38.2569360143848 50.16824272517053 39.621626884140355
38.25672890474116 50.168450221220084 39.621515898674886
38.25656766175956 50.168611753036345 39.62142953574366
38.25622157358832 50.16895854083242 39.62124387876407
38.2559563654071 50.16922453021398 39.62110071860806
38.255597398114844 50.16958413883019 39.62090845923519
38.255784396659585 50.169397371386104 39.62100655954469
38.255522102851266 50.16965970345174 39.62086764173804
38.25570910102542 50.1694729316612 39.620965758996505
37.988364479228565 47.17488842003692 40.31448093855899
37.98842983653096 47.174925303150694 40.31452663959553
37.988555196259945 47.174989944092765 40.3146091154059
37.98849238407517 47.174964305087585 40.31457352106189
37.988448552201135 47.17493516483346 40.31453913208043
37.98864993761472 47.175054133608086 40.31468446816312
37.98863964445236 47.17505026931815 40.31467892155624
37.98865530473288 47.175057653576985 40.314688638103455
37.98889129530481 47.17517684643169 40.314841781797426
37.98879256572253 47.17513830416534 40.31478732613047
37.988951945332886 47.175213553963914 40.31488629758648
37.98916910223913 47.17530795168461 40.31501424404645
37.98906324631709 47.17526749922342 40.314956597923334
37.98935933771695 47.175378170769264 40.31511573639456
37.989215153649035 47.175335298449994 40.31504759889196
38.0373306703504 47.23161701746439 40.337433460666986
38.03732796404118 47.23161707321113 40.33743227255258
38.093186824233 47.216946662422856 40.347922006352086
38.093288111529276 47.21694200230278 40.34794019835532
38.037330924349625 47.231617008426376 40.33743353222498
38.093193018971974 47.216947437893936 40.34792571148087
38.0932978254244 47.216943687867406 40.34794715622356
38.093401253155434 47.21693948726181 40.34796709676036
38.093328354619416 47.216942679296466 40.347953607696866
38.09350795505398 47.21693462545048 40.34798637721562
38.09340454953478 47.21694011371787 40.34796959103835
38.09351428686302 47.21693627479837 40.34799225869608
38.0936233309493 47.21693181877234 40.34801321526494
38.09354062460843 47.21693547586724 40.34799799841117
38.093738697890075 47.216925974405015 40.348032624636886
38.09362537698022 47.21693275229033 40.3480160949935
38.09373912719451 47.216928759632204 40.348039558912305
38.09372234249527 47.21692954693347 40.34803658105156
38.093857217544034 47.21692259586208 40.34805898292102
38.09398051015123 47.216915764713356 40.348078294920704
38.09373929052509 47.21692895222763 40.34804007744526
38.09385636895256 47.216924298260174 40.34806289681512
38.093976412068756 47.216918828904866 40.34808458878986
38.093917909614305 47.216921901489236 40.3480750125682
38.09410188238965 47.21691176276051 40.34810396238318
38.0942317449213 47.216904347439424 40.34812376525591
38.093975300930495 47.21691960837122 40.348086169760954
38.09409631690312 47.21691432207259 40.348108593398784
38.094223336377695 47.21690759325067 40.34812924410655
38.09410796851271 47.21691385154299 40.348110846363014
38.094356006428946 47.21690004722776 40.34814954748971
38.094217583377144 47.216909533834794 40.34813230778423
38.094345427381306 47.216903261824825 40.34815431606491
38.094263260635515 47.21690776180981 40.34814131738215
38.0944803419585 47.2168952717965 40.348174189602425
38.09433996538733 47.216904645478216 40.3481561032446
38.094467664472184 47.216898472332645 40.3481783108848
38.09440991853487 47.21690173313781 40.34816941576157
38.09460499324641 47.216890067054884 40.3481978744328
38.094462811726814 47.21689949910379 40.34817940356658
38.094590137666884 47.216893098553925 40.348200946295364
38.094553390199756 47.21689530801895 40.34819561432451
38.09472884911829 47.216884306338706 40.34821996777681
38.094871507755414 47.216874900073066 40.348238641031955
38.0945867576296 47.216893661952675 40.34820133635105
38.09471177576014 47.21688722706281 40.34822212105826
38.09469977729629 47.21688796140061 40.34822041170023
38.094851770943244 47.216877980728086 40.34824040733675
38.09499547322685 47.21686836354564 40.348258869807566
38.094710486629566 47.21688738275046 40.34822212512526
38.09483514463594 47.216879957094704 40.348240382578524
38.09497321556202 47.21687127365515 40.34825948289073
38.094862656763674 47.216878382103 40.34824456812096
38.095119112916976 47.216861611381745 40.348278476273975
38.09495733756755 47.216872870478625 40.34825874885514
38.095093754926445 47.216864313554424 40.34827767547272
38.09499962838067 47.21687034960837 40.34826493867053
38.09524219072005 47.21685453659346 40.34829712992151
38.09507753930354 47.21686559879611 40.34827608111566
38.09521433171015 47.21685715113773 40.348295384394206
38.09512219700821 47.21686291746956 40.34828257000237
38.09536492175366 47.21684725725094 40.34831518222164
38.09519433796888 47.21685855526057 40.348292977133696
38.0953339596876 47.216849738167575 40.34831220367175
38.095226193593575 47.216856582053985 40.34829745784633
38.09530700658486 47.216851423971 40.34830845230613
38.35807022382641 47.347063105810534 40.37021725638509
38.09532131104717 47.21685047969858 40.34831032199285
38.358630005234055 47.347299371859116 40.37018496424828
38.358459446391024 47.347239995850124 40.37018833730455
38.35998625585632 47.34777381735369 40.370156963621454
38.35871972638168 47.34733742618581 40.370179693206374
38.36052433946046 47.34800301437151 40.37012485216282
38.36007627281798 47.347846167461284 40.370134155894675
38.36193871288362 47.34850065376128 40.37009418455332
38.360741297742486 47.34809608295729 40.37011156878122
38.3624488057529 47.34872057741798 40.37006238519563
38.36169846740533 47.348456357003435 40.370078766448984
38.36391515039057 47.34923870920714 40.37002945935848
38.36277618220053 47.34886279500347 40.37004142729088
38.36439412927658 47.349448102625885 40.36999812081943
38.36332781719727 47.34907118124262 40.37002213636943
38.364824300105866 47.34963808059924 40.36996899037176
38.73266652478912 47.535105310643914 40.353006117912884
38.36490966407739 47.34967048912698 40.36996592243548
38.7333649651673 47.53558217238368 40.35291821009928
38.7330824030706 47.535410958087795 40.35294991600287
38.73440460734784 47.53621378972269 40.35280125792329
38.73363302303134 47.535765699187124 40.352884380928614
38.73507562271476 47.536674818659755 40.35271628790168
38.734498265558344 47.536323571283305 40.35278132234361
38.7356072370782 47.53704098011552 40.35264880840922
38.73679826483444 47.53777728820518 40.35251256563858
38.73584909044456 47.53719757169054 40.35261988501289
38.737412458563014 47.53820311797918 40.3524341081748
38.73716223790694 47.53804982635967 40.35246248267119
38.73852959331151 47.53888850490053 40.352307249442454
38.73761476844735 47.53834365356532 40.352408216805394
38.73910645298721 47.53929166290021 40.352232990026394
38.73850169329784 47.538919774637215 40.35230181680532
38.73953902833367 47.53959473652286 40.3521771704399
39.00583939789082 47.81128538254256 40.3140810695262
38.73982329510058 47.539780057956754 40.35214294928992
39.00588752767313 47.81157620814403 40.31405058335619
39.005885519954674 47.8115703753188 40.31405150275088
39.00589813507563 47.811607729224356 40.31404568650443
39.00590170854975 47.81166197732567 40.31404159644238
39.00594575580079 47.811896765415725 40.314015450814594
39.0059395399002 47.81187620954705 40.314018436955685
39.005981647797185 47.812114945110835 40.313992643466705
39.006004992696575 47.81222349517417 40.31397967499756
39.005993545163946 47.812182403914555 40.31398535535358
39.00604995027229 47.81249819285831 40.31395102809887
39.0060469706026 47.81248683228316 40.313952543829004
39.00606510127059 47.81255568929569 40.31394333601406
39.0060636951724 47.812582278850286 40.31394226413371
39.006109095102175 47.81282592230139 40.31391522356354
39.00610017605969 47.8127905815091 40.313919835280906
39.006143701123335 47.81303885757838 40.31389308947456
39.00616873625244 47.8131569368563 40.31387908864906
39.00615311480409 47.81309262946874 40.31388730068725
39.00620982117301 47.81341114202915 40.31385273208669
39.006204605620354 47.81338894725239 40.31385551436874
39.006228897190994 47.8134916061223 40.3138425957489
39.027673093748746 48.02771056667085 40.28846373168969
39.02766439235195 48.02782869972794 40.28845422346585
39.02766435884676 48.027829379664084 40.288453916214266
39.02765026225521 48.02802114889665 40.288438044487336
39.027648988153466 48.02803813953038 40.288437021417366
39.02764935320688 48.02803351662172 40.28843701966327
39.02763427306594 48.028238591433386 40.28842013020582
39.02763453281818 48.02823516919639 40.28842028868454
39.06379213730452 48.34145182877569 40.278895146304876
39.06389246872442 48.34194195383393 40.27888666224254
39.06387654494604 48.34186944358905 40.278887374124224
39.06400793246591 48.34251906351948 40.27887532805366
39.064056682436465 48.342750955056644 40.278871957802366
39.06402840516198 48.34262027977288 40.27887345188566
39.064188235458346 48.34340822055332 40.27885907568926
39.06417594289785 48.34335086211553 40.27885979154793
39.06426296298444 48.34378124252241 40.27885179802014
39.15573440552921 48.558407492022795 40.274480145275994
39.064324006669686 48.34408311656138 40.27884619465195
39.25275977236562 48.7754336408465 40.25336178210508
39.151852449601094 48.61813735223831 40.265306511578366
39.25276245861377 48.775453333120026 40.253363034333276
39.252796106184704 48.77547249189068 40.253357119798494
39.2527721193233 48.77547121277817 40.25336251146607
39.252800732321205 48.7755097602211 40.25335959487853
39.252790851315325 48.77550877947904 40.25336177280229
39.252804016883324 48.77553354974257 40.25336109859362
39.25283904429016 48.77555021088095 40.25335462978787
39.252810949060056 48.77554641049188 40.2533607263416
39.252843296255605 48.775586407085676 40.253357089076715
39.25282890489113 48.775583888957755 40.25336015769241
39.25284764388251 48.77562134487714 40.25335940690205
39.25284638653816 48.77562107707199 40.25335967046241
39.25284808092779 48.77562478646283 40.25335963320458
39.25288670259842 48.7756639761716 40.25335447721474
39.25286260438218 48.775657993663856 40.253359447924275
39.25289055721203 48.77569839537975 40.25335685911807
39.252877141054185 48.77569440750581 40.25335956405229
39.25289453194747 48.775731881786484 40.253359124850334
39.252890059180054 48.775730388338204 40.2533600110739
39.252896309555666 48.775745440878154 40.25336000362006
39.252935180639035 48.77577636331185 40.25335400539045
39.252905267768 48.77576588005712 40.25335988522102
39.25293897454577 48.775808217895346 40.253356157754894
39.25291938240309 48.77580074311081 40.253359951113865
39.252942875009055 48.77583877720969 40.25335816265255
39.252933712406296 48.77583502061244 40.25335991191305
39.25294635257872 48.77586440585056 40.253359796617474
39.25294813300161 48.77586851016078 40.25335977708049
39.25298810759516 48.77591380401837 40.253354889679215
39.25296052760187 48.77590123322545 40.25336003512822
39.20624923612198 48.87374647839826 40.24245099386028
39.20623093359699 48.87373994572526 40.242450662818875
39.206251482727254 48.87381749414152 40.24242829708192
39.206239298439066 48.87381223195951 40.24242837244901
39.2062531847451 48.87388663550287 40.24240613449046
39.206247115293934 48.87388355516897 40.24240632068608
39.206254908044265 48.87395442056252 40.24238441395595
39.20625367946309 48.87395370172807 40.24238448251066
39.206255163012926 48.87396876488516 40.24237980290446
39.2062603842944 48.874023124580134 40.24236289749635
39.20629209898268 48.87411023506898 40.242338927780345
39.2062661586107 48.87409112841701 40.24234164761974
39.20629270683338 48.8741753942296 40.24231790848938
39.206270856544464 48.87415785066955 40.24232066887815
39.206293599667674 48.874239720395714 40.242297197041836
39.206274333725155 48.8742229397069 40.242300055842314
39.2062944827034 48.87430309740397 40.24227679165105
39.20627696724123 48.8742866727291 40.24227976915221
39.20629545742632 48.87436561144715 40.242256677970865
39.20627857025558 48.874348710632376 40.24225989364533
39.206296505060095 48.87442747684744 40.24223678408733
39.20627963183338 48.87440923403912 40.242240436204554
39.206297073101304 48.874487446334015 40.2422174400513
39.20628041404261 48.87446835441495 40.242221395764844
39.20629772165113 48.874546700679005 40.24219833836182
39.20628068595913 48.874525736376214 40.24220285006582
39.17908066632047 49.01440962658104 40.195049758667984
39.179062920695046 49.01443435637225 40.195039803648406
39.17900546552531 49.01451611454783 40.19500717585449
39.178989309284475 49.01453859124656 40.19499812140537
39.17893063172508 49.01462209774198 40.19496479735762
39.178915411753835 49.014643220242036 40.19495627973379
39.17884162395119 49.014747684036124 40.19491450249906
39.178768376925866 49.01485138455862 40.19487303089701
39.17869593495556 49.01495394594587 40.19483201495922
39.17862564312678 49.01505354344522 40.194792197599845
39.17868040979113 49.014975924303926 40.194823225172925
39.17862424003563 49.01505545058046 40.194791421782796
39.17855698266652 49.01515087089447 40.19475329462077
39.178554536242316 49.01515415888835 40.194751950650385
39.17849159418959 49.01524358540946 40.19471623964586
39.17848882181272 49.0152472669257 40.194714727057566
39.17842646885547 49.015335937567784 40.19467933126961
39.178424296478795 49.01533869531124 40.19467817581924
39.17836182197688 49.01542723199056 40.19464278297371
39.17830093253298 49.01551353179131 40.19460828588344
39.17823991145532 49.01559999431255 40.19457371980717
39.178175557327805 49.01569126982216 40.19453724451543
39.178230649923165 49.015613113169216 40.19456847446348
39.178178888006414 49.015686440993946 40.194539156889576
39.17810893848276 49.01578578440849 40.19449947928341
39.17811896022317 49.01577133503844 40.19450521466085
39.092633183163784 49.15595030536677 40.119149582870506
39.09258992552121 49.15603790219189 40.11909947070171
39.092598320300134 49.15602094382895 40.119109129729935
39.09259088564237 49.15603601547671 40.119100490576585
39.09254435319325 49.15613008412669 40.1190468410724
39.092550330578945 49.156118286799135 40.119053272817155
39.092511374516725 49.156197405757254 40.11900776995054
39.09247417564821 49.15627304621321 40.118964174546015
39.01129554722588 49.24690280499884 40.06787238711097
39.09245924795 49.15630341009704 40.11894666423088
39.01129349179987 49.246902872827036 40.067872262049065
39.01128316845275 49.246920167998226 40.06785671065754
39.01127814520667 49.246920061716345 40.0678566444736
39.0112709740271 49.24693704701096 40.06784146606873
39.011263440910945 49.246936665157676 40.06784156263073
39.02493297625077 49.340297494272335 40.01087640869561
39.02490118385383 49.34042144963334 40.010792375748444
39.02491291693167 49.34037568025225 40.01082338916045
39.02490227119267 49.34041717531261 40.01079525098423
39.02486807654041 49.34055060033681 40.01070486487182
39.024872426840545 49.340533507414875 40.01071636803406
39.02483569200229 49.34067693710301 40.01061926427717
39.024843623369385 49.34064578826624 40.01064023607366
38.819425404364246 49.575916969735076 39.91635420906351
38.81895359703364 49.576486991118486 39.91609300179252
38.81897173565257 49.576464326030816 39.916103641634216
38.818952410295225 49.576487618206954 39.916092987150606
38.818509541458525 49.57704201611319 39.91583240128732
38.81848928645324 49.577045437254185 39.91583795001028
38.818026893253965 49.57760069707691 39.9155846523796
38.62620800143453 49.83172273798017 39.775848665340455
38.62621502663802 49.83171707030455 39.77585057780816
38.626206793561806 49.83172371188972 39.77584834248309
38.6259758484638 49.831910037751115 39.77578538843767
38.62593453300967 49.83194334675073 39.77577438473411
38.6256703582199 49.83215646132338 39.7757025960252
38.625423742408586 49.832355419258015 39.77563548798544
38.62552274327901 49.83227554432931 39.775662488863055
38.625408067417254 49.83236805530031 39.77563132729308
38.62520258182754 49.83253385912876 39.77557511422684
38.62515833939037 49.83256952046848 39.77556341036263
38.46843787212228 49.96639977681318 39.708965944154606
38.46843592351106 49.96640142313392 39.70896634115823
38.46843749240276 49.966400069321445 39.70896607716095
38.46843518827634 49.96640184967208 39.7089668735854
38.46843271515481 49.966403789276406 39.70896767205278
38.468430283229665 49.96640572603327 39.70896839930182
38.46843152979493 49.966404694718705 39.70896810233831
38.46842998721272 49.96640588077717 39.7089686470594
38.468427618384055 49.96640774809014 39.7089693931738
38.4684251484085 49.966409706240626 39.708970149315945
38.46842634910571 49.96640873227259 39.70896982514414
38.468425113420665 49.966409693984104 39.70897023865005
38.46842296335283 49.96641141915886 39.70897085628003
38.46842041176481 49.966413434281705 39.70897165259959
38.468421843780355 49.966412297621915 39.7089712169337
38.468420684957636 49.96641321716732 39.70897157001238
38.46841876554468 49.966414791253456 39.708972054575256
38.46841793298553 49.966415440610525 39.70897233044536
38.46841648007406 49.966416583815224 39.708972792208094
38.468414181692374 49.96641838405097 39.708973538829405
38.46841427972282 49.96641831185074 39.70897349797433
38.46841423171294 49.966418349577694 39.70897351332914
38.46841199933603 49.966420099974684 39.708974234851915
38.25761563437761 50.16756243353743 39.621988909946396
38.25740326490253 50.167775090723055 39.621875500248876
38.25699272617143 50.16818622604696 39.62165611718837
38.25697265538983 50.16820634185079 39.62164533416511
38.25665844475381 50.16852120096555 39.62147672937995
38.256284101567644 50.16889618675464 39.62127633002569
38.25614405801175 50.16903713155519 39.62119895771974
38.2558285486712 50.169353287173635 39.62102967379381
38.25606705354032 50.16911439843662 39.62115726114035
38.25595653455079 50.169224892505376 39.62109887650166
37.98849354491905 47.17496109493181 40.31457105110789
37.98855573909939 47.17499576226 40.31461417462825
37.9886174562283 47.17503395115436 40.31466018301366
37.98855973844297 47.17500112450327 40.31461960761599
37.988771158734515 47.17512154374303 40.31476838406963
37.98867970824847 47.175088776181255 40.31472043352401
37.98880613476419 47.175149865493594 40.314800128758634
37.98899610508916 47.175240964538766 40.31491929021247
37.98884142431086 47.17517876880566 40.314832436216115
37.989093294990276 47.17530161628996 40.31499217832204
37.989063787969584 47.1752900799797 40.31497588863182
38.037218060027854 47.23161931334542 40.337383773494835
37.98910773108395 47.175310425320376 40.315002835055935
38.0372340903801 47.23161890827675 40.33739002523605
38.037347566028515 47.231616556780295 40.33743969560307
38.0372477597595 47.23161862773793 40.33739603717392
38.09319803860747 47.21694875995529 40.34793040959897
38.093298971442884 47.21694401234055 40.347948284177036
38.0373556664058 47.231616296154606 40.337442267504535
38.09320635895716 47.21695081334309 40.347937859631784
38.093305398318655 47.21694657708406 40.347956431239254
38.093220218677104 47.216950362428406 40.3479408054996
38.093408291369755 47.21694173880259 40.34797465671588
38.09351483751875 47.21693665999166 40.347993361193
38.093308297414936 47.21694744625948 40.34795940283941
38.09341282833543 47.21694387539054 40.347981205079975
38.09351737790011 47.21693942834157 40.348000870819845
38.09342950526324 47.21694337690443 40.34798485751206
38.0936264386843 47.216934141702254 40.348019801713974
38.093519305572464 47.21694045504515 40.34800394378324
38.0936277779283 47.21693662195342 40.34802625621042
38.093611452034985 47.21693736015068 40.34802329231752
38.0937396639595 47.21693110657564 40.3480454531284
38.093855927705086 47.216925077846504 40.34806467374345
38.09362809863485 47.21693676457937 40.3480266985528
38.09374012565668 47.21693242178583 40.34804880320021
38.09385390516856 47.216927489683414 40.34806997907158
38.09379891003066 47.21693018484764 40.34806050462146
38.093972752112904 47.21692125374177 40.348089447635516
38.09409592259079 47.216914484164406 40.348108874483195
38.093853613460226 47.216928003425224 40.34807114978315
38.09396976880789 47.21692293502804 40.3480926864046
38.09408981207497 47.2169169785532 40.34811318759063
38.09398529395184 47.216922286572 40.34809563579713
38.09421504772803 47.216910300176785 40.348133440595134
38.09408605868794 47.21691825110231 40.348115202215695
38.094206746919546 47.2169127326026 40.3481369624774
38.094138129691714 47.21691619078983 40.348125374560226
38.09433485040191 47.21690579520234 40.3481574199064
38.09420308406336 47.216913560034406 40.34813791539266
38.094324401590285 47.2169081937285 40.34816023152035
38.09427572777183 47.21691064275307 40.348152001698736
38.0944548125236 47.21690095779395 40.348180633107845
38.09432086216269 47.2169087500522 40.34816055772481
38.09444205499262 47.21690308399494 40.3481821046459
38.09440962104649 47.21690479204618 40.34817680680539
38.094574671240615 47.216895319372775 40.34820185791715
38.09443926412202 47.216903375630096 40.3481820024227
38.09455953345181 47.21689726057207 40.34820218195876
38.094548364432725 47.21689788717589 40.34820045149674
38.094693430596266 47.21688915284768 40.34822147059646
38.09483112509473 47.21688034780624 40.34824016368741
38.09455840460642 47.216897362650066 40.34820210178605
38.09467799365832 47.21689043174419 40.34822008816855
38.09481086503188 47.21688241083989 40.34823928943971
38.09470062655486 47.216889112832895 40.348223474593944
38.09494982272733 47.21687351471225 40.34825812881626
38.09479621877348 47.21688352083329 40.348237725048534
38.09492715490236 47.21687548633942 40.34825632784536
38.09483316408955 47.2168813152924 40.348243124400824
38.09506728129759 47.21686636720848 40.348274963416436
38.094912382244395 47.21687646331026 40.34825440134243
38.095043045968104 47.216868444789604 40.3482729636231
38.09495224836928 47.21687404278877 40.348260128263696
38.09518531153279 47.216859173412345 40.34829185182214
38.095025135323766 47.216869598505845 40.348270552645985
38.095158718723404 47.21686119780833 40.34828903342967
38.09505298780038 47.21686784099578 40.34827439140663
38.09530217634875 47.216851715590096 40.348307754379064
38.095134252442286 47.21686266797581 40.34828548127049
38.3573363410925 47.34684883181791 40.3702106415021
38.095142030046674 47.21686215027403 40.348286487383405
38.357887416817015 47.34707996436371 40.37017959966355
38.357691472527826 47.34701178467722 40.37018345749604
38.35917844305183 47.34753161021021 40.370152936795904
38.357995261640625 47.34712539817367 40.370173421524015
38.359708059346524 47.347755627147 40.37012213734867
38.35924501329234 47.347593507842916 40.37013176688728
38.361047049845055 47.34822697827997 40.37009298386843
38.35994215844627 47.34785517758024 40.37010825110305
38.36155344953924 47.34844346132665 40.370062362387415
38.36082431660317 47.348186547868835 40.37007836282926
38.36294132066041 47.34893448664841 40.37003087967358
38.36187851857983 47.34858326264501 40.370042277108055
38.36341819780083 47.34914052873728 40.37000092581214
38.3624091015877 47.34878340519946 40.37002387161327
38.36484901834727 47.34964895539205 40.36996733783155
38.363851813060535 47.34932907063087 40.369973078314956
38.365294595591536 47.34984388117468 40.36993811576297
38.36393397065779 47.349360213735125 40.36997015028541
38.73305961894845 47.53544702045252 40.35294360843261
38.7328274020841 47.535305668346695 40.35296977959555
38.73404297949161 47.53604622763146 40.3528326706324
38.73328545968008 47.535600916738915 40.352915236225634
38.73469435073423 47.53649173593392 40.352750547881
38.73415858432092 47.53616465991159 40.35281109855633
38.735720980680206 47.53711927694264 40.35263437886794
38.73518923763101 47.53683105967988 40.35268800420823
38.736346116043286 47.53754958848698 40.35255507549631
38.73547513158391 47.537016185378846 40.352653810524124
38.73694812269359 47.537964722960574 40.352478574015024
38.736733699814216 47.53783308412512 40.35250293850822
38.73800186136529 47.53861239415342 40.35235870476616
38.73712389722997 47.53808626035744 40.3524561790855
38.73857162239352 47.53900832140799 40.35228576259061
38.738030035546274 47.53867476566788 40.35234749125473
38.73965829089864 47.539678346713025 40.35216177158901
38.738957966161564 47.53927778039727 40.3522361262272
39.00587775483523 47.8115475823689 40.314055071705674
38.73932804402346 47.53951863407547 40.35219164775027
39.0059233191997 47.81182274415817 40.31402621958483
39.00592206597446 47.81181864930643 40.31402681886768
39.0059341635277 47.81185846734923 40.31402101769434
39.005931042797684 47.81186940258637 40.31402132798582
39.00597900944213 47.81213041786005 40.313992557446156
39.00597400663928 47.81211253881981 40.31399503547603
39.00599157312085 47.81217533336695 40.31398633344051
39.00600501061351 47.81228824177218 40.3139760481162
39.00603564110237 47.81244375547753 40.31395830037606
39.006025922362696 47.8124067756811 40.313963240023924
39.00607813528285 47.812703027872445 40.313931244044426
39.006076727824976 47.81269742103824 40.3139319734644
39.00609316494247 47.81276271461736 40.313923465292085
39.00608389415061 47.8127381898836 40.313927575932034
39.006134502049136 47.81301616284901 40.313897076566164
39.006127774073555 47.8129883639548 40.313900619125874
39.00615105177379 47.81308413099502 40.31388838552513
39.006159188013136 47.81316771215352 40.313881306754574
39.00619136695987 47.81333262442923 40.31386257584904
39.00617836253632 47.81327726013188 40.31386951451418
39.02766417798598 48.027832302380666 40.28845315665198
39.02766417124645 48.0278324273729 40.28845310900994
39.027664330429566 48.027829901360974 40.288453721743444
39.02766230409959 48.027857824258426 40.28845101115843
39.02764966286382 48.02802965529291 40.28843694595315
39.027649797929655 48.02802794821508 40.288436941277226
39.02764936850489 48.028033322674865 40.28843701985214
39.027642954502504 48.02812105237401 40.28842922818774
39.02763516902836 48.02822677379983 40.2884206928688
39.02763564279383 48.0282205371265 40.28842097568014
39.063811704767026 48.34156062792087 40.278891903276104
39.06386672775249 48.341824756321806 40.27888781106725
39.063846855790054 48.34173440660069 40.278888682753454
39.063996542172006 48.34247341267198 40.278875089914365
39.06399234682002 48.34245408851664 40.27887530395415
39.06402562578273 48.342607446445164 40.278873597444104
39.064024366341194 48.34261238073635 40.27887237094271
39.064153495033395 48.343246146435966 40.27886109537258
39.064137397825164 48.34317113412513 40.278862020888454
39.064252789385236 48.343741694181304 40.27885143789406
39.06431454321097 48.344038609011704 40.27884678784076
39.06428091879647 48.34388071071504 40.278848866567024
39.15177981226182 48.617956029877256 40.26530923235604
39.15174679657922 48.617873595001896 40.265310467752435
39.25273396982035 48.77545757023853 40.253369984443474
39.252764851666605 48.77547080755735 40.25336414338237
39.25274043991238 48.775469388139186 40.25336961938583
39.252769702961984 48.77550669791152 40.2533664358838
39.25275904227214 48.77550560998131 40.25336878283242
39.25277378821191 48.775534784224554 40.25336816351759
39.25280565693929 48.77554570934302 40.253361876107114
39.2527774113608 48.775541829922076 40.253367999713234
39.252810301835325 48.7755806647813 40.25336412728392
39.252795139718124 48.775577999800305 40.25336735910585
39.252815011912666 48.7756144791627 40.25336625514484
39.25281238463196 48.7756139094114 40.253366804902114
39.25281602744652 48.775621294772364 40.25336666882629
39.252852021728444 48.77565530544219 40.25336162500164
39.25283004714383 48.77564965907732 40.25336613953261
39.25285642254113 48.77568823171751 40.253363739624625
39.25284525805602 48.775684890007014 40.25336598838555
39.25286083611498 48.775720376231554 40.25336577709229
39.25285894025935 48.77571971423454 40.25336614998172
39.25286178253261 48.77572689681449 40.25336617864876
39.25289877158836 48.77576362941085 40.253361164612855
39.25287270655865 48.775754010197005 40.253366242094614
39.25290300724435 48.775794652533556 40.25336313650533
39.25288539192629 48.77578772684815 40.25336652764625
39.252907299994504 48.77582487134304 40.25336501891192
39.25289727022005 48.775820881250944 40.25336694531349
39.25291168593273 48.77585386627258 40.253366763702154
39.25291049126405 48.77585336731384 40.253366990910926
39.252946846965486 48.77586797096556 40.253360021468886
39.252912247076225 48.775857403350045 40.25336697054833
39.20621307873095 48.87366462505509 40.242472667288794
39.206189707442185 48.873658470840226 40.24247153614278
39.206215365482045 48.87373459083227 40.242450315888135
39.206200958146766 48.873729808597304 40.24244993867602
39.206217200650535 48.87380289330898 40.24242844275177
39.206211361553336 48.87380050520348 40.242428435574226
39.20621804494263 48.87384813338433 40.242413905479566
39.20622103467876 48.87387021719765 40.24240715370251
39.206228679753195 48.87393856044436 40.24238604398119
39.20625577730654 48.87401996080886 40.24236330620093
39.206235216384506 48.87400586759891 40.24236512161139
39.206256820780425 48.87408416714935 40.24234265369278
39.206240270346385 48.874071699066604 40.242344478924124
39.20625789867849 48.87414727602076 40.24232236118047
39.206244524259944 48.87413642572871 40.24232408706344
39.2062593053984 48.8742097740889 40.2423023104191
39.206247861802595 48.874199700325434 40.242304042933775
39.20626074655942 48.87427155166138 40.24228249758021
39.20625023303758 48.87426168192938 40.24228428834738
39.20626201335607 48.874331997972845 40.242263092537115
39.2062523128712 48.87432223291812 40.242264958086274
39.206263408651324 48.87439199990058 40.24224384857575
39.20625322557451 48.87438121964248 40.242245978370335
39.206264551988646 48.87445075919358 40.24222497333823
39.206253890017706 48.874438906905155 40.242227386274855
39.20626550112422 48.87450815079386 40.242206515042554
39.20625411221978 48.874494969041734 40.24220926133032
39.179046812685115 49.01445681744314 40.195030764160514
39.17903308947484 49.01447595502146 40.195023062532634
39.178975225238624 49.014558211735626 40.194990222029645
39.17896144635365 49.01457740974172 40.19498249319249
39.178904237781154 49.01465876933901 40.194950016614996
39.17889104969406 49.01467711774163 40.194942625369364
39.178834259015716 49.01475791307329 40.194910378980055
39.17882070086918 49.01477674662195 40.194902787302006
39.17876450565069 49.014856749085595 40.194870866293044
39.17875065053779 49.0148759503693 40.194863118832906
39.17869524294479 49.01495490253767 40.194831628574875
39.17868141737988 49.014973997717036 40.194823912914586
39.17861192399306 49.015072397015196 40.19478456352013
39.178545060626895 49.015167136773826 40.19474668821761
39.17857769209756 49.0151208730186 40.194765179079205
39.17854382707917 49.015168832345694 40.19474600171845
39.178481171834164 49.01525772967749 40.19471048197386
39.17847791728644 49.01526219069574 40.19470867367429
39.17841889607906 49.015346052363725 40.194675185856084
39.17841506209868 49.015351259769574 40.1946730668287
39.17835916859369 49.01543077939429 40.194641329702904
39.17835530539912 49.015435970974714 40.19463920754354
39.178300001708486 49.01551472032517 40.19460778917806
39.178298648544896 49.01551632388879 40.19460709623573
39.178240026870796 49.01559981045128 40.194573789951484
39.17824287735961 49.01559541363238 40.19457548855729
39.178187141345404 49.015674433487746 40.19454390550394
39.17812929948424 49.01575639465179 40.194511139541355
39.17813235683985 49.01575205620395 40.19451287291378
39.17812947284367 49.01575614285072 40.19451123918786
39.17806662743149 49.01584532325565 40.194475608527405
39.1780728030684 49.01583643165951 40.194479139884805
39.09260021823971 49.15601771004728 40.119110349599495
39.09255955531567 49.156100121754676 40.11906313219325
39.092516296837815 49.15618766583705 40.11901310646702
39.09255289715741 49.15611362275281 40.11905538975003
39.09252017598049 49.15618000208745 40.119017292744175
39.092475438616496 49.156270534387666 40.118965564276046
39.09248288308701 49.15625576474622 40.118973697927714
39.01128414927852 49.24690342146245 40.06787148206285
39.011270621406865 49.24692025829013 40.06785623220325
39.011276524231924 49.246911943359294 40.067863738665636
39.01126901592252 49.24692034850637 40.06785610174306
39.01125891283626 49.24693668893285 40.067841397717025
39.011254370224215 49.24693677831176 40.067841174596964
39.01124733176905 49.246952822954036 40.067826828370016
39.01124035970396 49.246952671930686 40.067826739597365
39.02491230021136 49.340377743922055 40.010821770841886
39.02488188002726 49.3404963522256 40.0107413647909
39.024893132005275 49.34045245789817 40.010771106595094
39.024882904696575 49.340492322625465 40.010744074366926
39.024850343703655 49.34061937929391 40.010658006267434
39.024854449710475 49.34060324024419 40.01066886367079
38.81938495764913 49.57594877868954 39.91634539945274
38.819311503116765 49.57600529718697 39.916330395197456
38.81886046972954 49.57655124595276 39.91607987221866
38.81840903617966 49.57709864836104 39.91582835513377
38.818490104820555 49.57699746515339 39.915875816404565
38.81840199826692 49.577103465488705 39.91582739379283
38.81798713405803 49.57762506361843 39.91558148842239
38.8179448151667 49.5776525740343 39.915576866456576
38.62610842422608 49.831803022015805 39.775822104667846
38.62585604190796 49.832006627230406 39.77575347946341
38.62593892459607 49.83193975626689 39.77577608812499
38.625835393486625 49.8320232746185 39.77574797591427
38.62564282987083 49.83217865392431 39.77569527577684
38.6255789111447 49.83223018504054 39.775678261721566
38.62533350929931 49.832428161396514 39.775611507628284
38.625116253753255 49.8326034463244 39.7755522450821
38.62526481554823 49.83248357977291 39.77559282013547
38.62509218455419 49.83262284962942 39.77554585134881
38.46843770471118 49.966399876759574 39.70896605983389
38.46843607615801 49.966400851381046 39.70896718051534
38.46843403940404 49.966402523213475 39.70896769172032
38.46843233434546 49.96640400852566 39.70896795110845
38.46843382270347 49.96640269305881 39.70896776189468
38.468431771903525 49.96640433047544 39.70896836694698
38.46842957404964 49.96640609186222 39.70896900249256
38.46842736430905 49.96640787935138 39.70896960888879
38.468428504485175 49.966406921189645 39.70896936649354
38.468427117494485 49.96640800601597 39.70896982010204
38.46842500487949 49.96640970577546 39.70897041785925
38.468422837756634 49.96641146459726 39.70897100114513
38.468423855479244 49.96641061128399 39.70897078096303
38.4684227641238 49.96641148014467 39.70897110787925
38.46842085787125 49.966413044399005 39.70897158723079
38.46841875667997 49.96641476488462 39.70897212294223
38.468419862079884 49.9664138427905 39.70897187448786
38.46841882142634 49.9664146843845 39.70897216046616
38.46841717880575 49.966416077232694 39.708972485201905
38.46841647331069 49.96641666445038 39.7089726463017
38.468415436396526 49.96641752693529 39.708972884238776
38.46841376470816 49.966418927394336 39.70897324821337
38.46841354370815 49.966419149704144 39.70897322326663
38.257495612012995 50.167683040751015 39.62192328078297
38.25710437644627 50.168074870679355 39.621714119070184
38.25697521406846 50.168204416525086 39.621644385914095
38.25684588319564 50.16833412528216 39.621574583902785
38.25649865866852 50.16868199320702 39.62138853004899
38.25626688996599 50.16891453233295 39.62126310177709
38.256238177993524 50.168943340706825 39.62124755998225
37.98863230896776 47.17503704122177 40.314666075955415
37.98860166032163 47.17504458558921 40.31466573481555
37.98855157137422 47.175034084140435 40.31464579320309
37.98861598568233 47.1750613109254 40.31468308826434
37.98862926627327 47.17505311250145 40.31467905100385
37.98855456706681 47.1750502054041 40.31466013987182
37.98870365146154 47.1751192419151 40.31475156992664
37.98861414442024 47.17508705575757 40.31470454079926
37.988607919017696 47.17507047818577 40.31468909578569
37.98884045420638 47.17517792857852 40.31483150930626
37.9887351906479 47.175145907236455 40.31478115175121
37.988939754911605 47.17523738274623 40.31490384528017
37.98877712851741 47.17517651843313 40.31481637267762
38.037031874162196 47.23162254639328 40.33729571384587
38.037130305761124 47.231620856343284 40.33734246999391
38.03703389898897 47.231622549251675 40.3372970706115
38.03723532231724 47.23161887583983 40.33739049196146
38.03714341996981 47.231620560119744 40.33734795351229
38.037250446420394 47.23161848822624 40.337396333115635
38.037159516340246 47.23162025920989 40.33735534188839
38.0373634367655 47.23161604972567 40.33744477218923
38.09320691447018 47.21695093937349 40.34793832998704
38.0372593125441 47.231618205857636 40.33739917852978
38.03737669509226 47.23161563885615 40.337449146678
38.037351209962544 47.23161618237633 40.337438153081735
38.09321411585855 47.21695310385811 40.347945724781866
38.09331237381249 47.216948641167406 40.34796351460891
38.093413384401316 47.21694405989 40.347981818532595
38.03737837236229 47.23161556819314 40.3374495039388
38.09321929800767 47.21695384459804 40.34794904924484
38.09331901746223 47.21695043466757 40.347969839573445
38.09331666770119 47.2169505090755 40.347969335148264
38.09341831146604 47.21694606900827 40.347988169220415
38.09352175405274 47.21694132814571 40.34800679336153
38.09331926403662 47.21695041368724 40.347969860304346
38.09342188179878 47.216946650390675 40.3479906333267
38.093525893001996 47.216942924113496 40.34801190384901
38.09351431715285 47.21694340712301 40.348009703522074
38.09363104621084 47.21693811547662 40.348030861950406
38.09374073032004 47.216932866971945 40.34805006813284
38.093526290808356 47.21694298318924 40.34801216446065
38.093633255402835 47.216938793137146 40.34803316385572
38.093741935657 47.216934203481244 40.34805368747814
38.093704939403764 47.21693589604023 40.34804701919092
38.09385333581277 47.21692887793624 40.34807320655314
38.09396958359928 47.21692301999986 40.34809284003393
38.09374243174635 47.216934327330165 40.348054135143805
38.09385316310582 47.216929597360554 40.348074914843075
38.09396638457224 47.21692445228557 40.34809540707707
38.093886622209574 47.21692819017741 40.34808124762975
38.09408419035455 47.21691871362602 40.34811578721153
38.09396506236041 47.21692488818582 40.348096086501045
38.09407876517517 47.21691998046492 40.34811729957457
38.09404210960266 47.21692165041387 40.34811067552105
38.09419886055983 47.21691423197622 40.34813832443487
38.094077481234166 47.216920184098726 40.34811742236853
38.094191043020544 47.21691541799819 40.34813894046106
38.094176700262196 47.21691607183162 40.34813634956944
38.09431400849712 47.216909456164124 40.348160282074296
38.094190275551696 47.21691548065432 40.348138869468016
38.09430425687394 47.21691024243005 40.34815935592657
38.09442897501461 47.216904102444644 40.348180773947504
38.09430982246627 47.21690999062851 40.34816036597856
38.094417912294915 47.21690480629604 40.3481792633764
38.094543798304784 47.216898285316965 40.34820009111935
38.09443439841121 47.21690399866722 40.34818210433245
38.09467504400885 47.21689059526752 40.3482196263812
38.0945317722399 47.21689887269323 40.34819801443122
38.094657311503184 47.21689185251582 40.34821752053419
38.09456016308049 47.21689727762032 40.34820240753967
38.094790182314135 47.216883876534126 40.34823683146068
38.094645126851674 47.216892391380654 40.34821527893248
38.09477038211844 47.21688521427694 40.348234318456235
38.09468190731946 47.21689026004461 40.348220811539626
38.094904068957064 47.216876929276275 40.34825311229008
38.09475659746093 47.21688589134866 40.348231947385806
38.09488259541291 47.21687841787685 40.34825047932164
38.09478807000528 47.216884004120615 40.34823652639382
38.095018006443766 47.216869978713504 40.34826939989074
38.09486511722011 47.21687931850107 40.34824757593705
38.094994927558176 47.21687154894536 40.34826649758813
38.09488183835293 47.216878285812356 40.3482499353467
38.09513181386521 47.21686278199467 40.3482850477381
38.09497163818208 47.2168727307426 40.34826258422128
38.09496191419628 47.216873300436056 40.348261136703876
38.09510593037327 47.21686419630714 40.34828094508978
38.094969414109734 47.21687280299297 40.348262111233154
38.35720040279827 47.34687800172183 40.370174111204804
38.09504070598382 47.216867903539004 40.34827095698896
38.358427786592486 47.347307407195416 40.3701487504233
38.35740342536421 47.34696304742541 40.37016272946494
38.35895143968052 47.34752761215267 40.37011895897983
38.35835558416977 47.347319063221704 40.370131315088784
38.36022683823145 47.34797620870261 40.37009137923776
38.359256069394526 47.34765635809147 40.37010129793386
38.360727045118615 47.34818839877448 40.370061975929616
38.35987444447214 47.347888475701374 40.37008043210921
38.36204305279713 47.34865397847598 40.3700321338967
38.36115144974211 47.34836922841981 40.37003662072655
38.36251735850938 47.34885707187923 40.37000328373177
38.36134439075047 47.34844192580208 40.37002996999699
38.36387662597405 47.3493398582577 40.36997148549061
38.362977930485215 47.34905456747886 40.36997512391372
38.36277122236258 47.34898130809301 40.36997987781069
38.36432356739182 47.34953332029958 40.36994323039747
38.3630695373772 47.349094134149055 40.36996937677103
38.36475371292582 47.3497200677746 40.36991575222925
38.36423206398484 47.349534342800744 40.369928183675285
38.733716432116395 47.53589467731373 40.35286107926855
38.733116208505734 47.535551303033614 40.35292481720807
38.734352884996035 47.53632871989531 40.352781061740906
38.73373958461707 47.535953570994195 40.35285050655887
38.73532608153346 47.53692493776193 40.35267070106001
38.734890691315975 47.53669658494812 40.3527132515516
38.73593543799118 47.5373430779811 40.352593632209235
38.73506424097184 47.536808644309666 40.35269255137875
38.736524239170144 47.537747965962836 40.352519011519135
38.736315286800696 47.53761948643409 40.352542789808595
38.737526232303246 47.53836462274993 40.352404888124354
38.73668912936491 47.53786163890176 40.35249806351882
38.738080222546 47.53874848542405 40.35233416145903
38.73760735588806 47.538456904625846 40.35238811958449
38.739110720304915 47.53938451358738 40.35221646642304
38.73840394382254 47.538973575019824 40.352292693797956
39.00591331313016 47.81179011518983 40.31403100075535
38.73889946460566 47.5392955657602 40.3522332282465
39.00595630224271 47.81204950702433 40.31400379152596
39.00595589052809 47.81204803700068 40.31400399538359
39.005967294644904 47.81208855850055 40.31399835972321
39.0059586292649 47.812063536406626 40.314002319327145
39.00600962194787 47.812344892163246 40.31397151706932
39.006006086670965 47.81233144102907 40.31397331387653
39.00602217847084 47.81239250805841 40.31396514413201
39.00602628097381 47.81244582067595 40.313960950105994
39.00606377615666 47.81264549459871 40.313938704248265
39.00605601532569 47.81261439449277 40.313942736595266
39.00609513425169 47.81283633348561 40.31391876564564
39.00611855730702 47.812949961615566 40.31390549004635
39.00610558806527 47.81289578599197 40.31391235182957
39.006157356058125 47.81318732156101 40.313880751117495
39.00615402941932 47.81317295134996 40.313882537695505
39.006173927633085 47.81325826702109 40.313871887085796
39.006168581029726 47.81325603585375 40.31387359142337
39.02766409846565 48.027833733404215 40.288452647153875
39.02766406255888 48.027834406479414 40.28845238473662
39.02765367040965 48.02797575739572 40.28844071195019
39.02764998505843 48.02802561767763 40.28843689324395
39.0276502029648 48.028022924573435 40.288436812365774
39.02763638295428 48.0282108957625 40.28842129467955
39.02763646415615 48.02820983190619 40.28842133703252
39.02763586068562 48.02821769789095 40.2884210707515
39.02763410595257 48.028241916943756 40.28841867685412
39.063819083906296 48.34160865251909 40.27888983924694
39.06381033570108 48.34156909548439 40.278890196838205
39.0638426207543 48.34171520065231 40.27888886262822
39.06388153226862 48.34192076794022 40.278883710774814
39.063969005357436 48.342347018109265 40.27887644160544
39.063952305431854 48.342270460516815 40.2788772498768
39.06407548237962 48.34287874052541 40.2788660460766
39.06412128672593 48.343096447333096 40.27886290028174
39.06409389007446 48.34296958403858 40.27886437880262
39.06424221514655 48.34370012318766 40.27885111952204
39.06423294074738 48.34365685576983 40.27885165866217
39.06427663825395 48.34386070819825 40.2788491193359
39.06429154335897 48.34394617614053 40.278846337324154
39.15168706931941 48.61772539099025 40.265312765155066
39.15163170787751 48.61758773569612 40.26531487541983
39.15188331301738 48.61824093773865 40.265307148138355
39.15187481744735 48.618219706335616 40.26530746472446
39.252735624291944 48.77546909846776 40.253370698699776
39.151913759437576 48.61832072777452 40.26530626351299
39.25274066403001 48.77550377908115 40.25337283303406
39.2527258398656 48.77550225043842 40.253376095068056
39.25274593201798 48.77553744975708 40.25337481902177
39.25274420149077 48.77553719932067 40.253375192986894
39.25277475981447 48.77554146639439 40.25336857462706
39.252746659346116 48.77554179864785 40.2533750647478
39.25277976092165 48.77557527244726 40.253370634807325
39.252762965092316 48.77557218049098 40.25337420158151
39.252784959803904 48.775607911807015 40.253372538762555
39.25278041629895 48.77560687892104 40.253373484971235
39.25278695040872 48.77561938493034 40.25337317053054
39.252819987828836 48.775647119712566 40.2533682104593
39.252798374878004 48.77564145379503 40.25337264001644
39.252824819931895 48.77567887265286 40.25337011455579
39.25281381736156 48.77567552889757 40.2533723259083
39.252829518405335 48.77571003733373 40.25337199351477
39.25282706446054 48.77570918582971 40.25337247668246
39.252830920262966 48.77571887794612 40.25337251066269
39.25286536637437 48.775751401582376 40.25336768148503
39.2528404952582 48.775742364716464 40.25337253984875
39.25286983277731 48.77578187395912 40.25336954805377
39.25285202548707 48.775774961024105 40.253372984527886
39.252874267011975 48.7758119398555 40.2533713834238
39.25286220499956 48.775807012097786 40.25337368788811
39.2528788787063 48.77584076595015 40.253373060296944
39.25287338812625 48.77583845411768 40.253374102753895
39.20615227542898 48.8736280620123 40.24247637987234
39.20618212356856 48.87365650158343 40.24247116010262
39.20615565965991 48.87365005551891 40.242469710072015
39.20618481170994 48.873724634413065 40.242449455921175
39.2061663367902 48.87371895483274 40.24244882557785
39.20618720563311 48.87379129881491 40.24242818793336
39.2061771508518 48.873787594477605 40.24242804347628
39.20618916809636 48.87385605272537 40.242407480947705
39.20618814105303 48.87385560076375 40.24240749002059
39.206218534198186 48.87386905286267 40.242407196507564
39.20618932591398 48.873862904751505 40.242405283146276
39.20622032692017 48.87393406173157 40.242386384268976
39.20619906837646 48.8739228881817 40.2423871609516
39.206221786769376 48.87399745531245 40.24236605061487
39.20620750766997 48.87398877523309 40.24236695278626
39.206222979019174 48.87405899692169 40.242346280915854
39.20621506237071 48.87405339924203 40.242347035388306
39.206224010101906 48.87411905824973 40.242326969034075
39.20622134278406 48.87411681859271 40.24232733776017
39.206224245345155 48.87414795643386 40.24231764235724
39.206227066331536 48.874178915895975 40.242307993814734
39.206231445404384 48.874239654907235 40.24228891000841
39.206233722170694 48.87429859710717 40.24227012704691
39.206235262556774 48.87435614819647 40.242251696137004
39.20623520132642 48.87441219827509 40.24223353721043
39.20623450944442 48.8744666965479 40.24221579650637
39.20623496176242 48.874522337945564 40.242197838569936
39.20623386510924 48.87449343286768 40.24220705233341
39.20623317762473 48.8745198203109 40.2421984153696
39.17894659684399 49.014598080950115 40.194974168157195
39.17894274356406 49.01460344576205 40.19497200770135
39.178878303732155 49.014694833952774 40.19493548591444
39.17887305520529 49.01470213173117 40.19493254542202
39.17881083788133 49.014790428368 40.19489726909822
39.17880464544568 49.01479901989238 40.19489380416597
39.17874359989713 49.01488571098379 40.19485917876364
39.17873615518049 49.01489601345618 40.194855019339094
39.1786772936235 49.01497968813216 40.19482161276017
39.178669085325836 49.01499100788468 40.19481703595777
39.178610707665264 49.015074069488975 40.19478388647026
39.17860172586044 49.015086395812986 40.194778892475995
39.1785351096933 49.015180734066924 40.194741169217025
39.178469676522354 49.01527342448033 40.19470410942493
39.178487211383846 49.01524855985376 40.19471404669417
39.17846905867225 49.015274266328746 40.19470376731548
39.178408380855984 49.01536035984722 40.19466936816198
39.178405983169164 49.01536362185726 40.19466804169971
39.17835034113189 49.015442700761064 40.19463646681258
39.178347116177406 49.015447067200355 40.19463468762103
39.178295053438816 49.01552115661427 40.19460512101237
39.178291479561544 49.01552597267843 40.19460315466802
39.17824069455847 49.0155983019518 40.19457430004824
39.17823776901625 49.015602158757886 40.194572710483484
39.178186609773846 49.015675063420936 40.19454363329221
39.17818526855909 49.015676629290546 40.194542951986946
39.17813179382776 49.015752446144305 40.19451264961063
39.17807653054429 49.01583076931993 40.19448134063756
39.178084120156925 49.01581999699181 40.19448564417051
39.17807674008641 49.0158304543526 40.19448146356996
39.09260323347654 49.15601180097909 40.119113526615145
39.09260547865395 49.156007414190306 40.11911587111247
39.09256018283727 49.15609888620862 40.1190638026482
39.09256628404299 49.156086893453946 40.11907028901864
39.09252730839445 49.156165925560465 40.11902496661783
39.0925287192068 49.1561630715126 40.11902659640779
39.09252745090818 49.1561656450751 40.11902511869863
39.09248710503451 49.15624739713415 40.11897829687707
39.09249070597319 49.15624027694485 40.11898219266683
39.01128244454533 49.246903587061354 40.067871282095226
39.011274624814405 49.24690431625442 40.06787039160584
39.01126006700125 49.246920802283896 40.067855417766246
39.01124723479302 49.24693688118255 40.06784085715318
39.01125284427871 49.24692893143229 40.06784803285761
39.011245727434925 49.24693693436936 40.06784076240637
39.01123607097333 49.24695263378872 40.06782663679366
39.011231873255454 49.24695261462319 40.067826520181065
39.02491423091517 49.340370150734074 40.0108268763012
39.011218620939 49.246967748777855 40.06781277776797
39.02489294339059 49.34045284875042 40.01077061996277
39.024863470006316 49.340567775190834 40.010692716139424
39.024876188004185 49.3405181571002 40.01072633316732
39.024864747111465 49.34056275110986 40.01069609330278
38.81923517414739 49.576068532146195 39.91631121660135
38.819178552455504 49.57611617949111 39.9162964012788
38.81882582171548 49.57657868841963 39.916072171246796
38.81874265857699 49.57664489469978 39.916053417926044
38.81830245487379 49.57717651450169 39.91580988193424
38.8178783581845 49.577697893318245 39.91556792214503
38.8181269476171 49.577387721455366 39.91571338045572
38.817856979429386 49.57771229865986 39.91556518302971
38.6260731951151 49.831831426008364 39.775812701936985
38.62600609282813 49.83188553027688 39.775794770208485
38.62576367389986 49.832081102399144 39.77572880384643
38.62553305668771 49.83226715587038 39.77566602311799
38.625646223063065 49.83217585304062 39.77569687698301
38.62551356812215 49.83228286946155 39.77566081466432
38.625324963199745 49.832435051472615 39.77560923032377
38.6252798630837 49.832471413675925 39.775597197630304
38.62505682276669 49.8326513593331 39.77553642668802
38.46843534594189 49.96640128836792 39.708967683043966
38.46843630927094 49.96640044573074 39.70896754329812
38.46843497651787 49.96640151029828 39.70896793559942
38.46843396829032 49.966402565189995 39.708967741801224
38.468433156662904 49.966403042492466 39.7089683168771
38.46843119654001 49.96640465516491 39.70896880149367
38.46842933127069 49.96640622681711 39.708969189883334
38.46843076762618 49.96640499745203 39.70896892837089
38.46842903521595 49.966406387300864 39.708969426427636
38.468426917825845 49.96640808767857 39.70897003187327
38.46842484428343 49.966409780663696 39.70897057009191
38.46842595949726 49.96640884532083 39.70897032938344
38.468424728223816 49.96640982804391 39.70897069335743
38.46842285727759 49.966411369936814 39.70897115083518
38.46842083725048 49.966413026473504 39.708971660920014
38.468421831931764 49.966412194234174 39.70897144227304
38.468420859664796 49.96641298412651 39.70897170237393
38.468419309240836 49.96641432040742 39.7089719664003
38.46841744567028 49.96641587736384 39.70897238051229
38.468418424676344 49.9664150820882 39.70897211842834
38.4684177913942 49.966415630988294 39.70897222020466
38.468417065778915 49.96641645073343 39.70897196170429
38.46841630456112 49.96641728593612 39.708971739202084
38.468416964256456 49.96641706229768 39.708970948755095
38.46841762732289 49.966416834874906 39.70897015946173
38.257418489075384 50.16776133668192 39.62187821183904
38.25690892766338 50.16827122883885 39.62160740249187
38.25707616125556 50.1681042812106 39.621694845822006
38.2566710982525 50.168509821989595 39.621478791812514
38.25681173224648 50.16836939480257 39.62155244909738
38.256994387958215 50.16818647899268 39.62165003698241
38.25689259921367 50.16828810311102 39.621596779271826
38.25636440217189 50.16881718376639 39.621314100372786
38.25657343910858 50.16860790212501 39.62142559052288
38.256474540895255 50.16870664396558 39.62137383218374
37.98863307371409 47.1750901980288 40.314711375403085
37.98870849671887 47.17512997087432 40.314761745559636
37.98879171252035 47.17517569952054 40.31481888766834
37.98872788439187 47.17514690636861 40.31478039176378
37.98870195544226 47.17512947981207 40.314759888758616
37.98887526319725 47.17522974842227 40.31488316754101
37.988867219028705 47.17522664337013 40.314878760594475
38.03703247267442 47.23162255140193 40.33729615859554
37.98887913509974 47.17523242856298 40.31488629532157
38.03705346574335 47.23162182148738 40.337302252164434
38.03700665571505 47.23162261565538 40.33727991660709
38.037145516120454 47.231620496230114 40.3373486563448
38.03706011219171 47.2316216651071 40.3373049656698
38.03716201126985 47.231619943215655 40.33735365962504
38.03710533962799 47.23162093327488 40.33732691859136
38.03726629245085 47.231617931335826 40.33740087037643
38.03716947907441 47.231619643744104 40.337355409262344
38.03728187767672 47.23161728155006 40.337404261603865
38.03726989823268 47.23161751660747 40.33739887956234
38.03739133050996 47.23161498116694 40.337451832583056
38.093224637874464 47.21695420688022 40.34795149458089
38.037282960952716 47.23161722931767 40.337404423122464
38.03739920947804 47.23161458451744 40.3374528315366
38.09323521854695 47.216954936123074 40.347956367756176
38.043768688888456 47.25115951758985 40.34198208738035
38.09332918507709 47.21695102856432 40.34797426122876
38.09342603063123 47.21694699413773 40.34799268546975
38.093235391643645 47.21695493759892 40.34795642192273
38.09333363705039 47.21695124001209 40.34797607848986
38.09343376576441 47.21694745727454 40.347996076976564
38.0935323845782 47.21694347752149 40.34801515281432
38.09344110315933 47.21694718456817 40.34799755343769
38.09363499551363 47.21693901529673 40.3480342152136
38.09353568864817 47.21694366238555 40.34801656980437
38.0936380559961 47.21693986507924 40.34803718654327
38.09361057836412 47.21694098675695 40.34803190288608
38.093743530283916 47.21693503949936 40.34805619700684
38.093853027477905 47.21692978379036 40.34807533098253
38.09363875275231 47.21693992401819 40.348037534138726
38.09374425973084 47.21693570152261 40.34805802847582
38.09385104061428 47.216931152121454 40.3480780957322
38.09376948590942 47.216934774008394 40.34806312918121
38.09396317663042 47.216925567951485 40.348097197494326
38.093850069695 47.21693172493202 40.34807921245955
38.093958841203005 47.216927082221105 40.348099633035204
38.09390545984813 47.21692955766474 40.34809009280598
38.094072922719896 47.21692133617748 40.34811890732253
38.093957216617255 47.21692753473312 40.34810026475062
38.09406662580272 47.21692285625708 40.348120784148286
38.094029456610585 47.216924641581734 40.34811429212731
38.09418307188986 47.21691673688183 40.34813983642498
38.09430379860992 47.21691030132827 40.348159366060365
38.09406501281684 47.21692310445654 40.34812091978084
38.09417495782367 47.216918119298654 40.34814084595571
38.09415380641197 47.21691914027306 40.348137163898336
38.09429368502763 47.21691180437304 40.34816008645795
38.09441620872468 47.21690496720532 40.348179159157525
38.094173669683194 47.21691823444176 40.34814075119505
38.09428372747744 47.21691276979534 40.34815953813553
38.09427768665595 47.21691307946045 40.348158530732746
38.09440400839368 47.21690613684424 40.34817845499278
38.094528442949354 47.216899030266234 40.34819742721059
38.09428328222472 47.216912791576306 40.348159461331306
38.09439346080657 47.21690662867182 40.34817657656104
38.09451401240196 47.21690004046744 40.348195681868816
38.09440999521329 47.216905706669024 40.348179152018474
38.094639595806456 47.21689265067625 40.348214297291406
38.09450245806278 47.21690045958285 40.34819333162637
38.09462311016769 47.2168936873249 40.34821201634625
38.09452516329878 47.216899137403956 40.34819673119279
38.09475054270315 47.21688613182974 40.3482307667823
38.094609558164805 47.216894163419724 40.348209221913876
38.09473215151668 47.21688719698839 40.348227998955224
38.09462719959032 47.216893107483 40.34821179329259
38.09486099781251 47.21687947438963 40.3482467538186
38.094714386111384 47.21688772741936 40.34822410669081
38.0948405523272 47.21688052228953 40.34824334377371
38.094718813791395 47.21688745266446 40.34822472826485
38.094820138010476 47.21688121280886 40.34823906916516
38.094796024530766 47.21688257935093 40.34823536672634
38.094948172065116 47.21687349979293 40.34825761021302
38.09481509463745 47.21688128960563 40.34823778382072
38.09492558026332 47.2168741518674 40.34825260561354
38.09487283791617 47.216877251018474 40.34824477676907
38.35773797455306 47.34710328007898 40.37014392762936
38.35685830816624 47.34681563218936 40.37015179465948
38.3582543650182 47.34731936512614 40.37011509583734
38.35750640706432 47.347058111288646 40.370130333902125
38.359464567207866 47.347744441180694 40.37008922788484
38.3586786638158 47.34749748142629 40.37009111498553
38.359959500987515 47.347953161761566 40.37006076651017
38.358916193575 47.34758654755506 40.37008314857883
38.3612136628375 47.34839574625829 40.37003289870958
38.36044217418449 47.34815712348636 40.37003279915323
38.36028278156022 47.34810096062936 40.37003629699646
38.361685765242555 47.348596826258266 40.37000473114119
38.36052155024866 47.34819079586923 40.370028132892436
38.36214239962258 47.348791511238424 40.3699773874083
38.36169711178119 47.34863390644091 40.36998752073583
38.36342028600504 47.34924561068568 40.36994738114389
38.36234891012976 47.34888002561948 40.3699647808288
38.36385058281532 47.34943088555919 40.3699206819955
38.36310312662491 47.3491651897939 40.36993827709556
38.733422635751374 47.53575974357024 40.3528863868156
38.36416400255609 47.349566949964014 40.36990066379487
38.73404355100369 47.53618236246132 40.35280846982897
38.36449962337988 47.34969416722538 40.36988870510055
38.73496937333719 47.53675044040808 40.35270332437484
38.734646525413574 47.536593351978475 40.352732700764406
38.73455653941099 47.53653808621776 40.35274292952082
38.735565803086836 47.537158517027706 40.352628102550675
38.734723216171304 47.53664571218417 40.35272304833762
38.736140378732514 47.53755239911087 40.35255550223058
38.735836952816065 47.537365529228325 40.352590084884014
38.73708847644201 47.538136899539225 40.35244733735405
38.736378246156946 47.53771580221562 40.35252538601824
38.73763333220273 47.538512797071206 40.352378067636025
38.7371059319768 47.53818709331655 40.352438336719516
38.73860791224399 47.539115321598416 40.35226657970476
38.73800946532288 47.53877296948 40.35233012795355
39.00594605366252 47.812013173721915 40.31400885154219
38.732264097481064 47.61838343759595 40.34964821225296
39.00598676721089 47.812258561021935 40.31398309791962
39.0059863042181 47.812256807984774 40.31398333275657
39.00599781858476 47.812300184609775 40.3139775048244
39.005989046732076 47.81227229646421 40.31398165619542
39.00603789912559 47.81254259171126 40.313952104906974
39.00603462730914 47.81252957302411 40.31395379969168
39.00605039691994 47.812592075680215 40.31394564482942
39.006051575833375 47.81262530861635 40.313943437667355
39.00608949567676 47.812829422572285 40.31392081800053
39.00608278646112 47.81280168074148 40.3139243518262
39.00610340834753 47.81288672938434 40.31391350235933
39.006113898348346 47.812977620062156 40.31390531936462
39.006141688553775 47.81312016322247 40.3138891362293
39.00613063141518 47.813072670769564 40.313895059301394
38.99599872366595 47.9521760437878 40.30203952528866
38.995997811273696 47.95216935798169 40.30204026525182
39.02766401307856 48.02783523891355 40.28845213745415
38.996003806732354 47.952221563791454 40.30203424451066
39.027650431063684 48.02802019076787 40.288436625167535
39.027650517097484 48.028019140807054 40.28843657720447
39.027650241674 48.028022455467 40.28843678681441
39.02764335354475 48.02811658450901 40.288428522228834
39.02763691962461 48.028203901841906 40.28842152985948
39.02763727949937 48.02819921481934 40.288421684092214
39.063775507252615 48.34141193035701 40.278891582038014
39.06377468007288 48.34140820077488 40.27889161456298
39.06379674287879 48.34150769880044 40.27889074447334
39.063782365781314 48.34144620405429 40.27889090957409
39.06391791466848 48.34211330179074 40.27887885437011
39.063910935121534 48.34208139468646 40.278879181443074
39.0639429227355 48.342227504509914 40.27887769712422
39.06396241376785 48.3423354801771 40.278874514677064
39.064062551212224 48.34282497536648 40.278866008817516
39.06404835413506 48.34275945337097 40.278866748641754
39.06409105665418 48.34295647885715 40.27886452987583
39.064139504350436 48.34320891534616 40.278858537447825
39.06420931073871 48.34354668767425 40.278853023682395
39.064186270553954 48.34343943796071 40.278854334371445
39.06432303797466 48.34411379590523 40.27884201891041
39.06432166356299 48.344107340500784 40.278842104029145
39.064358109083365 48.34427805547566 40.278839902725956
39.06432957754747 48.3441463849167 40.278841388635136
39.151791967333274 48.61801273538666 40.26531055759051
39.151760771732576 48.61793477373964 40.2653117200718
39.151896361929815 48.618286001791525 40.26530750295044
39.252713587191394 48.77550094859201 40.25337878760662
39.25269509966732 48.77549893219435 40.253382845313894
39.2527192043639 48.77553355183654 40.25338059199368
39.252713186377086 48.77553264044188 40.25338188863009
39.252722047126696 48.77554867454332 40.253381374403034
39.25275150682441 48.775570101097316 40.25337663771252
39.252731967858935 48.77556642341965 40.25338077935581
39.252756855443685 48.77560181251731 40.253378419151545
39.25274802364187 48.77559985728509 40.25338026340713
39.252761073618885 48.77562489641184 40.25337964129228
39.252790383339736 48.77563945448891 40.25337428696244
39.252765530339076 48.77563326172381 40.25337941118832
39.252795472268055 48.775670278648406 40.25337604384985
39.25278146534753 48.77566624783468 40.25337888048739
39.25280042657422 48.775700513892986 40.25337777576562
39.25279532945063 48.77569884073686 40.25337878842852
39.252803387645244 48.77571740048343 40.25337869845055
39.252834325523594 48.77574019028886 40.25337375144727
39.25280926705516 48.77573098875856 40.25337863723816
39.252838980344556 48.77576993243763 40.253375505380646
39.25282055134049 48.77576253482762 40.25337903873244
39.25284361021955 48.7757992243151 40.253377222297715
39.252830501148566 48.77579356535192 40.25337969799422
39.16696248785167 48.84362214199089 40.24823635096318
39.16694404217942 48.84362374429428 40.24823365642277
39.206126024434475 48.873643512887526 40.24246786739874
39.20612318054495 48.87364294058192 40.24246767258253
39.206153338523 48.873649518614634 40.242469573668785
39.20612762099179 48.87367287467504 40.24245857256145
39.206156515350735 48.873716041419485 40.24244845618632
39.20613310026353 48.87370940789296 40.24244747440158
39.206159407453484 48.873781281882444 40.24242771590606
39.20614277172561 48.873775563727946 40.2424273439014
39.20616200524202 48.87384490322165 40.242407460606614
39.206152839481504 48.87384122815874 40.24240742550614
39.206164222780785 48.87390682562441 40.24238770464663
39.206163237286844 48.87390637318005 40.2423877194298
39.20619080704062 48.87391895691942 40.24238732971198
39.206164395745596 48.87391289505149 40.242385762299634
39.20619259004941 48.873980705834214 40.24236757184856
39.2061745155769 48.87397115182628 40.242368249692525
39.20619396255438 48.87404039995785 40.24234842451723
39.206184313621044 48.8740345671 40.24234902359088
39.20619507850165 48.874098391031865 40.24232979439143
39.206192798676504 48.87409682077529 40.242329998141706
39.20619534194378 48.8741163490612 40.24232401424307
39.206224668610325 48.87417699258016 40.24230829613714
39.20620062560951 48.87415777900057 40.242311304227044
39.20622561978101 48.87423439751635 40.24228983379493
39.20620620152031 48.874217205268415 40.24229280551035
39.206227075183236 48.874291890893105 40.2422714102142
39.20621009442188 48.87427499056446 40.242274613220864
39.20622861845568 48.8743488725452 40.2422531640914
39.206212555855785 48.87433127968707 40.242256714092264
39.20623061473712 48.874406662790335 40.24223471667557
39.206213633768954 48.87438616707843 40.24223908395044
39.20623270706156 48.87446429678678 40.242216332696074
39.206214346126146 48.874439615953094 40.24222187078027
39.20621474627967 48.87449180449058 40.242205024013444
39.1789329739764 49.01461701264079 40.19496653830788
39.17886574919973 49.01471222127759 40.19492846841318
39.17879964210108 49.01480585734763 40.19489102903627
39.178733080497175 49.01490012209253 40.19485333579351
39.17866625394775 49.014994768018475 40.19481549111596
39.17868970849203 49.014961528323134 40.194828778678264
39.178665926142074 49.014995203966514 40.19481531211619
39.17859998087987 49.015088694409506 40.194777944791504
39.17859815217204 49.015091142959164 40.19477694233553
39.1785340521684 49.01518214974491 40.19474058957532
39.17853054906567 49.01518683530216 40.19473867040892
39.17846445357964 49.01528040499068 40.1947012493169
39.17840036548458 49.015371168877984 40.194664956299974
39.17840882656529 49.01535916919367 40.19466975173851
39.178400084164764 49.015371548694844 40.19466480134979
39.178341469875896 49.01545471563786 40.194631571738654
39.178339610462324 49.01545722266345 40.19463054837941
39.17828703921019 49.01553195957645 40.19460071084097
39.17828399222485 49.01553608343835 40.19459903021292
39.17823397547272 49.01560727386119 40.19457062257021
39.178230856550314 49.01561144695733 40.19456891354844
39.17818285828503 49.01567983834663 40.194541634992895
39.178179407743364 49.015684428207564 40.194539750576155
39.178131118632606 49.01575328658535 40.19451229439956
39.178129044378665 49.015755870545846 40.19451120267998
39.17807801604518 49.01582822297161 40.194482285637555
39.092608641978536 49.15600126682378 40.119119120797066
39.09262830317254 49.15596143309739 40.11914192920388
39.09260928293319 49.15600002577662 40.119119771966496
39.0925685845206 49.156082382887014 40.11907271651956
39.09257172220775 49.156076248663396 40.11907599876579
39.09253493112879 49.1561509450442 40.119033065734726
39.09249828954184 49.15622532122235 40.1189903339549
39.09250251751958 49.15621675604622 40.118995237529
39.092498663555936 49.15622458474742 40.11899073366619
39.01126984278834 49.246904759869636 40.067869849075734
39.01126570935223 49.24690517504379 40.06786935220363
39.011258486638084 49.24692093209613 40.06785525325268
39.011251239992156 49.246921458081545 40.06785455984902
39.011237470055406 49.24693716060535 40.06784030070063
39.01122518144959 49.24695278769928 40.06782615504961
39.011231422328976 49.246943859466676 40.06783421208681
39.01122331153601 49.24695285476305 40.06782603655961
39.01121464713742 49.24696768325021 40.06781270908334
39.01121033450222 49.246967725477454 40.06781253477891
39.02489467225833 49.34044604492158 40.010775191849845
39.011197637925385 49.2469822521952 40.06779934470053
39.024874458211485 49.34052454568227 40.010721773314025
38.819083427420466 49.57619495581582 39.91627252405964
38.81937225154839 49.57583412795478 39.91644188666333
38.81905503594773 49.57621839835577 39.916265452829315
38.818686347660844 49.576690013632614 39.91604048906851
38.81862890712304 49.57673576586245 39.91602751729624
38.81828720942191 49.577187713595976 39.91580719088139
38.818207073558256 49.57724665139011 39.91579298905817
38.817787867151836 49.577753095162436 39.915560924789176
38.6259442697524 49.831935379909766 39.77577822820272
38.81773911860302 49.577811852355076 39.915534046858305
38.625911787094324 49.83196157265118 39.77576952518663
38.625743695909996 49.832097210864575 39.77572346189231
38.62568004096862 49.83214853781085 39.77570642727426
38.625450927209336 49.83233337930874 39.77564404559989
38.62523570412802 49.83250701787891 39.775585407325316
38.62536815586415 49.832400153751735 39.77562153879195
38.62521406175373 49.83252446848127 39.775579618980544
38.625043938905556 49.83266174670214 39.77553299260384
38.468435557187284 49.96640073395136 39.70896837905568
38.468433605945926 49.9664023419419 39.70896885631545
38.46843212293565 49.96640366480475 39.708969021018135
38.468433006864764 49.966402824890594 39.70896902397094
38.46843155834907 49.966404005848375 39.708969403319756
38.46843102878739 49.96640475486042 39.70896891830299
38.468429878590285 49.96640544067537 39.708969714780025
38.46842795413921 49.96640702207635 39.70897019435718
38.46842799025738 49.966406987761516 39.708970194468264
38.4684279366209 49.966407032386265 39.70897020675453
38.468426668076106 49.96640822834348 39.70897022103689
38.46842624764188 49.96640846457942 39.708970540584836
38.46842443013336 49.9664099711387 39.70897096788193
38.468422665529836 49.96641146656888 39.70897131840893
38.468423775930326 49.966410499201956 39.70897114963045
38.468422475081326 49.96641155848199 39.708971492836845
38.46842083061791 49.966412950497904 39.70897182264492
38.46841924746466 49.96641432883972 39.70897206501345
38.468420128771406 49.9664135430741 39.70897196640742
38.46841921304116 49.96641432228731 39.70897214208178
38.46841857285797 49.966415088558335 39.70897182940463
38.46841844946142 49.96641553259356 39.708971186581635
38.46841933485538 49.96641535007345 39.708969894456644
38.468419196476916 49.966415830007804 39.70896920899664
38.468421320228884 49.96641448579459 39.70896789151801
38.25748129567408 50.16769869780765 39.62191083296905
38.46842475176342 49.9664127254173 39.70896495362673
38.25718390523362 50.16799675108728 39.62175107549594
38.257375747740305 50.16780466412544 39.62185346722519
38.25730638675116 50.16787387895138 39.621817299821366
38.25755885232724 50.16762169035576 39.62194987175366
37.98873258633231 47.1751475153691 40.31478194381785
37.98882613809877 47.17520021160993 40.314847276718176
38.036919015596645 47.23162299332413 40.33722645519988
38.03698472289277 47.23162184436442 40.33725744880248
38.03693443733192 47.2316229871095 40.33723649500065
38.03694614092299 47.23162276447909 40.33724182673923
38.03698593857581 47.2316218371067 40.33725816918866
38.03708209177306 47.23162045068933 40.33730661971681
38.03703609408002 47.231621229929786 40.33728465974147
38.03708886371431 47.23162013662276 40.337307760185254
38.03718440358237 47.23161884002374 40.33735675167345
38.037127004798705 47.23161966087269 40.337327757947186
38.03719493607573 47.231618298686 40.33735797051751
38.043565380901995 47.25118941255544 40.34189906816434
38.04352032402981 47.25119678703156 40.34187900491197
38.04366533135118 47.25117422275504 40.34194097712698
38.04356849734512 47.25119109489506 40.341895584537596
38.04367033357431 47.251178929850056 40.34193092668994
38.04366028564105 47.251180445914386 40.34192673795508
38.04377488666009 47.25116397094334 40.34197269832262
38.09333707252715 47.21695183159487 40.34797852814324
38.093433990007476 47.216947494176694 40.34799623268677
38.04367063065606 47.25117926232102 40.34193021221852
38.04377607925503 47.251167272902016 40.34196545900919
38.0438834619617 47.25115390217239 40.342003932823715
38.04383187086659 47.25116105818851 40.34198382160679
38.093437192217216 47.21694896960775 40.34800077489917
38.09353701038716 47.21694424478308 40.34801837961558
38.04388330795359 47.25115540228097 40.34200058714397
38.093440811573274 47.21694980865139 40.348003883213764
38.09353858484274 47.2169456394454 40.34802224893757
38.09346107186289 47.2169490499678 40.34800794619636
38.09363982643849 47.21694083652969 40.34804007850828
38.093744276266705 47.21693587731805 40.34805846306255
38.09353991531608 47.21694604710862 40.34802363413714
38.093640344744536 47.216941965069076 40.34804298877135
38.09362084297334 47.21694284360189 40.34803944032776
38.09374317971903 47.21693716497314 40.34806129063472
38.093849333343385 47.21693209509671 40.34807990230361
38.09364057943067 47.216942025963135 40.348043206183405
38.09374332036917 47.216937569887364 40.34806232158651
38.09384704849718 47.21693304783339 40.34808156403812
38.09377682928059 47.21693615944893 40.34806866096313
38.09395506687287 47.21692798915721 40.348100747750294
38.09384645518295 47.21693315795344 40.348081659945
38.093951501905615 47.21692851565457 40.34810099358038
38.09391383076487 47.216930162707655 40.34809401692414
38.09406126847445 47.216923316622896 40.348120344791695
38.09395082593463 47.216928436605556 40.348100602894014
38.094055925829636 47.216923574430055 40.348119414540506
38.09404289499589 47.216924128792066 40.34811696366818
38.09416754304793 47.216918305191584 40.348139134665175
38.094055453123694 47.21692352623977 40.34811915866303
38.09416059014678 47.216918231902916 40.348136924674336
38.094273979107186 47.21691293758415 40.34815710098293
38.09416573849996 47.21691797266165 40.34813779467028
38.09439180169594 47.21690664560728 40.34817613336365
38.09426513383967 47.21691289371559 40.34815441018512
38.094379913630846 47.21690720564952 40.348174030161054
38.09427330373601 47.216912463513026 40.34815574478421
38.09449951484907 47.216900529996934 40.348192644100024
38.09436870705775 47.21690729004745 40.34817096323093
38.09448560522938 47.216901069186555 40.34818989945789
38.094373594721965 47.216907007754116 40.348171700729935
38.09460655463299 47.21689424623669 40.34820854709023
38.09447199034784 47.216901478052925 40.34818692231022
38.094463036958714 47.216901952576265 40.348185467214385
38.0945907679606 47.2168948808975 40.34820548758523
38.0947133992746 47.216887749437134 40.34822387227781
38.09447081337379 47.21690148797654 40.348186602795465
38.094575253833014 47.21689527971745 40.34820193113958
38.09454921218583 47.216896678164986 40.34819774351269
38.09469580383154 47.216888411962145 40.34822035257909
38.09457092856029 47.216895322454576 40.34820077227665
38.09467846136612 47.21688885760255 40.34821637656578
38.09462541401206 47.21689179885598 40.34820807263072
38.094799686015534 47.216881549312404 40.34823391810967
38.094668333432764 47.21688885812513 40.34821341964311
38.09478035576065 47.21688191672597 40.34822917025961
38.09470081216436 47.216886519750794 40.348217189650526
38.35710068999158 47.34691660268518 40.3701384948891
38.094763241614 47.21688183117405 40.34822396235941
38.35760915477109 47.34712824799538 40.370110681491035
38.094772767674755 47.21688108636107 40.34822492396175
38.358761552804076 47.34753232370492 40.370086406448024
38.35810919201788 47.34733684429577 40.37008309380548
38.35796319527353 47.34728576456954 40.370086111556276
38.35925321044584 47.3477387031991 40.37005862540629
38.358189443648854 47.34737043606875 40.37007860783477
38.359731018520165 47.34793963363532 40.37003144006523
38.3593530819618 47.347806746012495 40.37003959006626
38.36091139276893 47.348356385132526 40.37000510617436
38.35991845951364 47.34801884557862 40.37002057637895
38.3613658913374 47.3485494510218 40.36997825358411
38.3607939477278 47.34834750210062 40.36999102088332
38.36258408331608 47.34898115600574 40.369950255000646
38.36162658922574 47.348660845123995 40.36996251651132
38.36300958889595 47.34916393218503 40.36992407653151
38.36219599165911 47.34887553885155 40.36994281157117
38.36426010254932 47.349608916303204 40.36989439942769
38.36335316161513 47.349312588895394 40.369902387758174
38.73376528684966 47.536052478019 40.35283280991946
38.363572839962146 47.349395678377974 40.36989465241783
38.73435373329788 47.536452833108115 40.35275899655698
38.734245129392875 47.5363860874776 40.352771349709265
38.73522860740282 47.536991119103895 40.35265937607335
38.734446783336395 47.53651622595673 40.35274730939918
38.735789930204064 47.53737510330343 40.352588594791946
38.73550009747066 47.53719644368894 40.35262165685126
38.73669234853445 47.53793185975441 40.35248556713174
38.73601327646716 47.537528154756515 40.35256038398703
38.73115349548833 47.61749863793186 40.349782878683975
38.73068691320934 47.61712745598666 40.34983940196811
38.73206212542625 47.61822246055037 40.34967270916508
38.73156253387002 47.61794346601193 40.349721693441396
38.73269429694145 47.6189164318224 40.34957751512092
38.73204985727564 47.618399295599524 40.34965601933352
39.00601150682511 47.8124302920795 40.31396618339587
39.00602608774615 47.812495552236705 40.31395822546586
39.006015687755124 47.8124538904814 40.31396362825908
39.00606388141147 47.81272372609107 40.31393429728993
39.00606102329224 47.81271180517101 40.3139358084534
39.006076288454096 47.81277486400461 40.31392777150994
39.00607550425961 47.81279388692825 40.313926939139655
39.006113319877805 47.81299928676615 40.31390427833834
39.00610687370469 47.812971699163704 40.31390772582709
39.006126961079616 47.81305702438315 40.31389701879975
39.00613736516927 47.813145097164764 40.313889018804076
38.99598622949592 47.952084657350255 40.302049634709185
38.99597707879873 47.952017891202985 40.302057015712755
39.02765068287535 48.02801735526128 40.288436199045236
39.027650693919924 48.028017233513864 40.2884361772057
39.02765058802739 48.02801835892094 40.28843643695481
39.02764899413 48.02804035235327 40.28843426938752
39.027637818734554 48.0281922534886 40.288421841010745
39.02763798269099 48.028190131599736 40.28842189506074
39.02763743409953 48.02819720656927 40.288421744014066
39.027631422579034 48.02827937323279 40.288414510970476
39.063755869180106 48.34132348792048 40.27889234200146
39.02762536708738 48.028361756660644 40.2884076870842
39.063856468342465 48.34182609301081 40.278882492035976
39.063894358954876 48.34200566034643 40.2788799529563
39.063874168023005 48.341913532286036 40.27888087808466
39.064009270290015 48.34257939428116 40.278868746902894
39.064004700996094 48.342558321583326 40.2788689831627
39.06403523746452 48.34269895199573 40.2788674280343
39.06403562117975 48.342710840887015 40.27886619151603
39.06414887207823 48.3432658502509 40.27885640193908
39.06413786416397 48.343214741737775 40.27885701225158
39.0641782617483 48.34340220070466 40.27885478480883
39.06420395753364 48.34354047543681 40.2788510790716
39.064289828625796 48.34395847938947 40.27884399590981
39.064270302000345 48.34386731504506 40.27884513917279
39.064379023692084 48.344402907114734 40.27883540697563
39.15170595616006 48.61779850844773 40.26531381173814
39.15163465108058 48.61762131370564 40.26531653677508
39.15188797695197 48.618275858349534 40.265308545612186
39.1518682028009 48.61822656328408 40.26530929078688
39.15197642286784 48.618495681485015 40.26530516774143
39.15195363385875 48.61844782009483 40.265306630959
39.252693834932984 48.77552990858804 40.253386076972504
39.25267865241553 48.775527765741664 40.253389363055916
39.25269926382043 48.77556088500886 40.25338777018018
39.25269590205095 48.77556028294042 40.25338848568315
39.25272504628689 48.77556521285647 40.253382255267304
39.252700851211344 48.775568783239144 40.25338815521336
39.2527303694142 48.77559611095634 40.253383965346785
39.25271493532528 48.77559278381265 40.25338719681102
39.25273575225118 48.775626273517084 40.25338559186881
39.252730566224095 48.77562495302899 40.25338665844833
39.2527624790017 48.77563251798668 40.25338004189161
39.25273844383232 48.77563932890409 40.253386212749234
39.25276781072567 48.77566249270882 40.25338166232753
39.25274833345401 48.775656989091374 40.25338561643207
39.25277298256387 48.775691909359686 40.25338326652677
39.25276246199415 48.775688540596114 40.25338536472253
39.25277826283097 48.77572043537002 40.25338476124528
39.25277599853007 48.77571964208933 40.25338520635333
39.25280555057684 48.77572971292484 40.25337937029805
39.16685420583657 48.84355730709574 40.248243352352084
39.25281039162187 48.77575863525964 40.253381003594804
39.16686128820396 48.84357620136065 40.24823839037356
39.166904491521045 48.84359933544795 40.24823643733483
39.166867014385076 48.8436032720268 40.248230753338234
39.16689619704684 48.84362803036972 40.248226627270476
39.16687108506309 48.84363035713227 40.24822291423068
39.166887834954856 48.843656360588554 40.24821692123153
39.1668735030248 48.843657506647986 40.248214858024184
39.20610377608728 48.87370176180133 40.24244603064106
39.20610229162327 48.873701396259946 40.24244595058439
39.20612951913107 48.8737084334885 40.24244731124916
39.206104482069605 48.87371478744046 40.24244190690749
39.20613277328698 48.873772200581115 40.24242709648773
39.20611266527061 48.87376563092096 40.24242653608154
39.20613560328835 48.87383434406216 40.242407350804456
39.206121951827335 48.87382903277407 40.242407245954716
39.206138150191556 48.873894912039646 40.24238807747567
39.20613180807707 48.873892047754325 40.24238815726084
39.206139741720136 48.87393918150484 40.242373954400996
39.20616583772199 48.87396665982187 40.242368544361845
39.20614240664324 48.8739547302295 40.242369275468754
39.20616745242102 48.87402491660081 40.242349894861384
39.20615224336382 48.87401634589978 40.24235063730406
39.20616896299056 48.87408175905216 40.24233168944465
39.206161416778876 48.87407705896449 40.24233220276595
39.206170377689965 48.87413706178863 40.24231396981993
39.20616948809614 48.87413645446569 40.242314047576635
39.20619593981789 48.87415441453316 40.24231176738941
39.20617055501671 48.87414453462417 40.242311573589106
39.206197241811395 48.87421029590254 40.242293845319985
39.206177069473874 48.8741948282194 40.24229615776979
39.206198635090054 48.87426533203086 40.24227620916785
39.20618236346827 48.87425147605297 40.242278521111565
39.20620007044898 48.874319648405844 40.24225881171893
39.206185899410514 48.8743066090192 40.24226114001296
39.206201732245646 48.87437403729034 40.242241421057436
39.20618837173932 48.87436046216942 40.24224403118358
39.20620326952391 48.874427365499116 40.24222435723087
39.20619017344074 48.874412870198604 40.24222730068529
39.206204691539064 48.87447985186295 40.24220755061225
39.2061915514523 48.874464053989286 40.24221090999797
39.17892329833262 49.0146305005193 40.19496110944209
39.178909645491856 49.014649535253085 40.19495344841111
39.17885878483747 49.01472191384998 40.19492456450672
39.17884657580551 49.014738907917845 40.19491772013971
39.17879503389544 49.01481225761563 40.19488844896802
39.1787829282885 49.01482907736969 40.19488166969821
39.17873107155111 49.014902906262016 40.19485221242631
39.178719669362145 49.0149186967497 40.19484583925319
39.178655772858704 49.01500919564974 40.19480965324505
39.17858948897046 49.01510302792916 40.194772126453174
39.17859258812644 49.01509863489578 40.194773882415305
39.17858934820466 49.01510322121507 40.19477204816133
39.17852593765673 49.01519311614892 40.19473611759187
39.17852314203203 49.015196934168955 40.194734567551414
39.17846270881833 49.01528276124151 40.19470028816519
39.17845784708541 49.01528935986696 40.194697602204435
39.178394980208495 49.015378377833954 40.194662004604325
39.178333987812266 49.01546479588552 40.19462745567304
39.17835608796827 49.015433446842266 40.194639982690596
39.17833318165003 49.01546588551439 40.19462701135753
39.17827938038102 49.015542286786 40.19459649546574
39.17827755191514 49.01554474300015 40.19459549126928
39.17822734375651 49.01561614799442 40.19456698848249
39.178224561062564 49.01561988582701 40.19456546027283
39.17817624248309 49.015688689847984 40.19453800993935
39.178172855432905 49.01569321038259 40.194536156649264
39.17812720579649 49.01575831514396 40.19451019883775
39.17812343125132 49.015763321780014 40.19450814080739
39.1780775521088 49.01582881503977 40.19448203814612
39.17807467829659 49.01583247164284 40.19448050764073
39.092610802265106 49.15599716042514 40.11912119274544
39.092620970434176 49.155976524664425 40.119133044718
39.092610860076995 49.15599705627382 40.11912123897461
39.09257391030347 49.156071998582874 40.11907824322557
39.092575033625025 49.1560698257973 40.119079380846614
39.09253668019843 49.15614751481695 40.119034912683084
39.09254017218832 49.15614068564992 40.11903856921093
39.09250580828337 49.15621053986253 40.118998330953524
39.01125774527215 49.246906153425556 40.067868237789504
39.01126068984159 49.24690190793784 40.067872068279875
39.011256736619906 49.246906306472845 40.06786807100423
39.011246833868846 49.2469218168929 40.06785410391606
39.01124262610174 49.24692225308989 40.06785358617612
39.011236017102334 49.24693728099962 40.06784014852817
39.01122871941887 49.2469378753035 40.067839393368
39.011215012350426 49.24695320768753 40.067825462013886
39.01120428676306 49.24696812405616 40.067811991641676
39.01121353544094 49.246954831960224 40.06782398537345
39.01120134206679 49.246968297100494 40.06781174569141
39.01119423934334 49.24698242271714 40.06779908653747
39.011188608710064 49.246982724565555 40.067798641805176
39.0248752699443 49.34052134769826 40.010723920012786
38.83863928438625 49.49007655926626 39.96770051889267
38.818933794379355 49.57632253824846 39.91623204546396
38.81904835608674 49.57617945892505 39.91629918901784
38.81892051985347 49.576334306498964 39.916228096175956
38.818546565998616 49.57680560382862 39.916005536282846
38.81849855709597 49.57684645234569 39.915992617101395
38.81816634270128 49.5772794522851 39.9157835056112
38.81809417705777 49.57733758024581 39.91576669328727
38.81778385509476 49.57775608736857 39.915560180762114
38.81769147756572 49.57782537434929 39.91554273780088
38.6258147204161 49.83203984123959 39.77574354153331
38.625895951129365 49.831974301210096 39.77576571991647
38.62579775381482 49.83205352232267 39.77573899697368
38.62562457639374 49.83219325967274 39.77569159450435
38.625573605685574 49.83223435925896 39.775677950779425
38.625435210416356 49.832346051543155 39.775639847146635
38.62535066409045 49.83241422212991 39.77561724028689
38.62513074933698 49.83259164198673 39.775557365223776
38.625183503677185 49.83254907741703 39.77557177257752
38.62511840434291 49.832601595712745 39.77555406612953
38.468434200353684 49.96640156539147 39.70896927455484
38.468432830408915 49.966402407445344 39.7089701736363
38.468433297412446 49.96640253008306 39.708969061757365
38.468431136546386 49.966403851761854 39.70897049273973
38.468429617742714 49.96640518649433 39.708970700849896
38.46842993701391 49.96640484254158 39.70897078169027
38.46842928493169 49.96640538963003 39.708970922083275
38.46842885684537 49.966406058486 39.70897040542803
38.46842778705363 49.96640670693984 39.70897112542545
38.46842645605191 49.96640791898538 39.708971224539646
38.46842507690091 49.96640916072582 39.70897135505848
38.4684254931699 49.966408727741054 39.708971430058305
38.46842476491173 49.96640934643381 39.70897157172727
38.468424142664475 49.96641013978842 39.70897117236359
38.468423145770316 49.96641072579581 39.70897187919494
38.46842150587945 49.96641211735667 39.70897220137144
38.468421640028936 49.96641198215242 39.708972217024915
38.46842140050331 49.96641217912151 39.70897227643802
38.46842056936086 49.96641309706595 39.708972021660664
38.46841991982407 49.96641346529325 39.708972508923864
38.468418997249366 49.966414405135794 39.70897238158545
38.46841912963617 49.96641469876555 39.708971557496916
38.46841913908885 49.96641455464311 39.708971823196066
38.46841922205666 49.96641463436689 39.708971511765554
38.46842048003115 49.9664142309229 39.708969959220816
38.468420772276616 49.96641404411368 39.70896978153165
38.46842070198816 49.96641447549882 39.708969064549876
38.46842208998051 49.96641358981636 39.70896821758412
38.4684228664308 49.96641328842075 39.70896736229199
38.4684261437979 49.96641144874742 39.70896486775148
38.468427006796546 49.96641129961732 39.708963551745356
38.46842768786264 49.96641067184719 39.70896351591711
38.468425388226485 49.966412121862206 39.70896495336335
38.03694577177874 47.23162226722549 40.33723636508466
38.03700200150254 47.23162080667887 40.337257877749366
38.037067592083574 47.231618883013766 40.337280662631585
38.03706670545635 47.23161912335318 40.33728260456486
38.0370318933967 47.2316203724984 40.33727290662369
38.037117484694555 47.231618196842184 40.337306151701235
38.03712099225458 47.23161842089293 40.33731080192451
38.04349082537502 47.25120702830249 40.341853841851986
38.0434889241348 47.25120750187095 40.34185263443382
38.04349144903018 47.251207208640416 40.3418534920636
38.04357768494691 47.25119480855669 40.34188808305805
38.0435377875313 47.251202245866565 40.34186830134112
38.04358161338621 47.25119739522969 40.341882656362586
38.04367539976177 47.25118395394135 40.3419201771364
38.043615291938956 47.251193799315445 40.341893395216246
38.04377667554441 47.251168885557085 40.34196192450493
38.04367735093919 47.25118712556879 40.34191328932765
38.04377698970495 47.25117368926434 40.341951276735664
38.04371179055731 47.25118346457986 40.3419242348943
38.043882475555 47.25115901612212 40.34199248956281
38.09344141520789 47.21694987969359 40.34800423319807
38.0437772608389 47.25117652144466 40.34194500601292
38.04388053609438 47.25116412278878 40.34198098469019
38.0438382149127 47.25117008096429 40.3419642916364
38.043988783621856 47.25114967993915 40.34202191125255
38.09354145341615 47.216946366906996 40.34802486518295
38.04388021291908 47.2511656623776 40.34197753748032
38.04398586038006 47.25115456207422 40.34201082496702
38.04409528089969 47.25114092336307 40.3420500605516
38.044013902454324 47.251151660052145 40.34201956196963
38.09364235024079 47.21694230055479 40.34804439468572
38.093743579149745 47.21693757474647 40.34806240905076
38.04409301442937 47.25114358468448 40.34204396232743
38.093644869884415 47.21694216395957 40.348044796705146
38.09374379382214 47.216937801738936 40.34806302666826
38.093651277972384 47.21694187598381 40.34804596440303
38.0938461186766 47.21693307713418 40.34808136408297
38.093744457024684 47.21693759624877 40.348062718028785
38.09384502391036 47.21693294508395 40.34808072150454
38.093800749083385 47.216934924473556 40.34807262846562
38.0939488954899 47.21692821255866 40.348099491328945
38.09384491248042 47.216932750948814 40.348080214366846
38.09394579871289 47.216928007297014 40.348098085020894
38.093932893103755 47.21692854881095 40.34809563931563
38.09405114960706 47.21692315896104 40.34811700381277
38.09416027958795 47.21691819946216 40.34813675465929
38.09394554395235 47.21692793164925 40.34809782567794
38.09404662663657 47.21692273759221 40.348114652632795
38.09415305852202 47.21691796836551 40.34813408055798
38.09405532213823 47.21692229525652 40.34811611109129
38.09426439463444 47.216912845249716 40.348154075793936
38.09414678904954 47.21691759155348 40.34813132817938
38.09425498816621 47.21691264823572 40.34815084669302
38.094158159010085 47.21691699409923 40.34813318859332
38.09436814463297 47.216907250922915 40.348170703310586
38.094246228761904 47.216912257619 40.34814733329936
38.09435659453552 47.21690713580523 40.34816704829852
38.09425065723257 47.21691202020491 40.348148046389284
38.094345343122455 47.2169070382819 40.3481635235391
38.09432753119649 47.21690785343337 40.34816031372636
38.09445836143283 47.21690134933065 40.348182626851916
38.09434297986199 47.21690698533943 40.348162703844785
38.094445301471 47.21690144624756 40.34817904918232
38.09439887508704 47.21690372193598 40.34817105205401
38.09455974605544 47.21689530609212 40.3481974660534
38.09443779100803 47.2169013394874 40.34817659451119
38.09454489045448 47.21689538821471 40.34819332774081
38.09446583190655 47.216899540578524 40.34818038710151
38.09466082112615 47.21688878568857 40.348211048342385
38.09453035117798 47.21689533793045 40.348188958133974
38.09452548620108 47.216895585209635 40.34818814166451
38.09464405782382 47.216888797870254 40.34820618184161
38.09476059400786 47.21688179111951 40.348223091118896
38.09452946411136 47.216895299179654 40.3481886043048
38.094627332499144 47.21688850241251 40.348200574365286
38.09459566353739 47.21689029307618 40.34819570192174
38.35701653886497 47.34695441737996 40.370105751487486
38.09462132877625 47.216888238764426 40.348198176252964
38.357508370069695 47.34715850702717 40.370079172008914
38.35701460310425 47.34698575872338 40.370089375386186
38.35859966657098 47.34754210236331 40.37005569995763
38.35777212271969 47.34726833810445 40.370064721127854
38.35907363046793 47.34774035402126 40.37002927793244
38.35843203361566 47.347514814218066 40.37004308575841
38.36019980109739 47.34813789050562 40.37000419304184
38.35937814341833 47.347868343378885 40.37001198625823
38.36065011271147 47.34832809538078 40.369978142798715
38.35988957379858 47.34805966004713 40.36999506613513
38.361804798002545 47.348737085155946 40.369951711297624
38.36098004370308 47.3484682562654 40.36995864480665
38.362228635674235 47.34891806038455 40.36992619147247
38.36133540689373 47.34860172073593 40.369946616439776
38.363417456917816 47.34934050285886 40.36989828040687
38.36261418131607 47.349083513702425 40.36990255249797
38.3638099569219 47.34951021188153 40.36987356323427
38.362687290738265 47.34911106349754 40.36990003074421
38.73409374205477 47.53632985706125 40.35278202639336
38.363960771207175 47.34959307655648 40.36985501375794
38.73492304034741 47.53684084371214 40.35268746362545
38.73422847296777 47.53642137759834 40.35276515181703
38.72944115022439 47.616137269071665 40.34999023398933
38.72911806997244 47.61588085920982 40.35002931342055
38.7302795849605 47.61680358893223 40.34988872985341
38.729759274739585 47.61647606229937 40.349943345988855
38.730926586467255 47.617498966683705 40.34979275146166
38.73044340076762 47.61711215644923 40.34985152183945
38.73178932559716 47.6181903608819 40.34968774394571
38.731377948390794 47.617985383589456 40.349725667623666
38.732406434302845 47.61886169520065 40.349595412453894
38.73173480638498 47.61831970939021 40.349677524037055
39.0060149218113 47.81245081648213 40.313964026484065
39.00604097570503 47.81262883218778 40.31394637215446
39.006040505895015 47.81262686337634 40.31394662107469
39.0060520454035 47.81267450975997 40.313940546886826
39.00604301018429 47.81264104762046 40.31394508784399
39.006087900984326 47.812890718297204 40.31391786055346
39.0060846473464 47.81287672346764 40.31391960456805
39.00610020738573 47.81294309831638 40.31391129502878
39.00610011739931 47.81296432988458 40.31391013402973
38.99596303519797 47.95191572529001 40.30206830131315
38.99595752970177 47.951875765623775 40.30207271266731
38.99597426864448 47.95199741235871 40.30205927891816
38.99599506685487 47.95220185325141 40.30203512494907
38.99602267572888 47.95243000992177 40.30200911483527
38.996013279889844 47.952360212297044 40.30201686760056
39.02763871113825 48.02818069529886 40.288422145895225
39.02763873573863 48.028180373789965 40.28842215777611
39.02763828022355 48.02818626937219 40.28842200712488
39.027638066178554 48.02818948108899 40.28842140553411
39.02762636191481 48.02834860782019 40.28840834453059
39.02762659859514 48.02834547463998 40.28840850686939
39.02762564116024 48.02835813130075 40.28840787167508
39.06376326419253 48.34137881619639 40.2788894078046
39.063850710716025 48.34180663638256 40.27888193650943
39.06383973616792 48.34175664436523 40.27888242935758
39.06387198671171 48.34190358006411 40.2788809779388
39.063927962213725 48.3421921117735 40.27887443054329
39.06398450931451 48.342465213426266 40.27887002575479
39.063966377570154 48.34238164309173 40.27887095729203
39.06409373680475 48.34300997097698 40.278859445867305
39.06409259380442 48.34300465925166 40.27885950982822
39.06412065473316 48.34313482928936 40.27885796771635
39.06409940953374 48.34303823562741 40.278858899686824
39.064228005992796 48.3436698545634 40.278847614629285
39.0642207694264 48.34363602333228 40.278848043820744
39.06425817723577 48.34381064755131 40.278845856322576
39.06425981398739 48.3438282503285 40.278844562815
39.06436384309643 48.344337008640494 40.27883569756327
39.064348778940314 48.34426624725964 40.27883663138089
39.1516246286558 48.6175963152713 40.26531691355195
39.15165516510848 48.61768609813754 40.265316685275174
39.15180344034252 48.61806479574891 40.26531170963875
39.151745263052206 48.61791914589845 40.26531386017248
39.15197654473437 48.61851807890188 40.26530665531665
39.151966600449114 48.618493085030224 40.265307016300945
39.25266955420144 48.77552645767729 40.25339132998704
39.15200979707332 48.61860501208449 40.265305674965475
39.252675403401426 48.77555657296759 40.25339284483283
39.252663363709644 48.77555429754102 40.25339539598572
39.252681159172724 48.775585903040486 40.2533943066017
39.25267921206509 48.7755854635021 40.2533947123916
39.25270535013325 48.77559078901472 40.2533892104684
39.252682258459636 48.775590923120006 40.25339453056147
39.25271083145671 48.77562021154205 40.253390744093856
39.252696643811646 48.77561668586674 40.25339367022796
39.16674989358552 48.84350821839659 40.24824598779193
39.16674021599803 48.84350974920899 40.24824436195994
39.25274173277149 48.77565519554261 40.25338696324065
39.1667474118883 48.84351921234456 40.24824231235091
39.25274716679048 48.77568378656207 40.25338842879316
39.16675889989375 48.84353457181123 40.24823896279774
39.166795079015415 48.84355691203339 40.248236415218074
39.16677410017245 48.843559771279175 40.24823303192511
39.1667879065789 48.843585062074204 40.24822690658101
39.16678580894525 48.84358532622181 40.248226574975156
39.166848590310686 48.84357772007316 40.248236407696396
39.16678706277135 48.84358829967425 40.24822581071608
39.166840926562244 48.84360609210857 40.2482267721727
39.16679674048234 48.84361101707657 40.248219983463876
39.16683324298035 48.84363397584373 40.24821728436863
39.16680284854114 48.84363699120854 40.248212729055446
39.166825521509054 48.843661478728485 40.24820790910213
39.16680653943767 48.8436631107659 40.24820514138712
39.16681708397073 48.84368854216069 40.248198583424674
39.16681342719551 48.843688806503465 40.248198065628436
39.16681510800839 48.843694631116286 40.248196475990696
39.206106953124 48.87376379542238 40.242426366922494
39.206087120043435 48.87375767719674 40.24242569707892
39.20611000936789 48.873824291545745 40.242407184946515
39.20609689737227 48.8738191939536 40.242407083006476
39.206112632336946 48.87388302361346 40.24238851630966
39.20610644412107 48.87388017262684 40.24238861236014
39.20611450575001 48.87392919832376 40.24237381393782
39.206140158619164 48.873953508346894 40.24236937065569
39.20611642604532 48.87394079953075 40.24237031379801
39.20614193604446 48.87401018171294 40.24235125566493
39.206125897899106 48.8740005111746 40.242352243443506
39.206143570303816 48.8740653037679 40.2423336238993
39.206134443212996 48.87405933752051 40.242334335923964
39.20614527302779 48.87411924677136 40.24231638309863
39.20614210175312 48.8741169943119 40.242316688605996
39.206146011207785 48.87414555156916 40.24230796346837
39.20617143225715 48.87419039426099 40.24229684008805
39.20614988182665 48.874173862838866 40.242299312797854
39.206172862830684 48.874243501793146 40.24227983346003
39.20615510196452 48.87422902741723 40.24228214659085
39.20617452533649 48.87429643177212 40.24226291533185
39.206159694174715 48.874283012800376 40.24226527830768
39.206176036686394 48.87434827089771 40.24224633025041
39.206163200888355 48.874335771525615 40.242248662154395
39.20617767080507 48.87439978660041 40.24222986631393
39.20616546510409 48.874387024909154 40.24223236739081
39.20617918433453 48.87445040591058 40.24221367653763
39.206167106242006 48.874437078449354 40.242216377885846
39.178895155914624 49.014669749447336 40.194945314839984
39.178880978200716 49.014689531392314 40.19493735566726
39.178833442408965 49.014757214376715 40.19491035153878
39.178820452948536 49.01477532083359 40.19490306354702
39.178772434200475 49.01484368786495 40.19487578590528
39.17875931986838 49.014861949356394 40.19486843231352
39.17871180850978 49.01492962756525 40.194841435027634
39.17869814201047 49.0149486338807 40.19483377746094
39.17865132357657 49.01501537284178 40.19480716270669
39.17863622579028 49.01503633939875 40.19479871026658
39.17857364345586 49.01512496707771 40.194763270826726
39.17851189772659 49.01521247479786 40.194728289944536
39.17855992472279 49.015144382304584 40.19475550514541
39.178508506449454 49.01521716171877 40.19472639665069
39.17845182674082 49.01529765568632 40.19469424691604
39.17844558845034 49.01530623945659 40.19469077306163
39.178392899910264 49.01538123211134 40.194660848086016
39.178384116438366 49.01539328414697 40.1946559648604
39.178324603374435 49.01547759139059 40.19462225736023
39.17833639282234 49.015460866068096 40.19462894043586
39.17832403297442 49.01547837075657 40.19462194101544
39.1782712339393 49.01555332994943 40.19459199800521
39.17826920191597 49.015556090956245 40.194590874663845
39.17822032269362 49.01562559870881 40.19456312800542
39.178217706161746 49.01562912214577 40.19456168898575
39.17817061064451 49.01569617524619 40.19453493567345
39.178168200398666 49.0156993485048 40.19453362707968
39.17812228211803 49.01576479856442 40.19450752538072
39.17812065492828 49.01576681206077 40.19450667213507
39.17807444243912 49.01583273199195 40.19448039135135
39.17807474504162 49.01583196336626 40.194480642453065
39.092613910671844 49.15599126170632 40.11912415811099
39.09257867296498 49.1560627997537 40.119083045072635
39.09259642883681 49.156026771569515 40.11910373093245
39.09257912766538 49.156061927210125 40.11908349438325
39.09254314125674 49.15613490061152 40.11904164370355
39.09254495339984 49.15613138276896 40.11904349931363
39.09250732990037 49.15620755580362 40.11899993756914
39.09251146288861 49.15619946999577 40.11900427021516
39.011247457427324 49.246907820261484 40.06786644350879
39.011235436007375 49.24692334102666 40.06785239994398
39.01124182332046 49.2469141021605 40.06786073505565
39.011233174981484 49.24692369506867 40.06785201642029
39.0112250314495 49.24693830541303 40.067838897515124
39.01121948946689 49.2469390602521 40.067838056881705
39.01121464417038 49.24695323294936 40.06782542807092
39.01120643656237 49.246953927804185 40.06782455547188
39.01119442693104 49.24696852360749 40.06781132642873
39.011197868418115 49.246963550896695 40.06781581281851
39.01119340663924 49.2469685683577 40.06781125459586
39.01118459823908 49.24698268014036 40.06779855338022
39.01118105777035 49.24698268234914 40.06779843885375
38.838614366580636 49.49010608339216 39.96768789007907
38.83853656354589 49.4901983264411 39.96764838894049
38.83804759932508 49.49079214725042 39.96738312844237
38.818419850507624 49.576907531188766 39.915976126562896
38.81862850454356 49.57664689031962 39.9160984541862
38.81840248303748 49.57692094065011 39.9159725420963
38.81804765900821 49.57737174164541 39.91575849019432
38.81800767505444 49.5774009603238 39.915751554234035
38.817672793231694 49.57783921795044 39.9155393454881
38.81760551479617 49.57788762841001 39.915528275160014
38.62568683561764 49.83214296439283 39.775709257641516
38.62569324256237 49.83213779521927 39.77571100486193
38.62568540010932 49.832144122004706 39.7757088722348
38.6254999469352 49.83229375312611 39.77565823327678
38.62545742224525 49.83232804338641 39.77564683952342
38.625317268754046 49.83244114911568 39.7756083109489
38.62523571501436 49.83250690834167 39.77558648725207
38.625018887145714 49.83268183799265 39.775527450614454
38.62503658090681 49.83266756175064 39.77553228412556
38.62501514132908 49.83268485843131 39.77552644744269
38.46843135382773 49.96640331856053 39.708971135790385
38.46843045396903 49.9664038764141 39.70897171703279
38.46843053612263 49.966404220374756 39.70897088766712
38.468428929234314 49.96640521058948 39.708971937297335
38.46842773226649 49.96640634172074 39.70897194555393
38.4684267976337 49.96640730824225 39.708971788252164
38.46842736288438 49.966406674204 39.70897198069944
38.46842639854942 49.96640755191903 39.70897205336266
38.46842606502264 49.96640815407544 39.70897149151081
38.4684252586791 49.96640864039713 39.70897203900364
38.468423844012285 49.966409892361014 39.70897221564849
38.468422662386644 49.966411007205764 39.708972227314575
38.46842344670135 49.96641023730695 39.70897227837108
38.46842232791125 49.96641120259165 39.70897246688652
38.46842085114264 49.96641248550846 39.70897269847917
38.468419631630695 49.96641361410874 39.70897275374781
38.46842003218247 49.96641321871401 39.70897278415764
38.46841954981741 49.96641365593801 39.70897282406895
38.46841904865319 49.96641436381384 39.70897236696947
38.46841915037544 49.96641426863883 39.70897236439583
38.46841958270388 49.96641436425432 39.70897137029521
38.468421480067455 49.96641355430135 39.70896942466555
38.468424621060194 49.96641197331958 39.70896667586104
38.4684250077032 49.96641211249377 39.70896568131651
38.46842393431902 49.96641274004203 39.708966449109994
38.46842617091602 49.96641155663958 39.708964605085
38.46842545378912 49.9664119751721 39.708965119485704
38.03706757456573 47.2316190627944 40.33728253834764
38.037119360938185 47.231618060503116 40.3373059499237
38.03713811210908 47.231617349787044 40.337310776027415
38.037193218356634 47.231615669079304 40.33732924146146
38.04346700153533 47.25121680375955 40.34183017700249
38.037172451507104 47.231616789738894 40.33732739785357
38.04351206308164 47.251211557308636 40.341845512352435
38.0435128836054 47.25121189095626 40.34184483799311
38.04359592917914 47.25120155667121 40.34187457855012
38.04358864289447 47.25120360151403 40.341869440338854
38.04359815375325 47.25120266809298 40.34187229065253
38.04368070979345 47.25118929775559 40.34190873709084
38.04362368872975 47.25120061450774 40.34187893785884
38.04368602988679 47.25119445230867 40.34189771838808
38.04377888646549 47.25117923279703 40.3419391143212
38.043692893405996 47.251193792992524 40.3418997435728
38.04378052829286 47.25118495957735 40.341926523937474
38.043776042298816 47.251185675442514 40.34192456717402
38.04388011933533 47.25117012496871 40.341967614358396
38.043985436536616 47.251155499850185 40.34200870671501
38.04378058359722 47.25118522935654 40.34192592902626
38.04387892916591 47.25117544854284 40.34195568869828
38.04398180574493 47.25116155943905 40.3419949464766
38.043891824664456 47.251174178656385 40.34195956288338
38.04408973189652 47.25114728457069 40.3420354735668
38.09364495713139 47.216942160486305 40.34804481369763
38.04397910468217 47.251165667719484 40.34198559776326
38.044083445317284 47.25115342385241 40.342021319476245
38.04402595436905 47.25116113092372 40.341999502281226
38.04419275927498 47.25113938185019 40.342061442439736
38.09374449192777 47.216937581927034 40.348062693211894
38.04408097502565 47.25115589718785 40.34201562230315
38.04418419569354 47.25114573251672 40.34204663280795
38.04416902765374 47.25114770576979 40.34204101030558
38.04429500021374 47.25113172654392 40.34208679738608
38.09384365029438 47.21693272968774 40.34807979372767
38.04418328797296 47.251146415180806 40.34204504189495
38.044286367426125 47.251137135376794 40.34207407477638
38.09384074631593 47.21693308615903 40.348079816968685
38.04431183769294 47.251134960188374 40.34208098689218
38.09394222826862 47.21692790746896 40.348096798109935
38.09404619039225 47.21692274118546 40.34811453399733
38.044388216319604 47.25112863029758 40.34210128584198
38.093937727930246 47.21692823011769 40.348096272396845
38.044433419613625 47.251125075933345 40.34211287309522
38.0940403833135 47.216922931246664 40.34811330247816
38.09414592602906 47.21691760003873 40.34813109684889
38.09393579045887 47.216928129094775 40.34809545952898
38.094034306861396 47.21692320845219 40.34811220531621
38.09398533156005 47.21692556519337 40.34810366183667
38.09413834277649 47.21691781170727 40.34812939936123
38.09424573712619 47.216912258333025 40.348147191446316
38.09403161784082 47.21692309063688 40.34811113188199
38.09413080222095 47.21691792923939 40.34812748421485
38.094079481793415 47.216920447049496 40.348118649518916
38.094236483554106 47.21691240800968 40.348144854538255
38.094126762128376 47.21691779135377 40.34812596709035
38.09422727866687 47.21691258156521 40.34814259022555
38.094162387089014 47.21691575141176 40.34813138561883
38.094334314302415 47.21690696905568 40.34816013297164
38.09422020820766 47.21691234676676 40.34813995106441
38.094323538975644 47.21690705835496 40.348157203983405
38.09423502740238 47.21691144756778 40.34814208128429
38.09443241852167 47.21690126246594 40.34817483700779
38.094312903305365 47.21690687329986 40.348153645088345
38.09429641111674 47.21690766908776 40.348150773411824
38.094419961206796 47.21690120973504 40.348171069526
38.09431055643831 47.21690673584715 40.348152623585015
38.094407625168614 47.216900908888235 40.34816673091263
38.09436055377239 47.21690328009131 40.34815877888609
38.09451570539049 47.21689483440904 40.34818344941458
38.094399948537216 47.21690039432116 40.348163230764634
38.09450160799567 47.21689438242046 40.348178226850834
38.09442382130249 47.21689857423395 40.34816575413939
38.09461044944845 47.21688773819848 40.348193774878624
38.132509833059146 47.3115723679626 40.33661612242992
38.35695284901708 47.34699490055718 40.370074887344266
38.13252568179638 47.31158403529922 40.33661019555679
38.35799639916246 47.34736169654441 40.3700524505997
38.35742788018016 47.347191313696186 40.37004957732326
38.35728971918994 47.34714287109425 40.37005248661643
38.3584646380674 47.34755652120848 40.370026877001024
38.359538676988386 47.347935798231646 40.37000288002654
38.35750184701099 47.34722196922618 40.37004559932142
38.35892121933398 47.347746714891365 40.37000182755105
38.35870307738719 47.34766979052161 40.37000664584617
38.359985227407634 47.34812307730661 40.369977732918926
38.361088388285545 47.34851424513881 40.36995226139963
38.35902244907363 47.34778899164072 40.369996218175515
38.360417505945115 47.348304612219124 40.36995326578823
38.36012714212369 47.34820184256312 40.36995987278857
38.36150864366092 47.34869202281643 40.36992781243102
38.36263539643905 47.34909260459659 40.36990125859334
38.36054221342219 47.34835718621832 40.36994610310187
38.36191590609911 47.34886462992914 40.36990395233371
38.36152496869799 47.348725738860935 40.369913116973684
38.363029103731414 47.349261036397806 40.36987738786751
38.36207325386475 47.3489316228857 40.36989457730058
38.36340818826363 47.349423350417055 40.369854332987586
38.36286909034492 47.34923131960429 40.36986722814915
38.7286372447584 47.61549933581668 40.35008746577421
38.728268595901746 47.61531044478738 40.350121957368934
38.729294559041236 47.61619339727098 40.349991165439036
38.72875883348753 47.61576553630538 40.35005622794896
38.730093481457935 47.61683217175636 40.34989406922562
38.7298712091858 47.61680363782454 40.349906551093596
38.73072685237794 47.61750762429817 40.349800626719684
38.7299883493337 47.61691323601975 40.34989076194647
38.73154968494471 47.618170448919805 40.34970014410193
38.731337137793005 47.61816003263317 40.3497104366348
38.73118406058656 47.61803597204855 40.34972920323852
38.732152539834956 47.61882070393976 40.349610488119296
38.73146959344723 47.61830199514807 40.34969082637059
38.7327342013383 47.61944961196396 40.34952383664103
38.73245516655136 47.61922191024726 40.349558197009095
39.00607624569612 47.81284099791667 40.313924084954536
39.00607826087267 47.81287257146659 40.31392172355416
38.99594236401947 47.95176610132341 40.30208480691806
38.99593813575672 47.95173561946238 40.30208816582137
38.995952212380935 47.95183723690905 40.30207696412107
38.9959645298907 47.9519638664551 40.30206188183062
38.995998696624966 47.952252158585935 40.30202886157902
38.99599279824879 47.9522085570346 40.30203369839553
38.99601028014286 47.95233793933623 40.30201934125336
38.9960235922913 47.95247515513125 40.302002990531435
38.99605518442634 47.95274021286352 40.30197266998489
38.99604718149932 47.95267978623208 40.30197941013222
39.02763124083557 48.02828278955084 40.288413171283494
39.02762728036411 48.02833642682655 40.28840900159722
39.02762796309007 48.02832737390748 40.28840948788661
39.06380698247207 48.34160480245326 40.27888421768956
39.06383097267802 48.34171663498648 40.2788828336509
39.06381343696377 48.341636651943574 40.27888363355186
39.063938745782096 48.34225411526045 40.278872397488634
39.06393384355268 48.34223144676639 40.27887265822078
39.06396096714501 48.34235663032185 40.27887124437014
39.06396984300255 48.34240903671001 40.278869406035085
39.0640676984049 48.34288860009168 40.2788609469289
39.06405652674384 48.342836469985045 40.27886159774137
39.06412653366939 48.34318150796479 40.278855311227275
39.064198454089535 48.34353136939224 40.27884940685559
39.06417973229878 48.34344349400451 40.27885055933682
39.06428008497988 48.34393748457954 40.278841621198794
39.06433080722964 48.344181505468725 40.27883778422986
39.0643035843542 48.344053141941686 40.278839530501976
39.151645920859906 48.61766901529087 40.265317436314206
39.15163683289181 48.61764602069516 40.26531775588135
39.15172258633416 48.617861940684534 40.265314669185365
39.151674073638446 48.61774241312614 40.26531659257709
39.15189172716493 48.61830367719968 40.2653096517177
39.151858609043515 48.61821982295401 40.265310812359715
39.15200254061763 48.61859283861876 40.26530634798944
39.252653702238376 48.775552271069394 40.253397424167844
39.16660934897915 48.843452754269904 40.24824625740677
39.16664839088887 48.84347146866573 40.24824516604593
39.16662929372808 48.84347549314647 40.24824164923362
39.166644718692055 48.84349215123872 40.24823837052023
39.16669843104378 48.843489444770164 40.248245614582565
39.16665052440764 48.843498500797416 40.2482371119626
39.16669273161236 48.843517713242974 40.24823624539087
39.166667791907386 48.84352210503275 40.24823191819665
39.166686885022266 48.8435456630819 40.24822695656886
39.1666848337092 48.843545992946915 40.2482266102934
39.16674327740954 48.84353692970308 40.2482363730468
39.16668639219269 48.843547954923764 40.248226193298464
39.166736622359615 48.843565044176295 40.248226937107674
39.16670295991026 48.843569903989966 40.24822142473672
39.16673001979514 48.84359253839075 40.2482176980813
39.166717026077734 48.84359426232365 40.24821561701068
39.1667257327496 48.843609765003094 40.248211891402875
39.16678046299947 48.843612877826104 40.24821746832424
39.16673057907052 48.843618759507734 40.24820970534378
39.166773267019686 48.84364001132087 40.24820826932921
39.16673856591355 48.843643645842356 40.24820300957764
39.166766076322055 48.8436667085884 40.24819920504659
39.16674553965839 48.84366859495522 40.24819617357182
39.16675853625153 48.84369291555312 40.24819024975866
39.166752521818566 48.843693382044556 40.2481893883713
39.16675579180165 48.843701901816615 40.248187160045994
39.16680835714818 48.84371506514137 40.24818938932938
39.16676196638701 48.843717871179095 40.24818298871465
39.20608540254146 48.87381487211415 40.242406946022335
39.166768794784076 48.84374231759816 40.24817628986865
39.20608836766945 48.873872016016364 40.24238883741922
39.2060824960309 48.87386943096399 40.242388889669286
39.206090501636865 48.87391694478383 40.24237457335066
39.20611493109997 48.873940014204265 40.242370368279644
39.206092363527006 48.8739281817228 40.24237118336498
39.20611702576994 48.873995170238416 40.24235278705419
39.206101490157025 48.87398603690522 40.24235366804336
39.20611912916067 48.87404919569043 40.242335573111774
39.20610985516223 48.87404312242707 40.242336300154165
39.206121129752745 48.87410177819055 40.24231881270039
39.20611749097617 48.874099158248086 40.242319174718496
39.20612232196498 48.8741351160393 40.242308176242695
39.2061466669133 48.87417134621609 40.242299698016204
39.20612489711779 48.87415439573538 40.242302277107285
39.206148450782415 48.87422343916154 40.242283067168074
39.20613052273755 48.87420819823972 40.24228560618309
39.20615008213945 48.874274244804354 40.2422668328017
39.20613539708465 48.87426086410306 40.24226920291466
39.20615180267426 48.87432470481718 40.242250722281455
39.206139079150866 48.874312346360796 40.24225302356048
39.206153553809145 48.87437457895421 40.242234805576196
39.20614198039082 48.87436249518881 40.242237171637846
39.20615531490695 48.874424065765695 40.24221901563064
39.20614385362993 48.87441141721429 40.24222157957747
39.178867115003015 49.014708877227164 40.19492957241959
39.178853616878385 49.01472771625502 40.1949219935154
39.17880759616792 49.01479324648224 40.19489584902743
39.178795083939626 49.01481069403043 40.194888827313854
39.17874856357205 49.01487693124064 40.19486240002292
39.17873592422806 49.01489453803314 40.19485531119665
39.1786898899326 49.01496011480989 40.194829152611966
39.17867661275049 49.01497858805372 40.19482171122576
39.178631302399864 49.0150431800722 40.19479595310953
39.17861663221231 49.01506356273103 40.194787737734025
39.178572504008336 49.01512654836139 40.194762633166064
39.1785559725249 49.01514947821222 40.19475338457234
39.17849676260028 49.015233405367844 40.19471983719659
39.17854170735708 49.015169673817844 40.194745307921984
39.1784937523165 49.015237569848 40.1947181556409
39.17843887412324 49.015315500327624 40.194687028943434
39.17843263705353 49.01532410346191 40.19468355083454
39.178381501143775 49.01539687749829 40.19465450973726
39.17837304930845 49.015408490095275 40.194649807227165
39.17831568162168 49.01548975827116 40.19461731481741
39.17831812789257 49.01548628731024 40.19461870165336
39.17831556576744 49.01548991692835 40.19461725048009
39.17826313507756 49.015564330046075 40.19458752178722
39.178261393497664 49.015566695597315 40.19458655919995
39.17821363128695 49.01563460729889 40.19455944840975
39.17821162833958 49.01563728520414 40.194558351364066
39.178166354407495 49.01570173983705 40.19453263399167
39.1781647784624 49.015703774511465 40.19453178778302
39.17812004941828 49.0157675001703 40.194506368964156
39.17811970359882 49.01576776084667 40.19450622684223
39.178075129802664 49.01583130190062 40.19448088767179
39.17807563040671 49.01583032349013 40.19448123433996
39.092614291997066 49.15599054161388 40.1191245162111
39.092617036837 49.15598536941978 40.1191270759742
39.09258344871755 49.15605363322024 40.119087767656126
39.09254883490931 49.15612386847052 40.119047440648146
39.09256950311097 49.15608196001904 40.11907147268883
39.092549621876984 49.15612235189781 40.11904822860887
39.09251397904446 49.15619456409815 40.11900688106098
39.09251657307546 49.156189519863055 40.119009551033834
39.0112459708497 49.24690810572119 40.06786614497736
39.01123737097336 49.24690997309108 40.06786422786286
39.01122432714425 49.24692535164765 40.06785027695806
39.011226868763096 49.24692166738126 40.06785360065094
39.011223401527296 49.24692553719417 40.06785008420752
39.01121429325423 49.24693986208449 40.06783718588004
39.01121040065222 49.24694041298082 40.06783657720418
39.01120437638937 49.246954152089614 40.06782429254616
39.011198007571345 49.24695481034061 40.0678235106368
39.01118632322897 49.246968643829575 40.06781096292262
39.01117564569401 49.24698248675256 40.06779843891985
39.011180791250965 49.24697501984258 40.0678051748784
39.01117431469769 49.246982464311486 40.06779841634842
38.83849396079581 49.49024869616532 39.96762692801301
38.80551816116408 49.482489686360594 39.97342894201067
38.83803411643948 49.49080805817647 39.96737637273486
38.8050679169141 49.48307662862207 39.97316472079654
38.818318169137385 49.57698405182205 39.91595672346059
38.81793835708015 49.57745537051004 39.915736539300134
38.81823891367462 49.57708003308694 39.91591266396787
38.81790986875254 49.57747829464681 39.91572992043898
38.81757138267203 49.57791326584851 39.9155218008383
38.65854310500783 49.7072033544497 39.86179255170392
38.65808188320051 49.70779553804336 39.86149341869687
38.62537708159917 49.83239282805801 39.77562530197558
38.625514848135865 49.83228167758219 39.7756628649297
38.62534300293579 49.83242030934046 39.77561615440338
38.62519806112479 49.832537270702815 39.77557640148143
38.62512626317755 49.832595166957944 39.77555715189871
38.468430184380914 49.96640366739675 39.708972630614966
38.46842901359692 49.966404774793396 39.70897263670729
38.4684297239364 49.96640405707391 39.708972723123054
38.468428513596386 49.966405087623386 39.70897295404379
38.46842816770913 49.96640568240271 39.708972429742076
38.468427249049356 49.96640625569542 39.708973015690326
38.468427573179675 49.96640643972097 39.708972049537365
38.46842636583073 49.96640718779108 39.708972830196544
38.46842539944804 49.966408166308554 39.70897270851428
38.46842469021625 49.96640898492253 39.708972421688394
38.46842526853682 49.966408294843774 39.70897269993302
38.468424380244166 49.966409174156084 39.708972627665275
38.468423744254565 49.96640995132627 39.70897228574238
38.468423224031504 49.96641026136684 39.70897264627013
38.468421951931305 49.966411415836816 39.70897274874024
38.468420722099964 49.96641255438155 39.708972803701386
38.46842182547221 49.96641152631763 39.70897276734993
38.468420628560025 49.96641259867363 39.70897289104681
38.46841969834978 49.96641353528619 39.70897278429557
38.46841953134885 49.966413999032056 39.708972184030266
38.46842047496902 49.96641377561792 39.708970863726826
38.46842001882025 49.9664138772138 39.70897151455318
38.468420524456704 49.96641374359565 39.708970834401896
38.46842120401523 49.966413501640815 39.70897004292486
38.46842231899753 49.966412990460014 39.708968968803724
38.468425551631384 49.96641134669031 39.70896617255474
38.46842621792078 49.96641130514222 39.7089650118476
38.46842701119653 49.966410619470324 39.70896488061651
38.46842546149457 49.966411600077706 39.70896584250191
38.043467694229506 47.25121689412694 40.34183003275607
38.04351342410595 47.251211755401314 40.341845183303164
38.043528170260544 47.25121304657188 40.34184351810788
38.043574163836695 47.25121133941951 40.34185106552727
38.0435714392431 47.25121204632556 40.341849272446474
38.0435550500448 47.25121038010481 40.34185163685485
38.04361635419045 47.25120716091952 40.341863793620355
38.04362039166554 47.25120732916443 40.341863749358495
38.04370036209738 47.25119814770344 40.34189067743041
38.043699743452144 47.25119925380762 40.34188816926705
38.0437026030003 47.25119904521261 40.341888866160595
38.04371623454616 47.251199003482306 40.341890071571996
38.043786458787935 47.25119217856285 40.34191096807308
38.04377960545604 47.25119344981878 40.341907584043824
38.04387906275586 47.25117618596039 40.34195406112606
38.04378660925048 47.251192862586414 40.34190946051487
38.04387772801508 47.251182387908386 40.34194017199599
38.04383563638782 47.2511890691042 40.34192189119268
38.04397787219617 47.25116777710675 40.34198081028812
38.0438764828272 47.25118559195739 40.34193295124244
38.0439730208591 47.25117378270209 40.34196707039018
38.043913207749796 47.251182516095966 40.34194278324807
38.04407687095619 47.251159766282235 40.342006690518055
38.043969612906395 47.251177804086595 40.3419578570512
38.04406959802301 47.25116588786729 40.34199249523569
38.04400301018817 47.2511749498968 40.34196692489962
38.04417525277557 47.251152204879176 40.3420315218148
38.04428422446668 47.25113847503986 40.34207092324196
38.044065432032184 47.25116957068922 40.34198397227712
38.04416593192015 47.251158579770475 40.34201659654435
38.044113763648895 47.25116545887876 40.34199705347953
38.04427317720718 47.25114510117601 40.342055298808006
38.04438309809083 47.251131407917086 40.34209469643571
38.04416203985066 47.25116140578555 40.34200999969403
38.044261780231864 47.25115188953749 40.34203928537774
38.04423607771741 47.25115519967889 40.342029832539225
38.04436994482991 47.251138349876 40.34207819836669
38.04448126257374 47.25112461526363 40.34211780189839
38.04425956022126 47.25115328413713 40.34203600548969
38.044356389274725 47.251145535266474 40.34206112657659
38.04435086226388 47.251146252057175 40.342059082782484
38.044466032485715 47.25113184992736 40.34210048394179
38.094028855591404 47.216922840073266 40.3481097125368
38.044355725319505 47.25114590012316 40.34206026170117
38.0444502969351 47.25113933076288 40.34208257775434
38.04444834679297 47.25113958720357 40.34208184878318
38.04456114600099 47.251125570764835 40.34212219943438
38.09412357717068 47.216917566969 40.348124488277016
38.044450019944335 47.251139470969605 40.342082243617675
38.04454332569092 47.25113329876774 40.34210357389193
38.04453156936806 47.251134774371906 40.34209933560671
38.0446555469697 47.251119530117336 40.342143326805186
38.094218330593385 47.21691223245358 40.34813912318987
38.0445409781894 47.251134316774504 40.3421011203534
38.044635895992236 47.25112739145958 40.34212425556422
38.04460138200902 47.251131656484034 40.34211196181387
38.09420947169784 47.21691186662541 40.3481356413356
38.04462790559241 47.25113059529073 40.342116484709116
38.044727676599095 47.25112187333939 40.34214400803555
38.04466797770924 47.25112916127435 40.342122941898694
38.09430238529899 47.21690613192868 40.34814876056738
38.0447114747809 47.25112793094617 40.34212922607687
38.044817996382186 47.25111681898774 40.34216261081275
38.0447288342354 47.25112749866361 40.34213160355567
38.09439528421823 47.21690000677803 40.348160920990836
38.04479331428348 47.251125494385875 40.34214132014059
38.04478202491746 47.25112684255427 40.342137403122265
38.04490668932637 47.25111231075358 40.342179867372614
38.132514921878844 47.311580899549284 40.336610815061974
38.0447898782521 47.25112669873252 40.34213836371885
38.13243400694737 47.311631402973774 40.336562769789964
38.04483939164906 47.25112600310981 40.34214395091809
38.13257037145319 47.31167291178937 40.336553660610456
38.1324600760415 47.311673594453445 40.33653665837986
38.13262449164425 47.311763230695476 40.33649751173153
38.132548580084574 47.31173977493606 40.33650283062309
38.357898872345196 47.347386563473435 40.37002422273587
38.13265924124541 47.31182221736001 40.33646075204043
38.35835144983359 47.347574162244406 40.36999986827285
38.35766073359556 47.347331088110856 40.37001487032131
38.35936747306435 47.34793314073731 40.369977070811174
38.358686480402596 47.34771336319294 40.36998167179775
38.3597987370046 47.34811331737298 40.36995313904999
38.35903566246107 47.34784356812174 40.36997033360986
38.360838847210545 47.34848227611687 40.369929047496484
38.36013872589497 47.34825569343538 40.36993410161055
38.361243715630906 47.34865281192627 40.369905869413735
38.36039619678212 47.34835202625618 40.36992557438218
38.362307790750194 47.3490315720791 40.369880556089285
38.36158917546984 47.34879881860306 40.36988583883128
38.36268622432168 47.34919239110221 40.36985816438822
38.3617489678072 47.34885876286686 40.36988046567857
38.72852316712029 47.61557743547785 40.35008483775483
38.72842505186808 47.61565704633617 40.35008136575727
38.72837113915869 47.61561376356537 40.35008793523692
38.729163389743654 47.616249977726966 40.34999137965441
38.72993137386562 47.61686738699193 40.349897715095416
38.72848091222698 47.615715326134634 40.35007325041338
38.72978150249875 47.616900531198226 40.34990102857912
38.729595405312736 47.61674994135642 40.349923820729174
38.73054530425001 47.61751850411521 40.349807491679854
38.72996504878368 47.61709388749544 40.34987418193519
38.73113787119761 47.61814829808013 40.349720277869565
38.7308093465556 47.61788057404965 40.34976069705707
38.731919603330994 47.618784923339106 40.34962414138314
38.73141325146922 47.618441517361184 40.34967969501571
38.73248021390201 47.619387341386236 40.34954098916434
38.73206344561125 47.619045431002064 40.349592486701766
38.99593285832846 47.951697627318964 40.302092350721175
38.995948216327434 47.951849871501906 40.302074335624866
38.995977681472795 47.95209722081685 40.30204603727204
38.99597220023976 47.95205690878784 40.302050503183224
38.99598772631097 47.95217111499721 40.302037850458014
38.99600106009765 47.95230622066656 40.3020217998575
38.99603104188921 47.95255852032575 40.30199291944262
38.99602509601082 47.95251391581141 40.301997886482624
38.996042350786034 47.95264337261111 40.30198347006708
38.99605240499079 47.95275008398132 40.30197069007487
39.02762874735389 48.02831703765193 40.28840997067765
39.027629093325324 48.02831247443784 40.288410187819245
39.02762815596218 48.02832482140863 40.28840961927909
39.027622823231496 48.02839775600274 40.28840314791896
39.0637949056446 48.34155248486664 40.278884435935936
39.0637847176458 48.34150625624535 40.27888487176503
39.06381266604058 48.34163314031562 40.278883668156524
39.06386570997129 48.34190540853909 40.278877602219794
39.063917785127316 48.34215734739394 40.278873493470236
39.06390320041055 48.34209018008062 40.27887423621637
39.06400750328032 48.3426042564906 40.2788648691936
39.06404304777693 48.34277366287844 40.2788623722021
39.06402192641979 48.34267534251023 40.27886357404746
39.064143323843545 48.34327293088129 40.27885276101824
39.064139932682096 48.34325702643689 40.27885296823133
39.06417005118507 48.34339807636171 40.27885115251505
39.06415968633445 48.34335435142302 40.27885119839789
39.06426887330802 48.34388989470669 40.27884170600494
39.06425840874583 48.343840628737 40.27884236797286
39.064298848543245 48.344030811747196 40.27883983423243
39.06431306672446 48.34410970771443 40.2788374970163
39.151573163772305 48.617485211924915 40.265320014203034
39.06437668792344 48.34442281998051 40.27883183837887
39.15170251547842 48.61782280004014 40.26531616130984
39.15181179470892 48.61810152137914 40.265312468603284
39.15174748516782 48.617939183621715 40.265314755619166
39.16654842292274 48.84346609625694 40.248234883165466
39.166537340098444 48.84346861151112 40.24823278699139
39.16659943589622 48.84345498645418 40.2482443878828
39.1665471355856 48.84347631087705 40.248231589846824
39.16659522160669 48.84348272960505 40.24823535745399
39.166562897813414 48.84348969018129 40.24822935918695
39.166590937713856 48.84351008914102 40.24822643662645
39.16658276185741 48.843511759960876 40.24822494703753
39.16664331451307 48.84349992466184 40.24823581359618
39.1665895336223 48.84351893276132 40.248223550769644
39.16663828971016 48.843527487919744 40.248226741701394
39.16660331142427 48.84353401033576 40.24822056121685
39.166633171377505 48.843554695868114 40.24821776785141
39.16662082504491 48.8435568297597 40.248215638057886
39.166630559340916 48.843568171474764 40.248213314070696
39.16668082701804 48.843573260508045 40.248217750828246
39.16663993656773 48.84357963511018 40.248210909982284
39.16667491669039 48.843600041908445 40.24820881353659
39.16665358380722 48.84360304946363 40.248205342392886
39.16666895395103 48.843626340544425 40.248200018373836
39.166667084311854 48.843626585096914 40.24819972000887
39.16672320675957 48.84361965753287 40.2482085492137
39.1666683179393 48.843629096196466 40.248199095450445
39.1667166661333 48.8436460160022 40.24819966667198
39.16667865717119 48.84365024896342 40.248193828087786
39.1667100498977 48.843671942696005 40.248190907817516
39.16668692395864 48.8436741926636 40.248187455476064
39.16670340053169 48.84369731619749 40.24818231504096
39.166693866594535 48.843698105950644 40.24818093413504
39.166699129191024 48.84371295235978 40.24817699908912
39.16675066358363 48.843718595207875 40.24818141684288
39.1667021758707 48.84372182150043 40.2481746367215
39.1667430410006 48.843743627549266 40.24817281274497
39.16670914960304 48.84374542513821 40.248168214268716
39.20606569590427 48.87386245995552 40.24238890140194
39.16671574136832 48.8437688434077 40.248161803192765
39.20606876590526 48.873916874606564 40.24237169063292
39.206066976984026 48.87391602046272 40.242371728103585
39.20609100462254 48.87392750173806 40.24237122191846
39.20606946604024 48.87393012520628 40.24236749326855
39.20609358437561 48.87398158522326 40.242354052859085
39.20607691768171 48.873972330746085 40.24235482188534
39.2060960054741 48.87403432503013 40.24233729771656
39.206085684499065 48.87402784493476 40.24233801655298
39.206098269825176 48.874085558261854 40.24232100949686
39.206093788215725 48.874082401029 40.242321432843575
39.20609985792939 48.874124051922095 40.24230875634798
39.20612292926404 48.87415285275533 40.242302513726194
39.20610160444681 48.87413621332544 40.24230505157024
39.20612485871356 48.874203313319 40.24228643095346
39.206107764959526 48.874188696534446 40.24228887937434
39.206126758516 48.874252909265735 40.242270624207386
39.206112739153056 48.87424001026285 40.24227292731547
39.206128719691975 48.874302167185874 40.2422549351286
39.20611656264577 48.87429021524923 40.24225718048575
39.20613064739466 48.874350671774565 40.24223948552733
39.206119599819225 48.874339154539385 40.24224173841914
39.2061326261371 48.87439902686343 40.24222409116125
39.20612167721301 48.87438694328867 40.242226540638114
39.17884037139436 49.01474620526231 40.19491455585749
39.17882743353975 49.01476426737155 40.194907290351566
39.17878281181244 49.01482780901381 40.194881939816526
39.17877083073111 49.01484452027452 40.19487521515282
39.17872566954484 49.01490882466759 40.19484955941599
39.178713659352105 49.01492555865603 40.194842822604556
39.17866883319057 49.01498941329798 40.19481735079489
39.1786562374705 49.01500694151486 40.19481029061057
39.178612063692576 49.015069910047835 40.194785179377
39.17859813540631 49.015089265139764 40.19477737871343
39.178555003969535 49.01515082083441 40.19475284289935
39.17854020894127 49.01517133404312 40.19474456767218
39.178482798370695 49.0152527090734 40.19471204016311
39.178519203509936 49.01520108071192 40.194732672785406
39.17848072515804 49.01525557453394 40.19471088268223
39.17842705594587 49.01533176925697 40.19468044615221
39.17842304674231 49.015337276465104 40.194678215786645
39.17837087350459 49.01541145900569 40.194648601460344
39.17836581757966 49.01541834032501 40.19464580372995
39.178311071552905 49.0154959139615 40.19461479166051
39.17825859409319 49.01557032870865 40.19458505163095
39.178278660515694 49.01554185048874 40.19459642915716
39.17825827139934 49.015570751417414 40.194584876932794
39.17820969957647 49.01563973970853 40.194557324076456
39.178208857859616 49.01564082980465 40.19455687132363
39.17816339247511 49.01570549789501 40.19453105905759
39.17816241227394 49.015706735279224 40.19453053933272
39.178118724720484 49.015768940842165 40.19450572088352
39.178117234490614 49.01577084937523 40.19450492432867
39.178074736913814 49.01583142229562 40.19448076741777
39.059813636191436 49.148162055673325 40.12495313250917
39.05977522953156 49.14820809731005 40.124928952274956
39.05976172733471 49.148220565640145 40.12492047098213
39.09258361864838 49.15605332260169 40.11908791073286
39.05970712467452 49.148281909229254 40.12488611555158
39.05965435771746 49.148341641848965 40.124852912761696
39.05968429169877 49.14830751585339 40.12487174951548
39.05965174090939 49.148343995208066 40.12485126936593
39.0596042841356 49.148398669957075 40.124821402931936
39.05959743952343 49.14840477871738 40.12481710465511
39.011234418521376 49.24691074273649 40.06786345654071
39.011226178311844 49.24691290421156 40.06786129199326
39.01121341889758 49.2469278087828 40.06784776733198
39.011214539289014 49.2469261819584 40.06784923488161
39.011213041875905 49.246927896249474 40.06784767835546
39.01120389709196 49.246941595689094 40.06783532938553
39.01120091448962 49.24694218479473 40.06783471601483
39.01119442518362 49.246955304611035 40.06782296166716
39.0111893420285 49.246956027905355 40.06782216338941
39.011185120804086 49.24696874665131 40.06781083418389
39.01117832584077 49.24696939145993 40.06781005055557
39.0111670015027 49.24698274293472 40.067797938555515
38.80545720027144 49.4825676076032 39.97339306906249
39.011166493365536 49.246983339432774 40.067797397362845
38.805433909545584 49.48259736470065 39.97337936257896
38.80503645516896 49.48311674967772 39.973146200884436
38.804993660445966 49.483171313473804 39.97312100922862
38.818311425534596 49.57698942779348 39.915955196898175
38.8045516285018 49.483747550267445 39.97286160733229
38.81782274812146 49.57755007112168 39.915708347927286
38.81798255121851 49.577350408532055 39.91580207076714
38.81780571028685 49.577563986173665 39.915704226216704
38.658513025558214 49.707241580285014 39.86177381085037
38.65847956819252 49.70728413035971 39.86175290413879
38.65807586962541 49.707803162794434 39.861489705969106
38.65803226632677 49.70785847076295 39.861462742218464
38.62526568996135 49.8324826591062 39.77559535868443
38.625351206843426 49.83241366441034 39.77561866907667
38.625247148925595 49.83249761219932 39.77559036612472
38.62508930764972 49.83262496995823 39.77554721293411
38.62504139741935 49.83266360865301 39.7755343148253
38.46843001503558 49.96640377452177 39.70897273578869
38.46842857797422 49.966404689582845 39.708973616495825
38.46842720289324 49.96640592010189 39.70897376148527
38.46842732631241 49.966405797296815 39.70897377277174
38.46842715265787 49.96640595244354 39.708973791576554
38.46842650455965 49.966406726781784 39.708973477799
38.468426115871694 49.96640697381416 39.70897371692752
38.46842595687757 49.96640744376051 39.708973089543164
38.468425345444416 49.96640782951543 39.7089734713002
38.46842534778976 49.96640819823283 39.70897274207926
38.46842441681486 49.96640877793949 39.708973338381725
38.46842330671247 49.96640983449293 39.70897333127597
38.46842344100269 49.96640968569213 39.708973373395956
38.468423235892665 49.96640987836391 39.70897337708455
38.468422645228465 49.966410613416116 39.70897303344459
38.4684220872313 49.966410954765244 39.708973402858824
38.46842190398964 49.96641144460732 39.70897278157498
38.46842098453916 49.96641199934978 39.70897340546486
38.4684198902224 49.966413038939024 39.708973402273955
38.46842023384866 49.966412664535866 39.70897349756241
38.468419697361895 49.96641315436716 39.70897353497206
38.46841959687441 49.966413588247704 39.70897286939476
38.4684194093079 49.966413690390695 39.70897301833831
38.46841955741881 49.96641398193357 39.70897216903264
38.46841972412113 49.96641385167855 39.70897211425756
38.46842155878079 49.966413072021275 39.70897022599043
38.468423350826704 49.96641233414464 39.708968335047295
38.46842243068595 49.96641288027733 39.70896897714991
38.46842446279222 49.96641181380262 39.70896728456107
38.46842384719776 49.96641217831872 39.70896771583
38.46842653572301 49.96641072478607 39.708965560163655
38.46842444087574 49.96641184384303 39.70896726637195
38.04357169043786 47.25121208859445 40.34184919903281
38.043616707932316 47.251207227563754 40.341863674417326
38.04362770587719 47.25120691453152 40.341865267667
38.04370494323344 47.25120158398278 40.34188341626184
38.04371078326492 47.251201180160194 40.34188479021911
38.04374850279337 47.25120031343425 40.34188979490677
38.04376077383238 47.25119973158816 40.341892089354815
38.04372813037861 47.25119980894217 40.34188925292217
38.04375253008874 47.251202602037054 40.34188503856616
38.04379753478212 47.251198331221914 40.341898201499
38.043795212460445 47.25119968321137 40.341895007935776
38.043879380000774 47.251189998044254 40.34192339779191
38.04384985919491 47.25119563749021 40.34190845777219
38.04387891070277 47.251193604896116 40.341915345378865
38.04396905547845 47.251180580473786 40.34195164266357
38.04389873223976 47.251192542745365 40.341919323339354
38.04396654011109 47.2511872003946 40.341936728464866
38.044063056966046 47.25117306271545 40.34197601943599
38.04397674646542 47.251186415270254 40.341939306046996
38.04405856656808 47.251179565823655 40.34196120357052
38.04415687128653 47.25116649771154 40.34199826399461
38.044081649689474 47.25117765813337 40.34196732647563
38.044151654167216 47.251171812841 40.341986028393436
38.044249743151084 47.251160642362436 40.34201885483394
38.044199822964615 47.251167897608816 40.34199865952594
38.044244660546696 47.25116444180864 40.34200999792694
38.04434109948219 47.251154745852546 40.34203941342172
38.04430319610816 47.25116020655189 40.34202418632459
38.04433558152468 47.251158046557556 40.34203162913739
38.04443225089002 47.25114854702258 40.3420606270109
38.04438734049791 47.25115493568745 40.34204276610058
38.04442305941635 47.251153158418624 40.34204963063205
38.04452358646957 47.25114207728605 40.34208245756379
38.04445279448643 47.25115193023337 40.34205478670989
38.04450541820597 47.2511501407644 40.34206305822246
38.044614279172414 47.251136121321686 40.342103094084806
38.0445106426525 47.25114998260915 40.342063836080825
38.04459291494703 47.25114469805081 40.342082293471584
38.044556948852986 47.25114943750329 40.34206882705389
38.04470450563059 47.251130539377286 40.3421228615087
38.044581382405376 47.251149307456245 40.34207111042331
38.04468120530299 47.25113922674704 40.34210165702527
38.0446017256198 47.251149266169485 40.34207286269675
38.04465860810555 47.251147613356295 40.342081178198896
38.04464048255456 47.251149882563716 40.34207465670194
38.044767463726764 47.25113454373067 40.34211910321527
38.044652307328725 47.25114995141074 40.342075468940514
38.04474264753686 47.25114322057169 40.34209779839177
38.04468588458886 47.25115003839049 40.34207801646106
38.13248991910111 47.31172203563669 40.33650666604682
38.132403459591586 47.31175206630843 40.336472354896
38.13254411217841 47.311809828896095 40.3364523248396
38.13243492348078 47.31177680072161 40.33645947038902
38.3573770186364 47.34723148361966 40.3700209097635
38.132596922094514 47.311895953380244 40.33639896368067
38.13257971935569 47.311890525351195 40.33640024912086
38.3578261552142 47.34741672533239 40.369997217671084
38.35879738582336 47.347759490994555 40.369975623591415
38.13260516229763 47.311909574713255 40.33639050735809
38.35826434082685 47.34759768065305 40.36997398521056
38.357996425846714 47.34750339047915 40.36997980758365
38.359224874308346 47.347937100369855 40.369952408877126
38.36021744542368 47.34828868565394 40.36992967987512
38.3584020508966 47.347654647817144 40.369966633762516
38.35963968373858 47.34810963829299 40.36992978203469
38.35929427189682 47.3479874677509 40.369937599318845
38.3606211455379 47.3484578113101 40.36990703936408
38.361635377551515 47.34881839363357 40.369883135326184
38.3597969413391 47.348175181908 40.36992113577678
38.36101215225312 47.34862182686628 40.36988500426327
38.36061844140515 47.34848202307226 40.36989419668975
38.362013451603225 47.348978348564984 40.36986112959034
38.36116601471754 47.348686588996 40.369876219836
38.36237689776054 47.34913229470965 40.369839883003095
38.36197528493534 47.348989253448906 40.36984948117579
38.72904682600597 47.61630629955205 40.34999098151579
38.728593771988294 47.61599938095048 40.35004065444164
38.7296475690039 47.61693489233792 40.34990352781869
38.72932527506427 47.61667271703861 40.34994313453286
38.73037701756613 47.61752824376435 40.34981388882776
38.72992883043848 47.61722922384299 40.34986257990553
38.73094812826322 47.618131306835686 40.34973021543692
38.730571442755014 47.617822652474544 40.34977672388134
38.73169971873941 47.618746891285596 40.349637444230275
38.73124054697746 47.61844036367123 40.34968734611596
38.732237657180114 47.61932107840856 40.34955803162195
38.73183825826531 47.618991767296066 40.34960754368501
38.99596768777898 47.95202372917201 40.30205417872005
38.99598036461458 47.95215179018376 40.30203897326308
38.99600963705211 47.95239825430107 40.30201075741734
38.99600394137113 47.95235562215245 40.30201550208383
38.996019970166145 47.95247548813976 40.30200216496485
38.99603087136379 47.95258833094182 40.301988708571024
38.99606049321638 47.95283838275799 40.30196006550318
38.996054790843495 47.95279502653084 40.301964910118905
38.9960719013935 47.95292505451241 40.30195038270861
38.99607934816124 47.9530075477056 40.301940433112236
39.0637616637156 48.34140201492278 40.2788858138329
39.0637540851222 48.34136778691317 40.27888611876318
39.0637781043993 48.341476292063476 40.2788851494049
39.06381006107142 48.34164319008754 40.27888115008553
39.06387870950827 48.341977894354244 40.27887542299965
39.0638695676828 48.34193598377544 40.278875865658506
39.06389790578513 48.34206583230818 40.27887450156214
39.063931110980235 48.342238860326816 40.27887039295387
39.06399759624194 48.34256259435645 40.27886489724056
39.0639854030426 48.342506061145855 40.27886556383675
39.06401969237653 48.342664954528345 40.27886369978162
39.06406260330264 48.34288620819633 40.27885867275524
39.06411793401151 48.34315423766711 40.27885426622602
39.0641002208026 48.34307146000293 40.278855312892446
39.06420445915534 48.34358478838222 40.27884600336977
39.06424029381553 48.3437555648396 40.27884348754067
39.064214774831825 48.34363558440254 40.27884508258008
39.06433395575432 48.34422160797948 40.27883454559747
39.06432693186402 48.344188477715676 40.27883499744016
39.06436387634179 48.34436247387285 40.27883265249828
39.064363943203645 48.34437074737215 40.27883169136183
39.15166469122264 48.61773104156416 40.265317757816725
39.15162909898729 48.61764121994217 40.26531902522545
39.15173635599672 48.61791117669641 40.2653151572536
39.1517803439574 48.618033069051634 40.26531432590301
39.15189470541716 48.618324980079336 40.26531047680828
39.15183362551949 48.61817099695632 40.265312662611386
39.16649681657412 48.84350309997423 40.24821734867835
39.16648754645284 48.843505058911745 40.2482156398982
39.166544903128596 48.84349343612146 40.24822605960243
39.16649592270589 48.84351133033137 40.24821471222884
39.16654127536842 48.843519964975535 40.2482174724282
39.16651422882107 48.84352532779724 40.24821259525595
39.16653792281771 48.843544691363846 40.24820947212682
39.16658659458384 48.8435371627642 40.248217596607326
39.16653956529582 48.843546045492275 40.24820925199167
39.16658221744391 48.8435635679472 40.248208957984495
39.16655965969614 48.843567609844506 40.24820502269384
39.166577815863235 48.84358939305699 40.24820049473923
39.166575998004944 48.84358968672035 40.2482001874608
39.16662793697905 48.84358153028805 40.24820889495577
39.16657745119997 48.84359150502053 40.24819980205799
39.166622799041114 48.843607491722054 40.24820030190258
39.166593503049896 48.84361178901314 40.248195483700464
39.166617662587015 48.8436329124968 40.248191875207304
39.16660490190459 48.84363457921448 40.248189839542476
39.16661404167736 48.843650399385055 40.24818606805202
39.16666303793218 48.8436519961033 40.248191426449196
39.166617719559945 48.84365722086572 40.248184410420365
39.16665719026596 48.84367712665998 40.248183004052805
39.16662660897823 48.843680230374126 40.24817839927799
39.16665137361286 48.843701722959466 40.24817474957176
39.16663406546787 48.84370324541899 40.248172215370786
39.16664547641433 48.843725900181894 40.24816661428561
39.166641377465396 48.84372620494175 40.24816603127977
39.166696589493306 48.84372220785423 40.248173851067094
39.16664386366811 48.84373230551834 40.24816445296737
39.16668989177812 48.843746508465316 40.24816558228964
39.166650702483096 48.84374880090189 40.24816019925032
39.16668316248507 48.84377025345698 40.24815748052143
39.16665688859378 48.84377146859485 40.24815397044969
39.166676396870685 48.843793464279024 40.24814953860326
39.16666392481455 48.84379388566258 40.24814792016916
39.20604982883508 48.87394330685528 40.24236059971403
39.206071516555184 48.873969443322686 40.24235503494643
39.20605285164066 48.8739595676145 40.242355738041695
39.206074175134965 48.874020845417505 40.24233874474071
39.20606176397233 48.874013477715806 40.24233947161331
39.20607667695247 48.87407078183911 40.24232290821049
39.20607036333456 48.87406658501417 40.24232342332222
39.20607904152577 48.874119483900046 40.24230745305868
39.206078306173545 48.87411893015954 40.242307534081434
39.20610030574301 48.87413521235925 40.24230520211451
39.206079385127886 48.87412664078758 40.2423051813678
39.20610242773968 48.87418421726695 40.24228961646606
39.20608544841641 48.87417022145149 40.24229187909413
39.20610457435968 48.874232629224075 40.24227422612469
39.20609057371053 48.87422021742105 40.24227637396396
39.20610677264094 48.87428078470677 40.242258925743286
39.20609475657885 48.8742692147223 40.24226106625808
39.20610887261847 48.8743279829608 40.2422439222016
39.20609817747878 48.87431701678439 40.242246043754164
39.20611104176356 48.874375208709054 40.242228919002166
39.20610063475346 48.87436372500518 40.24223124666071
39.178814841590636 49.01478184902085 40.19490021852184
39.20610273657625 48.87440926336265 40.242216780891326
39.17875917532409 49.014860779418356 40.19486867278088
39.17874775875197 49.014876707440884 40.194862263990146
39.17870389340537 49.014939167655626 40.19483734418753
39.17869235931725 49.01495524283178 40.19483087336758
39.17864884090817 49.015017235969154 40.194806144344994
39.17863676752704 49.015034041800604 40.19479937588777
39.17859376361942 49.015095340826505 40.194774930126975
39.178580554659966 49.01511369938946 40.19476753161017
39.17853887222334 49.015173188452145 40.194743819764426
39.17852511703622 49.015192263523495 40.19473612530321
39.17846972677901 49.01527077681257 40.19470474201259
39.17849663083147 49.0152326168391 40.194719991224694
39.17846840360691 49.01527260535967 40.19470400334162
39.17841644063831 49.015346364791405 40.19467453747466
39.17841319574431 49.01535082810133 40.19467273089889
39.17836306941477 49.01542207986961 40.194644283206394
39.178359662466484 49.015426697414114 40.19464240250913
39.17831040882653 49.01549679791924 40.19461442916629
39.17830753198713 49.01550058869367 40.19461286649181
39.178256386053725 49.01557308999206 40.194583886997435
39.178208285844214 49.01564134052093 40.19455661759254
39.17823215032955 49.01560746106378 40.1945701511823
39.17820810817126 49.01564155906803 40.19455652473298
39.17816166483723 49.01570753592907 40.194530176531
39.17816141768128 49.015707789693664 40.19453005913914
39.1781169570691 49.01577103094235 40.19450481677651
39.17811704683777 49.01577075674052 40.194504902096455
39.05980528517292 49.14816973055825 40.1249478870785
39.05979524457762 49.148178959844635 40.1249415803846
39.05975562059125 49.14822620694537 40.12491663507064
39.05974366416406 49.14823709972203 40.12490912551637
39.059705308280854 49.148283530682434 40.12488497489164
39.05969174279019 49.148295497501856 40.12487645677513
39.05963917942121 49.14835477920772 40.1248433832449
39.0596550502291 49.148336662596975 40.124853370494485
39.05963802109836 49.148355755278885 40.124842656144196
39.05958947286286 49.14841152305395 40.12481210367153
39.05958465956708 49.148415503913355 40.12480908267017
39.011223125200694 49.24691370943378 40.06786048615576
39.011215744177036 49.24691568347109 40.06785851391108
39.01120333160449 49.246930154964126 40.067845381472175
39.01119368497715 49.24694378521001 40.06783307744824
39.011201885582295 49.24693182294776 40.067843867339754
39.01119090917105 49.24694444674778 40.06783240689898
39.01118461446383 49.246956988657615 40.067821167409676
39.01117950680346 49.24695806357238 40.067820058858146
39.01117577137667 49.24696984127118 40.067809573405334
39.01116888897354 49.24697109208543 40.06780825359343
39.01116689204571 49.24698275942695 40.06779792055857
38.80576566161066 49.482162545852646 39.97357389844672
38.805348156691664 49.48270731670313 39.97332892234755
38.80566486989329 49.48229393718721 39.97351474975977
38.805324882974865 49.482737173676426 39.9733152336259
38.80494460738792 49.48323406255209 39.9730921466456
38.80490333545037 49.48328684868925 39.97306786184562
38.80453353377766 49.48377065852903 39.97285095801935
38.804476560214674 49.483843272779666 39.972817418041394
38.658876154905506 49.706774247768365 39.86201145358493
38.658949360315745 49.70668021596113 39.86205901011047
38.658871761487696 49.706779844215134 39.862008690673036
38.65844642637201 49.70732626558371 39.86173222096858
38.65842549444311 49.707352867990046 39.861719176504224
38.658022834930556 49.707870421600504 39.861456933850455
38.657987276650424 49.707915551131734 39.861434894161484
38.62516429768694 49.83256443450987 39.77556801487147
38.62518290872108 49.832549418802174 39.77557309214341
38.625160674924274 49.8325673563738 39.77556703770905
38.54086680332451 49.85501900351687 39.762725432244025
38.54086463404117 49.85502166127925 39.76272486739493
38.468428214321676 49.96640492568861 39.70897383042269
38.46842745758053 49.96640542153639 39.7089742666983
38.46842648819502 49.966406397714564 39.70897415521394
38.46842537648715 49.966407457047424 39.70897414563783
38.46842541458528 49.966407417184506 39.70897415296382
38.46842536577763 49.966407464143316 39.7089741516576
38.46842474786585 49.96640821093847 39.708973835739386
38.468424505337794 49.96640836774063 39.7089739797136
38.468424086906396 49.96640898493714 39.70897354661086
38.46842343404409 49.96640939685595 39.70897395418342
38.46842216628013 49.966410544247466 39.70897406248333
38.46842121142538 49.96641149384456 39.708973976159236
38.46842177754506 49.966410885827486 39.7089741158321
38.46842083494882 49.96641172687309 39.7089742200476
38.46842064353914 49.966412207249476 39.70897363260237
38.46841972624499 49.96641276942127 39.70897423786646
38.468418951843994 49.96641360347887 39.708974042197134
38.46841976562213 49.966413455456475 39.70897281579159
38.468419351272395 49.96641353483707 39.70897343235024
38.46841977538427 49.96641344914233 39.70897281000155
38.46842073196814 49.96641320983523 39.70897149676895
38.46842079180328 49.96641317211258 39.70897145935593
38.468421415196666 49.966412960188805 39.70897071356936
38.46842437755929 49.96641130797767 39.708968437871505
38.4684247696477 49.96641142244606 39.70896748174158
38.46842573154417 49.96641064467427 39.70896721715054
38.46842376419941 49.96641187101223 39.708968474713785
38.043760948065554 47.25119978054222 40.341891994805195
38.043752974449994 47.25120272205214 40.34188480817473
38.04379833843802 47.25119858024808 40.34189771378418
38.04380373621072 47.251201510757525 40.34189164305049
38.043848712951956 47.25120064611338 40.341897235490805
38.04384588417676 47.25120174117184 40.341894571465716
38.04382889197382 47.251199816036745 40.34189746193795
38.04388975377884 47.25119788555056 40.34190671922136
38.043933757375825 47.25119410989414 40.341918700239674
38.04397768219477 47.25119043824256 40.34193044373807
38.04398129133591 47.25119138212817 40.341928641107884
38.04406203445519 47.2511849687794 40.34194948175059
38.044065624886294 47.25118482008403 40.34195010521154
38.04414955157145 47.25117850864676 40.34197097927803
38.04415255320141 47.25117832394725 40.34197163467549
38.04423997679558 47.251171169180196 40.341994667985375
38.04425742678752 47.25117027042046 40.34199808932545
38.04432528216086 47.25116600838435 40.342013097964674
38.04433397489778 47.25116560676584 40.342014699880025
38.04441189002034 47.25115951640161 40.34203459204116
38.04439258924722 47.251163114140084 40.34202502273678
38.04440603933225 47.25116273496383 40.34202696311134
38.044503089761534 47.25115124113342 40.34206042323781
38.04443899542213 47.25116213474008 40.3420309868336
38.044480814158696 47.2511614138056 40.34203600218801
38.04447403691507 47.251162520478516 40.34203299005844
38.04447823208345 47.25116257965146 40.34203320101676
38.04457029899464 47.251153826766256 40.34206016421993
38.0445078249648 47.251163225638535 40.34203418124301
38.04454787505247 47.251162843851375 40.34203829867407
38.04453338922352 47.25116492267372 40.342032497292344
38.044542172387466 47.25116513808613 40.342032735600725
38.04463368761033 47.251156888313304 40.342058535900506
38.04456757793663 47.2511659227525 40.342033065898114
38.04460907704378 47.25116602309001 40.342036230368635
38.044599451290395 47.251167301165786 40.34203260488421
38.13241578499174 47.31177176232619 40.33646018876618
38.044605276276215 47.25116743290716 40.342032787637585
38.13247048126015 47.3118589299406 40.33640636799794
38.13241007583758 47.3118426280284 40.33640891963033
38.13251180746463 47.311925293959476 40.33636534485876
38.132647815447925 47.31198131360419 40.336345859217545
38.13254094417347 47.3119488441983 40.33635295428713
38.13269692951525 47.31206379225877 40.33629453827106
38.1326743538464 47.31205658632295 40.33629628393402
38.3586985650775 47.3477775136141 40.369950699483255
38.13270947343557 47.31208492373243 40.33628138367415
38.359113346635695 47.347949216170406 40.36992849651437
38.35867820058936 47.34779605838412 40.36993795943654
38.360045564176204 47.34827895871181 40.36990738770629
38.35938512203346 47.34806182751336 40.36991389346405
38.36043403911772 47.34844093400599 40.36988599684179
38.35973925670714 47.3481948445184 40.36990189953757
38.36138974411368 47.348780801354714 40.36986342467744
38.36078905873346 47.348589114568284 40.369866368925926
38.361753177589065 47.34893344008012 40.36984284639843
38.360851877864285 47.34861273211481 40.369864230088126
38.72894327950017 47.6163625611442 40.34999002102947
38.728850639529696 47.61641887958626 40.3499885789245
38.7287972580721 47.616375302370216 40.349995153896145
38.72952587998978 47.616969223536856 40.349905495491164
38.73022405453372 47.61753861558579 40.34981955550391
38.72889941440667 47.61646928334875 40.349981540066665
38.73008922467064 47.617556292929365 40.3498237190249
38.730054408106085 47.617527711646716 40.34982802287994
38.73078145773867 47.61812375627699 40.34973822626199
38.73149381760075 47.618708320192226 40.3496501891934
38.73011513186812 47.617583263516195 40.34981996096893
38.75274869498377 47.83286050712026 40.32428353923606
38.753608206454864 47.8338410691849 40.324144686415245
38.75293086197978 47.8330710832367 40.324253686810316
38.99599937647767 47.95232151186015 40.302019296662024
38.754173664307814 47.83450761973593 40.3240500365056
38.99603892485807 47.95267480950494 40.301978331403866
38.99603195197866 47.95262209732778 40.30198421285442
38.996049206392264 47.95275259348413 40.301969650826294
38.99606126361283 47.95287480363872 40.30195513138133
38.99608746983063 47.95309537363646 40.30192988194237
38.996081467386475 47.95304928283444 40.30193504493379
39.06374629423466 48.3413326179212 40.2788864300922
39.063776385093185 48.34148968190624 40.27888267504609
39.06384311506866 48.34181507743898 40.27887710260336
39.06383580694469 48.34178169176343 40.27887744224566
39.06386061092755 48.34189495222906 40.278876295679225
39.063883198691755 48.34201462897077 40.27887326337
39.06395642100856 48.342372172452755 40.27886708993511
39.063948224003234 48.34233430287256 40.27886752177451
39.06397651749496 48.34246493799364 40.27886604067397
39.063998462091234 48.34258141485702 40.278863069720515
39.06407091495047 48.34293500760469 40.27885698442259
39.06405951546971 48.34288189031209 40.27885763938294
39.064093801239096 48.34304148561594 40.27885568914095
39.064126536618296 48.34321176835657 40.27885167438959
39.06418719741579 48.34350642383445 40.27884674642439
39.06417044258971 48.34342786276866 40.27884776797752
39.06421289471555 48.343626759157665 40.27884519837101
39.064262891984356 48.343882905085124 40.27883953905098
39.06430493005793 48.34408477100667 40.278836404225615
39.064280584376746 48.34396998694061 40.27883796440918
39.15153100932532 48.617393466162376 40.265322503809124
39.064387900896634 48.344498999742406 40.27882831675745
39.15159632863297 48.61755839398337 40.26532018365853
39.15157500828317 48.617508308433216 40.265321194041064
39.15174979984468 48.61795948612042 40.265315649876015
39.15171546116004 48.617872415339725 40.26531684477671
39.15182047873168 48.61813781030061 40.26531313014715
39.166407297699834 48.84351570003738 40.248202789067776
39.16645083267652 48.843512837937936 40.248208865990314
39.166414679388325 48.84352053280607 40.24820218486094
39.16644840993672 48.84353808652021 40.24820081618468
39.166439490891975 48.84353989780142 40.2481991947007
39.166493929522176 48.843529302346994 40.248208950279455
39.16644775226753 48.8435456872204 40.248198401468315
39.166490963196566 48.84355482916453 40.24820075006019
39.16646711697134 48.84355926793234 40.24819653896616
39.16653768980622 48.843546392090474 40.24820892156279
39.166488469728655 48.84357618561543 40.248193888123424
39.16653399385986 48.843571991977086 40.248200611782345
39.16649199193892 48.84357929677571 40.24819335233734
39.1665302516561 48.84359698735267 40.24819248228637
39.166511303842874 48.843600095205076 40.24818926504441
39.16652701287242 48.84361839604102 40.24818551531772
39.166573388222375 48.84361467632941 40.24819219492578
39.16652940143248 48.84362117725571 40.24818494561076
39.16656892903538 48.84363930444223 40.248184092720734
39.16654275398774 48.84364286728872 40.248179872841
39.16656444910143 48.84366346728876 40.24817613104638
39.16655366475261 48.84366478587597 40.24817443832015
39.166612486943656 48.843657830914445 40.24818359824157
39.16656159939866 48.843678600032064 40.248171139544084
39.166607344915015 48.84368222361455 40.24817548687692
39.166566221808885 48.843686591255825 40.24816923512988
39.166602193144115 48.84370612089898 40.248167526623654
39.16657512868191 48.84370863816294 40.24816352194303
39.16659699962476 48.84372961002551 40.24815968684067
39.16658383417325 48.84373065685769 40.24815779338678
39.16659180928286 48.84375258234154 40.24815200628747
39.16659126047717 48.8437526163533 40.248151930316915
39.16663948555834 48.843749491177604 40.24815864800533
39.16659159317179 48.84375351584663 40.248151693559535
39.166633614851975 48.84377261887291 40.24815083847173
39.16659920160038 48.84377436501005 40.248146193511104
39.16662769068815 48.84379524957489 40.24814317531569
39.16660485982612 48.843796151710734 40.248140172479424
39.1666217819873 48.84381730155265 40.248135691886276
39.16661103399846 48.84381761804618 40.248134311511144
39.20605071418274 48.87395850217098 40.24235579734837
39.166617422021766 48.84383302904019 40.248130337284024
39.20605371384423 48.874009074268095 40.2423398215143
39.20603595379024 48.87399948992116 40.24234055121168
39.20605653244345 48.87405823059751 40.24232427994658
39.206044503634544 48.874051031961045 40.242325003180376
39.20605918714287 48.874106143698214 40.242309119065936
39.206052843869216 48.87410198230012 40.242309618741224
39.206061720719475 48.874152854464754 40.24229433134746
39.20606054963905 48.87415199275836 40.24229445385471
39.20608133311306 48.87416708153084 40.24229234579923
39.20606226799421 48.87416327786177 40.242291029085386
39.20608369237664 48.874214363652996 40.24227734975757
39.20606793380769 48.8742011711248 40.24227951543628
39.20608600086666 48.87426101849856 40.24226255006043
39.20607331391989 48.874249168288046 40.24226469164304
39.20608822807578 48.87430680467104 40.242248020801455
39.206077449709426 48.87429592243619 40.242250104046136
39.206090491881994 48.874352535184 40.24223351445873
39.206080448717096 48.87434159903677 40.24223571343724
39.20609267886347 48.874397544095146 40.24221923152366
39.20608287662118 48.874386117294904 40.24222162159515
39.178736616491086 49.01489225478056 40.194856008711085
39.178725746200044 49.01490742460157 40.19484990565334
39.1786830736169 49.01496818566397 40.19482566363675
39.17867220880288 49.01498333100912 40.194819567600874
39.178629743764674 49.015043819429046 40.194795438124686
39.17861838649337 49.01505963082553 40.194789070569755
39.178576379505394 49.01511950275242 40.194765192933396
39.17856386437211 49.01513689995622 40.19475818234399
39.17852352157814 49.015194477139886 40.19473523256641
39.178510214522035 49.01521294019661 40.194727786571605
39.178456554573586 49.0152890082564 40.194697381910956
39.17848259999388 49.01525206281748 40.194712145230326
39.17845523182544 49.015290838371996 40.19469664297151
39.17840599796476 49.01536074005353 40.194668720880934
39.17840328318195 49.015364478285505 40.19466720848407
39.178355549523566 49.015432324245126 40.19464011979649
39.17835165285604 49.01543766313483 40.19463795525635
39.17830555748272 49.015503268143476 40.19461177574601
39.17830141998205 49.01550887780227 40.194609491307816
39.17825604657114 49.01557353821756 40.194583702383866
39.1782531889026 49.0155772783961 40.19458215606324
39.178204866694664 49.01564579513355 40.19455477224116
39.17820748524905 49.01564207802636 40.194556257145706
39.17820485552173 49.015645806661496 40.194554766921165
39.17815971764531 49.015709905486005 40.19452916484509
39.17815937682852 49.015710322607546 40.19452898721219
39.17811591597599 49.01577211504367 40.19450431873051
39.17811521802167 49.01577297605756 40.19450395336483
39.05978567304958 49.14818780673224 40.1249355680655
39.05977631048913 49.148196515151696 40.124929686722126
39.05973693456714 49.14824333505696 40.12490489826579
39.05972433032454 49.148255076119085 40.12489698048144
39.059688582351065 49.14829840742247 40.124874471616195
39.059672861021454 49.14831296481408 40.12486459618478
39.05962216748658 49.14837035612528 40.12483269803316
39.05964823285786 49.14834059637057 40.12484910059245
39.059619557355006 49.14837274968332 40.12483105858827
39.05957492104419 49.14842421745388 40.12480296696124
39.05956821671273 49.14843027821165 40.12479875637338
39.011212233711014 49.246916737768785 40.067857474295295
39.011204241113326 49.24691922060784 40.067855034758615
39.01119242868744 49.24693342078217 40.067842160216955
39.01119470454098 49.246930083215815 40.067845170295215
39.01119156534904 49.246933674625055 40.067841909332685
39.01120295797678 49.246930259303866 40.06784527775198
39.01118355229459 49.246946433585435 40.06783042415535
39.01118000535632 49.24694738121543 40.06782947726819
39.01117485778375 49.24695917587431 40.06781893198278
39.01116902331832 49.24696064342396 40.06781745472453
39.01116633616038 49.246971662844246 40.06780767003824
39.01115866283754 49.24697340697331 40.0678058908629
38.80561185255434 49.482360539420796 39.97348347696966
38.80573881025601 49.48219482272583 39.973557967179964
38.805600520645314 49.4823751184961 39.973476814632974
38.805756936221584 49.48217377393374 39.97356876870846
38.805221568346525 49.48286999429239 39.97325448584962
38.805185895858216 49.48291582575172 39.97323350900977
38.804836698458296 49.483372407844 39.97302867314052
38.804779641969475 49.483445649317275 39.97299511759087
38.804447548653755 49.48388043157 39.972800350772374
38.80437125094357 49.4839782124067 39.97275546905287
38.65878142399498 49.70689510124737 39.86195152387711
38.65888571539027 49.706761133415796 39.86201928710293
38.65877405143274 49.70690450767039 39.86194685813871
38.65837724294497 49.70741434596654 39.861688805094055
38.65835169137394 49.70744690783017 39.861672709829676
38.657967069343655 49.70794126673066 39.86142223489021
38.657928088012625 49.70799085832536 39.86139784465566
38.54092687608646 49.85493939407485 39.76274935012507
38.468427517122365 49.96640504702459 39.70897489191339
38.54091061862564 49.854960735984 39.76274315645777
38.468427201481944 49.96640525442763 39.70897507274094
38.46842674835959 49.96640588284793 39.70897468225968
38.4684261638645 49.966406266599876 39.70897501772469
38.46842613475021 49.96640662666306 39.708974364177394
38.468425361023506 49.966407133174705 39.70897481116112
38.468424543667574 49.96640800527758 39.7089746207952
38.468423571802106 49.966408967050526 39.708974542253756
38.4684237823868 49.96640873363142 39.70897460846055
38.46842346830827 49.96640903378386 39.708974604043156
38.46842283304272 49.9664097772868 39.70897432695538
38.46842231990869 49.966410103723426 39.708974642032274
38.46842203008579 49.96641062960081 39.70897414864283
38.46842107724749 49.96641122955897 39.70897474590083
38.46841988063034 49.96641232096875 39.70897483159052
38.46842025798719 49.96641193356846 39.70897488953442
38.46841966734644 49.96641245476223 39.70897496626702
38.46841940222771 49.96641296940765 39.70897444889389
38.46841902708089 49.96641320315296 39.708974688893704
38.46841895218782 49.96641360312606 39.70897404224962
38.468418990845194 49.96641357655486 39.70897402240317
38.46841966867412 49.96641350525863 39.70897289865982
38.46842172132091 49.96641258315063 39.70897088396532
38.468423546946056 49.966411806653994 39.70896900633088
38.468422781636946 49.966412267239065 39.70896952790421
38.468424617833016 49.96641131148127 39.70896798296171
38.46842410763482 49.96641161756152 39.708968332582174
38.04384595195498 47.251201766123785 40.34189452155715
38.043889832792416 47.25119791978696 40.341906649600695
38.043933841979836 47.25119415391869 40.3419186093269
38.04397776674233 47.25119049253149 40.34193033001414
38.04398722526719 47.25119087237394 40.34193025810059
38.04406331000052 47.251185506826516 40.34194839037528
38.04407119087445 47.25118671036964 40.34194635949409
38.04415058919625 47.2511807432736 40.341966098832025
38.04415620217576 47.25118041790786 40.341967279931715
38.044241562530246 47.25117476553414 40.341986806642154
38.04427233719391 47.25117208928354 40.34199526505123
38.04428265280201 47.25117259964156 40.341994973104015
38.04425897631896 47.2511721539628 40.341994030743095
38.044324830766485 47.25116978141601 40.342004677776224
38.044366750271976 47.25116707940501 40.342014103132975
38.044395378961234 47.25116761554612 40.34201524872395
38.044395992374504 47.2511693735288 40.34201139271239
38.04443670869301 47.25116703401477 40.34201991442138
38.04446784084642 47.25116768122685 40.34202101757061
38.04446343801747 47.25117010420115 40.34201527454997
38.0444596411176 47.251172497648184 40.34200964659591
38.04452056938129 47.251170449411866 40.342019170934506
38.04452100122497 47.25117411693562 40.3420110572706
38.04452065201575 47.251174691822825 40.34200975141742
38.04456101268177 47.251175033596745 40.34201228651107
38.13234215795914 47.311817176434815 40.336416855410135
38.13237081847335 47.3118424969506 40.336403134145584
38.13252363541267 47.31194639827294 40.33635210236791
38.132489811847634 47.31194223977133 40.33634999571529
38.132551997636945 47.31199601456782 40.336321052301855
38.13260401493816 47.31204070820538 40.336297046551614
38.358269625386285 47.34765566828908 40.36994509334508
38.132710152649764 47.31213661716711 40.33624471042978
38.358508813282015 47.34775447536949 40.369932395861895
38.35951977100123 47.34811793111479 40.36990649894265
38.35885632923984 47.34788696348943 40.369919622643124
38.35990993615293 47.348279948543095 40.36988535472855
38.35956591917976 47.34815925457002 40.36989263634695
38.360810221020856 47.348597974726744 40.36986518493523
38.36020476271826 47.34840240630186 40.36986936181169
38.36117371766256 47.348750177857966 40.36984484001282
38.360385379087944 47.34847103020714 40.36986284353594
38.38716196077466 47.503512702367004 40.35365201339526
38.38683833865206 47.503258928125334 40.353674970276025
38.72941895457318 47.61700633721479 40.349906547679296
38.387471564135545 47.50378285603128 40.353621707540235
38.72996536419805 47.617572364707094 40.349827560118
38.729670412194245 47.617328665692035 40.3498641735711
38.75208693516349 47.83211181930993 40.3243894806043
38.75283498089418 47.83296209184578 40.324269115756195
38.75170712303496 47.83169353710223 40.32444852761094
38.752859660905784 47.83302095502164 40.32426040430353
38.752629676148096 47.832759343943806 40.32429744047131
38.75360174807132 47.83386502301618 40.3241409107858
38.75436398097264 47.834732053357996 40.32401816593
38.753036422576514 47.83322902269517 40.32423086228054
38.75425580138235 47.834635809706974 40.324031461738585
38.996066157837895 47.95293214483762 40.301948154742604
38.75442241442231 47.834828274111295 40.32400417852541
38.99607634399794 47.953009964485275 40.30193944866039
39.06376526575718 48.341447930903485 40.278882104248424
39.06381037214468 48.34166588843807 40.278878577381874
39.06380109882593 48.341623676422145 40.2788789901703
39.06382650895998 48.3417392706633 40.278877867771286
39.06385884561001 48.34190710603151 40.27887394680014
39.06391876457981 48.34219872315404 40.27886901116518
39.06390987342277 48.342157782554104 40.2788694632331
39.06393725313243 48.34228369823349 40.27886809012937
39.063962321333136 48.3424154341171 40.27886485503993
39.06402816963926 48.34273633245214 40.278859380018694
39.06401835553067 48.34269076124736 40.27885992479193
39.06404902722187 48.342833079401046 40.27885823472856
39.064072656062336 48.34295760391181 40.27885514299535
39.06413898667749 48.343280800793906 40.278849634110756
39.06412657455185 48.34322271846579 40.278850376889466
39.06416239987806 48.34339016273432 40.2788482570089
39.06419285242741 48.34354861936221 40.27884451637421
39.06425098979952 48.34383088521845 40.27883980930973
39.0642338913703 48.343750426737486 40.278840886236395
39.06427717493545 48.34395392485766 40.27883818138484
39.064323096021454 48.34418930682079 40.278832969135166
39.06436475242171 48.344389531959244 40.278829839686246
39.06433996117847 48.34427226553087 40.27883147430994
39.151617327617316 48.617623140576015 40.265320229677215
39.15160768805805 48.617598567949 40.26532055632259
39.15168190551667 48.617787144966094 40.26531799992756
39.151648150857916 48.61770345464805 40.26531930280018
39.166364853331416 48.84353153974291 40.248192853455365
39.16634687582384 48.843535738051955 40.24818941687825
39.16640690933406 48.84352225477807 40.248200727994224
39.166364307508005 48.84354711165089 40.24818800200561
39.166405177150324 48.84354702754369 40.24819290687749
39.16637414429244 48.843553735785186 40.24818714028175
39.166403460107155 48.84357133213968 40.2481852314681
39.16639744574178 48.84357254628425 40.24818414028496
39.16644623466046 48.84356321446686 40.24819283300062
39.166403094847 48.84357688058789 40.24818348245391
39.16644382338788 48.843587611653064 40.24818504625492
39.16642203870637 48.843591558005 40.24818123262045
39.16648801359766 48.84357999418644 40.24819266304176
39.166441858794016 48.84360794112352 40.24817856311498
39.16648491698987 48.843604387256676 40.24818479574581
39.166445335784154 48.843610936078754 40.248178057648104
39.166481674647436 48.84362817315458 40.24817709767674
39.166461608276286 48.843631253171644 40.24817375545692
39.16652651825555 48.84362160073312 40.248184471254
39.16647837851191 48.84365157273016 40.248169511928545
39.16647575457581 48.84365194527736 40.24816908417423
39.166522662254515 48.84364558250175 40.248176639722146
39.16647787104439 48.84365516504209 40.24816834718921
39.16651873028473 48.84366903359586 40.24816896223294
39.166489178737464 48.84367273189115 40.24816429763402
39.16651477346053 48.84369215895602 40.24816138189644
39.166499293394885 48.84369389934845 40.24815899894631
39.16655994505759 48.84368726063097 40.24816828006719
39.16651081790176 48.843714851517504 40.24815393473901
39.16650919208708 48.84371501377742 40.24815369077582
39.166555415699264 48.84371050376775 40.248160595180906
39.16651039319076 48.84371727999156 40.248153137604405
39.16655086634041 48.843733378891265 40.248153021022055
39.16652041693538 48.84373598248808 40.248148585710915
39.16654632469713 48.84375575912748 40.24814559989627
39.16653042377701 48.843756923006126 40.24814334390578
39.16654177831731 48.84377768579071 40.24813831761836
39.16653912030551 48.843777842893985 40.248137952016435
39.166586609904186 48.843775057720165 40.24814447739757
39.1665408252575 48.843782230860285 40.24813680683803
39.16658141722007 48.843797141434166 40.24813706969161
39.166547360769385 48.8437986729312 40.24813253329917
39.16657623753498 48.843818707323805 40.24812982269956
39.16655370031022 48.84381942095528 40.24812691285774
39.16657105370376 48.84383974933737 40.24812273623471
39.16655984834134 48.84383998939694 40.24812132475157
39.20603431577502 48.87399862100784 40.242340613636976
39.16656688995784 48.843856199300596 40.248117182992054
39.20603735635808 48.8740468474589 40.24232540286538
39.166568444101756 48.843860048071356 40.248116185541036
39.20604021857031 48.87409377284197 40.242310589576626
39.206028424074205 48.874086143521225 40.242311483600155
39.20604292696022 48.87413936195654 40.242296188451135
39.20603650523513 48.87413483955014 40.24229679454534
39.20604548488761 48.874183669567444 40.24228218220349
39.206044412304166 48.874182806560825 40.24228231829801
39.20606405907416 48.87419805769943 40.24228000571868
39.20604604889719 48.87419359875061 40.24227904222005
39.20606642405533 48.87424299359017 40.2422657702233
39.206051565489396 48.8742299487336 40.242268008385956
39.2060687734228 48.87428743269756 40.24225169351456
39.20605685245299 48.874275772539335 40.242253875941515
39.206071082355216 48.874331433611644 40.24223775330131
39.20606089463281 48.8743205512592 40.2422399155362
39.206073363103 48.8743750188758 40.24222394392082
39.206063871169896 48.874364116205 40.24222620574249
39.17871518926979 49.01492215900627 40.19484397808734
39.17870443710075 49.01493716900749 40.19483794017068
39.17866319524639 49.01499589939947 40.19481450941068
39.178652216590876 49.01501120923694 40.194808348140725
39.17861155137284 49.01506915009858 40.194785237569526
39.178600108072075 49.015085088129595 40.19477882017154
39.178559834308416 49.01514250440186 40.19475592429253
39.178547301635724 49.015159934216854 40.19474890194839
39.178508668610135 49.01521508609494 40.19472692131805
39.178494589992695 49.01523463971782 40.19471903889236
39.17844318447208 49.015307537152495 40.194689905711584
39.17847954987271 49.015255947880846 40.19471051986047
39.178441236613864 49.015310236579985 40.194688816522664
39.178394086408765 49.015377205171795 40.19466207021643
39.178390100527444 49.01538271870142 40.19465984383125
39.17834557948369 49.01544604431132 40.19463456753331
39.178340038094994 49.01545368896481 40.19463147711136
39.178297880106165 49.01551374690766 40.19460752049049
39.178291312106914 49.015522774899594 40.19460386525058
39.17825150773089 49.015579580752544 40.19458122244274
39.17824314909486 49.01559106190104 40.19457657258382
39.17819715498378 49.01565632970313 40.19455049585864
39.17822466681442 49.01561726690969 40.19456609911751
39.17819606767082 49.01565781957895 40.19454989184217
39.178153486332896 49.015718345445684 40.19452572634535
39.17815108009714 49.015721631095644 40.19452439233769
39.178110812726075 49.01577895784316 40.19450151894744
39.059799907149014 49.14816581819485 40.12494455543509
39.059764152125155 49.148208493077405 40.1249220456145
39.05974732954263 49.14822511073557 40.12491147297385
39.059716864676574 49.1482623848223 40.12489228882391
39.059695940462305 49.14828299906942 40.124879138682225
39.059647731665294 49.148337834995246 40.12484880266502
39.05968471024323 49.148295616331026 40.124872072740956
39.059642791866324 49.14834269356348 40.12484569821518
39.05967002145563 49.14831574747584 40.124862811694065
39.05960233042584 49.148389542270856 40.124820233000406
39.05959231547109 49.1483993674846 40.12481393916612
39.059557126495534 49.148441018586865 40.124791787529354
39.059542494445964 49.14845521685167 40.12478259293165
39.01119071979289 49.24692408357075 40.06785032444273
39.011191889625806 49.246922357635334 40.067851880801534
39.01119032755848 49.24692422531031 40.06785018721173
39.01120143705934 49.246920212457795 40.06785407257202
39.011182108725656 49.24693678958181 40.06783886685509
39.01117909431055 49.246937786742194 40.067837893305054
39.011173680138945 49.246949236099354 40.06782764347498
39.011168689411775 49.24695075210978 40.067826150391596
39.01116526395333 49.24696166214245 40.067816438510725
39.01115842869111 49.24696350262862 40.0678146011716
39.011157061237654 49.24697378290553 40.067805509040475
38.80587585165932 49.48201351148683 39.97363821876794
38.805475271321406 49.48253627357512 39.97340317814471
38.80577797402769 49.482141125924755 39.97358078158028
38.80544823191917 49.48257106107819 39.97338728094299
38.805093724134025 49.48303437222191 39.97317931638645
38.80503577048012 49.48310893349785 39.97314524392276
38.80471774112442 49.483525232226896 39.972958720856575
38.80463259487467 49.483634738559246 39.97290865860405
38.8043429041588 49.484014618121805 39.97273879913831
38.80423819193736 49.48414914271008 39.97267722368039
38.65867884454259 49.707026074912164 39.861886420031055
38.80411174917146 49.48431403971844 39.972603026194
38.658659946578936 49.707050212748996 39.86187440883626
38.65829186156793 49.707523250823755 39.86163483086323
38.658257743332925 49.70756678497253 39.86161323177813
38.65790416908553 49.70802133077415 39.861382795017235
38.657864993837336 49.7080712252516 39.861358174130714
38.54092606856439 49.85494041683711 39.76274909385907
38.54091612155172 49.85495299338717 39.7627459671812
38.468426049452695 49.96640602054168 39.70897571477726
38.540871650725904 49.85501140684978 39.76272897733267
38.468425926642816 49.96640610223808 39.708975783168675
38.46842526608252 49.966406854743255 39.708975535549136
38.46842485726016 49.96640712649178 39.70897576363237
38.46842471270537 49.9664075522747 39.70897519614321
38.46842400695654 49.96640801485912 39.708975602728074
38.468424240525756 49.966408199957485 39.70897480332935
38.46842309638697 49.96640893721466 39.70897548738152
38.46842201710426 49.96640995924268 39.7089754906806
38.46842214330786 49.966409814887285 39.70897553914012
38.46842193264493 49.966410013563475 39.70897554137899
38.46842149811144 49.966410626988846 39.70897514571427
38.4684210953917 49.966410885850294 39.70897538775259
38.46842083847892 49.96641138205083 39.70897489133846
38.468420294840485 49.96641173348213 39.70897521415874
38.468419567180845 49.966412532566636 39.7089750000863
38.46841981139653 49.96641272918689 39.70897415818535
38.46841979147658 49.96641269893571 39.708974254798406
38.46841982599495 49.96641272047759 39.70897414808595
38.46842058737895 49.966412595295104 39.708972974476126
38.46842066479385 49.966412547814365 39.70897292346636
38.46842131862874 49.96641248468422 39.70897182840973
38.46842155732745 49.96641233738098 39.70897167290226
38.46842212734051 49.96641215468439 39.70897096919373
38.46842492523952 49.966410597919136 39.708968812526635
38.468425126685446 49.96641081305843 39.70896801396974
38.46842618470922 49.96640998766233 39.70896766375941
38.46842414304113 49.96641125222607 39.70896898476174
38.04428262624299 47.25117264137874 40.341994878199806
38.04432479322499 47.25116982389118 40.34200458033578
38.04436670181545 47.25116712257881 40.34201400324925
38.04439021070085 47.251168244738814 40.34201342884829
38.044395894382916 47.25116944790618 40.342011219453724
38.044436575823305 47.25116712004373 40.34201971242698
38.04446483376356 47.25116827714825 40.342019448029376
38.04446285464218 47.25117043976947 40.34201448132814
38.04445811226068 47.2511747290342 40.34200456385874
38.04451259839822 47.25117457163044 40.342009361088635
38.044518692523155 47.25117578393546 40.34200716489387
38.04455785670219 47.25117358919382 40.34201523823627
38.04455270834153 47.25117548363913 40.34201060870545
38.044534530401066 47.2511746886651 40.34201089127254
38.04453701020029 47.25118125219572 40.34199651010401
38.04457307430668 47.251179834684265 40.34200260346269
38.13242087335323 47.3118744469607 40.336387900402826
38.13246933689055 47.31194686412638 40.33634363983154
38.13255094839168 47.31200413935683 40.33631511516528
38.13263230202987 47.31206147045859 40.33628651213729
38.13267945889457 47.3121336774013 40.33624220544726
38.35876040333239 47.347860002659885 40.36991822123299
38.358743186877774 47.34785427197734 40.36991842696638
38.35893962660922 47.34793345523906 40.36990900617252
38.35913347963747 47.34801170711307 40.36989965237124
38.360291942385786 47.34843928707475 40.369864289099596
38.359906788711655 47.34830611164915 40.36987144123223
38.38609279289724 47.502679901084605 40.35372614839721
38.38607664088158 47.502667349554 40.35372725931656
38.386120044358165 47.50270366076675 40.353723486770534
38.3879632278732 47.50421457265443 40.35357275729782
38.387357657430805 47.50374022468402 40.353615555954555
38.75115710125762 47.83107403556422 40.32453615455149
38.75212412174736 47.83218399993879 40.324378894971275
38.751617641262605 47.831607494248075 40.324460515260355
38.752584269911914 47.832725379053485 40.324302031617634
38.75356937695886 47.83385688472356 40.32414171055981
38.75313610842485 47.833363346095595 40.32421158907771
38.7543225094415 47.834714499747555 40.32402028712191
38.7539064553131 47.834254077022194 40.324085311179815
39.063781394638525 48.3415337441543 40.27887989601993
38.75467270661018 47.835140193564854 40.3239596859927
39.06379537632198 48.34159752980791 40.27887925666505
39.06381606366665 48.34170594750218 40.278876622563715
39.06388462483366 48.34204135181477 40.278870767430405
39.06387842865807 48.34201269714574 40.2788710973212
39.06390128343528 48.342118145838626 40.27886990995478
39.06392082113496 48.34222132470711 40.27886732770853
39.063988992402116 48.34255451797894 40.27886154237967
39.06398026914384 48.34251392299018 40.27886203731108
39.06400813281014 48.34264329103569 40.278860492444394
39.06403325532859 48.34277460230656 40.27885733571807
39.064094919323786 48.34307504058229 40.27885221686195
39.06408320302811 48.34302026993869 40.278852911319916
39.064116412097405 48.343175190106926 40.27885098183429
39.064148840698486 48.343343135053395 40.2788470939201
39.06420197078532 48.34360077834969 40.27884282971152
39.06418614037513 48.34352653495444 40.27884379692085
39.064225723798295 48.343712003304844 40.27884139946629
39.064264269150506 48.34391035786693 40.278836930723756
39.06431002759845 48.344131141243615 40.27883339194428
39.0642902731203 48.34403807459343 40.27883464936683
39.06433645772305 48.344255679727894 40.27883170698519
39.07492986810107 48.62914190378032 40.252555903793656
39.07495860903218 48.629266689555415 40.252555604364666
39.07493934912372 48.629209290101784 40.252553060186955
39.16628663372825 48.8435497812782 40.248177908750485
39.16628187536403 48.84355091282697 40.24817699289606
39.16632509316096 48.84354091159336 40.248185226287305
39.166286667651384 48.84355367051549 40.24817671737737
39.16632454271548 48.84356450066133 40.24817791007604
39.166310253567715 48.843567699072985 40.24817522115089
39.16636403119901 48.84355599034964 40.24818524000159
39.16632431752144 48.843577084623846 40.24817401529863
39.16636289774722 48.84357966125748 40.24817782903614
39.166336367772566 48.84358514672816 40.24817297583412
39.16636158340383 48.84360281073734 40.24817055674554
39.16635799020587 48.84360351169355 40.248169912338625
39.16640187705061 48.84359532952149 40.24817766648151
39.16636141861514 48.843606287966466 40.24816946828787
39.16639996496207 48.84361854441265 40.2481703027268
39.16637994082262 48.843622056669815 40.2481668326923
39.1664415083616 48.84361158683863 40.24817740070814
39.16639772190648 48.84364114618563 40.24816308791346
39.16639521467829 48.843641552971974 40.24816266356777
39.16643884090214 48.84363479673994 40.24816994831092
39.16639744846104 48.84364410443989 40.24816214600005
39.166436028147864 48.8436575750552 40.24816261122366
39.16641206293064 48.843661048841355 40.24815868252781
39.166433085610834 48.84367989184874 40.248155400499456
39.16642317152973 48.843681197060974 40.24815381577687
39.16647507417172 48.84367452349488 40.24816206315048
39.166431104471 48.84369487039842 40.24815056008026
39.166471576281886 48.84369704851561 40.24815472212608
39.16643461586913 48.84370137804491 40.24814897903594
39.16646809480726 48.843719187171615 40.24814750181706
39.166443773049636 48.84372173656236 40.248143814685946
39.16646463723833 48.843740995543435 40.24814038588031
39.16645383328146 48.84374199843456 40.24813878784781
39.166506870948425 48.84373717235127 40.24814660286568
39.16646248498842 48.84375503205282 40.24813581458602
39.166502924786066 48.843759016378385 40.24813941764138
39.16646697371437 48.843761851234035 40.248134254459664
39.16649898721374 48.843780411492915 40.24813237142344
39.1664777727006 48.843781818763745 40.24812940628523
39.16649506258328 48.8438013797648 40.2481254579478
39.166487315907126 48.84380179965092 40.248124404090085
39.166537234061686 48.84379917205377 40.24813117095849
39.16649299733278 48.84381237488146 40.248121831862996
39.166532703335605 48.84382015748038 40.24812417985433
39.166497698904465 48.843821490717204 40.24811959123058
39.166528170443705 48.84384073376202 40.24811731424924
39.166505078208786 48.843841282533404 40.248114388822835
39.16652369939165 48.843860677648145 40.24811065040406
39.16651229541137 48.84386081396809 40.24810924709604
39.16656590073712 48.843860066639564 40.24811587620679
39.166519795340754 48.8438778061699 40.24810491959736
39.206022114315296 48.87408208062057 40.2423119558589
39.166520798806374 48.843880011971095 40.248104361400834
39.206025039879435 48.8741269058798 40.24229783112327
39.20601306389872 48.87411865634712 40.24229890173123
39.2060278004045 48.874170354323184 40.242284130182014
39.206020906370526 48.8741652844582 40.242284850426024
39.20603049648557 48.874213259565046 40.242270596531824
39.206027785534154 48.874211103391055 40.242270932390994
39.20604791897162 48.8742268983012 40.242268508775176
39.20603216775789 48.87424043130129 40.242262020887864
39.20605037010593 48.87426993089403 40.24225490114249
39.20603447461835 48.87425605897194 40.24225726852777
39.206052797508 48.87431269992048 40.24224137568839
39.20603939211533 48.87429990925227 40.24224372578456
39.174281472137444 48.925250112924104 40.22279138366148
39.17425392350558 48.92525169086005 40.22278769965585
39.17869360319908 49.014952299991386 40.19483185474262
39.17867745864662 49.01497485436834 40.194822784817475
39.17864312718271 49.015023894836716 40.194803244701326
39.17862705525483 49.01504633001547 40.19479421973584
39.17859319895864 49.01509472217394 40.19477494292917
39.17857615097564 49.01511850211782 40.1947653740316
39.17852452287968 49.015191682055224 40.19473612247792
39.178534992457834 49.01517682911293 40.194742057378214
39.17852390802922 49.015192538762165 40.19473577758708
39.17854333454797 49.01516545957794 40.19474667719092
39.17847676021425 49.015259456836745 40.194709043685776
39.17847427539705 49.015262914941054 40.1947076508359
39.17849356341082 49.015236068187484 40.194718463498916
39.17842883255203 49.01532746660054 40.194681871149484
39.17842434880775 49.01533369556661 40.194679360399434
39.1783814905375 49.01539465298908 40.19465502884851
39.17837513563872 49.01540346628339 40.19465147386354
39.17833447956346 49.015461376325064 40.194628372660375
39.17832700129384 49.01547171808538 40.19462419616479
39.17828830438335 49.01552692293335 40.194602188150846
39.17827915992025 49.01553954687696 40.19459708627317
39.178232475677106 49.015605768496414 40.19457062425423
39.1782528101446 49.015576899676994 40.19458215614962
39.17823151049694 49.015607096839375 40.194570086719935
39.1782422920526 49.01559224302391 40.194576094897755
39.17818820349877 49.01566862987795 40.194545515097396
39.178185215052 49.01567273673161 40.194543852168536
39.178145079562874 49.01572987270414 40.19452105440055
39.17814014424818 49.01573664843781 40.1945183096774
39.05978791950743 49.148177790385034 40.12493702076938
39.05976823459485 49.14819741836702 40.12492464825621
39.05971712972365 49.14825530015355 40.12489249114744
39.0597346237445 49.14823528286349 40.124903500109696
39.05971456459013 49.14825786438932 40.12489087885576
39.059740853147275 49.14823155716421 40.12490740243874
39.05967152723211 49.14830737191814 40.12486379413202
39.05966398370283 49.148314837185225 40.12485905311051
39.05969449320732 49.14828444087879 40.12487822904895
39.059626514365426 49.14835872577594 40.1248354683932
39.05961411279033 49.14837092579944 40.12482767452757
39.059581941322044 49.14840953222857 40.12480741966583
39.059566365385834 49.14842460060055 40.12479763218146
39.05951999163696 49.14847686936589 40.12476845340644
39.05953363694761 49.148461323890146 40.12477704002471
39.059518447319434 49.14847835424821 40.12476748304806
39.059538070365875 49.148459487305644 40.124779813012545
39.01118036612526 49.24692786810134 40.067846664084776
39.01117734579704 49.24692898110232 40.06784558838439
39.01117211236881 49.24694014552264 40.0678355951017
39.01116723919443 49.24694180300757 40.06783398123118
39.01116400390869 49.246952219515265 40.06782470979576
39.01115736201997 49.24695434589691 40.06782262696191
39.011155938767956 49.246964227950045 40.067813883571006
39.01114725122086 49.246966877853666 40.067811274886466
38.80571083200053 49.482226215829456 39.973541224617925
39.011144931522885 49.246969717974494 40.06780870126304
38.80567981741251 49.482266183920586 39.97352299452375
38.80586694127276 49.4820249909341 39.97363298111614
38.80533096583355 49.482722141798305 39.97331835054223
38.80526142886478 49.48281174468096 39.97327747679985
38.804957087680236 49.483210276263165 39.9730989913966
38.804852226508274 49.48334536662304 39.973037352217
38.80445353809746 49.483865345247274 39.97280340163546
38.80446996487994 49.483843895052416 39.97281303922276
38.80445215231347 49.48386712689877 39.97280258681707
38.80458891496411 49.48369098636684 39.97288298127575
38.80410380596376 49.48432205063882 39.972598215385986
38.80407983023754 49.48435288632825 39.97258411874978
38.804227274928785 49.484163190964736 39.972670805464254
38.65856747265065 49.70716836938298 39.86181555183951
38.658528507998305 49.7072181620149 39.86179073958405
38.65820421903497 49.70763511737911 39.861579276300134
38.658160165123604 49.70769137062444 39.86155130675765
38.65784069356302 49.70810220381102 39.86134284509396
38.6577998095101 49.708154326880575 39.861317048649056
38.540914139440815 49.854955509867594 39.76274532982981
38.54090388463814 49.85496854364568 39.76274201265919
38.46842466063646 49.96640695057806 39.70897647608555
38.46842469891931 49.966406908087116 39.70897648823345
38.468424642524504 49.96640696258725 39.70897648624927
38.468423911804294 49.96640775449722 39.708976291987796
38.46842355632185 49.96640798998555 39.70897649189424
38.4684233502339 49.9664084473502 39.708975977056525
38.4684227044409 49.96640887216448 39.708976346096684
38.4684227425909 49.966409167093374 39.70897569517122
38.46842183604883 49.966409761731335 39.708976216562576
38.46842121345724 49.96641049836219 39.70897592935212
38.468421019018464 49.9664109648454 39.70897537486709
38.468421088316816 49.96641077991738 39.7089756091942
38.46842101538238 49.96641097019364 39.70897537113314
38.468420986671646 49.966411327595594 39.708974722064994
38.468421200199856 49.966411203847855 39.70897456718442
38.468420840179306 49.96641175823437 39.708974148642724
38.46842200951413 49.96641104867492 39.70897336315926
38.46842316779431 49.966410674970064 39.708971938044726
38.468423932895675 49.96641054065563 39.70897077545551
38.46842328969533 49.96641126928378 39.708970542404984
38.46842447870378 49.96641037147893 39.70897009030206
38.46842719573645 49.9664088627359 39.70896799001588
38.468425561744226 49.966410204022026 39.70896840002682
38.46842736840438 49.966408822525366 39.70896774710202
38.46842507226047 49.96641032142634 39.70896908193342
38.04455263538259 47.25117551424696 40.342010534742236
38.044536917707326 47.25118129122118 40.341996415843035
38.04457297308744 47.251179873962336 40.34200250792815
38.13242091580425 47.311874571314675 40.33638781829381
38.13246936745838 47.31194697016321 40.33634356897392
38.13255096190825 47.31200425496499 40.33631503494517
38.132632290863754 47.31206156841208 40.3362864407806
38.132679423861774 47.31213378262615 40.3362421253437
38.35872874137783 47.34784960603236 40.36991852658048
38.358945161438534 47.34793589254159 40.36990863498547
38.35919181921714 47.34803596670318 40.369896473405895
38.359811281615634 47.34827784662277 40.36987077496036
38.35997184681734 47.34834430545597 40.369862184413556
38.36027598419363 47.34846173284929 40.36985024830865
38.36012254472107 47.34839577021038 40.36985971537642
38.386481931934284 47.503025824484915 40.35368611591952
38.38737307052336 47.503758870033444 40.353612463371974
38.75099644089412 47.83088552986831 40.32456291188161
38.75139902987969 47.83135750455364 40.32449592235972
38.75277494423996 47.83295045143838 40.32427006776379
38.75275386400885 47.83292639650656 40.324273474141954
38.75279063680387 47.832968936981274 40.32426744297281
38.754188539857545 47.83458722472707 40.32403799684804
38.753987075331764 47.834357273428225 40.32407056056569
38.754450268875075 47.834895656503726 40.32399420071768
39.06386942215258 48.3419706129458 40.27887162889253
39.063859351940565 48.3419234162951 40.27887224033331
39.063953384493296 48.34238840075344 40.27886361201989
39.06395089867685 48.342376706159385 40.27886376826419
39.063970699937485 48.342469315517455 40.2788625893453
39.06397396289236 48.34249080548336 40.27886164610319
39.06405438506175 48.34288592988858 40.278854574178
39.0640434571654 48.34283460623978 40.27885525058918
39.06407421876187 48.34297835626756 40.27885343356958
39.064127471753906 48.34324961657304 40.278847593932284
39.06415719008821 48.343391338773834 40.27884549618543
39.06413738940333 48.343298535419834 40.27884669871867
39.06417897944628 48.343493032096546 40.27884422466047
39.06423824845835 48.34379467811897 40.27883775642181
39.06423248661646 48.34376758833082 40.27883811653922
39.064261114408716 48.34390163649461 40.278836393158315
39.06428469738957 48.34401187608554 40.278834995896865
39.06426159142784 48.34391067457178 40.27883554631626
39.07489648911175 48.62908535124549 40.252547001264745
39.07488944758491 48.629065020686156 40.25254600253762
39.07491619186075 48.62914200270639 40.25254982038655
39.07493654557514 48.62920103467326 40.25255267939307
39.074913552878925 48.62923519180946 40.25253889385368
39.07495958329797 48.62952352494062 40.25252915247356
39.074950199838995 48.62949429880523 40.25252804494543
39.074980361495264 48.62958780749948 40.25253165036395
39.074980572674136 48.629709647931286 40.25251899036055
39.166248987677434 48.84358024466197 40.24816405112662
39.166229125706415 48.84358438160383 40.24816040844439
39.166286423721665 48.843572693570934 40.24817084119916
39.16624904536394 48.843594505507895 40.248159674701014
39.166285704110756 48.84359491191685 40.24816392610753
39.16625917127959 48.84360016679997 40.248159143439494
39.16632396874927 48.84358759345865 40.24817074359405
39.16628538587147 48.843615703233446 40.24815749755326
39.166322889920934 48.843610029538986 40.24816371869468
39.166286956848865 48.843616694355205 40.24815738045859
39.16632154316147 48.843631940418 40.24815682323917
39.16630793321002 48.843634350104665 40.248154457824484
39.166360202563496 48.843625448709986 40.24816343373692
39.16632090419687 48.84364531477614 40.248152636124345
39.166358329579815 48.843647460195164 40.248156444537756
39.16632883808915 48.84365224299304 40.24815145376818
39.166356348138336 48.84366914471138 40.24814954289031
39.1663442588635 48.84367098136218 40.24814753514633
39.16639556228361 48.843663456152285 40.248155972751945
39.166354984072534 48.84368485822513 40.2481445502338
39.166392972485404 48.84368520864773 40.24814897758427
39.16635886376196 48.843689876532004 40.24814347092984
39.16639033911236 48.84370668847306 40.24814206102441
39.166369283739456 48.843709319221674 40.24813873882777
39.16643016465551 48.84370191135737 40.24814828372721
39.16638782094646 48.843727814513784 40.24813526695967
39.16637974104013 48.84372872334531 40.24813402303527
39.166427116679664 48.84372351690931 40.24814127902785
39.16638648852544 48.843739648561 40.24813147050059
39.16642414500843 48.84374481367125 40.248134378349555
39.166391665503774 48.8437479931429 40.24812952368015
39.166421204108964 48.84376568918337 40.24812761082306
39.16640140298074 48.843767389227004 40.24812472442614
39.16646136373352 48.84376230461562 40.24813344538535
39.16641841519261 48.84378611381442 40.24812100002624
39.16641298456066 48.843786515407245 40.24812022828076
39.16645798718493 48.84378320192424 40.24812661915152
39.166417495760015 48.843793054860924 40.248118756816275
39.16645461520666 48.843803703155956 40.24811991520423
39.166425801698956 48.84380545223044 40.2481159378385
39.16645133628719 48.843823659444126 40.24811338986392
39.166436876193 48.84382437238014 40.248111444484145
39.16649121958437 48.84382175904393 40.248118735254224
39.1664480263105 48.84384322994197 40.248106979395175
39.16644659548583 48.843843280359955 40.24810679308642
39.16648731367219 48.843841796429615 40.248112110136795
39.166447710089585 48.84384514770534 40.24810635218768
39.166483410942504 48.84386137357518 40.248105626861886
39.16645703851211 48.843861883964806 40.24810232164283
39.166479555997874 48.843880468410624 40.24809929753771
39.16646367213836 48.84388062812144 40.24809735223189
39.166519285966665 48.84388001888255 40.24810417867359
39.16647565787066 48.843899214048946 40.24809307039006
39.166468685600435 48.84389921385289 40.24809223810033
39.20600792013425 48.874115290214434 40.24229930421504
39.16647276975268 48.84391294996654 40.248088503639764
39.20601091305071 48.87415841017971 40.24228574070918
39.166474194926444 48.84391747393215 40.248087283259736
39.20601384068878 48.87420121311489 40.24227227114157
39.206001507265526 48.874192493777294 40.242273446107035
39.20601667846711 48.8742433828334 40.24225899461736
39.206006618286935 48.87423587344979 40.242260081629794
39.20603305966503 48.87425498327171 40.24225742773401
39.206019438663034 48.874285091447376 40.24224585704246
39.17419207257865 48.92524542669496 40.22278277405999
39.206035633926575 48.874296887554934 40.24224420194129
39.17420599508346 48.92525581091283 40.22278082130913
39.17418750541737 48.92525731593155 40.22277819659669
39.17424328651751 48.92525255185558 40.22278619132386
39.17419930598872 48.92526792078347 40.22277592628002
39.1741810596405 48.92526929796105 40.222773372963715
39.178670393340724 49.0149847300695 40.19481881432811
39.17859741577654 49.015087749728586 40.19477756548705
39.178585321703196 49.0151046517201 40.19477076963594
39.178621740278075 49.01505375545688 40.194791233745214
39.17855043782494 49.01515441710286 40.19475093015529
39.17853861698801 49.015170927923734 40.194744290023216
39.178573273440165 49.01512251973381 40.19476375800504
39.17850410053188 49.015220181582336 40.19472465658924
39.17849250047013 49.015236371836146 40.19471814333362
39.17845857935652 49.015284797318884 40.194698843531356
39.17844767401752 49.01530000183172 40.1946927241301
39.17841315915888 49.01534927119814 40.19467308738716
39.178402221202234 49.01536450109802 40.194666954393384
39.178367781561796 49.015413684184715 40.19464735549897
39.17835706735608 49.01542857024158 40.19464135553632
39.17832296615835 49.01547730700824 40.19462194056513
39.1783115059781 49.015493201095225 40.194615529517385
39.17826671299384 49.01555676337332 40.19459013403116
39.17829124656637 49.01552193035175 40.19460404792614
39.17826553877701 49.01555838756364 40.19458947816605
39.17827780809 49.01554141320021 40.19459633203213
39.1782227225197 49.01561922055188 40.19456518563252
39.17821921059353 49.01562406974935 40.194563226029636
39.17817947453526 49.01568063183229 40.19454065638189
39.17817418738821 49.01568791092867 40.19453771122415
39.178136972653206 49.01574099223701 40.19451654829254
39.10152620431358 49.02751337189481 40.18175243962986
39.059740620447684 49.148224964475496 40.124907291937355
39.05976399001277 49.148198152825515 40.12492199874501
39.05973713632016 49.148228417421365 40.124905102177216
39.05976415327103 49.14820144991785 40.12492208322999
39.059695226378714 49.14827691693844 40.12487872545752
39.05968697097037 49.14828500404626 40.12487353746124
39.05965060802137 49.14832789763615 40.12485064757288
39.05963792684819 49.14834026893879 40.124842678535394
39.0596064181147 49.14837835646762 40.12482283947728
39.05959094142685 49.14839318720773 40.12481311509979
39.059545141873656 49.14844497123891 40.12478429676266
39.05956269168969 49.148424937853214 40.12479534058659
39.05954324103648 49.14844678405346 40.12478310246618
39.0595631969521 49.14842761962332 40.124795641467834
39.05950358569224 49.148492316530145 40.124758146590196
39.059498628794394 49.148496921212725 40.12475503281276
39.01117035543106 49.246931581770525 40.06784307700476
39.01116513634999 49.24693355065489 40.06784117804266
39.011162408247486 49.246943503207504 40.06783233110593
39.01115527819396 49.24694608672042 40.06782983038441
39.01114520384935 49.24695860519968 40.06781849133102
39.011145553290376 49.24695807897235 40.06781896562544
39.0111450985664 49.24695864052333 40.067818456891445
39.01115455089279 49.24695529346653 40.06782170352571
38.80593107502866 49.48193614484565 39.97367028326689
38.80588670651851 49.48199336175079 39.97364420639467
39.01114671294656 49.24696704800027 40.06781110800786
38.80555611624261 49.48242568698478 39.97345028989624
38.80547236212249 49.48253367330517 39.97340106339213
38.805184117989015 49.48291138884416 39.973232035100956
38.80506588993128 49.483063765754295 39.973162542863996
38.80467855293553 49.48356911768751 39.97293526465168
38.80479330400121 49.48341926899008 39.97300258867494
38.80466829973372 49.483582311824094 39.972929236699365
38.80481738178411 49.48339024478493 39.973016869160354
38.804330102576564 49.48402417127206 39.97273083181774
38.804299914913926 49.48406297422723 39.97271308144074
38.80399454675331 49.484462414959864 39.972533965979736
38.65877601256507 49.70689942286981 39.861953124472095
38.658463834845364 49.707300812726885 39.86174954596782
38.658415110075794 49.70736309245331 39.861718489946455
38.65811566127268 49.70774821421243 39.86152302079552
38.65806187433618 49.707816929985775 39.861488805175775
38.65777367482548 49.708187679527256 39.86130049328587
38.65771413121631 49.708263709530996 39.861262693948966
38.54090068879754 49.854972624669585 39.762740952534976
38.54088588521927 49.85499155592856 39.7627360041748
38.46842293102943 49.966408085367775 39.708977470326516
38.54085383758538 49.855033673728286 39.76272372957326
38.4684227553136 49.96640820146971 39.708977569731516
38.468422456612394 49.96640871759751 39.70897711206321
38.4684221170961 49.96640894600364 39.70897729612124
38.46842207254331 49.96640929563736 39.708976691863995
38.468421714559796 49.966409544239816 39.70897687065348
38.46842177679341 49.96640981904552 39.70897621438037
38.46842171813967 49.96640988935694 39.70897618552548
38.46842137421193 49.96641040665429 39.70897580988884
38.468422133623335 49.96640997881748 39.70897523493397
38.4684231026125 49.966409723713625 39.70897392962433
38.46842520491364 49.96640876794737 39.70897188851022
38.46842579047204 49.96640874327457 39.70897084516227
38.4684249395747 49.96640959141498 39.70897076444566
38.46842625397246 49.966408624868265 39.70897021367482
38.46842888591423 49.966407169027185 39.70896816805393
38.46842548880312 49.966409586667936 39.70896974966848
38.468425862731834 49.96640919220318 39.70896982789233
38.46842467227064 49.96640992116626 39.708970614623794
38.46842911562411 49.966407137871585 39.70896780097706
38.46842494671343 49.96641008386673 39.708969783042065
38.46842728346133 49.96640880873112 39.708967932607194
38.36027635802898 47.34846191140498 40.36985021609347
38.38648174446112 47.503025749516326 40.353686107259215
38.38737245497166 47.503758473544096 40.35361248076078
38.7509956662416 47.83088462469221 40.324563040321785
38.75141495253139 47.83137541705956 40.324493388947666
38.75269754412095 47.832861263008354 40.32428270819237
38.752764837492975 47.83293907307579 40.32427167714155
38.75326060708837 47.83351428445418 40.32419010632043
38.753721534260364 47.83405228228884 40.32411377407439
38.75330617360735 47.8335677783145 40.32418251281048
39.06385866630828 48.341916945238424 40.27887267364451
39.06385618037575 48.34190565194082 40.278872781581065
39.06393784955952 48.34231330876303 40.27886482982123
39.0639375473079 48.34231187725385 40.278864849968215
39.06394284471969 48.34233822674065 40.278864345349774
39.064035121841975 48.34279455412853 40.27885587529768
39.06402106170128 48.34272761823526 40.27885685397027
39.064114688605684 48.34319068778648 40.27884825193789
39.06410714671371 48.34315467250224 40.27884879021197
39.064135819884044 48.343291093199156 40.27884680438809
39.064169962368275 48.343465475708925 40.27884300418272
39.06421505590492 48.34368500279762 40.278839282141526
39.06419537136263 48.34359120804575 40.27884066226943
39.06429215053787 48.34406799341898 40.27883199605871
39.064285199009674 48.34403485775971 40.27883248493297
39.0748769283754 48.62902870475157 40.25254424468496
39.07487526591097 48.62912604243925 40.25253331752545
39.074919018330476 48.6293972928991 40.2525243527272
39.07490703921292 48.629359461491795 40.25252299334075
39.074938971308754 48.62945926510732 40.25252672601046
39.074950190138324 48.629672194261616 40.25250941923814
39.07498031335161 48.629824279146014 40.25250687605957
39.07496334115039 48.62976750793298 40.252505281996136
39.16621307572851 48.84358777551327 40.24815744922168
39.166178954752176 48.84361610464582 40.24814466841962
39.166177462176556 48.843616424799464 40.24814439183122
39.16621329825796 48.843609137680104 40.24815090976395
39.1662490982435 48.843602184264654 40.24815732081801
39.16617902255291 48.8436172147361 40.248144335308645
39.16621357810423 48.84363021625397 40.248144464315786
39.166206024260894 48.84363169267047 40.24814310873599
39.16624890954008 48.8436236739993 40.24815069305715
39.16628536479817 48.843616991330734 40.24815709911904
39.16621374633288 48.84363600672046 40.248142704601115
39.16624853168298 48.843644711171805 40.24814418181773
39.16623309833078 48.84364749916121 40.248141482447615
39.16628457583508 48.843638468800634 40.24815040346891
39.16624850821751 48.843657652162555 40.24814020138401
39.16628365965029 48.843659563176345 40.24814381038155
39.16625764652268 48.8436639373937 40.248139360443275
39.16632051843689 48.84365361808514 40.24815003790982
39.16628262814927 48.843680335616625 40.24813730248001
39.166275761034655 48.843681428220606 40.24813614685318
39.16631903428589 48.84367482660047 40.24814334193587
39.166282329769224 48.84368804403181 40.24813489754759
39.16631732003201 48.84369562614904 40.24813674419507
39.16629309112848 48.84369911909532 40.24813277813114
39.166354491625526 48.843690481935255 40.24814276290303
39.16631560417817 48.84371615909716 40.24813022820742
39.166305151744396 48.843717539506805 40.24812855610306
39.16635233840268 48.84371146681275 40.24813605579411
39.166314378107 48.8437316497305 40.248125320530804
39.166350132653434 48.84373209476833 40.24812945212058
39.16631720964847 48.84373595408201 40.24812433554513
39.16634788745037 48.84375245122703 40.24812292718621
39.16632674756222 48.84375467418918 40.2481197202402
39.16638545886092 48.843748613186484 40.24812859214991
39.16634576302538 48.84377243107072 40.24811653242932
39.1663364064502 48.84377330140086 40.24811514793018
39.16638290262447 48.843769024096645 40.248122013347775
39.166344583308884 48.84378530004281 40.248112436098445
39.166380483916235 48.84378903424913 40.24811557414341
39.1663490319285 48.84379155917428 40.24811104332496
39.166378148382535 48.84380865816361 40.24810926358522
39.166361338975605 48.84380980187963 40.248106905336854
39.16641572634892 48.84380609105142 40.248114538690224
39.16637589110259 48.84382780060429 40.24810311035808
39.16637270426374 48.84382798227773 40.24810267407268
39.16641293940974 48.8438256444788 40.24810819590862
39.16637546421078 48.84383167694328 40.24810186793735
39.16641016599319 48.84384479753727 40.24810197780152
39.16638594496022 48.84384588065797 40.248098753377825
39.16640738073872 48.8438635082765 40.24809589423549
39.16639607073746 48.84386386227011 40.248094435241015
39.1664448377112 48.843862197348415 40.2481007687868
39.16640500249598 48.843879776180486 40.24809061010527
39.16644143321719 48.84388101908483 40.24809457717907
39.16640605762361 48.84388169075099 40.24809014759085
39.166438007374865 48.84389945586759 40.24808850134479
39.16641092044923 48.843899707059116 40.24808519049819
39.16643447754786 48.84391767784491 40.2480824791209
39.16641336681574 48.843917672224286 40.248079960648155
39.16647180679361 48.84391747401598 40.24808699813855
39.16643089488055 48.84393566670111 40.24807652224264
39.166414251192464 48.84393552260775 40.24807457960779
39.205997857152624 48.87418994795898 40.24227378260611
39.20598559062141 48.87422116011264 40.242262035466354
39.166413256200954 48.843953191031474 40.24806903013677
39.20600083649374 48.8742316038592 40.24226069139497
39.17414094727668 48.925250056281705 40.222775356845645
39.17412909605403 48.92525106925221 40.22277365801813
39.17417624832093 48.9252468469065 40.2227804826346
39.17413515039065 48.9252618143359 40.22277068371572
39.17412424320038 48.92526267589661 40.222769144337285
39.174170082501455 48.92525875179587 40.22277571728513
39.174129369506055 48.925273446455876 40.22276605537477
39.174118885921374 48.92527418721753 40.22276460557664
39.17416386286004 48.92527061372179 40.222770960446645
39.178551427871 49.01515203255956 40.194751721168124
39.1785447808878 49.01516132402733 40.19474798564929
39.178574403001505 49.015119913058875 40.194764633780444
39.17850689732355 49.01521524996521 40.19472646801556
39.17850036386713 49.015224378333706 40.19472279733046
39.17852876625721 49.01518469010189 40.1947387558309
39.178463003300635 49.01527756914109 40.19470157456657
39.17845661225864 49.01528649250122 40.19469798530811
39.17848400549602 49.01524823271156 40.19471337250386
39.17842005171994 49.01533856094166 40.1946772130992
39.17841347343902 49.01534774091982 40.19467351981383
39.178440057561424 49.01531063007306 40.19468844809474
39.17837762572377 49.01539881191371 40.1946531484436
39.178370845988134 49.015408266340444 40.19464934362082
39.1783963999111 49.015372617969554 40.19466368768729
39.178335537355274 49.01545858442489 40.194629275056606
39.101531609015765 49.02727293316234 40.181829021545695
39.17835330134693 49.01543381621525 40.19463924338621
39.17829398934726 49.01551759538866 40.19460570680037
39.10152841926568 49.02731815960887 40.18181440956198
39.1783102128884 49.01549500026074 40.19461480478175
39.17825247698736 49.01557655408095 40.194582159150244
39.10152455692935 49.02736233035289 40.1818000675177
39.10152944962259 49.027418741241746 40.18178268683432
39.10152065734265 49.02740551015125 40.18178603542988
39.10151756217028 49.027450039850216 40.18177165288188
39.10151902931591 49.027420350746304 40.181781185294895
39.10151604736081 49.02744758023243 40.181772286769416
39.10152707561534 49.02746509376196 40.18176779628102
39.059761828329904 49.14819734667722 40.124920655584035
39.059753260405344 49.148206006487456 40.12491526979471
39.10152471781325 49.02751058335728 40.18175318027313
39.059717481972235 49.14824811590756 40.1248927483457
39.05970433033657 49.14826131193441 40.12488448174629
39.05967388051268 49.14829797024599 40.124865310198416
39.05965743233763 49.148314301797505 40.12485497242628
39.059630539714696 49.148347494836734 40.12483803625006
39.0596114337105 49.14836621808317 40.12482602931273
39.059568824033164 49.14841478615635 40.124799216085975
39.05960445858636 49.148374076865835 40.12482164051842
39.05956495148962 49.148418556107785 40.12479678256385
39.05958800217438 49.14839604069115 40.12481126810299
39.05952764689488 49.14846176393103 40.12477330409798
39.05952064547142 49.14846843605001 40.124768905128505
39.05948752232956 49.14850746856814 40.124748054852816
39.05947684911176 49.148517662445585 40.12474134878927
39.011160603536965 49.246935352796044 40.06783944766953
39.01115179400221 49.24693893949325 40.06783601054496
39.01114329426198 49.24695088320666 40.06782522746792
39.011148884665886 49.24694243145055 40.06783284442861
39.01114107203751 49.24695178119381 40.0678243664003
39.01115289520793 49.24694700106007 40.06782894981143
39.011135860549956 49.246962195553515 40.06781503401487
38.80604650910033 49.48178158772134 39.97373776471453
38.80576540931833 49.48214991128186 39.97357292400589
38.80563924256204 49.48231273637343 39.97349877935061
38.805242394371525 49.4828303867507 39.97326591318912
38.8052910043497 49.482766908182285 39.97329443243163
38.805236692662874 49.48283774189587 39.97326256224991
38.805400451800885 49.482626447634374 39.973358801813916
38.804892274843674 49.48328762509817 39.97306050138282
38.80486156808221 49.483327191294734 39.97304245189466
38.80503870015097 49.483098821329676 39.973146562006704
38.80455398172512 49.48372945011786 39.97286203001799
38.804513766606824 49.4837811897405 39.97283838651236
38.804222512417034 49.48416238326967 39.97266756337275
38.80417806148031 49.48421946572424 39.972641422708705
38.658713584342976 49.706979259645166 39.86191325369061
38.65866404628959 49.707042623848395 39.86188159185487
38.658370294653565 49.70742037925389 39.86168991790705
38.658322088308395 49.70748200935995 39.86165916697018
38.65803250403097 49.707854450448096 39.86147012511603
38.65798424243813 49.70791611379907 39.86143941168327
38.65769767385191 49.70828471776032 39.861252257884274
38.65765144362944 49.70834373285665 39.8612229399283
38.540884390686166 49.854993466103615 39.76273550608583
38.54087239503743 49.85500880544663 39.76273149777439
38.46842186245726 49.96640882969951 39.70897799956708
38.46842206003667 49.96640856977909 39.7089781421219
38.46842182348661 49.966408859137694 39.7089780143616
38.468421786235915 49.96640921581172 39.70897738264834
38.46842174837704 49.966409248789624 39.7089773884112
38.46842204824262 49.966409397959495 39.70897653602459
38.46842208243513 49.96640938493548 39.70897649787154
38.46842269937371 49.96640934253123 39.70897543086872
38.46842272206568 49.96640932986308 39.708975413460344
38.468422866417676 49.96640932584867 39.70897515218867
38.468423515000815 49.966409178668314 39.70897423215581
38.46842762530088 49.96640697886777 39.70897089246197
38.468427554442286 49.96640735512081 39.708970284925414
38.46842735338647 49.96640779367284 39.708969797687615
38.46842782846688 49.96640735080645 39.708969782451675
38.468426739256216 49.96640800591031 39.708970525585215
38.468426729347385 49.96640833520283 39.70896989671769
38.46842897514382 49.966407114568284 39.70896810873227
38.75371942176575 47.83404982242449 40.32411412301493
39.06385662837468 48.341906195001926 40.278872941535624
39.063931314735015 48.342279518958755 40.27886560685972
39.06396709141237 48.34245970629596 40.27886193037212
39.064016571196674 48.34270204908388 40.278857670469925
39.06400810923809 48.342663570281445 40.278858042342875
39.06396752367623 48.342460567141984 40.2788620442068
39.064093075249424 48.34308447977031 40.278850154773096
39.06409243567193 48.34308144782603 40.27885019774275
39.06410261849587 48.3431320807365 40.278849229767594
39.06419155664795 48.34357225023361 40.27884102364257
39.06417185836442 48.34347692910726 40.27884258038326
39.064265412353855 48.34393821617204 40.27883415600508
39.06425961954146 48.343910029934406 40.278834632381106
39.07485658501068 48.629077036885676 40.25253015182071
39.074898492882035 48.62933101469654 40.25252217596827
39.074882337824754 48.629276971824495 40.25252065917257
39.074937970070415 48.62967888928749 40.25250329200299
39.07493216373457 48.62965805356146 40.25250289465191
39.074959316822444 48.62975345137812 40.25250496634388
39.07495627013213 48.629840719361944 40.25249447856414
39.1661474360527 48.84362337214576 40.24813867192654
39.166126903858654 48.84362873926176 40.248134571118214
39.16614867020782 48.84364356079945 40.24813261393584
39.16614363443613 48.843644737353884 40.24813165113124
39.166180311277415 48.843636923332284 40.248138431386245
39.16614908673241 48.84364897965406 40.24813099808394
39.16618086028701 48.84365711772798 40.248132289837926
39.16616434410848 48.84366040732185 40.248129307023326
39.16621419928118 48.843650980593964 40.2481381562008
39.16618134979781 48.84367399427042 40.24812716098497
39.166214097720214 48.8436712090154 40.248131926528956
39.16618455653907 48.843676409878626 40.24812680132787
39.166248511133226 48.84366548506159 40.24813779415808
39.166213632974504 48.843691101628835 40.24812575671637
39.16620135465439 48.84369310796281 40.248123674249165
39.16624777955833 48.84368579238087 40.24813146502456
39.166213549688806 48.84370372295923 40.248121867394325
39.1662468691709 48.84370573227457 40.24812522747884
39.166220336499926 48.843709658496664 40.248120853216385
39.16628173375881 48.843700751850456 40.248130920432814
39.166245773344286 48.84372540608368 40.248119049581
39.16623453314013 48.843726951303125 40.248117232775485
39.166280287771734 48.84372082076423 40.24812457929069
39.166245278997685 48.84373889358888 40.248114844952994
39.16627884122951 48.8437405617557 40.24811833887476
39.16625004258373 48.84374412459097 40.24811380579318
39.16631401189166 48.84373633595402 40.24812383642193
39.1662773529705 48.84376004893706 40.2481121714915
39.16626237978949 48.843761732184575 40.24810986661775
39.16631218271047 48.84375623365943 40.24811750215786
39.16627613209144 48.84377916146134 40.24810615118527
39.16627405655504 48.84377936862268 40.24810583973308
39.16631042422172 48.84377577299908 40.24811128648282
39.16627597942852 48.84378212793849 40.24810522116343
39.16630874490706 48.84379496672581 40.248105186489575
39.16628667711508 48.843796866207214 40.24810196819764
39.16634398555261 48.843791969159966 40.24811031487231
39.16630731915473 48.843813774655146 40.248099235347965
39.16629829149307 48.84381444117634 40.24809795275866
39.166342161536434 48.84381115497513 40.248104200036344
39.16630650912853 48.84382584179356 40.248095429607886
39.166340280978325 48.84382993288473 40.24809820382706
39.166310817409425 48.84383179619516 40.24809411374464
39.16633838155522 48.843848368198046 40.248092310668454
39.166321791609775 48.843849221258495 40.24809006795732
39.16637380295127 48.84384645512904 40.24809712729075
39.16633652423482 48.843866363675524 40.248086557727035
39.16633173153899 48.84386656117387 40.24808592487031
39.166371498198146 48.843864789538024 40.24809121675847
39.166335823947456 48.843873310201445 40.24808433899446
39.16636905918038 48.8438828640339 40.24808537008635
39.166342091026436 48.84388372133814 40.248081887119724
39.16640471536402 48.84388171930353 40.24808997857571
39.16636651900977 48.84390062631864 40.248079607301975
39.16634907537667 48.84390095311939 40.24807742443238
39.166401718996084 48.84389983137119 40.2480840538188
39.166363964780295 48.843918053428375 40.24807394586097
39.1663540270576 48.84391813548301 40.24807273427422
39.16639863620844 48.84391769013461 40.24807819660242
39.166361340471795 48.84393523992584 40.24806835001017
39.16635754166315 48.84393522403509 40.24806790139249
39.166395511988064 48.84393529425033 40.24807241271008
39.166359694868 48.84394604529713 40.24806483234427
39.16639231653241 48.843952642951066 40.248066698819784
39.16636086465605 48.843952020217245 40.24806313550087
39.17410729689418 48.92525273648344 40.222770600065935
39.17408086718033 48.92525474627804 40.22276689650006
39.174102071526576 48.925264114552206 40.222766121826176
39.174078464510686 48.92526568398834 40.22276289080227
39.17409681768765 48.92527539710623 40.222761672919724
39.17407486210961 48.92527664228292 40.22275874108831
39.17853192731478 49.01517928590661 40.194740763385774
39.10153004709142 49.02701936415969 40.181909094020725
39.178488209202065 49.01524135243021 40.19471597038034
39.10152753562848 49.027068049562324 40.18189345232702
39.101532920255146 49.02712421993655 40.1818761945825
39.101524923103526 49.02711580045864 40.18187809665728
39.10153075121805 49.02717222835065 40.18186079967636
39.101521666081325 49.02716275658247 40.1818629310519
39.10151867908887 49.02720987969431 40.181847738332166
39.10151974839425 49.027185974248134 40.181855403091646
39.10151784656265 49.02720894918568 40.181847953432836
39.10152857442091 49.02721973153045 40.18184556387136
39.1015166065567 49.02725634842307 40.18183283972412
39.10151452375859 49.027254013838046 40.18183337996474
39.10152638015837 49.0272668471372 40.18183044901899
39.10151450846078 49.02730259538137 40.18181800884278
39.1015108466593 49.02729821890493 40.18181904470221
39.10152420602428 49.027313054393204 40.18181562345695
39.10151241486562 49.027348167123975 40.18180339200696
39.101506938686775 49.02734134796627 40.1818050278674
39.101522002796656 49.02735910105805 40.181800845930255
39.10151035340222 49.02739275970457 40.18178908800701
39.10150336145277 49.02738349080248 40.18179135453982
39.10151981344889 49.02740436628687 40.181786316947026
39.101508303863696 49.02743658531526 40.18177502778772
39.101499625540065 49.02742451433704 40.18177802021268
39.05971062058874 49.14824990942611 40.12488846222411
39.10149891503637 49.02743205352567 40.181775567389195
39.059706454042654 49.14825418368129 40.12488584280695
39.05973661889758 49.14822309090991 40.12490480757309
39.059669091779085 49.14829740079797 40.1248623283472
39.05966108197313 49.14830556678949 40.12485729302247
39.05969397916235 49.14827185656755 40.12487797457594
39.05962872014553 49.14834348515214 40.124836923114074
39.05961836803846 49.14835396423237 40.12483041570573
39.059652175680505 49.148319604120545 40.124851668152665
39.05958869258232 49.148389149545324 40.124811734541524
39.05957611378709 49.14840177271813 40.124803827996956
39.05961068755455 49.14836696246878 40.124825560331004
39.05954885553378 49.148434592406005 40.124786665878126
39.059533707832784 49.148449647727375 40.124777145382666
39.05950968342766 49.148479224951274 40.124762015921206
39.05949145849805 49.148497262441744 40.12475056175367
39.059451916255185 49.14854227180665 40.124725679114924
39.059485460016305 49.14850400314117 40.12474678756204
39.059447512426836 49.14854661655913 40.12472291142953
39.05947048479173 49.148523896211685 40.1247373492253
39.01114130165245 49.24694351358979 40.06783165080511
39.0111362368213 49.24694574053885 40.06782952960071
39.01115096572267 49.24693928642627 40.06783567883805
39.01113394893909 49.24695475203934 40.06782152497175
39.011126514206246 49.246957896979765 40.067818520396166
38.80578863884342 49.482114576510014 39.9735862339268
38.80592408771544 49.481937699958806 39.973665701311745
38.80577107642351 49.48213724586164 39.9735759132471
38.805962599023616 49.48188992274838 39.97368845595777
38.80543921416471 49.48257091523908 39.97338123028037
38.8053985530328 49.482623361768134 39.97335733303518
38.805602193887154 49.48236054253683 39.97347700642865
38.805098663866616 49.483015694255414 39.97318143504716
38.80504474943609 49.48308518387843 39.97314974532167
38.804765221392366 49.48345121552251 39.97298581148186
38.804714504593946 49.48351644732378 39.9729559925574
38.804445810953254 49.48386844254337 39.97279842234701
38.804403387956576 49.483922869475876 39.97277347100131
38.80413155635544 49.484278947800455 39.97261405882868
38.80410101511361 49.48431790729329 39.97259608155323
38.658631877333384 49.70708376791763 39.86186103774284
38.65860768395257 49.70711471935394 39.86184556376185
38.65830995074463 49.707497499038006 39.861651478419894
38.6582995872979 49.707510731163865 39.86164490097021
38.65798762544369 49.70791172950851 39.861441684972675
38.657994190783924 49.70790327238044 39.86144599671587
38.657665315317914 49.70832592581286 39.86123192993528
38.65769482550719 49.708288072283246 39.86125099932319
38.54087454145673 49.85500602355843 39.76273226618345
38.54088546315396 49.85499188052785 39.76273615938079
38.46842400868572 49.966407598012694 39.708976418966586
38.46842449315622 49.966407634127414 39.70897544461055
38.468425976097706 49.96640705318872 39.70897382151517
38.46842624311023 49.96640722019772 39.708972995318206
38.46842648528442 49.96640723624489 39.70897251220576
38.46842892069263 49.966405898891324 39.70897060011758
38.4684291306588 49.96640607344253 39.708969865464155
38.46842985975611 49.96640548418574 39.708969664363416
38.46842781231715 49.96640672129455 39.708971050098896
38.46842749524675 49.966407395206154 39.70897031650106
39.064008105555814 48.34266340278349 40.27885806063038
39.06409075307737 48.343070733822564 40.278850639937914
39.06413142855767 48.34327502622999 40.278846528270456
39.064165163316375 48.34344019845609 40.27884363045221
39.0641559081126 48.34339737575966 40.27884412577305
39.06412338711723 48.34323450238692 40.278847357458105
39.06420157478699 48.34362151715532 40.27884013710364
39.06423957464383 48.343810824242816 40.278836481903966
39.074875367433286 48.629248049311876 40.252520591405734
39.07486944139073 48.629227976836916 40.25252006100373
39.07491445524336 48.62958847056397 40.25250231472
39.07491410428235 48.62958713947742 40.252502298205684
39.0749158476293 48.62960073513912 40.252501649213244
39.16612026567242 48.843631240277034 40.248133009921844
39.07495942123079 48.62994731129397 40.25248472021059
39.16612221322494 48.84365088721818 40.248127203601065
39.1661146688309 48.84365319688989 40.248125593034246
39.166123100140354 48.84366792176736 40.24812207362425
39.166150473201064 48.843663458675564 40.24812671322847
39.16612411038189 48.84366971649772 40.248121642586206
39.166150929958604 48.843682760592465 40.248120834985556
39.16613284945437 48.84368648883909 40.24811753059433
39.16618147786072 48.84367698160038 40.24812625806673
39.166150711760764 48.84370174237271 40.248114974565866
39.16614189910593 48.843703376807845 40.24811342013936
39.16618143045743 48.843696457040785 40.2481202663017
39.16615083218042 48.843715526305864 40.248110752216554
39.16618111424828 48.843715586401565 40.24811434882002
39.16615418703153 48.843719909163724 40.248109805573364
39.16621351159428 48.843710687687775 40.24811972211948
39.16618056554936 48.84373447598017 40.24810847728481
39.16616531198165 48.8437367197701 40.24810596664628
39.1662128052858 48.843729961054095 40.24811371380518
39.16618018509368 48.84375306571752 40.24810271799578
39.166177359792684 48.843753443929465 40.248102264461345
39.16621208206222 48.843748917858775 40.24810780077214
39.166245060798445 48.843744748383315 40.24811301933426
39.16618019347657 48.84375646445717 40.2481016743364
39.16621127609397 48.84376763532938 40.24810195142441
39.16619276204329 48.843769852510604 40.24809905972789
39.16624409463897 48.843763817594805 40.24810704274938
39.166210829721685 48.84378598764673 40.2480962572413
39.16620618715856 48.8437864888724 40.24809554895167
39.166243094978284 48.84378254913445 40.24810116595428
39.16621085812032 48.8437909554622 40.24809473368941
39.16624224604204 48.84380094141672 40.24809541142917
39.16622273759837 48.84380277873641 40.24809251777883
39.16627512364341 48.84379788998127 40.2481002742693
39.16624155783805 48.84381899921879 40.248089778900415
39.16623534481175 48.843819509146925 40.24808888045397
39.16627399596499 48.843816323418615 40.24809447381821
39.166241365632295 48.84382682331135 40.24808735108769
39.16627280808428 48.84383439202701 40.24808877831653
39.16624892575652 48.84383604042125 40.24808542058109
39.16630607379799 48.84383209828252 40.248093454600394
39.16627164315628 48.84385214119884 40.24808318373917
39.16625909397926 48.843852861374955 40.24808146425943
39.166304654414915 48.84385013404852 40.24808774155661
39.166270495872666 48.84386950350249 40.24807771017868
39.16626845355051 48.84386959966889 40.248077436807776
39.166303033990275 48.843867866985505 40.24808209759209
39.16627019399293 48.84387342992525 40.24807646728781
39.16630124722545 48.843885381421046 40.24807650093
39.166276014099466 48.84388638671119 40.248073179605115
39.16633469941961 48.84388398296791 40.248080924292964
39.166299305352155 48.84390264026074 40.248070964312745
39.16628082265551 48.84390321059138 40.24806858254665
39.16633257281632 48.84390141120989 40.24807531355397
39.16629749019265 48.84391950430477 40.248065564169714
39.166286499634026 48.84391974362035 40.248064178558536
39.16633026031103 48.84391865313312 40.24806973789021
39.16629554005224 48.84393618535407 40.24806020415918
39.1662902713897 48.84393625221627 40.248059554634736
39.16632799579013 48.843935571775866 40.248064267320565
39.1662943026998 48.84394789456233 40.24805645742076
39.16632561361602 48.84395225687716 40.24805885448838
39.166295800643056 48.843952326010196 40.24805527416485
39.166358762711305 48.84395201772313 40.24806288533719
39.16632330645507 48.84396859668554 40.24805355674288
39.12889240441059 48.88607092735829 40.229416375641165
39.17407511792214 48.925255253890384 40.22276606683907
39.17403874942424 48.92526920633552 40.22275715421747
39.17401861955833 48.92527093587886 40.222754265619805
39.17407034359873 48.92526635157374 40.222761735754816
39.17403441302859 48.925279937759015 40.222752998086634
39.101513093247135 49.02695990815231 40.181926289480025
39.1740655651189 48.92527733140347 40.22275744440112
39.10151689132114 49.02701124235539 40.18191041065719
39.1015113834673 49.02700778312136 40.18191098052748
39.10152701201774 49.02701723180397 40.181909479595596
39.101514967754675 49.027059177089285 40.181895062437704
39.10150928780702 49.027055057197 40.18189582493062
39.10152495582218 49.027066026682434 40.181893846623076
39.10151300926157 49.02710678658584 40.18187981378692
39.101506438629066 49.02710155622813 40.18188084277462
39.10152290902005 49.027114014817926 40.18187846977307
39.101511054105636 49.02715376298144 40.181864765747065
39.10150362907107 49.027147199009576 40.18186613528202
39.10152081435216 49.02716196616368 40.18186310000384
39.10150907604063 49.02720044546915 40.18184980850872
39.10150035741517 49.027192112178085 40.181851614609556
39.10149783983117 49.02723766704901 40.181836962734245
39.101499243096825 49.027204393185016 40.18184762316866
39.10149641169555 49.02723609631406 40.181837323661426
39.10150708582965 49.02724663689196 40.1818350054711
39.101495962658745 49.0272826455298 40.18182255419799
39.101492969923456 49.02727915089846 40.18182337478579
39.10150512329453 49.0272919854775 40.18182047171618
39.101494076418014 49.027327122092885 40.181808303589065
39.101489134920634 49.0273211888796 40.18180971008329
39.10150315079143 49.027336834446444 40.18180609507491
39.101492232913365 49.0273706506804 40.18179435695948
39.10148543584503 49.02736230019164 40.181796351494185
39.10150121038349 49.0273807776369 40.18179200804978
39.10149042516529 49.02741318828703 40.181780727250086
39.10148221736431 49.02740228916211 40.18178339374633
39.1014992735168 49.02742407215638 40.18177812658091
39.05965942147854 49.148302855029414 40.12485627223801
39.10148159626163 49.027408873088575 40.18178125165143
39.05965473245289 49.14830767843925 40.12485332428029
39.05968496692138 49.14827640899725 40.12487233336245
39.059619763223985 49.148348222140406 40.12483131541441
39.05961154730328 49.14835662905956 40.124826150355325
39.05964482928201 49.14832228251046 40.12484707508338
39.05958158329568 49.14839179943126 40.124807289414264
39.05957111031936 49.14840250583279 40.12480070547667
39.05960560373629 49.14836705449831 40.12482239108678
39.05954391890495 49.14843475206807 40.124783588023256
39.05953173296627 49.148447148993675 40.124775927532966
39.05956705468708 49.148411004548244 40.12479813305925
39.05950683626498 49.14847701181188 40.12476025286986
39.05949330636696 49.14849066977298 40.12475174807796
39.05952884559321 49.148454554469126 40.12477408902349
39.05947010186971 49.14851885102297 40.12473713698193
39.059455513587665 49.14853342007589 40.124727967721995
39.05949071735531 49.148498005161905 40.124750095905426
39.01113906688861 49.24693664621226 40.06783762437358
39.01113079539144 49.2469404732245 40.06783399283382
39.011123065328135 49.24695152570401 40.06782401869109
39.0111247458787 49.24694888824696 40.06782639360682
39.01112273937028 49.24695166973447 40.06782388155117
39.01113197963542 49.24694760490877 40.067827753218715
38.80599408561437 49.4818438706793 39.97370661442888
38.805972113023635 49.48187220641401 39.97369370041041
39.0111248819869 49.246958554727044 40.067817889547875
38.80565457889806 49.482287292736515 39.97350743183167
38.80562741909681 49.48232225410795 39.97349146505333
38.80532125578356 49.48272266492063 39.97331187872676
38.8052957826024 49.48275535542573 39.973296897123205
38.8049953039276 49.48314843211672 39.97312065164
38.80497644263113 49.483172476285084 39.973109548430166
38.80468677864426 49.48355148392769 39.97293965128874
38.80467425694822 49.48356733083324 39.9729322726854
38.80438776691812 49.483942126339606 39.97276423339625
38.80438366784504 49.483947100275174 39.97276180433304
38.8041108003721 49.484304012950815 39.972601751374775
38.804111364126975 49.484303119007315 39.97260207207094
38.80395860417718 49.48450289137743 39.972512466827446
38.65865369951239 49.70705582935082 39.86187503537462
38.65838594431527 49.70740017540683 39.861700282831315
38.65813218047989 49.70772660502209 39.86153451179753
38.65789761996732 49.70802844202454 39.861381072025935
38.657679228795125 49.708309576698966 39.861238005861765
38.540887939477216 49.85499019450317 39.762734947929815
38.46842924961432 49.966404779308824 39.70897218774485
38.46842781804375 49.966405952577745 39.708972550612486
38.46842948342919 49.966404798444174 39.70897171414856
38.46843171069158 49.9664035855176 39.70896994556953
38.46843176690716 49.96640344451879 39.708970117932395
38.46842790576211 49.96640622639367 39.70897184876548
38.46842851385379 49.96640569921796 39.708971751252975
38.46842729267849 49.96640642995179 39.70897259177387
38.46842686821548 49.966407006581804 39.70897224966609
38.46842900790107 49.96640584651965 39.70897054046139
39.0641558578997 48.34339706461235 40.27884413793697
39.06420145511456 48.34362081161889 40.278840161762986
39.06423963989395 48.34381014319731 40.27883659659565
39.07486092210053 48.629193116319826 40.25251992700217
39.07487895031869 48.62935620539741 40.25251086106133
39.07490101266973 48.6295314517663 40.252502313934194
39.07488485085193 48.62937907703078 40.25251108713077
39.07494770015029 48.629889658910145 40.2524855501899
39.07494484244558 48.629880470240906 40.252485243035494
39.16610305023488 48.84365900867663 40.24812241965466
39.16610253841108 48.843659158025055 40.24812231264835
39.166102806466334 48.84366199851877 40.248121471575004
39.166123387001136 48.84366999850705 40.24812146954864
39.16610320567122 48.84367634861422 40.248117108487534
39.166124638390244 48.84368880421435 40.2481158386873
39.1661113341506 48.84369255922906 40.24811309625916
39.166125524220504 48.84370729048399 40.2481102623701
39.16611810894721 48.84370910881151 40.24810881824065
39.16612587945022 48.84372542175069 40.248104731825926
39.16612398675293 48.84372582746171 40.24810438117348
39.166151159610976 48.843720477073575 40.24810926960303
39.166126023977675 48.843731137019944 40.24810299239495
39.16615159426138 48.843738939720176 40.24810364668489
39.166130347010935 48.84374256736568 40.248099995168786
39.166151830978066 48.843757065693126 40.248098103619746
39.16613712781712 48.843759251050614 40.24809567664902
39.16615186576256 48.8437749484043 40.24809261121856
39.166144372979815 48.843775922615464 40.24809141728948
39.166180668798724 48.84377133635567 40.248097159950824
39.166152138875326 48.84378936539334 40.24808821251734
39.16618053978334 48.84378929324224 40.24809162519613
39.166153890228784 48.84379228466561 40.2480875243063
39.16618042661068 48.84380693847207 40.24808618812572
39.166163663323914 48.84380859974095 40.24808367630454
39.16621095205282 48.84380390885936 40.24809076345734
39.16618012539948 48.84382434907836 40.24808080072276
39.16617239624315 48.84382502434955 40.24807967045964
39.1662104680219 48.843821632822035 40.248085257913985
39.16618000529434 48.84383716832994 40.24807684617079
39.16620974691685 48.84383907271735 40.24807981138161
39.16618263359748 48.8438411858406 40.2480759250879
39.166241053075375 48.84383661755452 40.24808430334833
39.1662088760164 48.84385629956824 40.248074412449455
39.166191006219336 48.84385749202795 40.248071912629456
39.16624003531542 48.8438540937278 40.248078810250625
39.16620811813736 48.84387316649895 40.24806913763736
39.16619912277586 48.84387367699395 40.248067906861344
39.1662389047148 48.84387127449133 40.248073394481175
39.16620733874784 48.843889777652194 40.24806393887487
39.166206964499665 48.84388978377997 40.248063892313624
39.1662376227789 48.84388825817484 40.248068021221194
39.16626911580497 48.84388667199319 40.24807226840011
39.16620734609671 48.84389043741588 40.248063736962635
39.16623652900092 48.84390482608762 40.248062798217674
39.16621592032709 48.84390559481231 40.24806010167255
39.166267487713284 48.84390363348568 40.24806686063681
39.16623545311403 48.84392108082128 40.24805767361091
39.166223395231526 48.84392137275533 40.24805614440937
39.16626605791034 48.84392017781627 40.248061604766995
39.16623458697606 48.84393693181828 40.24805269813926
39.166231161541916 48.84393696263917 40.24805227973742
39.16626455250036 48.84393649372563 40.24805641008035
39.12887058763774 48.88599607691168 40.22943821738067
39.12888013835856 48.886024516756066 40.229430042573924
39.12887284912377 48.886019027406896 40.229431084705524
39.16629385726461 48.84395231334299 40.248055046057715
39.12888141972478 48.88606228199251 40.22941806566419
39.12887583886898 48.88605745019849 40.22941906512756
39.12889046520246 48.88606927401101 40.2294167147317
39.12888270291524 48.88609917066789 40.22940636985335
39.128878514275826 48.88609520919299 40.22940722735912
39.12889164476548 48.88610699222869 40.229404742875445
39.10149942043064 49.026952491386226 40.181927333825506
39.101496051118275 49.026950315628454 40.181927701301326
39.10150896692619 49.0269574356697 40.18192667873901
39.101497826181394 49.02699872580604 40.18191255489309
39.101495222505456 49.02699664482059 40.18191296529876
39.101507192232546 49.02700489812764 40.181911494110125
39.10149621131095 49.02704451120594 40.18189791605259
39.10149407421275 49.02704243097798 40.181898370651595
39.101505414702515 49.027051812365066 40.18189648265077
39.10149458623991 49.02708966398709 40.18188347638126
39.101492741431485 49.027087427417285 40.181884008277116
39.1015035684585 49.027098647019045 40.18188148982535
39.101492944308546 49.0271343241006 40.18186919096876
39.10149114963413 49.02713169467515 40.18186985192607
39.10150172246813 49.02714490728389 40.18186667874265
39.10149123628642 49.02717899684099 40.18185489526759
39.101489072697404 49.027175308752675 40.18185585602002
39.10149980501945 49.027191340438804 40.181851806157916
39.10148941113078 49.027224082615945 40.181840457740506
39.10148617169755 49.027218086427084 40.18184204624861
39.101487518512464 49.027269351579335 40.18182595583382
39.101482868783556 49.0272600949632 40.181828441533284
39.10148557125278 49.02731462731293 40.18181144658166
39.10147898261481 49.02730114712837 40.18181508383919
39.10147581772105 49.02734423127369 40.181801151979
39.10147689666673 49.02731995622759 40.18180893458627
39.10147444318326 49.0273413602878 40.1818019293687
39.1014836692753 49.027359087755876 40.18179719957399
39.101473945798816 49.0273879699629 40.181787136173625
39.101470269560906 49.02738047387601 40.18178915760443
39.10148189989981 49.02740172268051 40.18178354273056
39.0596370627929 49.14832551652276 40.12484221725906
39.05962225140235 49.14834030622827 40.124832907778746
39.059598036113044 49.14837019720051 40.124817657694656
39.059579649140886 49.148388573565846 40.12480610074997
39.05954060184855 49.14843301248474 40.12478152960439
39.05955617671654 49.148415193770376 40.124791330832814
39.05953953735654 49.148434052060374 40.12478086065606
39.05956017243255 49.14841347114874 40.12479383040219
39.05950536850558 49.14847318611979 40.12475935805416
39.05950402948704 49.1484744697014 40.12475851671405
39.05952339809369 49.148455424924904 40.124770689017026
39.05947131731516 49.148511948827206 40.12473793073612
39.05947021530993 49.148512969273526 40.1247372385059
39.0594875759176 49.14849623972498 40.12474814708577
39.05943918642665 49.14854841291417 40.12471771239228
39.05943908841731 49.14854848748751 40.12471765091199
39.059452284814164 49.14853641617877 40.12472593951847
39.05943539124438 49.14855270975494 40.12471532432917
39.01112991367812 49.246940838264955 40.0678336434897
39.01112271372358 49.24694379151549 40.06783081510426
39.011117254310754 49.24695340730946 40.067822177728644
38.80594330555423 49.48190854672879 39.9736767176951
38.80563781596766 49.48230774637406 39.97349750551718
38.80533444499822 49.48270416271886 39.973319535260394
38.80502996972565 49.48310195599737 39.973140912961185
38.804739637676114 49.4834813845669 39.97297059508997
38.80449738749458 49.48379845447043 39.97282851404923
38.80427927577915 49.48408418256835 39.972700606407315
38.803975010628875 49.48448172896627 39.97252210913974
38.803992947768684 49.48445825327708 39.972532629457916
38.65865679844502 49.70705270657169 39.861875379508646
38.658626787328785 49.70709192763345 39.86185457578608
38.65832853838045 49.70747526121069 39.8616603666574
38.658078472034575 49.70779692010072 39.86149703912645
38.65822194674622 49.70761248610377 39.8615905206839
38.658132444117385 49.70772705402222 39.86153315050372
38.65776658204198 49.70819772645386 39.86129406377726
38.54088920414995 49.85498855914332 39.762735395538044
38.46842919591863 49.96640481466652 39.70897221835922
38.46842952481191 49.966404773822354 39.70897168538811
39.074900939923154 48.62953099634161 40.25250232930253
39.07494232755098 48.629868760311794 40.25248535202448
39.16609795770293 48.84366373482885 40.24812035904508
39.16609201878482 48.843673139650036 40.24811675932585
39.16611057692219 48.84367821660365 40.248117414309725
39.166096152375694 48.84368092013821 40.24811486132951
39.16610031079286 48.84366958174492 40.24811884280854
39.16610961931897 48.84369571628622 40.248111921167556
39.16610452321623 48.84369653795521 40.24811106024068
39.1661087502428 48.84370440529226 40.24810914670421
39.1661082427161 48.84371295607145 40.24810645788902
39.16611366963941 48.843729170821874 40.24810212187761
39.166128725398394 48.8437433133411 40.24809957229242
39.16612324532525 48.843744925708364 40.24809842249264
39.1661313088782 48.843760716197224 40.24809453164618
39.16612949086367 48.843761129846555 40.2480941874694
39.16613210650699 48.843771753625674 40.24809123432682
39.1661333521711 48.84377767092224 40.24808956425308
39.16615251482858 48.84379243548601 40.24808731375374
39.16613735010804 48.84379413575102 40.24808498078338
39.1661537564257 48.843809482441166 40.24808222230566
39.16614038314595 48.84381066306078 40.248080262919395
39.166153848828074 48.84382642166846 40.248077026778624
39.16614257703441 48.84382724270077 40.24807542879312
39.16615330367598 48.84384319881569 40.24807180495834
39.16614375126466 48.84384380148665 40.248070479349856
39.16618006018681 48.84384136536268 40.24807556269485
39.166152575621815 48.84385982069497 40.248066609027454
39.16614556379774 48.843860199917 40.24806565539521
39.166179771582065 48.84385816691019 40.24807036400138
39.166151897449396 48.84387616609533 40.24806150403191
39.166148517158156 48.84387631067797 40.248061056052634
39.16617927161721 48.84387471440848 40.24806521816204
39.16615186411996 48.8438849349116 40.248058804809034
39.16617867365788 48.843891050169105 40.24806012570528
39.16615467876938 48.84389198073451 40.24805697516918
39.16617840339812 48.84390693463442 40.24805521108255
39.16616117688772 48.843907439247076 40.24805299947958
39.16620690117614 48.84390589833846 40.24805893167193
39.128851677179036 48.88593368850813 40.22945635120989
39.12884890472817 48.88593200438861 40.22945661819075
39.166206353918376 48.84392175323492 40.248053993069654
39.12885338199782 48.885970190443494 40.22944482081944
39.12885329713914 48.88597009757015 40.229444842235296
39.12886151117649 48.8859754190906 40.22944394486818
39.1288534476517 48.88597135917338 40.22944445272482
39.1288630988545 48.88601179864885 40.22943244217312
39.128857995772755 48.88600774532491 40.2294332391549
39.12887146712831 48.886017929434956 40.229431300626565
39.12886471910904 48.88604723830858 40.22942124390058
39.12886245012638 48.88604504174237 40.22942172463932
39.12887289688591 48.886054583254634 40.22941969450082
39.12886604441376 48.88607327219087 40.22941303096629
39.12887431701937 48.88609037491801 40.22940836373129
39.128867105054496 48.886081826814305 40.22941039373109
39.101490681037774 49.02694513076268 40.18192883022736
39.10148567677555 49.02694028739347 40.181929885952165
39.10148952318898 49.026988432512326 40.18191502065825
39.10148699427195 49.02698492690428 40.18191588888891
39.1014883862273 49.02703077157189 40.18190151764298
39.10148762849004 49.02702919823117 40.18190194323769
39.1014879686189 49.0270488634815 40.18189575416494
39.10148836479834 49.02707273424614 40.18188823993815
39.101487734089005 49.027115805809636 40.18187455339303
39.10148646490272 49.02715831373999 40.1818609843604
39.10148411832659 49.027200084833595 40.18184754583802
39.101481008061064 49.02724353448711 40.181833503544915
39.101481690677105 49.02722984635782 40.18183789904314
39.10148074421073 49.027241207859234 40.181834214489555
39.10147831964879 49.027294647470725 40.18181707699013
39.10147691457945 49.02728140639911 40.1818211322397
39.1014727543617 49.02732078768571 40.18180827706065
39.1014688712879 49.027359129171 40.18179577723475
39.05962426391385 49.148336692148646 40.1248341811196
39.10146778777343 49.027370171324506 40.181792180661425
39.05962579795624 49.14833399170868 40.12483515144211
39.05958030310458 49.148387441374545 40.12480651429977
39.059584141397295 49.148381206298694 40.124808939388764
39.05954600983361 49.14842451747414 40.124784944928706
39.05951025063699 49.148465184791945 40.124762443025475
39.059476218467466 49.148503900655214 40.12474102780865
39.05944410804026 49.14854046480476 40.124720821694154
39.01112250332625 49.24694370377564 40.06783088564205
39.059414463249674 49.14857428515295 40.124702166795366
39.01111724624278 49.246952865616905 40.06782265426715
39.01111525867279 49.246953356378214 40.067822159099364
38.806008761796086 49.48182287980491 39.97371510849692
38.806005807908 49.481826659695045 39.973713370523214
38.80569687071704 49.482230287306564 39.97353213092377
38.80569098519351 49.48223786896534 39.97352867127901
38.80538881331754 49.48263269997075 39.97335140328331
38.80537426893898 49.48265149777927 39.9733428577136
38.80508606602266 49.4830281889008 39.973173791731654
38.80497569984256 49.48317111678254 39.973108964140835
38.804936257583435 49.483223893474594 39.97308590451583
38.80486537383658 49.483315674067654 39.97304426733439
38.80484679550527 49.48334145809369 39.97303346460581
38.804927193917635 49.48323609350318 39.97308061011105
38.80461406059446 49.48364628669804 39.97289697788772
38.80427803660166 49.48408572593968 39.97269987461695
38.80398924788807 49.484463018477825 39.97253045452393
38.65865845986461 49.707050580396114 39.86187644343643
38.658628117682426 49.70709022499436 39.86185542798057
38.658329552162506 49.70747396356336 39.86166101639221
39.16609627125731 48.84368093691833 40.24811487036395
39.1661021391716 48.84369697328673 40.248110641826784
39.16610928227478 48.843704453663996 40.24810919535035
39.16611471937795 48.84371329193644 40.24810712783949
39.16612215255656 48.843729742721024 40.248102958785836
39.16612630030421 48.84373770384633 40.24810100695766
39.16613052615024 48.84374543043591 40.24809913654138
39.166123203618966 48.843737390732244 40.248100733516125
39.166128366231334 48.84376223251237 40.248093714287734
39.16614045651391 48.84377718326667 40.248090562259094
39.166126298569935 48.84377901175742 40.24808831006542
39.16613970578582 48.843793834393956 40.2480853546315
39.16613486824648 48.84379441536804 40.24808459855359
39.16613795910456 48.843810460997375 40.2480800356448
39.16613600895967 48.84381067646784 40.248079736607906
39.166135758799186 48.843827103490526 40.248074657620464
39.16613250089868 48.84382741915659 40.248074171666815
39.16613376329816 48.84384359006382 40.24806935197026
39.166130342909426 48.84384385457896 40.248068862340865
39.16613221753563 48.84385988558478 40.248064158733044
39.16613000411665 48.84385998990054 40.24806386243175
39.166131336096285 48.8438758053675 40.248059160292264
39.1661310344275 48.84387581077469 40.248059122617036
39.16613133445785 48.84387711807818 40.248058756612835
39.166152391753016 48.843891863863234 40.24805673806739
39.16613450488414 48.84389126391989 40.24805478713477
39.166153611367065 48.84390690232634 40.248052261338984
39.128839574880985 48.88588680130219 40.229470186993716
39.128844933066574 48.88592622795947 40.229458078696815
39.12884345206706 48.88592403060863 40.22945863720607
39.12884661672106 48.88595183234342 40.22945003866093
39.128847640452825 48.88596101148322 40.229447197650366
39.128855561342725 48.886003884873375 40.22943423685785
39.128851863870125 48.885997568209554 40.229435897471554
39.12885775271078 48.88603634287012 40.22942405032994
39.12885645565554 48.88603382887143 40.229424728413974
39.12885890673921 48.886051819740885 40.229419203846824
39.12886653266491 48.886080645633015 40.229410715965216
39.12886131608521 48.88606963261779 40.22941373221653
39.10148294533967 49.02693504306208 40.181931284973736
39.101480272120675 49.026929986074094 40.18193263026987
39.10148260888589 49.02697343156413 40.181919108023706
39.10148251322335 49.02697325841521 40.18191915369247
39.10148258011464 49.02697520922556 40.18191854288787
39.10148383903057 49.02701627895996 40.181905669610366
39.10148773956139 49.02706874137479 40.18188944361412
39.10148497846941 49.027058676439886 40.18189236489811
39.10148724276938 49.027104414480306 40.181878110460474
39.101486503602146 49.02710040691022 40.181879307936896
39.10148626807179 49.02714255736919 40.18186595043369
39.1014861264838 49.02714184730834 40.18186616159085
39.10148478359151 49.02718381374744 40.1818527568498
39.101484609953104 49.02718263049398 40.18185311465791
39.10148277380259 49.02722275864531 40.18184024451925
39.10147761794476 49.02726231399498 40.18182723945568
39.101476306115266 49.027300744025396 40.18181495648076
39.101471714303955 49.0273384740148 40.18180258261859
39.10147001652601 49.027356994744025 40.18179656156291
39.1014650700309 49.02737534025404 40.18179028656035
39.059599747341835 49.148361899580024 40.124818767783424
39.05956571970811 49.148400752193105 40.12479735467731
39.05953228847559 49.14843888689667 40.12477631707154
39.059499599729705 49.148476138356266 40.12475574688792
39.05946753297365 49.14851264520819 40.12473556829401
39.05943005155051 49.148555072078565 40.124711983702014
39.059446921139795 49.14853581205931 40.12472259948628
39.05944066563772 49.14854359996863 40.1247186596063
39.01111792784621 49.2469509990324 40.067824318899525
38.80603483152442 49.48178879642889 39.973730400960285
38.80568667521663 49.48224341593007 39.973526137451714
38.805362825839396 49.48266630146807 39.97333613520428
38.80497681187191 49.483169667281764 39.97310961673341
39.16613061238986 48.84374543067637 40.24809914676276
39.16612847408051 48.843762228396585 40.24809372842783
39.16612642805092 48.843779001581524 40.248088328650596
39.16613254248385 48.84379469567413 40.2480842347471
39.16613519005904 48.843810736602194 40.2480796203642
39.16613617959071 48.84382661826273 40.24807485699754
39.16613732306025 48.843842138043144 40.24807022323797
39.166126939941165 48.84385865884917 40.248063905751465
39.16612245194038 48.84386682596029 40.24806085967394
39.16612676522076 48.84387410639605 40.24805913682851
39.166127360174265 48.84386707135419 40.248061370193206
39.166139534149096 48.84388838268961 40.24805627312355
39.16612537518538 48.84388962793331 40.24805420007898
39.1661396909686 48.84389577432745 40.248054019899755
39.16615410144088 48.84390194956633 40.2480538421586
39.128844041821914 48.88591648377785 40.22946111382506
39.128849264370224 48.885953573887335 40.22944974099919
39.12884738943809 48.88595252663124 40.22944989217347
39.12885017462449 48.88597043002852 40.229444428507186
39.12885512719427 48.88598825933343 40.229439201805626
39.12885628770073 48.886023531047 40.22942801212788
39.1288616961716 48.88605910980208 40.22941714194981
39.12886036627228 48.88605842029044 40.22941723209295
39.12886240219965 48.886075740803534 40.22941188151931
39.10148157670744 49.02691887305086 40.181936270317216
39.101480197332705 49.026961835912665 40.181922546865216
39.101483376480076 49.02700401609214 40.18190950514478
39.101478832949326 49.027004287697835 40.18190898652938
39.101482783641096 49.02702438158155 40.18190300569046
39.10148669956043 49.027044480823896 40.18189701984478
39.101488014629034 49.02708863232061 40.181883176942556
39.10148622812361 49.027058334988816 40.181892591929085
39.10148649191913 49.02707008293291 40.18188890037249
39.10148696779089 49.02713393844794 40.18186874382342
39.10148443096936 49.02718178466384 40.18185336520694
39.10148226943467 49.02722239169631 40.181840312578515
39.10147764056222 49.02726212931353 40.18182730003696
39.101476324354735 49.02730059025852 40.18181500686471
39.10147239976691 49.02733819882235 40.18180273495855
39.101470035659915 49.02735683319937 40.18179661449269
39.10146508993611 49.0273751764677 40.18179034027278
39.05959989427845 49.14836172185946 40.12481886030068
39.059565871286985 49.14840056929875 40.12479745011521
39.059532444450966 49.148438699117214 40.124776415275385
39.0594997598396 49.14847594599769 40.124755847692825
39.05946769697479 49.14851244855507 40.12473567154684
39.166126827491944 48.84387408753204 40.24805915006062
39.16612543732588 48.84388960685256 40.24805421397685
39.16613975096322 48.84389575234506 40.248054033818576
39.166154159265105 48.84390192668272 40.24805385609531
39.128844058240524 48.88591644028179 40.22946112937984
39.12884669399453 48.88595244320731 40.229449850493765
39.12885018998734 48.88597037890654 40.229444446402056
39.12885514179473 48.88598820563725 40.22943922045046
39.128856302009815 48.8860234725889 40.229428032270164
39.12885967122711 48.886058265795896 40.22941721322908
39.128862415456844 48.88607567531682 40.229411903810615
39.12886734939285 48.88609313810882 40.22940679273562
39.10148021089728 49.02696176486735 40.18192257063348
39.10147884663131 49.027004210973075 40.18190901210563
39.10148279674027 49.02702430207328 40.1819030320918
39.10148671208216 49.02704439855792 40.18189704706359
