ply
format ascii 1.0
element vertex 7082
property float x
property float y
property float z
end_header
57.83121837015619 28.566429685656324 49.253281237761286
57.83133733651665 28.566511203506614 49.253250638617274
57.83146907741293 28.566601325282605 49.25321674535678
57.855935671945865 28.579573700719145 49.24513053172525
57.83149697726181 28.566620381136744 49.25320956581847
57.85594988394274 28.57958506539563 49.245127963263315
57.85601944086349 28.579641530729752 49.24511549232186
57.85600948791124 28.57963406805164 49.24511734971202
57.855983547600054 28.5796141031079 49.24512212975224
57.85596066094981 28.57959412362236 49.245126067629045
57.85600860311236 28.57963465647497 49.24511766276903
57.855989616358784 28.579618095612624 49.24512093129699
57.856008751378155 28.57963350845752 49.245117486293594
57.069921509894776 27.90718112886349 49.06589384782238
57.069947385895055 27.907526625861536 49.06605682141175
57.06997484474481 27.90789249862875 49.066229467436195
57.04497390269476 28.05385902463285 49.08797923208143
57.04499722237901 28.053834095418978 49.08800017960016
57.04501145507106 28.05383028378263 49.08801763589299
57.13945452697002 28.02574541068983 49.16817426889942
57.1394088597129 28.02574939618631 49.168140983314515
57.04501884453265 28.05382625842399 49.08802586070661
57.13920927923232 28.02576043405616 49.16799315897488
57.13928272842333 28.0257584398356 49.16804832452155
57.13936475257505 28.025753326877805 49.16810886489419
57.61162329955083 28.38952154886684 49.30848034856329
57.699452269067166 28.461119613203504 49.285237937210546
57.80730190379704 28.54839234971457 49.257753772141726
57.699645230183705 28.461272387905662 49.28518570228661
57.80731170859146 28.54839940417375 49.25775122137663
57.80737181302035 28.54844463424169 49.25773632334841
57.80739500942059 28.54846123958449 49.257730257356656
57.8074785968764 28.548523256175418 49.25770920945472
57.94319330494159 28.58535664019127 49.22471793399974
57.83114269390074 28.566377056057444 49.25330065876862
57.94303786938447 28.585386554859152 49.22475738791432
57.94304548820344 28.58538508545814 49.22475545268637
57.94294253132068 28.58540489867922 49.224781585357675
57.83127332556512 28.566466504861474 49.25326705570766
57.83126311047042 28.56645947330417 49.25326968131706
57.83127793609356 28.56646960941997 49.253265866768686
57.855984183509605 28.579609535607368 49.245121414961645
57.85597630938134 28.579602691737072 49.245122773335396
57.85597581412053 28.579602551060276 49.245122893019015
57.8313752199675 28.566536624660145 49.25324086447564
57.83144026236561 28.56658047701412 49.25322409478631
57.85597910611997 28.57960640632465 49.24512244257973
57.85597364231005 28.579601647711424 49.245123384001545
57.85597019858879 28.57959900690377 49.245124019719015
57.83147764188614 28.566607080951375 49.25321453615836
57.85592792548357 28.579565526769336 49.245131697777694
57.85590827023249 28.57954833966742 49.24513507628619
57.85595156125434 28.579584880145674 49.2451274797324
57.8559400424721 28.57957482009669 49.24512946112995
57.85597843141748 28.579607071380423 49.245122706869054
57.8559610184836 28.579591884200234 49.24512570457915
57.856009766095156 28.579633108133756 49.245117159708805
57.85595515246797 28.579589313039016 49.24512701520406
57.855979230528575 28.579609033599223 49.245122718821975
57.85600738890682 28.579632320834857 49.24511772093092
57.119328991826805 27.665364612452258 49.00230900529125
57.09559878800801 27.774701466359197 49.03182441331641
57.09560244995056 27.77471469442669 49.03183283657567
57.09559426322385 27.77481083867272 49.03186661876589
57.09558062359445 27.77497188696323 49.031923264394464
57.06988532652983 27.906693640683677 49.06566424727626
57.06990208183582 27.906919903049086 49.06577077219004
57.06990937035208 27.907015543147452 49.06581602124131
57.06992876410777 27.907276196886826 49.06593883619869
57.069934219690055 27.907347661492167 49.065972657515694
57.06995335364956 27.907604733794585 49.066093792144244
57.06996016080328 27.907693764113546 49.06613593800526
57.21181342041114 27.93152916982368 49.186174683928485
57.21177550449201 27.931564764572116 49.18616013588567
57.29054152051202 27.873869589385244 49.22115157430815
57.29056065118133 27.873777020440574 49.22112814968841
57.06997643236439 27.907913252583846 49.06623929295971
57.13923246038206 28.025748677675445 49.16800646120617
57.13973715255612 28.025731278656743 49.16838415606162
57.139689313993046 28.025735288610313 49.16834922693499
57.13984145815691 28.025723076290795 49.16846051404182
57.04502649014373 28.05381897976222 49.0880330950714
57.139242911482796 28.025750836573312 49.16801521263321
57.139293602483036 28.025756607966876 49.16805592433707
57.13930421005254 28.025756006102707 49.16806377548661
57.13932589740312 28.025756274359235 49.168080380689794
57.13954410174728 28.025747065512455 49.16824305491214
57.13946468181986 28.025752760127435 49.16818471137117
57.13963796784125 28.025739631066166 49.16831175096783
57.139375794959044 28.025756487163754 49.168118436090325
57.139456114477355 28.02575337969528 49.16817841956686
57.556661878705356 28.2337348622262 49.33044686652653
57.55705382051684 28.23408953522526 49.330345959726756
57.604538184933105 28.30749357998431 49.314983347700235
57.60452047192982 28.307501662759925 49.314986375405475
57.60448217345108 28.307518799395837 49.31499280355475
57.604436674597714 28.30753906613952 49.315000408316436
57.60438732003503 28.30756099923742 49.315008639734735
57.6114098845605 28.389330174335765 49.30853287078889
57.60435376045352 28.307575889711472 49.31501422871408
57.66778287065263 28.366327765095075 49.299841848627125
57.61164926061549 28.38954445813219 49.308473869046196
57.61166738017387 28.38956044251006 49.30846934539722
58.008399511239915 28.44679695028607 49.21756780216771
58.00836785408289 28.446746932377465 49.21758030068283
58.0083779724352 28.446765087019145 49.217576351227535
57.69946840721753 28.461131646838126 49.28523339820367
57.69951792517017 28.46116845821266 49.285219445064044
58.008429782191115 28.446853938522892 49.21755604260409
58.00841537925842 28.44683112884441 49.217561727890896
58.00842085276599 28.446840675440754 49.21755958570331
57.80734813337011 28.54842557197548 49.2577417306056
57.90075387936943 28.523544637962353 49.24162321594979
57.80742726802544 28.54848428811662 49.2577218051569
57.943343369174315 28.58532776028326 49.22467984392005
57.90073678176171 28.523598575865034 49.241623112875175
57.943154013250805 28.585364192932598 49.22472790330485
57.80751191827402 28.54854701568578 49.25770046079561
57.807499772007375 28.548537934373655 49.25770349344225
57.80751667598502 28.548550421096657 49.257699216464175
57.94305594180479 28.58538306956077 49.22475279750769
57.943066778417496 28.585380980088303 49.22475004517035
57.85593701157819 28.5795679970258 49.24512948898078
57.831174445357064 28.566398437407685 49.25329247093093
57.83123970467054 28.566442489953715 49.25327564834736
57.85595234473359 28.579581861278264 49.24512690733924
57.855936513241375 28.579568100860726 49.24512963840659
57.85593316792771 28.579565892648173 49.245130298162465
57.83137115693701 28.566532572284437 49.25324183822505
57.83130503155968 28.566487063218524 49.25325883505113
57.85589723502598 28.579537409498357 49.24513682176351
57.831453900019774 28.566588365201987 49.25322050518882
57.85592192037538 28.5795577617164 49.245132432887395
57.855914948219755 28.57955167558286 49.24513363256223
57.85594963046228 28.579580725820698 49.245127520190906
57.85593034598568 28.57956392417174 49.24513084220442
57.831469408387846 28.56660016913655 49.25321658248801
57.855923735940664 28.579560573957878 49.245132265539205
57.8559494232995 28.579581767405315 49.2451277002984
57.119399849898585 27.66536290860187 49.00236127337749
57.11938887601163 27.665363191363454 49.00235321425035
57.119395603242815 27.66536306419102 49.00235824195595
57.11939156226747 27.6653631841533 49.002355304245846
57.119388768913126 27.665363266916863 49.00235327322693
57.11938241318407 27.66536345996316 49.002348660992915
57.119355159970965 27.66536404774077 49.00232843008436
57.11937597027222 27.665363653306986 49.00234398104795
57.119360881827184 27.665364008393574 49.00233283652132
57.11936843715417 27.665363864990027 49.00233848202747
57.11936424512493 27.66536397767394 49.00233541226493
57.09562677120458 27.774798196108122 49.03188695845684
57.09558647680157 27.77499105064505 49.03193589943133
57.09560534625493 27.77505279192443 49.03197661601835
57.06989264627792 27.906789552086614 49.06570963602754
57.0698982003365 27.906862360271674 49.06574408881042
57.069920527890964 27.907161770458707 49.06588521893039
57.06992197453168 27.907180734396512 49.06589419265949
57.290632199818376 27.87345096161723 49.22104809881505
57.29062801192099 27.873470746167026 49.22105304677051
57.290650625217445 27.87336585262927 49.221027055781846
57.337555678819754 27.756412898045824 49.199734287168454
57.33759371742387 27.756367673603375 49.199734004432045
57.337631441622015 27.75632352812562 49.19973402807334
57.06994577220179 27.907498892847517 49.0660442373467
57.069946775241434 27.90751201454914 49.06605044875194
57.29057370771635 27.873728884229614 49.221117804097275
57.290564353416414 27.873774522189123 49.221129398518656
57.29059303603645 27.87363644761695 49.221094545806295
57.29061254121342 27.87354374449113 49.22107129197329
57.139314797999134 28.025740098420567 49.16806596028375
57.13935280306272 28.02574023907853 49.16809493771801
57.21187377690522 27.931545410386562 49.1862267574736
57.21185223207182 27.931565048672972 49.18621825783008
57.29053422610187 27.873920605371104 49.22116640203468
57.29055277803759 27.873830997736768 49.22114374641475
57.13926357883998 28.025748770826706 49.16803017973193
57.13938398489144 28.025748888943536 49.16812186389858
57.139816728348364 28.025735037907033 49.16844610891242
57.1397732145012 28.025738269988153 49.16841418409301
57.139918937078264 28.0257270962077 49.168520967219536
57.139393976141015 28.025750099068993 49.16812991501642
57.139401699364406 28.02575560395216 49.168137825716315
57.139463627830466 28.025752976399655 49.16818398903905
57.139467105756665 28.025753258088344 49.168186740083314
57.139541900403046 28.025752254220585 49.16824329532179
57.13962751946143 28.02574853819909 49.16830708755859
57.13971958201191 28.02574229471852 49.16837485068889
57.48334229726706 28.014095499511768 49.3348784992492
57.48334330691062 28.01409170445873 49.33487776596628
57.483343100526554 28.014096006743983 49.33487831377042
57.483331996843305 28.01431252656204 49.3349060996087
57.483327651664474 28.014407846164218 49.33491816781967
57.48332239160407 28.01452790165041 49.334933303515044
57.45155534747154 28.08293000480768 49.345415841435965
57.45155619653552 28.082929548729773 49.34541538874241
57.45155834291825 28.082928955465263 49.345414936093135
57.45158443646834 28.08292212949683 49.345409910743214
57.45160036839026 28.082918768924927 49.34540784002921
57.45160494336052 28.082916530075096 49.34540567099867
57.45161279043387 28.08291437143727 49.345404028876004
57.45157881684497 28.082928219555676 49.34541670313992
57.55423186092584 28.13935513382364 49.32921906170326
57.55464537911707 28.139653614846022 49.32913607701035
57.556802008895076 28.233802232910698 49.330414449879555
57.5546844624736 28.139681779784652 49.329128227783116
57.55690534020381 28.233852189581725 49.330390528891996
57.557071976805716 28.234096992293956 49.33034183792529
57.604622058212925 28.30745682999148 49.314969541344354
57.60458452866847 28.307473604751202 49.314975834230225
57.94827809348297 28.38904680516147 49.237173433219375
57.60453751060608 28.307494526431096 49.31498368533575
57.604555228092565 28.307486673283584 49.31498073751966
57.604543275231855 28.307491996925734 49.31498273514413
57.948256722244835 28.38904357557744 49.2371792777429
57.94824483411438 28.389041798424696 49.23718252262178
57.604468920307056 28.30752489268715 49.314995084817625
57.60448887416025 28.307516118818363 49.31499178947249
57.948236863628885 28.3890419121065 49.23718427743899
57.9482259515908 28.389039097733672 49.237187637284265
57.948211325354166 28.38903702710826 49.23719159218865
57.60439924043582 28.30755574680858 49.31500666729434
57.60443015316464 28.307542113219238 49.31500154783025
57.94820469726546 28.389037606852266 49.23719289504756
57.94819319922516 28.389034526859653 49.23719647222826
57.94817783482714 28.389032510258886 49.23720057562818
57.66781261252447 28.36631733881947 49.29983649018783
57.94816936300717 28.389032955372855 49.237202336286956
57.948159121240494 28.389030093515764 49.23720556078747
57.94814468570249 28.38902828825284 49.237209387288615
57.611656755003445 28.389550619608116 49.308471888332086
57.94813124027479 28.389027997667043 49.23721250298392
57.948124068991035 28.38902585991559 49.23721480393575
57.94811382205984 28.389024704683905 49.237217479454685
57.69951244343094 28.461161651886886 49.28522036386478
57.948091679372354 28.38902292637798 49.23722302954141
57.94808881019719 28.389022009864796 49.23722396986763
57.904474894066254 28.453490629496887 49.2451930885429
57.80737062529738 28.54844165814713 49.2577358433079
57.900750449574495 28.52355520253765 49.24162322424873
57.9007274567701 28.523626005488893 49.241623282185984
57.80744486434967 28.548496857956966 49.25771719370941
57.8074113740162 28.548471784643557 49.257725542900204
57.807460912976964 28.54850835494706 49.257713000041036
57.85592577417169 28.579557579933827 49.24513135074244
57.9007112267733 28.523677202581098 49.24162318476776
57.855902043000015 28.579537830419337 49.24513554823019
57.83116793446984 28.56639272961545 49.25329407552054
57.855921923177235 28.579555421819045 49.24513215559489
57.85590173067764 28.57953787088238 49.24513563897101
57.855897361269726 28.57953497528949 49.24513649935125
57.83127016340951 28.56646305966901 49.25326779717605
57.83117768875208 28.566399385688054 49.25329156507847
57.8313705770567 28.5665310441125 49.25324192380768
57.83132283254332 28.566498194313553 49.25325419654036
57.85589346025539 28.579532920315934 49.24513733015933
57.83142891610767 28.56657013829127 49.25322686900447
57.85592023855611 28.579555121541766 49.245132583759556
57.85589599372774 28.579534004085765 49.24513676095984
57.11946392645355 27.66536132503581 49.002408458223506
57.11945366841769 27.665361592498204 49.002400930759194
57.11946160510385 27.665361442235707 49.002406861942646
57.11945628262841 27.665361617282848 49.00240302482707
57.119458464390405 27.66536157597077 49.002404655274226
57.11945716881249 27.665361619165473 49.00240372236401
57.11945325034394 27.665361749279214 49.0024008997829
57.11942511179809 27.665362356412786 49.00238001215916
57.119448434824704 27.665361915272882 49.002397442551526
57.1194281481711 27.665362373780567 49.002382422802754
57.11944284643595 27.665362095493986 49.00239340697942
57.11943128914665 27.66536238892359 49.00238491115511
57.11943768422739 27.6653622676601 49.00238968992301
57.1193933458737 27.665363180372335 49.002356693852974
57.11943386764199 27.665362379508238 49.00238691259324
57.11943060806991 27.665362474569346 49.00238453972621
57.119397249266996 27.665363179287848 49.00235974857971
57.119424183964384 27.66536266849462 49.0023798756079
57.11940124013127 27.665363174905593 49.00236286557066
57.11941813385337 27.665362854301492 49.00237548901841
57.119406074627946 27.665363151970737 49.00236660813981
57.11941086335614 27.66536306100373 49.002370186241265
57.09563143097425 27.774811230244126 49.03189608728415
57.11940802341496 27.66536313608851 49.002368104221844
57.095654338698466 27.774876225727127 49.03194134972067
57.095618269228886 27.77508823519942 49.032001638270984
57.09563313645726 27.775129269496805 49.032030533334016
57.104192351931694 27.907082492488875 49.09287465516287
57.10419150978034 27.90708697208199 49.09287581724314
57.10412371855942 27.907418882720286 49.09295933981777
57.10412358907713 27.90741960754574 49.092959531095076
57.29062156514714 27.873517719154258 49.221066858554565
57.29061760593953 27.87353634900316 49.22107150844053
57.29063893631894 27.873437867138243 49.22104716481189
57.33756438025023 27.756406895499367 49.199736094886795
57.337600775258025 27.756363719426517 49.19973586501837
57.337636782874185 27.7563216759765 49.19973592779208
57.33767311754788 27.756279695805947 49.19973618307266
57.33771120864586 27.75623558460862 49.199736406845055
57.33775112505694 27.756189254264882 49.19973659591664
57.408074970498504 27.790062855020658 49.24190005058793
57.40818608818401 27.790111350062958 49.241962127804754
57.4593072885892 27.81841341967297 49.27102859904248
57.48262667434503 27.898349266368623 49.30782856110832
57.482631432308345 27.898345512034577 49.30782988880966
57.48263240615999 27.89834474721599 49.30783016146488
57.13948078830069 28.02573149571865 49.168189118420365
57.13949386309202 28.025731510028905 49.16819907487448
57.290564163811155 27.873791025577813 49.22113547645603
57.29055869962757 27.87381766129556 49.22114224052674
57.29058413109739 27.87369460003636 49.2211110993011
57.29060297461491 27.87360509733458 49.22108865519124
57.4826361596803 27.898341799967366 49.307831212509754
57.48264090885234 27.89833808558737 49.30783254601796
57.48264564158953 27.898334400741277 49.307833879084384
57.48264671776926 27.898333569589177 49.30783418389905
57.13945275425199 28.025740204330297 49.16817099732972
57.139512982722366 28.02574009716509 49.16821679740356
57.21189475662452 27.931558256975713 49.18624771437415
57.29052538647066 27.87397943289347 49.22118324729709
57.290510759465064 27.87405071502627 49.22120134694401
57.29054414466533 27.873888405103052 49.221160180800645
57.482650232175786 27.898330855859285 49.307835179438186
57.48265475607806 27.89832738085542 49.30783646550202
57.48265617209898 27.898326303321994 49.3078368705963
57.139405106754865 28.02574885320597 49.16813792646707
57.139524091056884 28.02574820888504 49.16822824702863
57.13954776150362 28.025745438407977 49.168245239556605
57.139586479732074 28.02574778789178 49.16827557534978
57.1398905074997 28.025738824466607 49.16850366004701
57.13985712796203 28.02574087887192 49.16847901357205
57.139990530206376 28.02573179624772 49.16857719186816
57.290507043050994 27.87406886057977 49.221205958534696
57.4826590502705 27.898324121006908 49.30783769594659
57.482662463312664 27.898321580743836 49.3078386865875
57.13962267093154 28.025748980392414 49.1683035606348
57.13970576902511 28.02574825988625 49.16836654021955
57.13979544789677 28.025744619912523 49.16843345044302
57.482662928949544 27.898321238472867 49.30783882281355
57.482666717048076 27.898318477781565 49.30783993700521
57.48266625122031 27.898318853246195 49.30783980899244
57.48266638769698 27.898318758159274 49.30783985022867
57.482668442091885 27.89831743444548 49.307840497889345
57.48266856584204 27.898317362678704 49.3078405388961
57.482669684569515 27.898316767439212 49.30784092300209
57.48266996296073 27.898316668435946 49.307841030874
57.46095010284044 27.965956752618663 49.32943216303494
57.460883254749305 27.966127875903993 49.329479864478266
57.46089596613585 27.966094881180425 49.32947052573661
57.46087853035115 27.966139324230607 49.32948285529377
57.46080519549813 27.966326054344446 49.32953459716171
57.46079347571229 27.966355888204482 49.329542861508585
57.48337930226022 28.014108650649497 49.334868801767335
57.48335219293351 28.014308038939625 49.33489949083146
57.48337879564994 28.01419841506689 49.33487908330906
57.48337846001006 28.014301694498897 49.334890838141774
57.48336470025086 28.014502411939056 49.33491764349294
57.48337491690982 28.014457297901835 49.33490946605136
57.48337381365091 28.014496878762994 49.334914265471554
57.48336057863095 28.01469710520648 49.33494085686723
57.451613680068334 28.08291170127182 49.34540084496517
57.45161974918748 28.08290807545798 49.34539715703748
57.4516365366572 28.082903483412792 49.34539367612078
57.45165156342178 28.082899937148714 49.3453912575657
57.55438975966878 28.13944268886454 49.32918391583114
57.55423732948512 28.139320209876374 49.32921287495225
57.554483489876006 28.139494811044777 49.329163072369475
57.955220760268446 28.389897454502915 49.23324036032396
57.55465754731783 28.13966011401521 49.32913333606804
57.55484692708727 28.139761227571498 49.329090672671384
57.94830675967839 28.389049382432688 49.23716615934317
57.94830292202774 28.38904852136763 49.23716729947191
57.94829878330187 28.38904781280375 49.237168458111185
57.94832531270272 28.389052601699383 49.23716095157324
57.55703132686471 28.23391522319595 49.33036123242999
57.94828790273647 28.389046488482517 49.23717133055426
57.94827933420612 28.389044517044503 49.23717389194192
57.948269275055736 28.389042859659085 49.23717668712753
57.60465288298694 28.307443330148004 49.31496446950423
57.55717922257365 28.234056745222794 49.330322682600276
57.60466170058723 28.307439466458078 49.3149630179852
57.94826571467772 28.389043188371453 49.23717738140302
57.948253782853556 28.389040359299997 49.23718097519577
57.94823902323846 28.38903804513171 49.23718503858628
57.60459662782267 28.307468292368725 49.31497383876034
57.60461576565387 28.30745988040184 49.314970679255794
57.94823996521715 28.38903946236555 49.23718437001014
57.94822648123689 28.389036151344946 49.23718846802841
57.948209659223764 28.389033692241394 49.23719304168878
57.60456004978674 28.307484558762944 49.314979943180475
57.948211502076276 28.389035458498817 49.23719205812017
57.948197642683525 28.38903198501054 49.23719629288952
57.94817966717967 28.389029463183228 49.23720114603037
57.60449803154744 28.3075119804079 49.31499023821128
57.948180369751285 28.389031178327073 49.23720043523055
57.94816684253876 28.3890276862711 49.23720460132378
57.94814915651573 28.389025358374774 49.23720932688532
57.60443294299555 28.30754073145096 49.315001033112374
57.94814623961914 28.389026581318035 49.237209588269096
57.94813472817616 28.389023482079587 49.237213174666266
57.948118130465474 28.389021352566726 49.23721759166612
57.66780876205938 28.366298006554402 49.29983846333293
57.948110328258515 28.389021854476145 49.23721918351288
57.94810128050327 28.389019267286166 49.237222051104006
57.948087731857235 28.389017658296467 49.23722561499541
57.611629195984854 28.389525736435672 49.30847862917122
57.948072948132705 28.38901703736613 49.237229137978
57.94806745913242 28.389015345816958 49.23723091697985
57.948058410384135 28.38901432672479 49.23723327930712
57.699512498455874 28.461159447425317 49.28521983385137
57.904450830577844 28.453544897772034 49.24519434895303
57.90445571811346 28.453523689023022 49.24519459656434
57.904449004045155 28.453549028230906 49.24519444406843
57.80738344537659 28.54845086257052 49.257732500847425
57.69959567307317 28.4612252403773 49.28519730468028
57.80740726944397 28.54846799407118 49.25772629929392
57.90072444493876 28.523635274115815 49.24162329044039
57.90070400769683 28.523698190170748 49.2416233439142
57.80750868799687 28.548542708505153 49.25770056365057
57.80749804282867 28.54853474635544 49.25770322033436
57.80752498499436 28.548554467665035 49.25769633641112
57.83138947517981 28.56654206341156 49.253236954559114
57.831385151112954 28.566539092111384 49.25323806627465
57.83137888357124 28.56653487178854 49.2532396825159
57.8558934362269 28.57953066278757 49.245137069985304
57.85587098051931 28.579511142381563 49.24514094350826
57.831172752825736 28.566395986319627 49.25329283367407
57.83127064075631 28.5664622804791 49.25326761221112
57.83121412186149 28.56642338367557 49.253282139840756
57.83137484000095 28.56653295624229 49.253240770628395
57.83131626950761 28.566492680696456 49.25325582746687
57.8558916065582 28.579530182776985 49.24513751683047
57.156820067342196 27.63827105426519 49.00968867121368
57.15681998273425 27.63827177559563 49.00968917925111
57.15681843091914 27.638284747359506 49.00969817835348
57.156818423154945 27.638284813304956 49.0096982246674
57.156818324094246 27.638285641060712 49.00969879875609
57.15681680875032 27.63829830238847 49.00970757948218
57.15681558026181 27.63830850449123 49.00971462093824
57.15681514458775 27.638312212030307 49.00971722856007
57.11948679454971 27.665360891506438 49.00242554674533
57.156813427061934 27.63832656466086 49.00972718329366
57.11948940121328 27.665360915116814 49.00242763268284
57.119505398083945 27.665360611134894 49.002439585226355
57.119492400789866 27.665360932271767 49.002430014108484
57.119503102190265 27.665360728834347 49.002438009824786
57.11945986896678 27.665361623923985 49.00240584587224
57.11949615312385 27.665360935442035 49.00243295858382
57.11949921466871 27.665360877224895 49.002435246033855
57.11946329648663 27.665361633695355 49.00240854846363
57.119497477452626 27.665360931840226 49.00243398886598
57.119493226341575 27.665361065309103 49.00243091213346
57.11946734880514 27.66536163090936 49.00241171659785
57.19987242004503 27.70285709763935 49.080763782420306
57.11947134585262 27.665361628756266 49.0024148426455
57.19989569846339 27.702876383389977 49.08079054916485
57.119435909311676 27.66536237410439 49.00238850122352
57.19991318901984 27.702890874118385 49.08081066097313
57.199917438706024 27.702894394664007 49.08081554696581
57.11944024168888 27.665362363660467 49.00239187419524
57.199941003195505 27.702913913467025 49.080842634203435
57.199928455005434 27.702903570116796 49.08082831804532
57.199965895973094 27.70293452934668 49.080871241539896
57.199979867735834 27.702946112537628 49.080887323752535
57.19999025737297 27.70295470345461 49.08089923459035
57.09566076611307 27.774893271185434 49.031953550997756
57.199998338188806 27.702961395031263 49.08090851942473
57.17624573713536 27.81244453438655 49.1104693689194
57.17610077710104 27.81266879636871 49.11045021185039
57.1761604406874 27.81265310561529 49.110489928912344
57.150296729794675 27.944445504540873 49.14412759910681
57.15032934400119 27.944408263812612 49.144137621763875
57.1396240422212 28.025722677895423 49.16829489256031
57.13964566312889 28.025722705522902 49.168311358345825
57.29061159158517 27.873579020062486 49.22108396201733
57.29062646805599 27.873513551339357 49.221068190077844
57.29061050689657 27.873586953275904 49.221086297093976
57.33757098094989 27.756403398951804 49.199737921850414
57.33760685172001 27.756360606680186 49.19973759262814
57.337641235139564 27.75632054258161 49.199737688312126
57.33767638705595 27.7562798213216 49.19973788888218
57.33771259181897 27.756237969578407 49.1997381339075
57.40803258941718 27.79009127603903 49.241893705373926
57.408133739554415 27.79013207400676 49.24194897772654
57.45930498032797 27.818419060624578 49.27102916308127
57.482621358381365 27.898353626864903 49.30782711919312
57.482625983235 27.8983499549432 49.30782840409158
57.482630468444114 27.89834641903451 49.307829656483136
57.48263138474336 27.898345700130864 49.30782991320416
57.139612996320416 28.025731501768387 49.16828974363796
57.13964867864642 28.02573148330511 49.16831689449329
57.2905551868721 27.873849237310637 49.2211520096877
57.29055344762347 27.87385768653367 49.22115415184284
57.29057421737552 27.873757627607375 49.221128885709014
57.290592669458846 27.87366982933753 49.22110684976863
57.290609662125355 27.87359085703511 49.22108726250387
57.48263491261069 27.898342932702192 49.30783090172266
57.482639365727124 27.898339453302142 49.30783215296063
57.482643792054276 27.898336010541584 49.30783340060107
57.48264479602799 27.89833523610181 49.30783368520103
57.13958272640286 28.0257400002955 49.16826984326645
57.13968232156901 28.025739752845794 49.16834555337395
57.29051707489876 27.874034577879613 49.221199023132705
57.290508111918115 27.874078167294172 49.2212100802512
57.290535962964995 27.87394253614621 49.22117565301702
57.482648072058865 27.89833270936608 49.30783461394685
57.48265233036906 27.898329435969195 49.307835823905805
57.48265374612199 27.898328361642378 49.307836229674606
57.13964288989199 28.025747426444667 49.16831837543378
57.139698967180905 28.025741521786784 49.16835887543309
57.13975349291074 28.025746242377487 49.16840211774259
57.13977903252932 28.025744834746973 49.16842103609794
57.13985062081902 28.02574439928093 49.16847536086428
57.13986616901833 28.02574428797271 49.16848715343657
57.139958858320746 28.02574129826596 49.16855659498681
57.140056636561255 28.02573586630487 49.168629007945434
57.29049931518408 27.874120988263808 49.22122094730501
57.482656286807845 27.898326440214987 49.30783695949672
57.48265944436597 27.8983240971275 49.30783787774011
57.48265985110889 27.89832379912295 49.30783799698035
57.48266304322367 27.89832148893602 49.30783893991922
57.48266333477386 27.898321285902867 49.3078390280351
57.482666546642335 27.898318994457654 49.30783998507436
57.48266537316046 27.89831994298559 49.30783966326436
57.48266545374004 27.8983198932197 49.30783968920649
57.48266664694426 27.898319245686178 49.30784009571441
57.48266685222296 27.89831913699312 49.30784016632758
57.46092408756554 27.966020176708547 49.32944885786911
57.460900182885624 27.96608138763272 49.329465926219626
57.460861551606676 27.966180268359505 49.329493486339544
57.4608037764402 27.966329305083825 49.329535384741426
57.460828281004254 27.966265494973683 49.32951726160812
57.4608000128961 27.96633776177858 49.32953737644513
57.48339787489469 28.01411668388223 49.33486409630747
57.48340796661299 28.014073125641882 49.334856132164326
57.48340892554883 28.014121304744172 49.33486127864741
57.4834078356169 28.01430019906301 49.33488179331495
57.483408537149245 28.014296882005567 49.33488120706458
57.48340836490225 28.014300234820034 49.334881637421475
57.483399566732054 28.0144845539972 49.33490509330686
58.015646292226265 28.36229409952557 49.19674519891485
57.48337343851699 28.014684346322284 49.33493553150853
57.48339541397149 28.01457258318663 49.33491628077162
57.4833900937458 28.01466748021084 49.33492859592026
58.01555186645771 28.362354600994617 49.19682235864198
58.01555146707216 28.362352802493177 49.196822015429746
58.01552429368861 28.36236972138917 49.19684405975067
58.01562956595697 28.36230450615731 49.19675876556941
57.45165215917366 28.08289688834161 49.34538756724947
58.01546464909982 28.362412067077777 49.19689414405455
58.015466089719226 28.3624060621755 49.196891310581904
58.015398204876774 28.36244839657043 49.19694640391934
57.4516575618821 28.082897360024752 49.34538885653819
57.45165769883583 28.08289556195541 49.3453866521027
57.55423827600992 28.139303689015414 49.32921043251217
57.951647752369695 28.380897793055386 49.233389539844126
57.951643898325834 28.38089601089936 49.23339030371828
57.95164159736056 28.380894879391214 49.233390873274665
58.015368356563386 28.36247538262775 49.19697335653839
58.015375037507766 28.362462784886546 49.196965186534676
57.55458432380827 28.139555454852978 49.329141247716485
57.94828217089487 28.389043880751444 49.23717345947513
57.94827249317927 28.389041745546237 49.237176322957126
57.94825988194583 28.389039488517568 49.23717988505346
57.94832146486333 28.38905174862028 49.2371620914177
57.554907598723645 28.1397956236464 49.329077266747376
57.94826372810104 28.389040924974218 49.23717855753178
57.948249384591854 28.389037650082884 49.237182837093094
57.94822937369373 28.38903422367249 49.237188439312035
57.55704153003074 28.233921925499516 49.33035876144304
57.55495171026451 28.139829384288078 49.32906866591128
57.557053389084416 28.233930445447804 49.33035584448295
57.948198026821274 28.38902904958195 49.23719715280537
57.94819774226925 28.389028977578484 49.237197239972716
57.94819731756704 28.389028913563543 49.23719735606534
57.948242194340025 28.389037596042364 49.23718447060977
57.94822449973181 28.389033404131503 49.23718979897875
57.60465166080136 28.307443793916406 49.31496464571018
57.94817099909752 28.389025032727933 49.23720452247454
57.94817015514245 28.389024814051695 49.237204782655475
57.948168788403265 28.38902461381148 49.23720515439549
57.948217556912006 28.389033912678343 49.2371911955282
57.60460279224516 28.307465463808832 49.31497277963071
57.94818939484679 28.389029836408692 49.23719883930739
57.94814287139981 28.389021079899372 49.237212118737155
57.60454695197864 28.307490172570212 49.31498205564017
57.948158618346 28.389025502573254 49.23720715374081
57.948141587135474 28.389020911356024 49.23721246172226
57.94811752605748 28.389017865025913 49.23721885174679
57.60448951162161 28.30751557224776 49.31499159149566
57.9481255307503 28.389020965962004 49.23721605298701
57.94811186510616 28.389017157788068 49.23722035209722
57.94809192731176 28.38901477726928 49.2372256007349
57.604435610543526 28.30753941556288 49.315000542805805
57.94809097176217 28.389016341040936 49.237225311413795
57.94808101660867 28.389013486080984 49.23722846927117
57.94806569496831 28.389011718719626 49.237232482716735
57.66781694480113 28.366285241697792 49.29983760129319
57.94805542819282 28.389011716281303 49.2372347910851
57.948049297233595 28.389009864571847 49.23723676600376
57.9480393723868 28.389008787651672 49.23723934388607
57.667917767312574 28.36654875367415 49.29980094889732
57.66788950629038 28.366462300506242 49.29981200154392
57.66792439281377 28.3665448102268 49.29979985548151
57.919337629349386 28.383140252004573 49.24347283947099
57.919337634603295 28.383140236043527 49.24347285646499
57.91933599021348 28.3831406643624 49.24347303383348
57.69952417492705 28.461168275345223 49.28521657750541
57.69960172865201 28.461227564387727 49.28519509934567
57.90442813874742 28.4535955149684 49.245195565090455
57.807449868086195 28.54849869945233 49.25771523789551
57.80743155004562 28.548484986316893 49.25771980501602
57.80748015822488 28.548520576774727 49.25770738895211
57.83129519822897 28.56647727941931 49.25326119305045
57.831286140909455 28.56647105504374 49.253263521649146
57.831270643019415 28.56646060777548 49.253267517513855
57.855867198555046 28.57950785646283 49.245141596081695
57.90441966229274 28.45362731578269 49.24519538194555
57.83117848413734 28.566398854192006 49.25329129998476
57.80752987479108 28.548556921118852 49.25769466832495
57.83127828467728 28.566466559044915 49.253265592211875
57.83121905889506 28.56642582528697 49.25328081707915
57.150355995123675 27.592740482145878 48.97291968971553
57.15035846186457 27.592761868187782 48.972937603300124
57.1503593023655 27.592766457794504 48.9729415971769
57.15036218862818 27.592790585523257 48.972961856906466
57.15036272413717 27.592793515773607 48.97296440627679
57.15036270908871 27.592802414146774 48.97297135944172
57.15682227426126 27.63825273400896 49.00967603062041
57.156822246036675 27.638252974505868 49.009676199933025
57.156821171093284 27.63826189585953 49.009682354361686
57.156821728231066 27.638257306022513 49.0096792065972
57.15682078373557 27.638265205533653 49.009684689220094
57.15681960996977 27.638274963664248 49.00969142995214
57.15681926932452 27.63827787235033 49.00969348094033
57.15681796972244 27.63828869040767 49.00970096134532
57.15681769975264 27.638290998919462 49.009702590885844
57.15681671989945 27.63829906138818 49.009708114843676
57.156816283036896 27.638302803333048 49.0097107595693
57.23641767950062 27.666709898567703 49.08364787123405
57.156814989621665 27.63831353496333 49.00971816124303
57.15681452936859 27.63831747367597 49.009720943148395
57.2363972507265 27.66670945835101 49.08363422536548
57.1568132078928 27.63832843630707 49.00972850315256
57.236352788295235 27.666708413240233 49.08360435879383
57.23637827025932 27.666709055718762 49.08362155915502
57.15681135461492 27.638343932566915 49.00973925606867
57.199877012549024 27.70286071725789 49.080768667363486
57.19988692979341 27.7028689365281 49.08078007716671
57.199859635345334 27.70284640891306 49.08074887496586
57.19991132452368 27.70288915033892 49.08080813437767
57.19990005551571 27.70287987338928 49.080795303240116
57.1999351772625 27.702908914937275 49.080835567988885
57.199866407184146 27.70285208806011 49.08075680861144
57.199943904484996 27.702916171299943 49.08084565860389
57.19995850182748 27.702928241514083 49.08086239333993
57.19991097333553 27.702888978037677 49.080807984129066
57.19996945907162 27.702937322091653 49.0808749983189
57.19997909354451 27.70294530587193 49.08088608037192
57.19995712575627 27.70292717819902 49.08086097504872
57.200002390413076 27.702964606686308 49.08091286785725
57.19992263907805 27.702898694899623 49.08082150914689
57.20000566349131 27.702967348414266 49.08091669561459
57.200025058581375 27.702983385694914 49.080938930423585
57.19997151002064 27.702939139468256 49.080877609212656
57.20003672708204 27.70299305329252 49.08095234844872
57.20004465768978 27.7029996236309 49.0809614674183
57.2000210400265 27.702980126961226 49.08093446048389
57.25491156988379 27.754895258761493 49.14544545738583
57.25491974059666 27.754902869130277 49.145454608980444
57.254941931051654 27.7549224800556 49.1454793909803
57.17626959328157 27.812438124518984 49.11048519304974
57.25495817282779 27.754937067435613 49.14549754556472
57.25497061402671 27.754948243939737 49.145511452150636
57.17621893727839 27.812636979245248 49.1105285606091
57.23087566018379 27.862821773509747 49.17166042984715
57.15043414196445 27.944288368469927 49.144169742396116
57.21173953584909 27.931437406761418 49.18608242803749
57.13975362532338 28.02572269048804 49.16839352237973
57.139802795955546 28.02572261811609 49.16843091922492
57.290611945639995 27.873600171685943 49.221092104339135
57.29060810324202 27.873617934619876 49.22109649803936
57.29062740305551 27.873530371570673 49.22107505083235
57.337609416532196 27.75636222010531 49.19973958397027
57.33764450456675 27.75632065506759 49.199739388462866
57.337678936422336 27.756280515688317 49.19973947615756
57.337713885431825 27.756239998214713 49.19973966208811
57.408089603458805 27.7901543504304 49.24193966515465
57.43116148665753 27.867443590269083 49.27795356466903
57.48261659061232 27.898357544235935 49.30782582760756
57.482620831511284 27.898354178029457 49.30782700605229
57.48262520375306 27.8983507097459 49.30782822153845
57.48262941742765 27.898347392658742 49.30782939930048
57.48262960041451 27.89834724916475 49.307829450586354
57.13974016142484 28.025731273033355 49.16838644402297
57.13982064825032 28.0257310113036 49.16844760557777
57.29055292145679 27.873863334613667 49.22115595959839
57.290561797725715 27.87383400505197 49.221150199689745
57.290550905664475 27.873886266959968 49.22116337062579
57.29057888104319 27.873753422413696 49.22113006196194
57.29059533353556 27.873676969742817 49.22111110080364
57.48263364501014 27.898344075202598 49.30783058359665
57.482637807437996 27.89834082807578 49.30783175444437
57.48264198753921 27.898337576456463 49.3078329325887
57.48264276591084 27.89833697585734 49.30783315319066
57.1397104812811 28.025739651067468 49.16836694803588
57.13982869765387 28.025738879571385 49.16845663717231
57.13984780360953 28.025735063623088 49.168469769661996
57.13989096909772 28.025738446096973 49.16850387166072
57.29050979623841 27.87408331422465 49.22121300513923
57.290505002859476 27.874106014841825 49.22121868933303
57.29052629177992 27.8740043046523 49.22119311038733
57.29054356003762 27.873921576553954 49.22117227715835
57.48264601870228 27.89833446674372 49.30783407527261
57.48265000811601 27.8983314009887 49.307835209062056
57.482651324078965 27.89833040378967 49.307835586581156
57.13993177788635 28.02574013901701 49.1685355561455
57.140022000037405 28.025740120876556 49.168604217158105
57.14011741435036 28.025737442168563 49.16867584753383
57.29049507928714 27.87415305046722 49.221230471868196
57.48265368347497 27.898328622013306 49.30783626496452
57.48265660487232 27.898326458440366 49.30783711559866
57.48265698037177 27.898326183972262 49.30783722584112
57.482659922592774 27.898324060268813 49.30783809637106
57.482660209779645 27.898323859139246 49.30783818288427
57.48266213697346 27.898322579942434 49.30783878107677
57.48266226852248 27.89832249778376 49.307838823199525
57.48266357198959 27.89832174476465 49.307839255852585
57.4826636784619 27.898321682528753 49.307839291011675
57.46089738028637 27.966085022427876 49.329465840365515
57.46088664422726 27.966112626883728 49.329473572937914
57.46084363672884 27.96622329073117 49.32950459791607
57.46083144612659 27.96625462192257 49.329513370351094
57.46078883292816 27.966363873038354 49.32954387627185
58.01582439397714 28.362174610065097 49.19659791204663
58.01582185568155 28.362174994991904 49.19659958159873
58.01580755656188 28.36218390316591 49.19661118339215
58.0158783718891 28.36213979833233 49.19655373036065
57.48341493364171 28.01403109976564 49.334849285075414
57.483418492448216 28.0141450768325 49.3348610702232
58.01576480585187 28.36221391478452 49.19664697089158
58.01576019500364 28.36221350887594 49.19664964347112
58.015717741380875 28.362239787046306 49.19668403344285
57.48341842781802 28.014228120499112 49.33487045988863
57.4834167893913 28.014312670247623 49.3348804950272
58.015626956522844 28.362296714404515 49.196757813457594
58.01562646903649 28.362295897017283 49.196757843603095
58.01561052567362 28.362305715511205 49.19677074231416
58.0157005801163 28.362256366767127 49.19669987664379
58.015695238548396 28.36225368233502 49.196702251119845
57.483407632595274 28.014484302516074 49.33490262776167
57.48340895307317 28.01447467896632 49.33490114290578
57.48340856254248 28.014484220437055 49.334902337508865
58.01555143019458 28.362346060873115 49.196819840638
58.01555175205863 28.362342017738058 49.196818327105156
58.015496509537684 28.362376099498043 49.19686304016622
58.01562899149491 28.362303595409735 49.19675881819606
57.48339183363383 28.014661070223255 49.33492734693459
58.01538693532593 28.362444727569013 49.19695206361807
58.01538814451024 28.362442737247708 49.19695067936216
57.95162233138666 28.380886316550352 49.23339411015649
58.01546832285233 28.362400352072292 49.19688809108774
58.015472078645836 28.362391189715147 49.19688282017148
57.45164869883223 28.082897072516914 49.34538734250463
57.45164448191096 28.082897816850767 49.34538771118341
57.451647232607336 28.08289712252249 49.345387212626704
57.95162345496516 28.380886564540337 49.23339434401353
57.951613343937424 28.380881900274638 49.233396329206116
57.9516060793368 28.380878341280738 49.23339810487967
58.0153764719369 28.36246024973468 49.19696348768686
57.554268572362524 28.139331653730967 49.32920515085769
57.9482599225526 28.389038978395597 49.2371800403679
57.95160114958575 28.380875934629422 49.23339929559611
57.94822374106758 28.389031900280504 49.23719045427438
57.55458590457938 28.139563736207556 49.32914186535718
57.94820219575759 28.38902823544825 49.23719647822792
57.94819823458351 28.38902735147778 49.237197653503785
57.94819226201233 28.389026343253335 49.23719932091965
57.94824203422587 28.38903598860667 49.23718502476525
57.94822253466854 28.389031684343692 49.2371907950359
57.55489984227384 28.139792321037802 49.32907912392787
57.554769179504376 28.13970114682947 49.32910575631249
57.55487902880263 28.13978345648146 49.329084107125134
57.94817901828118 28.389024552622352 49.23720287483104
57.948173049721106 28.389023174088912 49.23720466071701
57.94816366077994 28.389021665707794 49.23720725723241
57.94822124157273 28.389032653268018 49.23719077333551
57.5570049904084 28.23391322601516 49.33036666810965
57.94815310210296 28.38902059471786 49.237209975664086
57.948146614220605 28.38901903001633 49.23721193828659
57.94813659895661 28.38901754341592 49.237214668554486
57.6046328920645 28.307451933578108 49.31496770595977
57.94812417592248 28.38901634896318 49.23721784582213
57.94811924352851 28.38901510080393 49.23721935679018
57.94811160383609 28.38901405749808 49.237221410220506
57.604594375650855 28.307469061427135 49.31497413367987
57.94809307711275 28.389011940726718 49.237226256682064
57.94809087904291 28.38901134376094 49.23722694316093
57.948087380306994 28.38901091147502 49.23722786889461
57.94814069529488 28.38902067826963 49.23721273731124
57.60454798319441 28.307489622800908 49.31498185179818
57.94810819324576 28.38901615689344 49.23722150003761
57.94806693381122 28.38900869634243 49.23723317855571
57.604503242609056 28.30750945507603 49.31498929615269
57.94807429937636 28.389011579780348 49.23723059355966
57.94806256868097 28.389008207872443 49.23723431713333
57.948044809893965 28.389006285373277 49.23723892836692
57.604459036897 28.307529077571818 49.31499666101965
57.604487346918845 28.307516522075666 49.31499194829318
57.60446711231873 28.30752551630834 49.31499532374418
57.94804000994263 28.389007077015684 49.237239752022866
57.94803311544993 28.389005001924197 49.237241970563666
57.919345357752064 28.383138155769387 49.24347210598238
57.66783379511617 28.366285798223466 49.29983416561329
57.6678645025429 28.366288242128395 49.29982781610572
57.91933761072496 28.383140177686577 49.24347293675217
57.91933760735331 28.383140167313655 49.24347295065549
57.91933574040203 28.38314065267589 49.24347315314665
57.667982859959736 28.3665364305282 49.2997885722134
57.860711234784574 28.421212326545636 49.25633306837986
57.807397863671426 28.54845975487663 49.25772819885644
57.66805693509056 28.366659127971904 49.2997660298156
57.80743571559667 28.54848711147182 49.2577183970471
57.834864546956204 28.496598064210755 49.25685082639081
57.83486550257798 28.496580108841222 49.256851609807725
57.83483830013763 28.49660371822892 49.2568561315662
57.90442581755907 28.453600694809438 49.245195689386705
57.860683565335705 28.42123048266947 49.256337743116134
57.80751255513706 28.548543977606865 49.25769899478716
57.807472033668695 28.548513680863774 49.25770911194738
57.831190929842506 28.566406478369053 49.253288048037454
57.80753777830235 28.548561355465047 49.25769214649168
57.24821236661401 27.525614504273868 48.97382345504727
57.24817029419141 27.52561008417917 48.973796436900344
57.24821237248746 27.525616076098515 48.973825038936646
57.24819006834133 27.525614547000433 48.97381153439281
57.24821133520351 27.52561757589008 48.97382599070244
57.16391334974452 27.53652522707971 48.9345672955659
57.23316146623217 27.59400471710471 49.02719083186688
57.23316851981389 27.59400858288106 49.027198302128596
57.16391082967783 27.53653571955113 48.93457456926059
57.23321010706966 27.59403075729655 49.027241925242855
57.23310605406431 27.593983659921733 49.02713848922939
57.2332536261527 27.594053946411012 49.02728756429528
57.23991829548174 27.64115545744873 49.067318565348245
57.2400315781716 27.641178605337743 49.06740995648147
57.23994044918959 27.64116896204854 49.06734362397415
57.24004696235645 27.64119069170094 49.06742952578445
57.239963536539605 27.641183032634945 49.06736973614608
57.24006561301964 27.641203744425844 49.06745196957456
57.15682073489058 27.638265622657315 49.009684983370136
57.23998849797205 27.641197944550836 49.0673977271431
57.23674551190922 27.666717943103436 49.083868734418175
57.236495775116765 27.666711721450817 49.0837003055545
57.236661427710544 27.66671589559501 49.08381211655518
57.236742377205395 27.66671793462939 49.08386675383474
57.23650347188973 27.66671198769774 49.08370563935222
57.23667235491851 27.6667162430643 49.08381963046594
57.23673388877303 27.66671779296994 49.08386116292691
57.23651308990053 27.666712303577995 49.083712272276514
57.23668395002966 27.666716608595785 49.08382759755682
57.23672489305157 27.666717639817534 49.08385523208674
57.23652260393027 27.666712618184473 49.08371883759891
57.23669788610603 27.6667170343816 49.08383714716449
57.28312758152736 27.70578896212904 49.13852859606928
57.23653375834752 27.666712975092707 49.08372651199309
57.28312277027719 27.705794711996912 49.13852878513409
57.28310907974489 27.70581226753808 49.138530008431125
57.19989463271456 27.70287530606005 49.08078890831766
57.28300947400619 27.705827059198512 49.138474096998635
57.28309415490229 27.70583653610025 49.13853428620996
57.199933503137174 27.702907489782625 49.0808335614162
57.28302292174133 27.705855620290684 49.13849918253253
57.28307433301388 27.705861479735916 49.13853578521553
57.19997518804857 27.70294199952279 49.08088143850381
57.28303752695675 27.705885284017633 49.138525649226125
57.283053778750926 27.705887166058226 49.13853723692298
57.20001879784267 27.70297809971369 49.08093151977585
57.28304408280092 27.705896865796404 49.13853653456549
57.283027220157166 27.705913207331683 49.13853501022625
57.19999112109521 27.70295525146119 49.080899869632724
57.200063478501164 27.703015084211827 49.08098282621923
57.2549426032018 27.754921162385262 49.14548001080061
57.200037143154375 27.702993343658733 49.08095271073794
57.254956032736146 27.75493336400656 49.14549503152588
57.25497080345155 27.754946409894615 49.14551152672679
57.254927796973206 27.754908808599858 49.14546352545155
57.25497916686982 27.754953933205478 49.1455208759194
57.2549941404491 27.75496740598095 49.14553761462103
57.20005780943203 27.70301049866571 49.08097654521549
57.25499142770535 27.75496540133988 49.14553461194436
57.25501935999239 27.754990076112023 49.1455658056242
57.25495942809985 27.754937537179174 49.14549890366335
57.255035843219574 27.755004914461757 49.14558423243011
57.25504376224008 27.75501204507761 49.145593085328294
57.25502409182502 27.754995076407134 49.14557114608657
57.25507051407213 27.755036097660444 49.14562298950645
57.2549869334854 27.75496266418704 49.14552967735372
57.25508758872286 27.755051595767387 49.145642086187614
57.25510127748649 27.75506369448064 49.14565737369573
57.230942569119 27.862766438995372 49.17168814513061
57.29058623886586 27.87362265553772 49.22108535971858
57.29057369850426 27.873690910528097 49.22110355596213
57.21181838556784 27.93140659496703 49.186129820813385
57.29055160962251 27.87381314106687 49.221136359114695
57.21175972282618 27.931532317265493 49.18613533467996
57.21187594020837 27.931485276935184 49.186204542233604
57.29060794396247 27.87362382444611 49.22109861308047
57.29061193638337 27.873621109284493 49.221099951883865
57.290608019214005 27.873638985057145 49.2211043437603
57.29062579449712 27.87356020902125 49.22108529217469
57.337644567465446 27.756325110207428 49.19974134112877
57.33767956029057 27.75628364644429 49.19974114118925
57.371532961794784 27.82634754412672 49.23907986248953
57.43111128337291 27.867424855747267 49.27792694847294
57.43121838302615 27.867468279892318 49.27798446217549
57.482616153029845 27.898358020934715 49.30782573837854
57.482620179637564 27.89835482748904 49.30782685794418
57.482624170342774 27.898351676933608 49.30782797113403
57.48262932176415 27.89834747996624 49.30782937556355
57.48262553668611 27.898350603146316 49.30782835349652
57.139861700284996 28.025730774491457 49.168478762674766
57.21181328147033 27.931610240833926 49.186206734154894
57.21187398643725 27.93150143677536 49.186209474593575
57.2118769179299 27.931583269037958 49.18624414813242
57.29055024380291 27.873904914260013 49.22116997384872
57.290548522500856 27.87391311222448 49.221172032360826
57.290565936146315 27.873831671865567 49.22115176795951
57.29058093374047 27.873762880233286 49.22113482121787
57.29059640203634 27.87369195805369 49.22111735328526
57.482628130116936 27.898348565084362 49.30782907927005
57.48263214149269 27.898345418330138 49.3078302032594
57.482636140922764 27.8983422931351 49.307831326950776
57.48264062413625 27.898338759625865 49.30783257899181
57.48263966295401 27.898339556877346 49.30783232048684
57.139944660520996 28.025737921938187 49.1685445424468
57.14005276520035 28.025736512292525 49.16862629998862
57.21190077424207 27.931612831693606 49.18627390996683
57.290493271948066 27.874157985897053 49.22123125591276
57.29049641377494 27.87414224466758 49.221227206862565
57.290498309947715 27.874141350541798 49.2212279910277
57.29049919680904 27.874138001336615 49.22122725846341
57.290506932700524 27.874106828476663 49.221220133901596
57.290519040985274 27.87405194466067 49.22120669764598
57.290533679121964 27.873983535698745 49.22118968220363
57.482640059924506 27.898339248391647 49.30783243244888
57.48264391119555 27.898336271771825 49.307833522719356
57.48264767515646 27.89833337802617 49.30783459212378
57.48264846497584 27.898332781227932 49.30783481913091
57.48265105624817 27.89833083082776 49.30783556580678
57.4826534309946 27.898329073824698 49.30783625770154
57.48265410739831 27.898328579838285 49.30783645639249
57.48265681343358 27.898326633713285 49.30783725881692
57.48265685333334 27.89832660560151 49.30783727079438
58.16883190061581 28.02033762730726 48.99092518973242
57.48265896443279 27.898325175956625 49.30783791897076
57.48265905080758 27.898325118951192 49.30783794586287
58.16878197612911 28.020317081339435 48.990951224097444
58.11740943553204 28.091797674843313 49.04963137677518
57.460928206609665 27.966002581396936 49.32944176364998
57.46092438545375 27.966011794013873 49.329444155000104
57.46092372813831 27.96601349525494 49.32944463500188
58.117353499907786 28.09188071167197 49.049692982264816
58.11725761569453 28.092016784478307 49.04979664940524
57.46087392201508 27.966141840178466 49.32948067479958
58.11731697671337 28.092252116594256 49.049831191990755
58.11721365688433 28.092075106698545 49.04984292173424
58.02347065284279 28.212598067782896 49.14680469703583
57.46087194810779 27.96614694508893 49.32948211394579
57.46083034952973 27.966255067567324 49.32951276129534
57.460830047400414 27.96625538008619 49.32951270529696
57.46082793508948 27.966260825670464 49.32951423517744
58.01580807111054 28.362178015337715 49.196608951423954
58.015804074757554 28.36217891058682 49.1966116742661
58.01578345001843 28.362191611659455 49.19662836024233
58.01587590552365 28.36214050202905 49.19655546004951
58.023472879486 28.212625172898733 49.14681155577013
57.48341634292984 28.014014190522335 49.33484695131187
57.48341642262117 28.01401225876007 49.33484670926428
57.48341689182806 28.01401870423572 49.33484729475725
58.01575346598722 28.362213780330904 49.196653825341514
58.01574625410034 28.36221449111143 49.19665844413663
58.0156952367143 28.362245877808604 49.196699708588554
57.48341786378545 28.01417298730117 49.33486440942475
58.01562195093351 28.362292350641994 49.19675943622461
58.01562018613748 28.36229138353125 49.196760194585806
58.015588722357826 28.362310579939486 49.19678559112775
58.01569308240509 28.362253353433488 49.19670345555039
58.0156842534783 28.362252622344677 49.1967085880906
57.48341739297467 28.014203887409064 49.33486803826249
57.483412521272925 28.014332594066254 49.33488403275693
57.948591118679076 28.318791665083612 49.22088738531439
57.94858885311466 28.318785945857456 49.22088670678919
57.94858976545039 28.31878901225227 49.22088726238846
58.015551594239184 28.362338011143855 49.196817117282926
58.01555045051769 28.362333918088126 49.19681647902554
57.48340499261173 28.014446856283342 49.33489920025258
57.483402017234745 28.014495243619017 49.33490555901771
57.94862582896087 28.318893091667015 49.22090288714655
57.94860563010637 28.31884186263793 49.220896749379335
57.94861398024605 28.318869751405572 49.22090176925059
58.015472864146986 28.362389029198937 49.19688163818084
57.483383650847315 28.01466296521223 49.33493003325248
57.95160085451614 28.380876152413805 49.2333987585586
57.94862330396906 28.318900853015627 49.22090736004333
57.95157759814998 28.380865176509566 49.233403741009695
57.45162386889726 28.082903042845864 49.34539147551449
57.45162909499792 28.08290177268334 49.34539058886531
57.94820250650876 28.389027433071448 49.23719666703448
57.94819918220939 28.389026749918997 49.23719763442995
57.94819415694802 28.389025843155395 49.237199056219865
57.95159478129351 28.38087300634139 49.23340053007918
57.95157557268729 28.380864188966935 49.23340422810445
57.5542746756027 28.139345659139305 49.329205182973524
57.948183055502994 28.38902410235282 49.23720211256391
57.94817624620457 28.38902266872872 49.23720410517488
57.948165921858276 28.389020898607654 49.23720699630759
57.94822167419095 28.38903150453939 49.23719104639984
57.55458042254716 28.139567373310264 49.329143959766235
57.948160736503226 28.38902045265055 49.23720830553636
57.9481521119056 28.389018577570376 49.23721084846423
57.94813840338435 28.389016333093565 49.23721465314314
57.554610041328644 28.139589079571216 49.32913805871432
57.55487636731566 28.13978408899029 49.32908497556791
57.94813590208936 28.389016561264697 49.23721514178701
57.94812680621902 28.389014499529445 49.23721785080866
57.94811262685574 28.389012347012454 49.23722173167117
57.556997713949485 28.233914606851542 49.3303680509017
57.94810831320889 28.389012421098645 49.237222677333435
57.948100555431694 28.389010573331973 49.23722501662819
57.94808823625788 28.38900883997012 49.23722834427301
57.604635621032074 28.30745068934406 49.31496723985785
57.94807858473834 28.38900814042478 49.23723073907234
57.94807347117642 28.389006839910067 49.23723230763723
57.94806462641441 28.389005668197065 49.2372346733145
57.604604561067745 28.307464543079142 49.314972437740735
57.60460652899684 28.3074636658311 49.314972108585884
57.604604934512636 28.30746437757837 49.31497237561643
57.94804750441719 28.38900382659461 49.23723911534424
57.948045634313786 28.38900330482205 49.237239703869605
57.948042342387126 28.389002920536484 49.237240567647135
57.60455871343962 28.307484884159955 49.31498007259111
57.604567956190735 28.30748080750822 49.31497854180062
57.948059895832984 28.38900743837329 49.237235165941655
57.919351835979285 28.38313644159797 49.243471439436775
57.6045084615961 28.307507151962227 49.31498843136197
57.60452875075262 28.307498202488723 49.31498507083518
57.919349854121776 28.38313697328129 49.24347163459694
57.91934958286745 28.38313701764517 49.24347169549323
57.91934330368541 28.383138629976095 49.243472400732855
57.604497468017826 28.307512127470744 49.3149902962104
57.89396476123456 28.37418464765441 49.24985924068055
57.89395982093072 28.374183509252923 49.24985992743799
57.893952191985875 28.3741831122143 49.24986102946406
57.66791454035551 28.366293920813096 49.299817364632474
57.89393024724181 28.37418195710446 49.24986419905687
57.66801140152134 28.366535256786154 49.29978288368126
57.66794638509755 28.366351030631375 49.29980740383537
57.78383861307567 28.382738844491254 49.27450752507886
57.86051325118681 28.421340922546083 49.25636646862783
57.86052751434637 28.42133138279671 49.25636405216261
57.86044398895018 28.421385890624038 49.256378152579046
57.860691549873835 28.42122511802114 49.25633638947244
57.89392897610351 28.374181881953007 49.24986438240251
57.80745937444469 28.548504212487455 49.25771227134936
57.783876896916 28.382781591483123 49.27449659137244
57.80752065863541 28.54854857366885 49.25769642755637
57.81546765995171 28.477301760836724 49.259917396059365
57.445649422883875 27.533103495866122 49.08573799139464
57.44564194875991 27.533108323493522 49.085738979624914
57.34439422100048 27.53295901093466 49.03208097513517
57.44563458588801 27.53311307948273 49.08573995374714
57.34441693501165 27.532964309737977 49.032098397198546
57.4456267208181 27.53311815969542 49.08574099385514
57.34433170529245 27.53294470640232 49.03203339941963
57.4135628055784 27.590372540454076 49.12459819581898
57.41356238223571 27.590375669219398 49.12460095804833
57.344355812323776 27.532950331775528 49.03205189210453
57.41355955945102 27.59039572752267 49.12461865869015
57.41355927430415 27.590397836300305 49.12462052043702
57.413557163014815 27.590412582583618 49.12463353084192
57.413556143540376 27.590420133827436 49.124640197617325
57.41355601383498 27.590421092124327 49.12464104364642
57.413553611549204 27.590437956457425 49.12465592365355
57.413554304747734 27.59043327893801 49.124651798444944
57.41355256622436 27.59044567652239 49.124662739256294
57.23317486257862 27.594011602041444 49.02720470826071
57.41354992508808 27.5904642978594 49.124679170353396
57.41354901655231 27.59047100866067 49.124685094944525
57.23323422802639 27.59404223596229 49.027266285186684
57.413546106164745 27.590491588414164 49.12470325472215
57.413545313486836 27.59049744052364 49.12470842119386
57.327304627388756 27.603077095696115 49.0868226308793
57.41354218696161 27.59051959577342 49.12472797168471
57.41354147671818 27.590524839304074 49.1247326008793
57.24007878374243 27.641188099518004 49.067447918299216
57.41353815327235 27.590548420906856 49.12475341034299
57.41353747611211 27.59055341754445 49.124757821544875
57.24010440042983 27.641202247659386 49.06747571940663
57.32440033120619 27.63031103366852 49.10675566469523
57.413533314239444 27.59058315946516 49.124784069290925
57.24012918353027 27.641216494335303 49.06750306322452
57.32437739867537 27.63033763365191 49.10676646202208
57.32444647069175 27.630326088445038 49.10679966211778
57.23681846758211 27.66671978037914 49.0839179754542
57.29869476448607 27.664427012715635 49.115794379010254
57.32441514243885 27.630355168189155 49.10680745563567
57.236830324129585 27.666720149296452 49.083926112865875
57.29127115978253 27.68306963106675 49.125804304626534
57.294932434915296 27.68438094950461 49.1289618915615
57.236844554836836 27.66672057962466 49.08393585581376
57.29113671883718 27.68747071977677 49.12912480527201
57.348810360204965 27.703455916291816 49.1706732845309
57.283239454834614 27.70577745146051 49.13859432203547
57.33723866836863 27.72485584548774 49.18038674104511
57.3372350157589 27.724859476932778 49.180386468686535
57.2832528600381 27.705802632134848 49.13861744008712
57.33721513154374 27.72487926114421 49.18038500058785
57.28313427456786 27.705815115346162 49.13854793249592
57.28326875684775 27.705829537112443 49.13864315864747
57.3371941550199 27.72490008579395 49.180383407403795
57.28314769524739 27.70584247934316 49.13857231353767
57.33716381281447 27.724928909194425 49.18037985808905
57.337172463560094 27.724921611684962 49.18038175175755
57.28316293936919 27.705871275045407 49.138598695167374
57.33714598756791 27.724947284581855 49.1803791550459
57.33714991407325 27.724943971657645 49.180380013951876
57.28317855227567 27.70590099269306 49.1386258443292
57.33713520004537 27.724958432263808 49.18037875566226
57.337124872815394 27.724968578121295 49.18037786915689
57.28305454863215 27.70591628629667 49.13855444646437
57.33772876787516 27.756131653560082 49.199700466220655
57.337743224282534 27.75611577674812 49.19970092382502
57.25498451390757 27.754958169225294 49.145526813922785
57.337702183396864 27.756171275344585 49.19970411970057
57.33771026403467 27.756162434325297 49.19970438996256
57.255043256602605 27.755010386178693 49.14559243769229
57.33767497629097 27.75621208235249 49.199707969665425
57.33767529562968 27.756211743147613 49.19970798473659
57.25501949982557 27.75498979945769 49.145565934397744
57.30893604269223 27.77411237820747 49.18733065076222
57.33767416008352 27.756213329950903 49.19970809525138
57.33763797159396 27.756264058811553 49.19971168593018
57.255081318402375 27.75504478513549 49.145634996719444
57.30893575258774 27.774130473513598 49.18734174017026
57.30893595980804 27.77413126626113 49.187342275191156
57.25505654721462 27.755023336183406 49.14560736288931
57.255144533016434 27.755101031064555 49.14570561992997
57.30893568548876 27.77413580590623 49.187345012152505
57.30893502896828 27.77414698736589 49.18735175776064
57.25512002268733 27.755079826429125 49.145678278366404
57.3089338889014 27.774161697938922 49.18736057061381
57.30893416828435 27.774162855079393 49.18736134639666
57.290599256372076 27.8735637439937 49.22107094960859
57.2906150405107 27.873488730864537 49.221052133771536
57.290601655800934 27.873560888097977 49.221071295106114
57.29057413671387 27.873690772442707 49.221103762894884
57.29057724221217 27.87368741367918 49.221104336654754
57.2905788759173 27.873685517001082 49.221104589831285
57.2905522218216 27.873812850682896 49.22113661165062
57.29055535791986 27.873809287684374 49.22113712687519
57.29055699275013 27.873807449788067 49.22113740276315
57.290530210738346 27.873934412830536 49.22116921004462
57.29053341710873 27.873930340838427 49.22116957585179
57.29053613591923 27.87392676901843 49.22116984139613
57.29060865473911 27.873640187213624 49.22110516987141
57.290613512021835 27.873631038202426 49.22110460617232
57.338876035990154 27.901153611923554 49.25727045314712
57.33887271684398 27.901143924893294 49.25726509955813
57.37149606660183 27.826332213893743 49.23905906318156
57.431077970247046 27.867413584955983 49.27790953294812
57.431174871404366 27.867452692269666 49.2779615314112
57.48261160508102 27.898361777108377 49.30782451119924
57.482615353308304 27.898358802602782 49.30782555290325
57.48261919713165 27.898355748253728 49.30782662017937
57.48261826440421 27.89835650301 49.30782636460053
57.48262378789046 27.898352028247512 49.307827876803756
58.168877620980886 28.02034118747951 48.9908994036969
57.2905113313371 27.874050614559817 49.221201646902244
57.290514957013485 27.874043984944368 49.22120130099151
57.290531359381575 27.873955214943834 49.221177690410855
57.2905180039123 27.874038526472134 49.22120105262134
57.290546349626624 27.873929612405725 49.22117693815003
57.290555800952106 27.873893604405538 49.221169012897164
57.29054458788177 27.873944304794087 49.2211814086307
57.2905685351432 27.87383700009695 49.22115530088334
57.290581625197916 27.87377889487515 49.22114123603198
57.290594300391994 27.873723562698288 49.22112796632071
57.290606705595266 27.87367023607205 49.221115289420325
57.48261907075366 27.898355866246405 49.307826589485124
57.4826228863363 27.89835285486165 49.30782765405449
57.48262665356016 27.89834989607341 49.30782870874154
57.48263050839872 27.898346869278846 49.30782978815932
57.48263430144155 27.898343906355258 49.307830854113305
57.48263515158534 27.898343246675246 49.30783109413069
58.168861102507876 28.020334370945427 48.99090801530707
58.16879403177376 28.020306736483224 48.99094298691713
57.29051657000933 27.874048489215884 49.22120394272835
57.290515973768606 27.87406338220623 49.22120917657553
57.29052155872947 27.874044485201985 49.22120538635204
57.29053057937476 27.874007021887714 49.22119666097973
57.29054266649802 27.873952992315083 49.22118353262893
57.482637986056375 27.8983410471896 49.30783189436417
57.482641616486646 27.898338242770755 49.30783292249497
57.48264633593521 27.898334521362763 49.307834240083125
57.48264410304975 27.89833634143639 49.30783363155696
58.16877346364099 28.02029825153614 48.99095371009214
58.168703795719225 28.0202695554404 48.99099003698973
57.48264502897818 27.898335636210895 49.307833896287754
57.4826481807588 27.898333265884965 49.30783480496408
57.48264930598829 27.89833243391905 49.30783513294499
58.168800195521214 28.02031825238073 48.99094091689916
58.16867909861985 28.02025941225208 48.99100291854133
58.16860359689079 28.0202281323972 48.99104226431484
57.482650999014574 27.89833119339716 49.307835629243414
57.48265663890261 27.89832677966847 49.3078372121756
57.48265271028006 27.898329966926042 49.307836137747074
58.1687010093072 28.020277612820543 48.9909926629061
58.16857383789345 28.020215649753958 48.991057752861806
58.11723725562904 28.091594384257327 49.049679249376624
57.48265344219534 27.89832945125141 49.30783635746076
57.48265830022683 27.898325726271008 49.3078377401833
57.48265512462615 27.89832829415625 49.307836869582204
58.11730594875442 28.091797206184264 49.049697750555936
58.117210356684474 28.09163032967372 49.04970764348356
58.117084915995825 28.091794766099206 49.04983907076928
57.460924656777635 27.966005429700182 49.32944062038301
57.46092030342957 27.9660218150175 49.32944681534836
57.46089084003876 27.966093330976385 49.329465537632814
57.988775001142905 28.081300532758696 49.12428619737848
57.98875184246414 28.08125083821369 49.12428479600782
57.98875733190977 28.081274788270385 49.12428831546791
58.117181751648744 28.092015616912818 49.049845052121455
58.117073613261425 28.091809405676308 49.04985085829308
57.46088549602581 27.966107224552236 49.32946947683768
57.46084854696416 27.966203117754034 49.3294966136611
57.98817438867509 28.135503753803093 49.140674861395745
57.988136549221664 28.13540350402006 49.140667743423236
57.98812515314654 28.13547917377167 49.14069459323003
58.02346794643003 28.212598604234614 49.14680656699798
57.46084681165749 27.96620762732004 49.32949789164809
57.460811749008926 27.966298707093845 49.32952369153946
57.460807278748675 27.966310238563864 49.329526933357144
58.01574097399224 28.362215030165792 49.1966618318224
57.980430320384386 28.28502642034904 49.19050654404974
58.015677053713716 28.36225029687649 49.19671220993895
57.48340340106229 28.014047389065464 49.334854607727465
57.48340438792923 28.014062033654163 49.33485596194254
58.01561478871335 28.362290041879355 49.19676304067856
57.94851446152764 28.318575531273815 49.220856059352315
57.948519520730144 28.318594247064574 49.22085977351105
58.01568304285411 28.362252597952295 49.196709316588034
58.01567372546518 28.362252336363092 49.19671489928879
57.48340516251071 28.014207012288104 49.334872086394
57.94853736935346 28.318656209381444 49.22087137271979
57.9485314787727 28.318641354606896 49.22086961425403
57.94853354556069 28.3186487337019 49.22087103290798
58.01554898007004 28.362332405888072 49.19681688067342
57.948523978207604 28.318610742299896 49.220863047932156
57.48340477035782 28.014225449911343 49.334874285274424
57.48339974413379 28.014357122350177 49.334890661099664
57.9485678689628 28.318746210592824 49.220885319055995
57.94854442317341 28.31868679365131 49.22087821206666
57.94855256424475 28.31871609783117 49.22088388816391
57.483393469277544 28.014452107850847 49.334903274681224
57.48338948514255 28.01451009449 49.334911021377614
57.94857658849118 28.318795801290015 49.22089813276949
57.948571149676745 28.31878186049486 49.220896425829
57.94857345200988 28.31878957767718 49.220897820131015
57.94860117844196 28.318844503793763 49.22090055037155
57.948556755947145 28.31873131506279 49.2208868584115
57.45159464993486 28.08291069585836 49.345397114464944
57.95154607981435 28.380850318115282 49.23341046531672
57.951539327411965 28.380847234839194 49.23341173788721
57.9481684724199 28.389020709216098 49.23720648408958
57.95157310110142 28.380863056486618 49.23340470047244
57.45160239799496 28.082908796681266 49.345395780080835
57.4516088436248 28.082907190397265 49.34539463743101
57.948165767718784 28.389020455648534 49.23720717374321
57.94815645298729 28.389018536619147 49.23720988595436
57.94813982961965 28.389015598789243 49.23721456928746
57.45161737162354 28.082905437100308 49.34539358531184
57.948144350099675 28.38901685919334 49.23721314695486
57.94813303556309 28.389014418218125 49.23721647689926
57.94811127737672 28.389010726076016 49.23722255750288
57.55457640521159 28.139567061084282 49.32914510474243
57.5545094098425 28.13952465105057 49.32915932808412
57.55456858244288 28.139566868349064 49.32914738866823
57.948120587058014 28.389013033358808 49.23721972127068
57.94810847115333 28.389010263412587 49.237223337378346
57.948085832275424 28.389006701789466 49.23722957385438
57.55484839032316 28.139771261925247 49.32909155452306
57.948094181881515 28.389008985353072 49.23722696105676
57.94808323165334 28.389006311964398 49.23723028403851
57.94806283096514 28.3890033618436 49.23723582033229
57.55697204290951 28.233907352089794 49.33037367614541
57.94806580745745 28.38900482219033 49.23723468057679
57.94805742364548 28.389002623224847 49.23723727379179
57.8537475246151 28.33967706746929 49.26278380806505
57.55720036863636 28.234124842096875 49.33031422311942
57.55718862441583 28.23411413393695 49.33031725167848
57.55719898054588 28.23412405908666 49.33031455135243
57.94803623626093 28.38900064605406 49.23724267326804
57.853732220217985 28.339670827100385 49.262787257395814
57.853717486321244 28.33966515698902 49.26279053932454
57.604597617507224 28.30746750250976 49.31497355183416
57.85371871998535 28.33967102265709 49.26278964467787
57.85369621502679 28.339657504935722 49.26279521605255
57.853692387862765 28.33965623043914 49.26279604573725
57.60456419210893 28.30748236325387 49.314979128844016
57.91934951329945 28.383137027543093 49.24347171289217
57.85367795967694 28.339653487197065 49.262798936563044
57.60453564489249 28.30749508653686 49.31498390284648
57.893951391414035 28.374181538459055 49.24986109836956
57.85367140855195 28.33965158779172 49.26280032432248
57.85365793498427 28.33964772807668 49.262803173123714
57.604522047291525 28.307501270701273 49.314986219902806
57.893916944058674 28.374178801714688 49.24986604560484
57.89391432944031 28.374178132617004 49.24986640703401
57.853617331375865 28.33963049301693 49.26281240249793
57.66792586250979 28.366295559755823 49.299814977857096
57.604522817067604 28.30750095460658 49.31498610056772
57.66802700901302 28.36632324065833 49.2997928489528
57.86058797760188 28.421290952695152 49.25635380884833
57.853550407317286 28.339596509727727 49.26282825575198
57.78397836078348 28.382551393389257 49.27448838341555
57.89392832220321 28.374181718106154 49.24986447290024
57.78386902292911 28.382738615174425 49.27450090716208
57.783833496701135 28.38253746142446 49.274520817801985
57.86035052377641 28.42144658858312 49.25639391996533
57.783951963489315 28.382569052885145 49.27449307232995
57.44569218683463 27.53307588529972 49.08573236761533
57.445683735119985 27.53308134292214 49.08573348117281
57.44568595800705 27.533079908795663 49.085733191793224
57.44567052891368 27.53308986827201 49.08573521449907
57.44567854280024 27.533084697886853 49.08573417092337
57.44567945021137 27.533084112455263 49.08573405278757
57.44566492699526 27.533093487692568 49.0857359581102
57.445675839886164 27.533086444348328 49.08573452998261
57.44567216759009 27.533088816266613 49.08573501536461
57.44565073241719 27.53310265102388 49.085737820975375
57.445659088061895 27.533097260169463 49.08573673296551
57.44566523603411 27.533093293670785 49.08573593247762
57.44564445611297 27.53310670587819 49.08573865331745
57.445652999893866 27.53310119360976 49.08573754071944
57.445658081787855 27.533097914930362 49.085736879081225
57.44563793405148 27.53311091939691 49.08573951795424
57.44564663719221 27.53310530438494 49.08573838480024
57.44565066392735 27.533102706457747 49.085737860529534
57.44563112786607 27.53311531648565 49.08574042029667
57.4456400200621 27.53310957948015 49.0857392624715
57.445642936386534 27.533107697972692 49.08573888281836
57.41356171610615 27.590380594104687 49.12460530599884
57.41356071960902 27.59038798082742 49.12461182757842
57.41356048722305 27.590389699885534 49.12461334526366
57.41355845377095 27.590403902405846 49.124625875914205
57.413557392149315 27.59041176370798 49.124632816410525
57.41355732016207 27.590412295784635 49.12463328615466
57.413555004410526 27.590428554488156 49.124647631812024
57.413556151066174 27.590420636567693 49.12464064689624
57.41355400217806 27.59043596883471 49.12465417763559
57.41355243420733 27.59044665226309 49.12466360068913
57.413551375581335 27.590454495015564 49.12467052484384
57.41355054030113 27.59046067681183 49.12467598252377
57.41354873259172 27.59047310692465 49.12468694739242
57.41354767161232 27.59048097045742 49.12469388992597
57.41354693956052 27.590486385964873 49.12469867105533
57.413544885975924 27.59050060138884 49.124711211775185
57.41354384323341 27.59050833659264 49.12471804107637
57.41354320098775 27.59051309365364 49.12472224094786
57.41354095950215 27.590528664828923 49.12473597827153
57.41353991576577 27.590536410607122 49.124742816939744
57.41353930773779 27.590540912417385 49.12474679144023
57.41353686772099 27.590557913984753 49.124761791226106
57.41353584165135 27.590565534920636 49.12476851973305
57.41353524714702 27.590569938559895 49.12477240758062
57.41353268918708 27.590587780377184 49.12478814887498
57.41353162427516 27.590595685534332 49.12479512827885
57.413531013915 27.590600206066703 49.12479911932261
57.41352830815619 27.590619103451033 49.12481579216616
57.413527178120574 27.590627483297485 49.12482319058495
57.41352660899902 27.59063169927073 49.12482691275093
57.38588891951872 27.626381024005937 49.13521056034765
57.38589939770458 27.626380671470788 49.135220390531906
57.41352202220422 27.590664494123345 49.12485585492509
57.348828861954445 27.70344460491814 49.17068173276414
57.35246786125818 27.70206446293894 49.17162528884979
57.35247199833856 27.70206188197581 49.1716272772082
57.34882435850102 27.703447374539877 49.17067971623594
57.35246438313931 27.702066672104984 49.171623645880985
57.35246676978396 27.70206518320331 49.17162479297112
57.33723587833525 27.72485874865536 49.180386656899145
57.337258587003305 27.72483946638833 49.18039150722895
57.34105574133852 27.721731571712134 49.1802197508062
57.341052315284635 27.721735128730963 49.180219657861954
57.33722049504203 27.724874726822925 49.18038616524639
57.33724360335666 27.724855083834306 49.1803910804545
57.33726102119274 27.724840293190866 49.1803947998562
57.337204401032835 27.724891410922147 49.180385619960475
57.33722788363421 27.72487143668478 49.18039060223778
57.337241377224004 27.724859980760073 49.1803934859372
57.33718763271069 27.724908764995547 49.18038502398059
57.337211462141816 27.724888502494228 49.180390086310695
57.337220302550435 27.72488099994481 49.1803919783345
57.3371701269176 27.724926849920816 49.18038437076308
57.33719429686054 27.724906311602602 49.180389518582786
57.33719842145346 27.724902810039445 49.18039040021297
57.33712761321287 27.724966263272947 49.18037846603599
57.33779881371947 27.756044389286643 49.19969822690631
57.337827999154754 27.75600934303999 49.19969786018109
57.33781964274891 27.756021265175363 49.19969877906917
57.337750931358414 27.756107269926275 49.19970114946432
57.33777333061107 27.75608234693439 49.19970171926293
57.33778903947971 27.756064959835232 49.19970215840664
57.337724518173474 27.756146759040128 49.19970483227566
57.33774706961964 27.756121653052 49.19970540005829
57.33775607432695 27.756111742521306 49.19970567600864
57.33769737635515 27.75618736617477 49.19970862904459
57.33772005104076 27.756162228239273 49.19970924531088
57.33772215777261 27.75615990696125 49.19970930874199
57.337647389732254 27.756253755092064 49.19971200120941
57.33766970604387 27.756229008631777 49.1997126052217
57.337714406443446 27.756170775136606 49.19971007887466
57.33768439914424 27.7562128678511 49.199713068585254
57.33761928819828 27.756296075841576 49.199716051995736
57.33764164738602 27.756271424338696 49.199716718610304
57.33764689485267 27.756265672072637 49.199716889364964
57.30893551266311 27.774148861497636 49.18735302121611
57.33759093948605 27.756338890602084 49.19972019091158
57.3376275595875 27.756292803749744 49.19971881973616
57.337608217580986 27.756319967843183 49.19972076067847
57.30893525208076 27.774167166265652 49.18736424634478
57.3089365846804 27.774172168765663 49.18736762809017
57.308937055918996 27.774173903202858 49.18736880264867
58.50792440383984 27.967860502578603 48.77693576325818
58.50783693294231 27.967891337486442 48.77699477090448
57.29060259928926 27.873559013008407 49.22107114886773
57.29060676983575 27.873549015194975 49.22106986135353
57.290613293208494 27.87352598771392 49.22106507597229
57.29061072007845 27.873539946955177 49.221068792422116
58.507674340027705 27.96794914230057 48.777104480789944
58.507667580197136 27.96795103518845 48.77710901574133
58.295050752233735 27.958350101839624 48.904592766100265
57.29058071176682 27.873681837429082 49.221104293650896
57.29058498778943 27.873671120290382 49.22110279861559
57.29058861575982 27.8736625836563 49.221101738798815
58.29474294867315 27.9583922095442 48.9047853491051
58.29466696031116 27.95838505040767 48.90482948860344
58.294455164100036 27.958404168584902 48.90496009168519
57.29055880304854 27.873803906281683 49.22113714253085
57.29056309434185 27.873793057464464 49.22113560712324
57.29056742486433 27.87378231453126 49.22113413459061
57.29057526450917 27.87373871540071 49.22112241059739
57.29056783221147 27.87378132777728 49.221134004993914
58.168698306711136 28.020255172101812 48.9909913543671
58.16865195479832 28.020232717821486 48.99101509519541
58.16862018701115 28.020219307205227 48.99103161837051
57.29053678786625 27.873925537755873 49.22116976450687
57.290541025256275 27.873915020758567 49.22116832172893
57.29054561157987 27.873902585024467 49.22116636530991
57.290549341184374 27.87389342178983 49.221165130481666
57.338884262517574 27.901178484377112 49.257284001282926
57.40924761558138 27.935175774539545 49.29951368219275
57.43110776218111 27.867426783205193 49.27792576872339
57.482607306242286 27.898365283886008 49.30782334031635
57.482611083427244 27.898362266508364 49.30782438509179
57.482615008537906 27.89835912279867 49.30782546874164
58.16860567415741 28.020216226170493 48.99103955493335
58.16855912482669 28.020193568149253 48.991063383100645
58.16852690585887 28.020180071716794 48.99108015428061
58.168832065079066 28.020320274882547 48.99092288413645
57.29051873511611 27.874036829171967 49.221200847730714
57.290523537329676 27.874022855622442 49.22119844199126
57.29052896104538 27.874005368013478 49.22119508518492
57.29054755552572 27.873905308781485 49.22116853463061
57.290535111126715 27.87398380066238 49.221190627055165
57.29054524012551 27.87393067951391 49.221176683325076
57.2905430933141 27.8739510803704 49.22118306751806
57.290548232605275 27.873926992704696 49.22117706731825
57.290554470914216 27.873905689255867 49.221172760260245
57.29056289503515 27.873872701892466 49.221165361476096
57.29057181574609 27.87383743701553 49.22115740166349
57.29058126142898 27.87379967144034 49.22114881387014
57.33894262385893 27.901356619453765 49.2573806600547
57.40920924968414 27.935306810078785 49.29955277188715
57.409286779815204 27.935322478776676 49.29958893163854
57.409367619786295 27.935341538188638 49.29962775259038
57.460497813333596 27.96354642673035 49.32865801012447
57.482610323135674 27.898362979670114 49.30782420126444
57.48261401182031 27.89836004751089 49.307825225193234
57.48261771130363 27.898357115744325 49.307826254365324
57.482621423612315 27.89835418180634 49.307827289104836
57.48262514293157 27.898351250336265 49.30782832780196
57.48262877278894 27.898348404883144 49.307829345394055
57.48263380151292 27.898344344337904 49.30783072549353
57.48262921968739 27.898348056285137 49.30782947110927
58.16850489275019 28.020173885617115 48.991091999692756
58.168461906244985 28.020152871637286 48.99111399259215
58.16842883074846 28.020138959981125 48.991131202437025
58.16873986723142 28.02028186745637 48.99097090383876
57.48263235345111 27.898345611057408 49.30783035246289
57.482635870560415 27.898342880042517 49.30783134496549
57.48263926680151 27.898340261525032 49.30783230802424
57.482639503659726 27.898340080821278 49.30783237566828
58.16839870490718 28.020129345284847 48.991147266982566
58.16835584270187 28.02010828429202 48.99116918255328
58.06777807317354 27.973051227726195 49.03810777428045
58.16864072481326 28.020240587727187 48.99102254313419
57.48264244980926 27.898337835454303 49.30783321763285
57.48264587036752 27.89833522385942 49.3078341940094
57.48264505583787 27.898335884581872 49.307833971221235
58.050751321331084 27.993848174558693 49.057434752366525
58.05070173795065 27.993836148565208 49.05746205439057
58.05061755545802 27.993825764192117 49.057510244714834
58.16853643615812 28.020197271097985 48.99107687638296
57.48264533696885 27.898335675426143 49.30783405284116
57.482648068506954 27.898333653698863 49.30783484850269
57.482648893860386 27.898333061179013 49.307835093510434
57.988607660459564 28.080889028527615 49.124262343443796
57.93918201300593 27.96234691448076 49.11266381577658
57.98857473533651 28.080841066933374 49.124266293227365
58.117191589812634 28.091592663939423 49.049708070716314
57.46091410037792 27.96602667992562 49.32944475141804
57.460897871867516 27.966069246724174 49.32945693499512
57.98865127201988 28.08103319730347 49.124278230022696
57.98858841402023 28.08089718034649 49.124274129275435
57.988603857326765 28.08096398377718 49.12428387999645
58.117066352302075 28.091794134858304 49.04985080801808
57.460883193554494 27.96610766685255 49.329467907288915
57.46086103549936 27.96616556877723 49.32948441410437
57.98869907394821 28.08118940721244 49.124295168733354
57.98861253685844 28.08100142723599 49.124289333497956
57.92151703905774 28.037380982641174 49.148405675490565
57.46085106403677 27.966191583243564 49.329491817507254
57.460822996895345 27.966264687489556 49.32951258556538
57.98030647164515 28.284974249471148 49.190561255759846
57.938117114909204 28.158184473279007 49.17851134525594
57.9137990666854 28.18714524433227 49.198293264371074
57.98808312009716 28.135457414450336 49.140711226308824
57.92151269690189 28.037395257630823 49.14841191486982
57.46081842637648 27.966276600585893 49.32951597256997
57.46078901197014 27.966353321438053 49.329537800868025
57.46078617840998 27.966360649817048 49.3295398669145
57.94848500662448 28.318501792585653 49.22084746627202
57.94846420548494 28.31844963361081 49.220841366556016
57.94847092504121 28.318474191029214 49.22084618844051
58.015673416698014 28.36225230126533 49.19671507567911
57.48338905899459 28.01408958021558 49.334863701896005
57.483389985718 28.014103364796497 49.33486497724597
57.94848906422094 28.318534385560675 49.2208569493776
57.94848132540938 28.318514836071756 49.2208546266437
57.94848367979995 28.318523835169056 49.22085646213981
57.94850992437971 28.31857546336453 49.22085891241073
57.94847369331536 28.318484351672893 49.22084819107528
57.48339068641508 28.01423980405699 49.33488016049182
57.948515575397224 28.318613680897464 49.22086946540108
57.94849148272821 28.318552520351293 49.22086212375613
57.94849955291167 28.318582237348593 49.220867997534754
57.48339031438393 28.014257151126795 49.33488223024095
57.48338556825048 28.014381021562116 49.334897641104305
57.9485216971336 28.318655096764004 49.22088090294224
57.94851147672375 28.318628873888358 49.22087768575477
57.94851489318009 28.31864160094343 49.22088022659872
57.94854469217806 28.318700598388673 49.22088314819011
57.94850219507789 28.31859226243448 49.22087003002048
57.483379655006274 28.014470380408202 49.33490951054457
57.483375904408675 28.014524934842797 49.334916799406784
57.948552315887014 28.318747524231846 49.22089567124033
57.948523579084565 28.318673393896237 49.220886477744855
57.94853500624009 28.318712918082568 49.220893849959474
57.4515741478415 28.082916320483605 49.34540138598733
57.948117055127895 28.389010982111607 49.23722117634838
57.94811582530632 28.389010736505064 49.23722153193865
57.94811313307658 28.389010259874 49.23722229069523
57.94815013556993 28.38901724577915 49.23721172198165
57.948539627590954 28.31872879968597 49.22089679342595
57.451581464278135 28.08291452731696 49.345400126200715
57.45158756287847 28.082913007483747 49.34539904503261
57.948095200411885 28.38900728016766 49.23722728180789
57.85371566235358 28.339642193291628 49.262793505286254
57.85369830747926 28.339633264663433 49.26279762972203
57.948129726587354 28.389013711571653 49.23721744842403
57.451595673871466 28.08291133583893 49.34539803931605
57.85368843834428 28.33963119430181 49.26279962939701
57.85365100646886 28.339609154081284 49.26280884512428
57.85363194578747 28.339599604920085 49.26281334539301
57.94810713006976 28.389009965577724 49.237223734812275
57.55447459005218 28.139515053101782 49.329168349708475
57.554516013744774 28.139544691950885 49.32916000262618
57.85362249924856 28.33959818366806 49.26281519500014
57.85359366137078 28.339581096789907 49.26282230717444
57.853581934960765 28.339575497710808 49.262825044104815
57.94808194281087 28.389006001683754 49.23723067374258
57.55478396446396 28.139739361903267 49.32910639543836
57.85354981281078 28.33956173948154 49.26283235978477
57.853543688343606 28.33955808456089 49.26283387323727
57.853542027916546 28.33955738344335 49.26283425023567
57.85374453880451 28.3396707783896 49.262785064150975
57.55688747970572 28.233872906812326 49.33039285587904
57.853669787586554 28.33963351737137 49.26280269141522
57.853523202969754 28.33955140285712 49.26283829810819
57.55717176418358 28.23411108732855 49.33032084041167
57.55709470175745 28.234074371003743 49.33033864692753
57.853588007641115 28.339592535683167 49.26282200110073
57.853515553403966 28.33954901485516 49.26283993811663
57.85350537079054 28.339546183896445 49.262842081201086
57.557125416214184 28.234104189131095 49.330330614717646
57.604564465447766 28.307481910883823 49.31497896805638
57.853500471846615 28.339548400902864 49.26284270074041
57.85349320874363 28.339544015666032 49.26284450140978
57.85349216646166 28.339543733169165 49.26284471993701
57.60454294236312 28.307491559301297 49.31498258680539
57.85362690103763 28.33962474212428 49.26281135557329
57.85348356279185 28.339544019283665 49.26284622277895
57.604536241944125 28.307494726998797 49.314983770471244
57.85353479976151 28.339578215639143 49.26283314514363
57.853476192108076 28.33954268170859 49.26284769222842
57.85344824807387 28.339529390108495 49.262854208468724
57.604524932502834 28.307500000199106 49.31498574277039
57.60454038205094 28.307492971677153 49.31498310940938
57.66794159764872 28.366113062733582 49.299823091263534
57.85346240679824 28.33954297213303 49.26285011948828
57.85340177451114 28.339506082313008 49.26286518386791
57.81718842052736 28.33527111387676 49.26803483780946
57.78383129913915 28.382525540632095 49.274522017855915
57.66795579234306 28.366127836025342 49.29981931215122
57.783946769218616 28.38254463973173 49.274495681276534
57.78390813525993 28.38236274667875 49.27451510502222
57.445732855070425 27.53304962549376 49.08572701306642
57.445727128931146 27.533053323817967 49.08572776947314
57.44572827276849 27.533052585827868 49.08572762049121
57.44571638675578 27.533060258688963 49.085729179915816
57.44572419620445 27.533055219292123 49.08572816048173
57.44572322196382 27.533055848637503 49.08572828949089
57.44571248776256 27.533062778420927 49.08572969905087
57.44571835706958 27.533058991584245 49.08572893450578
57.44570082240462 27.533070309217138 49.08573123055005
57.44570833750531 27.533065460489247 49.085730251522136
57.44571300211155 27.53306245091437 49.08572964389539
57.445696279079726 27.533073245075276 49.0857318347276
57.445703971339356 27.53306828202494 49.0857308325663
57.44570738014542 27.533066082692063 49.08573038854469
57.445691512624904 27.533076325062122 49.085732468424844
57.44569937366515 27.53307125311068 49.08573144426425
57.44570145486619 27.53306991034284 49.08573117318775
57.44568652546132 27.533079547604068 49.08573313129507
57.44569456052699 27.533074363366378 49.08573208444862
57.445695486041465 27.53307376622918 49.08573196388531
57.4456730830921 27.533088225606267 49.08573489615151
57.44568130070466 27.533082923620302 49.085733825607264
57.44569203551559 27.533075995023566 49.08573242027217
57.44568854201705 27.533078251583202 49.085732882364525
57.44566742374761 27.53309188221195 49.08573564760868
57.44567581508669 27.53308646814041 49.08573455443886
57.445681762508 27.533082630914535 49.08573377974465
57.445661509529174 27.533095703443 49.08573643276312
57.44567005935079 27.5330901871537 49.08573531904195
57.445674423077534 27.533087371725344 49.085734750665814
57.445655336181474 27.53309969204293 49.08573725216377
57.44566405967315 27.53309406371922 49.085736115864506
57.44566699986068 27.533092166751146 49.0857357329277
57.44564889885346 27.53310385116088 49.085738106494986
57.4456577998776 27.53309810830666 49.08573694710338
57.44565925844262 27.533097167259683 49.08573675713342
57.41355959378508 27.59039630459769 49.12461917624753
57.445652500066444 27.53310153260194 49.08573765079561
57.44565089993751 27.533102566145644 49.085737862367736
57.4135562621306 27.5904201226166 49.12464019614177
57.413555343761814 27.590426917959483 49.12464619548595
57.413553867030686 27.59043696739632 49.12465505921281
57.41355278344464 27.59044499571793 49.12466214720786
57.413552004509754 27.590450758793523 49.12466723519806
57.4135502359615 27.59046292857343 49.124677970515066
57.41354919160504 27.590470678151185 49.12468481253009
57.41354853173169 27.5904755674517 49.124689129168274
57.413546501122035 27.59048963168439 49.12470153659008
57.41354550435999 27.59049704183309 49.12470807906024
57.413544907135126 27.59050146791031 49.12471198673984
57.41354270609761 27.59051676108116 49.12472547883113
57.413541716182806 27.590524126206542 49.1247319816068
57.41354113627003 27.590528427344058 49.124735779012696
57.41353872913709 27.59054519758793 49.12475057468866
57.413537765574155 27.590552376329605 49.124756912997036
57.413537203087394 27.59055655153241 49.124760599249306
57.41353465753505 27.590574308081322 49.1247762653271
57.413533664965016 27.59058170093079 49.124782792657825
57.41353309162514 27.59058595730024 49.124786550577326
57.4135304097982 27.590604682839793 49.1248030717567
57.41352938738494 27.590612295851514 49.124809793453714
57.41352880325762 27.59061663295062 49.12481362265514
57.4135259683815 27.590636450189873 49.12483110725743
57.41352493037536 27.590644179996325 49.124837932081746
57.41352434538169 27.59064852593238 49.124841769108556
57.41352129354148 27.59066989740473 49.12486062538546
57.41352025737493 27.590677617252304 49.12486744145298
57.41351969818824 27.59068177334693 49.124871110887
57.38208618034085 27.64635109489332 49.14837501874347
57.38209772481112 27.6463417812248 49.14837832669397
57.38210257245624 27.646338160280816 49.14838000914426
57.35247865687407 27.702057766492537 49.171630505532086
57.35249280227217 27.702048939903612 49.17163730274275
57.35249788971133 27.702045765985048 49.17163974781498
57.341053112275816 27.721734428533377 49.18021981544018
57.34107425554947 27.721715727230702 49.180223861357106
57.352489609517846 27.70205097271827 49.171635798148806
57.35249317010174 27.70204875125139 49.17163750931732
57.33726660793987 27.724835541759788 49.18039598580425
57.34091208076369 27.723445162275926 49.181336375023776
57.34093359728635 27.723425687371556 49.181340139623416
57.340936102875865 27.7234234254136 49.18134058468539
57.33725130413301 27.724851528478595 49.1803955839935
57.34089703890939 27.723460954593996 49.181336213265524
57.340924221626295 27.723435573691184 49.181340087447424
57.34091740783785 27.72344252864714 49.18133978870869
57.337235271316715 27.724868250291962 49.18039513770203
57.34088127743554 27.723477465571733 49.181336001958016
57.340897928186884 27.723462410433804 49.18133893302153
57.337218477901516 27.724885715560035 49.18039462249174
57.33724280745705 27.724864897343693 49.180399666070976
57.3408778466391 27.723482909287647 49.181338054007966
57.337821120566126 27.756019625271712 49.19969881856816
57.33784368156846 27.755994260851306 49.199699279752
57.33786648195754 27.755968541979136 49.19969970904293
57.337874739798856 27.755959319374348 49.199699904299194
57.337795884515934 27.756057352786975 49.19970233650922
57.33781868939808 27.756031726629654 49.199702808045146
57.337841729149716 27.75600578755163 49.19970326331281
57.33784456999852 27.756002629188718 49.19970333668563
57.33776982879225 27.756096477698954 49.199706042872705
57.33779284519865 27.75607056676682 49.199706498482264
57.33783216069203 27.756020256794848 49.19970466811415
57.337811180092 27.756050059201755 49.19970691881362
58.629235687895815 27.93949270257155 48.69784064712475
57.337742987123086 27.7561367879934 49.199709863284696
57.337766127189724 27.756110850807204 49.199710370045224
57.33777616396469 27.756099681991927 49.19971062485052
58.629234915328134 27.939493630349208 48.697841142388924
58.629234117447794 27.939494598796298 48.69784165502341
57.33769251146205 27.75620392657492 49.19971331162432
57.337715478495284 27.756178287382983 49.1997138594558
57.33774253335275 27.756146725650723 49.19971391879723
57.33773716727352 27.75615424901377 49.19971445175298
58.62923363816335 27.9394962181762 48.69784207846139
58.62923330126878 27.939495619342317 48.69784218274158
58.629232459711076 27.939496695473693 48.697842729523884
57.33766447334727 27.756246310554477 49.199717421711235
57.337687457980984 27.75622072265654 49.19971800055019
57.33769942534923 27.756207480645987 49.19971833676888
58.62923191252116 27.939498503788354 48.69784320844684
58.62923159962054 27.939497819416935 48.697843291031525
58.507984946514966 27.967837832282093 48.77689485299704
57.33761339932217 27.75631430000292 49.19972093463119
57.33763609379099 27.75628926963384 49.199721607270206
57.33765912929526 27.756263766266024 49.19972224825421
57.33766006930802 27.756262735283606 49.199722278609066
58.50789143217786 27.967871327505996 48.776957964795564
58.50786704090741 27.96787935377541 48.776974389653574
58.50774576132708 27.967922070542464 48.777056202686865
57.3375847562916 27.756357726520314 49.19972518862997
57.33760727966613 27.756332883174544 49.19972585547299
57.33765661516471 27.756267595274043 49.199722629090346
57.33762043911709 27.75631842500455 49.199726269545906
58.29506343778901 27.958322545204954 48.90457982206501
58.29492614410017 27.958315714932183 48.90466075587484
58.29464673337692 27.958340350333877 48.90483293945231
57.290610870965324 27.87353966340242 49.22106877515611
57.290615242272864 27.87352879533342 49.2210672797691
57.29061971525471 27.873517446891086 49.22106566423945
57.2906212967131 27.873513981538615 49.22106529821031
58.29448988595988 27.958373849973125 48.9049334092103
58.294359786300916 27.958365575015208 48.905009752637554
58.14199124971192 27.993213189775524 48.99582037351809
57.2905891567148 27.87366138276067 49.221101607768176
57.29059363367694 27.87364992560709 49.22109995381449
57.29059829760399 27.87363750729571 49.221098049748136
57.29060033615488 27.87363292338199 49.22109753405594
58.14200433012846 27.993218130619233 48.995813551575594
58.14194891035885 27.99319682884764 48.995843344525255
58.141905427114274 27.99318002841241 48.99586693005868
57.29057191951898 27.873770863533117 49.221132493391494
57.29057677978485 27.873757352872772 49.221130295541414
57.290580942157405 27.873747546584255 49.221129075035975
58.14191618794544 27.99318407990487 48.99586134970573
58.14186059514105 27.99316270944164 48.995891240948026
58.1418139291893 27.993144685143534 48.99591653872327
57.29055006558852 27.873891576122986 49.22116486592893
57.29055527674012 27.873875967122018 49.221162088226805
57.290560667220035 27.873859676500665 49.221159160748634
57.29058002988691 27.87375337970837 49.22113072423532
57.29056601070303 27.873844055303337 49.22115645660206
57.29057185307339 27.873812308665464 49.22114799887787
57.29056909997351 27.87383699060357 49.2211556308051
58.1418219348471 27.99314768014088 48.99591243344097
58.06778204163187 27.97305205803796 49.03810590283102
58.06770851195529 27.973028177727045 49.03814327351854
57.29056856658296 27.873844435212284 49.221158108114864
57.29057103612225 27.873844792786283 49.221159700274036
57.32835548551079 27.982743041282326 49.28165451888138
57.32840429053579 27.98279030381177 49.28169812269211
57.40925521304899 27.93542159087807 49.299617521283864
57.40933151841913 27.935450688500175 49.29965872502005
57.46044725035287 27.963674059771343 49.328692391483365
57.460468790752245 27.963622521007643 49.328679253637674
57.46048909839338 27.963574294126207 49.32866706056771
57.46050869630206 27.96352801800157 49.3286554348649
57.482616571139516 27.89835816642521 49.307825973985715
57.482620025959434 27.898355444968004 49.30782693920153
57.48262412931206 27.898352153510814 49.30782807081242
57.48262052491282 27.898355054412775 49.307827079221795
57.48262861898273 27.898348540647177 49.30782930607753
58.067722219798455 27.97303280445483 49.0381362511865
58.06764148822889 27.973006426958626 49.03817733235894
58.06755537943977 27.972978489511537 49.03822108730298
57.482623402624924 27.89835280006146 49.30782788633156
57.482626841200116 27.898350107724106 49.307828851092594
57.482630251335365 27.898347447624843 49.30782981036852
57.48263369487088 27.898344766539715 49.30783078030793
57.48263319257407 27.898345171124433 49.30783064220452
57.482639052869374 27.89834044572072 49.307832252176965
58.05060261496248 27.99381336429927 49.05751686450459
57.9392005798198 27.96232460365193 49.11264661449344
57.939190222419086 27.962337030049724 49.1126560480088
57.48263351879359 27.898344919042458 49.307830734567894
57.482636767983024 27.898342411184352 49.30783165524777
57.48263985315194 27.898340050770585 49.30783253466659
57.4826406491798 27.8983394514939 49.30783276401172
57.939183571477514 27.962345030016177 49.112662274841995
57.93918504723679 27.962343238467508 49.112660756923546
57.93917174987736 27.96235918932931 49.11267284512137
57.48264263407472 27.898337962236383 49.307833337144146
57.460903234957485 27.966049471197053 49.329449544908584
57.460893638688425 27.966072802622023 49.32945566551392
57.919662925165255 28.007906366457817 49.139167504248036
57.91966385782279 28.00790437745234 49.13916653816744
57.91966048405346 28.00791055495005 49.13916979234174
57.93916612564296 27.962365958448345 49.11267814473751
57.93916883341117 27.962362687491414 49.112675494001344
57.46089151201884 27.96607857278086 49.32945737524241
57.46087269978062 27.966129065328538 49.32947217546311
57.46086618249642 27.9661462339213 49.3294771119239
57.92153194274513 28.037313639223903 49.14837880381956
57.92153613726367 28.037295655712896 49.14837152939396
57.92152503408387 28.03733220097176 49.14838749673635
57.98857822036946 28.080926913634247 49.12428702745797
57.46084501686991 27.96620174298943 49.32949299756457
57.4608321573873 27.96623541957263 49.32950262038607
57.92149257168205 28.037446301647684 49.14843633748219
57.92150017328173 28.03741407872713 49.14842326371311
57.92148040590202 28.037479024703508 49.14845165618923
57.92151429883532 28.037388331679594 49.14840911948258
57.460816138066335 27.966277292374063 49.3295145612928
57.46079709318639 27.966327000216097 49.32952871418997
57.91379826116672 28.18714835977687 49.19829448379394
57.89461953692823 28.091172867092176 49.175428555315
57.911265897733074 28.21190224522256 49.20549206069332
57.460787421585096 27.966352274573808 49.32953591982347
57.46077713862785 27.96638227642081 49.3295454252621
57.46076164661122 27.966419299824075 49.329554927716
57.94844589425088 28.31842540465238 49.220844019461865
57.911285216740566 28.21199699808401 49.20551442517642
57.91129011117141 28.212021035556802 49.20552010233893
57.94846531920034 28.318463324304567 49.220845724641734
57.91126887673794 28.211916808709095 49.20549549276217
57.460756781368914 27.966431889746232 49.32955847928339
57.483377443866615 28.014126968675313 49.33487143019029
57.48336558502639 28.014149302506908 49.334877533452655
57.94846861362266 28.318494448210874 49.22085514842284
57.948445459632254 28.318435642078988 49.220848082284256
57.94845211711245 28.318462203811894 49.2208536850008
57.48336657302342 28.01416223317011 49.33487869393744
57.4833715942888 28.01427388831052 49.33488977519883
57.948472289191834 28.318528192712424 49.22086529985355
57.948458768273056 28.318493429809852 49.220861017171856
57.948462547530355 28.31850888332 49.22086433646386
57.94849392256438 28.31857114169376 49.22086746459397
57.9484535140583 28.318467921498478 49.220854913972346
57.48337101971206 28.014309104891176 49.33489392243462
57.48336898727317 28.014405313669855 49.33490539216062
57.948498998384515 28.318609910265693 49.22087858631106
57.94846716176161 28.318527630819162 49.22086834462391
57.94847809077996 28.318568259443502 49.22087644139963
57.4833627055158 28.014504052665025 49.33491843134864
57.48336007576479 28.014540872320776 49.33492338045407
57.88932770534325 28.346343446692412 49.2526229971817
57.85406077894956 28.269251064197583 49.24647173158411
57.80059589097229 28.28655765536724 49.27227596814091
57.948528375881494 28.318699609169308 49.22089313263686
57.94847871778974 28.318570629058875 49.220876920239206
57.45155368841687 28.082921982878073 49.34540570976911
57.853627020445536 28.33959035941392 49.26281528761441
57.80054967984617 28.286532975994753 49.272286477149095
57.80051377347844 28.286514009856475 49.27229471502956
57.451561111725226 28.08292020215835 49.34540447933797
57.45156554016587 28.08291912543524 49.34540372749212
57.85356949683539 28.33956128698317 49.26282889825028
57.80048317761528 28.286498250502415 49.27230187292025
57.80044992105999 28.28648127498103 49.272309706433276
57.451572005131794 28.0829179443368 49.34540311288202
57.85350534986007 28.33952889930583 49.26284407233504
57.80042256718266 28.28646764892045 49.27231626549529
57.80040091216563 28.2864574013965 49.27232164396928
57.554477436554265 28.139527060375023 49.32916908155147
57.55444185163603 28.13951082477325 49.32917745997617
57.85343403403874 28.33949287289625 49.26286094443072
57.800373403894234 28.286444660311012 49.27232857139888
57.80036301673084 28.286440157803483 49.27233129349268
57.5544851577397 28.13954267081445 49.32916884621815
57.55468452649463 28.139689231206315 49.329129184483634
57.85336744749763 28.33945984991376 49.26287662702156
57.55676400018501 28.233820349757895 49.330421001381126
57.853467381177225 28.33952016129561 49.262851854381296
57.85336571046953 28.33945929150078 49.26287700128481
57.853351689612154 28.339455426908977 49.262879948337016
57.55696231703389 28.234012262333017 49.330369177065165
57.8533811674578 28.33947655844851 49.262872256870764
57.85334630558746 28.33945555902927 49.26288089418448
57.853343784683055 28.339455602527238 49.26288133915996
57.604522686119566 28.307500038563262 49.314985783234484
57.604520034772065 28.307501246530236 49.314986235773645
57.85334131335587 28.339458970855404 49.262881392994004
57.60452051369869 28.307501274532072 49.31498623974289
57.8534083276341 28.339501626943285 49.26286452642965
57.85333737685527 28.339458679733813 49.26288212912574
57.85331611280509 28.339449668590614 49.26288696083003
57.60454143587275 28.307492423215503 49.31498290574983
57.60454064457303 28.307492638182257 49.31498299013775
57.604579172970645 28.307475884867277 49.31497669266419
57.85333347941807 28.339464596580566 49.262882144486895
57.85328133103817 28.339432916749672 49.262895095455036
57.81712450877292 28.335222396649392 49.26805262527681
57.66795107954523 28.36611666970124 49.29982095420077
57.604620594031786 28.307457848304864 49.314969913531115
57.783905917396545 28.382353227693475 49.274516164274424
57.817107072128806 28.33520952339878 49.26805728945867
57.51613044959167 27.49016209579961 49.05509976871696
57.477440043532134 27.51965592196769 49.07935357139715
57.477443220731956 27.519654396826176 49.07935310522028
57.44574983825596 27.53303866043297 49.085724780036074
57.44575635827309 27.533034453496484 49.08572393000355
57.4457571358554 27.533033951787075 49.08572382866373
57.44574035510536 27.53304478274367 49.085726025805684
57.445747057417776 27.533040458210426 49.08572515207864
57.445755266441665 27.53303515942273 49.085724076270175
57.44575249101834 27.533036952322743 49.085724443837634
57.44573729400976 27.533046761453036 49.08572643465948
57.44574414841498 27.533042338777342 49.085725541084564
57.445748125848965 27.53303977246968 49.08572502272037
57.44573408376306 27.533048836506794 49.08572686325002
57.44574108994465 27.53304431589749 49.085725949881244
57.44574388970947 27.533042509446254 49.08572558501021
57.445723505630056 27.533055665617034 49.08572825253745
57.44573070444703 27.53305102077561 49.08572731422528
57.44573786807572 27.53304639857302 49.08572638032133
57.44573957019572 27.533045300350107 49.08572615852766
57.44571975638479 27.533058088743566 49.085728752195834
57.445727125597955 27.533053333944967 49.08572779163659
57.445734414265374 27.533048631095838 49.085726841520085
57.44573490465707 27.533048314685747 49.08572677760621
57.44571578239641 27.533060657060375 49.08572928164058
57.445723318475984 27.53305579458636 49.08572829930591
57.44573340484202 27.533049283564967 49.085726976267516
57.445729454481764 27.53305183551288 49.08572749957189
57.445711583930894 27.533063370388337 49.08572984081647
57.44571927650446 27.53305840694584 49.085728838097694
57.445723953529736 27.533055389238235 49.0857282285262
57.44570716587947 27.533066225561598 49.08573042905903
57.44571501874047 27.53306115870162 49.085729405457904
57.44571807564702 27.533059186345657 49.0857290070949
57.445702529137485 27.533069221996 49.08573104623396
57.44571050682113 27.533064074644457 49.085730006490756
57.44571184246833 27.53306321287438 49.08572983245379
57.4456894520306 27.533077664451138 49.08573276383139
57.44569764026841 27.533072381304045 49.085731696804274
57.44570708872709 27.533066283630752 49.08573046169512
57.445705215100325 27.533067493917027 49.08573070966619
57.44568414262936 27.533081095275808 49.08573346970432
57.44569251878616 27.533075690860752 49.08573237813343
57.4456985556333 27.53307179581774 49.08573159146303
57.4456785716065 27.533084695099312 49.08573421020778
57.445687151135 27.53307915942611 49.085733092025166
57.44569181969203 27.533076147210778 49.08573248363474
57.4456727597393 27.533088450479198 49.085734982534206
57.445681511330385 27.533082803794073 49.085733841943025
57.44568451476731 27.533080865934146 49.08573345053904
57.44566670337546 27.533092363777293 49.085735787173995
57.445675647924006 27.533086592573948 49.08573462138418
57.44567711857162 27.533085643693465 49.08573442973709
57.44565124669249 27.533102342420356 49.08573781719522
57.44566037108553 27.533096455299702 49.08573662829766
57.44567066583858 27.533089811824652 49.08573528355246
57.439128600745235 27.57412980164208 49.12189569656384
57.41355514603538 27.590428383617144 49.12464748948351
57.41355425217508 27.59043504355983 49.12465336973483
57.439109180703596 27.574168316671564 49.121922830285726
57.41355164988737 27.590453387944358 49.124669556423456
57.413550777432164 27.59045989821525 49.124675304620055
57.41355012227231 27.590464770046182 49.124679606004264
57.41354809434492 27.590478813435567 49.12469199501464
57.41354717161255 27.59048569180064 49.12469806814914
57.4135466132153 27.59048984970034 49.12470173925112
57.41354439888262 27.59050524175816 49.124715318650864
57.413543500808416 27.59051194709547 49.12472123911752
57.413542957569575 27.59051598721757 49.12472480618366
57.413540585574424 27.59053251318762 49.124739386352616
57.41353967878035 27.59053928665837 49.12474536700676
57.413539146680876 27.590543243967396 49.124748860956664
57.41353664642881 27.590560685777707 49.12476424936285
57.41353571985542 27.59056760741496 49.124770360845055
57.41353518125132 27.590571614774895 49.12477389900164
57.413532525321784 27.590590164077838 49.12479026473817
57.41353157880697 27.590597235128172 49.12479650814945
57.41353103408359 27.590601289821556 49.12480008811487
57.41352823720252 27.59062084065447 49.124817337660595
57.4135272850329 27.59062795774558 49.12482362176031
57.41352671479429 27.590632205796766 49.124827372478165
57.41352376973783 27.590652805793866 49.12484554783093
57.41352279701987 27.590660076708513 49.124851967752754
57.41352222260495 27.59066436101552 49.12485575053153
57.41351909102079 27.590686289587683 49.12487509832981
57.41351813365652 27.590693453954156 49.12488142425303
57.41351754176348 27.59069787426128 49.1248853271659
57.413514238924215 27.59072101883111 49.124905748023686
57.413513276544904 27.59072822402425 49.12491211002734
57.41351267825138 27.590732697304812 49.124916059762974
57.35250673121266 27.702040249905878 49.17164399705218
57.382103403778515 27.64636706171104 49.148410170599355
57.382110261716235 27.646361452082132 49.1484120578703
57.352503849530024 27.702042087786516 49.17164264133133
57.352517989414366 27.702033263844186 49.171649435313164
57.35252636593076 27.70202803750069 49.17165346081427
57.3409548425934 27.72340646494151 49.18134386470223
57.35251510504453 27.70203510508182 49.171648079527145
57.3525235165349 27.702029856547888 49.17165212156627
57.340918890899374 27.723441187488646 49.18134004952955
57.34094072759692 27.72342138887943 49.18134383168665
57.34096272330719 27.723401391045464 49.18134757894278
57.3409748141337 27.72339043300738 49.181349677988784
57.34090348329943 27.723457384900367 49.18133990777045
57.34092583306028 27.723437094090826 49.181343748141316
57.340948265946665 27.72341669437609 49.18134756487027
57.34095955156181 27.723406451934856 49.18134950804958
58.67375798635693 27.615518298664245 48.5564956818813
57.34088732107258 27.72347433160682 49.18133970914552
57.33793543232617 27.7558817978343 49.19969714057571
57.33795836826769 27.755855651100667 49.19969745386714
57.33796798266755 27.755844870408403 49.19969766264097
58.673755039728576 27.615540297999505 48.55650476238128
58.673697744240535 27.615967939269087 48.55668133140411
57.337889229358744 27.755943026681223 49.19970019933908
57.3379124453227 27.75591653667761 49.199700506087126
57.33793569244004 27.755890082592238 49.19970084405987
57.337941696387574 27.755883356384548 49.199700977046525
58.67368499727178 27.616063029203154 48.55672061569871
58.67363401733779 27.61644318975997 48.55687773288348
57.33786485397393 27.755979779194 49.19970373168668
57.337888339501404 27.755953021557616 49.19970405921967
57.337911841496066 27.755926346907913 49.199704430852336
57.337912854691396 27.755925215600577 49.19970445492122
58.65221333421984 27.708397719334023 48.60888749687926
58.652258087024094 27.708092919184388 48.60875986860118
58.6292345762213 27.939491923022267 48.697841124404576
57.33781602166461 27.756044642157043 49.199707029053506
57.33783949611794 27.75601810737045 49.19970744707659
57.337863194608964 27.75599116113131 49.199707800876126
57.33790900086232 27.755930687028197 49.19970486711802
57.33787882662572 27.755973555329643 49.199708106899365
58.62923458017359 27.939493121585876 48.69784125581202
58.629234143834346 27.93949243813502 48.697841401130646
58.62923305200249 27.939493692312077 48.69784209471777
57.33778948273753 27.756084790753448 49.19971093268672
57.33781314790777 27.756058041748936 49.19971135469348
57.337836972414266 27.756031055001877 49.19971175468805
57.33784310867833 27.7560241682456 49.19971188529587
58.629232987282705 27.939495041350668 48.697842277718195
58.6292325794782 27.939494251110702 48.69784239667181
58.6292314299131 27.939495643976784 48.69784313498974
57.337738712303675 27.756152537360624 49.19971449427092
57.33776221611442 27.756126141410462 49.19971498698592
57.33778599472925 27.756099301772625 49.199715427224966
57.337824202016876 27.756050577809706 49.19971372084103
57.337802971366784 27.756080244560387 49.19971578673015
58.62923130891812 27.93949715980455 48.69784336510901
58.50804038038699 27.967817120413667 48.776857397224376
58.50788519746032 27.96787172604762 48.77696207814806
57.337710784185546 27.756194872681693 49.199718638946266
57.33773434755486 27.756168438481026 49.1997191452569
57.337758182371495 27.75614167055243 49.19971964480635
57.33776302556725 27.756136253919447 49.19971975604375
58.50784505923643 27.967886558492005 48.776989190435756
58.29514776569346 27.958254983250246 48.9045161965911
58.294787930348676 27.95828598987724 48.90473780132935
57.33768244748059 27.756237883192703 49.199722868328294
57.33770602240173 27.75621148010788 49.199723393890686
57.337748017358194 27.756157198209962 49.199721204588315
57.33772180935509 27.756193874679234 49.199723778345714
58.29479796166314 27.958308864430524 48.90473622683665
58.29463107120236 27.958299427636717 48.90483438784962
58.29424783556531 27.95833206542879 48.90507032896912
57.337630402650085 27.75630741506719 49.19972655585305
57.33765353481098 27.756281631852186 49.1997271250064
57.337677119126695 27.756255276414635 49.19972767585847
57.3376843241865 27.756247271848622 49.19972786444306
58.29423858170409 27.958357456584864 48.90508079702034
58.122372712059246 27.97259765668606 48.99954570194312
58.1223176061408 27.97257839287395 48.999576763222926
57.337600689950364 27.756351952051737 49.19973074826797
57.3376237358854 27.756326288707516 49.199731325545514
57.33764739202461 27.756299923115705 49.19973190830328
57.3376528617535 27.756293857193306 49.19973205610356
58.141896479120014 27.99317667755119 48.99587152660463
58.122293604232496 27.972569996720132 48.99959028508423
58.06778153614838 27.97305178299943 49.03810619491423
57.290602670168504 27.873627091122327 49.221096724594574
57.29060767895008 27.873612822794385 49.22109433025352
57.29061257427901 27.873599406788625 49.22109218860693
57.29061436343538 27.873595337873304 49.22109171882839
58.14180795631067 27.993142476377564 48.995919539398116
58.06774477042519 27.973039812309167 49.03812489030435
58.06765461568301 27.97301048011333 49.038170727178176
57.29058120210671 27.873746888665295 49.221128981749146
57.29058640284353 27.873731691036838 49.22112635219041
57.290591522436046 27.873717233603777 49.221123952346275
57.29059625258729 27.873705223890916 49.22112224063143
57.2905996521195 27.873686216029625 49.221117118526465
57.29059688031418 27.873703945778427 49.22112213187043
58.06771163594702 27.973029099740053 49.03814171515197
58.06761495951697 27.9729975819524 49.038190888032645
58.06751364455032 27.972964652902355 49.03824238819671
57.290570815336345 27.87383208217878 49.221154802585374
57.29057657761545 27.873814408526794 49.221151575892144
57.32836137744576 27.982722142206587 49.281650154812496
57.3389365427806 27.901340629863128 49.257371420458554
57.32841739784702 27.98279256468176 49.28170605780546
58.06757680692163 27.972985307477067 49.038210241764276
57.939215503148546 27.96230665466294 49.11263265329792
57.93920449274731 27.962319867779645 49.11264270867969
57.32842304555106 27.9828026525353 49.28171277508297
57.40929108359254 27.93546662555027 49.299649764870225
57.460418544273374 27.96374568467855 49.32871146564952
57.46043277495987 27.96371268638255 49.328703345583136
57.46044704570825 27.963679728621983 49.328695273695885
57.46045982821191 27.963650739026505 49.328688326363206
57.460477866415104 27.963608197725677 49.32867765353993
57.46046837471656 27.96363150510114 49.328683760528754
57.460508571376316 27.963533008682184 49.32865800894898
57.4826199114301 27.898355547691438 49.30782691033262
57.939200942468815 27.96232415568224 49.112646177571136
57.93920162397532 27.9623233102026 49.1126453263938
57.93918830092055 27.962339295613738 49.11265746880362
57.4604723040204 27.963622659044162 49.32868165968294
57.460484391049015 27.96359570868455 49.32867533628932
57.46049678035753 27.963568086689058 49.328668856010395
57.460508618975254 27.96354198133774 49.328662817570255
57.4605187188138 27.96352043784661 49.32865805342977
57.482628954520194 27.89834857919045 49.30782947558754
57.46052056564227 27.963516625214066 49.32865724975389
57.93917223324652 27.96235857698742 49.11267213649103
57.93917256022526 27.962358179716468 49.11267179748947
57.939169724527396 27.962361581085574 49.112674373713425
57.93918558412064 27.962342585184913 49.112660192166885
57.939187123382666 27.962340708359193 49.11265854115794
57.46052730882252 27.96350286971606 49.32865440334379
57.46053314727322 27.963492459869272 49.328652737475146
57.46086258133879 27.96614043718556 49.32947083361471
57.48263902243974 27.89834076166109 49.30783231671899
57.46086224585491 27.966141861025083 49.329471405969215
57.939155306868415 27.962378882665064 49.11268753714614
57.93915613034338 27.962377885370955 49.11268670994766
57.91966353551595 28.007901667549095 49.13916606902027
57.93916918723947 27.962362258325022 49.1126751331749
57.46086115389487 27.96614720028072 49.329473684247375
57.46085546057513 27.966164662097093 49.329479448446094
57.46085323158559 27.966170826790687 49.32948130932948
57.91964090898489 28.007944261908747 49.139188168686815
57.919644889282864 28.00793576262207 49.139184043192415
57.919629714826996 28.007963567082847 49.13919868433767
57.46084194693209 27.966201721155667 49.32949054447478
57.46084972494883 27.966186082887017 49.329487511912646
57.4608293743237 27.966235317938995 49.32950034830257
57.92150913243195 28.0373754122474 49.14840765025063
57.92151760981123 28.037338791813553 49.14839286651248
57.92149331786274 28.03741843143352 49.14842770664594
57.460821937899695 27.96625501790558 49.329506045817546
57.460803295128706 27.96630505570483 49.32952071277521
57.46079827003419 27.966317171364715 49.32952385781213
57.92146933778896 28.03750906651266 49.14846567340925
57.92148169928778 28.037456569915655 49.14844438449349
57.89461944543203 28.09116956591167 49.17542753902756
57.46079589003189 27.966323386439313 49.32952562834681
57.46077148002102 27.96638752116084 49.32954401792141
57.460766436672046 27.966400670230563 49.3295477574036
57.91126312389541 28.211891420528037 49.20548981877594
57.91125659259673 28.211860194152187 49.205482539331506
57.91126223349186 28.211887918326255 49.205489089542795
57.91126558036129 28.211901067285623 49.205491825302836
57.894619409656784 28.091172898821558 49.17542854821745
57.46074299385607 27.966461734482067 49.32956510644978
57.46073238502582 27.966489324727537 49.32957293177978
57.91128817201191 28.212013275794074 49.20551846798425
57.911272276925686 28.211937256576476 49.205500743702515
57.91128578233074 28.2120036589929 49.205516435017884
57.43933342434164 28.025039229949073 49.342568802146126
57.43931531464527 28.02507990723572 49.34257744375738
57.94842835409988 28.318415206365376 49.2208513735728
57.91130221938006 28.21208476021726 49.20553563173521
57.907919718356645 28.263259824866438 49.219481065626
57.94844849920016 28.318455102139616 49.220853352942925
57.91128789004229 28.212014040362266 49.205518890259924
57.483337225171205 28.01426053321653 49.33489865321516
57.48334108957904 28.014314918369053 49.33490362203757
57.8540813001471 28.26913242430444 49.246427234585795
57.854074300684694 28.269125487271715 49.246427850831424
57.85406066984312 28.26912907274069 49.246434301952696
57.94845126053201 28.31848650629558 49.220863218567104
57.90792315263176 28.263274781815774 49.219484148811574
57.48334359519322 28.014392451170707 49.33491161326957
57.483343706485925 28.014435240279106 49.3349164077015
57.854006594336674 28.269188413000567 49.24647375294205
57.853975085317245 28.26915258474614 49.246475113976636
57.80043301769793 28.28645909362293 49.27230901924114
57.948476867765294 28.318565820762004 49.22087631509146
57.48334327014978 28.014556385817222 49.33493020886206
57.48333725317944 28.01456190825703 49.3349326500593
57.80048185899001 28.28649130281613 49.27230002206967
57.8004019040912 28.286442165442864 49.27231598749022
57.80034118682697 28.286409449327145 49.272329695608136
57.48333623716917 28.014575351844243 49.33493447394726
57.451526192981646 28.082929987266997 49.34541200832682
57.800425545092324 28.286462656052947 49.27231332051262
57.800328219762775 28.2864025496482 49.27233265326072
57.800275190262724 28.286375151089725 49.272345030535796
57.451537210957724 28.08292733229173 49.34541016729047
57.451537458766666 28.082927275571233 49.34541012958286
57.8003611324089 28.28642956465628 49.27232841958667
57.80026607618248 28.2863706070924 49.27234721461302
57.80022948375692 28.28635289559717 49.27235616692002
57.4515432559922 28.082926272197675 49.34540964733826
57.80028890318415 28.28639210094095 49.27234522809209
57.80021717849252 28.2863474119315 49.27235934010203
57.80020101787153 28.28634085455147 49.27236372944222
57.42094921526512 28.134987936745762 49.35881461101795
57.800210884218274 28.28635130617458 49.272363270930015
57.800186657190736 28.286336155712835 49.27236801854086
57.80018240995392 28.286334671476695 49.27236925449692
57.554529941680755 28.13959787729242 49.32916285475696
57.55458776361955 28.139640272021737 49.32915133726609
57.85335526056093 28.339453046420733 49.26287958463974
57.8001824007165 28.2863394202308 49.272370894128144
57.556661161757454 28.23377701699431 49.33044441500206
57.800244120118705 28.286380474114168 49.272359645907656
57.800183410693876 28.28634240122411 49.27237150552117
57.800183678930466 28.2863449688549 49.272372279660075
57.55686451091934 28.23396602918685 49.3303917541739
57.85321759454335 28.33938491735069 49.26291199131967
57.60449541632612 28.30751189877877 49.31499024135154
57.6044968167801 28.30751132306497 49.314990024021434
57.853292326109276 28.339431444228975 49.26289330216628
57.85321616912303 28.339385379326586 49.262912192636236
57.85320411107055 28.33938186173765 49.262914749432575
57.604528330869 28.30749778661327 49.31498493111823
57.853215502870114 28.339392960912786 49.262911439823526
57.817083191732266 28.335190444612074 49.26806433098736
57.81706493355692 28.335177036156928 49.26806918273003
57.6045385260563 28.307493370968707 49.3149832708166
57.60462206030952 28.307457123699976 49.314969643571416
57.60462400558136 28.307456119792576 49.31496927059448
57.8170896976051 28.33519634670249 49.26806209469474
57.8170403298677 28.33515890798818 49.268075747608
57.6002657998082 27.45199311684413 49.02958393285334
57.60025533215892 27.45199826435823 49.02958928829479
57.52645518603499 27.472392612679677 49.035988312884896
57.526456157441814 27.472391696045058 49.03598682719908
57.52645623236651 27.472391625415085 49.03598671272616
57.526450247116145 27.47239730915046 49.03599592724949
57.52645118614804 27.47239642367466 49.035994492104955
57.526452177777315 27.472395487898247 49.0359929753902
57.52645575929782 27.472392076627408 49.035987444361055
57.52645261078895 27.47239507971875 49.03599231383755
57.51613050900175 27.49016204868147 49.05509967819896
57.51613103646409 27.49016157590645 49.055098846254666
57.526448058822496 27.47239941247461 49.035999338781906
57.52644987192707 27.4723976919159 49.03599654947323
57.52644882493425 27.47239869052205 49.03599816869918
57.51612799437693 27.490165306261023 49.055104166028684
57.51612856443223 27.490164773999595 49.055103255829565
57.516129162958435 27.4901642145457 49.05510229985479
57.516129345174335 27.4901640578813 49.0551020159142
57.477444137048494 27.51965385624217 49.07935299636935
57.5161259998097 27.490168103647996 49.05510783668322
57.516127558087064 27.49016631339284 49.05510517435112
57.51612643929536 27.490167728216445 49.055107153109375
57.44575364768275 27.533036206013605 49.08572429306743
57.477441187230255 27.519655171899995 49.07935345467992
57.47744849568895 27.519651657126722 49.07935238399703
57.477451484589494 27.519650227875402 49.079351944050515
57.445750846926785 27.533038016768778 49.08572466805022
57.4457576603872 27.533033620380387 49.085723779454725
57.47744553773011 27.51965298567812 49.07935284121859
57.47744625631897 27.51965264279572 49.07935273525976
57.445747945019434 27.533039892858234 49.085725056405536
57.44575489135667 27.533035410741913 49.085724150510245
57.47744463750001 27.51965339431974 49.079352979275406
57.44576009488209 27.533032053229107 49.08572347205386
57.44574486375116 27.533041884822453 49.08572546853972
57.44575194768052 27.533037313933946 49.085724544725
57.445755648200276 27.53303492624174 49.085724062302106
57.44574162872579 27.53304397611182 49.085725901035175
57.44574883839627 27.533039324112124 49.08572496088513
57.44575124446587 27.53303777165177 49.08572464724686
57.445730703380804 27.53305102970291 49.085727336809725
57.44573814584004 27.533046227529617 49.085726366391064
57.445745504576095 27.533041479345762 49.08572540680153
57.44574653931043 27.533040811703216 49.08572527190907
57.44572682719618 27.5330535350825 49.085727853964116
57.44573444466076 27.53304861996936 49.0857268606738
57.44574353637871 27.533042751681975 49.08572566990726
57.445741018958195 27.533044377986776 49.08572600350304
57.4457227193363 27.533056190124782 49.08572840180737
57.4457305084714 27.533051164227025 49.0857273860897
57.44573557262868 27.53304789662154 49.085726725754796
57.44571841293141 27.53305897341547 49.08572897591809
57.445726383985985 27.53305383011404 49.08572793642026
57.445729778074764 27.533051640115353 49.08572749387639
57.44570575061638 27.53306714839129 49.08573063986967
57.445713889897505 27.533061896636685 49.085729578691165
57.44572204061869 27.533056637388576 49.085728515716085
57.445723833368646 27.533055480633777 49.085728281958666
57.44570079535177 27.533070350704982 49.085731299545635
57.44570914068132 27.53306496595908 49.085730211389986
57.44571748622852 27.53305958097237 49.085729122932534
57.445717815502476 27.53305936850943 49.08572907999274
57.44569563582037 27.533073684946537 49.085731986201054
57.445704215247005 27.53306814908981 49.08573086735275
57.44571659738146 27.5330601554395 49.08572924140961
57.44571124067973 27.533063615956785 49.08572995119562
57.44569021527359 27.53307718778988 49.08573270739195
57.44569900129794 27.533071518593335 49.08573156151096
57.44570476598427 27.533067798927572 49.08573080969596
57.4456845700679 27.533080835732697 49.08573345825886
57.44569356627136 27.53307503088555 49.08573228487842
57.44569802177472 27.533072155963616 49.085731703784724
57.43912891068892 27.57412956538284 49.12189561841041
57.439136869167946 27.574123123032393 49.12189325915163
57.43914508433695 27.574116013461452 49.12189039294449
57.4391477046167 27.57411398234312 49.12188970056144
57.43911062481684 27.57416734344194 49.12192258577983
57.43911882899336 27.574160581766154 49.12192004074188
57.439127211940445 27.57415333896177 49.121917127219106
57.4391286145314 27.574152240219597 49.12191674579555
57.413549814684195 27.59046706310187 49.12468163062027
57.439100081410416 27.574199506544463 49.12194786987003
57.439108700951614 27.574191971807885 49.12194479204521
57.43910902624756 27.57419171869928 49.121944705193926
57.413546233256966 27.59049268602473 49.12470424357357
57.439080655910885 27.574239793285102 49.121976662573715
57.4391045631094 27.57420062468011 49.12195099212414
57.439087844891674 27.574233980667927 49.12197453783299
57.41354249589243 27.59051942771452 49.12472784390175
57.413541763117145 27.59052494547779 49.12473271625089
57.4390669096975 27.574276508636473 49.122004733824504
57.413538650766725 27.590546940057393 49.124752124349925
57.41353788892167 27.5905526731866 49.12475718683987
57.41353731238004 27.59055699952661 49.124761006983604
57.41353466927818 27.590575429963394 49.12477726754498
57.41353388440625 27.5905813350063 49.12478248182573
57.413533314390605 27.59058561218962 49.12478625856248
57.41353052665312 27.590605075221657 49.12480343039637
57.41352973783647 27.590611014385182 49.12480867484885
57.413529155753714 27.590615394073325 49.124812542211615
57.41352623088457 27.590635818493453 49.12483056229952
57.41352546093525 27.59064162674935 49.1248356912633
57.413524821219184 27.59064644249386 49.124839943696685
57.413521769047364 27.59066775401208 49.12485874643567
57.41352100659291 27.590673513445704 49.124863832360674
57.413520324950966 27.590678668756336 49.124868384869046
57.41351712070972 27.590701028360513 49.12488811217253
57.41351637234282 27.590706690991205 49.124893112706275
57.413515684875094 27.590711917962892 49.12489772875902
57.413517613288846 27.590698111331847 49.124885543916434
57.41351563480659 27.590712298235445 49.12489806458214
57.413512281074176 27.59073567744141 49.12491869121109
57.41351155582121 27.590741177363014 49.12492354817619
57.413510898838794 27.590746188843465 49.12492797407809
57.4135107478281 27.590747337907096 49.12492898884973
58.54725254929877 27.214257975566966 48.473245458454855
57.382114803655575 27.646357603170927 49.14841317248857
57.41350654105136 27.590777088818292 49.12495524139028
57.413505894327415 27.590782030899497 49.12495960608555
57.41350566626295 27.59078376962301 49.124961141634664
58.54723569887554 27.214252999088878 48.473250443362865
58.547232676449966 27.214252107173856 48.473251336202686
58.54723152086294 27.214251765936204 48.47325167798118
57.352531834102365 27.702024625567603 49.171656088515775
57.38196159951117 27.648103064560594 49.1495520046566
57.38197406325945 27.648090008772158 49.14955275699539
57.381979355523946 27.64808463330074 49.149553247011376
58.54721106797838 27.21424572643466 48.4732577269653
57.35252929053401 27.702026253574083 49.171654896074074
57.35254343313066 27.702017426510405 49.171661690316554
57.352557399859705 27.70200870870768 49.171668399701005
57.35256461571208 27.702004205391383 49.17167186658746
58.54723975723542 27.21425419120289 48.473249254588595
58.54720211124318 27.214243081847435 48.47326037551068
58.54718235423011 27.214237248514884 48.47326621743209
57.3409841005797 27.723382006262554 49.181351278442506
57.34100584931869 27.72336218637699 49.18135493078027
57.35255519335793 27.70201012782825 49.17166737027908
57.35256336084619 27.70200503048629 49.171671294293574
58.603280736907024 27.452145671165745 48.538682188372434
58.60324857450181 27.451940023005406 48.53862007233354
58.60324900469789 27.452190005613318 48.538711488851035
57.34097025585966 27.72339672557034 49.18135133808494
57.340992436718196 27.72337651268198 49.1813550638893
57.34101458255465 27.72335629206966 49.181358738851955
57.34102756132371 27.723344459757662 49.18136091319683
58.67373277748909 27.615702739530132 48.5565734875627
58.67374694133433 27.615595858534142 48.55652987576042
58.673723949294086 27.615767346652003 48.55660073476669
58.67375690614335 27.615526206387372 48.55649901575797
57.33798067801888 27.755830606555165 49.199697926041964
57.33800348342963 27.75580461231215 49.19969823914006
57.33802620334937 27.755778679828065 49.199698535677925
57.33803855048649 27.755764767696363 49.199698774817136
58.673670192576864 27.616169268524096 48.556766376075245
58.67368312378228 27.616071797886182 48.556726556203245
58.67366278116536 27.616223449100676 48.556789252401714
58.67369312277357 27.616001731089707 48.55669559596674
57.3379584740366 27.755864461909155 49.199701306192665
57.337981777891315 27.75583784641206 49.1997016032333
57.33800497372206 27.755811344612646 49.199701894724534
57.33801557184162 27.75579939081683 49.19970209465576
58.65223910028005 27.708219695735878 48.60881280184161
58.65225957932346 27.708080388980264 48.60875448044941
58.65222747917262 27.708297964609315 48.608845522632336
58.65227524923097 27.70797616769268 48.60871098963951
57.33793512536749 27.755900068779376 49.199704863258575
57.33795891801981 27.75587283056145 49.199705138736164
57.33798229149747 27.75584625069147 49.19970548631004
57.33798840040133 27.755839361281097 49.199705601951656
58.629232033914434 27.939492415471257 48.697842469158985
58.629231915017776 27.939492036236743 48.697842487273064
58.62923145255948 27.93949254570491 48.697842778628726
58.62923400172377 27.939492043099698 48.69784142926443
57.33788675627748 27.755964624553755 49.19970826218645
57.33791064513925 27.75593743677644 49.199708608015285
57.337934685132026 27.755909971741616 49.199708910649434
57.3379637378907 27.755874826892452 49.19970843438484
57.33795636297654 27.755885430489254 49.1997092805986
58.508013260773986 27.96782544002429 48.776875628224545
58.40383533301693 27.92831709920576 48.83163194237038
58.295204950301795 27.958205679438283 48.90447237427783
58.629232447817365 27.93949381474829 48.69784241490336
57.33786081204532 27.75600418814742 49.199712214016515
57.337885005765386 27.7559766200878 49.19971254989024
57.33790923872196 27.755948999199916 49.1997128828079
57.33792192158538 27.755934649781977 49.19971310300792
58.29492102851143 27.958237217138233 48.90464859906838
58.29487072494249 27.95823341209409 48.90467800015492
58.2947254274849 27.958245427597838 48.9047673837981
58.50803363208588 27.967819203184433 48.77686193437641
57.33780982085818 27.756072554147167 49.199715931139515
57.33783396831342 27.756045187872417 49.199716330643284
57.337858367654164 27.756017381993267 49.19971666785363
57.33788482494529 27.75598652844159 49.19971673065732
57.337881341149306 27.755991392527715 49.19971706792457
58.2944184465772 27.958279032455344 48.9049578251027
58.29437136171609 27.958274648301334 48.904985185432
58.06401701153117 27.875960435357257 49.003599250516814
58.29509333941247 27.958250842797106 48.90454800272356
57.337782165745715 27.756114709209932 49.19972013601132
57.33780645631117 27.756087185650195 49.19972053999614
57.337830903716124 27.75605944697064 49.19972093046155
57.33784070579486 27.75604838434842 49.199721112489385
58.064044536640914 27.87605038912373 49.003622154289296
58.06399370388476 27.875992487660387 49.00363072110942
58.06398393809765 27.87600693731038 49.00364438648211
58.294579908501596 27.95829466640734 48.90486411826029
57.33772992786932 27.756184802002586 49.1997239678601
57.337753988505625 27.756157692522812 49.19972443422508
57.33777834212005 27.756130154419555 49.199724863790394
57.33781338946241 27.756086327546583 49.19972367250679
57.337796844443744 27.75610930409541 49.19972522091932
58.06772286990763 27.973032553244717 49.03813606746462
58.063959074921996 27.876040981877992 49.003677888359746
58.06765665019918 27.973010946029568 49.03816975497243
58.12234837273587 27.97258785803296 48.99955777299667
57.33770112669906 27.756228518682384 49.19972826707705
57.33772524609091 27.756201350994424 49.19972873802697
57.33774968821959 27.756173836100327 49.199729222314886
57.33775750414975 27.756165070750832 49.19972939147773
58.067602457689034 27.972993287428878 49.03819731628964
58.06757136599398 27.972983135929802 49.0382131353922
58.06753378006809 27.972970887090987 49.038232251376186
58.12226918283329 27.972560136818466 48.99960236081019
57.33767154601601 27.756273021404404 49.19973251141149
57.33769580059478 27.75624577805844 49.1997330180343
57.33772044363622 27.756218106780068 49.199733536392344
57.33772610999685 27.75621176945186 49.19973366650705
58.067473969875266 27.972951450629296 49.03826265303701
58.06744309047902 27.972941358893607 49.0382783671551
57.939227131303795 27.962292658671984 49.112621689865634
58.067710836000074 27.9730287151069 49.03814216132271
57.33764098364753 27.75631867887837 49.19973675770369
57.337665427777154 27.756291293001176 49.19973729862973
57.371445346218565 27.826306749212826 49.23902809768867
57.37149320477555 27.82632740621792 49.23905549436185
57.9392178955236 27.962303753184898 49.11263021599093
57.93921841320203 27.96230312371858 49.11262967513812
57.939214237772944 27.96230813510317 49.11263349360519
58.067581645385054 27.97298668229044 49.03820784503496
57.33890182723157 27.901236005152903 49.25731435663256
57.338943235939695 27.90135985642167 49.25738211660685
57.40930181962571 27.935305245112502 49.2995876224833
57.409301670110835 27.9353013677612 49.29958597321237
57.40930353439157 27.935306469920434 49.29958878283385
57.939204288050206 27.96232008378597 49.11264265020104
57.939204913832086 27.9623193243839 49.11264200892095
57.93920033194832 27.962324822373034 49.11264618894609
57.93921592131173 27.962306146354805 49.11263221768632
57.40921661397262 27.935390110920174 49.29958979675292
57.409296916635796 27.935435672345974 49.2996392927579
57.46043320484644 27.963708898107633 49.32870161412865
57.46044213146509 27.963686256191696 49.32869548625677
57.46043750637932 27.963699472576483 49.32869945190532
57.93918976835795 27.96233750627008 49.11265589405651
57.939190583139386 27.962336519113844 49.11265507235614
57.939185152068255 27.96234303467299 49.11266001546109
57.939201963883406 27.96232289723218 49.11264497406528
57.460434215971596 27.96371016257103 49.32870295863944
57.46043630849704 27.96370843740567 49.32870342945076
57.460441844212895 27.963697970804077 49.32870153237205
57.46044236465874 27.96369707169809 49.328701399228564
57.93917436365531 27.962355988503315 49.11266992699649
57.93917530859089 27.962354842671065 49.11266896586892
57.939168585723536 27.962362906405207 49.112675071707955
57.939187244183955 27.96234056128022 49.11265841336112
57.46044717915467 27.96368813797374 49.328699839412145
57.46045479031781 27.96367255561568 49.32869659666399
57.460462371918354 27.963657150676134 49.328693428745595
57.46047910053085 27.9636182167131 49.32868380698664
57.46046559940589 27.96365139270151 49.32869250603192
57.46051319843096 27.96353467180981 49.32866196642223
57.939157831142424 27.962375820097876 49.11268495617523
57.939159039924604 27.962374355017232 49.11268373241715
57.939150643101 27.962384424760028 49.112691343541016
57.46046750781525 27.963648147531142 49.3286920453567
57.46047381340448 27.963636192906755 49.32868986719846
57.460802860884684 27.966283611622096 49.32950773129313
57.460818903217785 27.96624651467145 49.32949862293418
57.46080330771702 27.966284173972873 49.32950841784531
57.460854955660274 27.966159490354094 49.32947599955817
57.9196491590251 28.0079264880751 49.139179580538475
57.91965318827023 28.00791773000244 49.13917536784756
57.91963513559328 28.00795074207501 49.13919277040789
57.460803913243396 27.96628398538786 49.32950878803736
57.46080593336137 27.966281936872207 49.32950918665858
57.46080684594831 27.966282654268262 49.32951033479175
57.46084494126257 27.96619088018555 49.32948653636349
57.46080627122939 27.966284302055094 49.32951084894875
57.91961832448176 28.007983245242443 49.13920939247353
57.91962434324979 28.00797045954303 49.139203169845985
57.921505216224375 28.037363003666066 49.14840575875564
57.46079887256897 27.966305662706844 49.32951755506974
57.46079825392374 27.966310447533353 49.32951988286776
57.4607888716154 27.96633307300985 49.32952575755279
57.89461969210854 28.091135682441184 49.175417263865924
57.89461971510774 28.09113261450959 49.17541633360317
57.89461966840077 28.091136881702482 49.1754176255708
57.92148606384525 28.037438161558626 49.14843690563146
57.9214990250415 28.03738316175911 49.14841459688013
57.460785727288894 27.96634161161535 49.329528289725886
57.46077062672375 27.96638239779162 49.329540320617326
57.460764872608465 27.96639760243119 49.329544706409024
57.89461923900088 28.09117971680017 49.175430599842166
57.894619329834 28.09116779826592 49.175426986081845
57.894619149676195 28.091184102031143 49.17543192210914
57.894619428203725 28.09117044297178 49.17542780356898
57.460748971901126 27.966439550641496 49.32955678603507
57.46075686143999 27.96642366129734 49.32955369416859
57.460735447245995 27.966475039586705 49.32956694809294
57.91126069860343 28.211881862300118 49.205487825896824
57.89461893909203 28.09120305206116 49.17543765914728
57.9112585443586 28.21187334114738 49.20548604488313
57.46072579240486 27.966500413494998 49.3295742257107
57.43932945089564 28.025047403697904 49.342569569553575
57.43931794270688 28.025072921799257 49.342574563557605
57.91128229385719 28.211989318155034 49.20551336193566
57.91127341453979 28.21194677132513 49.20550343256953
57.91128086766588 28.211983479595368 49.20551211407509
57.91128538001088 28.21200202608382 49.20551608792426
57.911260032355074 28.211880655966013 49.20548777328034
57.439312902372215 28.025084264479204 49.34257700068022
57.439286224987484 28.02514427517054 49.3425898643445
57.43928470199714 28.02514769738969 49.34259059309775
57.85400664838019 28.269059416994324 49.246434107671604
57.85399857665598 28.26905160170027 49.246434874975094
57.853981583936886 28.269055502052048 49.246442742272265
57.907915992658324 28.263252506808314 49.21947961131538
57.91128815039521 28.212019385742522 49.205520610040644
57.43924557821385 28.02523551568445 49.342609172090675
57.43924362673167 28.02523989367927 49.34261009526777
57.8004127875039 28.286443915251194 49.27231211300966
57.800362182323724 28.286413032048646 49.27232229258587
57.80031158309846 28.28638508209138 49.27233348014447
57.48332301743068 28.014457531310185 49.33492517425955
57.48331261987118 28.014468675623647 49.33492957342696
57.80020387387117 28.286325844027203 49.2723573837704
57.80020245894078 28.286324971073647 49.2723576651368
57.80020130486968 28.286324350783563 49.272357926226675
57.80036544792283 28.28641980004995 49.27232328058801
57.80028351827945 28.286369586004234 49.27233968749658
57.48331233612143 28.014491645610562 49.33493225095651
57.45147149977669 28.08294589152941 49.3454245151799
57.80014163284594 28.286293404238833 49.27237181392525
57.80013380782871 28.28628855266627 49.272373361752074
57.80012903102289 28.286286079192294 49.272374474795114
57.80030994051772 28.2863912748963 49.27233628914543
57.451484449859755 28.082942409708103 49.34542190478437
57.451489167245 28.08294113573009 49.34542094691394
57.80024628981781 28.286358336446327 49.27235112743914
57.800084751328804 28.286264364242648 49.272385210417696
57.45153617099366 28.08292766424404 49.34541044161311
57.451500422542566 28.08293839252357 49.34541902785293
57.800176042602956 28.286321773992164 49.27236743104277
57.80008138908329 28.286262765345082 49.27238604280561
57.80004957256218 28.286248117114773 49.27239408560912
57.42093928986549 28.13498361119092 49.35881916292284
57.42092814286705 28.134995851498616 49.35882192317257
57.80010111789473 28.28628258930376 49.2723847555897
57.80004044394062 28.286244551821632 49.27239661280834
57.80002999995314 28.286241100858216 49.27239972051014
57.420871019712806 28.135055613746804 49.35883647581091
57.800023728786 28.286241936849706 49.27240258833845
57.800017638128395 28.286238102656036 49.272403773142244
57.80001692686275 28.286237960091487 49.27240401663455
57.55455173193326 28.13962198682439 49.329159579220686
57.420811283766476 28.135117624673008 49.35885176077021
57.80012758952609 28.286307321544328 49.272382385279144
57.800022679917085 28.286245865953454 49.27240437330627
57.479750480547196 28.202737514186065 49.35030448166213
57.479929160285295 28.202805794009222 49.35026348894695
57.80004591389597 28.286264089648597 49.27240109287311
57.8000246402289 28.286250656797918 49.2724052171982
57.8000242318536 28.28625135866861 49.27240562697423
57.55682347471085 28.233945816073028 49.330401276987494
57.80015519764473 28.286333009597776 49.27237987669191
57.76397934972396 28.282083153661738 49.27754362725375
57.55693562262894 28.234034061551192 49.33037321942299
57.60452214383472 28.30750020719937 49.314985848487794
57.78246702530653 28.29023405034917 49.27508861172388
57.76398434202545 28.282091031090836 49.27754298719775
57.76398140274092 28.282091777228914 49.27754480720956
57.60454119952372 28.30749215328177 49.31498281462658
57.604549311752635 28.307488421896444 49.31498141768034
57.60463104036568 28.307452894702635 49.314968062913
57.6046359322071 28.307450646776708 49.31496722128329
57.666679512660984 28.274047874360093 49.30035773514072
57.666699400988605 28.274035792672333 49.30035246239831
57.60039380190202 27.451930854034693 49.029519028523175
57.600415958873185 27.451920120095423 49.02950783101594
57.600409956411795 27.45192306606703 49.02951089705455
57.600317486059915 27.451967991305146 49.02955773841446
57.6003383866794 27.451957901374314 49.029547206077375
57.60035911402274 27.451947898691238 49.02953676413469
57.60038353832885 27.451936032662836 49.02952439197999
57.60037313685466 27.451941138081445 49.029529705395404
57.60026034364509 27.451995853816626 49.02958677040091
57.60028122569126 27.451985785711255 49.02957625841964
57.60030238908895 27.45197557400134 49.02956559800545
57.600323563979714 27.451965356810604 49.029554931857376
57.60034893508839 27.451953027367228 49.02954207716488
57.60033827216742 27.451958268802777 49.02954753071144
57.600243877373 27.45200410672346 49.029595327858296
57.60026539827041 27.451993724532464 49.029584489090894
57.60028704853431 27.45198327716009 49.029573582799095
57.60031053029606 27.451971914838182 49.029561727249096
57.60030547150755 27.45197440496031 49.02956431750455
57.52645312660533 27.47239459316906 49.03599152524712
57.60022701660902 27.452012555470585 49.0296040887245
57.60024910933376 27.452001894175854 49.02959295919123
57.60027079190965 27.451991445154338 49.02958204854555
57.60027499368378 27.451989422049632 49.029579935728734
57.52644898483963 27.47239853983316 49.0359979244747
57.52645004833276 27.472397535571588 49.03599629671586
57.55630855977125 27.468451698778438 49.03866600952455
57.600231980736766 27.452010489568067 49.02960186985891
57.60026617984767 27.451993763202434 49.02958445095702
57.600242873759896 27.452005245471284 49.029596393074215
57.51612975060117 27.490163689965552 49.055101374100474
57.516130471920974 27.49016296657871 49.055100196451434
57.55630090541281 27.468455449022702 49.03867078511561
57.60021837522321 27.452017320064073 49.029608950342634
57.600210635685144 27.452021134756592 49.0296129175058
57.51612654491673 27.49016764117404 49.05510699048162
57.51612720465429 27.490167010571632 49.05510592949801
57.51612795610387 27.490166248849974 49.05510469843883
57.547299529100584 27.486261175170483 49.05791944967868
57.54730300940006 27.48625962171154 49.05791799888033
57.51612390999209 27.490171079176207 49.05511170578377
57.516124596159145 27.490170416357333 49.055110598682376
57.51612533594904 27.490169684565394 49.055109396136885
57.547295505361674 27.486262976569858 49.0579211265654
57.516125764489956 27.490169286712554 49.05510871307483
57.47745290447524 27.519649464417682 49.079351756522215
57.51612189397205 27.490173957919957 49.05511544256353
57.51612261710709 27.49017326530787 49.055114278890926
57.51612266982666 27.49017321922989 49.05511419634955
57.47744239205029 27.519654417365032 49.07935332267395
57.47744997860479 27.519650783159488 49.07935220761412
57.47745761350382 27.519647121855023 49.07935108644999
57.516122180815614 27.490173842123973 49.055115063576054
57.47746203956898 27.519645012592413 49.079350433127274
57.44575879028335 27.533032898849264 49.085723652622626
57.477446937075655 27.519652157329535 49.07935267569929
57.47745470243635 27.519648439845124 49.07935153375527
57.47745660907062 27.519647532975295 49.0793512518771
57.44575582525381 27.53303481594513 49.085724049964256
57.477443744002755 27.519653609900434 49.079353164582606
57.47745251642883 27.519649442237455 49.079351866429455
57.47745079357739 27.519650247507435 49.0793521247418
57.44575269817999 27.53303683772218 49.085724468771744
57.44576006236214 27.533032085792065 49.08572350783952
57.477445810789405 27.519652558083934 49.079352876503336
57.44574188664754 27.533043818125265 49.085725890383074
57.44574937847878 27.533038983942532 49.085724913110994
57.445756918863296 27.533034118293383 49.08572392913244
57.445760275107595 27.533031952616916 49.08572349126003
57.44573815135848 27.533046232708422 49.085726389479525
57.44574586379717 27.533041256120757 49.085725383278685
57.445753546151096 27.533036298867877 49.08572438079051
57.445755435938025 27.533035079436512 49.085724134204966
57.445734193525965 27.533048791051222 49.08572691804465
57.44574214713249 27.533043658778105 49.0857258801957
57.44575002719435 27.533038573917135 49.085724851822214
57.445750586037164 27.53303821330826 49.08572477889757
57.445730076027814 27.53305145252433 49.085727467721725
57.445738240661825 27.533046184042217 49.085726402232766
57.445748871212814 27.53303932123993 49.0857250064651
57.445745002980324 27.533041820459502 49.08572551977946
57.445725768861706 27.533054236514868 49.08572804250015
57.44573415102698 27.533048827627496 49.08572694852383
57.44573991245145 27.533045109888434 49.08572619664927
57.445712676022794 27.53306268980188 49.08572976400387
57.445721270316724 27.533057144123603 49.085728642594326
57.44572985878335 27.5330516020901 49.08572752163069
57.44573465046281 27.53304851010958 49.085726896310106
57.44570768705108 27.53306591409006 49.08573042868867
57.44571649650289 27.533060229543718 49.085729279117004
57.445725303258776 27.5330545466197 49.08572812957762
57.445729116855105 27.533052085764595 49.08572763186219
57.445702471069325 27.53306928500365 49.08573112338023
57.44571151920664 27.533063446392703 49.085729942536304
57.44572053262176 27.533057630094355 49.08572876597033
57.44572343285964 27.533055758608114 49.085728387438124
57.43915306033401 27.574109432391122 49.121887911700014
57.43916210580922 27.57410031467731 49.12188354644074
57.43917094257923 27.57409159740841 49.12187946015062
57.43917254868572 27.574090128209665 49.12187882547967
57.43913554986716 27.57414617523836 49.12191426702751
57.43914479545191 27.574136845895367 49.1219097958929
57.439153869628775 27.57412783338107 49.12190554256968
57.439154279613156 27.574127436030672 49.12190535963383
57.43911729341529 27.574184479684664 49.12194174165444
57.439126830317406 27.57417473067103 49.1219370117452
57.43914947965634 27.57413715196258 49.12191225028954
57.43913473349747 27.57416703874756 49.121933455052684
57.43908910538997 27.57423294798993 49.12197415261844
57.439098266467504 27.574224381514895 49.12197035779863
57.43910807462772 27.574214262870846 49.12196540676106
57.43911502620499 27.574207474250386 49.12196225688051
57.43906906984783 27.5742747366458 49.12200407155032
57.43907858498737 27.57426561002567 49.121999915250996
57.43908858355749 27.574255317375304 49.12199488913276
57.43909485076051 27.574249161172006 49.12199201567381
57.41353708573652 27.59055870740485 49.124762515102965
57.43905821598187 27.57430823249856 49.122030461842314
57.43906851499578 27.5742975175745 49.122025178731086
57.439074986284425 27.574291075218017 49.12202213134808
57.41353307352339 27.590587430820875 49.12478786451493
57.43903711277328 27.574352362226264 49.12206208222058
57.439047769452166 27.57434109348359 49.12205644522987
57.43905478568286 27.57433409149114 49.122053125164456
57.413528952864716 27.590616929038724 49.124813897700705
57.41352843146906 27.590620942248968 49.124817442317116
57.43902618780053 27.574386388161834 49.12208893672226
57.43903466174093 27.57437775417369 49.122084760652484
57.4135246581831 27.59064767623606 49.124841033185916
57.413524138728015 27.59065168098553 49.12484457038997
57.413523765235595 27.590654634693344 49.12484717995201
57.43901378209836 27.574423167400102 49.12211768813657
58.547322280183664 27.2142785744852 48.47322482039028
58.54730674982203 27.214273988533595 48.473229413554265
58.54734132934716 27.214284198086677 48.47321918912013
57.41352025342093 27.590679210336425 49.12486886312868
57.41351970782004 27.59068340994099 49.12487257237626
57.413519321547625 27.5906864616011 49.12487526844953
57.43899178564217 27.574470338860273 49.122151747742436
57.43900654152401 27.574439280635616 49.1221294489043
57.43899331167519 27.57446878454809 49.122150996202514
58.54725757805691 27.214259467978856 48.473243957487654
58.54723292874239 27.214252194297618 48.4732512384538
58.54721409138348 27.214246632514968 48.4732568084101
58.54727826578046 27.21426557957307 48.47323783401515
57.41351507234151 27.59071660807271 49.124901871008404
57.41351468902538 27.590719643794074 49.12490455306769
57.41351430293743 27.590722704097296 49.12490725686892
57.41351415171294 27.590723884222392 49.12490829935011
58.54722790891297 27.21425070620865 48.47325273369033
58.54718752486791 27.21423878927595 48.47326466267816
58.54716464052877 27.21423203221844 48.473271429992124
57.41351027985341 27.59075093177604 49.124932163012076
57.41350986217219 27.590754221823836 49.12493506960672
57.41350948813765 27.590757200950925 49.124937701818595
57.41350926354684 27.590758964827316 49.124939260068636
58.547183466991186 27.214237585584463 48.473265872784935
58.5471514650221 27.21422814201636 48.473275325991914
58.54713562722195 27.21422346548088 48.47328000971654
57.413505258051984 27.59078690518579 49.12496391101985
57.41350483720583 27.59079022343184 49.124966842556105
57.41350447624032 27.590793113732765 49.12496939642339
57.41350418465464 27.590795417912133 49.12497143211937
58.54713497798296 27.21422327085112 48.473280207075234
58.54711805611315 27.214218277294442 48.473285205749946
58.547109399663285 27.214215721332664 48.473287765568394
57.381986058058416 27.64807766086099 49.149553700749166
57.41349962976207 27.590827536623134 49.12499977307584
57.413499275241094 27.590830385741064 49.12500229064746
57.41349892625772 27.59083316279568 49.12500474429493
58.54718446947132 27.214237875768504 48.47326558699436
58.54708668707431 27.214209015040932 48.47329448199542
57.352570980717644 27.702000232963748 49.171674924598264
57.381981050106106 27.648110286001405 49.14958116565281
57.381994122328905 27.64809523813186 49.149580580824605
57.413493502604354 27.59087208219868 49.125039092938756
57.413495439870815 27.590858195925453 49.12502683764575
57.41349347303395 27.590872319773947 49.12503930286724
58.54713452050356 27.21422313026684 48.473280352446096
58.54708522251548 27.214208582628718 48.47329491504073
58.54705372844046 27.214199284341554 48.47330422663863
57.35256909420322 27.70200145221564 49.17167404879237
57.3525830303099 27.701992752511458 49.17168074272537
57.35259678498117 27.70198416543562 49.17168734904692
57.44062424904 27.70156513127082 49.200207298804756
57.44063040323229 27.701583327712747 49.20021891788804
58.60320899929584 27.452249710656616 48.53874982515073
58.547044432349914 27.21419653985922 48.473306974976225
58.603162311455804 27.45232210634422 48.538795560815394
57.3410360444623 27.723336720534686 49.181362328228474
57.34105777183023 27.723316837347888 49.18136588309037
57.41109948325819 27.757097484292874 49.22338178502975
57.41116198351612 27.757160758184966 49.223437338696115
57.41118332942978 27.757182915482055 49.2234564538268
58.673707014265744 27.61589147156214 48.55665299670012
58.603162589321414 27.452527440016766 48.53887068065861
58.6031619474507 27.45285309376849 48.53899026415826
57.338048201586304 27.755753867094203 49.199698950430374
57.40809950676725 27.789495350266233 49.24170016364343
57.40816368279223 27.789525653669536 49.24173686415906
57.40822901969359 27.789558618108117 49.241775009054734
57.40825297418435 27.789571799488208 49.241789398856525
58.65229747221292 27.70782222592203 48.608646375391714
58.6736636404475 27.616212981824187 48.556786734091936
58.65227530085713 27.707971500850558 48.608708777654186
57.33802746356848 27.75578594866298 49.19970230636754
57.40812283096892 27.789563836737546 49.24173473288121
57.408188552345415 27.789595015801545 49.241772371058715
57.40825541113975 27.789628763263607 49.24181141007225
57.45904848532817 27.817716023058075 49.27067736368639
58.392889990803724 27.839295253297827 48.797504438617885
58.42845909148939 27.609615141694583 48.70229973475516
58.179922064381394 27.829504091829083 48.925121009984615
57.33800529038416 27.75582022181667 49.199705882216485
57.4081482480412 27.78963761840071 49.24177208998238
57.40821561879639 27.789670002210514 49.241810828732106
57.45908073932232 27.817803499398785 49.27072131228127
57.45908388796512 27.81781089572656 49.27072524627553
58.17988653250214 27.829551407992 48.925163588695256
58.17968853870195 27.829494558106525 48.92525468766196
58.17943965184007 27.829483477135774 48.92539673897371
57.33795817014683 27.755883399805942 49.19970931799068
57.408106605249415 27.78968294767504 49.24177228417925
57.408175607923084 27.789716233921425 49.24181200488739
57.40824447424572 27.789749659296774 49.24185172279864
57.45909564333765 27.817842887797934 49.27074129824469
57.4591178129116 27.817903335983907 49.27077160634947
58.179375762451166 27.829529701172117 48.9254555803465
58.179181881390875 27.82947180593084 48.925543771764765
57.944002644837944 27.75017530824178 49.026338782467334
57.33793302143225 27.75592209766043 49.19971329842619
57.408134833031866 27.789765895957977 49.241814144566305
57.40820469113517 27.789799268501632 49.241854237137495
57.45914302881674 27.817976306554797 49.2708073931507
57.459151315031114 27.817995661073425 49.27081771180053
58.06390715535893 27.875818301172977 49.00360977374494
57.94400931508557 27.750219657024118 49.02635554042763
57.94401616316527 27.750265203172372 49.02637275125639
57.33788253882882 27.755990045596008 49.19971709222206
57.40809320815159 27.789817796364673 49.24181677328667
57.408164662278836 27.789852679087513 49.241858058053026
57.4082362682364 27.78988779925645 49.24189949087688
57.45916675026358 27.818039171620327 49.27083925730463
57.459182561653805 27.818083712925123 49.27086131864971
58.063871763825034 27.875858861969334 49.003653749043266
57.94402322916848 27.750312208088303 49.026390513583515
57.944030547722264 27.75036090216758 49.02640891447279
57.337855227233206 27.75603198096729 49.199721375909085
57.408123698555265 27.789907636461542 49.24186207880242
57.408196119943184 27.789943135268054 49.241903975583654
57.459213250188796 27.81817102023946 49.27090440475119
57.459213863577034 27.81817248908157 49.270905179848526
58.0638341958654 27.875902095038594 49.003700512272964
57.94403805231397 27.750410849917216 49.026427789555335
57.95244921161828 27.84441481012999 49.05882196336821
57.33780276111999 27.756102644720333 49.199725338633954
57.40808213699988 27.789963680258445 49.24186626327709
57.40815520828697 27.789999812486485 49.241908652344804
57.45923641077043 27.818241322108744 49.27093829658297
57.45921467433837 27.818174798220447 49.27090631894076
57.45924498072597 27.818261323528574 49.270948963630744
57.95245766285814 27.844520404311183 49.05886091420207
57.952453744351644 27.844473830659744 49.058843673472424
57.95245840455428 27.84453465633932 49.05886604401831
57.33777423270662 27.756146271181294 49.19972973674336
57.408112343993174 27.790055691735688 49.24191225827068
57.40818700985963 27.79009337751929 49.24195585498285
57.45925907213036 27.818301592712153 49.27096880374222
57.45927744370525 27.818353619624425 49.27099452249733
57.93923030812586 27.962288818903787 49.11261856174937
57.95246321435474 27.84459758056108 49.05888918279834
57.93922405836831 27.962296302660974 49.11262413435706
57.4080644198786 27.79010726808129 49.241912263695355
57.40814004480943 27.790145727336224 49.241956527304524
57.43120139842294 27.8674622559055 49.277975524076936
57.48261126033783 27.898362078997486 49.3078244224707
57.93921819864828 27.962303355530842 49.112629658591736
57.93921802453079 27.962303545590437 49.1126296611951
57.93921173303704 27.96231109686817 49.1126354162695
57.43105510345852 27.867404627605865 49.27789731981
57.4311434837687 27.867440715526996 49.27794483477943
57.4826084404259 27.898364442153298 49.30782367012006
57.48260956691604 27.898363553823785 49.30782398460087
57.93920509984371 27.96231907596551 49.112641630452394
57.93920519572718 27.96231894230056 49.11264138889311
57.93919841591895 27.962327077805625 49.11264757520388
57.409381728545455 27.935353093807684 49.29963790661523
57.46049017772607 27.96356667310679 49.32866371975488
57.4605013103299 27.963540948436872 49.32865741524658
57.939191058217176 27.96233592470366 49.11265443738152
57.939191361427554 27.96233554196212 49.11265400422353
57.93918404649281 27.96234431770204 49.11266066311804
57.46044715059873 27.96367709720201 49.32869394237423
57.46046284806988 27.96364059308997 49.32868492965879
57.460493218512106 27.963562629376028 49.328663585744025
57.46047277517971 27.96361796500117 49.328679473401934
57.93917589630013 27.962354113636913 49.11266823250526
57.93917647756635 27.962353397185858 49.11266754519046
57.93916861880905 27.962362823363776 49.11267468268436
57.46046831777445 27.9636304519344 49.32868316202002
57.46045359819253 27.963671942912804 49.3286954789779
57.46045963957787 27.963656574374347 49.328691307848274
57.46045654977219 27.96366598739961 49.3286942679124
57.939159862200704 27.962373346613127 49.112682802416415
57.93916061905635 27.96237241789945 49.11268194194918
57.93915184844127 27.96238293590676 49.11268989190245
57.46045363169111 27.963675936360353 49.32869762731986
57.46045133621314 27.963685824119665 49.32870136750711
57.46044955078717 27.963692444068073 49.32870370655762
57.91965558210782 28.00791230514607 49.139172812654984
57.91965841506619 28.0079058752655 49.139169786403116
57.91964133162398 28.007937059033647 49.13918624141742
57.460448000744286 27.963698485597504 49.32870589393662
57.46076965589907 27.966363716182578 49.329528540456764
57.46078158427051 27.966336797889653 49.32952215996019
57.4607669405372 27.966372308069282 49.32953144500101
57.91962655762667 28.007965622430675 49.13920084900606
57.91963108343002 28.00795575399239 49.13919610981397
57.91960855531447 28.00799686590197 49.1392178067439
57.460765531323325 27.966376914330006 49.329533039170855
57.4607616670432 27.96638947671387 49.32953737015292
57.46076891329432 27.96637433889269 49.32953420980006
57.46075805181904 27.966400527346124 49.329541008277104
57.46080370642005 27.96629048987566 49.32951245652458
57.9214788057871 28.037435391963832 49.14843941543249
57.921480121535396 28.037429836969103 49.14843715918197
57.9214760811971 28.037442860069202 49.14844288765346
57.921500924563475 28.0373748529931 49.14841125359244
57.91960246935507 28.008007965709087 49.13922366660947
57.4607562379619 27.96640597014509 49.32954277375042
57.46075021523822 27.96642393592286 49.32954857308174
57.460759675945354 27.966403377253037 49.32954397861714
57.46074440285629 27.966440121384462 49.32955349052562
57.894619490249625 28.09114620666758 49.17542043885467
57.89461956747464 28.09113578409695 49.17541727838767
57.89461939737579 28.091150898254746 49.175421853850594
57.46073893277416 27.96645508107607 49.32955795774883
57.460726788814306 27.966488341367373 49.32956790401563
57.4607544314955 27.966422709826396 49.32955120198953
57.46072360804153 27.966496764608287 49.329570339237776
57.894619041994325 28.0911894891953 49.175433546756366
57.89461920821822 28.091167707687248 49.17542694252154
57.8946188663882 28.09119806314928 49.17543613191152
57.43930989610095 28.025089386580795 49.342575985667814
57.439321922589315 28.025063072342405 49.34257129728048
57.43929966379973 28.025112510971773 49.342581080163626
57.911255598076536 28.211861357828617 49.20548349426919
57.91124730885558 28.21182159217548 49.205474208615136
57.91125425785464 28.21185594214319 49.2054823463574
57.911258329910495 28.211872500542803 49.205485870255515
57.89461883053738 28.091201209444982 49.17543708432191
57.43928927258031 28.025135965690197 49.342586210486886
57.43927823548556 28.025161108149483 49.34259200507111
57.4392710932664 28.025176969931366 49.342595141594636
57.85963623162881 28.25857544406429 49.240507871105805
57.859626932679305 28.258565451715157 49.24050839396764
57.783104682056326 28.21979443540711 49.25863197270928
57.91127938964367 28.211977377211078 49.2055108028617
57.911260323872156 28.211885911163463 49.20548944440948
57.439267683276675 28.025184657891636 49.342596811709434
57.439245825796036 28.02523389621033 49.34260745639125
57.439282296536234 28.025153039580047 49.342591649503625
57.43924189536558 28.025242736209385 49.34260934937872
57.80030648596983 28.286379021173175 49.272333489174855
57.783032703040675 28.21982458975353 49.25866925594734
57.78296245089397 28.219854061363975 49.258705659823804
57.439215388540426 28.02530229794022 49.34262203271521
57.43924141234917 28.025244807162277 49.34261106122389
57.43920645299784 28.02532236070072 49.34262628471683
57.80010717523873 28.28626624920237 49.27237663493311
57.66485544652542 28.179991215875784 49.298993738498304
57.66485406608451 28.179990351212922 49.29899415513931
57.80025763508791 28.286353719604058 49.27234486980109
57.8001796506791 28.286305901098597 49.272360478914315
57.43917595888995 28.02539077591942 49.34264071658409
57.43916625950268 28.025412525775202 49.342645290076874
57.66487412728504 28.18001544672251 49.29899187453762
57.664850136527534 28.179990746494575 49.29899620161652
57.664850928383004 28.179992601107717 49.29899637186247
57.451428064505905 28.082959126320937 49.34543519445087
57.451429397592364 28.082958743170565 49.34543489517005
57.66487701972238 28.18002394102397 49.2989930144643
57.6648590531569 28.180005396715927 49.298996241009746
57.66486115162556 28.180008291930182 49.29899608382233
57.45147531355472 28.082945356876934 49.34542435295489
57.451447764217015 28.08295373069276 49.34543110106226
57.800072830512306 28.286257431629295 49.272387726317035
57.66488942616914 28.18004202729 49.29899237713464
57.451457810687785 28.082950950197898 49.34542897788185
57.45146648388987 28.082948527657543 49.3454271175881
57.80000115580346 28.286219918534286 49.27240428969413
57.664894012850326 28.180047504994583 49.298991777395884
57.66491933738021 28.180077545495198 49.29898840470268
57.42089939594963 28.135020795106257 49.358829952545015
57.420847492124864 28.135065895955755 49.358844441117725
57.799927279154595 28.286181158612997 49.27242132940963
57.664939337823185 28.180100685968178 49.298985565008905
57.66495537613668 28.180119244497455 49.29898328853682
57.42083419833209 28.135081717203917 49.3588475646559
57.420814345542844 28.13510591141823 49.3588521513245
57.66500197411647 28.180171440518286 49.2989761550659
57.42077548356496 28.13515058422146 49.35886149943809
57.79994602412429 28.286200958018 49.27242043847099
57.66501016189986 28.180180701534795 49.29897492862337
57.76390420212576 28.28199467062067 49.277561328205465
57.42076856399703 28.13515981571127 49.35886298822449
57.47994698170509 28.202817040800014 49.350259305818994
57.7639235381137 28.28202031539349 49.277557544922686
57.76391167293575 28.28200646398931 49.27756037174045
57.76391295389117 28.28200961301873 49.27756050980832
57.556863982169936 28.23396364373435 49.330392007745886
57.55677818713853 28.233882362186232 49.3304143204334
57.55700009538972 28.23402465388483 49.33036079313675
57.66674601739791 28.27400850644416 49.30034075958139
57.66675331579937 28.274004207375015 49.300338910156945
57.66669407698225 28.274036385164926 49.30035219486119
57.76396499304012 28.28206854869983 49.27754762530154
57.60455762522213 28.30748469885163 49.31498002120936
57.55708699403333 28.234078985126192 49.33033991759028
57.60464863865078 28.30744495099261 49.31496508500672
57.666626306986714 28.274073156824546 49.30036736721448
57.66671069477383 28.274029166749287 49.300349617443096
57.600501125526975 27.45187840113725 49.02946439683737
57.60049621890673 27.451880889220092 49.029466971486386
57.60051893398054 27.451869816638855 49.02945543355018
57.60051536729351 27.45187163045816 49.02945730954243
57.600527332792 27.451865783345433 49.029451219393025
57.6005256411796 27.451866645072545 49.0294521103951
57.60049103292755 27.45188351808089 49.02946969196966
57.600508068302716 27.451875342593194 49.02946114887075
57.600518658504285 27.4518702021061 49.02945578827381
57.60046455010884 27.451896469313887 49.029483179655244
57.60048203136225 27.451888083771344 49.02947441631079
57.600500476185346 27.45187920402199 49.02946514256979
57.60050117965245 27.451878865232175 49.02946478877165
57.60041363672005 27.451921293471578 49.02950904596344
57.600433410321415 27.4519117602955 49.02949909240024
57.60045301922784 27.451902308716214 49.02948922361735
57.600471910486036 27.451893217660086 49.0294797285095
57.60049968368654 27.451879606877895 49.02946555926411
57.60048578746337 27.451886524449407 49.029472740693166
57.60037943966028 27.451938101189093 49.02952653424555
57.600399994811866 27.451928184475662 49.029516181505485
57.600420555433956 27.451918261509796 49.02950582292037
57.600440788761645 27.451908503140196 49.02949563490441
57.60046176099996 27.451898366395348 49.02948505601039
57.600459317936725 27.451899572659837 49.02948631009691
57.60034418825856 27.451955419476473 49.02954455518625
57.60036505098847 27.4519453596872 49.029534052076116
57.60038622371824 27.4519351397141 49.0295233837456
57.60040718742421 27.451925022775335 49.029512822565806
57.60042849364438 27.451914731314936 49.02950208094276
57.60042635365849 27.451915784278988 49.02950317632582
57.60030800399906 27.45197318629043 49.029563044662765
57.60032919926788 27.45196296979274 49.02955237725088
57.600350715901314 27.451952588641056 49.0295415397607
57.60037216290523 27.45194224101091 49.02953073727933
57.60039438781659 27.451931498090538 49.029519525902614
57.600390944606076 27.451933191915906 49.02952128803474
57.60029224697989 27.451981112364344 49.0295712580197
57.60031408047257 27.451970582932525 49.02956026486355
57.60033606091821 27.451959978141677 49.02954919387755
57.60035763171696 27.451949580095373 49.02953833700565
57.600360228179525 27.45194833060819 49.02953703198302
57.60025381086711 27.451999980013817 49.029590894007114
57.60027611958864 27.451989223843064 49.029579663664364
57.60029860815801 27.45197837329467 49.029568336231506
57.60032074037531 27.45196770476428 49.02955719691296
57.6003551116484 27.451950853176392 49.02953965524473
57.600328848774296 27.45196380079542 49.02955311980283
57.600214062294384 27.452019485695548 49.029611195165735
57.60023671537937 27.452008568433108 49.02959979569572
57.600259722234995 27.451997469273905 49.029588208450264
57.6002825219873 27.451986474227862 49.029576729103084
57.6003119489057 27.451972139609772 49.02956179022381
57.60029824269425 27.451978904802903 49.02956882403821
57.54731513479251 27.486254207141837 49.05791294447988
57.60021908218543 27.452017426812027 49.02960897722228
57.60024264880097 27.452006056104796 49.02959710677145
57.600265685470234 27.451994955027832 49.02958551516999
57.60026855017543 27.451993575931546 49.029584074876695
57.51612603529696 27.490169035621733 49.055108281596944
57.54730442244046 27.48625899394759 49.05791740959231
57.547320750668376 27.48625169159466 49.05791060418649
57.60022489651685 27.452014986023848 49.02960636032384
57.60026210153316 27.451996760713328 49.029587385778186
57.600237347275666 27.45200899051001 49.029600099063614
57.516123353390014 27.49017256877438 49.05511309856734
57.54729342717419 27.48626390885532 49.057921992487934
57.54731007874897 27.486256463622958 49.057915052170316
57.54732742011553 27.48624872930476 49.05790782273081
57.547325590739476 27.486249547229406 49.057908585210264
57.51611981351412 27.490176970607283 49.055119320573354
57.51612064310258 27.490176132915522 49.05511796318572
57.547282122369666 27.48626896577809 49.05792670409527
57.54729905105062 27.486261401550387 49.057919647870065
57.547305967379955 27.48625832106057 49.05791676416917
57.47746237361701 27.519644782737004 49.07935040177564
57.51611786228894 27.490179792476503 49.05512295577981
57.547270431100756 27.486274200420908 49.05793157636719
57.54728943791308 27.48626571738598 49.05792365311615
57.5472860556539 27.486267231698083 49.05792506265896
57.47745159325598 27.51964986655782 49.07935200666698
57.47745955005928 27.519646057419724 49.07935083657142
57.47746755956658 27.519642216774805 49.07934966032024
57.547258340741564 27.48627962016313 49.05793661442087
57.54726790122854 27.486275356734275 49.057932628701884
57.477448450282324 27.519651299555775 49.079352487062025
57.4774566140927 27.519647387976686 49.07935128737384
57.47746481709527 27.51964345325192 49.07935008303609
57.47747290419369 27.519639594492666 49.079348890538725
57.54725036460627 27.486283209769876 49.05793993689234
57.475460878536495 27.52133781337809 49.080714194409595
57.477453523818994 27.51964879788911 49.07935175947439
57.47746190419753 27.51964477969041 49.07935052868632
57.47747080289182 27.51964055766895 49.07934921041723
57.47746943876182 27.519641194792257 49.07934941506691
57.445761174080204 27.53303137665893 49.08572338519951
57.475466325826545 27.521335001125177 49.08071321585823
57.477458819727985 27.51964619759567 49.07935099719614
57.477464560044865 27.519643464903808 49.07935014914653
57.445757854312745 27.533033523141533 49.08572383014534
57.47546204396788 27.521337116028576 49.08071400685364
57.475471939736906 27.5213321243048 49.08071220248665
57.475476328121786 27.521329921547817 49.080711399842286
57.4457462458589 27.533041018453254 49.085725357581865
57.44575436078023 27.533035781874304 49.08572429810239
57.475457559249655 27.521339342026906 49.08071483284025
57.47546766722763 27.521334245831476 49.08071298919334
57.47547016074828 27.521332994484354 49.08071253305971
57.4457423538077 27.53304353451601 49.08572587801849
57.44575066531817 27.53303817105664 49.08572479281535
57.445759038519114 27.53303276764842 49.08572369917701
57.47546315389186 27.52133650070136 49.08071381710839
57.47546366349928 27.521336245076533 49.080713723860654
57.44573824047038 27.533046193522686 49.08572642774771
57.44574676600415 27.53304069192409 49.08572531452157
57.44575533328248 27.533035163258475 49.08572419549347
57.4754617604177 27.521337198219555 49.080714072419326
57.475457177646234 27.521339498740453 49.080714910573796
57.4457339288987 27.53304898058198 49.08572700371651
57.44574268836096 27.533043327991738 49.08572585984801
57.44575143559047 27.533037683194074 49.08572471730078
57.445757863014435 27.53303353541054 49.08572387772908
57.43919544383091 27.57404939434356 49.1218512188573
57.43920451514787 27.57403976745887 49.12184638805551
57.4392135717304 27.57403008234916 49.12184149583282
57.4392194897825 27.574023872853992 49.12183841084578
57.43917961764866 27.574083182396386 49.12187558249801
57.43918906418935 27.574072956119444 49.12187036320226
57.439198533835224 27.574062593876164 49.12186502708824
57.43920377545359 27.574057235100604 49.12186242692047
57.43916296285088 27.57411871965857 49.12190120314579
57.439172905196216 27.574107628005564 49.12189540170943
57.4391826928237 27.57409680047005 49.12188977637444
57.43918808230157 27.574091131149494 49.121886953392355
57.43913596594545 27.574165828149646 49.121932890006406
57.4391456835732 27.574155550624834 49.121927748081674
57.439155928572205 27.574144025171577 49.12192167986527
57.439166085514444 27.57413262076365 49.12191568442131
57.439171328977636 27.574127043316164 49.12191288003706
57.439117463187166 27.574205041023678 49.12196110258978
57.43912761536587 27.574194032244208 49.12195547596133
57.43913826171642 27.57418185831844 49.12194898531286
57.43914862287845 27.574170245473702 49.12194288888918
57.4391537055862 27.574164776904425 49.12194011222962
57.43909825285319 27.57424571817814 49.121990360979225
57.43910872604779 27.574234237843953 49.121984440660825
57.43911972245619 27.574221530608323 49.12197761184616
57.43913046029457 27.574209333375265 49.12197114167131
57.43913568803896 27.574203672554603 49.1219682518268
57.43907847567877 27.574287529220918 49.12202042045149
57.43908919023815 27.574275769252154 49.12201434957109
57.43910042845335 27.57426277813621 49.12200736641732
57.43911143068607 27.57425024790305 49.12200070629012
57.43911658615998 27.5742446875061 49.12199787718344
57.439057947004684 27.57433089752557 49.122051592604144
57.439069012234874 27.574318614858612 49.12204519379277
57.43908039374038 27.574305569603773 49.12203822616766
57.439091557212826 27.574292938471572 49.12203154602268
57.43909686257092 27.5742871733782 49.122028594303075
57.43903673008546 27.574375650470273 49.122083744820486
57.43904783267304 27.57436357445159 49.12207755708859
57.439059386655714 27.57435041198733 49.1220705593494
57.43907087424903 27.57433732345804 49.12206360022812
57.43907643333955 27.57433132095872 49.12206054327092
57.43901457513468 27.574422368415856 49.1221173057863
57.43902585194789 27.574410193426363 49.12211110585346
57.43903763384114 27.574396798117835 49.12210399520693
57.43904936985292 27.574383428061438 49.12209688701256
57.439055765532835 27.574376485488443 49.12209333554358
58.54718245609887 27.214237301002996 48.47326614624596
58.54717956510473 27.21423644791688 48.47326700018036
58.547170599883984 27.21423380120477 48.473269650537574
58.54725861977213 27.21425978275412 48.473243636262524
58.54722755632141 27.21425061635033 48.47325281184457
58.54730979310028 27.214274889984196 48.47322850835751
58.547247081219105 27.21425638031729 48.47324704008271
58.54727854734315 27.214265666217702 48.473237744324756
57.439003050049834 27.57445851959266 49.122145875664856
57.43901499469574 27.574445045613338 49.12213876654617
57.439027007950614 27.57443133236191 49.12213146478374
57.43903442581244 27.574423225743615 49.122127294635945
58.54708116120152 27.214207396291975 48.47329609250437
58.54708028366581 27.21420713734969 48.47329635170041
58.54707965276476 27.21420695107459 48.47329653824911
58.54716832662983 27.21423312427047 48.47327033324399
58.54712266059329 27.214219648902507 48.473283822053844
57.438979320533676 27.57450877473599 49.12218202526091
57.43899146826774 27.5744951411004 49.12217486038517
57.43900377085036 27.574481066217473 49.122167353356545
57.43901282535906 27.574471077047015 49.12216217502673
58.54704115378859 27.214195584038446 48.4733079220786
58.54703875335686 27.21419487570953 48.47330863111179
58.54703719691423 27.214194416157234 48.47330909134634
58.547132048069656 27.214222412278378 48.473281061515415
57.438954618471286 27.574561067909073 49.122219636122914
57.438966969630016 27.5745472802832 49.12221242095939
57.438979536678914 27.574532901403472 49.12220475121093
57.438990764919126 27.574520278959007 49.12219810918115
58.54708653082686 27.214208974385546 48.47329451815973
58.54701163290707 27.214186867973474 48.473316650905005
57.41350404751185 27.590796500955246 49.12497238895983
57.43894150720667 27.57460144247684 49.12225143276838
57.43895446015392 27.574586490226267 49.122243403867905
57.4389671626429 27.57457192825049 49.122235625080066
57.43898306487 27.574537787138592 49.122210965526996
57.438968838146366 27.57457005220728 49.12223464098097
58.547036776075814 27.214194286265187 48.47330922611404
58.547004219706515 27.214184679166287 48.473318842961355
58.546984639899165 27.214178898160327 48.473324632474174
57.41349886826522 27.59083362256574 49.125005150506155
57.41349855986169 27.590836149594253 49.12500738390372
57.4389283328526 27.574642304936766 49.12228365776683
57.43894148527213 27.574627027210404 49.12227541593106
57.4680454189775 27.68361633748626 49.19606899444263
58.546985315682306 27.21417909488285 48.47332443779261
58.54696683045717 27.214173640053605 48.473329898158184
58.546954256682454 27.214169927793492 48.47333361572274
58.5470826601418 27.214207826483275 48.47329567196298
57.440609275442995 27.701487704908814 49.200151789443545
57.44063678103346 27.701568218788427 49.20020305152801
57.44066498611298 27.701650448145298 49.20025534442481
57.468048064556356 27.683839703790632 49.19620613998386
58.54693286711698 27.214163611953815 48.473339941268726
58.54692574074106 27.214161509038064 48.47334204630565
58.546920126659735 27.21415985162832 48.47334370601537
58.54703213548731 27.214192911135214 48.47331060740542
57.440654195011206 27.70165344384263 49.200263647388816
57.440682392557214 27.701735865063633 49.20031610200344
57.44071086460919 27.701818639386666 49.20036869813363
57.45902487999677 27.81763222689915 49.2706390360467
58.60313793430702 27.452357845172763 48.53881868559122
58.60307374784621 27.452447672849416 48.53887800821303
57.41122684713786 27.75722830454501 49.223495479910326
57.459018329261326 27.81762486337906 49.27063335237225
57.459042604532684 27.81768210017667 49.270663748868955
57.45906188396918 27.817728029758346 49.27068803691867
58.60313042133244 27.452896960848616 48.539019308596636
58.60307373522966 27.452489287970963 48.53889326116739
58.42833167015527 27.609193297190465 48.702223650697036
57.45902906409391 27.817659854469024 49.270649811113444
57.459053530271504 27.817717287456972 49.27068036751234
57.45907778097251 27.817774271534756 49.27071067253409
57.45910084228592 27.8178290377954 49.270739671062024
58.428345253700016 27.609493629829494 48.70232040671165
58.42818190318857 27.60929559126509 48.70234185091833
58.1636020810343 27.743265543422716 48.89339203031051
57.45906641231683 27.817758219336017 49.27069978856237
57.45909086185769 27.817815426169833 49.27073026587007
57.45911509601244 27.81787217838663 49.270760490068795
57.45914061721279 27.817932502644233 49.270792493348104
57.459129335996764 27.817902956347833 49.27077744893033
57.45914190663963 27.817935575250782 49.27079411800283
58.179500902177026 27.82944007403082 48.92534074384211
58.163502845956884 27.743231109793477 48.89343452774794
57.94398044523223 27.750029948087107 49.02628391870856
57.459106273572814 27.81786332446913 49.270753166730714
57.459130647326845 27.817920153035296 49.27078348693991
57.45915491777236 27.817976819373783 49.27081370314633
57.45918025572281 27.8180364673226 49.27084540084651
57.45918333319099 27.818043768655798 49.27084926841533
57.94399103376062 27.750099065523443 49.02630999977974
57.94398392850715 27.750053103513082 49.026292668277534
57.943992417881915 27.75010956755279 49.02631400477226
57.45912381561136 27.817917374309882 49.270779086848115
57.45914870275236 27.817975329348045 49.2708100237181
57.45917272461551 27.81803105193763 49.27083981719632
57.45919691922299 27.818087337608123 49.27086987552964
57.45922238284183 27.81814714642765 49.270901688376426
57.45922466933223 27.818152557705076 49.27090455770186
57.944003714834125 27.750183391111676 49.02634186402092
57.943996110907946 27.750134137191313 49.026323289279304
57.9440051172696 27.750194072709977 49.02634593849565
57.45916879273662 27.81803638048971 49.27083944397145
57.45919305136622 27.8180925178294 49.27086948919349
57.45921724445667 27.81814853474794 49.27089946298065
57.45924167315404 27.818205281204513 49.27092978602113
57.45924102544565 27.818196205169414 49.27092662225121
57.45926426309295 27.818258291078944 49.270957993297245
57.9440172424881 27.750273389937327 49.02637587324891
57.94400904623795 27.750220224450228 49.02635582120452
57.94401865402759 27.750284189628978 49.026379993969485
57.45919075089614 27.818102803932852 49.27087150500791
57.45921568579057 27.81816056647191 49.27090240658496
57.459239903500986 27.818216458397607 49.27093235415178
57.4592640017851 27.818272073488366 49.27096215365869
57.459288874121505 27.81832985916029 49.270993030084185
57.45930234306708 27.81836140285039 49.27100982873997
57.94403162192547 27.75036909999176 49.02641204191515
57.94402282817016 27.750311985770303 49.02639049844693
57.944033029572694 27.750379930527497 49.02641617588924
57.45923942194277 27.818231924480173 49.270936925324605
57.45926391116994 27.818288393306485 49.270967193148735
57.459288225246326 27.81834441034617 49.27099722955977
57.45931300232306 27.8184017035312 49.27102790321496
57.459333525145155 27.818447888248393 49.27105291398664
57.45933695111161 27.81845744867659 49.27105766592156
57.952449950963526 27.844428837543486 49.05882701531886
57.95244476356308 27.84436723192873 49.05880420869519
57.95245092363584 27.84444768313267 49.05883379594314
57.45926327611995 27.818303924049665 49.270971705072775
57.45928872228757 27.81836282698446 49.27100322655674
57.45931361021687 27.81842024216227 49.27103399557729
57.459338385164465 27.81847736975415 49.27106461652099
57.48263050598473 27.898346562220777 49.307829710191015
57.482631069099014 27.89834611720042 49.30782986715505
57.95245912800414 27.844548768516518 49.05887111999551
57.95245359279236 27.844482624323604 49.05884664414067
57.9524600842544 27.84456777617234 49.05887795101797
57.45928713139258 27.81837625551539 49.27100658882907
57.459313351419894 27.81843709292602 49.27103911354553
57.48262046227082 27.898354656398332 49.30782694980276
57.482623343164285 27.898352373004684 49.307827751162634
57.48262620312717 27.89835010826732 49.307828547217426
57.48263015951443 27.89834686983422 49.30782962207167
57.48262716425205 27.898349348229004 49.307828815004854
57.93921781375154 27.962303779575507 49.1126296966944
57.939217493501474 27.962304137957155 49.1126297744221
57.939209292584756 27.96231398126904 49.112637278403824
57.48261307410634 27.898360645647433 49.307824928056256
57.482615972484226 27.898358350162983 49.3078257347218
57.48261887058479 27.89835605483728 49.30782654129494
57.482621770120424 27.8983537590023 49.30782734842441
57.48262551563674 27.898350715991945 49.30782837169863
57.482623541750755 27.898352358606644 49.30782784217751
57.939205157045194 27.96231896937648 49.11264126405558
57.93920523485518 27.962318850987394 49.112640985902885
57.93919663435689 27.962329171382027 49.11264883462039
57.48261136748411 27.898362131166323 49.30782448657206
57.48261430393828 27.898359806935588 49.30782530418755
57.48261723641478 27.89835748615631 49.307826120771324
57.482620155912656 27.898355177784104 49.30782693427535
57.48262106124048 27.898354463243308 49.307827186860486
57.93919155969811 27.962335284515145 49.11265366161041
57.93919187222579 27.962334885184816 49.11265317517226
57.93918317115386 27.962345323885003 49.11266109596315
57.460504988690055 27.963532343426202 49.32865527612482
57.48261256938795 27.898361314731503 49.307824854970114
57.48261554590849 27.898358961650512 49.30782568445768
57.482618503694894 27.898356625452628 49.30782650924307
57.482619633869305 27.898355734533222 49.30782682483134
57.93917688085391 27.962352893354478 49.11266701242724
57.93917733376934 27.962352326372034 49.11266640457793
57.93916860364941 27.962362797923113 49.11267433526906
57.46047718332028 27.96360764673704 49.3286769066696
57.460493817873484 27.96356858998378 49.328667157088915
57.46051010105811 27.963530425763633 49.32865764940735
57.460521984681925 27.96350276580946 49.328650813181376
57.93916117066205 27.962371735735267 49.11268127089704
57.939161888158324 27.962370852192215 49.112680429295565
57.93915303716147 27.962381466673612 49.11268845275208
57.46046663126094 27.96364247268369 49.3286884421139
57.460482221591036 27.9636061910153 49.328679476693026
57.460514425205325 27.96352308440303 49.32865661180539
57.46049024927474 27.96358783519222 49.32867503389855
57.939144702234884 27.9623914859093 49.11269620417539
57.939145613037205 27.96239036941219 49.11269517795686
57.919647024374164 28.007924584811935 49.13918026577412
57.460456251595346 27.963677168972506 49.32870002298564
57.460480919993934 27.96361342371316 49.32868246319702
57.4607877267831 27.96631735168757 49.32951558347972
57.91963287037214 28.007951778229682 49.13919421985921
57.919636451230716 28.00794388533727 49.13919045010006
57.91961655054402 28.007980184780067 49.139209612373996
57.46078180988417 27.966332945259374 49.32952006906371
57.460764786839746 27.966378442903054 49.32953334813691
57.4607651019531 27.966377582890033 49.32953309183523
57.46076397261009 27.96638056970326 49.329533954179524
57.919582601436794 28.00804184069765 49.13924223839507
57.919582906063326 28.008041198143918 49.13924192452989
57.919581490298384 28.008043773814837 49.13924328617314
57.919603745635584 28.00800522484796 49.13922234009173
57.91960903545801 28.00799386997014 49.13921684328355
57.46074747847045 27.966424534345148 49.329546750318265
57.46074023951084 27.966443902689385 49.32955240937878
57.89461970509356 28.091116829575018 49.17541153038029
57.894619758318456 28.091109398341274 49.17540927674359
57.89461962677667 28.091120913357273 49.175412762392824
57.46073167168288 27.96646692588436 49.32955916583853
57.460721858273814 27.966494428453863 49.32956757176614
57.46071673460447 27.966506767597117 49.32957077013977
57.89461929582855 28.091156057031444 49.17542340982787
57.894619428012405 28.091138301964953 49.17541802598923
57.89461912498239 28.091164552260867 49.175425971660815
57.460714557350634 27.966512577100694 49.32957246284458
57.4392929274409 28.025126048197144 49.34258190028865
57.46071751616975 27.966511390578656 49.32957411556326
57.4392866812466 28.025140185682144 49.342585042404664
57.89461866810434 28.09120719975975 49.17543888524676
57.89461876332611 28.091195125835824 49.17543522479323
57.8946185651582 28.091211812954192 49.1754402750694
57.89461884775912 28.091198967946028 49.17543640470629
57.894619090277004 28.09116755958332 49.17542688194517
57.43927280202329 28.0251715642829 49.342591971247515
57.439275831331955 28.025165403550616 49.3425914926094
57.43925875800234 28.025203272114148 49.34259891723492
57.78311835968114 28.219788026513726 49.25862463603304
57.783116569705285 28.21978859788558 49.25862549692603
57.7830806486811 28.219803604030268 49.25864408735494
57.911253034663744 28.211850928405006 49.20548127394417
57.88578021609183 28.109860442047907 49.18308815951805
57.43924891075539 28.025225477634706 49.342603746897524
57.439234890986974 28.025257320061662 49.34261096536465
57.43922852109323 28.025271449973758 49.34261373770133
57.66474979681855 28.179878173123377 49.2990115081336
57.6647403372909 28.179868459626395 49.29901322205937
57.66473669282104 28.17986526879352 49.29901404850018
57.78303238036088 28.219824309914053 49.25866926901835
57.78303193280678 28.219823963040486 49.25866930246524
57.43922506189601 28.025279249135032 49.342615432308264
57.439205706672155 28.02532290141395 49.34262493468712
57.43923555416869 28.025256812241103 49.3426121239128
57.439201284998205 28.02533285358785 49.34262707525214
57.66475563999053 28.179888465216855 49.29901174228054
57.664716393520024 28.179848065162936 49.29901882306744
57.664708561749876 28.179842107916805 49.29902087004534
57.782935656986304 28.21986513764014 49.25871948321294
57.43918084534874 28.025378837869958 49.342636939167335
57.439195172554925 28.02534737746698 49.34263118539685
57.43917087239846 28.025401260857493 49.34264173133573
57.66476003053657 28.179897723760682 49.29901237760276
57.664700348569724 28.17983614966161 49.29902310379736
57.66469370417522 28.17983237673662 49.29902522633638
57.439153274147046 28.025440786951926 49.34265012528222
57.43915689402394 28.02543325872454 49.342649303263116
57.43913726895879 28.02547671219466 49.34265772513126
57.66476186854129 28.179904809607702 49.29901361046637
57.664692518544015 28.179833047673675 49.29902600997606
57.664694440018565 28.179838316138873 49.29902665446957
57.45137164326467 28.082976163057907 49.345448875086
57.45142646457549 28.08295963217465 49.34543561050289
57.451390619908324 28.08297052898032 49.34544439245555
57.66476167067967 28.179910117874698 49.29901530646357
57.66469797347583 28.179844045695162 49.29902664718973
57.66470561421729 28.17985477283598 49.29902613068986
57.45140915278755 28.082965045414237 49.34544003783685
57.451421675943436 28.082961370333443 49.34543713276743
57.6647589903379 28.179913133425607 49.29901752948578
57.6647202674161 28.17987287135368 49.29902439503965
57.66472880148494 28.179883285698438 49.29902334615109
57.664874985640665 28.180027761996392 49.298995163109815
57.420829531838564 28.135071002255643 49.35885089888782
57.4208290191423 28.13507337692434 49.35885077664223
57.6648727650301 28.180031467672464 49.298997368516595
57.664762211100694 28.17992203473247 49.29901863096943
57.42081094759054 28.135100586109616 49.35885423847766
57.664868734556144 28.180033382628192 49.29899992224651
57.664765480861135 28.17992584669756 49.29901817541658
57.664794022472435 28.179959312276832 49.29901425647178
57.42080720448642 28.135107635420514 49.358854761079435
57.42080861825879 28.135115391225558 49.358853130631616
57.66486437134144 28.180034917547935 49.299002524708825
57.664811230142455 28.179979500738916 49.29901189740703
57.6648217975611 28.17999267315479 49.29901068196119
57.66498697627797 28.180156557860858 49.29897902843507
57.420786083362856 28.135143472378065 49.3588582519088
57.42081299336844 28.135118432989643 49.358850968025024
57.55461590710268 28.13965526894212 49.329144993259945
57.620073674661185 28.197265136127704 49.31448163780361
57.62002631619862 28.197244221462448 49.3144933337063
57.619946695878724 28.197211943963048 49.31451400652895
57.664982702915125 28.1801583191301 49.29898165500653
57.55670402785046 28.233805463969205 49.33043401596608
57.554732911061585 28.139726301225174 49.329119755606
57.55692062656226 28.233906037944074 49.33038412896186
57.554993975804635 28.139871663345406 49.32906172528379
57.61991299232473 28.197201954465115 49.31452404278217
57.619805805737045 28.197154549235684 49.31455049002483
57.66678172250906 28.27398775375014 49.30033188927348
57.557061123613934 28.23405216926839 49.33034678774601
57.66663552062869 28.274067831697103 49.30036509735835
57.60052535081644 27.45186679222582 49.02945226268364
57.60051557343146 27.451871840093347 49.029457470030145
57.600513318261164 27.45187314256684 49.0294587892715
57.600509262906044 27.451875209661083 49.029460926366596
57.600511652039934 27.45187382581131 49.02945952533317
57.60051981062139 27.451870092703683 49.02945558976129
57.60049094799247 27.451884047674408 49.02947015258273
57.600506351066116 27.451876712320384 49.02946247661728
57.600526843736304 27.45186677324651 49.02945211044805
57.60052320949569 27.45186863295376 49.02945403183498
57.60051711826556 27.451871472817956 49.029457015224
57.600536358181515 27.45186218751965 49.02944732224944
57.60053400631746 27.451863393174 49.02944856750592
57.60046060409129 27.45189895329215 49.02948566328293
57.60047966179698 27.451889783065084 49.02947608530958
57.60049835746846 27.451880789723855 49.02946669157946
57.60051596903204 27.45187233965891 49.02945786118816
57.60053416515374 27.451863514071245 49.029448656419675
57.60042761420084 27.451915176800064 49.02950254201164
57.60044806092448 27.451905316601874 49.02949224747774
57.600468792704945 27.45189530759741 49.02948179972516
57.6004889614912 27.451885578434545 49.029471642564744
57.60050824422326 27.451876293240456 49.02946194577875
57.60052468448387 27.451868325620445 49.029453634650565
57.60039293769538 27.451932231714622 49.029520285359
57.60041409973831 27.451922022695456 49.02950962736918
57.600435618260654 27.45191162892842 49.02949877891905
57.60045726198403 27.45190116803129 49.02948786165757
57.6004784179968 27.451890949199328 49.02947719582581
57.6004992517583 27.451880889640314 49.029466695551605
57.600499720310516 27.451880665023257 49.02946646078776
57.60037871124219 27.45193942758477 49.02952773485585
57.600400635110255 27.45192884266432 49.029516686016024
57.600422799602455 27.45191813206481 49.02950550778233
57.60044479661855 27.451907502728602 49.02949441429709
57.600466353431266 27.451897091038525 49.029483547032015
57.60049888295828 27.451881077423764 49.02946688973017
57.600467994230726 27.45189629844267 49.02948271977577
57.60034239744109 27.451957275673266 49.02954630563459
57.60036456650079 27.45194658061548 49.029535140275094
57.60038691743042 27.451935790616375 49.029523877159264
57.60040934522962 27.451924957771347 49.02951257040141
57.60043276851533 27.45191361428087 49.029500736282074
57.600428765028894 27.451915585008955 49.02950278624556
57.60046551807312 27.451897516227667 49.029483986728835
57.60030470338411 27.451975794698985 49.02956557589904
57.60032727562822 27.45196491199771 49.02955421334822
57.60035005903597 27.451953917000694 49.029542735531976
57.60037288020335 27.451942900346285 49.02953123575576
57.60039614705502 27.451931653517462 49.02951949854666
57.600393798175894 27.45193281183706 49.02952070305348
57.600288556441605 27.451983937537072 49.02957401014141
57.600311804824045 27.451972723873055 49.02956230297535
57.60033517479738 27.45196144361706 49.02955052778697
57.600358176550124 27.451950347980375 49.02953894401862
57.60036382130775 27.451947627306424 49.029536103227514
57.6002481875714 27.45200377038308 49.02959464757994
57.60027198201823 27.45199229551148 49.02958266729868
57.600295968870995 27.45198071954411 49.02957058303835
57.60031964857081 27.45196929549643 49.02955865667205
57.60035233549997 27.451953306720036 49.02954200627103
57.60033380314173 27.451962473771054 49.02955153366905
57.54732646982286 27.486249155862495 49.057908218670065
57.60023038462552 27.452012737515233 49.02960393756997
57.60025500437743 27.45200085602218 49.02959153438569
57.60027956016906 27.451989004786647 49.02957916290255
57.600303640432685 27.451977391078614 49.02956703785898
57.60030672202258 27.451975906153848 49.029565487309455
57.5473156690484 27.486254000301024 49.057912719121006
57.54733262774496 27.48624643316914 49.05790564950469
57.600237435302205 27.452009715413585 49.029600710936805
57.60026238519375 27.451997678468405 49.02958814474366
57.60029975534724 27.451979356149764 49.02956907219862
57.600276434884094 27.451990905430513 49.02958107292983
57.54728748138082 27.486266596716227 49.057924468212704
57.54730473184122 27.486258899456075 49.057917276962996
57.54732211765584 27.486251139505097 49.05791002948003
57.600219218729265 27.452018901737425 49.02961022604756
57.600244696742735 27.45200661112915 49.029597394825366
57.60024808504478 27.45200497725408 49.029595688961194
57.5472757566812 27.486271855211243 49.05792935367264
57.54729345081009 27.486263957022096 49.0579219777176
57.54731122452482 27.48625602429574 49.057914568503776
57.54732896466142 27.4862481166678 49.05790717244057
57.600239431212714 27.452009270337392 49.029600148507
57.60021824786279 27.452019782967977 49.029611068067496
57.54726375324968 27.48627723931488 49.05793435522477
57.54728189292629 27.486269139867737 49.05792679373833
57.54730004495169 27.486261040050664 49.05791922667349
57.547318100675696 27.48625299694467 49.05791169860332
57.54732371102308 27.486250502485543 49.0579093590551
57.477470091663385 27.519640884676562 49.079349318432264
57.547251343122184 27.486282810377876 49.057939525857776
57.54726992812826 27.48627451036458 49.057931778881084
57.54728848547982 27.486266230718684 49.05792404276045
57.54730691289223 27.486258025204158 49.057916359455284
57.54730725047416 27.48625787677924 49.05791621854174
57.47746720379871 27.51964220853422 49.07934975801176
57.47747562267252 27.519638198340527 49.079348514845535
57.54725758606733 27.486280054189365 49.0579369208765
57.54727655226857 27.486271593899076 49.05792901416791
57.5473059275269 27.486258469724042 49.057916769821716
57.54729152761263 27.486264927478715 49.05792277004035
57.47746417159196 27.519643607501877 49.0793502172905
57.47747284765268 27.519639466862188 49.079348938164436
57.54724485977865 27.486285774039825 49.05794222266245
57.5472642985098 27.486277101738686 49.0579341190665
57.54727702707946 27.486271436886994 49.05792881163835
57.475477671920544 27.52132921923343 49.08071116039197
57.47746991470971 27.519640819652977 49.07934938250446
57.47747880171576 27.519636578987992 49.079348072113675
57.54725159628627 27.486282820378303 49.05793941002244
57.54726298155307 27.486277750407588 49.0579346629585
57.475473450841136 27.52133132030444 49.08071193647072
57.47548390003727 27.521326047246312 49.080710031687644
57.47747597437811 27.519637881328393 49.07934850089693
57.5472384483125 27.486288744814726 49.05794488622169
57.54724860757277 27.486284220903045 49.05794065032977
57.47545844665679 27.521338860005983 49.08071467886859
57.475469063779116 27.52133350869648 49.08071274199524
57.475479820283994 27.52132807337009 49.08071078283098
57.475490479916516 27.521322702304136 49.08070883782198
57.47748213935028 27.51963492045546 49.07934759672338
57.54723530587001 27.48629021908696 49.05794619018295
57.44575998847009 27.533032163787013 49.08572360006275
57.47546448746124 27.521335798195665 49.080713580742724
57.47547548411174 27.521330243232647 49.08071157744915
57.47548643046588 27.521324723905515 49.08070958098736
57.47549715764058 27.52131933925159 49.080707618995554
57.475502398103885 27.521316724145414 49.08070665700579
57.43922241924656 27.574020723632316 49.12183681296631
57.47091099406278 27.560632971496247 49.1154606233875
57.47092318806438 27.560613786755784 49.11544644644708
57.47093529535421 27.560594762230004 49.115432375834416
57.4709467303814 27.560576854440107 49.11541910049819
57.47095118875315 27.560569908289942 49.11541393292842
57.439207398965614 27.574053415790015 49.12186052176689
57.43921738594733 27.57404172111171 49.12185417546773
57.47089929043349 27.560652073357886 49.11547438984558
57.47091157586959 27.560632777801402 49.11546011426049
57.470923402957965 27.560614249144418 49.115446382171186
57.47092698046541 27.560608680034512 49.11544223666424
57.43919196795165 27.574086958905355 49.121884838548894
57.43920205630201 27.5740752627678 49.12187853778423
57.470874096667835 27.56069246410236 49.11550385520557
57.47088677164224 27.560672550957463 49.11548912564045
57.47089852215791 27.560654171423298 49.11547548921764
57.47090080807409 27.560650607069142 49.115472839007595
57.43917567418639 27.574122326057996 49.12191046671696
57.43918599892636 27.574110339926982 49.12190400337377
57.43919667265334 27.57409749822775 49.1218968991557
57.470860587361784 27.560714569303876 49.11551975863763
57.4708725214135 27.560695912886725 49.11550591158522
57.47087314450445 27.56069494116175 49.1155051891587
57.43915850851183 27.57415953625361 49.12193741985719
57.43916910165866 27.574147193798687 49.12193074654522
57.439179892094856 27.574134311743144 49.12192365848207
57.47083309323175 27.560758714248244 49.11555192974494
57.47086440690411 27.560708946120506 49.11551540747517
57.47084363516788 27.560742248625008 49.115539701324536
57.439140604488806 27.574198299012224 49.12196548735625
57.43915137596901 27.574185796784285 49.12195874672379
57.439162319876026 27.57417279779702 49.121951620012794
57.43917311980533 27.574159957784897 49.12194457577032
57.47081310314705 27.560791225784513 49.115575416553796
57.4391217721643 27.574239022986003 49.12199496455661
57.439132827521206 27.574226135426613 49.12198799391
57.43914398659598 27.574212890997316 49.121980736581435
57.439154959443876 27.574199883080915 49.12197361488758
57.47078221037357 27.560840824801694 49.115611563784555
57.439102176866044 27.57428134953809 49.12202559162602
57.43911350069227 27.574268112298633 49.1220184172701
57.43912488724453 27.574254597909466 49.122011012026874
57.439136072526104 27.57424134030541 49.122003754468864
57.439141824997904 27.57423478159337 49.12200026537343
57.439081677188604 27.57432558265939 49.12205758821865
57.43909325629331 27.57431202577898 49.12205023222067
57.43910495165643 27.574298071361707 49.122042557205845
57.43911641382611 27.57428443229799 49.12203507003103
57.43912174328608 27.5742783531812 49.122031834972745
57.43906046396939 27.57437130766432 49.122090653743115
57.4390722054832 27.574357636304924 49.12208326553318
57.439084264818774 27.57434312942958 49.12207524083324
57.43909597445071 27.57432917271569 49.12206757026678
57.43910148883657 27.574322801829965 49.12206414715284
58.547024281860025 27.21419061270162 48.47331289229037
58.54702315553949 27.214190280344283 48.473313224976664
58.547021754468624 27.214189866695268 48.47331363921609
58.547098426875976 27.214212498660707 48.47329097878996
58.54706799133416 27.21420351744226 48.47329996908609
58.547134502410074 27.21422315138856 48.47328030930507
58.54721587933717 27.214247170991264 48.47325626035341
58.547154211386285 27.214228969623022 48.47327448326427
58.547182249879825 27.214237243779053 48.47326620051066
57.43903836735184 27.57441889111682 49.12212505337018
57.43905047844022 27.574404664340477 49.1221173152924
57.439062717153085 27.57438999710375 49.122109223203225
57.43907471327977 27.574375640120778 49.122101309825496
57.43908039609664 27.57436901030534 49.12209772182031
58.54699335522915 27.21418147961051 48.47332204039651
58.546971862085 27.21417513744006 48.473328388779834
58.5469538445691 27.214169817820324 48.47333371613255
57.439015458054 27.57446817653115 49.12216067306888
57.43902769381003 27.574453923141704 49.122152967716744
57.439040213238755 27.574438879575833 49.12214465259324
57.43905259687458 27.574423913657895 49.122136347456845
57.43905861424846 27.574416846939094 49.12213250452311
58.54694884809255 27.21416833977882 48.473335198687515
58.54693122844633 27.214163140572303 48.47334040300639
58.546919313155165 27.214159622541487 48.47334392621392
57.4389917073418 27.574519224377767 49.122197556253134
57.43900410783169 27.574504865004762 49.12218982773169
57.43901692898256 27.57448940543732 49.12218126208868
57.43902959229002 27.574474053780683 49.122172724610536
57.43903616383824 27.57446624864935 49.12216844560983
58.54689864761663 27.214153520218847 48.473350038140076
58.54689345984208 27.21415198940369 48.47335157046569
58.5468898626811 27.21415092735884 48.473352634048936
58.54699179042139 27.214181011440175 48.473322514370174
57.43897967566281 27.574557584316345 49.12222796310445
57.438992676357834 27.574541964511543 49.12221933026572
57.46810468434542 27.68353098177508 49.19600976965104
57.468117597725126 27.683559280631755 49.19602572245254
58.546940765102974 27.214165948476513 48.47333759747332
58.54686225467209 27.214142776277875 48.47336079689228
57.468061657719645 27.683653905117 49.19609027455064
57.46808341877521 27.68369683449492 49.19611422937859
57.46810522607988 27.683739405594373 49.196137958515315
57.46812021716998 27.683771951623513 49.19615628976659
58.54688849460902 27.214150518132698 48.47335304827933
58.54685479411522 27.21414057369936 48.47336300256507
58.54682474463657 27.214131702408523 48.473371886144264
57.468061406720096 27.683870349321168 49.196223488279074
57.46808378959979 27.68391427722686 49.1962479872097
57.468106156110196 27.68395709073996 49.19627180226867
57.46812430776305 27.683994819338793 49.19629296508647
58.54683652160655 27.214135175531695 48.47336841129034
58.54680929422935 27.21412714119861 48.47337645358722
58.37254976778618 27.370025920865537 48.637532726468265
57.45903550364878 27.81765764814619 49.27065245466012
57.459059898940524 27.817715687844085 49.27068316348182
57.459083323901204 27.81777128807694 49.27071261004723
57.45910767813391 27.81782960942178 49.27074338540938
57.45910543524771 27.817823804980385 49.270740416103806
57.45910820536524 27.817830916942064 49.27074406565883
58.42805011883719 27.60896597998787 48.70230019314712
58.37218960803712 27.370250040305343 48.63781711493306
57.92505306089973 27.662847728007236 48.99469939239158
58.60306901770063 27.452453173911074 48.53888197003871
57.45906865358061 27.81774421539705 49.27069658339006
57.45909344860947 27.81780314571557 49.27072777657405
57.459117200803135 27.81785944613364 49.27075761064268
57.45914129845633 27.817916896426617 49.27078798179704
57.459148145208985 27.817933331850654 49.270796646023754
57.92505310043159 27.66284774189441 48.994699387122125
57.92505294564421 27.662847773976182 48.9946994351349
57.925052806712905 27.662847829026447 48.99469948654401
58.4281553156127 27.60923969845682 48.7023371283113
57.459103706470984 27.81783586973456 49.270743282004204
57.45912899479549 27.817895941117126 49.270775086003596
57.459152794036854 27.81795218088113 49.270804925506106
57.45917675660003 27.818009080825544 49.27083505525225
57.45919009565026 27.818041041768893 49.27085191675755
57.943969901057756 27.749961747473627 49.026258201601564
57.94396475407037 27.74992823771041 49.02624555939751
57.943970184721906 27.749964366522015 49.02625921191266
58.16340403168846 27.743196801036994 48.89347684456821
57.459166324817545 27.817993514683852 49.27082480741422
57.4591904319557 27.818050397298617 49.27085500654802
57.459214498253665 27.818107395553238 49.2708852205964
57.459233843479936 27.81815355054967 49.2709096129338
57.94398128220449 27.75003750247442 49.026286829334325
57.943976181220116 27.750004268405807 49.0262742904561
57.94398159650292 27.750040312696456 49.02628791153126
57.943980669831305 27.750031889247936 49.02628466483128
57.459206065434145 27.818097572737535 49.270877796834554
57.45923039318368 27.818154867674558 49.27090823859846
57.45925426240473 27.818211144383085 49.270938125815945
57.45927800018699 27.8182677279566 49.27096804068005
57.9439933952861 27.750118169362967 49.026317314389985
57.94398833691233 27.7500851883215 49.02630487026914
57.94399376066919 27.75012128906292 49.026318512678294
57.943992656461134 27.750111631704335 49.02631479821574
57.45924805865421 27.818207714940538 49.27093384776322
57.45927257218318 27.818265335717303 49.270964487184806
57.45929645926768 27.8183214842838 49.27099434370531
57.459320925769525 27.81837947456378 49.27102507396206
57.45929149862637 27.81830267227916 49.27098591446136
57.45932388597445 27.818386519278597 49.27102880089075
57.94400624114786 27.750203756558143 49.02634966002864
57.94400152002456 27.750172969770695 49.02633804369114
57.94400664068977 27.750207070673497 49.026350930858726
57.94400539463001 27.750196420633365 49.026346839897904
57.45926750139468 27.818265912801664 49.27096204392055
57.459292728515635 27.81832510429561 49.270993542026154
57.45931715666764 27.818382323781137 49.27102401221252
57.4593410324528 27.818438273468956 49.27105380090373
57.459365429337254 27.81849592198197 49.27108438862952
57.45936847104102 27.81850313647075 49.27108821063074
57.94401990747075 27.750294844319555 49.02638408543518
57.944015449374824 27.750265763471273 49.02637311250858
57.944020302326 27.750298106052327 49.02638533587353
57.944018983257365 27.750286913804814 49.026381038429776
57.459314670505584 27.818390259508924 49.271025199431406
57.45933939598734 27.81844793268754 49.27105596482832
57.45936357191016 27.818504297401283 49.2710860381313
57.48264589201155 27.89833415313609 49.307833936453875
57.48264816810957 27.898332365261233 49.30783457362408
57.48264836508875 27.898332210856317 49.307834628846976
57.9440343874851 27.75039139896804 49.026420578202654
57.944030066903906 27.750363194590857 49.02640993539983
57.94403474747288 27.75039441181719 49.026421734115246
57.944033368017536 27.750382738921783 49.0264172528197
57.459338536882086 27.818461142256496 49.271059637412634
57.45936359687115 27.81851941833561 49.271090763755254
57.482639888537676 27.898339012012904 49.30783229165532
57.482642475788815 27.89833696827639 49.3078330130649
57.48264493905495 27.898335026972763 49.307833701027704
57.482647851487854 27.89833265787925 49.30783449597468
57.48264687539374 27.89833350556283 49.30783424298175
57.95245207540928 27.844472073888554 49.05884253752092
57.95244969070105 27.844442918748978 49.058831766610105
57.9524523416534 27.844477790919214 49.058844585299624
57.95245120467436 27.844453486334167 49.0588358780293
57.48263325391506 27.898344389688916 49.30783047593517
57.48263600099604 27.89834221606452 49.30783124100132
57.48263870754501 27.898340075248868 49.30783199496384
57.48264134960688 27.898337987246478 49.307832731413896
57.482643847664534 27.898336018524986 49.30783342909393
57.482645050876116 27.898335071957575 49.307833765559174
57.93920763118509 27.962315940633616 49.112638510792465
57.93920804073697 27.962315441944043 49.11263807712132
57.93920495990185 27.962319139351234 49.11264089261319
57.93921789151811 27.962303651580918 49.112629338621204
57.48262902050964 27.89834788001295 49.30782933211183
57.482631836859525 27.898345650251084 49.307830116137104
57.482634650151695 27.898343421976136 49.30783089907753
57.482637412416935 27.89834123587146 49.30783166825599
57.4826400913781 27.898339118662225 49.307832414979984
57.48264263322953 27.898337114610072 49.30783312468681
57.48264279861974 27.898336984268525 49.307833170879135
57.93919493406288 27.96233117594099 49.112650090267095
57.939195310321196 27.962330718793314 49.11264970014712
57.93919276238771 27.962333775996587 49.1126520232373
57.93920578250109 27.962318184846506 49.112640411788
57.48262462601213 27.898351501656794 49.30782814438875
57.48262749313653 27.898349232210364 49.307828942677574
57.48263036750224 27.898346954584348 49.307829742370195
57.48263320995695 27.89834470377582 49.30783053356784
57.48263601196809 27.898342485942514 49.307831313745616
57.48263871350083 27.89834035146161 49.30783206690293
57.482642494072806 27.89833723963072 49.307833089662324
57.48263989308233 27.898339421333542 49.30783239622229
57.93918094003659 27.962347961533027 49.112662803856686
57.939181160486584 27.962347694842016 49.11266258482398
57.9391800596199 27.962349015430128 49.11266358593636
57.939192583192224 27.962334022023526 49.11265244340527
57.4826230362505 27.89835290286257 49.30782773749
57.48262593804243 27.89835060629025 49.307828545510034
57.48262883468372 27.89834831230997 49.30782935172448
57.48263170236231 27.898346042337906 49.30783015014586
57.48263450891076 27.89834382274828 49.30783093204606
57.482637735047106 27.89834122311448 49.307831818782276
57.48263653968942 27.898342219315893 49.30783149847621
57.93917823223016 27.962351236186223 49.11266548485126
57.939166729920515 27.96236500379625 49.11267569286027
57.482621421333846 27.898354322696175 49.30782732326632
57.48262434451881 27.8983520116564 49.3078281378597
57.48262725499656 27.898349709086908 49.30782894851776
57.4826301298054 27.898347435672363 49.30782974947513
57.48263292305696 27.898345229376293 49.30783052836571
57.48263335882217 27.898344885288424 49.307830649904815
57.93916301983195 27.96236948093096 49.112679286594094
57.939165569560686 27.96236639549127 49.11267674591838
57.939151951863366 27.962382726844183 49.11268909410688
57.46052550659806 27.96349447661529 49.328648738332035
57.4826227181563 27.898353443264867 49.30782772112839
57.48262564371912 27.898351131655662 49.30782853671225
57.48262851280122 27.898348866113633 49.3078293369106
57.482632224627665 27.89834584844587 49.30783035047328
57.482630799639 27.898347061847502 49.30782997509711
57.939146856377526 27.96238886300626 49.11269392385077
57.93914971968937 27.96238540356954 49.11269111600667
57.91964959777489 28.007917468454018 49.139177215281364
57.460496642341326 27.963572812114876 49.328671280182355
57.46051340247352 27.963533292624042 49.32866136761668
57.460529891507775 27.96349438747655 49.3286516021365
57.46054356919748 27.96346215993596 49.3286435252686
57.91962059754631 28.007970215824336 49.13920510402652
57.91962099784234 28.007969398783644 49.139204698045674
57.919619661475 28.007971832436464 49.13920598390051
57.91963923723452 28.0079380637735 49.13918759260308
57.91964588976951 28.007924225204462 49.139180784103445
57.46079217464582 27.96630689745698 49.32951295864143
57.46080841277292 27.96626865124322 49.329503328690734
57.4608241256072 27.966231613819197 49.329493993497806
57.46053098351804 27.963495182450608 49.32865275039421
57.460828279744675 27.96622182653028 49.329491528191355
57.919592425453864 28.00802177511484 49.139232271583914
57.91959449492043 28.008017575283713 49.13923017843341
57.919587340943444 28.008030533308613 49.13923704544359
57.91961110794303 28.007989591154566 49.13921472985856
57.460778119729056 27.966347333677383 49.32952561447724
57.46079199575584 27.96631464581492 49.3295173823051
57.91956315913133 28.00807538413148 49.13926050549094
57.91956854040215 28.00806456069489 49.139255085670584
57.89461981016812 28.09109364042596 49.175404489881956
57.460748151238015 27.966425288767155 49.32954772964266
57.46079005494208 27.96631966826351 49.32951879916445
57.46075854795497 27.966400824259324 49.329541577605724
57.894619367180795 28.091132805113496 49.17541634579662
57.8946194044094 28.091128155280675 49.17541493617938
57.89461933036094 28.091134399435575 49.17541682595653
57.8946195264784 28.091125660495816 49.175414193310814
57.89461970537988 28.091102761828715 49.17540725089561
57.46071831270497 27.96650304420413 49.32956983045973
57.46075286305863 27.96641559696254 49.32954576389174
57.46072730526998 27.966481805953748 49.32956446342453
57.76587453551542 28.022801427752434 49.222176207260205
57.76586400630847 28.022794413918433 49.222179490556286
57.763313384396014 28.047547611446973 49.22938573958878
57.894618948135275 28.091172197261034 49.17542827405737
57.89461909381055 28.091154176822734 49.17542281126607
57.894619108039024 28.09116532258747 49.17542620377053
57.46072153870397 27.966496759164794 49.32956869116066
57.43928771247473 28.025137525667997 49.34258403394503
57.59315862712275 28.05405278405891 49.30480792492406
57.57382742120854 27.9974102290385 49.296776828866555
57.593143788883054 28.05403371343099 49.30481054329164
57.711674952964245 28.09423794797578 49.26441229194431
57.692209647560766 28.037464562741334 49.256412868635834
57.88577932437566 28.109855658998477 49.18308689560422
57.43928213074457 28.025150105180728 49.3425867606179
57.439254132380626 28.025213157840227 49.34260036706068
57.587414286704416 28.064409314910506 49.31074469707795
57.587408330437455 28.064399094407282 49.310745204917716
57.58740716868367 28.06439822858904 49.31074542240374
57.58751264002278 28.06456250334641 49.31073467520592
57.587428508412074 28.064418574836463 49.31074189406898
57.652405762103214 28.122084125508586 49.296219395994456
57.43924933116867 28.025223965940924 49.342602693877495
57.439219806375945 28.025290406361044 49.342616967341954
57.587466263140506 28.064514964403863 49.31074199440617
57.58739821455779 28.064397831064337 49.31074775776783
57.52806974794777 27.98116516107878 49.31388629272758
57.58756823415456 28.064673560358322 49.3107315800458
57.43921672546518 28.02529734265604 49.34261846164531
57.43919200942565 28.02535298921494 49.342630451535555
57.439189936194936 28.025357653769554 49.34263145247923
57.58741637245454 28.064464083163216 49.310749895414375
57.52807721531866 27.981200009416966 49.31388790600218
57.5280782735976 27.981204890388184 49.31388811248543
57.58752136154874 28.06462735735612 49.31073917115684
57.52807157151808 27.981173672514725 49.31388668719341
57.664656415193406 28.179790678316575 49.29903095590147
57.43916696570709 28.025409318533775 49.342642517772674
57.43916003409911 28.02542489915144 49.34264584210298
57.58747175786223 28.06457871691004 49.31074723131353
57.58742785824175 28.064502659781517 49.31075089772527
57.587439382795225 28.064528369338156 49.31075053837692
57.5875796525812 28.064746419857066 49.310736200810986
57.66465637044706 28.179795543262312 49.299032443260515
57.43914093201509 28.02546781100942 49.342654965540206
57.439129645386714 28.02549315296567 49.34266033685151
57.58752956615573 28.064698305453 49.31074444437151
57.587484100713596 28.064619475801877 49.310748235287676
57.58750308103363 28.064657117126195 49.31074714974308
57.66455379485248 28.179699410301662 49.299053798613535
57.664655319718776 28.179799696588873 49.299034209691534
57.37670939502844 28.145943260811805 49.366552240049785
57.45138963862613 28.082970098655977 49.34544373230722
57.664549352796676 28.179700348077816 49.299056259876004
57.55498798860967 28.139652205956807 49.32903475952935
57.66465284235526 28.179802639236197 49.29903631119491
57.451406574328814 28.082964962373012 49.34543959811381
57.45143248861463 28.08295706335847 49.34543322308744
57.55508960250981 28.139740682352013 49.32901634870238
57.55498404481055 28.139654529860117 49.32903622794142
57.554955529609046 28.13967228831217 49.32904697026322
57.66464964901261 28.17980502152155 49.29903859508801
57.451445286222786 28.08295317366403 49.34543008864411
57.42087190113058 28.135045277345455 49.35883754621079
57.55498558955225 28.139725370071993 49.329045046913464
57.55493321040095 28.139682253143405 49.32905486322174
57.554906062486275 28.139684712995418 49.32906319892898
57.555213670725195 28.139842079897306 49.32899300144746
57.6647546419142 28.179914544631714 49.29902008742843
57.420829413285915 28.135087309661166 49.35884870303718
57.42087926297354 28.13504196422511 49.35883506702192
57.42092366434094 28.135015923407735 49.358820947679654
57.420933581892704 28.135006768388237 49.35881825318114
57.42095919486886 28.13498827093162 49.35881058652386
57.5548829650735 28.139711456668422 49.329073518418966
57.55484244088287 28.139678015478914 49.329081102149985
57.5547566903366 28.13964660975816 49.329102302500544
57.5551098766384 28.139827874861894 49.329021780020426
57.66475188606567 28.17991756931714 49.29902235023751
57.420851430283804 28.135082766211042 49.3588405505741
57.55456519748477 28.139587515879427 49.329151091191996
57.55447280097004 28.139510943301758 49.329168339730586
57.55478601985725 28.139701121550885 49.32910078199137
57.55468672423902 28.139619157561626 49.32911936115262
57.55501021202228 28.13981637850687 49.329049694279234
57.55524054353346 28.139934786786213 49.328997206923134
57.55469709827024 28.139696830469486 49.3291264684452
57.55491932478752 28.139810744110903 49.3290757850846
57.55514549577166 28.139926914564533 49.32902423285799
57.600533383563544 27.451863751719507 49.02944893084491
57.600538762741884 27.451861224997437 49.0294462801038
57.600536956247815 27.451862177044084 49.02944725880729
57.60053542823961 27.451862824477708 49.029447951654475
57.60054765642274 27.451857198070368 49.02944202630791
57.600546516364005 27.451857777207913 49.02944262541019
57.69847029228133 27.40432995804803 48.96682579859946
57.60052976697294 27.451865870470037 49.029451072141605
57.60054016922602 27.451861054296714 49.02944600599982
57.69847318402817 27.40432842159025 48.9668234579305
57.69846631515243 27.404332100101175 48.966829025685115
57.6005537490183 27.451854374899156 49.02943905706931
57.69848066945189 27.404324427919903 48.966817394508936
57.69847617481153 27.404326834448455 48.966821037625934
57.60051832503056 27.45187171395395 49.029457111491695
57.60053554806781 27.451863463657386 49.0294484873248
57.60055371287819 27.451854730761333 49.029439364672896
57.6984624245272 27.404334199724154 48.96683218371419
57.6004873779697 27.451886944485082 49.02947295498573
57.60050800955071 27.451876990636713 49.029462563527424
57.60052747325432 27.451867618725537 49.029452776099774
57.600546289371 27.451858566615762 49.029443321141855
57.60054692385802 27.45185826136293 49.02944300230657
57.60043123565339 27.451914393102886 49.02950154192662
57.60045335499582 27.45190370650208 49.029490388328284
57.600475468384914 27.451893018957684 49.0294792344654
57.6004972447444 27.45188249636155 49.02946825235955
57.600517962192626 27.45187250109258 49.0294578176584
57.60054421230588 27.451859637614433 49.029444426214866
57.60053677839692 27.4518634299197 49.0294483463909
57.600395108121575 27.451932180592117 49.029520043915426
57.60041763365297 27.45192130474929 49.02950869148509
57.600440564351466 27.45191021782763 49.02949712164235
57.6004634782401 27.451899135694255 49.02948555742563
57.60048588690769 27.45188830350512 49.02947425297157
57.60050705117012 27.451878091893246 49.02946359256243
57.60051338451257 27.45187504184281 49.02946040737868
57.60038082893868 27.451939424728096 49.02952753948992
57.600404154831665 27.451928154644293 49.0295157770159
57.60042770307443 27.45191676618387 49.029503893057424
57.60045088869397 27.45190555713388 49.02949219555471
57.60047364405089 27.451894559624307 49.02948071814532
57.60050111753121 27.451881129465058 49.02946673066208
57.600487600368204 27.451887826477886 49.02947368895053
57.6003427940424 27.45195813983534 49.029547008481714
57.60036651535664 27.451946686305618 49.02953505311311
57.600390530911426 27.451935078726162 49.029522939205314
57.60041452395269 27.451923476618806 49.02951083202791
57.600438118354525 27.451912071738775 49.029498929823276
57.60046251968426 27.451900242212623 49.029486590976205
57.600458377223674 27.451902292561023 49.02948872168665
57.60032756120077 27.451965854845334 49.0295549935971
57.60035214733489 27.451953975514968 49.0295425953248
57.600376804143835 27.451942055669896 49.02953015596833
57.60040124032254 27.451930241337468 49.02951782693923
57.600425006076335 27.451918760985293 49.029505844585266
57.60043318454309 27.451914814076787 49.029501724372615
57.600286826942515 27.451985895105487 49.02957584169032
57.600311975896695 27.45197374816345 49.02956316330001
57.600337393863335 27.45196146025817 49.02955033985953
57.600362763282774 27.451949192454382 49.02953753803128
57.600387467680505 27.451937254713492 49.02952507903605
57.60041537599416 27.451923673138577 49.029510922458044
57.60040803339464 27.45192732731641 49.02951471619775
57.60027002771933 27.45199438987423 49.02958463630496
57.600296086512095 27.451981795036822 49.02957149201568
57.60032228350456 27.451969126047192 49.02955827172597
57.60034809374004 27.451956648471715 49.02954525035547
57.60037342302466 27.451944407321108 49.02953247497567
57.60038643151971 27.451938131314726 49.02952592304562
57.600226350739334 27.452015876393084 49.029606989231944
57.60025283527558 27.452003082853487 49.02959363623948
57.60027964949374 27.451990119217225 49.02958010775677
57.6003065130805 27.451977126604774 49.02956654999791
57.6003330227238 27.451964308651622 49.02955317384122
57.60035874599993 27.45195188120247 49.02954020325768
57.600365641384386 27.451948554834708 49.02953673058225
57.54733599699851 27.48624503742576 49.05790423593958
57.60023511750467 27.4520120413342 49.02960291107186
57.6002626779736 27.451998714019968 49.02958900361059
57.600290198657845 27.451985403023027 49.02957511372725
57.60031731742629 27.45197229075064 49.02956143039549
57.600343535197496 27.451959626413533 49.02954821219138
57.600344969142704 27.451958934405866 49.029547489796414
57.547325368831004 27.486249809706607 49.057908664028275
57.54734422375412 27.486241398235627 49.05790080377834
57.6002450389438 27.452007646845548 49.02959824933096
57.60027315886851 27.451994047229746 49.02958405804763
57.60030084993814 27.451980659574076 49.02957008708833
57.60034055157469 27.4519611453864 49.02954978293187
57.60032059276599 27.451971126398426 49.02956013632898
57.54729535591265 27.486263224768006 49.057921173665136
57.547314420531436 27.48625472890561 49.05791322523025
57.547333727473124 27.486246115290342 49.05790517658376
57.600226700488065 27.45201693389452 49.02960786167915
57.6002554847119 27.45200301302327 49.02959333516021
57.600283634984294 27.45198940752546 49.02957913608227
57.60029616306227 27.451983358673488 49.02957282216677
57.54728351457676 27.486268552232776 49.05792610633007
57.54730312262052 27.486259809181895 49.05791793175041
57.54732288307939 27.486250993444408 49.057909694024794
57.54734265502552 27.486242179405334 49.057901450938935
57.600237061437824 27.452012358507197 49.029603005205324
57.60026569003385 27.451998525688715 49.029588568161394
57.60027047716534 27.451996215123522 49.02958615619992
57.547271355986524 27.486274024508845 49.05793117097751
57.54729140666259 27.48626508578497 49.057922811722975
57.5473115612736 27.4862560981757 49.05791440935091
57.547331779561176 27.48624708609489 49.0579059801037
57.54735170136987 27.48623822454925 49.05789767292259
57.600255216453924 27.452003846942226 49.02959407271427
57.60024289264108 27.452010006627482 49.029600462798854
57.54725870763107 27.486279725865053 49.05793643891176
57.547279214604565 27.48627058541067 49.05792788928241
57.54729981838671 27.486261399215373 49.05791929950922
57.54732038281921 27.48625223991023 49.05791072535828
57.54734071458919 27.486243199141335 49.0579022469652
57.54735249989055 27.486237974640574 49.05789733113039
57.54724566017158 27.486285610910066 49.05794187275217
57.547266595276426 27.486276284490387 49.05793314422188
57.547287612228104 27.486266918883082 49.05792438179523
57.54730859427548 27.48625757760355 49.057915633186155
57.5473292151285 27.486248418632535 49.05790703337865
57.5473358184326 27.486245492484912 49.057904278941045
57.54723209915746 27.486291738242855 49.05794751957941
57.547253489734416 27.48628221297531 49.05793860080777
57.54727494653656 27.48627265545231 49.05792965465521
57.54729633410038 27.486263139235966 49.05792073649424
57.54731736651553 27.48625380212073 49.05791196465723
57.5473200582783 27.486252609660625 49.05791084181226
57.470957102106354 27.560560704264546 49.1154070810153
57.54723988418893 27.486288379996928 49.05794426453914
57.547261791569994 27.486278625827545 49.05793513018355
57.54728356914836 27.48626894333565 49.057926048786896
57.54731195407166 27.486256268730294 49.0579142166417
57.547301495454995 27.486260994284123 49.057918571626615
57.470933940143766 27.560597851520875 49.11543417330442
57.470945039227495 27.560580543167852 49.11542130497692
57.54724805975707 27.48628487270528 49.05794084458307
57.54727029137072 27.486274992223656 49.05793157352586
57.54728394939262 27.48626893681 49.05792587661044
57.47090956474268 27.560636969243966 49.11546269058344
57.47092101195416 27.56061911418459 49.11544941774904
57.470932536980825 27.560601139707742 49.115436055142936
57.470943314011286 27.560584400611788 49.11542357574497
57.54726484702502 27.486277590300116 49.05793382899128
57.47088388464397 27.560678209799576 49.11549274098894
57.470895651376836 27.560659855360875 49.11547909744387
57.47090753946772 27.56064131005645 49.11546531282133
57.47091853324571 27.560624240883342 49.11545258396305
57.47092020911427 27.56062164684506 49.11545064544559
57.470845040878395 27.5607400616609 49.115538072732875
57.4708569374823 27.560721508625583 49.11552427952566
57.47086928286757 27.560702230003287 49.115509960032504
57.470881316755 27.56068347136196 49.11549600962378
57.47089918581053 27.560655359374678 49.1154752350714
57.470891984859605 27.560666909167843 49.11548365814656
57.470816387967204 27.560786115366277 49.11557161091447
57.470828986218265 27.560766435812 49.11555699671693
57.47084172821605 27.560746532616932 49.11554221598014
57.47085421157546 27.560727063194346 49.11552774216663
57.47086363951321 27.560712416332052 49.11551682422488
57.47078683614714 27.56083362362734 49.11560620352593
57.470799808880926 27.56081335655037 49.11559115433093
57.47081315810888 27.560792482933174 49.11557566412499
57.47082592061899 27.560772583605413 49.115560867917864
57.470833985496526 27.56076004631145 49.11555152659546
57.43914643673354 27.574229554553455 49.121997497302246
57.47076981386141 27.56086160055778 49.11562627112956
57.47078345438821 27.560840277544525 49.115610444318676
57.47079682443864 27.56081940917753 49.11559493871549
57.470804687696244 27.56080716771976 49.1155858268455
57.43912700943487 27.574272341482796 49.12202863384542
57.47073848477862 27.560912013782186 49.11566295523817
57.470752766606665 27.560889665565952 49.11564637907372
57.470766584866844 27.560868091554212 49.115630352263636
57.47077394788959 27.560856627420776 49.11562181972797
58.546971045604735 27.21417490434726 48.47332861558869
58.54696886830584 27.2141742618569 48.47332925872149
58.54695998830961 27.214171640358465 48.47333188378572
58.54704640491194 27.21419714815911 48.473306344266405
58.54701969628826 27.214189267218664 48.47331423275476
58.54707130164964 27.214204498640264 48.47329898327371
58.54703955881593 27.21419513070348 48.473308361468675
57.43910694307885 27.574316489137274 49.12206075078397
57.470706101152416 27.560964137466 49.11570087728026
57.470720901728285 27.560940966988568 49.11568369659292
57.470735266570614 27.5609185262996 49.11566703275453
57.470742948822085 27.56090655583359 49.11565812812984
58.54694422619616 27.21416698303887 48.47333655086753
58.54691113315424 27.21415721804425 48.47334632537868
58.54686816974115 27.214144533836627 48.47335902751277
58.54712357599065 27.21421992760296 48.473283535942144
58.5470887790993 27.21420965567067 48.473293821352605
57.43908604512728 27.574362381828465 49.122094119437655
57.439097987325894 27.574347657530307 49.122085836640125
57.470687806955894 27.560994272256643 49.115722459969554
57.470702739941274 27.56097092996817 49.11570513380387
57.47071075520663 27.56095843083537 49.11569584091352
58.546906259221956 27.214155772732852 48.47334777802317
58.546866212275106 27.214143955967877 48.4733596061655
58.546827448637764 27.214132511489705 48.47337106696929
57.43906422518755 27.574410214623043 49.12212888091522
57.43907654865317 27.574394872847837 49.12212019546006
57.47065334325003 27.56104980667588 49.115762832372894
57.47066886839827 27.561025523907695 49.115744815701404
57.47067723198069 27.561012471328663 49.11573511659073
58.5468585881235 27.214141699432897 48.4733618705724
58.54682380117836 27.214131434637086 48.47337214534634
58.54679307404808 27.214122362816354 48.47338123012518
57.43904160541106 27.574459732525042 49.122164852601074
57.468145989400966 27.68341630951282 49.19593453661582
57.46816615233006 27.683451748795143 49.19595406327693
57.46818632354554 27.683489329391193 49.19597490662272
57.46819758086457 27.68351194776291 49.19598755132324
58.546808556549934 27.214126929704477 48.47337666015119
58.546782287199534 27.214119178205443 48.473384419220004
58.54675710759551 27.21411174445395 48.473391863400394
57.468126312810895 27.683578271161917 49.19603642233312
57.468147293618465 27.68361743897225 49.19605815078458
57.46816799934561 27.683653620927938 49.19607807305005
57.46818859671578 27.683690149579263 49.19609822090347
57.46820122845712 27.683713939878892 49.196111431291044
58.54675796625069 27.21411199509272 48.47339161478751
58.54673818805472 27.21410615900526 48.4733974565603
58.54671515773994 27.214099360080283 48.47340426477943
58.54684611552427 27.2141380127833 48.47336556602987
57.46812749056492 27.68378765761848 49.19616513161007
57.46814902417801 27.68382728832684 49.19618708237897
57.46817011295618 27.68386183239685 49.19620595347784
57.46819122972792 27.683898479163155 49.19622611527002
57.468205234640905 27.683924233952844 49.19624037917603
58.37231810276158 27.370126590249363 48.63769262738636
58.3723510910836 27.370093414461714 48.63765988288088
58.37199475960847 27.37031441598364 48.637940858978446
58.546794842966555 27.21412287686637 48.47338072215625
57.46812893804946 27.684004624569788 49.196298474913405
57.46815102306242 27.684044358306302 49.19632042671882
57.46817267428224 27.684079439512935 49.19633956472684
57.468194177557095 27.68411416239655 49.19635849897849
57.468211542929296 27.684144359201483 49.196375116156005
57.92505254636036 27.662847855664676 48.994699558648485
57.925052436743115 27.66284787899759 48.99469959284436
57.92505234253413 27.66284791612975 48.99469962764228
58.3722259658485 27.370213924472793 48.63778126334674
57.45913166672625 27.81788714975241 49.27077372820833
57.45915389381008 27.817940117894473 49.27080173477257
57.459175942291566 27.817992843618708 49.27082957339178
57.459197104360584 27.81804378513543 49.270856397388684
57.925052268500444 27.662847962389215 48.994699660396925
57.925052169956416 27.66284798299106 48.994699691019974
57.925052073130075 27.66284802039687 48.994699726544624
57.9250528116969 27.66284780184482 48.99469947671703
57.45916582937312 27.81797574501349 49.270819012882505
57.45918857404952 27.818029962930538 49.27084767671269
57.459210710125795 27.818082773853085 49.27087558719833
57.45923306220953 27.81813643952068 49.27090387582152
57.45920565028142 27.818065640594554 49.27086762984805
57.45923753252649 27.81814723847838 49.27090955400983
57.92505195490503 27.662848081410814 48.994699774778724
57.92505187214282 27.662848098191432 48.99469980033224
57.9250517824383 27.662848132720846 48.994699833204336
57.925052528740764 27.66284791144608 48.994699580622765
57.45920169638778 27.818068874660398 49.270866592450545
57.45922497322563 27.818124384577942 49.2708959342435
57.4592472319651 27.818177374533924 49.27092396398193
57.459269646751 27.8182310719756 49.27095229494397
57.45927948721577 27.81825482022324 49.27096478699359
57.94397114415774 27.749973113177973 49.02626258371158
57.94396898978816 27.74995908276879 49.02625729034669
57.94397132862254 27.74997465434948 49.0262631749391
57.943970520264074 27.749967395019745 49.02626037875974
57.4592392842159 27.818166597859346 49.27091649386005
57.45926300738889 27.818223167607016 49.270946396857696
57.45928558393318 27.818276877395107 49.27097481534544
57.45930803133265 27.81833052510717 49.271003147679366
57.459323655757544 27.818368081877328 49.27102293545107
57.943982951302345 27.7500518943441 49.02629236039557
57.94398201716355 27.750045802490263 49.02629006183595
57.9439830332626 27.75005256477926 49.026292617268
57.94398204555203 27.750044193167835 49.02628940305334
57.459279233243215 27.818270687466253 49.27096960092553
57.45930307707838 27.818327429462784 49.270999620026274
57.459325955130474 27.818381825203303 49.27102840827371
57.459348322632145 27.818435113769596 49.27105658734217
57.45936862927392 27.818483807004455 49.27108226810833
57.9439944015766 27.750126583649852 49.02632054245163
57.94399548249878 27.750135428402896 49.02632393131976
57.459345130467895 27.818437063897 49.27105554382537
57.459368018990105 27.818491343208642 49.27108430120184
57.45939014745663 27.81854382202814 49.27111210424505
57.48265718065262 27.898325097301367 49.307837049407766
57.4593853055795 27.81852668567217 49.27110425868403
57.48265745762042 27.898324881922242 49.307837127487204
57.94400748633855 27.75021387294438 49.026353534462785
57.94399653216932 27.750142418695894 49.026326573042255
57.944008544639104 27.750222435583755 49.02635681301763
57.45938946956807 27.818552918687185 49.27111458871043
57.482653054953246 27.8983284214015 49.30783591531616
57.48265504112156 27.898326864796836 49.307836472206745
57.4826568996166 27.898325411687654 49.30783699415911
57.48265768844414 27.89832479759793 49.30783721636779
57.94402123165395 27.750305579309455 49.026388196251716
57.94401128935995 27.750240733859567 49.02636372873006
57.944022256655195 27.750313872503334 49.02639137163786
57.482650321720804 27.898330677079333 49.307835177375864
57.48265246296624 27.898328995242707 49.30783577682337
57.48265455576541 27.898327350904374 49.30783636256969
57.48265651853353 27.89832581208417 49.30783691276043
57.48265791517515 27.898324722226626 49.307837305538214
57.95244435234764 27.844378281428693 49.05880787094459
57.94402603869563 27.75033909787046 49.02640090572401
57.95244508834123 27.84439378846296 49.058813429810854
57.482647248457376 27.898333212897615 49.3078343475112
57.48264952553263 27.898331422315675 49.30783498446975
57.482651778149844 27.898329648671684 49.307835614012674
57.48265396698122 27.89832792559416 49.30783622581518
57.48265604401379 27.898326292822478 49.30783680694314
57.482657972994936 27.89832478019082 49.307837347587736
57.48265815822285 27.898324575526477 49.30783738463809
57.48265848952011 27.898324377319724 49.30783749289898
57.95245307946804 27.84449352825404 49.0588502238144
57.952447614557585 27.844427127114002 49.058825682187965
57.93920142695493 27.962323335776567 49.112643760494905
57.48264622434956 27.898334149270376 49.30783409382985
57.48264860587673 27.898332272408915 49.30783475896977
57.482650968228455 27.89833040839473 49.30783541818758
57.48265327225494 27.89832859060603 49.307836061180666
57.48265547701233 27.89832685280794 49.307836676888414
57.48265752004647 27.898325246566515 49.30783724845497
57.4826589804311 27.898324103961542 49.307837658407166
57.93919669853942 27.962329030379447 49.11264824628398
57.939197670030396 27.96232784430538 49.11264719157344
57.939189403542585 27.96233776342045 49.11265473154488
57.48264510100613 27.898335170031608 49.30783381397935
57.482647589216675 27.898333205161812 49.30783450793132
57.48265004961122 27.898331260715977 49.30783519373985
57.48265246856687 27.8983293485997 49.30783586789278
57.482654776621075 27.89832752626051 49.30783651166646
57.48265695592475 27.898325808091816 49.307837120157515
57.48265889806498 27.898324283176283 49.307837663998654
57.48265919242519 27.89832397460016 49.307837727049204
57.48265958470619 27.898323746666165 49.30783785692893
57.93918366520594 27.96234466686097 49.11266011377484
57.93918501989366 27.962343022893343 49.11265872537151
57.939176440380024 27.962353315601412 49.112666534194574
57.48264128040107 27.898338327648354 49.30783278360059
57.482643876104504 27.89833627675813 49.30783350724761
57.48264646128264 27.898334232155545 49.30783422745283
57.482649028847504 27.89833219977645 49.30783494232419
57.48265154579371 27.898330207595627 49.30783564313479
57.4826539566931 27.89832830119211 49.30783631487847
57.48265622898027 27.89832650709282 49.307836948675785
57.482658287405215 27.8983248867629 49.30783752405075
57.48265980712679 27.898323696999157 49.30783795047621
57.93916953218633 27.96236161798926 49.11267294383853
57.939171521425905 27.962359216093738 49.11267100548865
57.939162792483884 27.96236968593795 49.11267893267558
57.48263720587914 27.898341693645122 49.30783168437405
57.482639878756586 27.89833958163892 49.307832429501104
57.48264256175363 27.898337458893025 49.307833176762855
57.48264524127417 27.898335336914446 49.30783392256019
57.48264789510512 27.89833323417978 49.30783466093201
57.48265050388008 27.898331167154723 49.307835386770456
57.48265301143896 27.89832918191501 49.30783608484493
57.482655358321395 27.898327327104695 49.30783673899493
57.48265750059163 27.89832563815952 49.30783733715233
57.482659376508224 27.89832416546804 49.30783786250623
57.482659800586376 27.898323752710958 49.30783796129769
57.48265972552035 27.898323892853057 49.30783796059235
57.9391547156488 27.962379387035284 49.11268637873269
57.939157128602425 27.962376478860744 49.112684071654684
57.93914800500915 27.962387420129048 49.11269234121082
57.93916585737908 27.962366048275285 49.1126764680186
57.482635661201414 27.89834306679887 49.307831291937724
57.48263840716126 27.898340894655718 49.307832056840276
57.48264116600921 27.898338709843166 49.307832824713834
57.48264392036607 27.898336526935566 49.307833590924176
57.4826466396612 27.898334371218453 49.30783434723165
57.482649305669085 27.898332258042977 49.30783508879317
57.48265187240402 27.89833022491583 49.307835803081964
57.482654280438965 27.898328320338386 49.307836473917725
57.48265646668132 27.898326595413074 49.3078370840244
57.48265840441698 27.898325071632797 49.30783762605098
57.48265885259075 27.89832472055557 49.3078377517536
57.93913919215133 27.96239800215892 49.11270044009879
57.939142065064786 27.962394542913156 49.11269772046712
57.91377509650724 27.995933020513007 49.13759806607025
57.939150350517465 27.962384643719112 49.11269051654446
57.482631296884264 27.898346669559174 49.30783011386995
57.4826340936075 27.898344459051465 49.30783089336097
57.48263688676625 27.898342248798812 49.307831671217514
57.48263969060911 27.898340027862716 49.30783245149178
57.48264248748928 27.89833781096005 49.30783322945773
57.482645250467435 27.898335620275027 49.30783399782999
57.48264796157866 27.89833347087955 49.30783475181974
57.48265055489442 27.898331416578973 49.30783547347596
57.48265298457824 27.898329494509262 49.30783615025024
57.48265522355531 27.89832772617124 49.30783677462173
57.482657192071 27.898326176498752 49.30783732483594
57.482657318081166 27.898326077433513 49.307837360090105
57.91963108603227 28.007949130623537 49.139194542877085
57.91376633908828 27.995943985344248 49.13760493095873
57.91374325364851 27.99597289026606 49.13762302726493
57.91964714320058 28.007921682311707 49.13917951652938
57.46054570028862 27.963457116304703 49.328642254941926
57.48263249472218 27.898345877721333 49.30783048648431
57.48263531465811 27.898343646600363 49.30783127187816
57.48263814718514 27.898341403175557 49.30783206019296
57.48264095425003 27.898339179019988 49.307832841196934
57.48264372311614 27.8983369844376 49.307833611399495
57.48264644798964 27.8983348244424 49.30783436929453
57.48264903832988 27.898332772920142 49.307835090228124
57.48265147566333 27.898330844481578 49.30783576905377
57.482653712720904 27.898329077155807 49.30783639276393
57.482656984860206 27.898326363116112 49.307837272796895
57.482654755508555 27.89832825442791 49.3078366837764
57.91958820621098 28.008025553203446 49.13923540819725
57.91959013457178 28.008021732705224 49.1392334797423
57.919584737795674 28.0080314688254 49.13923865080074
57.91960376542208 28.007999055884866 49.139220871424115
57.9137387859125 27.99597848454675 49.13762652931876
57.46084080135063 27.966192108786608 49.32948396961675
57.460858999956656 27.96614877721847 49.329472901369726
57.46087789369015 27.96610368086587 49.32946134573277
57.482639347672134 27.898340608336436 49.30783243331864
57.4826420963122 27.898338431073356 49.30783319821731
57.48264478595904 27.89833630035449 49.307833946652735
57.482647354021935 27.89833426699192 49.307834661515344
57.48264978209272 27.898332345635872 49.30783533769964
57.482652868583614 27.898329825100518 49.30783617768995
57.48265083540839 27.898331513205655 49.307835631300925
57.919559458822825 28.00807807510914 49.13926310920119
57.91956556210461 28.00806603191853 49.13925701713861
57.88682985471917 28.049703765771927 49.1646316374655
57.91957530760307 28.008051100167286 49.13924830555397
57.46079302228152 27.966312206702984 49.329516760976475
57.46081092472539 27.96626960572436 49.329505887829896
57.46082959571402 27.96622505349393 49.32949447577186
57.46084844177021 27.966180007802855 49.32948291209051
57.460867126437535 27.96613528965309 49.329471413134414
57.46088565555854 27.966090887242718 49.3294599765932
57.46090355100519 27.966047961916317 49.32944890675691
57.48264911121211 27.898332935588584 49.30783516564853
57.46090627111081 27.966041433891945 49.32944722215136
57.763847999706925 27.993310260035813 49.21301591626677
57.76378765417013 27.99328225279291 49.21303879995857
57.67709421424039 27.919022601712676 49.23169853093256
57.89461963676452 28.09110015234985 49.17540644804072
57.76402155704437 27.993377777157875 49.21294696622854
57.89461976445651 28.091095522893774 49.175405056527914
57.46076204161645 27.96639250410925 49.329539451839864
57.4607804052523 27.966348688647866 49.3295282296285
57.46079899321439 27.966304250182652 49.32951681861276
57.46081728577872 27.966260454452033 49.329505551534965
57.460835259220346 27.966217361401224 49.3294944448605
57.46089567763819 27.966067712542444 49.32945428680787
57.460840964774306 27.966203669736256 49.329490912016
57.57379361194225 27.99732441081065 49.296780410090406
57.5581315204282 27.933078430876556 49.28842841669723
57.57374579726858 27.997288925283797 49.29679875169877
57.76562965955965 28.022633358908394 49.22225109734305
57.6770122227928 27.918994348150335 49.23173167035536
57.8946192275618 28.09113817521623 49.17541796105044
57.460730730428395 27.966473622022114 49.3295623634763
57.460748950042486 27.9664300296618 49.32955115825163
57.460767068063326 27.96638659903133 49.329539967575
57.46078475633526 27.966344126758116 49.32952900002998
57.46078665563967 27.966339561827667 49.32952781977659
57.52803889160161 27.98102672558744 49.31388176029775
57.52803725879196 27.98101952207766 49.31388156725632
57.528037485620615 27.98102104269102 49.31388179349044
57.528042422628275 27.98104097912626 49.31388166977419
57.52803674961147 27.9810159712449 49.31388100671276
57.57378029942444 27.997345017076267 49.29679022968671
57.573737511479436 27.99728549897165 49.29680235106136
57.69210104198977 28.037382112377205 49.25644433688679
57.43929177085508 28.02512845186356 49.34258216041472
57.439313711784784 28.025079393481477 49.34257202784487
57.460734297922585 27.966470880354887 49.329563583619716
57.4607393532351 27.966458694857003 49.329560421449095
57.52803943712185 27.981033199050117 49.31388338465572
57.528037842613685 27.981026153068377 49.31388319175164
57.52803789004214 27.981026928796215 49.313883414641914
57.528043194137794 27.98104841697219 49.313883308338426
57.528038306641164 27.981026831032363 49.31388272143883
57.52804683124434 27.98106310391183 49.31388321708713
57.52803795119064 27.98102390842312 49.31388215989556
57.52805040319596 27.9810775022085 49.31388311767357
57.573766301423234 27.997368003254316 49.29680075879709
57.439257205537615 28.02520626923052 49.34259892193238
57.43927856036612 28.02515841461504 49.34258889970677
57.43929463206345 28.025122402296503 49.342581361739356
57.52804053239596 27.981042247143474 49.31388513126235
57.52803749766224 27.981028826547288 49.31388476013301
57.5280387738497 27.981035117552167 49.31388516447596
57.52804438693322 27.981057878597838 49.31388506006725
57.52803753988906 27.981027607181844 49.31388422596739
57.52804821831281 27.981073395537535 49.31388498139749
57.52803812444577 27.981028786837403 49.313883758378125
57.52805196628921 27.981088542857755 49.313884892227705
57.52805560692698 27.98110321868422 49.313884791155886
57.52805913191513 27.981117378294456 49.31388467410916
57.439222257652986 28.025284901302893 49.34261579899584
57.43924422319209 28.025235603714016 49.342605378353355
57.43928347986913 28.025147456383877 49.34258669007193
57.43925713437612 28.025206634541128 49.342599264580116
57.528050302866355 27.98108682816605 49.31388685267467
57.52804108483113 27.981046076433763 49.31388573053121
57.483648829830585 28.01396152781953 49.33477076126935
57.52805407264005 27.981102085016445 49.313886771208814
57.52805780160078 27.98111714763357 49.31388667947974
57.528061507918935 27.9811320933165 49.31388657853731
57.52806511443181 27.981146595905102 49.3138864647287
57.528068629291276 27.981160690088238 49.31388633852856
57.43921064260836 28.02531109021988 49.342621491206934
57.43924377824244 28.025236648602267 49.34260565897224
57.439224588621414 28.025279762715545 49.34261483264346
57.483617023374435 28.01407071445772 49.334792691811394
57.483639880630626 28.013979462908843 49.33477548903194
57.483586703034895 28.014095757806665 49.33480467909904
57.4836576438708 28.014038112266988 49.33477673934995
57.52806807183643 27.981163923447564 49.31388845612804
57.52807171108893 27.981178573322197 49.31388834728236
57.528075293148916 27.981192956816408 49.31388822628115
57.43917720318019 28.025386240132526 49.34263750735485
57.43921427620094 28.025302931023532 49.34261976098395
57.43919633186497 28.025343246763793 49.342628338531085
57.483546309034125 28.014215265749208 49.33483036903373
57.483563246378466 28.014149934324795 49.334817879673835
57.48352594133553 28.014232096435393 49.33483842237936
57.48358897548002 28.01418002088637 49.33481350018827
57.48363061370066 28.014145922875045 49.33479707143351
57.48367172305323 28.01411221422482 49.334780846413906
57.52808609055299 27.981242051145472 49.31389006249005
57.43914394810077 28.02546093953515 49.34265338079919
57.43919238430871 28.02535211385419 49.342630222599865
57.45142635152193 28.082956700720754 49.34543197256671
57.48330706880292 28.014482777918744 49.33493284194604
57.48331648660847 28.01449077820108 49.33493089897817
57.483473698676114 28.014363559094136 49.33486904138435
57.483485144795196 28.014320084238562 49.33486067740605
57.48345356546723 28.014380167271433 49.33487699877037
57.48351690627106 28.014327778042695 49.33485194852584
57.48356007802508 28.014291873450652 49.33483485255741
57.48360273887212 28.014256326225855 49.33481795128701
57.483645236456255 28.014220734687324 49.334801094347796
57.45141218550701 28.082962580968918 49.34543738835777
57.451463369598045 28.082945700392614 49.34542321606683
57.48333481467792 28.01450418390742 49.334926873612616
57.45151441335621 28.082928997731038 49.34540924532514
57.483371777040404 28.014492288218122 49.33491436288199
57.48339973001403 28.014514908192883 49.334908468950665
57.48341993307171 28.01443848175539 49.33489374093447
57.483443290323606 28.014478669358958 49.334891217863046
57.48348674518667 28.014442337571055 49.33487398814863
57.483530332624674 28.014405714233124 49.33485668547884
57.48357391175795 28.014368916177546 49.334839365604346
57.55497011546967 28.139643060605987 49.32903883802254
57.45144975680047 28.082951311911135 49.345428372042406
57.451501193056686 28.08293435511985 49.345414138518976
57.45155241081429 28.082917567164273 49.34540008510473
57.45160382486242 28.082900772674808 49.345386049276364
57.48345640033821 28.014558528810102 49.33489626740949
57.55465067154809 28.1395158605657 49.32911647889635
57.55486682419905 28.139626906115204 49.32906721293397
57.42089522602684 28.135027318372202 49.35883071766322
57.45153910938964 28.08292286798538 49.345404897777556
57.45159059380514 28.082905982758792 49.345390759001106
57.55454516886486 28.139499372446885 49.32914546290135
57.55476247421313 28.13961116599356 49.32909595461423
57.55444147102277 28.139484478376488 49.32917412285052
57.55466052256732 28.139597246843962 49.32912422675754
57.69847483938706 27.404327573839787 48.96682212669134
57.698467031946365 27.404331874746497 48.9668284878547
57.69846588343904 27.40433248368257 48.96682941713914
57.69846926603329 27.404330595138035 48.966826654292106
57.69846987982013 27.40433046832151 48.96682621177418
57.60055426032932 27.45185496488453 49.029439515007454
57.69846581379785 27.40433266609808 48.96682951312656
57.60056497387815 27.45184977236333 49.02943409867717
57.69846057998659 27.404335431568494 48.96683374534298
57.60053783231878 27.45186292667248 49.02944782003243
57.60055207882195 27.451856174109718 49.02944074779792
57.600569370126955 27.451847878267337 49.02943207846386
57.69845872290186 27.404336487981826 48.96683526751356
57.60057008179167 27.451847535424207 49.02943172045276
57.600526451982866 27.45186876193668 49.02945384674114
57.60054489072051 27.451859907013215 49.029444594784074
57.60056200864881 27.45185170623489 49.02943602253758
57.600562456009854 27.451851491718074 49.02943579834135
57.60049504432979 27.451884237820067 49.02946994200532
57.60051594160828 27.451874162434585 49.029459422410895
57.60053637855249 27.45186431041483 49.02944913576159
57.60055564982126 27.45185503554924 49.02943944885219
57.60056128299838 27.451852326718807 49.029436619243924
57.6004606686173 27.451901187507502 49.02948756796662
57.60048301792709 27.451890396290345 49.029476303956756
57.600505287730975 27.45187963858869 49.02946507585028
57.600527029418274 27.451869138872468 49.029454116468564
57.600547648705906 27.451859194840594 49.02944373452466
57.600554357295266 27.451855966874824 49.0294403630136
57.600448000448544 27.45190766282495 49.029494259331216
57.6004711504899 27.451896477670815 49.02948258550394
57.60049429329054 27.451885289723293 49.02947090994756
57.600516783287354 27.45187442238106 49.02945956802361
57.60053827795333 27.451864046641276 49.02944873716259
57.600542943573856 27.45186179870641 49.029446389828394
57.600411332479226 27.451925735507153 49.029513054433394
57.60043511190624 27.451914251698874 49.029501067878364
57.60045911682644 27.451902645786443 49.02948895636492
57.60048280522359 27.451891192643608 49.029477004325926
57.600505962229406 27.451879998708755 49.02946532235546
57.600530651553825 27.45186798439832 49.02945279925592
57.60052566934038 27.451870488634896 49.02945539460515
57.600397530779944 27.451932777023977 49.02952033324162
57.6004220966462 27.45192090748866 49.02950794519184
57.60044648808519 27.45190911704824 49.0294956406695
57.60047070606907 27.451897406904635 49.02948342061386
57.600494217119575 27.451886043610997 49.02947156156465
57.60050532408527 27.451880683624935 49.0294659661884
57.60038346354864 27.451939954904923 49.02952775285004
57.60040853960932 27.451927839258808 49.02951510786268
57.600433614020375 27.451915715336554 49.029502455948354
57.600458193360154 27.451903833003634 49.02949005572742
57.60048187680201 27.451892391554424 49.02947811413952
57.60048394251801 27.451891395276867 49.029477073997256
57.60036893822264 27.4519473662123 49.02953541380286
57.600394695056906 27.451934918833103 49.02952242311922
57.60042019578715 27.451922590814014 49.02950955783611
57.60044518065229 27.451910514136948 49.02949695448061
57.6004791529958 27.451893791312614 49.029479559265624
57.600460845239674 27.451902953085117 49.02948906168842
57.6003273834066 27.451967848786538 49.029556714888756
57.600353653909835 27.451955162985307 49.02954347352595
57.600380073890264 27.45194239290056 49.029530146471686
57.60040595075032 27.451929885990012 49.029517093946126
57.60043131944883 27.451917625749996 49.02950429865162
57.60043898304918 27.45191392581136 49.02950043653679
57.60031072439884 27.451976329104276 49.029565484372114
57.600337681115526 27.451963309429615 49.02955189498715
57.60036474827875 27.451950224819235 49.0295382400115
57.60039117027081 27.451937454120095 49.029524912248576
57.60042000286111 27.45192342799117 49.02951029131359
57.60041431246963 27.45192627639908 49.0295132454921
57.600293380866844 27.451985156837907 49.02957461330439
57.600321122493256 27.451971753787802 49.029560624574984
57.600348707125356 27.45195842006422 49.02954670943155
57.60037568798073 27.451945378697733 49.02953309929805
57.60039069011566 27.45193813250669 49.029525536104956
57.600246889578294 27.45200807730975 49.02959844884355
57.60027543032918 27.4519942926536 49.02958406098778
57.600303887053734 27.451980541601962 49.029569709523344
57.60033220904406 27.451966848328695 49.029555419741726
57.60035952712143 27.45195364758868 49.029541642600826
57.60036625248902 27.451950398327426 49.02953825135069
57.54736042367561 27.486234465948336 49.057894025662094
57.600256819013794 27.45200376396238 49.02959385576115
57.60028620522955 27.451989557367902 49.02957903006773
57.60031503235021 27.451975621556436 49.02956448686493
57.60034595904348 27.451960589006994 49.02954881452801
57.6003413734437 27.451962894178664 49.029551203517634
57.54734938831322 27.486239480185716 49.05789861845232
57.60023769888586 27.452013493990087 49.02960391812788
57.600267788083 27.451998946208256 49.029588736630345
57.600297253645394 27.45198470094917 49.02957387064487
57.60031791206742 27.451974717071074 49.02956345106179
57.54733798880899 27.486244666666053 49.057903362225964
57.54735860510015 27.48623552787564 49.05789476280056
57.60024871184667 27.45200866970032 49.029598789409675
57.600278978028385 27.451994033806372 49.029583516440766
57.600294106505444 27.451986722483074 49.02957588604079
57.547304877076996 27.48625949684169 49.057917160960415
57.54732611548069 27.486250080973146 49.05790830215023
57.54734733637381 27.486240667667467 49.05789945107947
57.54736834834871 27.486231355546895 49.057890686434035
57.60025992206348 27.452003761792433 49.029593571216346
57.60026900584187 27.451999371089858 49.029588989024305
57.54729206585836 27.486265341612956 49.057922490863156
57.547313859034944 27.48625567654132 49.05791340092222
57.54733561464002 27.486246023665572 49.057904327026456
57.547357057606916 27.486236523125083 49.05789538238622
57.547377901169355 27.486227310343857 49.05788668592126
57.54737899268813 27.486226829377046 49.05788623038782
57.547278778545476 27.48627141531511 49.05792801785525
57.54730118990589 27.48626146926803 49.05791867064054
57.547323425668154 27.48625160430589 49.057909396399126
57.54734525870208 27.4862419359296 49.05790028863005
57.54737511458602 27.48622858939757 49.05788784458559
57.547362837731 27.486234161467998 49.05789295459623
57.47092909978535 27.560607876517498 49.115440359384394
57.54728803085325 27.486267499679926 49.05792414299694
57.54731078089344 27.486257405634177 49.0579146543343
57.54733307972674 27.486247532349328 49.05790535214038
57.54734492843183 27.486242291434664 49.057900408879576
57.47089255252647 27.560666031747886 49.11548300180439
57.470903652640935 27.56064881910968 49.11547015484255
57.470915464785676 27.560630443493626 49.115456470153944
57.547297694653075 27.486263419183913 49.05792009502848
57.54732045675187 27.486253342808354 49.057910599408466
57.54732631417065 27.486250752120775 49.05790815568902
57.47086584031731 27.560709006819973 49.11551427782075
57.4708774569448 27.560690974762565 49.11550082877797
57.47088969598005 27.56067192579888 49.115486647380116
57.47090150588433 27.560653580535757 49.11547297151545
57.54730833439744 27.486258933387447 49.05791563768834
57.54730696531429 27.48625955719309 49.05791620734061
57.47083800551779 27.56075380754055 49.115546872767965
57.470850162012184 27.56073491828395 49.11553279425216
57.47086289042092 27.560715094179912 49.115518042692585
57.470875037678546 27.560696223075844 49.11550397575485
57.47088423838431 27.56068197000178 49.115493330408185
57.470809547079824 27.56079961613971 49.115580198959464
57.47082207672466 27.560780144709 49.115565687749154
57.47083520218047 27.56075969789622 49.11555047503131
57.47084787491491 27.560739993650596 49.11553579567939
57.47085573896368 27.560727810747462 49.11552669675196
58.546921788497706 27.21416037033565 48.473343163243726
58.54690924239594 27.214156667983296 48.47334686944252
58.54688982363796 27.214150934645634 48.473352611118955
58.546952896600004 27.21416955326441 48.473333968336085
58.546929174994325 27.214162552078857 48.47334097758008
57.47077970822594 27.560847672275827 49.11561514760167
57.470792905737994 27.560827135194543 49.11559985646433
57.4708065366992 27.56080588876122 49.11558405503821
57.47081968593623 27.560785432686984 49.11556882119834
57.47082740035091 27.560773459599485 49.11555989030279
58.54682338822262 27.214131320198305 48.473372253732066
58.54680638025492 27.214126301573067 48.473377277219655
58.546772057024896 27.21411616861819 48.47338742417334
58.54690231218327 27.214154615375932 48.473348930419576
58.5468599870608 27.214142126867642 48.47336143054933
58.54700994491512 27.214186390258845 48.47331711214768
58.54697454064417 27.214175939574694 48.473327576091904
57.4707489708898 27.560897185473742 49.11565115091426
57.470762642306155 27.560875902866677 49.11563530882324
57.47077687932233 27.560853692447303 49.115618800357666
57.470790538926835 27.56083243005319 49.115602972377005
57.47079772822842 27.560821270920638 49.115594649157735
58.54678530408677 27.214120075162217 48.47338351578328
58.54675586580211 27.214111388852288 48.47339221035066
58.54672061791609 27.21410098253063 48.47340263137161
58.5468654236018 27.21414372325846 48.473359839093476
57.47071705076129 27.560948626211317 49.115688544812954
57.470731334250196 27.560926371533156 49.115671989006785
57.47074616507743 27.56090321792424 49.11565478809213
57.4707604375908 27.56088098159417 49.115638245296736
57.47076797815862 27.560869264062255 49.11562951235575
58.54673854350715 27.21410627044724 48.473397339559085
58.546711799902845 27.21409837923604 48.473405238285636
58.54668319812963 27.214089935064116 48.47341369438425
58.546820489379584 27.214130457408366 48.47337312352177
57.47068381405259 27.561002211336884 49.11572748631612
57.46822370684474 27.683378641933672 49.19590256909903
57.46824270061986 27.683413393383688 49.19592180473862
57.46826148532678 27.683450002212115 49.19594220692953
57.46827182842293 27.68347190564208 49.19595451509591
58.54668866456771 27.21409154578572 48.47341208400372
58.54666901896023 27.214085748968614 48.473417886346034
58.546645760901725 27.21407888265712 48.47342476217081
58.54677192200805 27.214116119672823 48.47338748073608
57.46820658860412 27.68353065990174 49.1959980468029
57.468226494987746 27.68356961648819 49.19601976679245
57.46824591143026 27.683603755773568 49.196038577945416
57.468265069154086 27.683638803692695 49.19605797747067
57.46827669043836 27.683661305720364 49.19607050941844
58.546637330407194 27.214076391726064 48.47342725826152
58.54662340804555 27.21407228367101 48.47343137022595
58.372224594038244 27.370117640298034 48.637730917514745
58.54672153599297 27.21410124538643 48.47340237495015
57.468209256060646 27.68372963519655 49.19612018126773
57.46822964248593 27.683768377677048 49.19614171522079
57.46824941257232 27.683800332397396 49.1961591421429
57.46826894101894 27.683833495143652 49.19617733973173
57.46828249063205 27.683858881163854 49.196191428213396
57.92505200208986 27.662847971986423 48.994699728586156
57.925051944699675 27.662847984177567 48.99469974648157
57.92505189945376 27.66284800250452 48.99469976335028
58.37239467567352 27.37005029346291 48.63761699700373
57.46821239022633 27.683937744670445 49.19624788351565
57.468233113539256 27.68397370225224 49.19626766572753
57.46825326622058 27.68400391651692 49.1962839784199
57.468273188372976 27.684035558578035 49.19630119575454
57.46829034033462 27.684064496820923 49.19631706263235
57.92505170299468 27.662848083148017 48.994699836932796
57.92505168880795 27.662848086256346 48.99469984138648
57.92505167734198 27.662848090823623 48.99469984563686
57.92505225802573 27.662847918351428 48.99469964901215
57.46821579068841 27.684152111779373 49.196379406178636
57.468236990234644 27.684187358762657 49.196398697276265
57.468257526599665 27.684215744803154 49.19641384160885
57.46827776980605 27.684244239831926 49.19642908616012
57.46829776561502 27.684273590350735 49.196444885102196
57.468294963666565 27.6841572422168 49.196373609097066
57.46830148735258 27.684279053132776 49.196447825627054
57.92505196563222 27.662848028525175 48.99469975540705
57.925051448462995 27.66284818303881 48.99469993081218
57.4591983456001 27.818046791613874 49.270857976506065
57.45922003730497 27.818099059594864 49.27088548790053
57.45924031852889 27.818147695513446 49.27091113765434
57.459259985931794 27.818194920757414 49.27093603021591
57.459279795288595 27.818242842886153 49.27096121340702
57.45928998091233 27.81826756351605 49.270974187068106
57.92505164881553 27.66284814734086 48.99469987051139
57.92505140112617 27.662848201465494 48.99469994822381
57.92505116937795 27.662848290958962 48.99470003323887
57.45925518088517 27.81818976679181 49.27093193823515
57.459275736112275 27.81823904606007 49.27095793024256
57.45929536915418 27.818286063514257 49.27098274026772
57.45931480393964 27.818332833634486 49.27100737064858
57.45933154703201 27.818373432598392 49.271028685262365
57.92505129731735 27.662848277999387 48.994699997847505
57.92505107888023 27.662848325494295 48.99470006630681
57.92505084065927 27.66284841461137 48.99470015278555
57.45929212887904 27.81828529393988 49.27098082421905
57.459312725671175 27.818334570513215 49.27100683688816
57.45933245047005 27.818381737852608 49.27103174109371
57.4593518173307 27.818428226094156 49.27105624848443
57.45937117945694 27.81847509742569 49.27108087282293
57.45935562530124 27.818435033849916 49.27106034011041
57.45937294721814 27.818479426361 49.27108313647791
57.94397233020017 27.74998270217555 49.02626625508284
57.94396569830379 27.74993956031242 49.02624998000473
57.94397307253591 27.74998875441279 49.02626857349448
57.459330400430176 27.818384312478003 49.27103148303481
57.45935141379236 27.818434650903075 49.27105804214116
57.45937109028115 27.81848157595723 49.27108284584331
57.45939042544367 27.818527891355032 49.271107282966696
57.45940952497888 27.81857395550562 49.271131519894155
57.45941610246379 27.818589983084863 49.271139917716255
57.94398402104095 27.750060744463916 49.02629575353835
57.94397713933519 27.75001588807622 49.02627882908657
57.94398457968124 27.750065565028734 49.02629760625004
57.45937064833649 27.818488670160633 49.27108482826127
57.45939174934687 27.818539157350216 49.27111147907326
57.459411535947964 27.81858630475713 49.271136409036814
57.482662170548124 27.89832112065421 49.3078384319965
57.48266353644037 27.898320062406004 49.307838818031556
57.482664225518455 27.89831953240156 49.307839013750424
57.94399632179245 27.75014287808696 49.02632679899593
57.94398886671731 27.75009419357915 49.026308427573255
57.9439967576929 27.750146898257967 49.02632834970653
57.94399556641349 27.750136116593325 49.0263241950355
57.482658828308445 27.89832381542859 49.307837513744396
57.48266046679622 27.89832253736329 49.30783797466543
57.48266203338308 27.89832131609895 49.30783841553928
57.482663458955464 27.898320208935047 49.30783881777158
57.48266448280881 27.89831941997496 49.3078391082106
57.94400927084817 27.750229367324433 49.02635949157225
57.944001300281734 27.75017724402267 49.02633982041943
57.94400958447747 27.750232623636556 49.02636075502892
57.944008726843556 27.75022399436248 49.02635741181807
57.48265857932372 27.898324104380087 49.307837467403495
57.48266023874149 27.898322810055006 49.30783793422888
57.482661840353124 27.898321560606156 49.30783838473931
57.48266332394893 27.898320405933774 49.30783880273155
57.48266461664785 27.89831940613918 49.30783916851712
57.48266465078703 27.898319334870266 49.307839166953116
57.482664816297174 27.89831925281411 49.307839225282365
57.94402293938348 27.750320682029823 49.02639400871459
57.94401411793887 27.75026291885581 49.02637220692813
57.94402321968677 27.750323748620396 49.02639520137936
57.94402247441087 27.750315789043412 49.0263921090456
57.48265827275224 27.898324443812093 49.30783740625422
57.48265997185516 27.898323117545672 49.30783788399676
57.48266161055768 27.89832183818558 49.30783834469619
57.4826631365234 27.898320649026232 49.307838774247884
57.48266451353447 27.898319579778374 49.307839162828685
57.482665223061936 27.898319033002515 49.30783936409491
57.95244576880792 27.844411348989794 49.05881967595819
57.944028004638255 27.750355734368252 49.026407292593774
57.95244607467943 27.844420021530063 49.05882275107808
57.952445281215944 27.844398349203896 49.05881505718708
57.48265966734046 27.89832345896089 49.3078378243236
57.48266133187434 27.898322159006916 49.30783829217835
57.482662897983374 27.898320937183463 49.30783873268469
57.482664339487954 27.89831981494303 49.30783913873613
57.48266558257693 27.898318853302854 49.307839490430204
57.482665603056795 27.898318818557584 49.307839491495486
57.48266568637358 27.898318773629985 49.30783951995218
57.93918935274472 27.96233779693708 49.112654550716286
57.935472117892445 27.86528935596462 49.07814683765453
57.939183148646535 27.962345226894502 49.11266008985578
57.93919840303211 27.962326957210557 49.11264646046453
57.482659310143745 27.898323846738254 49.307837751148625
57.482660997516305 27.898322528581538 49.30783822533104
57.48266259183637 27.89832128389849 49.30783867355967
57.48266407637682 27.89832012636139 49.30783909128532
57.482665401724105 27.898319096862913 49.307839465195094
57.48266607336789 27.89831857909232 49.307839655667955
57.93917681335837 27.962352841508128 49.112665974179585
57.93917925259031 27.96234990109496 49.112663637280875
57.93917011191362 27.96236086629704 49.11267195085962
57.93918603696059 27.96234179470887 49.112657733222136
57.482660583004545 27.89832296756598 49.30783813765892
57.48266218789195 27.898321714433408 49.30783858880852
57.482663702477396 27.89832053218838 49.30783901466786
57.48266510776058 27.898319436749052 49.30783941016652
57.482666346501965 27.898318474932836 49.307839759745136
57.48266640426022 27.898318393539757 49.30783976690168
57.48266659133929 27.898318286061894 49.30783982914761
57.93916343712642 27.96236888726026 49.112678136385554
57.93916642808195 27.962365285059022 49.112675298202475
57.87648486164497 27.941667433006558 49.13794667316032
57.93917292602008 27.962357523674903 49.11266966622018
57.48266004695423 27.898323509825904 49.30783801791643
57.48266165801571 27.89832225159871 49.307838470733145
57.48266321336737 27.898321035664264 49.30783890758739
57.482664705514175 27.898319868607615 49.30783932655554
57.48266604402437 27.898318824483603 49.30783970307787
57.48266706050608 27.898318035777862 49.3078399900683
57.87643911199274 27.94166999361645 49.137966999263995
57.87643775435363 27.941669012323334 49.137967258489326
57.876435468433186 27.94166911004342 49.13796826426815
57.939149267051896 27.962385882686338 49.11269099888046
57.87647798664317 27.941668111224676 49.1379498231117
57.939158831648925 27.962374428572467 49.11268246222683
57.48266098466147 27.898322909290382 49.30783831445005
57.482662580886895 27.89832165940851 49.30783876228588
57.48266414168407 27.898320435635256 49.30783919977358
57.48266559198244 27.89831929941054 49.307839606516325
57.4826668973355 27.898318278851793 49.30783997313631
57.48266714762905 27.898317983920776 49.30784001860488
57.482667775483634 27.898317594941293 49.30784022043456
57.87640234839054 27.941675675885286 49.13798451213371
57.87639585095381 27.941670692451346 49.13798565933372
57.8763825765145 27.941670818805573 49.13799135643072
57.87646766177139 27.941691768530124 49.13796191866376
57.9391439984947 27.962392217311272 49.11269591024137
57.4826600830769 27.898323756868848 49.307838096931036
57.48266174364162 27.898322453604127 49.30783856206642
57.48266339769759 27.898321152922144 49.307839024746826
57.48266495594344 27.898319927801076 49.30783946068174
57.48266640952711 27.89831878548206 49.30783986746514
57.48266769451109 27.89831777793439 49.30784022763528
57.482667947066275 27.898317489483937 49.30784027580268
57.48266840176839 27.898317227344176 49.30784042686564
57.87636373315591 27.941681765760432 49.138002946554025
57.8763506831304 27.941671116827504 49.13800504256037
57.87631976384293 27.94167087436618 49.138018137812836
57.87643061175211 27.941698330722105 49.137979839831594
57.91376925551333 27.99594033251445 49.137602645363955
57.482658995948086 27.898324758329707 49.30783782950661
57.482660759009406 27.898323370478128 49.30783832231519
57.48266250615538 27.898321993087194 49.30783881015786
57.48266416269617 27.89832068703582 49.30783927267888
57.48266573530769 27.898319446933648 49.30783971171046
57.48266713850337 27.898318342175102 49.30784010388309
57.48266833663442 27.898317401733273 49.307840439460165
57.48266859061237 27.898317119946867 49.30784048997262
57.48266897874057 27.898316900854198 49.30784062008559
57.677138555848785 27.919019543506117 49.23167063406595
57.67712264527887 27.919013008617796 49.23167649246416
57.677084287178076 27.91899989390457 49.23169205221334
57.79090874937163 27.939720555120186 49.18596783376688
57.790812274562356 27.93969432373234 49.1860090161969
57.913722390974726 27.99599900457738 49.1376393845364
57.91374025293413 27.995976646888536 49.13762537971138
57.48265576157993 27.89832746084732 49.30783696458725
57.48265770013613 27.898325931716663 49.30783750566626
57.482659586877624 27.898324442123187 49.307838031949245
57.48266144023496 27.89832297742248 49.30783854855383
57.48266321455044 27.898321574721436 49.307839043009515
57.48266488570924 27.898320253613416 49.30783950872853
57.48266641345549 27.898319046651775 49.307839934674874
57.482667751238054 27.898317991604387 49.30784030811777
57.48266885788691 27.898317121622455 49.307840617735266
57.482669153305245 27.898316803137547 49.30784067881103
57.48266952909502 27.898316596512757 49.30784080616449
57.631109586437645 27.87739406672003 49.23777323953334
57.63110876337496 27.877394015952298 49.23777368079874
57.63109849671108 27.877393825083914 49.237779473532235
57.67700172045872 27.91897607841604 49.23172794604002
57.67694045254716 27.918950740869285 49.23175041115587
57.67725904154803 27.91906928474127 49.23162640876195
57.913691494941105 27.9960376953237 49.13766360062991
57.48265200077187 27.8983305923226 49.30783595615894
57.48265418542206 27.898328864359335 49.30783656474701
57.48265627689828 27.898327209803846 49.30783714730693
57.48265828437832 27.898325621138817 49.30783770633083
57.482660237172766 27.898324074809732 49.30783824989106
57.4826620876555 27.89832260935553 49.30783876493753
57.48266385579802 27.898321208619215 49.30783925694364
57.48266548147449 27.898319921171026 49.30783970941333
57.48266693303792 27.898318772639865 49.30784011368007
57.482668179182745 27.898317788180165 49.307840461121245
57.48266924191229 27.89831694996338 49.30784075776013
57.482669632544834 27.898316542536215 49.30784084194979
57.48267016962991 27.898316218886038 49.30784101687591
57.48267022594174 27.898316156624 49.3078410281294
57.48267042086441 27.898316020966707 49.30784108706267
57.55811309186162 27.933001024502786 49.28842591443797
57.55811506682093 27.932987658611722 49.2884221703209
57.558084523355845 27.933013296363185 49.288446535262295
57.558143376497355 27.9329872055271 49.28840390488428
57.55814766707244 27.932955237881107 49.28839522804399
57.67685940911678 27.918930957765674 49.23178759716443
57.67712329240126 27.919026501700365 49.231683449089175
57.76399312935896 27.993364577602442 49.212957744911975
57.4826478821394 27.898334014908464 49.30783485007302
57.48265022759 27.898332157481697 49.307835502886256
57.48265253442142 27.898330329424347 49.30783614464679
57.482654737847696 27.898328583143773 49.30783675759823
57.48265685298867 27.898326906307815 49.307837345859255
57.48265889291798 27.898325288488227 49.30783791304996
57.48266084284731 27.89832374157485 49.30783845509892
57.482662681845056 27.898322282455204 49.3078389662581
57.482664404584355 27.89832091536882 49.3078394450501
57.48266595960893 27.898319681859977 49.30783987735183
57.482667341043296 27.8983185865712 49.30784026152533
57.482668575651225 27.898317607927584 49.30784060492477
57.50567950061074 27.948712609441937 49.31397098627573
57.50568775323808 27.94873474322081 49.313972907233094
57.50567630053182 27.948698808159826 49.313970254015246
57.52800520007935 27.98088184808731 49.31387921937002
57.505687673672256 27.94873102047197 49.313972897198745
57.52800951095699 27.980899586512216 49.313879238074506
57.528005074570345 27.980879969064503 49.31387869619175
57.528013608184494 27.980916393950153 49.313879235961146
57.528008043542954 27.980891801489246 49.31387856166258
57.52801758605467 27.98093268470694 49.31387922353029
57.528010088635 27.980899570536682 49.313878322712654
57.558073103455854 27.933072345172583 49.28846480698303
57.5580827141131 27.933014922119312 49.28844799835855
57.55810451666356 27.93305759821665 49.28844190073188
57.55813582852669 27.933042377064616 49.288418971733954
57.67698482892094 27.918983059615442 49.231741736787235
57.46085291008167 27.966174978736618 49.32948350038211
57.46087127909762 27.966130789316807 49.32947206208555
57.460889716013526 27.96608637183586 49.32946054337198
57.46090841903024 27.966041250105384 49.32944882118421
57.48265312853185 27.898330014262292 49.30783634886627
57.4826553256905 27.898328270256826 49.30783695940066
57.48265743619207 27.898326594482125 49.30783754571674
57.48265945864851 27.898324988003097 49.30783810741956
57.482661386745384 27.898323455906127 49.307838642773106
57.482663179872716 27.898322030811983 49.307839140589564
57.482664853003456 27.898320700741095 49.30783960500581
57.5056802241248 27.94872528002066 49.31397112874056
57.50568878978303 27.94874717953197 49.31397312515854
57.505697095705585 27.948768708418893 49.31397506032976
57.528011836427666 27.98091256181984 49.31388055474988
57.52801609909249 27.98093004915562 49.31388055303036
57.528020236467654 27.980946997000302 49.31388054158152
57.52802421000406 27.980963230664074 49.31388051407305
57.52802804213678 27.980978848559914 49.31388047294091
57.52803174842131 27.98099391719596 49.3138804192116
57.57373331169855 27.99727963216777 49.29680353696551
57.4608028783616 27.966300537232684 49.329517718905535
57.46082173184726 27.96625512096321 49.32950594275971
57.460840879647634 27.96620893432312 49.32949394660322
57.46086030472338 27.966162020110126 49.32948174211122
57.46087956925182 27.966115433280862 49.32946960292057
57.46089853920951 27.96606949858443 49.3294576138633
57.460917293760374 27.96602402621229 49.32944572601694
57.46093568932041 27.965979364132693 49.32943403029638
57.48265999469507 27.898324708845443 49.307838292981785
57.50568137147556 27.948742700783477 49.31397136112369
57.50569017809313 27.948764156826154 49.313973416264695
57.50569878154823 27.94878533906074 49.31397542346025
57.52801509502301 27.980929748248478 49.313882017965206
57.52801933172456 27.98094709358125 49.31388200264345
57.528023486125065 27.980964077230087 49.31388197813076
57.52802756426654 27.980980729120493 49.31388194639558
57.5280315001687 27.980996764508127 49.313881902070115
57.52803527501928 27.98101209346516 49.3138818402709
57.460752625644176 27.96642670052219 49.32955211814857
57.46077192794566 27.96638013370192 49.32954002077351
57.46079164915902 27.966332507693245 49.32952763223617
57.46081151766189 27.966284469255505 49.32951511774468
57.460831399662034 27.966236340309862 49.329502560648436
57.460851132913945 27.966188511651133 49.32949006226508
57.460870683876394 27.966141063054078 49.32947764294215
57.483581913768504 28.013844262301994 49.33477774901003
57.48361999052661 28.0138169104112 49.33476315757246
57.48365755990868 28.013789853622526 49.334748752740396
57.505709481851035 27.948827143149465 49.31397788246983
57.52802359210443 27.98096872298371 49.31388359326182
57.528027651743486 27.98098528107655 49.313883554671236
57.528031671161415 27.98100165641108 49.313883509287336
57.52803562802424 27.981017751498335 49.31388345486941
57.439300218476525 28.025109907578067 49.34257877602626
57.439323968965965 28.02505680425561 49.34256780944649
57.46074186851229 27.966457474280137 49.32956170153894
57.46076217182025 27.966408321648274 49.32954887610522
57.4607825907749 27.966358839437994 49.32953594838642
57.483472775172814 28.014011238648795 49.3348295667554
57.48351268667683 28.013981437955536 49.33481414462582
57.483552216421245 28.013951929224483 49.33479887079139
57.483591517634736 28.013922335230774 49.33478365638903
57.483630387062064 28.013892985059762 49.33476859996601
57.48366899580601 28.013863717594663 49.33475363164272
57.528036740212116 27.981026864753566 49.31388519984836
57.43926687627311 28.025184834038807 49.342594738164046
57.43929148721205 28.025129787934144 49.34258334585836
57.439316331402004 28.0250742233943 49.34257185048862
57.483400216310244 28.014154316335272 49.334867635043395
57.483441002393405 28.014123546760906 49.33485183932966
57.48348161083206 28.01409266621541 49.334836084771425
57.483522007621744 28.01406166851584 49.33482038094579
57.48356246292779 28.014030074454787 49.33480459214918
57.483602773630246 28.013998292598686 49.33478882585615
57.483643206951854 28.013966060128723 49.334772971668194
57.43923399557666 28.02525869938631 49.342610443279824
57.43925928780189 28.025202099438374 49.34259869047398
57.483367617069824 28.01426864138569 49.33489038491884
57.48340906765985 28.014236995592988 49.33487428955158
57.48345035871934 28.014205075475132 49.33485821143468
57.483491665642006 28.014172566404238 49.33484206207071
57.48353307163913 28.01413949417214 49.33482581922692
57.48357468483937 28.014105728487053 49.33480943552996
57.43920135563157 28.025331991332393 49.34262598448359
57.48333469326692 28.014384720478716 49.33491343077901
57.48337687458138 28.014352061858084 49.334897000335836
57.48341895706768 28.014318891476712 49.33488054201048
57.483461010700765 28.014285259018628 49.334864040265494
57.48350345837339 28.01425067618677 49.33484731222373
57.483344590182995 28.01446856531805 49.33491990087741
57.48338747126775 28.014434147568274 49.334903060503315
57.48343034146332 28.014399298734237 49.33488617477859
57.60056105658416 27.45185180748925 49.02943619585753
57.698457399758475 27.40433731277995 48.966836371685034
57.69846681492474 27.404332414945294 48.96682877927931
57.69845952343637 27.40433633823234 48.96683469462164
57.6984589673838 27.404336490480013 48.966835105693875
57.69848639102902 27.404321979967126 48.96681292459546
57.698479667966396 27.40432559266546 48.96681837750165
57.69849409200252 27.40431788314236 48.96680668979971
57.698489681003636 27.40432025345946 48.9668102674568
57.698451958304275 27.404340292691728 48.96684080034015
57.69846620360179 27.40433282638862 48.96682929770572
57.698486796026124 27.404321844735115 48.96681261856145
57.69849334201126 27.404318327011907 48.966807309229566
57.698497051737824 27.404316376983758 48.96680431219569
57.600573124698286 27.4518466521545 49.0294306879253
57.698456845963555 27.40433778037881 48.96683686717368
57.6984745341137 27.40432841787141 48.966822559553265
57.698493104171575 27.404318545608668 48.966807526871335
57.60056643457163 27.451850160938356 49.02943429789255
57.69844394299572 27.404344692511557 48.9668473266162
57.698462669346995 27.404334766792385 48.966832175486275
57.698481236232006 27.4043249281767 48.966817154080346
57.69849302592579 27.404318593001697 48.966807591791266
57.69848603075357 27.404322388307172 48.96681327531216
57.60055832767101 27.45185438587962 49.02943864934183
57.60057889384136 27.451844457607976 49.0294282857141
57.698448536668565 27.40434236715168 48.96684363978936
57.69846774025841 27.404332186903964 48.96682810210639
57.69847626121205 27.40432767598338 48.96682120947298
57.6005276474768 27.451869534953218 49.02945439886679
57.60054873891852 27.4518593586753 49.02944377530706
57.60057025535718 27.45184896099865 49.029432923703496
57.69843282734571 27.404350838178274 48.966856389255966
57.698452518259245 27.404340398417546 48.966840456958614
57.698458707633705 27.40433712224453 48.96683545046587
57.60051623005136 27.451875422828643 49.029460473944226
57.600538209288075 27.451864808335845 49.02944939477186
57.600560130769104 27.451854214173352 49.02943833824628
57.60058148449579 27.451843894767862 49.02942756839846
57.6984404587993 27.404346920489647 48.966850249473566
57.698432775771316 27.40435104649022 48.966856480290325
57.6005044320563 27.451881506112233 49.02946675079262
57.60052704279739 27.45187058199973 49.029455349322426
57.60054941637065 27.45185976772932 49.029444063388425
57.60057091525257 27.451849381077373 49.02943322281192
57.60057776167786 27.451846078309263 49.029429774777654
57.600468722036226 27.451899152058054 49.029485093706796
57.60049233187314 27.451887745300795 49.02947318849073
57.600515696811435 27.45187645037339 49.02946140121499
57.60053839719566 27.45186547871539 49.029449950920295
57.60056271954556 27.4518536292252 49.02943760219631
57.600557153013824 27.451856424883765 49.02944049998317
57.60045561610856 27.451905892972817 49.029492052073735
57.600479977752585 27.451894117131552 49.02947976275002
57.60050405294858 27.451882473687007 49.02946761273929
57.600527418904676 27.45187117545517 49.02945582254506
57.600541002690036 27.45186461955207 49.029448978855555
57.60041662333864 27.451925160470072 49.02951208069781
57.60044204487759 27.451912871928037 49.029499256387396
57.60046724289124 27.451900684925366 49.02948653927037
57.60049215374707 27.4518886305272 49.029473961708675
57.60051596088513 27.45187711792569 49.02946194800697
57.60052594865071 27.45187229533391 49.02945691413652
57.60040168798584 27.451932819561407 49.02951999089369
57.6004280956042 27.451920045324687 49.029506661415105
57.6004541853799 27.451907419799795 49.029493488061235
57.60047974512321 27.451895048019054 49.02948057997977
57.60050425785633 27.451883189092342 49.02946820584227
57.600511497388 27.451879692187454 49.029464555982116
57.60038643452596 27.45194064241158 49.02952807010564
57.60041355258359 27.451927520760627 49.02951437881867
57.60044058186185 27.45191443307798 49.02950072466712
57.60046680523395 27.45190173660128 49.029487478468994
57.60049171802696 27.45188968366778 49.029474901983306
57.60049452847352 27.451888325883004 49.02947348485728
57.60034280201732 27.45196220403366 49.02955048320486
57.60037069568135 27.451948713691145 49.02953640597771
57.600398579978204 27.451935216974665 49.02952232415329
57.600426199599255 27.451921841770883 49.02950837035108
57.60045316894612 27.451908779517098 49.029494743404484
57.60048507561119 27.451893119546533 49.029478445260175
57.600475308156724 27.451898068899627 49.02948356745859
57.60032574070785 27.45197093351595 49.029559502408105
57.600354333690774 27.451957101978543 49.02954506970404
57.60038309544326 27.451943174810104 49.029530539847286
57.60041139180763 27.451929469044664 49.02951624171767
57.60043867495752 27.45191625641536 49.029502457591704
57.60045457453462 27.451908561967237 49.02949442931964
57.600308059714244 27.451979978110103 49.02956884752892
57.60033746285178 27.451965750098246 49.02955400197913
57.600366862024515 27.451951512487426 49.02953914858209
57.60039564528769 27.45193757065755 49.02952460422814
57.60042335227459 27.451924152379263 49.029510605632204
57.60043045313524 27.451920716132275 49.029507020275915
57.600289787051395 27.451989323311835 49.02957850361199
57.60031995271927 27.451974722720355 49.029563269988415
57.600350004232055 27.451960167160102 49.02954808527231
57.60037922408475 27.451946014061 49.02953332048057
57.600411276015734 27.451930369011112 49.02951702186172
57.600404548122555 27.451933750907955 49.02952052676362
57.60027081888547 27.451999021750435 49.02958852512189
57.60030176485879 27.451984039789792 49.02957289428895
57.60033239205565 27.451969204385545 49.029557417822595
57.600362096416504 27.451954815834803 49.02954240754835
57.60037881905813 27.451946715799906 49.02953395746215
57.547366656790636 27.486232474023033 49.057891361139916
57.54738753835695 27.48622325370238 49.0578826480434
57.60028304449499 27.45199362833773 49.029582799252296
57.60031424206109 27.45197851562166 49.02956703368524
57.60034455564625 27.451963829433048 49.02955171338898
57.600353374698564 27.45195955708261 49.02954725652099
57.54735496800616 27.486237853028108 49.05789622019311
57.54737648051886 27.486228346145204 49.05788724449342
57.600263650495876 27.452003557962186 49.02959305725155
57.600295738087034 27.451988008914107 49.029576837478814
57.60032668845918 27.45197301132543 49.029561192881005
57.600329849591944 27.451971479492865 49.02955959497246
57.547342897088825 27.486243415889213 49.057901237429434
57.54736508533977 27.486233600622995 49.05789198060768
57.547387196046245 27.486223815847822 49.05788275645632
57.60027679683853 27.451997727096455 49.02958687342014
57.60030876281651 27.451982230442894 49.029570709530944
57.600310619220465 27.45198133072927 49.029569771032584
57.54730733741326 27.4862593950458 49.05791605189723
57.54733051535334 27.48624912852366 49.0579063833091
57.547353405595146 27.486238992127298 49.0578968345078
57.54737615296584 27.48622891862096 49.05788734533762
57.5473984390977 27.486219060255532 49.057878047663735
57.60029034988308 27.451991699129124 49.02958048398898
57.60029225618568 27.451990774902075 49.02957951998248
57.470886521652275 27.560678439781142 49.11549069022384
57.51107402952742 27.53894868664085 49.09904529246615
57.5473413975248 27.48624454226578 49.05790182426188
57.54736482946056 27.486234156869543 49.057892050253784
57.54738773060731 27.486224020954154 49.05788249645872
57.60027159237697 27.452001347044046 49.029590443102975
57.60027632479256 27.45199905147502 49.02958804894993
58.54675293350343 27.2141105317437 48.473393061522835
58.54675133457572 27.214110059931613 48.473393533799154
58.54674480938955 27.214108133621494 48.473395462716496
58.54681453348779 27.214128715615352 48.47337485399834
58.54680332753439 27.21412540878964 48.47337816421876
58.54684532282943 27.214137804382037 48.47336575343027
58.546823371841896 27.214131325791364 48.473372239465135
57.47085970148288 27.560721677223256 49.115522113203255
57.470872841342185 27.560701207816287 49.115506883755145
57.51106959811588 27.538962466560182 49.09905397609153
57.547353091717596 27.486239596785506 49.05789692644478
57.547376712111074 27.4862291325745 49.05788707343189
57.547399434932785 27.486219092805925 49.05787759258739
57.547404215413856 27.48621698635582 49.05787559750412
58.54671514956391 27.214099375362423 48.47340423477149
58.54669503962826 27.21409344150597 48.47341017430898
58.54664863695364 27.21407974256735 48.47342389206666
58.546787441454 27.21412071359738 48.47338287028503
58.54684643936642 27.214138130130685 48.47336543045331
58.54690056379867 27.214154107665482 48.47334943180958
58.54686750771637 27.214144350139343 48.47335920170278
57.47083224065409 27.56076595246888 49.115554287945116
57.47084588312624 27.560744687238817 49.11553847297701
57.470859776414166 27.560723008065263 49.11552236192398
57.51106610109153 27.538975514178478 49.099062056080406
57.511121315673144 27.53892517942046 49.09902239798966
57.54738848937551 27.486224190176294 49.05788213762203
57.54739428449111 27.486221635833523 49.05787971915949
58.54667477037377 27.21408745312205 48.47341617467583
58.54664603402577 27.214078974175493 48.473424661479875
58.54660531389874 27.214066952462645 48.473436700014055
58.54675122683932 27.214110020080973 48.4733935803896
57.470803506187025 27.5608123041995 49.115587960287044
57.47081790238323 27.560789831957962 49.11557126411695
57.47083235154254 27.560767269580673 49.11555450479261
57.511005334015394 27.53904123558064 49.09911153324042
57.51106230092107 27.53898914949285 49.0990705296353
57.51111635333808 27.53894008654633 49.099031826203
57.51112742539327 27.538930141846606 49.09902395769923
58.54662739824732 27.214073468001416 48.47343017899344
58.546601192526026 27.21406573574339 48.473437918415456
58.546569731188086 27.214056447414315 48.473447219797706
58.546705632074975 27.21409655932623 48.4734070599074
57.47077403973168 27.56085984641137 49.11562249265596
57.470788948671 27.560836562783848 49.11560519927518
57.47080386378853 27.560813264886356 49.11558789765681
57.47081884576667 27.5607898569616 49.11557051718418
57.51100072970642 27.539055958407463 49.09912078454255
57.511055958818915 27.539005758162027 49.0990811994619
57.51106142314825 27.539000831384328 49.09907730553148
58.54657663434011 27.21405848227468 48.473445184700836
58.54655783362266 27.214052934944625 48.47345073716376
58.45966812674182 27.189477543899955 48.49809144688078
58.546656520414814 27.214082061052096 48.473421577759844
57.468280094303466 27.68348925973803 49.19596425882648
57.46829798718831 27.68351770881671 49.19597974091104
57.46831548579417 27.683544310149486 49.19599413060659
57.46833264809241 27.683569118176045 49.19600745485545
57.46834950054449 27.683595799391096 49.196021966781515
57.46836332769166 27.683535651652374 49.195983392099436
57.46836431068169 27.683622892527968 49.196036963150966
58.28654140630941 27.34533403751535 48.66260607368431
58.28660290844853 27.34527895730608 48.662548356159675
58.107488836946345 27.50438910448481 48.82898592241425
58.54660574536121 27.214067071977965 48.47343658686641
57.46828401210611 27.683675562333484 49.196078453949504
57.46830232091359 27.683704513976664 49.19609419824032
57.46832019307909 27.683731252921092 49.19610863036545
57.468337686206354 27.68375560087503 49.196121634101395
57.46835484129497 27.683781597517946 49.19613569056093
57.46836779314924 27.683803836505156 49.19614791017127
57.9250512693251 27.662848166643855 48.99469996942767
57.92505121923779 27.66284817656343 48.9946999848178
57.92505116978106 27.66284819609307 48.994700003097144
58.10750419236864 27.504375422258956 48.82897172053167
57.468288317630034 27.68386999821302 49.196197609904594
57.468306945588346 27.683896496098768 49.196211808222436
57.46832522711519 27.683924048648965 49.196226694689926
57.46834305978861 27.68394798182304 49.196239404797254
57.468360529289335 27.68397372014773 49.19625326674675
57.468371393900284 27.683992221782177 49.1962634226945
57.92505095864584 27.662848280166212 48.99470008135478
57.925050947014455 27.662848282464925 48.99470008492719
57.92505093426105 27.662848287400166 48.99470008960894
57.925051472214804 27.662848128847386 48.99469990784185
57.468292887817626 27.68406891200644 49.196319491337576
57.46831194327406 27.684095546879632 49.19633372560078
57.468330604634005 27.684122728315742 49.19634834075242
57.46834879238167 27.684146640705706 49.19636099791374
57.46836658167862 27.68417245262375 49.196374868980556
57.46837666864283 27.684187956600923 49.19638326831715
57.92505115045455 27.662848246932853 48.99470002392387
57.92505069499337 27.662848381583515 48.994700177948076
57.45926564627182 27.818203916990072 49.27094176215236
57.45928461495818 27.818250237073343 49.27096601115764
57.45930257571615 27.818294022431488 49.27098894876801
57.459320461684605 27.818337953514657 49.27101189310753
57.45933103097089 27.818364064832267 49.27102549867044
57.925050809610646 27.662848371825625 48.99470014682855
57.925050641918794 27.662848401787848 48.99470019732583
57.92505039727291 27.662848493710026 48.994700286264106
57.92505135779142 27.662848209977142 48.99469996151676
57.45929931573589 27.818290293997023 49.270986100343805
57.45931855102343 27.8183373219955 49.271010707896636
57.4593366700619 27.818381522800905 49.271033856867234
57.45935430056036 27.818424707496753 49.27105643642686
57.45936729370639 27.818456844239766 49.271073173786775
57.92505044821095 27.66284850400902 48.99470027706896
57.925050304110755 27.66284852824662 48.994700319984034
57.92505003422625 27.66284862590988 48.99470041691249
57.92505100848608 27.66284833873142 48.994700087713554
57.45933430569002 27.818380161202093 49.27103220940896
57.45935368505572 27.818427563968925 49.271057008296836
57.45937184895524 27.818471867990663 49.27108021264334
57.45938940769709 27.818514844717768 49.271102690266
57.459405297231 27.81855409814991 49.271123143974094
57.92505008055504 27.66284863886068 48.99470040968433
57.92504993695751 27.662848660789262 48.994700451745224
57.92504961540277 27.662848775749517 48.994700566787266
57.92505064919885 27.662848471348134 48.994700217574604
57.45939046539459 27.81852221311093 49.271105533906265
57.45940852641525 27.818566209870433 49.27112858926964
57.45942572497805 27.818608142556812 49.27115055517727
57.48266750759882 27.89831687601565 49.307839912943344
57.45941564334076 27.818580467167713 49.27113671440452
57.48266772336703 27.898316714130786 49.307839975247035
57.94397262742224 27.74998938860626 49.026268914409286
57.943972142237776 27.74998621580037 49.02626771700466
57.94397260966168 27.749989357598338 49.02626890514637
57.9439730670757 27.74999079846563 49.02626940450277
57.92504953778829 27.662848803332967 48.99470059450307
57.94397320292525 27.7499901738583 49.026269125427476
57.48266466900397 27.898319114475967 49.307839120495544
57.4826657626367 27.898318275356225 49.30783943163242
57.4826668029933 27.898317477265696 49.30783972765025
57.48266770959144 27.898316787051307 49.30783998692648
57.482668231367306 27.898316393231823 49.30784013700392
57.9439838841935 27.75006463503366 49.02629735894075
57.94398147712546 27.75004886758682 49.026291407602116
57.94398379742228 27.750064443534285 49.02629729744106
57.94398437205765 27.750066320197 49.02629795178781
57.94398464793194 27.75006659816627 49.026298012966095
57.48266470212208 27.898319167203432 49.307839149465806
57.48266582147336 27.89831830715181 49.3078394676197
57.48266691231372 27.898317467508384 49.30783977729513
57.48266789281191 27.89831671622766 49.30784005650394
57.48266873517214 27.898316076115563 49.30784029770824
57.48266865288694 27.898316115882793 49.30784026845204
57.482668865998406 27.898315977813326 49.30784033544792
57.943995951122645 27.750145333011698 49.02632786526789
57.94399164848062 27.750117113911386 49.026317213125495
57.94399581980932 27.75014508326482 49.02632778846275
57.94399641285908 27.750146789262608 49.026328370060895
57.94399679218596 27.750147720657555 49.026328677177915
57.48266467126734 27.898319275430495 49.30783916184067
57.482665831233746 27.89831838202295 49.30783949100092
57.48266695672787 27.898317513934213 49.3078398100709
57.48266799184901 27.89831671756661 49.30784010402533
57.4826688944576 27.898316027604164 49.30784036146377
57.48266941747529 27.898315632105493 49.30784051171278
57.94400875889028 27.750231024441767 49.02636026036874
57.94400293494277 27.750192801334702 49.0263458311596
57.94400858689182 27.75023071261309 49.02636016597856
57.94400925442086 27.75023265300755 49.02636082879795
57.944009587709104 27.75023321887278 49.02636099611837
57.48266576474745 27.898318522807283 49.307839494544076
57.4826669172261 27.898317632540824 49.30783982092258
57.48266801399304 27.898316785268605 49.30784013151321
57.48266899840351 27.89831602768856 49.307840411010105
57.482669831389394 27.898315392146962 49.3078406488914
57.48266973862036 27.898315425593225 49.307840613058815
57.48267003962408 27.89831523583114 49.30784070899895
57.944022387422386 27.750322238620512 49.02639474418777
57.944015064829344 27.75027413970647 49.02637658572148
57.94402222731158 27.750322129729533 49.026394729972814
57.94402286029405 27.7503236558233 49.02639523103892
57.94402321580394 27.75032431478541 49.02639543199753
57.48266567774172 27.89831868323886 49.30783949322595
57.482666821427856 27.89831780027209 49.30783981724144
57.48266794429098 27.89831693140542 49.30784013486327
57.48266899990379 27.898316114971877 49.30784043356098
57.48266988121222 27.898315439272533 49.3078406844192
57.48267052305994 27.89831495275414 49.30784086851418
57.876455535000666 27.941621962945106 49.137944376140496
57.88970941080474 27.823686687803423 49.08410627985678
57.87642079207748 27.941613218350795 49.137956334614884
57.9354660023946 27.865281064759237 49.07814525049484
57.952446144168945 27.8444228762322 49.058823753343425
57.48266668458481 27.8983180045816 49.307839803155375
57.482667816123794 27.898317128383173 49.307840123076616
57.48266890194377 27.898316286819473 49.30784042987966
57.48266985829777 27.89831554897672 49.30784070094677
57.48267065964229 27.89831493563033 49.30784092930515
57.48267060907199 27.898314901702506 49.30784089672296
57.4826710022787 27.8983146772879 49.30784102792419
57.87642272670733 27.94162566203515 49.13795955854897
57.87640684767125 27.94161379229219 49.137962462783655
57.87637871769219 27.94161455743101 49.13797469736154
57.87648004584253 27.94164027653703 49.137939890400745
57.939180473290875 27.962348431550836 49.11266248410222
57.48266650488588 27.898318246854146 49.30783977814794
57.48266763116085 27.898317374642488 49.30784009655852
57.482668729125336 27.898316522690777 49.30784040654903
57.48266973879362 27.89831574054818 49.30784069193513
57.482670619932655 27.898315061088034 49.30784094177176
57.482671311066476 27.89831453455397 49.30784113933829
57.482671297756696 27.89831451351767 49.30784112773407
57.48267144513781 27.898314434122952 49.307841178091536
57.87632830653756 27.941614181867916 49.137996054433394
57.787210417237986 27.892129487677682 49.16380283146256
57.787196823033824 27.89212701694018 49.163808245545276
57.87638804670674 27.94162953233048 49.13797559415434
57.8763688957531 27.941614647899492 49.13797891173813
57.87644712033578 27.941644630653684 49.13795533584829
57.93916761846433 27.962363852732786 49.11267417961978
57.48266741914428 27.898317646220086 49.30784006348466
57.482668510407436 27.898316799199016 49.30784037151582
57.482669550714064 27.89831599129897 49.307840665055764
57.482670474781216 27.898315275901947 49.307840926355084
57.48267124975635 27.898314679830705 49.30784114647153
57.48267186766323 27.898314209477256 49.3078413232039
57.482671864923304 27.898314203679192 49.307841320447935
57.48267190587403 27.898314180780993 49.30784133423044
57.74504262927839 27.898044581111208 49.19195740595046
57.74501517672238 27.898041940104413 49.19197035354688
57.63137957446823 27.877396606942625 49.23761928810703
57.8763514006284 27.94163369752537 49.137992563406996
57.87641213604437 27.94164926430085 49.13797174944389
57.87647311783569 27.941664570338958 49.1379507456804
57.48266717840934 27.898317944467188 49.30784002339991
57.48266825389942 27.89831710960707 49.30784032695834
57.48266929109195 27.898316303431706 49.30784061944602
57.48267024440182 27.898315563205056 49.307840888466345
57.482671091704844 27.89831490703238 49.307841128007695
57.482671798385475 27.898314363079393 49.30784132862375
57.482672403648344 27.898313899543925 49.30784150103756
57.48267239921691 27.89831389145619 49.307841496902846
57.482672485257616 27.898313837474497 49.30784152439225
57.631259801848344 27.87739454075108 49.23768697178273
57.63125754966344 27.877394394419042 49.237688174402905
57.63122676784897 27.877393797672987 49.23770552638346
57.63135598326604 27.87739669945173 49.23763294526328
57.63134410392448 27.877395983008583 49.23763932471352
57.87631300289708 27.941638159702137 49.13801037562197
57.87637545056049 27.94165418140625 49.13798898010193
57.482668009308185 27.898317413304284 49.30784028639974
57.48266900331446 27.898316641350746 49.307840566872684
57.48266995691832 27.898315899788308 49.307840835698904
57.48267083268617 27.898315219237382 49.30784108270355
57.482671606010726 27.898314619736283 49.3078413011755
57.482672305869166 27.898314077902796 49.30784149907136
57.482672907564265 27.898313613817443 49.30784166964773
57.48267291711191 27.8983135681001 49.3078416627594
57.482673338883565 27.898313281179092 49.30784179193294
57.63107527227595 27.877391087186524 49.237791073457586
57.63107271891519 27.877390836784926 49.237792381792175
57.63099952523723 27.87738940350986 49.237833632376436
57.63117506133533 27.877393311165314 49.23773501023918
57.631166961437756 27.877392656262796 49.23773925153451
57.63127377450549 27.877395518947466 49.23767955654861
57.631371918487574 27.877397716627357 49.23762442432231
57.876336786784265 27.941659384557532 49.138007146731326
57.48266868752255 27.89831700553365 49.30784050752236
57.48266962707339 27.898316274110144 49.30784077218951
57.482670496762466 27.89831559713447 49.307841017192345
57.48267131349992 27.89831496094309 49.30784124716948
57.48267208015402 27.898314363436363 49.30784146296222
57.48267278210284 27.898313816522933 49.307841660583165
57.48267345184837 27.898313293907908 49.30784184893965
57.482673460608694 27.898313196721823 49.307841828800036
57.53536874392958 27.88524631483665 49.283153688221674
57.53537349136715 27.885245151569976 49.28315107776116
57.53541120697902 27.885236291030814 49.283129904800916
57.53541449394132 27.88523549066734 49.28312809165818
57.53545291919078 27.885226453470338 49.28310653165585
57.535455748129 27.88522576312004 49.28310497289323
57.535493848096394 27.885216809142182 49.28308358774453
57.53549636822453 27.885216196236303 49.28308219676065
57.63098170955608 27.87738973378555 49.23784411586103
57.63097462535439 27.87738891295688 49.23784766355003
57.63108483988238 27.877392019325796 49.23778616704536
57.63118682214284 27.87739428358645 49.23772886604178
57.63128831916379 27.87739654080935 49.23767184011709
57.790780755427335 27.939685606619157 49.1860224319832
57.48266925836204 27.898316683252105 49.307840698873235
57.48267011243612 27.89831601736349 49.30784093920998
57.482670959082974 27.89831535536495 49.307841176981206
57.48267176394819 27.89831472534207 49.307841402844986
57.48267252253027 27.898314131004458 49.30784161558465
57.48267326238403 27.898313550126076 49.30784182276831
57.53536100530937 27.88524828497178 49.283157859124145
57.53540467287206 27.885237959260493 49.28313342109292
57.557736062789814 27.91732561094497 49.28301543446402
57.557763998082095 27.917317694803614 49.282996277934586
57.63098953550964 27.877390667540926 49.23784021430711
57.6310952966147 27.87739299803485 49.23778077855439
57.63120037223196 27.877395315554125 49.23772172942224
57.48266971410031 27.89831645219514 49.307840858206
57.48267054448944 27.89831580161254 49.30784109108717
57.4826713631966 27.898315158686394 49.30784132031792
57.482672180942295 27.898314514859344 49.30784154886518
57.48267296710749 27.89831389495802 49.307841768351466
57.53535283461155 27.885250421731733 49.283162198335425
57.55806379890573 27.932967626730026 49.28845138600927
57.55809304216609 27.932957244928907 49.288430681923074
57.55812191137754 27.932946473311347 49.28841014586021
57.55815064258514 27.932935113300005 49.288389589442005
57.4826709875115 27.898315574748565 49.30784124541026
57.505679216019125 27.948704584832758 49.31397093759052
57.52799928971424 27.980854385299892 49.31387798827221
57.52800353365497 27.980871866850563 49.31387801380444
57.55805246639751 27.933026303611427 49.28846953271264
57.55808281500326 27.93301412066741 49.28844778511253
57.698489268454935 27.40432048162605 48.96681060383007
57.69849266362924 27.40431870575666 48.96680786331958
57.69850142969699 27.404314179012935 48.966800803454674
57.69850041243811 27.404314720260178 48.96680162706024
57.69849695748268 27.40431647335629 48.966804401101015
57.69851754780709 27.404305690167824 48.96678777742402
57.69851420279236 27.40430749392815 48.96679049219367
57.698540264098966 27.404293574064873 48.96676937752525
57.698534221511196 27.40429682780499 48.96677428034118
57.69854799968819 27.404289467686986 48.966763117118695
57.69854405304787 27.40429159298697 48.966766319375054
57.69849388011281 27.40431813740338 48.966806899909955
57.698507391044885 27.404311078667824 48.9667959964289
57.69852253078398 27.40430311599173 48.96678376404805
57.69854230559859 27.404292593808613 48.966767753528146
57.69854816625401 27.404289437321143 48.966762998133916
57.69855233636426 27.40428725355607 48.966759631414604
57.69849836149357 27.404315883768042 48.96680330726177
57.69851554100907 27.404306807113176 48.9667894155967
57.69853285129326 27.40429765527009 48.9667754165284
57.69855071001095 27.404288197643243 48.96676096962136
57.69855658164825 27.404285032123433 48.96675620446694
57.69855159556536 27.404287728833474 48.96676025329157
57.69848575748618 27.404322660128805 48.96681353100276
57.698504098624056 27.404312952406222 48.966798695306295
57.698522218983356 27.404303363877553 48.966784038829374
57.69854000155004 27.404293957893703 48.96676965660781
57.698549302141686 27.40428903834958 48.96676213444193
57.69847124874764 27.40433048732235 48.96682530706316
57.69849038987385 27.404320347298288 48.96680982185689
57.69850946188692 27.404310242967057 48.96679439231265
57.69852783259718 27.40430052192953 48.96677953333261
57.69853832664347 27.40429497823642 48.96677104786228
57.69843543319495 27.40434963941471 48.966854330619455
57.69845527191268 27.404339124510507 48.96683827960805
57.698475181252974 27.404328569111744 48.96682217062313
57.69849481004865 27.404318166305707 48.96680628968205
57.698513761156114 27.404308133794167 48.96679096006754
57.69852043848148 27.40430460764783 48.96678556114261
57.600591103364096 27.451839639090174 49.02942305292439
57.69843812949205 27.404348405890815 48.966852202394385
57.69845871146191 27.404337487416242 48.9668355474119
57.69847859707396 27.40432695140599 48.96681945948086
57.69850318869613 27.40431386729972 48.96679954937137
57.69849361828484 27.404319004643433 48.96680731021803
57.60055962394831 27.451855233003865 49.02943925565838
57.6005807716709 27.45184501610408 49.02942859223414
57.69842080393437 27.40435778838105 48.966866274454034
57.698441524159 27.404346802788403 48.96684950929126
57.69846147027175 27.404336242134434 48.96683337443294
57.698463940407485 27.404334936067876 48.966831376766834
57.600548787586604 27.451860863790134 49.029445057953986
57.60057052741373 27.451850355861662 49.029434091719125
57.6005919526819 27.45183999373191 49.029423278818726
57.698424053735096 27.404356274379314 48.9668637019148
57.69845741039258 27.404338444950852 48.96683667307526
57.69843618197439 27.40434985696155 48.96685389219707
57.60053799281546 27.451866480057035 49.02945084404462
57.60056001741015 27.451855834440327 49.02943973412489
57.60058181116963 27.45184529239958 49.02942873380608
57.60060238476167 27.45183534771619 49.029418355467925
57.698411539334764 27.404363128189672 48.96687388719751
57.600526833262194 27.451872284847 49.029456824580265
57.60054941655862 27.45186136497341 49.02944542923513
57.60057137510884 27.451850744319337 49.029434346678585
57.60059238386173 27.451840585676738 49.02942374573247
57.60059260754093 27.451840478969224 49.02942363410556
57.6005150641907 27.451878399631138 49.02946312573103
57.60053829600919 27.45186716068486 49.02945139845413
57.6005607685848 27.451856287416884 49.02944005304993
57.60059128684327 27.451841158079237 49.02942433515436
57.60057887781535 27.45184752883717 49.0294309134983
57.60047831755746 27.451896614111664 49.02948204925664
57.60050259242582 27.451884871644268 49.0294697963775
57.600526524672745 27.451873287737833 49.02945771030277
57.600549602915805 27.451862116156747 49.029446054623186
57.60056503846229 27.451854646125994 49.0294382605323
57.600464425410614 27.451903795903302 49.029489456258986
57.600489466691535 27.45189167587987 49.02947681069686
57.60051418613468 27.45187970386553 49.02946432102247
57.600537886662195 27.451868225611364 49.02945234640474
57.60054968123103 27.451862515225603 49.029446388747516
57.60044957413842 27.451911461338035 49.02949736421955
57.600475639475896 27.451898835669724 49.02948419296937
57.600501198030585 27.451886449777216 49.029471272928674
57.60052545668468 27.451874696504078 49.02945901228625
57.600533181316315 27.451870953827402 49.029455108064546
57.60040719654024 27.451932468479733 49.029519188838734
57.600434390284576 27.451919297988898 49.02950544889184
57.60046146281923 27.451906175397703 49.029491760948005
57.60048780251916 27.451893404513065 49.02947844052331
57.60051282750135 27.451881272942394 49.029465786571535
57.6005171024659 27.451879200358476 49.02946362477549
57.60039073163573 27.451940945149303 49.02952793751952
57.600418744492906 27.45192737134693 49.02951377806414
57.60044669410011 27.451913816638545 49.02949964069886
57.600473717578225 27.45190070898748 49.02948596999995
57.6005027521087 27.451886509418323 49.029471182352836
57.60049797184497 27.45188894624058 49.029473701655846
57.600373941002424 27.451949590282343 49.02953685993381
57.60040282953817 27.45193558530984 49.02952225199384
57.6004315349906 27.451921658732005 49.029507727771104
57.60045929868828 27.451908186357514 49.02949367774907
57.60048019884774 27.451898045157137 49.029483101611376
57.60035704918474 27.45195829222186 49.02954584014343
57.60038673885384 27.45194389325686 49.029530822301965
57.60041622449299 27.45192958288208 49.029515898804576
57.60044460655001 27.45191580604116 49.029501532089
57.60046218363059 27.45190727442432 49.02949263510099
57.600339775352396 27.451967191925814 49.029555024270586
57.60037029322531 27.45195238566854 49.02953958268836
57.60040047781152 27.451937731658923 49.029524301661446
57.60042942741265 27.45192367521054 49.02950964413943
57.600445706270555 27.451915769335518 49.029501400515585
57.60032217261937 27.451976262739592 49.02956438468321
57.600353478172266 27.451961069254498 49.02954854020986
57.60038431894461 27.451946092566352 49.02953292346949
57.60041411555413 27.451931618500993 49.02951783166455
57.600429361632806 27.451924212413505 49.029510109514575
58.546589090400985 27.214062173065727 48.4734414775976
58.54658829229716 27.21406193757948 48.47344171330022
58.54658626986571 27.21406134052087 48.473442311178175
58.54665123005273 27.214080516027735 48.47342311095497
58.54664167128335 27.21407769533394 48.47342593449834
58.54671298417027 27.214098745112643 48.473404858395874
58.54670220747815 27.214095565101168 48.47340804155449
58.54674364587621 27.21410779606969 48.47339579579673
58.54672205151758 27.214101422918702 48.47340217611732
57.60030432367091 27.451985464291077 49.02957387932495
57.600336217532345 27.451969981773633 49.029557734093935
57.600367809234044 27.4519546354948 49.02954173289258
57.60039826050478 27.451939838441135 49.02952630524821
57.600413866776194 27.45193225416942 49.029518397912454
58.459668104872065 27.189477558679666 48.49809142386733
58.45966809844144 27.18947756191101 48.4980914197387
58.45966809732303 27.18947756142071 48.49809142151169
58.546615923022316 27.21407008996726 48.473433553635026
58.54668733664869 27.21409116871849 48.47341244915813
58.54679567868088 27.214123152407797 48.47338042228519
58.54676126078331 27.21411299308415 48.473390594331875
57.600285650006896 27.451995081095347 49.029583804197
57.6003182766013 27.45197923784759 49.02956728373954
57.60035066415442 27.451963499613147 49.02955087485972
57.60038181960191 27.45194835483464 49.02953508571187
57.600397831832204 27.451940569702444 49.029526969629686
58.45966810067538 27.189477558391577 48.498091426847
58.459668095313376 27.189477561095742 48.498091423381275
58.45966809425771 27.18947756083573 48.49809142457475
58.54657195860024 27.214057110063457 48.47344655202074
58.546645438807886 27.21407879855441 48.47342483726046
57.54741073980135 27.486214381843567 49.057872851977145
57.60029978565291 27.451988774680157 49.02957712357928
57.60033282073298 27.451972717047383 49.029560382579874
57.600364766414174 27.451957181958058 49.02954418767186
57.60038119396448 27.451949191218187 49.02953585793091
58.45966809259393 27.18947755994929 48.49809142758413
58.45966809137687 27.189477560566427 48.49809142678954
58.45966809099886 27.18947756056246 48.498091427005924
58.45966811287372 27.18947755224185 48.498091434726284
58.54659869025744 27.21406499742738 48.47343865741289
57.511166877152235 27.538894638280752 49.09899588193631
57.54742191702675 27.48620975634649 49.0578681621902
57.60031438660022 27.451982233515565 49.02957019982932
57.60034713688471 27.451966300814743 49.02955359160896
57.60036398790561 27.451958100317512 49.02954504391822
58.286840211732496 27.34506643247456 48.66232565750329
58.10760912848657 27.504281678338838 48.82887420703656
58.54654858902675 27.214050207241264 48.47345346738908
57.51110867513297 27.538958065207247 49.09904354151726
57.511159672481526 27.53891203241062 49.0990071708122
57.54493434542224 27.608949089597427 49.13828197506456
57.544952284596924 27.608943841919036 49.13827544942743
57.60034625609734 27.451967274663808 49.029554504624244
57.92505089950026 27.662848233921416 48.994700081173356
58.107506783543045 27.50437304213483 48.828969188424
57.92505058848427 27.662848324876997 48.99470018603613
58.28668527122712 27.34520519461436 48.66247106214105
57.46836601386242 27.683626197100104 49.19603880394448
57.468382025426564 27.68365495537541 49.196054689054655
57.54486689747284 27.609224619101507 49.13846415163919
57.54488749878164 27.609209349193442 49.13845096112834
57.54490640561987 27.6092001292084 49.13844180992144
57.544915615053114 27.60919713567054 49.13843827525946
57.92505061746638 27.66284833616764 48.99470018252429
57.92505050161341 27.66284835732941 48.99470021755751
57.92505033481417 27.662848418750144 48.99470027779911
57.925051074672766 27.66284820292758 48.994700028520015
57.46837162016534 27.683810583819984 49.196151629205616
57.4683878701848 27.683837628111974 49.19616643267673
57.46840365991416 27.683863406703473 49.19618050937627
57.54483885052957 27.609479975874493 49.138626666693014
57.54485916607838 27.609464531708895 49.13861342122642
57.54486890783737 27.60945926639108 49.13860838885827
57.925050311907185 27.662848446531022 48.994700292198885
57.925050216646646 27.66284846217915 48.994700320450164
57.9250500479934 27.662848523502667 48.99470038111437
57.92505077896581 27.66284831058357 48.994700134927875
57.46837759428505 27.684002948277833 49.196269321837185
57.468394050907506 27.684026216703558 49.196281778526156
57.468410048698594 27.684049398624445 49.196294233877026
57.468425531020046 27.684069695710775 49.196304972389584
57.46844049127964 27.684091037049026 49.196316412507414
57.544820524766195 27.609731076519527 49.138784775088254
57.92504998973435 27.662848562783005 48.99470040780116
57.92504990305022 27.662848575570678 48.99470043304922
57.92504971180911 27.66284864369552 48.99470050139115
57.925050459703236 27.662848426389175 48.994700249677095
57.46838388084431 27.684198756725557 49.1963890983355
57.468400569893035 27.684220400006318 49.19640052873248
57.46841676799009 27.684240275724626 49.19641092701311
57.46843244152314 27.68425767429784 49.19641986034888
57.46844756856255 27.684276684440803 49.19642984714261
57.46845579988306 27.68428792322087 49.19643583182378
57.92504964023303 27.662848688448705 48.99470053306776
57.92504956119582 27.662848697708057 48.994700555328414
57.92504934558535 27.662848774169692 48.994700632269975
57.92505012400373 27.662848548001712 48.994700370284896
57.92505060925882 27.66284840675047 48.99470020688433
57.45933803431893 27.818381369143168 49.27103451470831
57.45935424764203 27.818421251302045 49.271055331866826
57.4593697677756 27.81845948046903 49.271075275253125
57.45938452983236 27.818495871637296 49.27109425364027
57.45939903715157 27.818531909647273 49.271112990183326
57.45940853898284 27.81855571338799 49.271125324352994
57.92504927528041 27.662848819687525 48.99470066387789
57.92504918959513 27.662848828675457 48.99470068767836
57.92504890409421 27.662848927641722 48.9947007888384
57.925049761730065 27.662848678918845 48.99470050033803
57.92505025855645 27.662848534344313 48.99470033305528
57.459371972096584 27.81846843479272 49.271079206326455
57.45938796976698 27.81850771177654 49.27109972331395
57.45940333033661 27.818545514223864 49.27111945116282
57.45941774451305 27.81858092818699 49.271137945027604
57.45943191211711 27.81861603782096 49.271156216490645
57.482670273572865 27.898314690897926 49.3078406841358
57.92504888380029 27.66284896014121 48.9947008040935
57.92504878968322 27.662848967243058 48.99470082935862
57.92504838884311 27.662849103936225 48.99470097067227
57.925049386044776 27.66284881473584 48.99470063522266
57.92504989921231 27.662848665378277 48.99470046242899
57.45940683769524 27.818557909028332 49.271125128586405
57.459422699401074 27.818596823419114 49.27114546223066
57.4826687991147 27.898315842402674 49.30784026970474
57.48266953993492 27.89831528071568 49.30784048215006
57.48267018374 27.898314796834462 49.30784066783739
57.482670680917415 27.89831443165631 49.30784081336019
57.4826704201393 27.89831459437792 49.30784072982078
57.482670792573344 27.898314351869413 49.30784084659821
57.92504793106425 27.66284926485665 48.994701133582645
57.925047909228816 27.66284926521095 48.99470113903464
57.92504778087935 27.66284930854201 48.994701184144645
57.92504846619809 27.662849109631864 48.994700953559104
57.92504836230364 27.662849112966413 48.99470098002218
57.92504898757664 27.662848958521064 48.99470077820224
57.9250495126034 27.6628488058194 48.99470060144938
57.482668259615096 27.898316310640254 49.30784012980031
57.4826690339938 27.898315723880756 49.30784035196214
57.48266980119037 27.89831514037394 49.30784057151578
57.482670481613745 27.89831462610391 49.307840767047445
57.48267102841696 27.8983142196617 49.30784092589131
57.53501064925467 27.882603617835173 49.282351997374754
57.94397001486743 27.749976582164102 49.02626420388529
57.92504742215428 27.662849430260504 48.99470131041684
57.94396956178276 27.749974396514666 49.0262634012998
57.94397102890299 27.749981784427234 49.02626612625734
57.94397199468507 27.749986701273976 49.02626794177772
57.48266848566249 27.89831620178107 49.307840210267216
57.48266924900447 27.898315624166777 49.30784042945848
57.482670017480245 27.89831503955756 49.30784064934579
57.482670736351785 27.898314493373533 49.307840855212085
57.482671340111324 27.898314039636524 49.30784102936095
57.53500938303611 27.88260365120822 49.282353115470436
57.53501497980419 27.882602656745433 49.28234975769844
57.53502504660132 27.88260044431347 49.28234451072161
57.94398151321866 27.75005363119358 49.02629333509614
57.94397396433983 27.75000404256386 49.02627461413191
57.94398086687759 27.750050528584083 49.02629219639071
57.943982465425314 27.750058360218382 49.026295076895266
57.943983338611176 27.750062591334206 49.026296631325245
57.48266945144339 27.898315537330625 49.307840504186686
57.48267020794986 27.898314962473066 49.307840720810816
57.48267094495414 27.898314401120565 49.30784093152171
57.48267159052198 27.898313912589785 49.30784111688571
57.482672128862376 27.898313510047288 49.30784127267307
57.53503641729731 27.882597900671662 49.282338667643806
57.53503847490438 27.882597541433 49.28233742127466
57.53504416588018 27.88259631938366 49.2823344013876
57.94399266962452 27.75013014218662 49.026322311908515
57.94399241777117 27.750128489603316 49.026321688069004
57.94399265621915 27.75013010289746 49.02632229846696
57.94399368659187 27.75013522141595 49.026324183773504
57.9439834954961 27.75006823643843 49.0262988941174
57.94399466345648 27.750140063434845 49.02632596683357
57.94399550571459 27.750144030452002 49.026327419821556
57.48266963523416 27.898315468350113 49.30784057449695
57.48267037058568 27.898314910690992 49.307840785344396
57.48267109431623 27.898314359965276 49.30784099238956
57.48267177026169 27.898313846022447 49.30784118586958
57.48267236347054 27.898313397846337 49.30784135638274
57.53502875076212 27.882599270624873 49.28234325272199
57.53506421556415 27.882592020873247 49.28232374931207
57.53506509457867 27.88259187033998 49.28232321137142
57.53506908271238 27.882591028826525 49.28232106726067
57.78718621372536 27.892125088231772 49.163812550234276
57.88959183492854 27.82360446296515 49.084122759013084
57.7871280019139 27.892114508224136 49.16383574226374
57.88965207017627 27.82360054534164 49.084094143622636
57.94400758824942 27.75022666470568 49.02635870944704
57.944008347993176 27.75023001459872 49.0263599273133
57.48267049308343 27.89831489474065 49.30784083971831
57.48267119428931 27.898314362097693 49.3078410405554
57.48267186480671 27.8983138520993 49.307841232436004
57.48267248788363 27.898313378794313 49.30784141089326
57.535020537212986 27.882600780464664 49.28234808612501
57.53505747820395 27.8825932062666 49.282327813333055
57.535093095019306 27.88258593688323 49.28230820492048
57.53509428108548 27.88258574133977 49.28230746490385
57.53510426352031 27.8825836622784 49.282302047100615
57.63137748803808 27.877394258076173 49.2376189588156
57.631377052306036 27.877394239531014 49.237619197856276
57.63137402282464 27.87739417958812 49.23762090481103
57.7870850505644 27.892106701911594 49.163852837101246
57.787061557125114 27.892102431906444 49.163862208488666
57.787227736899304 27.892132635174995 49.163795990564594
57.88964564987683 27.82368208548187 49.08413273675579
57.8897103618935 27.8236509636711 49.08409020293733
57.4826705919124 27.898314900982275 49.30784088836706
57.48267124592789 27.898314406493764 49.30784107626547
57.482671901890726 27.89831390778808 49.30784126403667
57.4826725375288 27.89831342348384 49.30784144572698
57.48267312951455 27.89831297274826 49.30784161501708
57.53504997733678 27.8825945869012 49.282332223975104
57.53508722212787 27.882586956160225 49.282311773711385
57.53512321553947 27.882579608623317 49.282291960381926
57.53512574371048 27.882579204553018 49.28229035915684
57.53515811879297 27.882572502886415 49.28227271112584
57.53515847686287 27.882572451641643 49.282272473146705
57.53516880474788 27.882570328881748 49.282266815014154
57.63122014137187 27.877391160901286 49.23770762599844
57.63121889140656 27.877391053184223 49.23770827617042
57.631182568808754 27.87739029339874 49.23772871526438
57.631305371941295 27.877393130195568 49.23765978749667
57.63129971466833 27.877392715344982 49.23766277753088
57.63138968915811 27.877395079175123 49.23761246215892
57.78712485721664 27.89211393688542 49.16383695984222
57.78727099857834 27.89214049809251 49.16377873815027
57.876398673269534 27.941607591837666 49.13796392857971
57.48267127054042 27.898314475712194 49.30784110530885
57.48267188777052 27.898314007937834 49.30784128236401
57.48267250794069 27.89831353546869 49.307841459645445
57.48267311228452 27.898313073765458 49.30784163207974
57.535041877182934 27.88259612498581 49.28233689882342
57.53508031378304 27.88258823755564 49.28231581756628
57.53511783782652 27.882580552167887 49.282295209170336
57.53515421464658 27.882573124475122 49.28227518831828
57.535189561367815 27.882565922236243 49.282255706121646
57.53519156915071 27.882565659759763 49.28225432520409
57.63096156524138 27.877385792390335 49.23785315569535
57.630959489163715 27.877385332172565 49.237854052115864
57.63105213013226 27.877387873771774 49.23780231584641
57.63104841871393 27.877387361114543 49.237804120599804
57.63114100809808 27.877389920287246 49.237752425521634
57.63113485894013 27.877389289439797 49.237755558192575
57.63122909842261 27.877391947257593 49.23770297640885
57.631316209489725 27.877393952074357 49.237654077245196
57.631402095761395 27.8773959325959 49.237605868150254
57.78716684810652 27.89212156884974 49.16382021154603
57.8763640426329 27.941610815479955 49.13797973277953
57.482671858795825 27.898314122656764 49.30784129725873
57.48267244914625 27.898313673594444 49.30784146618829
57.48267305210796 27.898313212058405 49.30784163800591
57.535033542787744 27.88259773331385 49.2823416606645
57.53507313747757 27.88258959663065 49.282319965941376
57.535111855862716 27.882581653872705 49.28229872546464
57.53514946548645 27.88257396043977 49.28227805232951
57.53518616748205 27.882566464095504 49.28225785672691
57.63096398050979 27.877386497278156 49.237852223342806
57.63105672139663 27.877388614997592 49.23780015305293
57.63114773863387 27.877390697951242 49.237749053518776
57.63123779202485 27.8773927600108 49.2376984958729
57.63132708271719 27.87739480323613 49.23764836552688
57.744973106433264 27.89803786114603 49.191990156545316
57.48267239268639 27.89831381259671 49.30784147406273
57.48267298473107 27.89831335888529 49.307841642636426
57.535025212689476 27.88259935236775 49.28234639843602
57.53506580441099 27.882591006208962 49.282324165998105
57.535105497970264 27.882582858966828 49.28230239884811
57.53514438281414 27.882574888703374 49.28228105462941
57.53518211258901 27.88256717554275 49.28226030637686
57.630966055077316 27.8773872329595 49.23785150743572
57.63106106676091 27.877389386700465 49.237798151859906
57.63115449650382 27.877391508332675 49.23774568709845
57.631247157868984 27.87739361302792 49.23769365414731
57.63133980927746 27.877395711061997 49.23764162259068
57.48267291961329 27.898313506548273 49.30784164855248
57.482673498238725 27.89831306055132 49.30784181266252
57.53505878003375 27.882592354010175 49.282328193815715
57.535099521171006 27.882583985740943 49.2823058634335
57.53513939627134 27.882575808134526 49.282283983827476
57.535178128343475 27.882567884488584 49.2822626948397
57.63096942366005 27.87738801329968 49.23785007484508
57.63106723255521 27.877390210117518 49.237795135184484
57.63116376077494 27.87739238069946 49.23774091653348
57.48267345452038 27.898313192236056 49.307841824777014
57.53537563463081 27.885244633319466 49.283149891366214
57.53541681670643 27.885234929982282 49.28312680479522
57.535457515394 27.8852253344525 49.283103996153315
57.53549725079553 27.885215985604898 49.283081705049156
57.630974033047195 27.877388838022995 49.23784795605924
57.69854379043679 27.404291737755784 48.96676653336735
57.69854766473986 27.404289715174464 48.96676340717707
57.69855546525031 27.404285722877397 48.966757134700345
57.69855497568523 27.40428598417821 48.96675753129161
57.69855172326818 27.404287621572642 48.966760139188
57.698570678862396 27.404277716848227 48.96674484140672
57.698568420454414 27.40427894256463 48.966746676452026
57.69859280433915 27.404265934261208 48.96672692507218
57.69858737293016 27.404268866648103 48.966731334102434
57.69860036482348 27.404261930039457 48.966720808885235
57.69859684397655 27.404263831045185 48.966723667020005
57.69856553528855 27.404280408023087 48.96674899340314
57.69857627766885 27.404274858863594 48.96674034138286
57.69859606616262 27.40426432977437 48.966724319889224
57.698601285410255 27.404261510909585 48.966720082805615
57.69859835947436 27.40426311240311 48.96672246391799
57.69855671519497 27.4042851380726 48.966756144567874
57.69857131297012 27.404277478036555 48.966744354869164
57.698585946121185 27.404269792644556 48.966732534748886
57.69859616159641 27.404264376437155 48.966724269170264
57.698544872254686 27.404291531531484 48.966765758127764
57.69856137095307 27.4042828342386 48.96675242233941
57.69857762933761 27.404274264156683 48.96673928093938
57.698593475620896 27.4042659070113 48.966726471465805
57.69853125309625 27.404298902723447 48.96677681867216
57.698549005931156 27.404289523153697 48.96676246340899
57.698566460827266 27.40428030303383 48.966748349619294
57.69858279804838 27.404271691804038 48.96673514460812
57.69859111203607 27.40426719099002 48.96672839229271
57.698583583082026 27.404271278651223 48.966734510255314
57.69849748501897 27.404316961930753 48.966804183573856
57.69851622304422 27.404307051675293 48.966789028897665
57.698535040642696 27.40429709329974 48.966773808221106
57.69855334215385 27.404287414834812 48.966759006834586
57.69857816975513 27.40427420131528 48.966738904617955
57.69856886832972 27.404279223689393 48.96674645535391
57.69848075913243 27.404326039483898 48.9668177739692
57.69850043394763 27.404315620149987 48.96680185793723
57.69851991045337 27.404305306071546 48.96678610239269
57.69853867824915 27.40429537800423 48.96677092307604
57.698547223780054 27.404290865162853 48.966764013583486
57.69844400101451 27.404345722491144 48.96684756866925
57.69846418475899 27.40433503390048 48.96683124100759
57.69848444778944 27.404324298008504 48.96681484775961
57.698504197374746 27.404313840987463 48.96679887176221
57.698526472805895 27.404302012481672 48.96678084324668
57.698520491834984 27.40430522589345 48.96678569412019
57.69842682136316 27.404355043027817 48.96686152686989
57.69844768162953 27.404343989536084 48.966844650126276
57.698468225805065 27.404333106978847 48.966828030050266
57.69848811433589 27.40432258124713 48.966811942979554
57.69849413052044 27.404319401448475 48.966807077858356
57.69840950493372 27.404364439401903 48.966875596644904
57.69843088684115 27.404353106908047 48.966858297167335
57.69845197029895 27.404341935375697 48.96684123991462
57.69847562940814 27.40432936774429 48.966822090333295
57.69847021165433 27.404332287879498 48.96682648694936
57.60058207689151 27.451845982086073 49.02942929937569
57.60060252421047 27.451836093069602 49.029418980143966
57.698414170482835 27.404362181592276 48.966871880447904
57.69843561296112 27.404350821168194 48.96685453310104
57.69844956452884 27.404343441953458 48.96684324942771
57.60057153393767 27.451851503406736 49.02943498133355
57.6005927404501 27.45184123882519 49.02942427177905
57.600614244773006 27.45183081528557 49.029413399162834
57.69841908095405 27.40435980396627 48.96686796881424
57.698431070449274 27.404353459517434 48.9668582711961
57.600560457660464 27.451857296770527 49.02944094451175
57.60058247986433 27.45184662862954 49.02942981554847
57.60060467074956 27.45183586567519 49.02941859013974
57.698402395937684 27.404368872100633 48.96688152947819
57.698413567329254 27.404362959282203 48.966872493227754
57.60054903041558 27.451863271682228 49.02944709491175
57.6005719688459 27.451852150306294 49.02943549490149
57.60059482455025 27.451841058723787 49.02942392790508
57.60061658567702 27.451830498917104 49.02941291536679
57.69839642704778 27.404372276051348 48.96688642423388
57.60053715095904 27.451869477683587 49.02945348412193
57.600560983315006 27.45185791425056 49.02944142465491
57.600584560129505 27.451846466132817 49.02942948707829
57.60060702199317 27.451835559359893 49.02941811399862
57.60061743742771 27.45183050492848 49.02941284291249
57.60049929172918 27.451888306502134 49.029473034349266
57.60052476829057 27.451875941218645 49.02946013940176
57.60054939245718 27.451863986312624 49.02944767303707
57.60057382839092 27.451852113435073 49.029435293966145
57.60059680161898 27.45184095312493 49.02942365749167
57.60060769014926 27.451835664234235 49.02941814281132
57.60048563533128 27.45189540733581 49.029480350644555
57.60051189581428 27.451882654881906 49.02946705319738
57.60053744687556 27.451870241831244 49.02945411061537
57.600562514111914 27.45185805672011 49.02944140702974
57.60058630506579 27.45184649148583 49.02942934979416
57.60059746792261 27.451841066237755 49.02942369351817
57.60047149645848 27.45190275377429 49.02948792091948
57.600498670530826 27.45188955017091 49.02947415444892
57.600524968066146 27.451876768113003 49.02946082831075
57.600550719017036 27.451864244762035 49.02944777319676
57.60057534054203 27.451852268294576 49.02943528863473
57.60058678455036 27.45184670319461 49.02942948715308
58.459668062880446 27.189477579775748 48.49809139691824
58.45966806247375 27.189477579982302 48.49809139665194
58.459668062365665 27.189477579947557 48.49809139679335
58.459668069523204 27.189477578469756 48.4980913963729
58.45966806667441 27.18947757998545 48.49809139434464
58.5465887023107 27.214062067337824 48.47344157612196
58.54655598712245 27.21405241058767 48.47345124498632
58.546597517061734 27.214064668366618 48.473438972559336
58.546561786855015 27.21405412192513 48.47344953200604
58.546605353822066 27.214066981577027 48.47343665646032
57.600457272107526 27.451910151426873 49.029495542776594
57.6004850378353 27.4518966555481 49.02948147247022
57.60051213758868 27.451883476984758 49.02946773418285
57.60053859321151 27.451870604981963 49.02945431672757
57.60056385622958 27.451858310385507 49.0294415016811
57.600575589329374 27.451852601381916 49.02943555080566
58.45966806278851 27.18947757757747 48.498091402172456
58.459668058366205 27.18947757983412 48.498091399251635
58.459668057432076 27.18947757950265 48.49809140054776
58.45966807507333 27.189477573597443 48.49809140486815
58.54656209704869 27.21405420905774 48.47344944844524
58.54662331817238 27.21407228077457 48.47343135348562
58.54665014405144 27.2140802002315 48.47342342318664
57.600442337208115 27.451917907923974 49.029503536226514
57.60047101493406 27.45190396178235 49.02948899779993
57.600498736221496 27.451890475584253 49.02947493982042
57.600525907301176 27.451877249484657 49.02946115438513
57.600551700117386 27.451864691445927 49.02944806579437
57.600563897283344 27.451858752383437 49.02944187591024
58.45966805995222 27.189477576655364 48.4980914059082
58.45966805446273 27.189477579461176 48.49809140227166
58.45966805309264 27.18947757924405 48.49809140353577
58.45966807609921 27.189477570834434 48.49809141084724
58.459668091177164 27.18947756554853 48.49809141510502
58.546695500764834 27.214093586801326 48.47341002120298
58.546662547559464 27.214083859500384 48.47341976095078
57.600427179891156 27.45192578265593 49.02951165104588
57.600456560171274 27.451911489332133 49.02949675172769
57.600484959857624 27.451897667295363 49.029482344757376
57.600512782073565 27.451884118570053 49.02946822411384
57.600539202864326 27.451871248535 49.02945481151448
57.600551703552725 27.451865158281482 49.02944846469015
58.45966805257831 27.189477577900657 48.4980914069975
58.45966805048289 27.189477578981474 48.498091405586194
58.45966804983205 27.189477578951937 48.49809140601247
58.45966807089159 27.189477571040516 48.49809141321057
58.459668088147396 27.189477564720015 48.498091418725124
57.60041148931907 27.451933927684905 49.02952004558621
57.600441584461706 27.451919280906814 49.0295047788916
57.60047075492646 27.45190507746921 49.029489975552764
57.60049924190251 27.451891199203267 49.02947551254663
57.60052638731348 27.451877969525974 49.02946172639036
57.60054024827809 27.45187121263624 49.02945468557843
58.286780478315634 27.345119930463746 48.662381703075624
58.10756251616768 27.504323245142366 48.828917381566335
58.45966808114238 27.18947756577856 48.498091420054564
57.600395203748306 27.451942374673777 49.02952875254853
57.60042602824643 27.45192736708595 49.029513110867256
57.60045598134383 27.451912776288726 49.02949790498437
57.60048526907592 27.451898501616803 49.029483030047274
57.6005132400723 27.451884862686292 49.02946881871189
57.60052955185684 27.451876906477523 49.02946052904613
57.92505017031817 27.662848406956925 48.99470031429129
58.10747856710324 27.504398186777397 48.82899529048416
57.9250498681402 27.662848494206614 48.99470041581914
58.28660431854677 27.345277696406775 48.66254701980833
57.6003783568883 27.45195110572875 49.02953775356019
57.60040996049861 27.45193571273876 49.029521711329494
57.60044082637432 27.451920670798785 49.02950603650288
57.60047097028058 27.451905972548644 49.029490721350186
57.600499867645716 27.451891875041774 49.02947603347622
57.60052096439065 27.451881578698302 49.02946530676076
57.925049886434934 27.662848507613838 48.99470041559115
57.92504979131988 27.662848522176056 48.99470044346297
57.92504959537975 27.6628485913806 48.99470051329594
57.92505030267197 27.6628483879187 48.994700275895354
58.10753993871744 27.504343441256545 48.82893841280958
57.60036099001901 27.451960099088723 49.02954702625187
57.600393420129734 27.451944297376095 49.02953055921243
57.60042516792973 27.451928819425014 49.029514431192545
57.60045629504797 27.451913635579 49.0294986112174
57.600486129268404 27.45189907446519 49.029483441547676
57.6005142965101 27.451885319124383 49.029469112787424
57.600516995839534 27.451883897246677 49.02946765097592
57.600515978371405 27.451884497531097 49.029468256993624
57.92504959074523 27.662848612389663 48.994700521082656
57.92504950134453 27.662848624549003 48.99470054679608
57.92504927904358 27.662848702128283 48.99470062572773
57.92505001404335 27.66284849089121 48.99470037908901
57.92505044215484 27.662848367430055 48.994700235296705
57.54492401130187 27.609194527243872 49.138435127140795
57.54494325581118 27.609178521140308 49.13842173189312
57.602053317564305 27.57946075209165 49.107811243406246
57.60207739244184 27.579390103359806 49.10776264090198
57.602100047194604 27.57932373690811 49.10771696931558
57.60211948313315 27.579267113253017 49.107677961301476
57.602125538588766 27.579249599735427 49.107665879325154
57.925049280589676 27.66284872233533 48.994700631749005
57.92504918575658 27.66284873420981 48.99470065870068
57.925048893363325 27.662848833760496 48.994700761731295
57.925049711622925 27.662848598790504 48.99470048721568
57.92505014957359 27.662848472603557 48.99470034015398
57.54487779806328 27.609454529366438 49.138603838308775
57.544898075575304 27.609434068540224 49.138587508203756
57.54491895973696 27.609408344349166 49.13856782313073
57.601979772838106 27.57968653967245 49.10796526626886
57.602005471898586 27.579610946690483 49.10791328572677
57.602029298405554 27.579541003462015 49.107865171631964
57.60204463594597 27.579496345746 49.10783440353123
57.92504848604902 27.66284897279627 48.99470090537007
57.92504847692518 27.662848973457052 48.99470090781055
57.92504843346924 27.662848987878235 48.994700923004615
57.92504894151448 27.662848842151675 48.99470075261349
57.92504884378313 27.66284885071958 48.994700779226775
57.925049388480105 27.662848713925897 48.99470060270154
57.92504983691898 27.66284858477476 48.99470045213626
57.54482993321557 27.6097240562525 49.138778722356264
57.544851283622606 27.609698879636447 49.1387592891862
57.54487346530559 27.609667368065782 49.138735799442856
57.60187834185348 27.57999460838549 49.108175835396956
57.60190763892983 27.57990809965473 49.10811639224328
57.601935462667555 27.579826030022858 49.108059987803685
57.60195899324174 27.579756970395266 49.108012479589135
57.60201764662554 27.57957879358996 49.10789069755163
57.60196680514136 27.57973415948514 49.10799677204571
57.92504811223118 27.6628491038387 48.99470103828597
57.925048084120874 27.662849104553764 48.99470104538672
57.9250479101002 27.662849161820382 48.99470110607872
57.92504857993683 27.662848969746314 48.99470088144421
57.925049040431645 27.662848837619833 48.99470072698841
57.925049503703505 27.662848704159725 48.99470057143117
57.51275159525234 27.667146833875346 49.177745171811495
57.5128043201228 27.667098100708166 49.177707091268914
57.58843510083514 27.731048553338873 49.18886365469147
57.58845933121843 27.731015479669946 49.18883282074462
57.58848364970001 27.730980302163236 49.18880089549242
57.5885070549609 27.73094777489278 49.18877082528958
57.5885287615113 27.73092151834688 49.18874486767581
57.58854856665634 27.73090205818095 49.18872340349766
57.588554719128034 27.730864808159737 49.18870133143918
57.588550943183904 27.7309000430836 49.18872098587855
57.92504771001407 27.662849244603876 48.99470118122593
57.92504766727515 27.66284924211988 48.994701190890936
57.92504728862023 27.662849365348833 48.99470132251527
57.92504819130363 27.662849106585735 48.994701019819004
57.92504866759347 27.66284896982482 48.99470086003291
57.925049141401786 27.662848833452355 48.994700700976686
57.459413369349676 27.818567864583716 49.27113161024474
57.53504313494164 27.88259759827913 49.282332970288714
57.58838511667956 27.731333902869295 49.18903444381969
57.58841072985953 27.731295318346707 49.18900006153686
57.588436354200766 27.7312549760273 49.18896480483522
57.58846173775147 27.73121394008929 49.188929349894075
57.58848557321274 27.7311784154232 49.188897542458875
57.5885078309211 27.731148119473986 49.1888692608064
57.588528891831444 27.73112134888862 49.18884343599243
57.588531935662296 27.73110263578178 49.188832375875904
57.588530986037085 27.731118612701934 49.1888408314384
57.92504677132946 27.6628495408696 48.99470150460289
57.92504675958949 27.662849536939724 48.9947015062293
57.9250465633187 27.66284960051554 48.99470157436058
57.925047276111606 27.662849396214597 48.9947013353491
57.9250472258391 27.66284938590369 48.994701344377724
57.925047774868844 27.662849253087728 48.99470116805264
57.92504826840164 27.66284911118754 48.99470100242229
57.92504876015855 27.66284896947652 48.9947008372861
57.482670309469 27.89831466592937 49.30784069499207
57.53503438413417 27.882599188239695 49.282338154717465
57.535067177206464 27.882592429081956 49.282320224527
57.53509962585081 27.882585740065633 49.28230248424951
57.53513171807851 27.882579130057785 49.28228492847586
57.588414623835696 27.731490560994203 49.18909411167651
57.58844052220845 27.731446137547497 49.18905667625932
57.58846516029789 27.731405433689613 49.1890218315695
57.588488849668636 27.73136713631087 49.1889887428516
57.640120266559336 27.810276185421525 49.20140358727754
57.58852518620149 27.731245974933934 49.1889071762582
57.640183532129754 27.8102315896314 49.201346702508005
57.92504577165519 27.6628498558405 48.994701848818444
57.925045767325415 27.6628498507212 48.99470184825605
57.92504548281833 27.662849938189602 48.99470194553179
57.92504629053519 27.662849707678472 48.994701675006425
57.925046269125104 27.66284969479092 48.994701676160844
57.92504681061865 27.662849558631425 48.99470150061984
57.925047324294084 27.66284941121316 48.99470132831614
57.92504783899447 27.662849262981425 48.99470115550416
57.92504835690175 27.662849113214058 48.99470098142162
57.53502584045731 27.88260072859851 49.28234323881753
57.5350591310145 27.882593882077007 49.28232500823152
57.53509217426095 27.88258707928847 49.282306926412915
57.53512491965833 27.882580339826358 49.282289003828765
57.53515708909811 27.882573729006104 49.282271377588295
57.53518843534134 27.882567305093588 49.28225416920719
57.56703659979893 27.85798140840403 49.25350811901713
57.60826361780555 27.856832555713304 49.23582710348022
57.64006373164132 27.810322791369664 49.20145718498905
57.64015332940096 27.810259414471474 49.201376533943176
57.64019906993274 27.810221298466573 49.20133300253116
57.640241350631506 27.81019708140908 49.20129727281059
57.64027293510991 27.81017054447768 49.20126712481779
57.640328161165144 27.810135516174014 49.201219065233516
57.640352444156434 27.81011495289882 49.20119582076195
57.690496257307856 27.800930940372663 49.17771430793676
57.690538092158775 27.800906645083806 49.17768252268169
57.92504471607274 27.66285018741673 48.99470221196492
57.92504472314502 27.662850164692316 48.99470220303881
57.9250452473364 27.662850036586196 48.99470203427944
57.925045246694296 27.662850010567272 48.99470202619651
57.92504577936004 27.66284988485991 48.99470185612442
57.92504631066494 27.662849732746366 48.99470167802252
57.9250468422746 27.6628495800517 48.99470149966208
57.92504737957064 27.662849424998402 48.99470131916408
57.535017555992155 27.882602203713827 49.28234820329169
57.53505114328756 27.882595321915364 49.28232976203842
57.53508464667735 27.882588439558546 49.282311400056585
57.53511795920457 27.88258159216006 49.28229315062791
57.53515075878181 27.88257485681127 49.28227516983641
57.53518292101231 27.882568263413948 49.28225751772649
57.535214196872886 27.88256186833608 49.28224032102737
57.63096900917432 27.877382354437643 49.23784662331863
57.63104819782447 27.87738424701787 49.23780221705768
57.631125234603104 27.87738610058353 49.23775902558798
57.63120065993566 27.877387922976126 49.23771674254831
57.631274454313925 27.877389711033953 49.23767537712037
57.69040957874748 27.800980975034413 49.17778010145787
57.83042934692599 27.72939403765877 49.071890585583034
57.925045227254145 27.662850075965217 48.99470205166145
57.92504577548115 27.66284991899367 48.99470186788284
57.925046324689 27.66284976109966 48.99470168357222
57.92504688098688 27.66284960042387 48.99470149664678
57.53504367070283 27.882596637263987 49.28233426843423
57.535077421773806 27.882589730158813 49.28231572182749
57.535111096878495 27.882582826027303 49.28229724048332
57.53514443935223 27.8825759879593 49.28227894568155
57.535177135320154 27.882569292526355 49.282260986821825
57.535209055155036 27.882562768187487 49.282243431523725
57.630965092742954 27.87738284146545 49.237849198174274
57.63104632512348 27.877384764050284 49.23780363357352
57.631125589764665 27.877386649692674 49.237759178990515
57.63120319035188 27.87738850488524 49.237715663629835
57.6312790134551 27.877390325249994 49.23767315001196
57.63135328449549 27.87739211259175 49.23763150939206
57.77598753038269 27.802884315180382 49.129718814252215
57.94397742418148 27.750031318738444 49.026285041316626
57.94397916933525 27.750041302147718 49.02628876807715
57.94398058889284 27.75004912789082 49.026291679727116
57.53507054498739 27.88259093992979 49.282319870238396
57.53510458095485 27.88258398175826 49.28230115353991
57.535138316774486 27.882577078507623 49.28228261394222
57.535171644194435 27.882570258786913 49.28226429885546
57.535204115344825 27.88256362799324 49.28224642868554
57.630961828780634 27.87738335818196 49.23785141633978
57.63104496146907 27.877385310429872 49.23780477583829
57.63112623248591 27.87738722688033 49.23775918496892
57.63120575659275 27.877389112686593 49.23771458094934
57.6312836256096 27.877390965350322 49.237670909229635
57.63136016457176 27.877392788259996 49.237627984685005
57.63143569328538 27.877394584053963 49.23758562471524
57.88959799021863 27.823548062929184 49.08409529912702
57.5350984802147 27.882585043603434 49.28230485513222
57.53513256566252 27.882578087641598 49.28228608816879
57.53516620756557 27.88257122055002 49.282267568493346
57.53519928219645 27.882564471456547 49.282249356974006
57.63095902743868 27.87738390341662 49.237853386471386
57.631043826099514 27.877385883617112 49.23780580401328
57.63112676934897 27.877387827772576 49.237759267417765
57.631208278578576 27.877389744248724 49.23771353927085
57.63128820015643 27.877391628998932 49.23766870547951
57.631367194575645 27.877393489709576 49.237624390380155
57.787046503017216 27.892099695778324 49.16386821306223
57.535127577275134 27.8825789198029 49.28228918233105
57.53516161646736 27.882571988141923 49.28227041303616
57.5351950597661 27.882565178563006 49.282251970942255
57.6309577333251 27.877384487021175 49.23785451293236
57.63104415985225 27.877386496257287 49.23780601118648
57.63112864978406 27.877388468053915 49.23775860118427
57.63121252679802 27.877390420426195 49.237711531770685
57.631294994324776 27.877392344447053 49.237665256227956
57.535192021734545 27.882565614022887 49.28225398880471
57.63095842610452 27.877385114158777 49.23785452263442
57.63104687187658 27.877387157676896 49.23780487945049
57.63113361524214 27.87738916615217 49.2377561945981
57.69859647595395 27.40426403331486 48.96672396674242
57.698600495336905 27.404261946574458 48.966720726641555
57.69860442601931 27.404260087765905 48.966717607597175
57.698601901647606 27.404261461876153 48.966719659850824
57.69860128436708 27.40426162916996 48.966720115718864
57.698609986870466 27.404257187238784 48.966713121210496
57.69860026624844 27.404262272847745 48.96672096780295
57.69861422091124 27.404254986858746 48.96670970747164
57.69860904980193 27.404257786953853 48.96671390744524
57.69860714200573 27.404258708537746 48.96671542658824
57.698620318794184 27.404251748545036 48.966704772105444
57.6986184141536 27.40425281158187 48.966706327689636
57.69859373407371 27.404265772852 48.966726263127946
57.69860493196558 27.40425997082588 48.96671723944873
57.69861799680804 27.404253136132056 48.9667066935108
57.698622963015026 27.404250444883992 48.96670265938523
57.69861978638116 27.404252187353865 48.966705245538336
57.69859714248541 27.40426417005203 48.96672356097147
57.69861207910935 27.404256316636477 48.966711493363476
57.698627158382514 27.404248378396268 48.96669930783018
57.69862802685081 27.40424790783568 48.96669860238004
57.69862738807289 27.404248259008444 48.966699122634374
57.69857026596406 27.404278488478298 48.96674532607824
57.698586506947684 27.404269932364528 48.966732200049734
57.69860279549519 27.40426134432117 48.96671903370767
57.69861843617396 27.40425310531985 48.96670639308184
57.69862398503919 27.40425018780197 48.96670191003274
57.69855634847319 27.40428604802575 48.96675663623305
57.69857404219508 27.40427670043858 48.96674232897425
57.69859152510654 27.40426746340291 48.96672819195484
57.69860812853366 27.404258702888377 48.96671476933159
57.6986158735871 27.40425462637591 48.9667085107712
57.69852300366473 27.404303898792165 48.966783663010375
57.698541708237194 27.40429400638361 48.96676853543167
57.698560500284955 27.404284061573982 48.96675333543398
57.69857859693647 27.40427449377457 48.96673870036261
57.69859616737432 27.40426520874356 48.966724492090606
57.698602529188676 27.404261855031734 48.96671934985653
57.698507258550386 27.404312460213667 48.96679646089456
57.698526845772896 27.404302088753653 48.96678061612616
57.6985462017734 27.404291840281566 48.966764958552446
57.69856488559479 27.40428195604705 48.966749846993395
57.69858426778471 27.404271689317916 48.9667341670382
57.69858156024985 27.4042731472895 48.96673636388318
57.69847187472485 27.40433140933552 48.96682514219487
57.69849183645616 27.40432084538821 48.966808996058056
57.698511949983114 27.404310191276178 48.96679272446167
57.698531724083054 27.40429971948742 48.966776728146655
57.698550749016704 27.40428965400637 48.96676134047948
57.69855984953141 27.4042848449079 48.966753981389886
57.69845592184223 27.404340080841074 48.96683810816904
57.698476537161255 27.40432916465284 48.966821431643226
57.69849710207349 27.40431826943671 48.96680479433519
57.6985171549307 27.404307651217767 48.966788572843335
57.69853637779001 27.404297483303978 48.96677302571284
57.6985383225674 27.404296455438264 48.96677145303316
57.69844005690891 27.404348704677176 48.966851002698306
57.69846116782967 27.404337523769986 48.96683392463757
57.69848223836537 27.404326357879178 48.96681687751085
57.69850256408121 27.40431559682782 48.96680043574299
57.69853047175351 27.404300701103388 48.966777827974965
57.698519558460944 27.404306606527122 48.966786690659546
57.69842388361926 27.404357499948528 48.966864148890664
57.698445720189554 27.404345927534163 48.96684648184542
57.69846719436731 27.404334547444776 48.96682910807104
57.69848818743519 27.404323426680193 48.96681212472958
57.69850346793372 27.404315344400644 48.9667997662041
57.69840751383087 27.404366404970965 48.9668774555918
57.69842994502223 27.4043545135424 48.9668593064036
57.698452116413016 27.404342757569896 48.96684136680239
57.698473672919164 27.404331334523974 48.96682392660316
57.698490127816534 27.404322627359186 48.96681061723853
57.69839074477483 27.404375532297074 48.96689108824127
57.69841384337283 27.404363281666445 48.96687239758245
57.69843666546296 27.40435117545698 48.966853930058036
57.69845889184202 27.404339391503218 48.96683594628419
57.69847813527235 27.404329201544357 48.96682037947457
57.60061838678064 27.4518304678762 49.02941272474121
57.698397293525346 27.404372298886834 48.96688585453198
57.6984209296482 27.40435975232197 48.96686672596857
57.69844390327411 27.40434756493397 48.96684813560559
57.69846591796204 27.40433589799729 48.96683032441806
57.69847300036358 27.40433203364013 48.96682456410526
57.69846814318787 27.404334719636033 48.966828524329856
57.60060847523113 27.45183571549427 49.02941811512441
57.69838035666105 27.404381531942665 48.96689962752485
57.69840469969823 27.40436860406768 48.96687992520786
57.698428522286356 27.40435595704769 48.96686064533734
57.69845132057337 27.404343866629812 48.96684219793655
57.69845789442296 27.404340383408936 48.96683687948408
58.45966802749 27.189477595316134 48.4980913795067
58.45966802636995 27.189477595913143 48.49809137870669
58.45966802328137 27.189477596415433 48.49809137920866
58.459668035380915 27.189477593358983 48.49809137981947
58.45966803196313 27.189477595166757 48.49809137741127
58.459668039380944 27.189477592347465 48.49809138002395
58.45966803425546 27.18947759466915 48.498091377334134
57.600598067585224 27.45184121518506 49.029423766259114
57.60062104450858 27.451830029438455 49.02941210769633
57.69838804525976 27.404377692805195 48.96689347116083
57.69841269294437 27.404364599114302 48.966873521176915
57.698436313440716 27.404352063785428 48.96685440606124
57.69844763939696 27.40434605905616 48.966845242034985
58.45966801850621 27.189477595518007 48.498091383947525
58.45966801342472 27.189477598135895 48.49809138053248
58.45966800978672 27.189477598636877 48.49809138133834
58.4596680321457 27.18947759081858 48.49809138760453
58.459668019299784 27.189477597397257 48.49809137906436
58.45966804719549 27.18947758544246 48.49809139209129
58.45966805430207 27.189477585981592 48.49809138692417
58.45966805161861 27.189477586340494 48.49809138754377
57.60058715588525 27.45184697212464 49.02942968329654
57.600610855314116 27.45183542776989 49.0294176522538
57.69837107740787 27.40438695706604 48.96690727325203
57.698396444278394 27.40437347510352 48.9668867394613
57.69842086914029 27.404360504583927 48.96686697113924
57.698437914154255 27.40435146173119 48.9668531780829
58.45966801524089 27.18947759478505 48.498091387470396
58.45966800700205 27.18947759908069 48.49809138181234
58.28667733020083 27.345212310696112 48.662478486309176
58.459668030716536 27.1894775892141 48.49809139218522
58.459668046760186 27.18947758338325 48.49809139720432
57.600575924993976 27.451852894439938 49.02943577083147
57.6006001455644 27.451841090340494 49.029423470194985
57.6006243097396 27.451829305182862 49.029411190893995
57.69837978595179 27.404382580162242 48.966900292445295
57.69840529171597 27.404369022014585 48.9668796455793
57.698429579435725 27.404356125300186 48.96685998851993
57.69843364879287 27.404353898706 48.96685667709962
57.698432155480546 27.40435475890964 48.96685790402381
58.10754018640617 27.50434313964012 48.82893802984145
58.286584163350454 27.34529574967376 48.66256591720614
57.92504914690757 27.66284864536571 48.99470064006499
58.286772589469706 27.345126996968645 48.66238909718797
58.45966804174226 27.18947758350363 48.498091399666684
57.60056402913074 27.4518591518408 49.02944220548998
57.60058899855922 27.451846975908943 49.02942951866423
57.600613847634605 27.451834850526694 49.029416886029594
57.60063819074425 27.451822965611186 49.029404505120866
57.6983891328194 27.404377863214794 48.96689279471825
57.6984146622016 27.404364290654 48.966872128227195
57.69842852092948 27.404356931800727 48.96686091180934
57.92504916554151 27.662848657050592 48.994700639208624
57.92504908752433 27.662848666188818 48.99470066118147
57.92504886270615 27.662848742714402 48.99470074039498
57.92504954018662 27.662848551113903 48.99470051404117
58.28658937414464 27.345291081797363 48.662561034928515
57.6005518727269 27.45186554455241 49.02944877959318
57.60057747703515 27.451853052601937 49.029435764690135
57.60060315623059 27.451840515724626 49.02942270454622
57.60062827150205 27.451828247628363 49.02940992562084
57.69837279223446 27.404386808405906 48.96690609295258
57.69839941537839 27.404372641251214 48.966884537472396
57.69842503464692 27.404359019308075 48.96686379778225
57.698430132611556 27.404356224999553 48.96685964800237
57.698431436944006 27.4043556194173 48.966858616059085
57.92504887743573 27.662848756535713 48.99470074116999
57.92504880236948 27.66284876320645 48.99470076163978
57.92504853045791 27.662848854705302 48.994700857111724
57.925049258546665 27.66284864897466 48.994700613906915
57.925049638558804 27.662848541414224 48.99470048691275
58.107509310084325 27.504370740082095 48.828966755044405
57.600539361342 27.45187212057681 49.029455542793016
57.600565615318445 27.451859305134903 49.02944219207515
57.60059183125259 27.45184650041575 49.029428853992414
57.60061786298664 27.451833778482982 49.02941560348413
57.69835597152845 27.40439602204546 48.96691978344832
57.698383776101835 27.404381211801326 48.966897267496236
57.698410569857344 27.404366951356007 48.966875573198436
57.69843613352979 27.404353358395763 48.96685487835779
57.698437934602566 27.40435236961587 48.96685341184343
57.698439764185004 27.40435142899944 48.96685193950155
57.92504817575206 27.662848973493528 48.994700981473045
57.925048159897436 27.662848974330934 48.99470098561545
57.92504806824387 27.662849003843217 48.994701017375306
57.925048574462366 27.662848861100585 48.994700848375885
57.92504849256218 27.662848867275535 48.99470087035988
57.92504896528906 27.662848750929776 48.994700717910376
57.92504935573375 27.662848640408026 48.99470058742715
57.925049750355775 27.662848528113376 48.994700455360906
57.60052672882134 27.451878764612466 49.029462375187364
57.60055339091456 27.45186574353192 49.02944881144052
57.60058033384451 27.451852577638004 49.029435098273936
57.60060707465495 27.45183950342185 49.02942148191764
57.600633541122164 27.451826556491724 49.029407999401236
57.698367490186136 27.404390142504823 48.966910525446295
57.69839547998851 27.404375231277868 48.96688785886507
57.74631174851527 27.504651882473762 48.999925050771594
57.74641610911675 27.504733328910916 48.99991861686345
57.74639318670963 27.504714407916577 48.99991952078753
57.74646344151384 27.50477028391633 48.999915706314496
57.92504784287269 27.66284908753903 48.994701098994796
57.925047805520265 27.66284908784972 48.994701108227616
57.92504749531965 27.662849185485484 48.99470121500654
57.925048251656925 27.662848972428478 48.99470096257346
57.92504865662637 27.662848858133742 48.994700827343365
57.9250490556194 27.662848745397486 48.99470069406836
57.92504946262777 27.662848629490725 48.99470055782915
57.60222251610303 27.578956565558144 49.107465395442006
57.60224136972163 27.578901557174934 49.10742751091492
57.60226251215908 27.578839546608968 49.10738484670136
57.60228516770246 27.578772892843112 49.10733901482202
57.69639618457178 27.51367801493457 49.02323085980238
57.69642407194816 27.51372658541885 49.02324034682593
57.74638652058505 27.50471387173876 48.99992223532453
57.74649172119528 27.50479582681718 48.99991567709597
57.74659389876607 27.504875460892222 48.99990932413529
57.74654314679271 27.504833629586784 48.99991135572073
57.746693592393825 27.504953114545838 48.99990310364154
57.74667225163392 27.504935570476526 48.99990398043015
57.92504579901716 27.662849679076842 48.99470178614777
57.92504579671416 27.662849679382497 48.99470178680777
57.925046221756475 27.662849562335953 48.99470164579745
57.9250462192458 27.6628495627028 48.9947016465276
57.925046641169835 27.662849446111423 48.99470150642401
57.925046633972386 27.662849445088828 48.99470150786027
57.92504706599318 27.662849327386947 48.99470136493585
57.92504704016395 27.6628493245939 48.99470137036778
57.925047490537736 27.6628492081866 48.99470122336517
57.92504743158157 27.662849205452364 48.99470123691682
57.925047908529635 27.662849090632594 48.9947010839183
57.92504832157165 27.662848974292906 48.99470094606647
57.92504873582773 27.66284885705557 48.99470080763348
57.925049153953935 27.662848738067346 48.99470066769956
57.60213613555882 27.579218897031573 49.10764470580006
57.602155917093654 27.579161100844978 49.107604911909895
57.602177796666375 27.57909687828328 49.10756073236627
57.60220205957748 27.57902536533377 49.107511576287024
57.602226782411506 27.5789524064119 49.10746143808352
57.69646412603105 27.51380589540119 49.0232584323
57.746464268867236 27.50477841271266 48.99991934942801
57.74657027969148 27.50486086218332 48.99991267316069
57.74667337815665 27.50494107031602 48.9999061920237
57.92504537892857 27.662849819176458 48.99470193324737
57.925045813641376 27.66284969940153 48.994701789008104
57.925046246725 27.662849579374317 48.99470164508736
57.925046678449704 27.662849459182624 48.99470150144684
57.925047110615395 27.66284933820522 48.99470135744967
57.92504754075331 27.662849217335314 48.99470121398241
57.925047966225065 27.662849097450568 48.99470107196825
57.92504839263128 27.662848976786773 48.994700929478846
57.92504883045719 27.66284885182236 48.994700782834826
57.60204812819926 27.579486204391856 49.107827412825415
57.602067919782584 27.57942841192868 49.10778761714266
57.60209079521197 27.579361190710735 49.1077413846855
57.6021161121661 27.579286498612607 49.10769005280094
57.602142236350105 27.57920930314478 49.10763701636952
57.696505843440754 27.51388852228298 49.02327727973403
57.74654463601226 27.50484515716819 48.9999163808824
57.746651359768244 27.504928073077195 48.999909616254016
57.925044895710144 27.662849980916036 48.99470210263833
57.92504535673727 27.662849853024408 48.9947019493935
57.92504580857391 27.662849727554896 48.99470179916325
57.92504625681409 27.66284960254326 48.99470164995749
57.92504670014539 27.662849478598844 48.99470150229017
57.925047142380386 27.66284935440011 48.99470135481042
57.92504758401047 27.6628492298281 48.994701207360364
57.92504802929987 27.66284910344573 48.99470105844211
57.601979345357144 27.579697510358976 49.10797153967823
57.602002963330115 27.579628062252205 49.10792378151715
57.602028816065335 27.579551766657453 49.107871350607354
57.6020563039547 27.57947044894989 49.107815494081535
57.602084774383286 27.579386105798413 49.10775757484927
57.74662759470702 27.5049140334003 48.99991330649646
57.831100748740106 27.590675642186824 49.00301321614395
57.925044850671405 27.66285002339653 48.99470212710558
57.92504532696463 27.66284989044508 48.99470196852509
57.92504579334931 27.66284976017402 48.994701813216544
57.92504625479518 27.6628496308387 48.99470165941212
57.925046714925166 27.66284950135956 48.99470150588393
57.9250471741591 27.66284937158656 48.99470135248181
57.92504763910051 27.66284923934871 48.99470119690334
57.58856737455462 27.73088516581266 49.18870380398084
57.58858769417058 27.730858975478363 49.18867870943302
57.588608536230204 27.730828229544116 49.18865105321771
57.58863012141326 27.7307923574239 49.18862042154059
57.74298022758223 27.74144897707096 49.12132272395749
57.88288568584014 27.669933841017436 49.015523816946875
57.92504480315138 27.66285006760865 48.994702152728024
57.9250452936208 27.662849929986045 48.99470198920146
57.9250457798703 27.66284979310849 48.99470182694283
57.92504625702192 27.662849658615592 48.99470166766426
57.92504673755659 27.662849522418718 48.994701507018725
57.925047220605876 27.66284938482371 48.99470134531548
57.58854949504147 27.731094441932836 49.18881781789196
57.58857100581711 27.7310611243507 49.18878849181143
57.64033769868441 27.810116436955706 49.201205432039075
57.64041992734709 27.810058251851295 49.20113140576941
57.882883016442065 27.669934304784434 49.01552506570853
57.925044756884574 27.662850112395077 48.994702178225864
57.92504526261534 27.662849969751313 48.99470200937704
57.92504576132521 27.662849828821134 48.99470184278783
57.9250462590159 27.662849687553337 48.99470167634094
57.64020418378142 27.810217028289728 49.2013281320793
57.640288483514695 27.810157450528752 49.20125227114319
57.6403726414934 27.810097845513333 49.201176485609096
57.690570196715235 27.800887990775095 49.17765812826188
57.92504472590431 27.662850152961205 48.99470219864891
57.92504524568599 27.662850005763346 48.99470202492173
57.698613236122945 27.404255652860712 48.96671054348415
57.69861936069607 27.404252448338283 48.966705599584145
57.69862729453602 27.40424838705121 48.96669921969081
57.69862284428918 27.404250799031225 48.96670283478592
57.69862245098737 27.40425085322537 48.96670311096772
57.698645036485054 27.404238970734824 48.96668486165157
57.698640283439296 27.404241551475067 48.96668872398714
57.69865091757795 27.404235849317494 48.96668010222794
57.69864933651277 27.404236744396428 48.96668139698071
57.698637232077985 27.404243177438005 48.96669119513294
57.69864952912158 27.404236750359928 48.96668127058376
57.698656174436884 27.40423313960181 48.96667586988268
57.698663002845 27.404229599237752 48.96667036666368
57.69863212727076 27.40424592940734 48.96669533792564
57.698646055464486 27.404238616775924 48.96668408792887
57.69866006187796 27.404231254999722 48.9666727725522
57.69866708955651 27.404227435213492 48.966667060755526
57.69867578501311 27.4042229325397 48.96666005438171
57.69862319507578 27.40425077967656 48.96670259635473
57.698638758838484 27.40424257776443 48.96669001695774
57.69865430155832 27.40423438168488 48.966677453136455
57.69866925025097 27.404226504446914 48.96666537101633
57.698676322577356 27.404222653365107 48.96665962101707
57.69867639572505 27.40422273659223 48.96665959507296
57.69861245982168 27.40425661952759 48.96671132283693
57.69862924855812 27.40424775248851 48.966697748021275
57.69864608073771 27.404238856421106 48.966684136421456
57.698662381803814 27.40423024526267 48.966670955460984
57.698677679674574 27.40422217786471 48.966658589443114
57.698679672846076 27.404221090528566 48.9666569683946
57.69868056764794 27.404220656441694 48.96665625537848
57.698582572134825 27.404272612951395 48.966735545731865
57.69860039204727 27.4042631916791 48.966721134522345
57.69861844525317 27.404253637330044 48.966706531992585
57.698636410201495 27.404244126538597 48.96669199999239
57.69865384310354 27.404234901566692 48.96667789949959
57.69867029759655 27.404226207201468 48.96666459389095
57.698680889225976 27.40422062737739 48.966656033716035
57.69856889283487 27.40428006565147 48.96674666845743
57.698587683433026 27.404270117403573 48.9667314684865
57.698606740731265 27.40426001805576 48.96671605008053
57.69862547270506 27.404250092345045 48.96670089521578
57.69864376987235 27.40424039941071 48.96668609277436
57.698661081992825 27.404231240935882 48.96667209067873
57.698677002558725 27.404222837401875 48.96665921919305
57.69867747855343 27.40422257702036 48.96665883187213
57.69867724576093 27.404222710347295 48.96665902292753
57.69855528273164 27.4042874829128 48.96675773553464
57.69857492408764 27.404277073478237 48.96674184443911
57.698594626016614 27.40426662603533 48.966725902727106
57.69861403193862 27.404256336215063 48.9667102007067
57.698632857640334 27.40424635874605 48.96669496944217
57.69865065142818 27.404236941307275 48.96668057664135
57.69866724942676 27.40422817181689 48.96666715518083
57.69866753903588 27.40422802008051 48.96666692134539
57.69852213274473 27.404305245516824 48.96678460879981
57.698541784406515 27.404294841177162 48.96676871224241
57.6985620607228 27.404284089058685 48.966752305742794
57.69858225701467 27.40427337592576 48.96673596305473
57.698602144018 27.404262827555215 48.9667198708314
57.69862123057129 27.40425271185717 48.966704428525816
57.69863944542654 27.404243068359268 48.96668969426378
57.698666391318085 27.404228641130935 48.96666785340562
57.69865135783637 27.4042367777135 48.966680062540725
57.69850800093945 27.404312947878488 48.966796100312955
57.69852838191783 27.404302149329943 48.96677961159756
57.6985491157455 27.404291152051325 48.966762834209405
57.698569753564485 27.404280202275764 48.966746133577665
57.69858999875778 27.404269462679004 48.96672975117617
57.69860949740264 27.404259126021344 48.9667139747647
57.698627865501166 27.404249402854468 48.96669911694046
57.69863632328503 27.40424493558386 48.9666922781866
57.69849406789843 27.404320543366495 48.96680743059548
57.69851491146483 27.40430949737842 48.96679056699621
57.698536086361415 27.404298264106803 48.966773432145914
57.69855718132521 27.4042870692387 48.966756360887715
57.69857783456355 27.40427611121998 48.96673964776133
57.69859775701688 27.404265547283366 48.9667235277344
57.69861650138718 27.404255622638388 48.96670836492042
57.69862446521347 27.404251414158104 48.9667019249934
57.69848004008613 27.40432819353658 48.96681883876785
57.69850120350101 27.404316978666206 48.96680171656252
57.69852293216327 27.40430544758906 48.96678413250298
57.6985444641632 27.404294018712143 48.96676670700373
57.69856557174414 27.404282816953064 48.96674962548179
57.698586033853104 27.404271962397466 48.966733067582155
57.698605306723955 27.404261753138748 48.96671747594603
57.69861676945335 27.404255687738207 48.966708204480696
57.69848745655956 27.404324484096932 48.966812898613895
57.698509434365064 27.404312822575612 48.96679511341648
57.69853145094501 27.40430113361394 48.9667772949707
57.698553194344775 27.404289588730432 48.96675969735404
57.69857438374831 27.4042783409705 48.96674254891407
57.69859485968573 27.40426747855419 48.96672597968138
57.698614246840435 27.40425720521783 48.96671029462611
57.698618201836 27.404255034548566 48.96670707445543
57.69862029239083 27.404254003735872 48.96670540407868
57.80041501575509 27.47427682848834 48.95576977381613
57.80040684489981 27.47426517364938 48.95576731103475
57.800401327971244 27.47426396833302 48.955769528835205
57.800465435733535 27.47432485559262 48.95577105809133
57.800436677330836 27.474284195347664 48.95576259993732
58.06407917699197 27.400570960878635 48.79364065224736
58.06415061911261 27.400478215716625 48.79355827349408
58.23866842698734 27.244517612360543 48.629251972078094
58.238702206162515 27.244509168912252 48.62923214852663
58.45966796904866 27.189477616629258 48.498091361050186
58.45966795982372 27.189477621502387 48.49809135456498
58.459667978021415 27.189477614140742 48.49809136202847
58.45966796938103 27.189477618722982 48.498091355911825
58.45966798398527 27.189477613106558 48.49809136121142
58.45966797945148 27.189477615593198 48.49809135780717
58.459667992395254 27.189477610857125 48.49809136193187
58.45966798942021 27.18947761247818 48.49809135972328
58.459667996779054 27.189477609638324 48.49809136241693
58.45966799215214 27.189477611754846 48.49809135993985
57.69847325104705 27.404332244474205 48.966824454924435
57.698495718010335 27.404320320713843 48.96680627315087
57.69851829891418 27.404308327974007 48.966787996850854
57.69854065747552 27.404296451313172 48.96676989996125
57.69856272298342 27.4042847289522 48.96675203989483
57.69858417860028 27.404273335549775 48.966734674830214
57.6986049261244 27.404262323625858 48.96671788434831
57.69862480720309 27.404251778524674 48.966701796953636
57.69862822197443 27.404249899120515 48.96669901520967
57.698644835410946 27.404241148305005 48.96668558857591
57.69864493364476 27.404241093716312 48.96668550841005
57.698648183931496 27.40423937030618 48.96668287849474
57.69868615186324 27.404219187677572 48.96665214354417
57.6986869309503 27.40421875633835 48.96665150818903
57.69867563362769 27.404224782011458 48.9666606588894
57.800411085675435 27.474296608805744 48.95578337245227
57.80038491610341 27.47425904998449 48.95577535028704
57.80046300118277 27.47434576548187 48.95578452304363
57.80051381239653 27.47439390945064 48.95578566832141
57.88483830610153 27.56003794511627 48.95889625310781
58.064330922267715 27.400546971961994 48.79351492305679
58.459667979749824 27.18947761096816 48.49809136859244
58.45966799155546 27.18947760712342 48.49809137123027
58.45966800319256 27.189477603352834 48.49809137378483
58.459668018553984 27.18947759776802 48.498091378595014
58.45966800762197 27.189477605144596 48.49809136711814
58.45966801081427 27.189477602628866 48.4980913713257
58.45966802994644 27.189477596140993 48.49809137620917
57.69845880734698 27.404340139015517 48.966836206104375
57.698481618301045 27.404328032704484 48.96681774595411
57.698504772037396 27.404315731390348 48.96679900483772
57.69852778775483 27.404303499817757 48.96678037445962
57.69855053191719 27.404291410751817 48.966761963402334
57.69857311101812 27.404279407567508 48.96674368545508
57.69859495138539 27.404267803044984 48.96672600713826
57.69861613723123 27.40425655008982 48.966708859647554
57.69863711488837 27.404245406273073 48.966691880268655
57.69865821822185 27.40423418934356 48.96667479743674
57.698664359707834 27.40423079333806 48.966669790125934
57.80040688523755 27.4743169275907 48.955797427736385
57.8004603440337 27.474367945751517 48.95579884558549
57.80051268078945 27.474417612781707 48.95580007043788
57.88485838213994 27.560083164027418 48.958911436531295
57.8848756144152 27.56012139065343 48.95892422495589
58.064222415077836 27.400681171116858 48.79363642006993
58.28679360667637 27.345108175554202 48.6623693652074
58.45966800356069 27.18947760086899 48.49809137946317
57.69844412796925 27.404348166366063 48.96684815011636
57.69846733436209 27.404335849346403 48.96682936972172
57.69849081820297 27.404323372596316 48.966810361396824
57.69851446649754 27.40431079943775 48.966791217497786
57.698537930589964 27.40429832093774 48.96677222182237
57.6985613275731 27.404285874869952 48.966753279588715
57.698584124491205 27.40427375192187 48.96673482423502
57.69860633654484 27.404261942817598 48.966716843130655
57.69862815833791 27.404250342432594 48.96669917828685
57.80040243925572 27.474338327136095 48.95581224233143
57.80045773035707 27.474391434730286 48.9558139072257
57.80051154804579 27.474442699859146 48.955815278957616
57.88487995427744 27.56013176588057 48.95892775692214
57.884897520037114 27.560170724233714 48.95894078948412
57.8849144248052 27.560208207352225 48.95895332778794
57.88493038190397 27.560243564781224 48.958965153045156
58.28661686480896 27.345266462772585 48.66253522849511
57.69845308382265 27.404343651397383 48.96684096731437
57.698476953983544 27.404330968579984 48.96682164607059
57.6985009550307 27.404318207254008 48.96680221644084
57.69852494796854 27.404305443821936 48.966782791627345
57.69854889054837 27.404292703528576 48.96676340658948
57.69857236130237 27.404280216237304 48.96674440409113
57.69859538202385 27.404267969275388 48.96672576619419
57.69861797233213 27.404255953086558 48.96670747725466
57.80045484078621 27.474416030508216 48.955829759402164
57.80051041390653 27.474469038930245 48.95583121729369
57.88490261841656 27.56018283725018 48.95894490731344
57.88492057534212 27.56022265741573 48.958958227705544
57.925048358885284 27.66284886483895 48.99470090227851
57.925048707756076 27.66284876836202 48.9947007864099
57.92504906452807 27.662848668664004 48.994700667588994
57.69843882999031 27.40435145917261 48.96685256865524
57.69846304579577 27.404338592762187 48.966832967651555
57.69848735624311 27.404325667104093 48.966813287600104
57.6985117902275 27.40431266679668 48.966793505098934
57.69853611591756 27.404299721025286 48.966773809436226
57.69856023315086 27.40428688419152 48.96675428200881
57.698583923902326 27.404274274854814 48.966735100033176
57.80045183312137 27.47444234869242 48.95584667709164
57.80050905624687 27.474496639792854 48.955848008705686
57.92504733196587 27.662849166385644 48.99470124890546
57.92504769471722 27.662849066903664 48.994701128690735
57.925048054728705 27.662848967844333 48.99470100927989
57.925048416385536 27.662848867677923 48.994700889116075
57.92504878499228 27.66284876463946 48.99470076634313
57.69844931410218 27.404346124437538 48.96684414671841
57.69847395892664 27.404333020981333 48.96682419597499
57.698498722197954 27.404319845115737 48.96680414677543
57.69852334809145 27.404306739241825 48.96678420795621
57.74656504408951 27.5048428065027 48.999906099661985
57.746657607211326 27.504914928874406 48.99990033535566
57.84381344429525 27.57809846232114 48.991123381724535
57.925046968672696 27.662849288055618 48.99470137627941
57.92504734933203 27.662849183221407 48.99470124999034
57.92504772564068 27.662849079247152 48.994701125037565
57.925048102061304 27.66284897473296 48.99470099988641
57.92504848388659 27.662848867858663 48.994700872666144
57.69846092576014 27.404340180084404 48.96683480924364
57.74644372299609 27.504751605956233 48.99991529833159
57.746541706015 27.504828001325464 48.999909221177205
57.74663730740973 27.504902496211685 48.999903270223896
57.84381073959985 27.57809611768492 48.9911233996713
57.92504658466609 27.66284941668757 48.99470151092356
57.9250469819369 27.662849306931165 48.99470137901339
57.92504737668666 27.662849197440167 48.9947012478038
57.925047770647026 27.662849087603462 48.994701116677774
57.74651735617522 27.504812377106138 48.9999123905414
57.74661608793352 27.50488936355234 48.99990627055208
57.74671235622671 27.504964359527705 48.99990026891669
57.92504619209291 27.662849547977284 48.99470164850433
57.92504659942997 27.662849435634865 48.99470151331353
57.92504701211328 27.662849320796404 48.99470137602485
57.92504742524577 27.66284920522561 48.99470123839439
57.69864892219736 27.404236971290935 48.96668173418166
57.69865457856135 27.404234010383306 48.96667716785968
57.698659806866864 27.404231422848056 48.96667298778098
57.69865949657411 27.4042315910197 48.966673239842024
57.698658599836236 27.404231958794774 48.96667393607838
57.698661680132275 27.404230539804953 48.96667150209004
57.69866993655752 27.404226162996014 48.96666482181976
57.69867601166472 27.40422282421533 48.966659874219886
57.69866827670097 27.4042269445198 48.966666138005024
57.69868302941113 27.404219275703248 48.96665424293312
57.698678722937714 27.404221623678268 48.96665774502799
57.69870033894114 27.40421008800406 48.96664023459717
57.69869614807968 27.404212374844683 48.966643643192015
57.698707352794905 27.404206388703038 48.96663456481548
57.698704620145094 27.40420788052102 48.96663678757504
57.69868165806146 27.404220010660943 48.96665535466906
57.698690098791374 27.40421567643573 48.96664856349851
57.69870511380908 27.404207744595332 48.96663642241765
57.69870909200709 27.404205570773186 48.96663318596597
57.698713602982934 27.40420324193748 48.96662955315855
57.69869004211403 27.404215707921026 48.966648609748475
57.6987017328304 27.404209597032388 48.966639174353446
57.69871412268865 27.404203098374317 48.966629168611114
57.69871806858052 27.404200939093084 48.96662595759406
57.698722584418036 27.404198610945063 48.96662232174259
57.69868457749413 27.404218695166946 48.966653055799384
57.69869812676657 27.4042115750581 48.9666421101135
57.69871185612433 27.404204350988962 48.9666310164061
57.69872521430913 27.404197323437423 48.96662022294794
57.698730712920224 27.404194304866774 48.966615745769666
57.698740191711764 27.404189408161123 48.9666081113816
57.698743933684874 27.404187355401934 48.96660506492543
57.69874836644908 27.40418507502391 48.96660149730532
57.698691339133035 27.40421529210171 48.96664763436688
57.698706337734095 27.404207380076862 48.96663550959641
57.69872134244088 27.40419945930974 48.96662337838581
57.69873597057797 27.40419173861259 48.966611551979355
57.69874941294104 27.40418465803312 48.96660068812285
57.698755341973516 27.40418139975047 48.966595859546345
57.97453717468193 27.31802764539767 48.79291989896424
57.69868263227973 27.404220059305935 48.966654720386714
57.69869867426776 27.404211581923988 48.96664174807539
57.6987148914921 27.404203003905113 48.966628631870975
57.69873079714758 27.404194590925634 48.966615767722445
57.69874603786221 27.404186534885596 48.96660344278913
57.69875985741764 27.404179247940718 48.96659227199946
57.974608765405506 27.318008325550476 48.7928766356674
57.97495223682183 27.317915753307865 48.79266919841203
57.975012843263826 27.317899319238016 48.79263248883932
58.23830217999624 27.244609184305798 48.62946683538589
57.69865588806249 27.404234387433853 48.966676400197855
57.69867257298355 27.404225567584692 48.96666290724221
57.698689453788134 27.404216635988078 48.96664925364284
57.698706899708725 27.404207391459288 48.96663513916873
57.69872403117351 27.404198313977048 48.966621279216206
57.698740635904734 27.404189518592222 48.966607846225784
57.69875612881209 27.404181324418676 48.96659531603274
57.97487096408689 27.31793775395729 48.79271838561667
58.238397023802946 27.244585471813924 48.62941119092973
58.23844371523916 27.244573799317404 48.629383794036436
58.23858514519781 27.244538440689297 48.62930081434886
57.698644652367975 27.404240537587558 48.966685543850325
57.69866191148239 27.40423140765425 48.96667158476244
57.69867974789774 27.404221957963053 48.96665715484119
57.69869785937525 27.404212353689953 48.96664249997819
57.6987161214972 27.404202663248554 48.96662772150963
57.69873403609859 27.404193157736803 48.96661322441206
57.69875116300381 27.404184077557385 48.96659936675531
57.974814567687304 27.317952985894035 48.792752480189876
58.23835972135688 27.24459479572292 48.629433082761906
58.23868176069422 27.24451428537072 48.62924413009142
58.23872688239972 27.24450300528595 48.62921765428615
58.45966792756118 27.18947763829324 48.49809133248074
58.45966792449614 27.189477640009127 48.498091330096926
58.45966793250051 27.18947763676185 48.49809133340161
58.45966792779444 27.189477638981664 48.49809133072337
57.69863375163058 27.404246508095024 48.966694415921815
57.69865160056689 27.404237059712095 48.96667997803469
57.69866994397866 27.40422733672753 48.966665136668695
57.69868887668036 27.404217287886553 48.96664981483906
57.698708033277555 27.404207113192662 48.966634309903924
57.698727058794745 27.40419700587227 48.966618910449796
57.69874559178018 27.404187163691844 48.96660391060475
57.97474476021921 27.317971868393585 48.79279471293802
58.238330541357456 27.244602088877073 48.6294502092218
58.23868878253136 27.24451252756498 48.629240016837585
58.459667933114474 27.18947763515445 48.49809133687058
58.459667940149345 27.189477633706137 48.498091336447445
58.45966794300443 27.18947763211102 48.49809133866033
58.45966793533026 27.18947763517138 48.498091335617374
58.45966794770541 27.189477630703806 48.498091339417755
57.69862348904183 27.40425213346383 48.966702769801216
57.69864173106403 27.404242474275357 48.9666880132072
57.698660455401146 27.404232546938676 48.966672862975365
57.69868001066608 27.404222161937064 48.96665703575888
57.69869996598554 27.40421155522535 48.966640882232745
57.69871993643429 27.40420093650817 48.96662471537971
57.800368879310085 27.474211007137615 48.955755860403706
57.80041891496788 27.474259291799385 48.95575749805533
58.23829594812436 27.244610735441956 48.62947051156132
58.238701018243475 27.24450946620267 48.6292328446347
58.459667956229616 27.189477623345155 48.498091352170476
58.45966796090015 27.189477622931662 48.49809135059216
58.4596679626263 27.18947762347122 48.49809134836983
57.6986327287552 27.404247419311762 48.966695344058195
57.69865196521677 27.404237216496515 48.966679778377795
57.69867198767828 27.404226580443932 48.96666357223035
57.69869265908449 27.404215587107164 48.966646837405946
57.80036367994276 27.4742286128277 48.955768864420456
58.45966796878051 27.189477620820604 48.498091351275015
58.45966796826821 27.18947762028928 48.49809135281326
58.45966798821266 27.18947761306709 48.49809135899032
57.69866499039832 27.404230444118937 48.96666927577936
57.69870442187631 27.40420798876358 48.9666369488493
57.69870875842548 27.404205752831707 48.96663345728991
57.69871303064754 27.404203554203228 48.96663001865022
57.698717336350896 27.404201338283634 48.96662655304553
57.698716947795845 27.404201725986862 48.9666269169364
57.6987223158627 27.404198882023145 48.96662257409864
57.698742839551855 27.404187950884534 48.966605954403434
57.698742446630284 27.4041883381667 48.96660632108188
57.69874747697739 27.404185678180518 48.96660225284143
57.69875567312027 27.404181468255445 48.966595658106456
57.69875637167456 27.404181101945955 48.96659509399646
57.974997055082426 27.31790361741504 48.79264207009843
58.238294945439414 27.24461099316018 48.62947107958819
58.238431142904915 27.244576942661034 48.629391170010244
58.2385791078941 27.24453995017811 48.62930435622244
58.23871657782498 27.2445055816057 48.62922369991099
58.45966792421909 27.18947764014588 48.49809132992488
