ply
format ascii 1.0
element vertex 16532
property float x
property float y
property float z
end_header
52.79000721241991 50.574889155330716 38.446552333875644
52.77679899408859 50.66828297898913 38.446980202584726
52.8196973607613 50.66513146835049 38.48167755559491
52.819542877905846 50.66586546728253 38.481986216372604
52.819948176909634 50.66907919270962 38.483513075505215
52.87933226501666 50.67905469771889 38.500216129291054
52.967886689133735 50.82435928742885 38.45125509492376
53.065697212112454 50.92798020034253 38.42976645490961
53.04597387273742 50.93348618010856 38.43253729739839
53.04701457538374 50.93284631288698 38.43240651647287
53.065950592673204 50.9274844740681 38.429937009025906
53.066363617114305 50.92698581840511 38.429600393102405
53.06626818994028 50.9270172501802 38.42984459393479
53.06639465204607 50.92684202291418 38.4297863144414
53.066860106906745 50.926295104938966 38.42937709418314
53.0669299192547 50.92640963068227 38.428925260572605
53.189623498177696 50.90518991416556 38.344266137228985
53.06690301078973 50.92647109536595 38.42888962807062
53.12795616378931 50.91139257423661 38.39236154549257
53.197904716680455 50.90376886905468 38.33994604698458
53.21338792274071 50.90106551795802 38.33170588602842
53.20200102451008 50.90305038790573 38.33775451890736
53.20598933132173 50.902321951448954 38.33551938281935
53.28075058215873 50.87979998210271 38.347206856618044
53.28774008128225 50.877000820709554 38.3517141683985
53.286196574159064 50.87761519216434 38.35093107584699
53.29204097945849 50.87526872143257 38.35503168177979
53.39800802158902 51.01215860329869 38.39005133415235
53.40288361852095 51.02143542954799 38.38684043569839
53.39952373646465 51.01755907340872 38.38830564882248
53.44078960553844 51.06044026952227 38.39975830099062
53.45776761519413 51.06836604846472 38.40714130581121
53.458221773613886 51.06842992213404 38.40646734356247
53.46305434568123 51.069197981974575 38.394496993200114
53.46351548123307 51.06849688013455 38.395032319783404
53.46359185535243 51.06838161658928 38.39511983652952
53.463641947413386 51.06807613655571 38.3954853737
53.53815347017665 51.04876109311416 38.36794649363889
53.54469562606985 51.048844437385604 38.36360241926916
53.56585647653118 51.15099538024543 38.34193190514787
53.57552227592487 51.15942584835919 38.342833181766814
53.576150788892214 51.160252479272984 38.34307804994797
53.661392126048526 51.235543080176996 38.34370060394008
53.70835017688002 51.27093564721947 38.44341297029442
52.48445136334096 50.72142439907256 38.4385709828578
52.499252575561016 50.83903198302957 38.42418047323401
52.631537711808676 50.754750460505655 38.45074599594405
52.69384288150575 50.765317080547774 38.45071320640414
52.633748869951205 50.75442894524926 38.45066579298235
52.69254614829147 50.77292451894883 38.45076518291339
52.691719107235684 50.777799298645576 38.45080328691343
52.72908274327313 50.7950585182791 38.45477915584042
52.736409793320846 50.7838109205515 38.455228240024546
52.73169788110016 50.79105120829314 38.45494320834723
52.819152850860135 50.667279797730174 38.48256599153101
52.73413223392441 50.78731961028238 38.45509522568986
52.78697867378976 50.774735624910015 38.49422626848545
52.79228434258627 50.77575236877435 38.4993671072206
52.88068584716452 50.80263399728804 38.495194504909165
52.87846807679165 50.80144967971686 38.49699231333332
52.96945633063447 50.82730096867167 38.45110314858972
52.88051205085361 50.80558775523485 38.49637447748632
52.960643681787005 50.91049006307357 38.487756530512584
53.0462049673925 50.93310500454069 38.433086115880094
53.06592689260748 50.92729235372605 38.43039480861101
53.04687457012254 50.932652993852216 38.43309939837569
53.06586099098861 50.92709853574474 38.43099158823703
53.0664922790511 50.925627514047434 38.43188520456973
53.06712456282071 50.92496958281565 38.431160432883075
53.06693951474982 50.92457337219979 38.43254211898548
53.06695366854698 50.92632212219854 38.429022780058574
53.06722163985963 50.92403143890126 38.4327120966055
53.066943005867344 50.9253918706891 38.430904969442835
53.06643972749167 50.92681025157473 38.42970458510102
53.066482143559284 50.926617326512726 38.42995152998414
53.19431983222504 50.904382220552435 38.34180983684146
53.06639167045389 50.92681900059886 38.42984162867884
53.13054352508621 50.91089968373328 38.39122549323021
53.20691884523967 50.93857712914573 38.355814811776185
53.28515216658535 50.878030592382345 38.35041872822095
53.20718270000394 50.93827117522999 38.35550226501433
53.28418534540734 50.927532943939475 38.39319906228692
53.34606230771221 50.913232384412396 38.45307191370854
53.37457924279046 50.98371820184382 38.46113938941853
53.373528486373864 51.051711437966205 38.50821656009057
53.374170631938334 51.05115802832198 38.50977449126202
53.41843910345962 51.04705464065136 38.50109604400963
53.45760051990818 51.06835504405832 38.40736991539957
53.4191621819587 51.04800745120416 38.498751567859856
53.467411677668075 51.035892174271105 38.46313542584046
53.470274571724715 51.0384495992399 38.45257439449687
53.46940159345293 51.03731865366303 38.45647088330477
53.469755932897854 51.03742995700948 38.45555894961859
53.47148867024712 51.03602147753656 38.45485991408273
53.537334394859634 51.04667571384536 38.37101741504556
53.460207931797875 51.06425107487078 38.410425643268056
53.52323615460172 51.107475385068895 38.41899315187095
53.52575087536152 51.23337125374784 38.41263760024
53.57506923362087 51.161161705379115 38.344216451845696
53.526589313538864 51.23478088054005 38.41315081399132
53.63186721599463 51.264254344727235 38.477190629135706
53.704345773555886 51.26879697874834 38.446726082644396
53.701151146656855 51.26775272851698 38.44846756034472
53.70439590708919 51.26731134936366 38.4487447244247
53.71372485073978 51.26740207946795 38.44768943791457
53.713605196295404 51.26727164757218 38.447879055709215
53.713775743050064 51.26728559216811 38.44784302827584
53.7973927256905 51.27894042453034 38.47835418411987
53.7982691900983 51.281497884544706 38.477623352192964
53.829737159998096 51.33558511294123 38.471516797516095
53.83402171372894 51.33566193230437 38.47784212567768
53.83876630006431 51.33613414716831 38.48415365534509
53.8719656355432 51.371798283788195 38.499458649389695
53.872851666926245 51.37483664693302 38.497183625928514
52.2840210760895 50.865786978159726 38.45020252065278
52.34515508794214 50.84395414280085 38.447719970099904
52.352112396847815 50.84159218712456 38.44338377878735
52.43346498938647 50.83095140237439 38.42718867112769
52.484176573176875 50.72701166810475 38.43700332939885
52.4979827662401 50.83717011946076 38.42377006721512
52.49910574985662 50.83827444534035 38.424825452774904
52.49833617334253 50.83745289900347 38.42418489136229
52.50011792653818 50.83961592564678 38.425334721123264
52.61385946219198 50.861350606329125 38.45262544819121
52.4996400760873 50.83863121959652 38.42554300497255
52.50130472038737 50.840484250200184 38.426831568082605
52.61439673689339 50.86150940258095 38.45261916772951
52.625033084877956 50.86461031987935 38.45242057406297
52.62257814851275 50.86389477312087 38.452466696600375
52.6892860153182 50.79209817645384 38.45090620182243
52.72657042058434 50.79892750868887 38.45463171061024
52.62538155874763 50.86471276824283 38.452415551854216
52.71245070326954 50.87343269870928 38.48143940765775
52.71837428448845 50.872575813382106 38.48611678419064
52.72762891643147 50.871223294172765 38.49341708259476
52.73462381770935 50.870191785904524 38.49892992254372
52.730523366665295 50.870798106684234 38.495699140866066
52.791597197188004 50.78325641024754 38.50270314276273
52.73830566434451 50.86965198004198 38.50183334281289
52.812734393492555 50.81910949426853 38.530790812136075
52.85331272580604 50.91200567372784 38.522839499354795
52.95732273049788 50.90969620731295 38.489420256046614
52.855710078559724 50.91320435199002 38.521244424687026
53.038366461118656 50.94120767690889 38.44180756998232
52.95461587778557 50.90898834896589 38.49081570838041
53.03749695511854 50.941700837032826 38.44177609565719
53.04112504963493 50.939043813173114 38.44223474143089
53.03948170588026 50.94025496392143 38.44202281801285
53.06648944391211 50.925104909590814 38.43293245846253
53.040923505639945 50.93918302826363 38.44221384308996
53.066178563746 50.92486131616283 38.43441531410634
53.06670073414866 50.92356414232245 38.43531421659263
53.06665021044135 50.925336257497825 38.43195629366098
53.06666788582203 50.923731773273275 38.43508677361829
53.06617708772545 50.92595424861884 38.43224896787507
53.08983151018113 50.955805845015945 38.43571436644531
53.13457134183558 50.988309809332094 38.49611261539254
53.13354000306056 50.98702572334175 38.49538374886181
53.2052430522913 50.940770401725196 38.35779211522589
53.13719645209861 50.99004161272586 38.49902533326882
53.18639085279845 50.988289166828736 38.46834637293563
53.3288684220686 51.01591266858954 38.57873387660228
53.327463594597766 51.015837678404 38.57883948517043
53.37429353969455 51.05050443224859 38.51046844479733
53.32875487244331 51.01590140178778 38.57874205892776
53.38622067654143 51.03957817687447 38.58052001039549
53.38706471129552 51.03904224718971 38.580154143439515
53.38705145442641 51.039040713698114 38.58015818563122
53.41754532706622 51.04597252031221 38.504293120077485
53.38707054116712 51.03904600035835 38.58015289313826
53.38770418354294 51.03994068135712 38.58010036498058
53.41803453505029 51.04709922839495 38.504215026779804
53.41591349933014 51.0445520901382 38.511867317842
53.4168369261936 51.04572998307593 38.50875148768514
53.46522397822467 51.03307820977516 38.472861188236266
53.47011412242887 51.03403553132602 38.46139030799681
53.46686170411012 51.03288803498095 38.47000315415248
53.46827742089104 51.03251128438505 38.46794148022306
53.51722378390123 51.22539380447482 38.43547704104178
53.52635866915063 51.234612369226255 38.41313253250558
53.517967666040974 51.22663791521906 38.436014243647925
53.54091437570146 51.29783655178104 38.467439417893296
53.63186867859608 51.26426850683999 38.47712788497966
53.542435383008616 51.297824675706536 38.465958696665304
53.68270790138758 51.24496016987176 38.52956409988632
53.68933557583004 51.24113845488198 38.5343626921243
53.68881759955279 51.241493173485836 38.534540975946655
53.68960134478317 51.24104621381148 38.53515751108836
53.69820093150375 51.236095167915025 38.541460164682206
53.79949279898089 51.27835088970858 38.48238549647038
53.78301210942544 51.245873763093805 38.574865307696314
53.80426665534508 51.27810564356194 38.490606931548534
53.837295580912375 51.33470243432055 38.48449782125772
53.838646479644446 51.33430579737224 38.48724545277896
53.841620082761686 51.33397939923989 38.49231505416479
53.870111703973286 51.35880406372293 38.51087729132889
53.86983242631056 51.357836264517175 38.51160451831383
53.87009257999474 51.35813552207196 38.51153132259953
53.876429499019665 51.367055623526184 38.50811240310301
53.87716715233411 51.369194548613876 38.506610259320865
53.87683638549385 51.37740710154377 38.4980822747103
53.926934549316684 51.413542927470175 38.50469391350957
53.937688322284544 51.42019979079037 38.5071525245647
53.979203607191266 51.45508251457396 38.511402139368236
54.037756024497014 51.51678458678039 38.510208146517705
54.89992162261335 55.110637625252046 38.46424536576927
54.900104862083595 55.17614889295646 38.470761225741434
54.899711747449956 55.17650167448754 38.47104866919864
54.89832162532066 55.189627420460155 38.48734057964802
54.896139098559715 55.19012321359212 38.48711174038107
54.8965360220336 55.19003469765605 38.48714885809743
54.92234492847689 55.19561915610173 38.48931791589597
54.90735334611515 55.187592573804665 38.48824165930732
54.92436908665902 55.19995729155808 38.489323601517206
54.94660671293561 55.25169798926442 38.48282471935591
54.94301861714733 55.24691957917146 38.485216700490994
54.95012335616594 55.253670977583205 38.48239011683131
54.95061569096352 55.25472234602215 38.48178307668162
54.952546624847486 55.255946404265394 38.48144528630559
54.95020325431632 55.254455933694075 38.48185872204456
55.01844621916443 55.32602234647529 38.46067080180025
55.01172506987571 55.32141667198773 38.46064240620351
55.02478167608462 55.32851406508122 38.46206381726799
55.07180950728517 55.37252624352387 38.467437345868056
55.06675099130359 55.37572213279831 38.46454625282371
55.07195314896254 55.37638266294196 38.46740506474029
55.06520574387371 55.3884276863765 38.46332321957374
55.08147353739221 55.406170282532536 38.4931257233873
55.07705590950376 55.420330140264554 38.495469680582104
55.07544636385218 55.42553685882154 38.49789250734046
55.074065385546845 55.43010282908596 38.503220430485925
55.073807117440474 55.430978846137286 38.50494469730648
55.11683068502231 55.55975082396439 38.46148816780354
55.119113068477745 55.56239059488239 38.46061813046299
55.13560730832961 55.578104930114726 38.452972157158
55.15226206946929 55.61529201904204 38.50127044456647
55.15309834557274 55.61553941447116 38.500258987447324
55.15951614278952 55.61743912212972 38.492481260743546
55.21528117738981 55.66633346490458 38.53193857231897
55.22378085806357 55.67803765181055 38.53284578069381
55.224577199124674 55.682487279557805 38.54587398546634
55.24131880023194 55.73980521514088 38.519744322694734
52.2922083998335 50.87301461300581 38.46789270436881
52.342279760055 50.84490691614785 38.44953347521033
52.34931571747816 50.84255861820103 38.44511126065246
52.43302650869523 50.83146527670727 38.42806374336662
52.484561367529594 50.731887684706976 38.43663697748853
52.49812517134876 50.837263260396334 38.42396378714605
52.06574064977555 50.84907060178366 38.44228599892351
52.19323361588626 50.883777316536765 38.51650509839969
52.22306524573625 50.82448857361746 38.57493779312024
52.19831377700004 50.88250574231319 38.51631292694684
52.26631570953185 50.8153404895759 38.54247239036409
52.304010996529954 50.860457452403416 38.52839179471242
52.31503011383038 50.865025882704764 38.52183701487725
52.317263922826086 50.86531552296995 38.52458842491704
52.44764052560412 50.833832293599535 38.481307522324734
52.45264343620809 50.8325553521748 38.47588652918522
52.50049977405244 50.83906571027773 38.42687568489327
52.501814641621486 50.84030296267426 38.42818261897335
52.50125662297836 50.839706534709734 38.42771907614888
52.56330383399474 50.86233881258158 38.447631826725036
52.61479115051449 50.86162614141208 38.45261484634254
52.06423599999384 50.84856844362947 38.44163651534741
52.11814642204314 50.872061096905014 38.48384049236917
52.1929692988259 50.8839386365928 38.51670854691425
52.50215080897649 50.8406132669508 38.42852444462682
52.54436742583009 50.87338701811815 38.48612533879687
52.61643547247143 50.8621135888893 38.452598150344066
52.65430443736093 50.8891795451466 38.48935994324563
52.713763271144856 50.87326343165492 38.482486818235174
52.65485237454688 50.888910478990965 38.488345107614506
52.72028199470557 50.87230822018047 38.487627610398945
52.72849861358313 50.871097145938066 38.49410363100257
52.71476530161385 50.87312633109994 38.483282224757886
52.724418283347816 50.871717321949646 38.49089767237014
52.76523733814673 50.88894000918697 38.52632380325609
52.77534701055574 50.88551858382664 38.53397120599699
52.77313210593863 50.88636932027319 38.53230767424747
52.774773222716966 50.88635663931042 38.53361304784225
52.852827075065385 50.911483060775026 38.52335226073007
52.778697701296565 50.88417686802182 38.53648133432542
52.790923632903876 50.89853785453766 38.55344536383137
52.83496276516034 50.91406672364931 38.56368041961164
52.91022265957125 50.93324969660752 38.53309525577401
52.89837172303556 50.92422272962152 38.540347115133855
53.03701793136874 50.94201170992079 38.441737354107225
52.91000127362854 50.934176308200506 38.53483509281669
52.99930980691809 50.957381523314574 38.48969160402268
53.03863325585651 50.94097499621448 38.44186166682196
53.03795710294921 50.94144311205358 38.441790972375344
53.06560384314892 50.92603689566733 38.43392681777679
53.06662688885525 50.92373457681818 38.435212941404785
53.03846172453908 50.94111323094257 38.441833092829555
53.04234399146871 50.938540331865454 38.44217625154412
53.06526352105874 50.92718535118183 38.43273900188285
53.065492534016975 50.92727276970558 38.43182945140114
53.0652931582398 50.92737209230766 38.43227281006819
53.13123334330644 50.98446917152192 38.49353653646403
53.10604049936991 50.95404535017807 38.488499833394364
53.16748945197376 51.02975794494141 38.551223568977036
53.17083589019642 51.028060394102724 38.556102515760706
53.17099044565695 51.02800871964151 38.55646224559006
53.16876426763594 51.02898137115303 38.552429010208286
53.17123011332798 51.02789116571583 38.55683189658579
53.1719039769675 51.02768104725093 38.55847666874701
53.3123720486012 51.03079488386379 38.5860293047568
53.38589849011311 51.04039807564918 38.58076505546831
53.31893949483647 51.03190898814711 38.585850805940304
53.385322208079046 51.041932156586824 38.581214928874836
53.386731607157444 51.042087742628624 38.58078390941522
53.38797109913574 51.04140533628564 38.58026454087217
53.387302361905185 51.04256967398162 38.58068111120824
53.38781900996776 51.0433731471559 38.580650952909174
53.387124914674075 51.04419570179557 38.58101722079868
53.41836735082815 51.04774708845834 38.50379069779398
53.38682426793258 51.044390588300864 38.58114822619652
53.3962222217514 51.10974279774432 38.59324692280828
53.44421652466487 51.183287083940996 38.56923121128538
53.4437715591193 51.182593525174205 38.56961721427933
53.51765905163298 51.22673659974127 38.43649427791046
53.444429584418316 51.18419543251808 38.56924235605177
53.5357596091982 51.29751416727033 38.4730468461653
53.53993831319494 51.29773781739759 38.468562430583674
53.53677804284415 51.29754250741033 38.47199642110355
53.59276404249381 51.2771346409873 38.52432592815512
53.601726431791676 51.27569031514954 38.527418401669095
53.601381612530545 51.27550996669264 38.52875752521656
53.603137033076976 51.27513803515733 38.52991354034596
53.69317344493284 51.240093892374645 38.548678669106025
53.77883058271625 51.24467330675131 38.57736213323704
53.69513476793006 51.23896227751689 38.55009222152974
53.775512941957786 51.24762559735313 38.57943857592371
53.79160461586359 51.25751075096302 38.56995881281193
53.7853053254388 51.25433161925979 38.573686666766896
53.79162928360025 51.25947642819798 38.56999196114029
53.85587866422364 51.30498653502094 38.54127492238564
53.856414989518804 51.30619662897726 38.5410434851009
53.872471384028444 51.3553893699309 38.516362419374936
53.87774187088192 51.36627377388926 38.51004211422056
53.87592065919258 51.359071767161886 38.51567821709643
53.905125002446425 51.34576958993854 38.54648978512574
53.87738338452328 51.37661961235869 38.499349699382556
53.910009077417556 51.34606475876532 38.548611650038865
53.968864378475224 51.38092183374164 38.561789808977075
53.98277032317359 51.38852824696354 38.565479811919005
53.97880457484055 51.38623494461143 38.56447441893073
53.98931546601267 51.45935188679763 38.564908324854386
54.04688038011888 51.51919721023602 38.56679287147201
54.044230096710194 51.518827673549566 38.567838414146195
54.045237635105295 51.52621141497289 38.56736263266933
54.054090757529806 51.533214479681455 38.56380769261084
54.04785784273854 51.53428614343565 38.566245610394816
54.060129897128746 51.58828885126644 38.55413115188233
54.066081080424 51.58947339437373 38.55099443172364
54.085083187367474 51.61269012291513 38.51946311388293
54.08270715637922 51.6213293000562 38.51567531988734
54.79039833884272 54.87086676780437 38.489872494148685
54.75269219189815 54.88190661735948 38.49905009574266
54.75268734997201 54.88197242666348 38.49911024923166
54.73797168838134 54.90538748005776 38.503696400298004
54.72010238460137 54.9430077329782 38.48266494850911
54.80418682140764 55.02982865303651 38.49845204398217
54.79764690053865 55.10890018452076 38.61476500402972
54.797965945568215 55.10914808622239 38.61461588442792
54.798543131846266 55.10955551504466 38.614372488161315
54.899173402919466 55.177118952933654 38.4716042799
54.84240138103413 55.14984758477243 38.570557550184894
54.84480536644108 55.15474674271064 38.56184012872454
54.89602069941927 55.190147762806774 38.487105722517626
54.897278368463915 55.18986178612799 38.487238349233465
54.89764580374295 55.189778124191044 38.48727740268461
54.91837346685571 55.25059671406635 38.49667302340245
54.917881714797204 55.25072756042445 38.49697214922497
54.91807028393879 55.250676062568985 38.4968616542064
54.94750429512463 55.25240924040503 38.482567461582754
54.947871321947204 55.2526969067485 38.48246450000115
54.96034985657432 55.290330032720234 38.51526066343489
54.96062912146223 55.29264297758699 38.51735186409704
55.02351836352562 55.33580153766387 38.515576096366175
55.050574988032984 55.38373154293136 38.509802131090005
55.07852726034497 55.415823034002806 38.501573934119385
55.0781800950293 55.41696222540386 38.50262835211451
55.07795729473326 55.4176780275336 38.50280119845227
55.07464653600233 55.42824042340164 38.50292395045876
55.073984691080284 55.430491133814456 38.50753381403534
55.07341097095524 55.43235958884997 38.508810077626286
55.073301896252715 55.43265554251575 38.507100347123036
55.072325648212995 55.43593788921727 38.51266351064375
55.063046273785446 55.506660554256236 38.52390667345455
55.116944975825795 55.56110746188886 38.46193924492491
55.063100063678704 55.51178594764873 38.52456580000949
55.13778441651918 55.610611742914365 38.52423900170744
55.14049059101464 55.61135660377863 38.521731140949385
55.14911472152725 55.61396296917873 38.51054371576171
55.14707574038396 55.613255614034365 38.51444063672689
55.17169253317013 55.61926299584309 38.55526177413242
55.224007258787694 55.67934001780421 38.53667613940903
55.214981741378736 55.673607472885266 38.56153995564382
55.22548486848405 55.687686016253565 38.56115379667676
55.22594737588 55.69034656401874 38.568978664810814
55.226433934547096 55.69298305438834 38.57666043021018
55.22659060616786 55.693823668210975 38.57910572892525
55.22013481588685 55.78371278475062 38.49570217395707
55.22432328736761 55.81099912194105 38.57614862835792
55.243554552688835 55.85783072237489 38.56659910452828
55.24325679955379 55.857527402600006 38.56746508913204
55.27720909055107 55.87447199764814 38.58777022404111
55.27719700990145 55.87457667890026 38.58672493148591
55.27709854605261 55.875231801204286 38.581014021074616
55.27708566105763 55.87530156513074 38.58049307466109
55.27872659095854 55.93359030083555 38.54861715067889
55.31771620980199 55.966031268879604 38.48510230112412
55.31634740543622 55.96518210684101 38.48576104780923
55.318036377186104 55.96719005744502 38.48456503371885
52.22303382319867 50.8245431946517 38.574921833139285
52.26600164351774 50.815170871756 38.54290852464109
52.304129485707435 50.860309786558076 38.53060870512362
52.31599159214363 50.865100033936464 38.524549729811625
52.32560426726993 50.861671322480106 38.59134347125754
52.444477540927096 50.83576166147432 38.48832337638321
52.45090578231188 50.83375698459881 38.480194002340696
52.50079000647976 50.839329701823985 38.42717579766199
52.0484102060655 50.82148851382547 38.50359934337491
52.048645212280064 50.82141553187819 38.50487379717923
52.049742072793734 50.82099430404128 38.509552426187426
52.07833336680553 50.84481535104992 38.54317543164214
52.07660478784749 50.84408486450087 38.54178713022257
52.13654848418433 50.90445292939785 38.51888459020302
52.15822653587995 50.90411232449697 38.532176552333496
52.191104663733164 50.885149997600934 38.51829283728037
52.2310883724486 50.89080343626921 38.527956621654226
52.208789856939546 50.89362963624189 38.53451740011766
52.2812939710043 50.87439903534728 38.55603047236106
52.32115844547008 50.86113934588263 38.58553135812329
52.32503261498926 50.86149945532504 38.59124935070706
52.3282018280804 50.86185927429633 38.59551501734165
52.39971593520933 50.85352289725898 38.58022880615289
52.465758399009815 50.86213613265678 38.56713873641059
52.473920721357366 50.861542557356806 38.563072390498974
52.54239114817501 50.8749076671789 38.55424275594665
52.542282940792035 50.874867092145514 38.554296258184465
52.5449910475804 50.87612208390228 38.553842567866255
52.59410561599794 50.873696005928885 38.49573589878661
52.65396390319836 50.889354276532394 38.49000585673707
52.078470848468065 50.84473996531237 38.54376146438223
52.10867812816234 50.87313714251388 38.56731978263538
52.15865505998869 50.9043025648719 38.53265999285773
52.15982036703281 50.9048164955187 38.53397391868372
52.54244805233146 50.87500421165328 38.55449259849684
52.546591079241246 50.87827057087681 38.55877504322299
52.60217474276718 50.897151093111376 38.562601368217464
52.64884260495457 50.891955818830226 38.499666613701656
52.652207358607 50.89029409328691 38.4934156037284
52.65035704321574 50.89121376305174 38.496864986701326
52.73007080429693 50.87089704047697 38.49535962508373
52.76810627649817 50.888395090390574 38.528544201539255
52.65131145048025 50.89074654059321 38.49510024695464
52.760633937111336 50.89271983401332 38.523103438954834
52.785084178632324 50.90575139302333 38.55066749927191
52.806318381922885 50.87943817123467 38.56084102936308
52.80390923388178 50.882442822650965 38.55966988428208
52.82775551533244 50.89320724685859 38.564574419937976
52.83547025343504 50.913840687906784 38.563914305263154
52.806638107072885 50.879040655589286 38.560995367069886
52.828311194091455 50.89264812471531 38.56488509327891
52.840389525918184 50.918407866528966 38.564997795758785
52.91107410710799 50.940047347789005 38.54158173162813
52.90542724442122 50.935672683816264 38.54492966080149
52.99469262733753 50.96020973698969 38.4958603994451
52.91179385770626 50.942101075852236 38.5433466113474
52.986208239953015 50.965350215440125 38.50799595174135
52.984941615030905 50.998387423289486 38.55660935466287
53.0554560521438 50.96099567480754 38.5014501093503
53.0120716624001 50.98131543201763 38.55979685247759
53.07472537830164 50.956957545599145 38.489960581658295
53.073918753493025 50.99292677729318 38.56900352082297
53.103359302139346 51.035751363151405 38.61840102437399
53.15587583265281 51.02864815768265 38.60338057432406
53.16526183625074 51.02610258576108 38.600726586133305
53.15655872345424 51.02852190104868 38.60320414521518
53.16730165028194 51.025674873318025 38.60018528824796
53.17958403659396 51.02063764923526 38.596229992543066
53.224116462935775 51.036759246776825 38.595660119083206
53.17694976521956 51.021976647967435 38.59715142409491
53.31225969419937 51.03133095927116 38.58617541818662
53.22363809223926 51.036600901234394 38.595663406804796
53.313636376463215 51.03600304181647 38.58728182389855
53.38216008236027 51.04918659652214 38.58348420928962
53.38141905109078 51.05018120960662 38.583895186717136
53.386156631354794 51.04399975288797 38.581298086222944
53.380540687054044 51.05242731259751 38.5845651008601
53.37951934698076 51.05682036370244 38.585649148434
53.38463772810003 51.049791532729465 38.58278326362476
53.38241029095374 51.05321310064478 38.584092575634045
53.38678738973716 51.04497571145602 38.581260414894615
53.3834490163204 51.05151363824039 38.58346421079754
53.39526430845861 51.111948849008755 38.59401673048876
53.39750106778915 51.118869211540144 38.595102959750584
53.39737157016745 51.11990488724168 38.59538319507212
53.39836664939452 51.12388061901926 38.59608072236628
53.476342418940646 51.266329074162144 38.540170011968065
53.53461327107399 51.297346725662806 38.47444941765752
53.47801348312146 51.26795557703725 38.53803607648844
53.534767497772364 51.253145650830525 38.5825536646083
53.59704620499696 51.275191295714315 38.53354932671888
53.594843336341576 51.27529296144329 38.53435498382392
53.599164030687156 51.27440723939431 38.537016589870895
53.61620333532218 51.270590600190154 38.54951344428795
53.69373294894662 51.24014922233734 38.552815649951576
53.61860496250776 51.270020822478955 38.551471597314546
53.69445711640858 51.24100489224572 38.5659118062999
53.772235399084494 51.25003385043604 38.5814774954846
53.760985549737235 51.248249790649105 38.588230215017276
53.769834245872715 51.25156974804739 38.58296564030747
53.819217902542896 51.309782462933335 38.56360521016667
53.81428958978361 51.307559051435895 38.56634118462111
53.85612726756648 51.30534370040863 38.541237073442915
53.81887943801897 51.309711361927455 38.56393416302134
53.845209098803544 51.34394853057552 38.573646403366524
53.8739535530914 51.35778269710969 38.51525478654645
53.84649544219738 51.34411275208304 38.572621042208944
53.903073833455025 51.342411080123625 38.54721013513337
53.90800659137212 51.34543549653132 38.54799488809309
53.90621149850612 51.34358979099828 38.54808051111119
53.91245529494272 51.3448367686172 38.55035984401508
53.9747325653935 51.38380329683385 38.56347117504737
53.97142235083933 51.381724691749206 38.56269415461981
53.98212253233244 51.45558306375143 38.5632166431298
54.03664162916482 51.50188553720875 38.59164437277362
53.98995687881731 51.469270449439115 38.56608762798268
54.00378443906115 51.55168827415021 38.56833879821641
54.04112232512628 51.53685724652833 38.568864838364696
54.00281480974175 51.560076157708984 38.569728312042244
54.0162187099652 51.58632813825424 38.56759206180112
54.05531071404516 51.59005664611864 38.55581244966264
54.03484451589031 51.58635533835299 38.566482413581454
54.05000585095288 51.594220513473935 38.55696474073282
54.081532299348495 51.62232444526303 38.51933973026061
54.057698112537814 51.60288623372657 38.550663557464055
54.07331789358395 51.641428890000476 38.55669093063023
54.080374896437974 51.62871068068529 38.51381397541746
54.069238613715335 51.6638384375934 38.54111560853498
54.081138220191946 51.69284651251422 38.54647640519721
54.0822485843354 51.69464099691778 38.54546050642397
54.088248379279094 51.70307402852329 38.53757293484852
54.08784888082968 51.70269746884598 38.538449228556026
54.15039583471125 51.74473277088143 38.5491782954638
54.828082891956484 54.67133699500711 38.51541705351593
54.870937100568376 54.71164157966322 38.524906113351946
54.86866294503538 54.71436235023401 38.52541291266432
54.84245767335945 54.79145029388599 38.53495379167432
54.8396382077401 54.81165303925715 38.542385393402924
54.8391965460347 54.81405620900825 38.54365548540447
54.76928902163351 54.87703572388514 38.547894950838646
54.77969783585027 54.88286017950492 38.53941217909783
54.77830742907322 54.8831359283582 38.5362433273226
54.74725239113581 54.91148499901621 38.54434584961122
54.72987829196972 55.003915282761874 38.600047745720715
54.79680774216315 55.108181165743076 38.61520025982138
54.797452911819775 55.10880595133534 38.614819371265014
54.79768296674523 55.10899466628716 38.614705445729214
54.81574900083389 55.12352981743234 38.610273309347164
54.83295719046743 55.15717320141704 38.60277405957186
54.83294744990677 55.15559111153928 38.60320387859511
54.833042279831346 55.158008189406104 38.60262292233331
54.8976684270576 55.18977262535368 38.48728075487543
54.875799768181444 55.19834478478424 38.59205390058411
54.87862572315886 55.19742993716303 38.592316598546326
54.88688885943358 55.24717501051326 38.55204589371169
54.90446452131113 55.276474946918334 38.55401882783363
54.94729800260937 55.25234001231256 38.48256018297947
54.93530755229938 55.27857475685708 38.58904147067669
54.95394143305527 55.287299778962364 38.62094362384738
54.96601039176895 55.304299164708304 38.55571857553595
54.95958276232494 55.32322525519187 38.60635410910613
54.96106580532559 55.33072221715152 38.60358072054175
55.04650239728591 55.38406755930852 38.51325568346089
54.96169203988717 55.333677143312926 38.60244409842727
55.03282414128273 55.39639479949601 38.55757852517826
55.03968152078568 55.40303903268703 38.556679963957485
55.07134026429797 55.43946837326442 38.525440170965936
55.07056026969611 55.442033441946634 38.5279932245621
55.05982308404379 55.48666374177693 38.57264532510958
55.059819641989634 55.48677828056166 38.57278738782158
55.07788400541311 55.55290935789553 38.585344910267864
55.09084796610921 55.54511669146162 38.62839293785784
55.1014269683554 55.55684160715309 38.62577132078732
55.10496854809209 55.595054957068754 38.603189826523746
55.11871444901951 55.58767353975604 38.64731024988401
55.13170213888739 55.601413395319 38.650314776753824
55.13205602391518 55.60169667725377 38.65057987275461
55.214652365152276 55.678530815117824 38.582357541684175
55.18824254119335 55.667097103895216 38.6591784800511
55.22143131003343 55.70801803762826 38.66450163022513
55.22196224472444 55.70873904383979 38.6643643648074
55.22679169952643 55.69496349740868 38.582450500888406
55.22297663842377 55.71010071203855 38.664107941259495
55.24672843599609 55.77596048146669 38.6166867082921
55.20724901781977 55.74894234752408 38.62768601536911
55.24157267578033 55.85575583105185 38.57268454907136
55.26624140544383 55.83032251632798 38.606510380197584
55.27754904379185 55.87228655887079 38.60640398474401
55.277426439417056 55.87316799114075 38.59836142595481
55.277056300005206 55.875519276117465 38.57847308564123
55.27722652402086 55.87445833829981 38.58733032481249
55.28720626736355 55.89589676832433 38.59234457295603
55.28758940332124 55.89637888967882 38.59469154267065
55.2887058320784 55.89850999504303 38.59863835956104
55.282774871061406 55.945593988317114 38.56309206712776
55.31793346606001 56.0054216492351 38.52488577425646
55.28204535556894 55.9538833021505 38.56303835148927
55.317621106053224 56.00408883455923 38.52849989027287
55.31920990321892 56.005566567098526 38.52456103099396
55.396751940251086 56.0607470516062 38.519520498068786
55.39687152395298 56.06049641276962 38.518624661072735
55.394926388880506 56.063424788320546 38.527304936217135
55.37126264229413 56.131563471734644 38.612573688862405
55.337166259119485 56.18184021283838 38.695518396360306
52.05091827831835 50.82064466583146 38.516177404644175
52.05078904123268 50.820693124949955 38.515607685382435
52.07714402411864 50.84177477991756 38.55126315040779
52.23079541713621 50.890988885392936 38.52812253131966
52.28193791933549 50.874453867111114 38.55772915480854
52.32313437048019 50.86117266190004 38.5893968911363
52.32817157220468 50.86162633643838 38.596923233673984
52.33163183756075 50.86211170415726 38.600996634908604
52.39330791693157 50.85501441264992 38.58768851778024
52.46347226499222 50.86381973430662 38.57314226321552
52.47347425096341 50.86287046761584 38.56744798845863
52.069977175557874 50.85024632033586 38.554809927199344
52.0708873557904 50.850133015319784 38.55769515302024
52.10584299100242 50.86632043085254 38.582930718478636
52.07225984797273 50.851037292635475 38.55976302246943
52.10617147747345 50.86688620696073 38.58141022934351
52.12977659596348 50.8656768450908 38.58597607847936
52.16017599238093 50.905010952516896 38.5343828459876
52.161834578140144 50.9057250571779 38.53624929086725
52.19549851395883 50.91312035961853 38.54587084398683
52.19475499258016 50.913068331286695 38.54607730602533
52.28491908444781 50.874521839556664 38.56521987346562
52.327772282937225 50.861157406218474 38.59906013203218
52.33278525071475 50.86170653978007 38.60593381575483
52.33608353583525 50.86244546753871 38.60807226679892
52.3942131788496 50.87017002018252 38.63607572719856
52.41075309793958 50.8727111609702 38.63678346818773
52.48756785912226 50.89145181082383 38.637924918345696
52.55399285614757 50.90366457249846 38.627734234108175
52.55872566529837 50.904959154872465 38.623950623181955
52.55452948639436 50.90381777308021 38.62731430449353
52.563461520833975 50.90613842380964 38.620000236469465
52.64718449221718 50.892791995927304 38.50278206721993
52.10581085859166 50.866246997831134 38.58310272570258
52.105911383648085 50.86625699752595 38.58284731873695
52.12911082774906 50.86415109334189 38.5898664570654
52.14786650536921 50.87912720103948 38.59839189771144
52.16220533718748 50.90590741550693 38.536671316025156
52.55798306472637 50.90479492694636 38.624599328630936
52.563887991288816 50.90629879529469 38.619721155180684
52.56699538928408 50.90704806094837 38.61709446635205
52.687497314541645 50.94139834486292 38.55114912087052
52.682261071073945 50.939825835102795 38.553096528659964
52.77320354022321 50.92006166596108 38.54533693301484
52.784277632441295 50.90677423061931 38.550260567067205
52.68719753119042 50.941336029480695 38.551251454046835
52.77144831073634 50.92213705054479 38.54458344138078
52.77829941494881 50.91410670325788 38.547462738666574
52.78525700105787 50.905635818091895 38.550663802954816
52.83270887175811 50.9093721452802 38.563639710873815
52.78545753947238 50.90538891567068 38.55075847668152
52.843650786186345 50.92283602397542 38.56547084712278
52.836232624193514 50.918326000992224 38.56342061987086
52.85448507660565 50.936324080645385 38.5672565437953
52.93072786072132 50.97103389357336 38.59291554722334
52.928629545377575 50.96882655400741 38.59244362525847
52.98096621760196 51.02411403742847 38.59548053474562
52.985044018522935 50.999303041406435 38.55971475742503
52.93176138402881 50.972437156283235 38.59305728601255
52.97959262916164 51.02294610399691 38.59562904740072
52.99536450854384 51.03020842183622 38.60020448470556
53.05635982606765 51.04204489044625 38.61093212832036
53.053623439599164 51.0424966139025 38.61099279486398
53.10247497411931 51.035425477015835 38.61846455775576
53.155622495844696 51.028718162928996 38.60345257481827
53.05622128104459 51.04151251623096 38.61199340847983
53.100888323593146 51.03476602793156 38.61853101853349
53.14350470018485 51.03137020233256 38.60669965304613
53.16533233931806 51.0293230901658 38.60162250026632
53.15415994903362 51.03244720430594 38.60480819775929
53.18316519187682 51.01912627245496 38.595064687259914
53.162547264367575 51.033132005963445 38.603273261975694
53.17186338542489 51.026138518094044 38.59937623969637
53.22706672297105 51.04106087761208 38.59686796395077
53.31580541701274 51.03931658899307 38.587981956626464
53.22940240023327 51.04202620494672 38.59692289896755
53.32378542698726 51.0532772854821 38.58904905727212
53.37383107032107 51.064728379343634 38.58885066938706
53.37187369237747 51.06924166153368 38.59025926331793
53.37121522993832 51.069484713779524 38.59051470956415
53.37633182055853 51.098530001008584 38.59561005235565
53.39142789652046 51.11581485849461 38.59591271253339
53.39671125166494 51.12148569288237 38.59592820580903
53.3940831430652 51.12137316540124 38.59656748625863
53.400008321876115 51.13652698659067 38.5986856673553
53.42816050409114 51.20367418884592 38.58466399715639
53.42799033412313 51.20353401236051 38.584869739919824
53.475677364957534 51.26564100519779 38.54117857432463
53.42818608802523 51.20375348853107 38.58470617626997
53.480907610688924 51.272871508596126 38.5932774127616
53.573296332594836 51.29148843685965 38.59755522721623
53.48721830310186 51.2794626104428 38.59321079265862
53.574266222709575 51.29274024364504 38.600649451900175
53.591465882770294 51.28831347679125 38.60840657137266
53.61847006998164 51.269866939047525 38.55251049533756
53.593257532866325 51.28776781976359 38.60906503533221
53.62257303190822 51.30717457907691 38.61951284811074
53.72687420172222 51.261545861997575 38.63423917160817
53.6246975171625 51.30587906613273 38.619173478961855
53.72093101034139 51.309371716292645 38.67497076913564
53.75374512510141 51.30879786378476 38.62814162886574
53.726132866958594 51.31999914037206 38.682819444808864
53.72877599989518 51.32540300583311 38.686808170810984
53.783680540242386 51.351353611041034 38.65749556020525
53.78186214346617 51.352251034513586 38.66069514499266
53.84394904117159 51.34481799416947 38.575951545528646
53.78231365642476 51.352027083515324 38.65990802907218
53.832678111591385 51.34995050568334 38.59323180365089
53.905878905123274 51.34276560285549 38.5483366188779
53.83446663320275 51.34987496144205 38.591422522381066
53.83971366796894 51.34992984586249 38.58646366379686
53.92545732390573 51.37011119809687 38.54693818485898
53.91352072342304 51.343732974641895 38.55140471070129
53.9778896059799 51.45349679744325 38.56223524239285
53.98661241757568 51.46645376724075 38.56518682695359
53.98358116471563 51.463277055083196 38.56430343449951
54.007463775173974 51.53891719482048 38.61816940875874
54.00165260409509 51.56124781131968 38.56884664224016
53.98401098248701 51.59942358120506 38.607622101403564
53.98696227575954 51.59730551917331 38.60257560642154
54.01034080965249 51.58121665485848 38.57693812347903
53.99015470234872 51.59484508605631 38.59790626187993
54.006974500135115 51.607168418874096 38.56343169583877
54.05054137903446 51.59826950039885 38.55544096769985
54.007199532503364 51.62200498595282 38.58286733545063
54.04833854828306 51.65017023381161 38.58601560879484
54.07229055085221 51.64592425156396 38.56312482832351
54.04961290775593 51.65317828334904 38.58754888672257
54.07257684284364 51.691608021975945 38.57822328245916
54.05492706805883 51.66817340066467 38.5987921693454
54.08120978704348 51.693759192084634 38.547923880599015
54.07213036339973 51.69238116372996 38.58146912903762
54.081305489196424 51.69751577316438 38.554673712520035
54.07837464371376 51.69599586756527 38.563461364624416
54.07972790420132 51.755052046833285 38.59236150791251
54.158160876998316 51.74720332523388 38.55459764173658
54.08080871923411 51.762627679449466 38.59101039511765
54.160328476911324 51.836450522911775 38.64492427271276
54.24841431827897 51.78666054215926 38.546792034044444
54.16115136217708 51.836250490703534 38.64464956414771
54.29049048490806 51.83803845159246 38.57820433087894
54.23713895051113 51.8195382158594 38.614484795164685
54.24267724277409 51.864849014478125 38.625927660612774
54.26678414694942 51.91122932355487 38.571721681865014
54.279824222900245 51.96526833025918 38.593945831312354
54.989184864975385 54.506354695560994 38.68538934752886
54.98900280201858 54.50634162232761 38.68548205877932
54.905349965923364 54.53056835667385 38.651408222987826
54.849068298387024 54.66999810680154 38.56734218331704
54.84890030272231 54.66952489830845 38.56754335499296
54.84890779401495 54.66964204100601 38.567466845121395
54.85148343701535 54.675116465640215 38.565634747668
54.8552953265291 54.686721954397896 38.560459538403094
54.85453933502427 54.682272002328794 38.56299665883966
54.85519576883843 54.68412017067482 38.562211201849394
54.85835884898571 54.69190704543828 38.55921310017591
54.86115532632707 54.799336486891065 38.58475799676527
54.83883711410249 54.81345320133075 38.54504510386446
54.80436192990257 54.820525893983614 38.556898379274166
54.80134548789446 54.82995869266588 38.562292653539096
54.78066743278363 54.87663915204 38.56655241699868
54.78445882922705 54.87669135418281 38.572238193832206
54.771872082160485 54.905704061424515 38.59901958536331
54.755217193701384 54.939408796355245 38.6498184734088
54.74800661967788 55.00733854347227 38.65142757678444
54.79563974341504 55.106863755195036 38.6160095234685
54.79727573750283 55.10870903881959 38.61487599574975
54.794344285421666 55.10560768255993 38.616775314878296
54.795254734630824 55.10710100118133 38.61584481962476
54.80206272242071 55.11168399560434 38.613117008548315
54.83312286365661 55.14703341147585 38.605744827829405
54.85101290801042 55.17773130971484 38.603522238938815
54.864894032028346 55.19389508421 38.60081029633535
54.87691049131389 55.19835565118562 38.592098311954146
54.87724496859867 55.198216241984966 38.59213434907051
54.95402414510616 55.286095402649075 38.62150721174702
54.95395227510022 55.28619482604904 38.621608990142526
54.95392740078229 55.28632284368539 38.62158575443936
54.95190344695959 55.29385625266578 38.621495697377306
54.951255791697804 55.2959449865213 38.62166793149146
54.95503960010899 55.318618711081214 38.6118467611627
54.962484763443456 55.33897912405569 38.60074986535328
54.968996501257266 55.36600037010825 38.611797750636704
54.96966974733056 55.367246112219135 38.61254545284093
55.00571240647042 55.419385229484774 38.61275505930037
55.00338387312668 55.416796053355284 38.61540572954159
55.00826931922993 55.42311119220784 38.61573424975575
55.0460669939833 55.46091867354558 38.57745328830893
55.0415163815579 55.47607040776435 38.62723273813279
55.04633666506136 55.480997144240554 38.6208015525421
55.0597485497669 55.487058914858515 38.57396887940821
55.06674225559196 55.51122431901629 38.62070132737474
55.07186112795237 55.52310454917152 38.63113635536775
55.09121437185692 55.54574348792161 38.629057610632245
55.118616031073216 55.58762912173981 38.64727550141582
55.118584172095495 55.587603140867536 38.64727995217928
55.11870581735168 55.58771541677084 38.64724526653339
55.13216840419026 55.60175153920486 38.65057432687415
55.13242328775735 55.60188394265623 38.65058213501504
55.159909161431905 55.6304826337677 38.659736477712926
55.1627310278203 55.63387162622536 38.66053958512985
55.221795199134625 55.708522763693594 38.66440366871888
55.22096445733014 55.707424988992614 38.664607284736796
55.223378842523275 55.710681578787266 38.663991213876244
55.22349688635198 55.71086331562457 38.66395281838287
55.2242176038387 55.711798509066575 38.663782487101074
55.2245591232388 55.712213044578434 38.6637122900578
55.248923611524106 55.771608796242056 38.657882056566294
55.277636678844885 55.8718694903162 38.60913293728213
55.27791896247864 55.87017278774092 38.62293249440669
55.27793748344411 55.87013540476506 38.62278946405654
55.27791112205176 55.87024170575391 38.622240208321294
55.290870331495796 55.897398895688795 38.65852095182254
55.29422989729732 55.90935836361663 38.61695769211058
55.296278879926106 55.91356187256454 38.62303731845565
55.297278315930505 55.91596619668594 38.624593188238734
55.2780115100094 56.00526789750898 38.657839198956054
55.281537713761 56.004561155537914 38.61277852362956
55.312997372581655 56.032758803813884 38.68148595414114
55.31670851171918 56.046683543240405 38.68523638100949
55.31670434263799 56.04676654322253 38.685263358441816
55.316850430833455 56.04718895553384 38.68537123704655
55.312239950793966 56.122210830146955 38.69350686191017
55.337203309868016 56.18158572770864 38.695538027268
55.3373587134521 56.18007919878464 38.6956380663135
55.33765722758731 56.185783395929356 38.695483663645305
55.33779845627102 56.186193997767134 38.6955028419058
55.33848441726414 56.18988651251673 38.69552754299542
55.338681883673885 56.19076630360454 38.69554203665162
55.34830355345768 56.273236724561215 38.64104053844075
52.077490101535076 50.807272220115145 38.63519123951706
52.07291469982758 50.849184272308435 38.5656003466011
52.19544990432718 50.913120205864104 38.54588412831142
52.28635652439318 50.87442354139584 38.56856842519615
52.33063505288419 50.86100224183261 38.605944968136356
52.33666245190255 50.86141689786638 38.61576019446426
52.362331047498856 50.87395932169162 38.646003735209725
52.36676778215414 50.878118065893936 38.649061848961466
52.4124380800722 50.873009647138375 38.63673303555871
52.49026735069807 50.891796825593815 38.63828737657549
52.553645997095174 50.90356450096925 38.62800417906007
52.05942556369976 50.91614982344504 38.62299597693145
52.0612879015731 50.91202576353941 38.624232056253476
52.1149769244926 50.87266795159823 38.64333455618061
52.115774346937705 50.87577483971684 38.63915825106559
52.13972677437593 50.87456419147284 38.64935917252159
52.17181379776092 50.91718843631438 38.59679880838095
52.17164197138567 50.91740120466375 38.59923985062563
52.17485433968444 50.93231662214277 38.63360547438548
52.29652230446411 50.88021765360006 38.652545445655065
52.17489199614056 50.93250033916095 38.63380548759719
52.34586971316867 50.87236938019909 38.65813920374131
52.34330220771632 50.865197116748895 38.65229527638714
52.36083930024175 50.87264289743273 38.645271591761016
52.36795740693002 50.87928290970696 38.65006179631084
52.43790178775155 50.894300015585564 38.652057904104765
52.52324506988359 50.91041466766279 38.63184378473332
52.54442223857571 50.90058966951608 38.63473874575216
52.544214065919846 50.90048919762107 38.6348435761361
52.55365819230062 50.90406203897243 38.628693694997544
52.5635453405968 50.90639391887985 38.62026229593155
52.567186785128584 50.90713148253143 38.616985416123065
51.97441491618694 50.948603978634665 38.66735413657338
52.05809184056213 50.91900298161932 38.62224247187976
52.07984270379313 50.911562160084586 38.67564508844626
52.1196573342149 50.88093535132804 38.640514473183096
52.14532583034432 50.899231588419894 38.682748561784706
52.17416210494669 50.932706405392565 38.63934599154593
52.1743344206709 50.932456697547074 38.637535332454995
52.17482880750403 50.93247716193516 38.634182604221735
52.54427048185943 50.900535585479226 38.634842275907324
52.5518022868402 50.90398851953857 38.63079165679274
52.56141685793523 50.9063077376677 38.622665748395946
52.56545802742029 50.907013034560286 38.618868949087954
52.68667474969188 50.94145802019108 38.551353677719604
52.61818608656253 50.928686449786795 38.58910791275049
52.76869316543253 50.92532129352342 38.54346513993231
52.77507922213206 50.91797393862396 38.54602800193208
52.78454991526835 50.90650645625182 38.55032992285656
52.68690654785989 50.94157563185226 38.55125160625687
52.76725160027468 50.92694005111194 38.542921535485625
52.770441908937904 50.92337529177179 38.5441090568959
52.796339798934255 50.95086068143178 38.57153265763978
52.7961582176194 50.95132996877214 38.5714948349393
52.84366491901706 50.93121975584475 38.564007913651785
52.86854939671066 50.96893228679063 38.588702377068486
52.796288238068286 50.9517909326199 38.57180839384265
52.85619982347691 50.973627654843526 38.5912808681324
52.869757878206514 50.980289256805314 38.59104600652021
52.97700615874064 51.021569370580465 38.59506848135687
52.977140828446736 51.02169183313709 38.595045793635364
52.983508819782145 51.02437670496464 38.5971458177013
52.99820886386815 51.030812687549485 38.60175028566789
52.97748544560185 51.02181861675237 38.5951783536987
52.98866824955041 51.02665556025217 38.59874151597232
53.008580585475364 51.03266601756158 38.60774455288953
53.05014858954766 51.036503123764675 38.62358571137017
53.04954943126424 51.036536378430775 38.623724121963356
53.09848881979262 51.03411070743985 38.61884897544079
53.1390182627154 51.03195466388978 38.607789485675134
53.049950751997905 51.036389253534566 38.623869358891305
53.09605764032216 51.034382189467365 38.61976595546398
53.11450062617814 51.036547388318226 38.61549605842321
53.15722686206814 51.03400878871129 38.60461760519441
53.15444964851567 51.03376613406696 38.605121358457055
53.16532581284133 51.02955630872522 38.60168977672358
53.227418430840984 51.041385401762604 38.596942410972844
53.156768875612165 51.03340497835113 38.6045412924406
53.18848622487458 51.07069593538463 38.61113450927585
53.193372856165695 51.083719359914525 38.61472546616106
53.27389148369002 51.09666561384624 38.609481439389995
53.24377332116096 51.11099624184364 38.61821363031025
53.373938745944855 51.06456816193865 38.5887882641952
53.27001511555386 51.10215978893624 38.61173124846675
53.336610250577934 51.144712683850074 38.61349032354843
53.38787253958831 51.11456729914265 38.59651588216866
53.38771833952593 51.11346037863924 38.596290537796975
53.392751691398765 51.12027131413669 38.59664175766919
53.391354790707155 51.1213560183136 38.597254961335786
53.40057945026887 51.14427745434639 38.60039239618886
53.40488622956282 51.155134534089996 38.601894361151054
53.40378302476337 51.153424528719135 38.60176549660241
53.42274046020177 51.20123308621426 38.59375805786105
53.47172315419475 51.26408429447717 38.60053708561158
53.48306961626608 51.2754505964276 38.59610969418063
53.47359523665028 51.26602977753075 38.60043030793581
53.48851070376728 51.28179963364793 38.60197724512397
53.5736478217125 51.29817363005668 38.609703345955744
53.49672047450013 51.29079026123541 38.605591037305004
53.59152636311861 51.28862431106029 38.609011417131136
53.572408444652346 51.30089552993082 38.61339636409153
53.59737707149282 51.32314399878491 38.62269515419954
53.61908997110673 51.30962567097312 38.61961360855966
53.598955470387125 51.32227085852068 38.622318539761196
53.65562484970072 51.31325824506141 38.66031499180595
53.72611760456837 51.32012215687266 38.68282423706441
53.664348521037134 51.316358455193374 38.6636643727786
53.73031361644439 51.328984807258955 38.68920762537439
53.73485555271685 51.33861009808047 38.69612304022825
53.73520303386813 51.33954001230164 38.69668702151006
53.73599288675547 51.34121511514302 38.69788985193922
53.72897754523334 51.40261153144543 38.70359676803928
53.829836884457166 51.350918577909276 38.59717664248315
53.72849388338343 51.403465289968274 38.70326817597821
53.72552926385585 51.408624538149134 38.701228433748426
53.83549447719899 51.35090380633471 38.59173641610501
53.73606337408253 51.42551184240921 38.708437644298996
53.79978575960152 51.364613847569345 38.659497425395436
53.962697373607895 51.50854568982328 38.611007387512146
53.862786758942974 51.61831782959495 38.67520313635253
53.96762139302725 51.606301657404046 38.66022052755256
53.971806332626215 51.60326416369958 38.65302282421672
53.967652325253106 51.60621783895289 38.66044772684978
53.967581201529526 51.606239815074645 38.660705514133085
53.98551220209072 51.59790877664544 38.607094685290996
53.967460165382256 51.60638757711449 38.660639934349255
53.966709337911 51.60746165789625 38.65951363779735
54.00670077856946 51.62407906664803 38.5826181163783
53.96656759614304 51.60771068115054 38.659089654946136
54.00247406789421 51.64864891020479 38.63007995360275
53.978530310459334 51.69017234647927 38.63959752397199
54.04929386320626 51.65317555122711 38.588649411671696
53.98184159543537 51.69078852669635 38.638728425777515
54.046553620851576 51.69280687122563 38.61487997662826
54.01081749341344 51.693477371751854 38.633903014508
54.040315127464126 51.69310187817534 38.611120280373974
54.06253710571124 51.71954974801345 38.61406661657125
54.03668768521361 51.73309190822192 38.63166678439751
54.080972111927004 51.791743135304166 38.65933671216754
54.084335112549816 51.7972155187656 38.66245436831068
54.081894602948616 51.7965468089892 38.66077178282956
54.0888847990991 51.81800972554641 38.669023353870834
54.08707077134278 51.82081388445618 38.6683523310993
54.159199511623285 51.83689889167562 38.64584204047568
54.08063649523668 51.87062057726475 38.68141450335807
54.15006649507706 51.84072806669625 38.653894674487795
54.081224372417815 51.87085171208167 38.68193615740053
54.132925609963756 51.89293685638609 38.647539322147864
54.08068211318222 51.87380071716041 38.68376772061939
54.22319056818135 51.93081524766998 38.616132566058376
54.139644567037145 51.90187312863658 38.6376327007962
54.13411123982404 51.89539830543219 38.644291061829534
54.25590781468371 51.9851646596717 38.601614909686845
54.192221680831594 52.01395851996683 38.581950908345995
54.19021429572402 52.01410779126043 38.58151286099557
54.25202815628078 51.990606848620395 38.60361536340737
54.19099693913848 52.04147760813106 38.601234544008676
54.1876391377868 52.04354813623158 38.600610885051765
54.249665411701166 51.996572499492245 38.609822562505364
54.16257828862358 52.067983986767615 38.596875277694735
54.15928640540781 52.06925512421557 38.594692718483245
54.20739502715291 52.03421920922125 38.592412642788716
54.15565496258225 52.093681512291994 38.5982136978927
54.121264369510655 52.10487165788988 38.550098563740924
54.196240295062765 52.09236654313776 38.602116325923205
54.150170302613915 52.15346612099605 38.58079246579062
54.148795112146445 52.15203016680928 38.580276944008816
54.199733568012974 52.1775373839151 38.5706338743021
54.18005814020713 52.21575183287486 38.58997681452201
54.17981039054726 52.215663595460185 38.5897614860625
54.20518125909275 52.186435012902834 38.5813843248716
54.180951150819595 52.21710158748102 38.59088495583356
54.21492605488923 52.22646450868524 38.60508559582914
54.18730843503987 52.22541963382873 38.59718481819302
54.21005418864101 52.231968466336404 38.60434169751913
54.189945112535575 52.23288851656475 38.60031185411875
54.17937351022766 52.28050785289862 38.6121788646289
55.043390227372385 54.41458936160405 38.684314356152704
55.04319848694471 54.416030315823356 38.684179641340336
54.99419451244631 54.46081276133674 38.68661444842566
54.98581380522916 54.50450539621309 38.68656604358045
54.98323437613382 54.50360788144031 38.68764026751628
54.98525213705777 54.50473813795301 38.686943796135694
54.983191831227515 54.50385624684024 38.68774639485978
54.983373014653374 54.50395591963593 38.687683245029746
54.950614169922616 54.505792791471464 38.71304209951731
54.849894526960654 54.62630582613525 38.68910819053572
54.849469288050614 54.6262571867796 38.68913472000867
54.84916902255944 54.62660225000067 38.690438980475555
54.84928311351571 54.626878720004996 38.69132439504924
54.82589691470565 54.65350690955508 38.62058703066123
54.882795472064956 54.703669586312344 38.62415196759964
54.863023351519146 54.80799993546698 38.59267714604368
54.86201263884996 54.81025210175149 38.59394539833866
54.856515688267486 54.820427895704974 38.59918421087504
54.77614753036646 54.89290181276742 38.60356026292287
54.778819962543544 54.91507447578699 38.63974925563147
54.7632136381579 54.93173543558059 38.64729340266988
54.750656967267645 54.94560295345522 38.65408100895412
54.74561951757472 55.00133535292743 38.65542422941149
54.77229268739988 55.06649661846336 38.63796369877487
54.79368231484302 55.103263039490194 38.61826072792093
54.79489724422982 55.105114601734414 38.61710975105816
54.79711573145569 55.10778228351788 38.61546636596401
54.81899454580241 55.12521536191482 38.61065797545522
54.859321436242936 55.21111355963268 38.62211007469554
54.859071539425685 55.21203745363337 38.62299035675099
54.86485980109951 55.21718779837536 38.61226379499387
54.84905876317491 55.247782752254686 38.64107960594131
54.87109310263777 55.25233848350182 38.653894832164056
54.93575852295611 55.283289488595955 38.64303064608671
54.93120586219371 55.304272821638925 38.63474690213265
54.93585168826587 55.30810370410798 38.63092313185668
54.937300093929856 55.30712668151156 38.6303210600166
54.968651356843594 55.36481493942664 38.62353197495669
54.97612117101454 55.37865647877973 38.631390103973494
54.97993510306454 55.385623093717726 38.63763144067428
55.02906343381373 55.46235417417226 38.642525351850566
55.03227895283058 55.46690308873452 38.63992392718442
55.06733864043895 55.51696798037451 38.62805039181458
55.04421706781815 55.48583121729243 38.63299408368246
55.06785800162607 55.519983104487906 38.63165522777247
55.07405049976167 55.528124131823404 38.63551272803977
55.088641865884405 55.55932065213684 38.65276077974483
55.09441793630334 55.56482260676494 38.652005203467226
55.11671020720175 55.58562678467888 38.64814814160128
55.13360047265675 55.60244410890695 38.65048693684754
55.13412550101624 55.60291340294348 38.65100554402988
55.16240854020888 55.63348384403028 38.66055900841278
55.16039499237623 55.631062577962396 38.660687654000434
55.2161451883597 55.70079797473424 38.66588354596876
55.216241307460685 55.70094078682165 38.66585418181636
55.22385028951465 55.711746545913144 38.663713234670524
55.22512086279276 55.71296550373826 38.6635708750899
55.226109311544484 55.714302333242316 38.66331733929701
55.247130002898146 55.76635675137052 38.65829824871099
55.24707571463635 55.76620007546029 38.65831063774635
55.24742113052892 55.76719995253086 38.658231537809
55.27120838022471 55.84158746533015 38.65923422568731
55.278018379100544 55.86963303044114 38.62697294810245
55.282685635508045 55.87629868180952 38.65827501161956
55.28734188924415 55.889147376437954 38.659182438459574
55.289449034984116 55.89439845065721 38.65908117153424
55.30160775446646 55.92434194407693 38.65817303649392
55.282372131153465 56.00084197506351 38.658948631887895
55.284876794977485 55.99866489337398 38.65991605135788
55.27852153617405 56.00845041252411 38.66131533451458
55.309574319984584 56.03298310815621 38.68215876217852
55.316136329378125 56.05214780597668 38.68706477449816
55.3148804596684 56.1219019219306 38.694085157461174
55.3167511205809 56.12167146142561 38.694495783884825
55.338468757631695 56.1709892976767 38.69628528098261
55.33786811102681 56.175781906471286 38.69594014888949
55.338493814208555 56.188292037917904 38.695594189568396
55.33886269684745 56.19126332605976 38.695567745754964
55.34126937867413 56.196945670578074 38.69594755660282
55.34725838968629 56.26493439663467 38.649755281668774
55.35996956960297 56.26227349408627 38.69760424600052
55.38284566778693 56.34001631734425 38.70226364815002
55.383500682174535 56.343291697903354 38.702333346318795
55.39166086873023 56.40286751912605 38.655132903624775
55.39397480583962 56.402928917531426 38.660754416964515
55.394477326625776 56.40291320853076 38.661778426534575
52.29428522173499 50.88096936049358 38.653177627092184
52.34545843264876 50.87331020549733 38.66013124218237
52.34000771386816 50.861971913310285 38.65317294745064
52.361667026481086 50.87412765516906 38.648406228651545
52.3707161258706 50.882412625200516 38.6539304318025
52.438825203754405 50.896028830882194 38.65457619879026
52.523713235708044 50.90968771118679 38.632475715853616
51.9688091710836 50.9565517590355 38.66536270456216
52.03195361122475 50.96815270351047 38.66337712785459
52.076430545175654 50.92071645200399 38.673039856431025
52.11980716165455 50.8811338685056 38.640568118936216
52.1464482387843 50.90103599610611 38.68244193461937
52.17356407500394 50.934085506781166 38.64691113282034
52.172747588534094 50.934751906694125 38.65419865541591
52.17406919395948 50.93641837203829 38.64926536425552
52.226866931041485 50.9169266975647 38.66587359826451
52.34587949930422 50.88161896414043 38.671083833930375
52.22807503099333 50.916291559399795 38.66568581483361
52.34573446841122 50.878773504314466 38.66733431363793
52.37005166267166 50.88294521075968 38.65765163972549
52.38063579286715 50.89330747079186 38.66654316466719
52.4808733045488 50.91236503766021 38.670771923704805
52.503986704532934 50.90700558434591 38.65968375669603
52.529617773501606 50.90781612388946 38.63765730847559
52.50842174133174 50.90612373722454 38.65764798959972
52.5500748011024 50.90519221574077 38.634544432171595
52.55945131727562 50.90620844933165 38.62485732832917
52.56486681199194 50.906939069943206 38.61946575665829
51.94448402047394 51.04096202398215 38.65242568285804
51.95411374327625 51.04270761609146 38.65105051938785
51.948443469732744 51.04157671323963 38.651711154944856
51.94841600695719 51.04166104377828 38.65184430318381
52.04965019650186 51.01624829352712 38.657200122973826
52.063284687962586 51.006692019698335 38.661102928247196
52.17314575798971 50.95537340244263 38.65226275345698
52.17184794501369 50.94879943971043 38.661945555927815
52.17230030076011 50.95067610622605 38.65939914304122
52.16853374764209 50.93752060702384 38.67566578927624
52.17787016561108 50.95840978002316 38.688255852162456
52.226668221555414 50.91704409547077 38.66589752777483
52.52916642486312 50.90928016037988 38.636756435630375
52.55117292551256 50.90538064736427 38.633508152958704
52.557536872208686 50.90598911009748 38.62681842003379
52.57425445706541 50.93788391961534 38.660133069074774
52.57373710705789 50.93808647194287 38.66110597345309
52.68219490908784 50.98249892926215 38.58834152169197
52.73742196161609 50.996509397736716 38.57060744371799
52.7692188441346 50.924758066352936 38.54363962220262
51.954359016577435 51.04274895741005 38.65101097929761
52.04934487678242 51.01650130719701 38.65712478513719
52.061398472404704 51.008403440565345 38.66068334826428
52.17322339795715 50.955493002267616 38.65223028498097
52.57411432596201 50.93849089989684 38.66135410702042
52.68491164459219 50.992767876576146 38.67922125668612
52.71406302807228 51.02107162347842 38.748559628654775
52.75051970927083 51.04461768202318 38.68408607395439
52.772754904618466 51.05530802399383 38.68234019188293
52.77156519196272 51.05515451464408 38.68384848780962
52.82825904310213 51.042300310777534 38.615329991988524
52.876869874170794 51.046247618214444 38.63058223061691
52.77273236182976 51.055090181233766 38.68336009301247
52.862142798937754 51.05898629197302 38.641907679328
52.86987404148329 51.05571212472403 38.641126672248824
52.966181684152446 51.04776337619389 38.64554728764355
52.996665399566 51.03035807504947 38.601040914599764
52.96786450570307 51.04810735186277 38.64606838280427
53.01105774314018 51.033272109146004 38.60900924015299
52.97533625590889 51.04873628733706 38.647387533194234
53.05096113712301 51.04182528532516 38.61316886824183
53.054406012871 51.04046414034854 38.61460280358969
53.09668172913959 51.035185986431074 38.620085988071025
53.055698615187765 51.04042268003734 38.61424648877455
53.11259025805169 51.0367081081738 38.61618315166287
53.09797852491687 51.03546725845127 38.619867800906796
53.10840652780309 51.0366397883251 38.617420639812764
53.16281685050336 51.085431625826956 38.6211301789646
53.16138380763138 51.08362223242929 38.62080155548773
53.19215352689307 51.0858726580782 38.61564198349019
53.1939414552056 51.08691464082371 38.61570686482839
53.16395880978594 51.08782294409597 38.62173653838107
53.195574829546956 51.09964081553844 38.61971608987773
53.23622263699315 51.126036762039995 38.623903879664454
53.27106933763456 51.17306667156274 38.62058420147402
53.26000612035538 51.179087437154664 38.62429102658956
53.33447210365914 51.149668249106576 38.61491469605085
53.26719506062308 51.1772485066302 38.62146580133012
53.329862013112574 51.16057357871099 38.61803122272015
53.350394463960825 51.16464457120388 38.614990181603886
53.33824415310596 51.16254232476325 38.61685292743268
53.40179958532793 51.147865721747095 38.60094031656823
53.349063872376746 51.16680520225431 38.6156864730482
53.41519078103339 51.19611267214052 38.65732857328774
53.45502730370471 51.25214523262987 38.664441137982664
53.41636316154954 51.198255835115795 38.659087794739925
53.472425253658386 51.26485018136098 38.60081953121967
53.46181761321332 51.260269111869995 38.67736564164609
53.475053633368766 51.27473478775591 38.6833146119998
53.47450693826941 51.274190161766654 38.6838114936253
53.49388347213928 51.288015035827854 38.60729159862096
53.47552701376365 51.275286030989335 38.6840034141377
53.49244169398946 51.293092231084806 38.68205411250418
53.56603337518171 51.310331698985955 38.624315192263154
53.55457009130863 51.30879914807045 38.68158150624542
53.59585898041609 51.32399298310423 38.623044557326814
53.57406833175049 51.33421875343714 38.63079063070551
53.62892547729001 51.324618796987586 38.66198091083608
53.65513864301463 51.31930557619905 38.66368363558234
53.63413930551174 51.32442499682772 38.66281286459033
53.678933745469735 51.35904587516176 38.69711547204942
53.73571965683085 51.34083697954458 38.69751008587792
53.71288275801814 51.39816873798645 38.70519201671817
53.71628554208271 51.395397570053895 38.70626510435556
53.73108957173208 51.398574913913876 38.70492465521035
53.728963656200044 51.40261600856609 38.703580381571925
53.73087692338176 51.398965217566754 38.704785366153445
53.72699315111557 51.40595816978171 38.70219442416128
53.736285386619116 51.424418590389486 38.708587154639815
53.73672644480013 51.42212327195185 38.70887487249789
53.71632764181889 51.501011208799106 38.69584785324798
53.77210208252379 51.61177812592941 38.66683394385823
53.737594904677316 51.588585118516356 38.698208255390725
53.742756828671055 51.59158348229296 38.69976102610146
53.90449108341619 51.622635861376 38.70380348113623
53.896256734177626 51.62365682082206 38.704826975197534
53.90312258477807 51.62352604823684 38.703497365109214
53.96435140469225 51.608701168748105 38.66572532900561
53.90767825747588 51.623722549786876 38.70242790726166
53.91793684505342 51.62718276233837 38.69802513420932
53.9640407746068 51.60967346516489 38.66284713839614
53.918867486856634 51.62850453188566 38.69695958261432
53.938497507231965 51.65166746537824 38.67266867424842
53.937300124294666 51.651308167879826 38.67360773330351
53.93804110620105 51.65278865297022 38.67188403813559
53.981196702634776 51.69137473736447 38.63817145203544
53.96979469419671 51.689066606453885 38.64135575925406
53.97881087520035 51.691671946750404 38.638035462144025
54.03166637623297 51.73755446764824 38.631496663991385
53.98558261701402 51.73041693817177 38.65329942091404
54.027096059814895 51.78214917813784 38.6676637190327
54.025560622072575 51.78241117667073 38.66871397851682
54.0817281333089 51.79673943065394 38.66069884231612
54.02681805679124 51.786377840825075 38.66861949193189
54.08336148469412 51.82528609294405 38.66675870658799
54.08219263284725 51.82477210080528 38.66591883857582
54.071544586688695 51.86652725029013 38.672967436921944
54.069610455769435 51.86719695256194 38.67229714306362
54.081098251493565 51.870621803967126 38.68169236231045
54.0707554575859 51.87497437895603 38.6786720842744
54.07028235641792 51.87519383288159 38.678548819594475
54.07995052569339 51.87336200982924 38.68300805692482
54.0681532033679 51.878600183919666 38.67976305124081
54.073110224903225 51.878645544361994 38.68276945202912
54.06389829438967 51.883378831930195 38.68070590814118
54.066672894529596 51.88313310492731 38.68219039847291
54.057855705356275 51.888566869397025 38.68087592782035
54.01884249245548 52.020021549655354 38.72058660136588
54.01450428870939 52.01253423151465 38.71681986742395
54.01855916765628 52.019857834072965 38.720523211679904
54.14191369090335 52.0743849236316 38.667744803057175
54.05727597872617 52.07294708193527 38.69082356153624
54.055835090752005 52.072165927068966 38.693710096548145
54.13610890214067 52.0765255025533 38.66488614883512
54.05836580849176 52.10011398983422 38.67093645894867
54.05693454565182 52.10033766160112 38.67413605091409
54.10363901722442 52.107651902041134 38.624931963380355
54.03470930630898 52.13875630677728 38.71244604188365
54.0343360189198 52.1388639404703 38.71210058093958
54.10515104282105 52.10969412538992 38.62170991699112
54.03061905170429 52.15948242313285 38.730075197585265
54.030136683055254 52.160302464705545 38.72983916827661
54.087508676370646 52.15380867733979 38.61210938503825
54.02931658954063 52.1655698985249 38.72881803767812
54.1405762655233 52.24061721828069 38.64585521478752
54.00594183838737 52.247839717009704 38.697677503538756
54.18495316195839 52.224823380973746 38.59516879879981
54.14167159909738 52.24218005727781 38.642963289192735
54.059836685357716 52.26068382525597 38.680379636720424
54.18477816408403 52.232011984832106 38.595944359775814
54.10424386864658 52.29777767661315 38.63948291892229
54.06581215362078 52.26595456717567 38.67354979686215
54.17172393860152 52.29051524186024 38.61122938300607
54.0932171242615 52.33150380795777 38.64033320410823
54.161585802090976 52.30745559895935 38.61356310036719
54.09434843807914 52.334903799471874 38.63918985144443
54.13511170020683 52.392429599949516 38.64556602531791
54.11199386384359 52.38360276695556 38.65226832282399
54.110771476896176 52.44821942269037 38.69897098089484
54.12602461021733 52.46066323938081 38.70795848856248
55.13518007138073 54.28407584683778 38.66406822281139
55.1355081401288 54.28658749888775 38.66328894183948
55.04091658915709 54.36852129136291 38.70859653851389
55.0410236398316 54.37023964316988 38.70599616377723
55.040521704338786 54.37344692666926 38.700601702049276
55.03395207366693 54.38104299177802 38.705092582479175
55.0327866343781 54.38050365136012 38.70799189826697
54.984607148344956 54.46348609944667 38.68993928850631
54.983217367288006 54.46453291568363 38.69032998285142
54.943446610613286 54.49278034475215 38.7096809596204
54.942879162211455 54.499731953256116 38.714180206816444
54.94341964649248 54.50178987546008 38.71551851454965
54.922515179031635 54.54005368331704 38.734030092638505
54.896115671975195 54.60316910607578 38.75047004266774
54.89388335171441 54.61053212174675 38.750591100815726
54.86480052530856 54.640291925039044 38.764401935443644
54.863717258500486 54.64001545058447 38.76482611193051
54.862944718994186 54.639639017987975 38.76540027934168
54.84027244166039 54.68901688014498 38.76301370962517
54.79829753370027 54.77374975960814 38.72179568017969
54.79732961218566 54.77775107541365 38.719838751368975
54.76650621897211 54.85627549958092 38.71684834323993
54.770465671773955 54.86200185515554 38.70885394843624
54.771329970281045 54.912396128326485 38.68301730253566
54.75722152657384 54.939824484736405 38.65281667130783
54.74848158553588 54.95147071193531 38.660636412371616
54.76115813578746 54.98878683786652 38.68176857528896
54.751851140018374 55.049701559779464 38.672353332301725
54.76558730147652 55.094106411165136 38.64750648518021
54.767817119483894 55.095243566719375 38.64379901751579
54.797304899696314 55.108028362540395 38.61531427966831
54.819729969437745 55.117983205444666 38.61468093706285
54.859962364242925 55.193178652245656 38.63516787598057
54.87434459875627 55.20554842873525 38.63474054529752
54.86959917718002 55.24918407364768 38.656083080565956
54.873117020401736 55.25025714064967 38.65503933568358
54.904858293744155 55.271065284790325 38.65350124342095
54.93171453869522 55.2974344139007 38.641686959260824
54.93265956823083 55.304534370020924 38.633805085626044
54.94779738673988 55.34560269888003 38.64351614540055
54.952837827288675 55.35248799862069 38.645716211608054
54.983990462455 55.39291149165662 38.64690977433571
54.98464232332655 55.394104365073176 38.64792843733168
55.02783447585614 55.461601948891214 38.64483905247178
55.023284395586735 55.4559074832862 38.64951330473505
55.02929246521376 55.46538766949481 38.64596456043071
55.039567589983236 55.48341707717718 38.64232496180833
55.075548256380486 55.55223074777978 38.66490151362322
55.07767195842965 55.554746560907205 38.66558828519169
55.10040941904828 55.57756249218046 38.661479375175965
55.09981016695016 55.5776121165944 38.66221487770101
55.09996852119606 55.57762536593372 38.66200562516289
55.134644167195894 55.60332186466707 38.65137688196727
55.13409115044223 55.60075986913657 38.65743651241066
55.139023561735414 55.607755931786336 38.65703103876609
55.15833156778662 55.62857785204688 38.66162243588208
55.21540464980809 55.69977449738153 38.66608155403827
55.196774133878385 55.67645890368181 38.667367023440484
55.21914658816629 55.70509129785084 38.665027668891575
55.220770133097886 55.70737500941152 38.66457891205887
55.22496695829328 55.712861989408964 38.66357189841747
55.24562475093997 55.762135516609426 38.658630593718186
55.26966148688187 55.837700250340426 38.66035066241492
55.269430705805405 55.83698868284746 38.66041675818009
55.269986308736705 55.838965408576925 38.66045884458006
55.283006538021404 55.880148363654776 38.6610304276207
55.288928934512214 55.89338109354798 38.659359404664684
55.28792940177162 55.89160613965062 38.66005783176996
55.2947190039321 55.90772982336553 38.65900818341074
55.295869929626036 55.9551783693731 38.66821258155723
55.29340606857848 55.97559659945076 38.672397756713046
55.30612107410336 56.03512605681532 38.6834435493836
55.30128248459329 56.03832043984587 38.685304385644535
55.30568717457713 56.046889552286096 38.68723942884095
55.31348993149713 56.05689968351688 38.6890326280168
55.326310025920264 56.12099030083053 38.69655409969688
55.33848200827768 56.17291597034148 38.69621097381166
55.34006582759706 56.166411109508175 38.69687384948028
55.339077730874294 56.18678330812213 38.69580272427817
55.3404822808023 56.19187899308971 38.69595265857579
55.35173197574393 56.21345123921139 38.6979291279127
55.337542804193056 56.24556449550657 38.71092132520753
55.3834581416308 56.342792852108246 38.702331076341345
55.38302737072731 56.33963357399952 38.702293167390366
55.387861122845095 56.359146797604225 38.70284424878477
55.39108121345847 56.3682882900327 38.70324178615654
55.41281656139628 56.42139011751759 38.70718083984711
55.414228360645225 56.429932754001634 38.70791136927356
55.414167819734956 56.432424683257224 38.708045920012175
55.41821837585602 56.4574404351427 38.710171245535854
55.421901751889884 56.46965664429333 38.71149269945402
55.44170365795007 56.51988358477461 38.69516067090433
52.34590115344531 50.88465574576182 38.6753035469847
52.34587405769225 50.88642851210826 38.677831961770956
52.36779292501182 50.90660942091555 38.70054616394561
52.389281691549236 50.91579065847492 38.69386916840285
52.451040187233644 50.92807990367669 38.69913732954858
52.50320360545572 50.90730215280568 38.66013150632101
51.94516342249974 51.041191044506625 38.65248184342437
52.17190559821479 50.948939962926886 38.661818128915
52.17264478854624 50.945417513013936 38.68723743554501
52.17942728665363 50.96269908327982 38.690594309225574
52.228472840205036 50.94064890950821 38.694299847915275
52.34197714222536 50.93589275572614 38.7088078996043
52.35687023369045 50.944517077638196 38.72680228152016
52.38537075940567 50.93656006456221 38.73057428677212
52.37054642179187 50.93367710742557 38.73487565843171
52.42347461240391 50.9460889515926 38.72475517547578
52.42875367294258 50.954307098650595 38.73458452196984
52.425929037688505 50.95006120992747 38.72949747019325
52.42980930104487 50.95616429334848 38.73679347696962
52.54695932823869 50.92899807600023 38.67957060283232
52.547715547575976 50.930376000743394 38.68088631803682
52.548185854574015 50.931908093058816 38.68297707247741
51.96285139961887 51.06124769433836 38.679625942632036
51.96704104066126 51.06063244825953 38.67653039418034
51.95135046371975 51.04232459485169 38.65161569773374
52.04261014438215 51.023182233427264 38.655802922979134
52.054129722120976 51.01548904910191 38.659218019493544
52.13161090334383 50.981142893921486 38.66976551056743
52.18106799367298 50.96764563283939 38.69513851431162
52.1829411062819 50.973150364394925 38.699632205488186
52.18438197215926 50.981861177827696 38.73977756634975
52.18469456872167 50.98274340420803 38.740276833343216
52.19061474318547 50.99495972170651 38.72942409406285
52.34215609376896 50.93816386069488 38.70958607167549
52.35675798578961 50.94465623664814 38.726815213916666
52.42955941459338 50.95555173384151 38.73607373277639
52.43061435294453 50.95738294115135 38.73825304421579
52.525444033119584 50.96086493845674 38.7238309114991
52.567195591494546 50.97229396078281 38.74611162621938
52.586786289949394 50.99101386056319 38.79179394703095
52.6248444739488 50.99204434196122 38.79620312982494
52.58746670963144 50.990829587551126 38.792721327703
52.712343120604594 51.016885595399884 38.757513458490436
52.71379050396584 51.02009950278827 38.75056970693686
52.74999152157429 51.044220927283135 38.68512455334767
51.96241501096344 51.061488368742246 38.68022656085426
51.96757974167451 51.06082070781846 38.67655356276486
52.01047439150407 51.0452556063617 38.697977229396216
52.04709052130881 51.02341374054246 38.658127434898624
52.12926587242555 51.00645684273418 38.699592128210334
52.18432343737682 50.98169939686036 38.73987354883538
52.18472177589808 50.98282087897897 38.74035848464677
52.625262508976924 50.99203188348618 38.79639607500842
52.71149502755117 51.014630361203146 38.76229449993934
52.71290789005544 51.017225584018476 38.756554181842496
52.74420215331092 51.028728828775016 38.756179149566705
52.814787898693965 51.067356786817385 38.72067904027877
52.74515777533872 51.02909718755061 38.7565833541214
52.81891101662606 51.07201814785126 38.71553046549646
52.907510363874465 51.08101037450115 38.68328603989551
52.911808137569835 51.07460924726898 38.67557813944654
52.8151959544705 51.06736630183561 38.72434329949047
52.82179278645375 51.07423517146647 38.721548148420936
52.909575084190365 51.11458894547965 38.74308880665576
52.91697554239467 51.11444849465535 38.7457295664408
52.95528376998147 51.12528243093605 38.75012301570526
52.918275705566835 51.11440754898241 38.746220067677385
52.99676118044848 51.09663095525782 38.69497885626325
53.054567442509324 51.04074273998918 38.61401746989633
52.95492361455494 51.124809783398476 38.750514540935
52.960355938815056 51.12843004934194 38.74955822009886
52.99682526747234 51.10160116196365 38.718687396814545
53.048743101450995 51.07297775440294 38.66411384681888
52.99732017852849 51.101336455328706 38.71800465109929
53.107303670371294 51.03658999899699 38.61772664163763
53.052132846878784 51.129592725682066 38.72717159290164
53.14196902998773 51.18797320608814 38.75506470542972
53.15015769152397 51.187250453029684 38.742555943778385
53.14647493050771 51.18755967249034 38.74816261848788
53.17533854580671 51.14832596131278 38.672639095756196
53.236014039885795 51.12709255265611 38.62426544943314
53.14867104974732 51.18737377541094 38.74481741995749
53.157511377061184 51.18663802429491 38.73136663623793
53.19784391250754 51.20601804986369 38.67373552836374
53.242447272674596 51.24535539709473 38.63903092983408
53.24089570670675 51.24181796670998 38.63929704360187
53.32918831454161 51.1623002209825 38.618514041307904
53.24403102957503 51.24884559557452 38.639278839374846
53.302436815555005 51.23880969441196 38.63969934406269
53.38787842374924 51.26175421740612 38.68766062917925
53.31904948321767 51.26647862399679 38.6286759138402
53.416282352365315 51.19776454761127 38.66239191789994
53.38770586884552 51.26407489999905 38.69344297303791
53.43186490005404 51.28024008296731 38.70001213347537
53.4686218987866 51.26878952821096 38.69565270735485
53.432306123337426 51.28144798550853 38.70270978223279
53.47103645877701 51.27217586206078 38.7072387929216
53.47581056634643 51.32658625918657 38.71282075892411
53.49117160261787 51.33298664424183 38.69442131063074
53.47690443355364 51.32706290800167 38.71147666985866
53.486986818762475 51.33109159251564 38.69967940184161
53.53600193871742 51.3575234168434 38.69273288814048
53.50183543751639 51.35159200450986 38.70593815557491
53.629645860148244 51.32538067838526 38.662546644283296
53.53605662447585 51.35943992584821 38.69546019617036
53.617183777763124 51.395697736832304 38.67484465172622
53.68488226378739 51.359836051811705 38.698873462820075
53.6225011897663 51.39828930569361 38.67622855637763
53.70213817971451 51.40695338398643 38.701564974012854
53.72660720199815 51.40641040458029 38.701852777048536
53.706874576636565 51.40308379263104 38.703144206943605
53.7307771632658 51.39911923424722 38.70470993277331
53.72487380522387 51.409411636610066 38.70065482632488
53.72333196437209 51.412098189045224 38.69959515039413
53.723273417019286 51.412197481717605 38.69955396787049
53.72547625398517 51.40855873077528 38.70113714111716
53.72321337190137 51.412302287215155 38.69951276284893
53.69393308032568 51.563219096233695 38.68795484105935
53.73583220477055 51.587565797079336 38.69768429069613
53.694081805362345 51.563310854922946 38.68795698012031
53.740251693603014 51.590148857236585 38.699035666166786
53.89038846436247 51.62428055822 38.70562501910155
53.74396519950861 51.59230150236694 38.700146698578926
53.881288891154085 51.62551631613546 38.7066849915823
53.90174330444076 51.62438262317422 38.70321568825222
53.882703222373976 51.625676384536916 38.70628749791926
53.89646327394695 51.627352009243026 38.70234207524683
53.917542206325905 51.628890382019875 38.6969778900191
53.898046544499124 51.62767412566357 38.70180263458361
53.912634692237134 51.63406786119071 38.69456802788608
53.91037953732638 51.63278768427716 38.69587926257606
53.911196756816054 51.63295457433597 38.695600411135274
53.92716834282979 51.711851438681784 38.674188919632535
53.93711092080319 51.67817964950983 38.7033015036095
53.928333761681635 51.72521258836015 38.680739087742914
53.97836955533137 51.73530547411694 38.658182064962006
53.92901953813837 51.73253603326213 38.68393984665374
54.00360407069547 51.78423096454364 38.683379742590915
53.97241395583638 51.83406508064178 38.70495546857629
53.97762543838911 51.839190222567055 38.70165100179193
54.05148678325979 51.8402665937092 38.68909838485207
53.983197266098685 51.844605189357154 38.69812742742663
54.05552890337588 51.86765060186197 38.6821130987064
53.990940336892486 51.88616540372589 38.69276566634465
54.007828385689045 51.89644793409707 38.67747634767406
54.00056542292141 51.90059475876301 38.68039551272106
54.00084625695518 51.90481325929755 38.67938856984504
53.96744225392804 51.919041148608045 38.69787801966553
54.06307694127108 51.88388081168057 38.68058039227277
53.9757583106791 51.95663410559436 38.70019759195147
53.97532801835736 51.95876499736758 38.7013491767584
54.05745081655208 51.88883574148109 38.68082971987875
54.011504022844576 52.0173234748819 38.71981062756072
54.005144853766396 52.01667181976053 38.720084949233915
54.016983666659925 52.07515454808591 38.71823176583857
54.00962870491246 52.069104357755364 38.71805459604523
54.02103442924391 52.11634354431302 38.713926990438345
54.01508831204775 52.11959295987832 38.7122382924562
54.0128005443209 52.12056188975008 38.71086334374181
54.005540700894485 52.12531582040864 38.710829601267946
54.0005907654399 52.17392018297609 38.70489219587311
53.99866611279205 52.184505603317845 38.73702117469996
54.01749761444066 52.21357103868432 38.72953783915234
54.023040640238506 52.2162904788363 38.72510498691082
54.00888582094041 52.22316794828623 38.71934649640413
54.015234180404335 52.250399834874486 38.73446678378137
54.01513828763935 52.250371505386326 38.734890556442885
54.00538165892127 52.25193321963969 38.698643978798074
54.01078599404115 52.26288260828386 38.73615848517789
54.01089520469175 52.261888193128286 38.73701276658412
54.00937966609057 52.26743783167096 38.735900700125654
54.04131458529221 52.3125861442074 38.689720521098465
54.008540039329766 52.269108518176026 38.73711269043901
54.09217607196629 52.335018818856824 38.64096782839933
54.05885319243704 52.389867485480046 38.70474593296163
54.06776279463855 52.395012828112286 38.692056495811244
54.05963216203551 52.391183242361535 38.70478612971857
54.098062163354676 52.44963202079215 38.72234429844451
54.0968067414729 52.452009986708404 38.72837223203104
54.12593566066939 52.46081746277744 38.70845941435768
54.11528395912545 52.485252061373224 38.76824953355462
54.15654150089178 52.51131371765457 38.759162229884154
54.120835820941046 52.48824447354507 38.76709978219708
54.157839612858304 52.51168915421627 38.75783365229141
54.18024590333821 52.53605421076456 38.743322292368106
54.16055103406022 52.51351224945752 38.75638413824658
54.18276626172701 52.53884505145997 38.74283511441233
54.18431036421171 52.54178485982291 38.741667098303864
55.12969850019776 54.22600857634731 38.743153233047295
55.1248772959577 54.22884154129445 38.73726450950524
55.12135405061481 54.2455874899527 38.70764076752399
55.102526170778646 54.28014382922815 38.69119409255709
55.08304612379446 54.26321356674744 38.7282628378445
55.07889747918929 54.26702783417179 38.72948418821833
55.034213997890525 54.35857965462854 38.71895231505516
55.012721771173574 54.35285771175984 38.73285647331082
55.01064497305825 54.3583570936577 38.732317992380054
55.00922365342139 54.36135112252637 38.73241994695013
55.0095428303321 54.36251613364819 38.73127387340086
54.981944518548545 54.46425590553083 38.69085888482725
54.94574387788308 54.43435084459672 38.74666154756221
54.92393472699653 54.47530329679683 38.74289508633955
54.926695601042525 54.48243592261794 38.725895931803926
54.922221057118584 54.48732462044315 38.736092589844496
54.91954414916122 54.49022071113272 38.74222292728515
54.90136306816689 54.53922309618309 38.739353584582744
54.89542134869242 54.60121982695712 38.75061794019666
54.8904206195624 54.61455339788627 38.750971320845075
54.860901453166065 54.641250736203816 38.76296760832567
54.86016970542641 54.64076493151104 38.763707327460445
54.86007204109765 54.63987437264103 38.76505738833868
54.83821984747983 54.68930465895056 38.76336874998402
54.79334264689053 54.76579915756438 38.733920254914025
54.79155247672907 54.76963831962406 38.73307419383879
54.7575287930708 54.84961394702307 38.734537229159514
54.758842057777656 54.85794883517204 38.73144068572371
54.76055329434848 54.91605938277425 38.70392890219503
54.733993004544644 54.94308711522545 38.70996202844262
54.733970588765224 54.95083083142934 38.70058238509041
54.77047883964591 55.02453945378882 38.699978532957715
54.77692563162139 55.03790343415988 38.703209650864565
54.770917107485005 55.08197377664307 38.708157102278946
54.76970513183943 55.08351388044035 38.70807437554498
54.76874545079096 55.08458713167743 38.70800112972509
54.76894320818451 55.19408327010173 38.68648330672354
54.81636588290568 55.24582056341734 38.66484463606489
54.817595543623476 55.24612611205656 38.6644809623602
54.87751900921897 55.250398764416396 38.654509927659056
54.87919389823628 55.250485672219824 38.654287143755205
54.90402451600748 55.26870510597212 38.654022269982434
54.935016830626274 55.26967158907994 38.652301058215116
54.933912061307524 55.29580542933027 38.641335271465564
54.95231878665594 55.35270978932137 38.64629659642345
54.9521298461172 55.35258472457741 38.64632945403587
54.953213751921446 55.35404126494018 38.64678167846334
54.983988002981185 55.39290405241978 38.64697105189659
54.96236377668231 55.39991079644736 38.64917120003248
54.957885751447584 55.443544472403815 38.67939484881243
54.99255319680417 55.46692605055301 38.68551839175683
55.01736356345527 55.49231955676539 38.65919820493451
55.042729009099546 55.503410665535476 38.66899804654564
55.078124403796295 55.55631523118697 38.66680805171458
55.078627392116445 55.55722630742225 38.66729837180044
55.07950751187614 55.55860422090518 38.66793151653933
55.082634285530325 55.563397354344104 38.670074701755944
55.108200412492735 55.58670280299299 38.671310977387336
55.11148693607798 55.588778270315856 38.670525510438246
55.16307623531308 55.60718800453688 38.67570533797396
55.16577344885516 55.60643531987406 38.67785062808973
55.1862859618318 55.63132162894732 38.68472305156328
55.189610516094774 55.63796001358865 38.6835606518162
55.220457417275966 55.70687414531521 38.66468776282753
55.22042995121721 55.70670096234474 38.66474480114106
55.22235156374215 55.70931178921069 38.6642475228207
55.22284334450845 55.709963054614434 38.66412646954569
55.24485215435252 55.76640552107665 38.66386825853606
55.26729107128789 55.829927668300655 38.660675509567525
55.285972032488694 55.8865845103936 38.66002125917919
55.28607437914266 55.88686844924731 38.66004258435632
55.288588538335176 55.89299972045818 38.65979993604037
55.29385333544532 55.955836469306625 38.669501008440776
55.29069304625604 55.95796685359985 38.67166645844764
55.267790808704504 56.00210566992229 38.703381148956495
55.26830291359986 56.00562925489854 38.702627809447364
55.300296865990276 56.04188031312587 38.6866033117686
55.311491801516254 56.05697860252982 38.68940891801709
55.30559797087615 56.100250903514095 38.69388168685126
55.313919661430035 56.11127241204583 38.69473905806851
55.321741336476556 56.119662544562026 38.69570335592065
55.33951923577231 56.16744793748589 38.69669377854395
55.3407698125292 56.19232718569421 38.69600733397499
55.33975394433085 56.19041365209583 38.695827465346014
55.34812235754306 56.20749785729414 38.69725591825342
55.350605484129915 56.21155357780076 38.69772063356143
55.336475989862905 56.25053254073684 38.714237439176834
55.36741819470966 56.31722323100108 38.72739722964858
55.37736911867962 56.38972042566968 38.721393970704874
55.375691764917725 56.38865080942123 38.72246875823265
55.37716050384162 56.38931131130694 38.7217574998378
55.39985103174371 56.39514589274612 38.714407139973574
55.416324390319446 56.42876040828206 38.708191872439194
55.41607992142423 56.42998502456298 38.708222290742945
55.41594638096416 56.431830106927926 38.70830716328044
55.420268166861355 56.46121421399407 38.71073110565062
55.42628073411968 56.48043103152138 38.712846147307665
55.427577466760404 56.48442946808607 38.713293822522104
55.44246648180917 56.52787777639794 38.69519239572061
55.41708411549762 56.57277478569068 38.687568072292024
55.41339086644917 56.58207311862163 38.68010320013706
52.38534170463143 50.936814916819245 38.730939407150125
52.42439001337985 50.9477792133964 38.72676150343494
52.19154578529107 50.99870853947256 38.737469430785595
52.232559466455854 50.986873075097066 38.75832684586061
52.303962747661714 50.987593564342234 38.730732131265434
52.36509560155845 50.97182093312367 38.73146837871336
52.40283363483386 50.95447551215186 38.74850941480288
52.43115381635225 50.96313600171147 38.744850275317766
52.43572682152216 50.96425762882805 38.74653814849175
52.47031663016419 50.9756444332392 38.75508429750447
52.539391984027986 50.98641843556778 38.77252917123315
52.58322152782959 50.99202477452777 38.78654990194975
52.58669401347562 50.99104252570367 38.791637047555994
51.954929874155376 51.063997115897784 38.68797753322283
51.963081999300286 51.062582685906776 38.68161196056641
52.01060616759911 51.04526241628992 38.6984415008769
52.055457723165325 51.04731339090688 38.673728200320575
52.137389023366225 51.028290355620044 38.730620366412964
52.19148471685593 50.998624636232826 38.73841222274244
52.19338070232001 51.00543469803359 38.74731499708081
52.199114776974895 51.01048028408746 38.76743323124957
52.202264661223104 51.001836236735 38.783903269128686
52.20082872743392 51.00440933726486 38.77846048781722
52.29775038426067 50.995689313303465 38.729787407249916
52.36797514006534 50.98076217387015 38.72902566614188
52.406836203553766 50.991327887085646 38.735525359713904
52.41943983407992 50.98174028525363 38.74324751586192
52.43278041344554 50.96257470536505 38.74435758303716
52.47656518622582 50.97707845651546 38.75576452655422
52.54617456677554 50.98773056323237 38.774481486067074
52.5813390082507 50.99257126680938 38.783673503691844
52.58274536756943 50.992033816740516 38.78691681110354
52.586713290728255 50.991019910939954 38.79181068291835
52.62786750148091 50.991938494298545 38.797649464825014
52.701528247515036 50.996785278780436 38.815041272510584
52.72815820276409 51.00268757399041 38.80960894515164
52.74454234945938 51.02848014228118 38.757183596308465
51.95053708877792 51.065233515798354 38.69215470402191
51.95741290287553 51.06424825392182 38.68711296804309
52.01289494536952 51.041822424262854 38.71973148894264
51.96302645572621 51.06384924688836 38.683635401597826
52.057555392381246 51.03290503742613 38.785651920824435
52.17290001265129 51.007986811719064 38.79455286970461
52.17666580601662 51.0083913969455 38.788962351456284
52.173612539154604 51.00806204580842 38.79349587168851
52.184621130127134 51.01031853700832 38.77651326079748
52.199325357158 51.009535066248 38.76908912925458
52.58224518470246 50.99225526654739 38.78550659121003
52.58756408767003 50.99074507882096 38.79334657898775
52.65668646182977 50.99117867985176 38.81910707112701
52.70117140987228 50.997121273328105 38.81564828533158
52.73097524259828 51.00395217145656 38.809870340946794
52.78391869091273 51.038612225098326 38.78846739433456
52.7333240675484 51.004881928882114 38.81002363887933
52.80060954346806 51.06936299300833 38.74179527445882
52.85964091662156 51.093984342715586 38.7513919247652
52.9089131359492 51.11454577700379 38.742943556955794
52.91729296851956 51.11442481826319 38.74587164554906
52.01292335883769 51.04175948771962 38.7200709897556
52.05778943598824 51.03257099860687 38.78682258141249
52.17271929009024 51.00798896467238 38.794808310273694
52.78473962180067 51.03921513537737 38.78821098025256
52.79965428123009 51.05301561145261 38.77782289218408
52.900635154274205 51.114563167237996 38.74021769001827
52.90959088275466 51.114196720313416 38.74373409830995
52.92636162302059 51.11248948858747 38.75198539694267
52.91661979997056 51.11374250903654 38.74676586945574
52.954419931287326 51.12285532175196 38.752886511511115
52.96290376646127 51.12991750661454 38.74940659272826
52.99606003439655 51.1033621864151 38.72036095977563
52.92808719722114 51.11162559307756 38.753957645044586
52.955573964810206 51.122432610596015 38.7543643743414
52.969256785434254 51.134011798696505 38.74848502912313
53.06055520752385 51.174176685384104 38.77337152362749
53.058016160242126 51.17338668314483 38.77213651284632
53.07866286992396 51.179673822117365 38.781909805527675
53.08490689137547 51.181567149039225 38.784849637511314
53.061020646396116 51.17432801962653 38.77361074142869
53.085076452711164 51.181581163665754 38.78485587039789
53.09667911928068 51.18466013795618 38.78945434050641
53.13580842030384 51.18844986273842 38.764394929589095
53.13186363176188 51.18867441384568 38.77027246674947
53.14996408350991 51.18735107120783 38.74295196710343
53.19710576954992 51.20636376881733 38.67489398178203
53.134467518239916 51.18857796031908 38.766454952234156
53.14362684202571 51.187997056349815 38.752736564201406
53.14952447681496 51.187528304582685 38.743789678797654
53.24527591705456 51.28286006614556 38.67458012336477
53.24431631026368 51.28188139944578 38.67502336905319
53.248317858963404 51.258298051643735 38.63992673216891
53.24634021553744 51.287957710572044 38.6766507023347
53.32478676182084 51.3149816135884 38.731400314549106
53.39016359809068 51.268191154778364 38.708089487238624
53.33216792572109 51.31234980772836 38.73595843172107
53.43280595832507 51.282267844267686 38.7054429253304
53.342286164017956 51.30878250170951 38.74233403674739
53.430249296496946 51.333223404815215 38.7375334020801
53.43002106078866 51.33374437867349 38.7367782731475
53.43097909910317 51.331584826113954 38.73953570138346
53.47550023002605 51.32620369415266 38.713603231416734
53.43091045230632 51.3317377746544 38.73936519064033
53.468341881878175 51.3260585113962 38.72933790521729
53.49418164799632 51.35017929783021 38.71811819152096
53.469852796563295 51.3275554450916 38.72614716438882
53.48904804161952 51.353553921451926 38.723816613805944
53.53387494428196 51.422381474091885 38.67404559729901
53.532084366373766 51.4232754861015 38.67478950220537
53.61902258202427 51.39783414465582 38.67526716309343
53.533533773863155 51.42512222850671 38.67471961300933
53.62486930866122 51.406275248313634 38.67653610591964
53.698726467471225 51.4097441014712 38.7004039993492
53.62764679329834 51.407846977751056 38.677249116051854
53.666450531930145 51.460262856726175 38.67757137093775
53.69403798030247 51.47884094705249 38.68552185107188
53.64608737138373 51.5188586426233 38.67015116862902
53.67941033418068 51.5463261474343 38.678649066988676
53.69344612259732 51.56295768529283 38.688002288697206
53.693275023963515 51.562861063183234 38.688012301771245
53.694011299470915 51.56327272917288 38.687963464288
53.69353535383084 51.563022221111424 38.688016802995534
53.735237456227594 51.587282778632996 38.697591285481515
53.694290111313066 51.56348901518467 38.688029238300814
53.74245071777855 51.59143012892846 38.69970258359115
53.73594052913321 51.58769341558083 38.69780587199657
53.75311105497618 51.597620367721014 38.70290667314844
53.75293822305944 51.59752071365604 38.70285569747831
53.878060080803635 51.62591472979075 38.70708758755974
53.75324294965429 51.5976968304621 38.70294614261062
53.87173785692539 51.62698595733184 38.7076834922625
53.87154816600994 51.626984146621396 38.707723811720285
53.89600182848919 51.62754112629184 38.702312250527726
53.871811856343584 51.626989929459945 38.70766560495547
53.89329994094169 51.62791615112675 38.70262163027514
53.89194037554756 51.62775495280419 38.703008575606
53.89330057084813 51.62783709810196 38.70267374976187
53.93788510919613 51.68318383683797 38.7055533370159
53.89363409807471 51.69568677271166 38.707807341939855
53.93790767624877 51.691997686266276 38.70820603989938
53.92902671805169 51.73555264663739 38.68754000204629
53.912651499693446 51.766618636251856 38.72170020548997
53.91907882402695 51.824000400148705 38.734422367822305
53.904837602444935 51.81833026983941 38.741626569762815
53.9188963299766 51.82480758572951 38.734457652719584
53.978590724680615 51.84258139740278 38.70068417738622
53.940717675588004 51.84995155885608 38.72225517231583
53.94423467012646 51.87133762251666 38.7185866566528
53.94356043055218 51.8693851936701 38.71941318411316
53.96135160676371 51.91442763587226 38.70317108567539
53.959258033777616 51.91332213506436 38.7052368623651
53.963524521269505 51.916276950939206 38.701387035458744
53.96082620005728 51.914612248143705 38.703926502791575
53.96961535610586 51.964311852985375 38.710297670585774
53.96766247103487 51.9648074924568 38.71266293812097
53.99697207739799 52.01773957432423 38.72150713728865
53.96912973066496 51.98511462207224 38.71727049909524
54.000959669807045 52.069314713636814 38.73234400301306
53.944178762689475 52.07295358774995 38.74031343144899
54.006354270596916 52.091238717420595 38.73217475222302
53.93636031720464 52.13173506323081 38.74319050996841
53.96552704638826 52.15065031207003 38.74774012666118
53.959590801966186 52.14919939971644 38.756123707482814
53.99337505168879 52.17862269066041 38.74036428873016
53.96784074137019 52.176923430565886 38.771539495487694
54.00943693975714 52.21849906450029 38.75688810775195
53.97200408562949 52.21260264634341 38.79485410039527
54.01030624810051 52.256627913886604 38.74623870214787
53.986903290345154 52.24724304683619 38.77079427823476
54.00683591424834 52.269499327481995 38.74347914657038
53.98362503401587 52.27537168033171 38.75937125810411
54.00897918542071 52.26871383985787 38.73585487687564
53.98469281683674 52.27880651750325 38.754383640007376
54.00763365634032 52.272061749729225 38.736923921824086
53.98089169013973 52.2900298630847 38.75807094563246
54.03026026902678 52.406427198288824 38.75241527193675
54.029647001956334 52.40632729324932 38.752381473926384
54.05926196380152 52.390994442638934 38.70534656301635
54.03504740137883 52.422894662651444 38.75816528155441
54.07071670182572 52.472107287890545 38.77512812119175
54.06559736952309 52.47122389774344 38.77486142666088
54.07260581550727 52.468754066712776 38.77400086225477
54.07219187215219 52.46826478084598 38.773840095071755
54.11653300352723 52.48597005470143 38.76838848663546
54.07271689754938 52.468420864797444 38.77388926218625
54.12299335051951 52.489756916289906 38.76975763775936
54.11948449770535 52.488022452844255 38.77187681620589
54.15886119269329 52.511863043222576 38.75663298573954
54.12397622439757 52.490372900835716 38.770319912551855
54.17689919574351 52.53021395318839 38.745478106351136
54.159550166972835 52.51281086902061 38.756882934808075
54.184445164498506 52.54064628655988 38.74255148153203
54.18038629848889 52.53515355931502 38.744041774864954
54.18694419157144 52.5478514781189 38.73893099910311
54.185646417509375 52.544777923867834 38.74033878325934
54.1859157588823 52.54618512774787 38.739502742196116
54.20861284601728 52.59330250027436 38.731609377562265
55.17733924233441 54.15107180536583 38.81615336500685
55.17624821379858 54.15226814389757 38.81503091438788
55.13601941862555 54.184121609260714 38.787677764450834
55.13597588891032 54.18379259469892 38.78781097648412
55.13603343038774 54.18405798260025 38.78770551979511
55.1260107966715 54.220904650095044 38.75788221331531
55.11952622803521 54.2213749091539 38.75879725426616
55.115433361556164 54.22314080753434 38.755488697746635
55.0833460453602 54.25441479007546 38.741604169261336
55.043621425099204 54.29566065711354 38.77280518807566
55.01933038944562 54.35050009788104 38.74060546318987
55.0083911778099 54.34202979900888 38.766791333739626
55.00863985466364 54.34053452517764 38.7639564323206
54.998549187506725 54.35534849957193 38.76251692193729
54.99729996576384 54.35699604343409 38.761865251467825
54.975290683487756 54.377207282395844 38.76491805230127
54.947320265001785 54.422369138972556 38.75995544458059
54.922315679151765 54.46518968184995 38.759121117036415
54.919954214769874 54.481686324365775 38.74981989544223
54.918299326196575 54.48782541101678 38.74902167992453
54.915547468199044 54.49678000099224 38.74901725591357
54.898155959256684 54.58578289573771 38.75063651955806
54.895703940307946 54.595856843036586 38.750717839235804
54.85827763086002 54.6384564612983 38.76721475934822
54.854553201282556 54.64292125809275 38.760466468140415
54.85507992142392 54.64120761489029 38.7630608734005
54.856000049548705 54.6390081860947 38.766389573173925
54.80095461218364 54.678956463654636 38.782038043070756
54.78463072169708 54.701799160137654 38.78539218130727
54.76630576007223 54.77737005795302 38.77630463357339
54.72713354381385 54.837129923334174 38.80378891061994
54.72796629477271 54.848756615460054 38.801503209827715
54.736108053206294 54.890900852577275 38.75706292903753
54.735097665848315 54.93286886000845 38.72559594351251
54.76617690868622 54.96230662710716 38.72903441266941
54.777382748932354 54.97742442752504 38.72244789469698
54.78083927420363 55.03845569196697 38.70393419237471
54.775258563839245 55.08098869379578 38.70869327667339
54.77486612546902 55.081340281269846 38.70865870474847
54.772503475614684 55.083095694331746 38.70843144569723
54.761121104515865 55.1043952357411 38.72694378720646
54.82420594712411 55.19276449540983 38.73451751973326
54.82482578829785 55.194559855013495 38.731887225128844
54.88085092564906 55.25051692228644 38.65410212501037
54.881720093134476 55.250497532503545 38.654028212878444
54.9167277948377 55.24200493097318 38.65880074369964
54.89237815768648 55.31450760626613 38.68489902690579
54.89218600237004 55.314717530198465 38.6849836591726
54.911152879568434 55.3699679841485 38.687861181697585
54.91528481757133 55.372205562606354 38.68691254555651
54.95050473994789 55.4752390679884 38.71533259614147
54.94908452789238 55.477093579235856 38.71677438282477
54.94846146902616 55.47790967122213 38.71740624674112
55.04248760221943 55.502974284104944 38.66936388688955
54.950396129732695 55.49071923970972 38.72238301139886
54.974837672220204 55.53595226976165 38.71557819297042
55.030165764208206 55.55144988845348 38.69423723999322
55.08108609609204 55.56083283088313 38.66881472282888
55.08141944294474 55.56131786107703 38.66901621566619
55.10974940807227 55.58780904244208 38.671075736865205
55.10915502237782 55.58742789066463 38.6712116872215
55.14434337161386 55.59661533964626 38.69050336812329
55.19062566177146 55.59680970773896 38.702301186682675
55.18954658773471 55.63290883394603 38.68614493836415
55.189560418525076 55.63261967556612 38.68630493507655
55.18967448541399 55.632982938854596 38.68619454719642
55.22079971432973 55.70716499641931 38.664663206771145
55.22238570182691 55.70932887823073 38.664249453733376
55.22199450397165 55.70878477556334 38.66435531763455
55.222360045031095 55.70927340514811 38.66426366891445
55.24537781932327 55.76827577436485 38.66395844992482
55.26604856849592 55.82562358819324 38.660670306212424
55.28639152893484 55.88757955005383 38.659955348852996
55.25095987672436 55.905650514354946 38.69826994336391
55.24845268398433 55.909222641872965 38.701786190257494
55.2455502268693 55.91334888642142 38.70582459769895
55.251637522575976 56.00052248660738 38.7203297685655
55.262031329263955 56.00563225139137 38.70916977056506
55.254063382009306 56.004762329154815 38.7175355669045
55.25600258408436 56.00699590645375 38.71537379292255
55.269244692009934 56.051244120881115 38.72342712556142
55.281704142782836 56.06095542807234 38.718706604059896
55.31542995887463 56.11890485286746 38.69444148279956
55.31295771367406 56.11874166069248 38.693936441145475
55.3142655218277 56.122013975201966 38.69394725286889
55.337307883909816 56.17563236762985 38.69580444793155
55.33784008439359 56.18659683317168 38.69549713586371
55.34601052846881 56.204488561603334 38.696842956498784
55.33028119090907 56.24986830465393 38.71427874132063
55.330139869577096 56.2562889227101 38.718469796852744
55.32880625385593 56.262271877207155 38.722467088324564
55.359406879606496 56.32137850490123 38.7344630589254
55.365476765098734 56.38202936153378 38.729103692341596
55.37093489884272 56.38545448770978 38.72565245893631
55.37981040070449 56.390083034062116 38.72082388400628
55.413390630787745 56.439141963799734 38.70830651854321
55.41397320785998 56.44157198707522 38.70854441788751
55.435188703945435 56.4797457286474 38.75441564178293
55.43668285157069 56.49200455325008 38.753858974304734
55.4368398972633 56.493327302414556 38.75382907852512
55.436879398121306 56.4961373074199 38.755890707474556
55.438604126315354 56.551396089928616 38.733351170087495
55.41092354343244 56.57873758663671 38.683965275238386
55.43838719506059 56.55622508955086 38.729306548222056
55.40980190827343 56.61084668435163 38.693035765329206
55.397391200500635 56.627902412342166 38.69473900798363
55.3785086527369 56.64287812455855 38.7823744533954
55.37777966430467 56.643889913981056 38.78258678272698
55.31974688648764 56.70323064647758 38.783585064716036
55.292080431212455 56.70964294468391 38.76658682540859
55.2879721040271 56.711275490710236 38.76293554462933
55.2880341935911 56.71123595660395 38.764827518541296
55.28650316047655 56.711829574500356 38.765293088697305
55.29327641421143 56.70919396369729 38.76440257045857
55.27901135077441 56.71473661927212 38.767287953404036
55.20649862732959 56.7716504349719 38.77741241461221
52.202384351294135 51.001781430036154 38.784115778389584
52.277058558058606 51.05446989744939 38.728994527807686
52.339649731188416 51.024404658699375 38.724341471433696
52.405075500800876 50.99268598757129 38.73440927785065
52.41550867244235 50.98483821449096 38.74062480808684
52.432123853956554 50.96162565449892 38.74321824879556
52.47849709381008 50.97750741381245 38.75596482266674
52.54623048188933 50.98770413212617 38.77469663386955
51.95849765522198 51.05677988547808 38.77214835996907
51.96754275939912 51.05484043535987 38.77065354539618
52.176019435951865 51.00837043309619 38.789893035911156
52.18033972142134 51.00920461946329 38.78325887137948
52.21408727427878 51.03331993313108 38.757079539734804
52.22357677027685 51.044239075393115 38.754738270008836
52.27452363216142 51.08508724937138 38.74086191227825
52.31807307723167 51.085593632836314 38.72693482643091
52.36363966183934 51.042823751164995 38.73061074165485
52.401877953496594 51.011608555011804 38.747979417245205
52.413531935461954 50.98651849609893 38.73906194532048
52.48325899783927 50.97854478747038 38.756444660339035
52.58660784219877 50.99079283584413 38.793832668645976
52.5870545253843 50.99070681609674 38.794145364734526
52.58916031807798 50.990244731171046 38.7960987035467
52.681455072365374 50.99809076605551 38.82375653821206
52.70104644616719 50.997293785221544 38.815965241738795
52.73119028084089 51.004052688285505 38.80989236085623
51.954108265758684 51.057496582105564 38.773718643085914
51.96282922788988 51.10405935716074 38.819198925528795
51.95451753490459 51.10274622495155 38.81427172582751
51.96003760510098 51.05625114253769 38.7726411566078
52.02096803391651 51.10043456081081 38.79393149442887
52.05969570441651 51.0296142171229 38.797244569505864
52.1459991415106 51.07946283516915 38.81713129941423
52.172712912530514 51.00819240731532 38.79469615278514
52.174910152457244 51.008412549368444 38.791443721754135
52.22189187815994 51.0421407342982 38.75543599604957
52.21993749370168 51.039762471131894 38.75614690114351
52.26749613017023 51.081059635887925 38.74144380772318
52.27644483430782 51.0867873281733 38.740621832427934
52.31686585648635 51.087521369575335 38.72789031381544
52.31955416297804 51.08428830380414 38.72632294197153
52.39854508110541 51.01573368295988 38.747522004973824
52.40476490798206 51.00821024871978 38.74829806954477
52.53350222075585 50.98457101750627 38.774617435469
52.58761626883741 50.99052329802912 38.795176889232515
52.58847059073581 50.99032708185748 38.796043472338965
52.621773581823454 51.05316714879715 38.807095543167975
52.675323622660464 51.125661934682675 38.801961120420955
52.67706906081801 51.123761676382834 38.80219251518057
52.67520520344443 51.126336853647175 38.80178829958744
52.70987831462085 51.12176503343272 38.7976343641021
52.78878385267925 51.04306915887197 38.78516892820491
52.850102324884965 51.08537003693301 38.75924734871184
52.901480822587736 51.11451843160507 38.740566273901315
52.91012909235076 51.11413797107612 38.74400536424146
51.963308616779436 51.1061211362164 38.819009042609856
52.020864507134235 51.10215123804646 38.79413078237219
52.051317587351 51.16176437813628 38.84592645047959
52.08781033618012 51.15584491134557 38.8394427748164
52.14503179570463 51.08628303803535 38.81719941857592
52.174429053287554 51.00835619849168 38.79216071715713
52.676065537897344 51.12838101242609 38.80104456566499
52.704258321364776 51.129624607226305 38.79626752066998
52.71263468354122 51.120639156279836 38.79749707301794
52.82870808017971 51.12629703433275 38.77639353713768
52.90781216829885 51.11436957098715 38.7428723753763
52.87835349040467 51.152901769687986 38.76300156116436
52.914265661186874 51.113939465725686 38.745677294267644
52.952910831458624 51.121441864499374 38.75372730373111
52.95948813752603 51.126008474867916 38.752310881967844
52.97034070180111 51.13475709336133 38.74826185699088
52.90842025403543 51.114354193756526 38.74309562467302
52.91470818889752 51.11395728141886 38.74579242083353
52.95571387700021 51.124250047061814 38.75190777250564
52.961222443791414 51.12814019379958 38.750629031533805
53.01339955753469 51.15063996496046 38.77053697111454
53.07728220069441 51.179810680098015 38.78235294955533
53.063993404713415 51.17556968123637 38.77567998056652
53.09659983970991 51.18520090359464 38.79052850554247
53.101806857003155 51.18575888108822 38.79097102784718
53.080443864870055 51.18097004643768 38.784236455922866
53.10016555078411 51.187991218709406 38.79557072349794
53.11857936182891 51.200050123223356 38.81128200072294
53.124342043912606 51.20723412695003 38.81947121139879
53.1213667268691 51.20352015415843 38.815235067924746
53.126964038906806 51.210917406339256 38.823885118237364
53.190790680512265 51.238117459871845 38.71770356265016
53.12606847275151 51.209946138300786 38.82285332545317
53.15382580116415 51.240938699631556 38.85428467746193
53.19323495637596 51.29329823681917 38.833823928653494
53.23517557361464 51.317983086792985 38.753781434502464
53.19368937828639 51.29385871323883 38.832867523047646
53.325567601487435 51.31492037904154 38.73256619427594
53.20824667957737 51.3335103053206 38.7852680676276
53.32799274453026 51.31474955663245 38.73624814822284
53.38104090272762 51.3302064865766 38.75102224682319
53.33493151168514 51.31217849586356 38.740227729601365
53.43079886373352 51.33198339681539 38.739133402489145
53.380837142937054 51.33034428617451 38.75087716967112
53.430584243458924 51.33244681927788 38.738823430162704
53.43082366953539 51.33191388944643 38.739410223338766
53.43075681486344 51.332058522285635 38.7393094984933
53.467632780888295 51.32587644675563 38.73011317174839
53.442362076325246 51.3547613154949 38.75069567222924
53.44184154977977 51.36656608568307 38.743810490608865
53.4853344157183 51.35736912889881 38.727153271468325
53.48165329890722 51.354240760812914 38.734411396300054
53.48340752314526 51.36020041896788 38.72839763935343
53.531989937809776 51.43427533912882 38.677096792415554
53.53128656722912 51.4343067710123 38.67732279796766
53.62564174216831 51.40738088167191 38.67670418260601
53.53190052677535 51.43471947309685 38.67721666455762
53.64357542544088 51.517137002382995 38.66994332789267
53.64506578819895 51.51821906856553 38.67013849273743
53.644314018552066 51.51773703049659 38.670115667224614
53.646313129201566 51.51938597961622 38.67061163410202
53.69299293143818 51.56270183364021 38.688028911715826
53.69292967461285 51.56266529469417 38.68803147399981
53.69313431123236 51.562795652261194 38.688040142114176
53.693750454327116 51.563178634013894 38.68805296741362
53.69362060414382 51.56310059182957 38.688053989785914
53.693778436190854 51.56319832985747 38.68805676294887
53.74199714790095 51.59120807939081 38.69962310944882
53.74255076677817 51.59152782636358 38.699787128915716
53.76276558527236 51.644932186548964 38.729296785120475
53.76375426195955 51.64616521649467 38.72992497680034
53.82032451077551 51.66930352174352 38.72600165358032
53.82189884695072 51.67024445227431 38.72559245558898
53.884865797667686 51.690719374619164 38.70978476862909
53.88716435893449 51.69383912309462 38.71006996794561
53.90955491836386 51.76949400962327 38.72274684338219
53.908580943723784 51.770208939202355 38.72300167494414
53.89568856097227 51.827955858037726 38.74510753155029
53.896223902028325 51.827485452875095 38.74493786882846
53.91604005467765 51.83591799888404 38.735053212519695
53.89336298799346 51.83087333914925 38.74616489532032
53.942866312603414 51.86650569261312 38.72021418008083
53.914090312834134 51.858541091099795 38.73928492128097
53.924733544705454 51.89706011960409 38.728794612777854
53.92368810965941 51.89669411200407 38.72940833463495
53.93801302018966 51.920363878584865 38.76310829173815
53.936688591527755 51.92233145225156 38.76937640069474
53.94462063992718 51.96680177667712 38.77024545552352
53.941562383793375 51.96469268309753 38.77983198833443
53.95293203036973 52.02083670471906 38.73552627641619
53.914640913306464 52.0002678676458 38.79561522833072
53.940264635684535 52.08035980870374 38.74229376449955
53.93577927407485 52.08878804393145 38.744518351735145
53.933838010374465 52.13062793095363 38.74506252884755
53.91010902410947 52.1201025702772 38.78379412566684
53.95640414621615 52.14816600776888 38.759959834765084
53.94284777481123 52.16131800549096 38.784373094298196
53.95545779547563 52.192988279907475 38.799068276289454
53.946149669417125 52.197173216204575 38.80079096159767
53.948457914302416 52.196958660529894 38.799691979973716
53.930669989939915 52.209655202254126 38.80369023547577
53.95597465950077 52.24421172365838 38.78833896487704
53.925861318297635 52.235052208974935 38.79641946769303
53.94616514537525 52.27263786532001 38.7900210516398
53.94342876274351 52.27409615989404 38.79024531054818
53.943185247804905 52.27539983311945 38.79088333733252
53.97845080383419 52.28915573466379 38.76157394707707
53.94344255131889 52.275768090089535 38.79112833880625
54.02914131730857 52.40867150202277 38.75320221779725
53.976448380477926 52.35923466640496 38.76496857807895
54.01711818519412 52.47059293520561 38.76751270149587
54.06327835017043 52.4713045973946 38.77490081040038
54.0251034101547 52.47692696013441 38.77842124856809
54.03297802537348 52.47325143995312 38.77667697711278
54.02916118660485 52.47462216444665 38.77728744309938
54.03121285070597 52.47394402199865 38.776992855137465
54.07883482923782 52.47426979786593 38.77580477177093
54.07082115812442 52.47292818028061 38.77540102639249
54.09289161704028 52.503215600895544 38.77653126930326
54.12050715412923 52.517478223625176 38.770501022566144
54.113849296247906 52.52326300255427 38.772119188340454
54.11459147618965 52.52535507693111 38.77082720912855
54.1822873730649 52.53922395520077 38.74228493219283
54.13815065532315 52.538978307071744 38.75950265702991
54.156820475592454 52.55655652111036 38.74998461019193
54.205706638166255 52.58622553334214 38.732825854790974
54.20470619193911 52.58352128451487 38.7334837464731
54.20846600175338 52.59251992830258 38.73204998550825
54.239312803862234 52.65430508068978 38.72816098016406
54.22268348734913 52.65332503016191 38.72400480768938
54.251752735899366 52.705567470329115 38.726532335187
55.284045588976895 54.03640291896944 38.81056614525451
55.25685723795991 54.03231250986873 38.85239412707354
55.23800527283072 54.06003783096417 38.84884169105062
55.239381858113674 54.10117869357954 38.83801075754425
55.19960842778272 54.1350232121837 38.841495619186645
55.195089654390415 54.13317381841698 38.840617738901784
55.12806462637037 54.14430526375797 38.808925975671556
55.13020859756518 54.14847068938792 38.80732615862382
55.12093635324493 54.212516456816545 38.791216189917456
55.12295009539474 54.21071822666961 38.79941885053786
55.1208196438862 54.21121135190518 38.79856270049263
55.11615702690267 54.21211463950685 38.797665484618435
55.116730347393144 54.21181417738645 38.798826959259436
55.04136103877347 54.30031999913257 38.777021856783854
55.00924194508955 54.34470772696511 38.7768859969154
55.01071816797066 54.345057195391334 38.783488281420304
55.00083035865138 54.35320592348623 38.76590621726577
55.0090075351023 54.34740761342207 38.78283550585923
55.007484436468665 54.348328677953674 38.77927855358436
54.94003808400135 54.39183090730672 38.78688320212483
54.95011580551085 54.41986550126668 38.80173433677906
54.92783552963261 54.425444033291015 38.81083497648329
54.92659096727441 54.464871569655024 38.792276065449585
54.92811044220641 54.46153441681032 38.79593789836944
54.92788502626173 54.46274167890867 38.79521228434108
54.91906231814292 54.48229458696661 38.752238703415756
54.86031845583231 54.581794877457 38.76968267305457
54.85964472534611 54.581864590244166 38.77020909571695
54.85839048301599 54.58357315290827 38.77069589702519
54.85004685530734 54.634123649577525 38.77382036561308
54.848116549549516 54.634458447404576 38.773322254860794
54.81482805820178 54.626164162573886 38.79291726988994
54.81259918042963 54.62555795775617 38.794933028196574
54.79760920626906 54.68004988145356 38.784142549430456
54.78209420227103 54.704139490910116 38.786390932413255
54.75488093686125 54.770008136267805 38.80351080203641
54.7262955537736 54.83525533575856 38.80674007478435
54.726553742425935 54.84601195339006 38.80650533547706
54.7278964235326 54.860322770519694 38.802526080819185
54.7312174774049 54.90810129158395 38.77561002022112
54.73137769558131 54.913095693932775 38.769692883042126
54.777373074686764 54.974145906494876 38.72628234888663
54.79836461507209 55.05724776609357 38.827999969776414
54.7702986117348 55.086576649699 38.72503303265712
54.85814679464076 55.06839442690605 38.827827358783324
54.85858184145504 55.068965744067825 38.82846687126026
54.859071617086656 55.097939864751254 38.83456757080237
54.85066987836693 55.117193564937175 38.89634221179328
54.850520672567136 55.11733237181805 38.89644152149401
54.875094712916066 55.13272584409624 38.89882841585977
54.884557377402935 55.171034749607834 38.813956393570336
54.86086563142428 55.26227357423761 38.77578208271701
54.869734895682356 55.28789254293877 38.69478243677938
54.886994212849615 55.318680744359625 38.69008580177061
54.88648015862358 55.31907588670151 38.69058647651374
54.88645838239967 55.319098489112605 38.69059802423297
54.905983488836725 55.430476608276706 38.72584721700383
54.91072941061891 55.43393980005294 38.724540706966565
54.94530174569561 55.48185772280836 38.72066088682035
54.94364738475623 55.484011708547 38.722342034639766
54.921198124521425 55.52138901934187 38.74689076185754
54.92659982921619 55.530073297696944 38.748400174141054
54.926836708885645 55.530504598412165 38.74834216035994
54.98115073675123 55.55252555100621 38.726458255283916
55.08126859957312 55.560760264621806 38.66857357607526
55.02915114911269 55.55298551804608 38.69622942250827
55.081348190862215 55.56065978978006 38.66839686487659
55.16423603363971 55.58311102656561 38.70802903884453
55.16858957423142 55.58356667662011 38.709189895606826
55.171244883294804 55.58387817272015 38.7098980786775
55.20947377937043 55.617510160319 38.70447987262243
55.20935417541854 55.618673210508135 38.70386813595803
55.21436798581734 55.66606169928736 38.68434931268783
55.22176249187177 55.708456546705364 38.664420136453685
55.222134855940006 55.708956849679815 38.664325838885304
55.24576668670462 55.76961555428905 38.664021971785296
55.24837170812394 55.90929248665279 38.70173761874727
55.244353271038044 55.91502187175441 38.70738796638921
55.23883532597482 55.922874073722774 38.71509284868325
55.23812079689887 55.92389021854939 38.71608824786865
55.24170702536452 56.00102333947761 38.73065752902716
55.218299627171334 56.032260853099075 38.78959518261858
55.222464804665606 56.03621710890259 38.78900714041307
55.22319732453837 56.03694880036335 38.7889812385626
55.27320402992048 56.055892965977655 38.72607512451374
55.30984702930604 56.119035696755326 38.693260795375835
55.33670735150727 56.17845797046083 38.69553862983688
55.33671239752915 56.17931584586293 38.695505327580705
55.33717132231503 56.18498617327736 38.695392871444646
55.325364755598414 56.257864716935785 38.71986093288157
55.32978838344676 56.305480424334505 38.78184461073935
55.329432960024405 56.30624496173388 38.783262881205246
55.329311243125076 56.30649066257526 38.7834376135817
55.32610086065205 56.31301284753695 38.788849307385384
55.3520587054606 56.38394590299602 38.77504882952988
55.355618019355354 56.3874963032447 38.77464474852057
55.3648786714685 56.42196316527377 38.80093273483505
55.399553087263655 56.454303706475486 38.808885925055876
55.39973647019426 56.455003653524 38.809830807679006
55.432615644761 56.48280489253743 38.77556208518046
55.43329603316168 56.489125479240315 38.775925255135405
55.433410252704405 56.48971714228482 38.77559415942052
55.4106298128257 56.52561451233642 38.804913189735885
55.40792698433339 56.52666315431422 38.80574353393299
55.41984474792976 56.566347317102554 38.8192283559078
55.41671173037403 56.57625671275241 38.82570161630822
55.38046790060942 56.64597355242614 38.79442680807006
55.347989883499125 56.656234026907924 38.83072210147765
55.3300258881839 56.6955972576509 38.82659529886839
55.32452886303766 56.70135674824652 38.81953153327773
55.28904401963061 56.70469981371538 38.81235510127489
55.26857856356092 56.712514398980886 38.81536031703752
55.29183145887535 56.70404015899251 38.80540160293619
55.2681018954431 56.71293306542637 38.81280718410018
55.19559356691651 56.78266305552152 38.78618898531656
55.16148002685983 56.81045855830069 38.795131666768896
55.166739025821194 56.809499306800774 38.79891977396981
55.16639948232048 56.80982928292547 38.798679948365034
55.19477097609516 56.783511009395866 38.78686231706845
55.1557093397583 56.81294142157894 38.79100033615363
55.15077807214587 56.81491364909246 38.78746731061602
55.09057681262475 56.880606114611325 38.823639068907575
51.95524656755369 51.102359139172485 38.814823788473745
52.22325995612851 51.04371164035172 38.75510425748645
52.26998519977757 51.08301741698961 38.741165869122135
52.307770401459635 51.12535351886106 38.73398322023697
52.31029032159133 51.1264354940874 38.73373419252371
52.311694186013405 51.12821646021252 38.733355329743745
52.365447095824855 51.04158799275534 38.73200188875083
52.40009059128505 51.01394818390974 38.747677622574656
52.529889532010685 50.98622680697459 38.776491953913585
52.600332824915654 51.04147572654418 38.78989499840566
52.60407660168082 51.04887695192098 38.79051542209218
52.62413213896458 51.05992254238948 38.8064379450091
52.67509079057716 51.12647029151004 38.801770577315324
51.96684449959636 51.119437991133346 38.81805974826742
51.973080050072994 51.122787728082756 38.82119177450661
51.96274476270453 51.10978650510182 38.817778604598544
52.0461105468151 51.16580425945429 38.84388501584961
52.0522856428994 51.1680926694835 38.84444304928877
52.086445493569975 51.16472607931357 38.838962387047296
52.139505764995114 51.10532077284223 38.82163434978441
52.20388944475062 51.17697418581018 38.77856060327374
52.21782620514658 51.170795307821976 38.76910279812553
52.27301208154295 51.18173464807598 38.77634245783321
52.2956530125514 51.15267655635141 38.77804749547631
52.295038340627215 51.15441167425439 38.7795668515929
52.310704652908214 51.12959508565325 38.73308554647687
52.31176265902719 51.13050584731877 38.732887953576196
52.34097812866759 51.1647866869029 38.7270508589338
52.37347852390771 51.201819256998505 38.75023717327603
52.57803044622216 51.13357712767203 38.77719448577687
52.619900781026985 51.11363136576658 38.774963351281265
52.65434555087169 51.17644198461641 38.768074572844355
52.62056676924666 51.11490463692893 38.77497474584169
52.65626226949556 51.17356949011698 38.773293509204294
52.65834681067044 51.16965516700365 38.779914756248644
52.67370718685206 51.14172391644353 38.797631077018366
52.69869135946059 51.138346818852334 38.7946363116899
52.708832310933886 51.12635885072258 38.79645329566077
52.82884988535105 51.129517168532495 38.77697348238401
51.97521753281785 51.21096819001496 38.818629803065136
52.03454784812568 51.24239610608906 38.837539307375536
52.037519397355595 51.23942206675265 38.836529209833394
52.04960187237032 51.236006386484135 38.8382908131567
52.08942196214208 51.232956393995416 38.84271839533538
52.09520367025699 51.234251698582625 38.844601106593586
52.193029679585536 51.21835764426095 38.82059131055507
52.153853947699425 51.24390013341242 38.855519975294555
52.215067016934114 51.219817884075326 38.81481440612902
52.27314113441143 51.184389620690936 38.778919044343986
52.654481018537226 51.17651314090813 38.768115471842904
52.65663606133958 51.17417267481798 38.77291970605138
52.65925571703593 51.17240263936176 38.77747379930164
52.662259357433356 51.1757319059436 38.776285467995564
52.70229946813423 51.19689809616338 38.81649301249807
52.70090161456395 51.19576602299419 38.815270969196476
52.76897028484812 51.237201315701704 38.826005259097315
52.83036468212747 51.2671050193256 38.84444286752202
52.850521331436454 51.22402091275492 38.79257660820824
52.87874117977387 51.213029366547275 38.805374255298396
52.95747354163312 51.125892506212494 38.75093539413521
52.96126063677602 51.128402492723716 38.750288237448814
53.0142975178164 51.15098445899868 38.77108019451657
52.00818783069623 51.26758848249822 38.85034482386
52.008681323841785 51.26395642538579 38.847528497436485
52.032812802335954 51.239179604773994 38.83477908216868
52.04762551452157 51.236566846859425 38.83800384720101
52.09645601612972 51.22781147139977 38.843323609973034
52.09797969488599 51.232156296198355 38.844823675059615
52.7027486636196 51.197251643376866 38.81692058814678
52.771297916583976 51.23875203305038 38.828452827723
52.82997077861648 51.26721433376817 38.845564737828596
52.85398877855445 51.27322024013001 38.832858240899995
52.85571161175457 51.27451755025022 38.835674659185564
52.88322458588576 51.28556602828668 38.8565142702359
52.92682029350169 51.24760191342156 38.826712657207324
52.88447388710525 51.28581967073737 38.85692198032896
53.05478930240517 51.206071898310704 38.82358288258198
53.09756792161299 51.21122033005037 38.831282588377285
53.119445530445745 51.2024396556755 38.81468588713014
53.11955501474039 51.20179105581897 38.813538920723936
52.9259587580211 51.24882305148532 38.82780962973261
53.02834476557526 51.251550938344394 38.865993981347074
53.09179565750277 51.21871482879709 38.842777405746844
53.10863268641421 51.237002907961326 38.86477092367673
53.14985448051053 51.24223027784904 38.85933593169539
53.12946909795735 51.21553068513464 38.829917689230946
53.154137951904055 51.24683050553419 38.863865725351054
53.15509626681976 51.24760594089243 38.86432749801772
53.193155075109786 51.2931911016664 38.834028555581995
53.152490163063305 51.24525468960838 38.86254456012104
53.15932215485654 51.25254451246889 38.86966641226388
53.176452108930164 51.28719742196459 38.85634674730369
53.178147459297854 51.295396713947206 38.84600135063857
53.17730093405344 51.29100866237098 38.85161448411255
53.20738888260465 51.33259410531383 38.787179227487464
53.3283365511759 51.314747021451865 38.736838384958986
53.178195557057876 51.29537509287258 38.846094827999195
53.206514010905806 51.331726525041574 38.78904847199108
53.311130433290046 51.33966212575787 38.757976088407275
53.378551647314346 51.33223096570842 38.748889584187154
53.313311314529905 51.3386203608504 38.75885086309732
53.43001182859562 51.33372700480291 38.73732882486767
53.37706654235302 51.33345908565783 38.74759577368491
53.44108761760852 51.36302553942231 38.74481887820184
53.44165986243172 51.36483392050943 38.74452114492122
53.441272957843765 51.36462585799041 38.744182615050725
53.44179865158172 51.36853934660996 38.7427107958272
53.44406759015141 51.40533914692074 38.76399863677993
53.443133739923674 51.4154570313771 38.759775017836766
53.4432291065513 51.41945108523282 38.75731543585957
53.44284023692127 51.41847231654522 38.75854227096071
53.44181341717475 51.519200384724385 38.742386779327155
53.46583129954864 51.5458835834809 38.75666286204485
53.46583995915225 51.546002207448694 38.75673562209312
53.64413605650974 51.51762084617691 38.67010780450127
53.46590524008752 51.546355516183894 38.756961089086104
53.58596413769692 51.54691431878665 38.716325203756305
53.6606255374853 51.53791841322103 38.68239812917434
53.588018548095526 51.546761068666655 38.7154736695483
53.66102411679479 51.58962431743268 38.70602383856354
53.69334508965629 51.562930273084085 38.68804955984166
53.69326761893052 51.56288042904693 38.68804558952837
53.69341906597586 51.56297567606499 38.68805029162485
53.73720601510969 51.58843591418665 38.69819676135323
53.736880565851614 51.58824666697839 38.698098578525006
53.74218145693828 51.59131453665328 38.69967772545326
53.73757116024149 51.58864628265357 38.69830422130766
53.75472259334866 51.65004152051115 38.732350355105396
53.761615354458186 51.64754914823722 38.73075060599645
53.7557185506174 51.651732193611124 38.73322504986937
53.757813671735285 51.656414289578926 38.735672007934674
53.81826423019061 51.672833338677066 38.7279926668227
53.81200870803594 51.678291067763126 38.73242997685431
53.81410696726064 51.67893830971525 38.73169909473598
53.885956768958486 51.69317912189503 38.71035296731917
53.823213235663516 51.72041462794793 38.74590746671685
53.8496544875679 51.79335697173895 38.75463265383709
53.89089550658023 51.833237819777615 38.747018847721655
53.89179169429202 51.83234493025521 38.74669619031689
53.8905562385522 51.833742519777104 38.74720208642992
53.89003430772043 51.834412843380136 38.74744509109214
53.88890900514567 51.83588409860825 38.74797855219178
53.87928972220287 51.91949831352947 38.83447389623439
53.87274592230115 51.93112779428612 38.86567866388972
53.87932304201824 51.93540863362353 38.86795353589223
53.882113920549735 51.96085780358603 38.85848204009686
53.883427317012895 52.01661751902733 38.85112694445376
53.89472462232093 52.11924052134087 38.82910402468692
53.88167880134307 52.02428547633956 38.84963528454415
53.86974663799801 52.08878718922413 38.84051647565042
53.89460436228885 52.11921967136252 38.82935091422828
53.89182942599181 52.118123127981534 38.8365795341014
53.89489980417849 52.119925317167514 38.827115583599216
53.89199458054605 52.134520202273436 38.84452921694516
53.92849154667778 52.2103845316497 38.807037024251755
53.92800883972437 52.21146584482995 38.80748628122085
53.92640871533167 52.21442775559298 38.80917339928992
53.914644406571234 52.218447269819976 38.81268691099781
53.91392491513517 52.220522103600274 38.813468140495885
53.91476646635474 52.222485736184325 38.810875238001145
53.91767164048852 52.26948023526059 38.79930566604028
53.94121554959819 52.27725796954244 38.79147040978485
53.93818866316819 52.27919176568426 38.79188732038252
53.89685036691968 52.3825241678542 38.79550135159978
53.89682142310593 52.382693648393115 38.79549392079543
53.89637467651918 52.38576547859324 38.79541145885302
54.02378411298025 52.47759520301672 38.77874348430023
53.94778635462099 52.45841678659346 38.82765628735737
53.98802156478927 52.48613962156896 38.77750648891826
53.9875782751891 52.48631578101535 38.77751541622426
53.987796934192104 52.486326197047966 38.777611597544045
54.024445927535055 52.47754879073494 38.778747037479455
54.02050287604092 52.479483622676966 38.77967443803099
54.02208928980013 52.47892548274227 38.77942733161914
54.09097489603677 52.51290207569408 38.77655685930629
54.074007544712806 52.51346655440493 38.7774426562862
54.08974929661377 52.51704121476952 38.77649946155289
54.11295721420416 52.5275471448315 38.77091081775362
54.11070853608278 52.52912888962256 38.771608458074965
54.122602753853194 52.53542551185 38.76943765351325
54.15479605894474 52.556907782878426 38.75058545307566
54.12295446020917 52.535352271609426 38.76934306919347
54.16907403124275 52.596647116837026 38.74295090949026
54.167864749353555 52.59608511330827 38.743381989046796
54.20931375395256 52.59445764197494 38.73180813535611
54.16936016693498 52.59696719264362 38.742872867716706
54.25146014568935 52.7082888848052 38.72639746205513
54.251383549121584 52.708319352138034 38.72637441006393
54.252732833432745 52.7085182209654 38.72676726222187
54.25167470756172 52.70894575812876 38.7264486961617
54.288183729368384 52.73355994559761 38.739408182633056
54.2534749059691 52.71223065882246 38.72691856747976
54.28903262390491 52.73471121009307 38.74020969087768
55.31951916904549 53.945554354655215 38.9076511087055
55.283569187981186 54.02309800751757 38.869877497178685
55.281317493854246 54.02210802286562 38.866456576944216
55.27942938433969 54.021608757960934 38.86310337306878
55.25809116517583 54.04004826777262 38.86125285665964
55.2370945582408 54.06375828563594 38.857457469536556
55.237074975510694 54.120590981483346 38.86948478780266
55.2375322915079 54.126668537159794 38.86629485949383
55.19801474694211 54.13481323220849 38.841393627739855
55.14299210876365 54.12361051048663 38.834666573542414
55.1031738589173 54.143174696086575 38.8409804858911
55.096762027492424 54.18237695541408 38.86604494213634
55.09923563136231 54.20348852508971 38.85452598180243
55.096931404772675 54.20559557435027 38.84330788374174
55.096836605299195 54.204677404288766 38.84801469323962
55.09674934392554 54.20473087223299 38.847725267874026
55.06792428318579 54.26489497443607 38.81478634319784
55.001584163604136 54.32662811022997 38.8204703269936
55.00417010349294 54.32957691892477 38.81875267639662
54.999463789764945 54.339278105377936 38.818464553443185
54.982763487289745 54.35623665120368 38.79696943786107
54.93283896117638 54.42054241803207 38.826076660496476
54.93530861342978 54.42390926223234 38.8281858370247
54.93994405904703 54.430191778228206 38.83217923314032
54.93535540854853 54.45660933425938 38.81058432750607
54.93442276050086 54.45786348022012 38.80854008181911
54.930242348975305 54.465253820222365 38.79892418153425
54.85240096808308 54.56571480329147 38.83222375169734
54.81558433992571 54.59308729116465 38.881546968979855
54.81499599323881 54.61621539845413 38.82321456852813
54.80493582725637 54.62157333276026 38.8024300654038
54.805131563062716 54.62197391758224 38.802149512442384
54.836883862996984 54.646420310587544 38.8300729385111
54.839347429789186 54.64951468950548 38.83509434541527
54.76525938952402 54.77486566495848 38.85777280996299
54.72528353404337 54.83862750190267 38.81067760328853
54.71739445246089 54.81707661238693 38.856122187650485
54.717138183996695 54.818010084111066 38.85700937389606
54.724589974197706 54.84642509194119 38.81373965476976
54.72501942956698 54.85417960690533 38.81267743589787
54.73294725199491 54.89145999550797 38.855858865535524
54.77258530305311 54.95607071939935 38.87129594577826
54.762854478058564 55.01547802530241 38.85518417444793
54.80643079777782 55.073752355769926 38.88368753052796
54.791201124265626 55.07444728461438 38.89916568324847
54.84691539705867 55.08486772185407 38.899624614020894
54.84878502663964 55.087969290479336 38.89834199498575
54.84977689434564 55.11728423057258 38.897181599907746
54.84927933833398 55.118163707011504 38.89737483945482
54.84925682648134 55.11820674279804 38.897382508521076
54.874470285840275 55.133892492601284 38.90014404901689
54.8946008272748 55.169466141822724 38.927128603865384
54.8962791931513 55.17061584605686 38.927727685077585
54.8922807784839 55.24568236820583 38.87989749851166
54.84086802616939 55.311388923402475 38.86119779012808
54.84061275562135 55.31177575381672 38.860709138928556
54.928045297534766 55.39027535288784 38.81550769439546
54.93046161170436 55.39475455986149 38.81485976061339
54.92116170015993 55.52130832866007 38.74692185734828
54.921197555350204 55.521387080167266 38.74689390995097
54.92120548417919 55.521403317041674 38.746892352572175
54.921219217948135 55.52143335445818 38.74688214666433
54.92656084371524 55.52999744773961 38.74841640927942
54.92681552113001 55.5304619402526 38.74835295611935
54.92687473165955 55.53056985339572 38.74833831061743
54.983982515810794 55.55325008892742 38.72532385136736
55.073868673449624 55.56645988994189 38.71698806778237
55.16698541289377 55.58332489035294 38.70876181273709
55.19629250061291 55.607346858584535 38.81084083772622
55.196183561804006 55.607547989757435 38.81150090933825
55.172012964166186 55.64798671126718 38.90476752660096
55.1715220937519 55.64861346569255 38.90640559855146
55.17092865371512 55.64938103618924 38.90833192180817
55.166432565087405 55.67664024250337 38.89067056742682
55.19973377163713 55.71436886974261 38.77513007161246
55.199853362511305 55.71439852931041 38.77471101472822
55.2447926672208 55.91437511054724 38.706697898077245
55.24063511912832 55.92029705699838 38.71252326689057
55.237072023416005 55.925378366822365 38.71753741229958
55.216670166275236 55.98609426736452 38.78932849936708
55.21504755566029 55.98904135983141 38.79237463292686
55.21403371800025 56.033021421755514 38.80058457089855
55.2150147073625 56.03573943976343 38.8043014143059
55.22119079279253 56.03752714210671 38.79462638433177
55.19705579300767 56.05181435197823 38.87684474711873
55.19755330339585 56.05400500423025 38.88042602240335
55.19802976519162 56.05643047136505 38.88452914467959
55.25025625659965 56.09477866137919 38.85829069835812
55.33662378475965 56.17998145267255 38.69545608101672
55.27628121742201 56.142896829157365 38.85709618161142
55.26875678837426 56.16127724767557 38.836491773515526
55.2890469146472 56.25441863443604 38.85993355189501
55.32148487270425 56.31675861254489 38.8862867748546
55.321245286933696 56.31735258325952 38.882944291918285
55.321189005172094 56.317492177219364 38.88215887925962
55.31582083379436 56.33237393445545 38.87080884282495
55.317511733807606 56.374303635100546 38.84707760775299
55.343556167559925 56.43546036863833 38.872456751193816
55.34453924906823 56.4354393638814 38.87360998705029
55.38184032568796 56.46985443038733 38.88109445262663
55.38230747099367 56.4703026199212 38.88096174558091
55.38944384373308 56.4770519931038 38.87902806202616
55.40938242699889 56.522995243203525 38.81878414924554
55.41195148312334 56.50540824267699 38.841252180751795
55.407929459485246 56.52182706603441 38.82675797240192
55.40654006131391 56.52342564750936 38.822579744827415
55.405006810676404 56.526044000014736 38.81425599836972
55.40498581240521 56.524518815554245 38.82092685687798
55.40333561619481 56.52560935752602 38.81947665477365
55.38040623986339 56.59107457151892 38.87403730931036
55.37937239714262 56.59989004698177 38.87534051540119
55.34104873717558 56.69412505935703 38.846121581335225
55.32497384824377 56.70141638609198 38.82363851946936
55.318319342112346 56.69989708738082 38.8662803507011
55.312274028879415 56.70093594809589 38.863707109885056
55.33142434908345 56.69771335641936 38.87186714148724
55.28439191804399 56.7206182355896 38.862073480872375
55.28381823488604 56.72016955647611 38.86116296008036
55.20042829031837 56.78118179751671 38.81568380616681
55.20750786487085 56.77501192895988 38.818826095229404
55.20224090376878 56.77972307622294 38.81650480555739
55.28417665305923 56.7205663278898 38.861709393558826
55.15987632723546 56.80569093238263 38.804941912693764
55.158438319286056 56.8057791382719 38.80505471345216
55.17051293966783 56.836747278621814 38.82214780020482
55.107644495308165 56.91170874595463 38.86177048042257
55.076585049586114 56.90196349061156 38.856259165420724
55.08003946539307 56.91332466831392 38.854378339792454
55.076491033311626 56.92027948992023 38.85201123863763
55.04304678094461 56.94153627099852 38.84377687097099
55.03289411248066 56.943557912778694 38.84201046758921
52.29543545233066 51.15444049003865 38.77962710156163
52.296626440922886 51.153589230814575 38.77895816069845
52.31307075027869 51.17525577307616 38.77279981358168
52.341364528527365 51.16592239637329 38.72685299090361
52.374656433573136 51.203947305552255 38.75093869010452
52.524958069772254 51.2323257177951 38.771635913735
52.62001633872492 51.113982672710954 38.77487130739391
52.16027927101253 51.246374313703484 38.856696402694666
52.21554242307593 51.22173107536359 38.819476090876705
52.280049040233905 51.2359300491097 38.8024306700753
52.28074939628317 51.23735821849815 38.80540809012402
52.29930594058344 51.23300970885206 38.799719824865875
52.331209520456014 51.26177955367326 38.81447933792299
52.427798738899526 51.301630186562214 38.839051497342595
52.427823530745826 51.30172005294637 38.83932851753318
52.427861199181564 51.30186553879427 38.83967408672842
52.605731151256755 51.25140097017386 38.837561615945546
52.64642841383713 51.209353650102436 38.83352896108687
52.65085498514957 51.20119413841067 38.825008798052984
52.66209625847327 51.198613864317906 38.79661486318308
52.664559081992934 51.197977603568745 38.79508294758036
52.00751132401673 51.27253208674169 38.854188429540315
52.00733886645243 51.27384509748261 38.85519383249747
52.00738451791046 51.27354739088836 38.854951858963034
52.008674715679426 51.264295135063264 38.84770680737917
52.00802938523327 51.26889632751847 38.851317742522255
52.02789199283714 51.23923459655825 38.83315794913333
52.046244875855606 51.23774467699278 38.838335203963055
52.09818213822041 51.22802736324436 38.8438428565607
52.10118790324907 51.233026173305554 38.84590626783337
52.16017961642022 51.25035963230228 38.85787601108996
52.20291282079939 51.229672007453075 38.892494663505325
52.265238314954836 51.24380416493853 38.870990713424106
52.268806886832806 51.245111966226546 38.866137264681726
52.267490210716815 51.24472455059036 38.869260159779614
52.31920285552289 51.2591135921278 38.823319806991506
52.37081661851346 51.27998554814464 38.86108171620724
52.42795426828007 51.302079377288415 38.841754411460755
52.42799189126125 51.302207024771775 38.842248331979306
52.42802570572739 51.30234439367652 38.84250153897416
52.53487704816498 51.305728128625404 38.881969502187914
52.62393795374169 51.256362386477605 38.857024966706675
52.62476075175073 51.25548029223809 38.85501229115601
52.64678292624032 51.21219282276951 38.83443229954164
52.62501933204068 51.25523479997545 38.85437028572908
52.68295368499739 51.219207139256625 38.8007836720281
52.73215611000155 51.258952585289634 38.841856793800595
52.81066855022235 51.27790520063099 38.85837396458741
52.82843121905264 51.26764170584943 38.84995001953663
52.855188913002195 51.27414227962201 38.834785361391724
52.8806679581797 51.28505805672394 38.855719243050395
52.8836824543266 51.28566685794832 38.85669159506459
52.00640317789884 51.28012240198158 38.86023842582962
52.00637201300552 51.28059708401747 38.86053518288448
52.00640950193501 51.281684756000864 38.86098216064049
52.00727140007835 51.278448286925354 38.85756932928119
52.039274371747545 51.24832066261617 38.843139286960394
52.09395894062865 51.26369847723153 38.857836289329825
52.132706943451936 51.255326015759564 38.87955771172407
52.13822698783875 51.250808787027424 38.89018465601801
52.136711706690946 51.25437143404896 38.887002466320624
52.21085975581785 51.25615905671747 38.90174592102507
52.26538940614611 51.243899000222655 38.87133792712131
52.626329046785514 51.25393556708086 38.85113519746084
52.67583255975646 51.275974050727264 38.810883443056504
52.77116840469626 51.29861681531186 38.86817626936301
52.80676245770165 51.277952875525315 38.86955648193221
52.814212345533385 51.28214875310918 38.87622531801231
52.862762283468186 51.29198341899093 38.86414346675698
52.836737414002755 51.276607246425996 38.87637054280973
52.882376302865865 51.285877148476914 38.85795093965294
52.88885064348884 51.28672105342006 38.85839564682367
52.941010902718475 51.283098905362266 38.87903217658459
53.02330738586841 51.25662151813486 38.87282616062367
53.0980232879443 51.24324302026411 38.87545605761316
53.10812444703569 51.23897665814945 38.867492117441344
52.00617622507299 51.281572820491746 38.86142702854714
52.0059168793613 51.28346653408375 38.86289980263759
52.00558658954249 51.28713242738359 38.86538333711749
52.00500799321582 51.29328773806181 38.86960476093465
52.00415615705559 51.295280936184135 38.872393455815356
52.03594854098283 51.30180577584201 38.874779827212734
52.09604929303991 51.27827608203933 38.8623435198715
52.037999073106675 51.30187788025404 38.874772276440325
52.10748008520472 51.278062395838575 38.86284950819058
52.86277886626889 51.29251611062553 38.864983166680005
52.88307974669837 51.28627878288213 38.85909803795585
52.89170998895017 51.28726654384014 38.85920459225722
52.94128072390309 51.28313332196582 38.87896252062964
52.97050374792181 51.278869539129644 38.88916436258488
53.09084749041904 51.250300165196634 38.8864249175485
53.040553095015106 51.27108755455857 38.89542960522046
53.12257708119634 51.265513141392645 38.89653853706345
53.142885399369604 51.265033219554525 38.89041317614043
53.16183785862903 51.25504828134145 38.87189639513096
53.17656567844339 51.2872157515698 38.85646186096838
52.00488108169778 51.293605293899724 38.870030220500766
52.03594448398763 51.30184253359357 38.87483193447059
53.10566527393582 51.26600149407571 38.901703955179855
53.12170610932922 51.265639064146725 38.89687784986677
53.13909654413375 51.26550529263478 38.891834174686664
53.147706891576156 51.26593494142859 38.889697596215406
53.17741505112377 51.291192073244034 38.85147901427475
53.17657110909584 51.288096783258496 38.85512766617863
53.178464754745484 51.29642309248443 38.84483863958233
53.20604442423041 51.331411967266824 38.789871061218896
53.31094460720428 51.33978358426711 38.75791924740474
53.17758259934046 51.29229211512381 38.850015608387054
53.17858900901439 51.29727204492022 38.84370290292023
53.200778134612065 51.344164574663694 38.79340444550274
53.222951165619634 51.37494876355141 38.73628339570894
53.20134795765243 51.3457973574013 38.79139507440377
53.37477533492088 51.335408289130825 38.745542144530596
53.44093916283246 51.36512944063175 38.74352711478177
53.22286784060141 51.375023606800255 38.736335249088846
53.371899503799035 51.39362768166487 38.77008682520357
53.44144989334227 51.41836347157359 38.76097890477353
53.441930690523655 51.41826864367564 38.76021246239376
53.44140596913772 51.4187597981853 38.760826002652834
53.4426241817565 51.418219583757775 38.75905652161188
53.440186421517225 51.52121533482661 38.7439941227004
53.449988985471236 51.56486891299898 38.77182989238834
53.46587440025854 51.54689633244092 38.757277210594225
53.45012599073702 51.565007634831794 38.771899378484676
53.4521033191173 51.56701095559175 38.77292209701863
53.453459431880084 51.568386233830296 38.773645343575836
53.45332624157448 51.56825125013614 38.77357576035831
53.51366009059713 51.55455200720883 38.744405700907194
53.504508573488025 51.60957739038392 38.779194192955174
53.555440442283555 51.637123642046106 38.76913599736619
53.620943458352556 51.62324837594316 38.73399958837416
53.556700253067014 51.63779080148674 38.76872554419641
53.560146215268134 51.639604848805604 38.76759194133611
53.629028745553896 51.6300315044853 38.73562418638349
53.62763689243291 51.63115686282164 38.73652633733748
53.628089288693175 51.63079355138474 38.73624505190901
53.712928326084636 51.682687530891066 38.759517058152
53.75435438867245 51.652781174841806 38.73384131344528
53.714975150070956 51.68313597937505 38.75939624073045
53.74128795967604 51.7228621241151 38.772272651552235
53.74927732465335 51.72134440071195 38.7680475939365
53.74662152222084 51.725254458365015 38.770049246893294
53.746507092808145 51.72546609585504 38.77017139647183
53.81816391920347 51.72086207979204 38.7478850675908
53.79849265024644 51.73647316203692 38.75380324496211
53.81836772804681 51.721665150244064 38.7480951636839
53.84825186191243 51.79371579482483 38.755035147545755
53.84622084745837 51.793152885336156 38.75560109931407
53.8778945367375 51.8445129230974 38.77661954414505
53.877015554694204 51.84560485565295 38.77792537502954
53.85237475324686 51.89189517771058 38.823304487788185
53.86706401693484 51.927267698422725 38.863629551991075
53.867295062349626 51.92743052957712 38.863715914614914
53.86948901666092 51.92894800807976 38.864521113234396
53.87465029003026 51.93240643836867 38.86635761993102
53.88795830837934 51.940906191778396 38.870876631273816
53.893571970846516 51.94442101570232 38.87274630164346
53.90067390626724 51.94887199948095 38.87511389120929
53.89527868174839 51.94549260314266 38.87331627870327
53.88455739483113 52.01538014771523 38.85222664437747
53.89297974368556 51.98963603022354 38.8701909046175
53.89137862530752 52.072403494148716 38.86180399137158
53.87134763423216 52.11615729561016 38.85364480859625
53.89047182211737 52.12980873548935 38.8474390658137
53.895653744887426 52.14141834991548 38.84052746965186
53.913340839341174 52.2182255546952 38.812371039196776
53.913567958118456 52.220118027198964 38.813232315042335
53.91297061314323 52.218959412175394 38.81262787074554
53.91784165905017 52.26701866224536 38.79998603932573
53.90826197687813 52.25509439579675 38.80937805886997
53.88515365197786 52.28544074224725 38.81477352776737
53.88499847691176 52.285435545059194 38.81482956741797
53.884929165012245 52.28552291405431 38.81483086555254
53.92402834472436 52.41597806803916 38.87276130206908
53.920357979031145 52.46102302742905 38.87553580480684
53.92177364420276 52.46192431471241 38.88059821920203
53.92319065758941 52.463215383551514 38.884894658107065
53.93992640343065 52.47548153024087 38.8833021533396
53.94693784678108 52.48051349180701 38.86723424890432
53.94412374640383 52.47871576491281 38.873940746662484
53.94572715482133 52.479773060761005 38.870157831054456
54.02652544321476 52.51408660746547 38.78095764679804
53.97587463128997 52.48464806935151 38.82583361107879
54.028568915282236 52.51650380284751 38.780856299534385
54.0897027264719 52.51681949295951 38.776483674597614
54.00148133861046 52.56489971874825 38.804814912098415
54.04673438651586 52.56231632691083 38.80094690439691
54.045182879100274 52.56313214411267 38.80169279034052
54.12274394245961 52.53537277819703 38.76940543895356
54.04523039500843 52.56309027806227 38.80167818436299
54.10903979081739 52.635814521151126 38.76856803692238
54.03048558289311 52.65614957294069 38.80589127379634
54.07901010667891 52.71925627064157 38.787276700171226
54.175632989908976 52.72920265941762 38.74785378489027
54.07915636765094 52.73019889019682 38.78800564795336
54.12604952586173 52.78652767908855 38.77130995141734
54.252432668529444 52.71114413105818 38.726631879994905
54.12710192207818 52.786436365306415 38.77085879551868
54.129932505793036 52.786099501628826 38.769633534155645
54.28995573122846 52.73469288181473 38.74060612526366
54.13023347838367 52.78604528595693 38.76950087335052
54.20592640086883 52.766439333659704 38.74895248073205
54.151867088193086 52.810195808729574 38.79650020200357
54.15235829463959 52.80994922725684 38.79636446301844
55.39567214458634 53.8976486671394 38.91340665157696
55.391506369896426 53.902393217875115 38.915381445139886
55.388699561642426 53.90770479233676 38.91750252968252
55.323138609056514 53.9518901192467 38.911359784318535
55.326335593481836 54.008134800992565 38.91321650157965
55.2881542592403 54.03850113893773 38.905046293099744
55.28472307220496 54.04217802966156 38.90376152610217
55.24575878273625 54.056781081472124 38.91284720808168
55.218872685705534 54.074323513458914 38.91288577039946
55.21389206369102 54.07846386832945 38.91746532721321
55.20921910914694 54.08136657709957 38.92097531751413
55.179723462557504 54.099901079135925 38.93894157544709
55.143983139799644 54.13396479024827 38.918866351305965
55.09377107319365 54.17715500400575 38.867349408124156
55.095981065383775 54.18734228131203 38.87140639494326
55.10322134506136 54.20397576399037 38.88420121126277
55.10497465725791 54.207533989192385 38.895867977378444
55.1056066086564 54.20814945720363 38.89684187788691
55.0402633038685 54.27743190550614 38.91812149004468
55.02507076334042 54.329990851469056 38.928465354979096
55.00544659114806 54.3335139834586 38.88622243082917
55.007121367537955 54.335127918498756 38.886171005365796
55.00759441760497 54.33558317328085 38.88604634405638
54.92781742005312 54.40715455010365 38.86569837475303
54.93529323129137 54.42605561365791 38.859903389391285
54.93911337707994 54.4299830452544 38.85752149540767
54.93447762080645 54.434593246960056 38.8607646441393
54.933498551478245 54.43385756325616 38.86482298100197
54.933142467619305 54.43366709843198 38.864949509979205
54.88046354611588 54.5061387883307 38.91728050141282
54.81533916862584 54.5733880883148 38.920110855075976
54.81703022099168 54.57326854102871 38.92089944508893
54.817069689494744 54.57342391544013 38.920875349484085
54.81562951854572 54.57484387375961 38.91984954916829
54.835291533398916 54.6218941456036 38.923105169863454
54.8197163495279 54.64796530048086 38.923913750568744
54.820138401281056 54.64856734934172 38.9240636277396
54.836186971175515 54.66711649200869 38.94494189618859
54.77745968365836 54.75465531066559 38.89000976571913
54.71576695352543 54.8199257881397 38.86670484476461
54.7242568400457 54.84680125093956 38.814987168977574
54.74475631842335 54.8556285144782 38.92580947276637
54.74964291877038 54.88224717141226 38.86833891647881
54.76087673466194 54.88759824515228 38.93716311824869
54.73355004458482 54.891718533930856 38.86537684929123
54.76233642104167 54.88952478157179 38.94014385752651
54.77550966332613 54.96037717946778 38.88000617863425
54.79994949493657 54.957362084191715 38.94774137571634
54.79132642189798 55.074095298046686 38.89915883262505
54.82348978273211 55.07610101749134 38.92622249620698
54.84233297585537 55.07773909633303 38.90283493457822
54.830861308129734 55.092840587690546 38.912342544062376
54.84410081366569 55.11936052307807 38.902020387043926
54.84841282788647 55.11872378432239 38.898033039075955
54.843514362009344 55.121465857948685 38.90189431496759
54.84450714575305 55.12128957658335 38.90098610807341
54.87446138249152 55.13651845306296 38.902939286049154
54.89759802056971 55.17133373533124 38.92811744071261
54.898881333686276 55.17231358347263 38.928619497253834
54.882455946862756 55.232314886478704 38.92338525939248
54.876523650018136 55.2387553407695 38.92171195574062
54.92187914048536 55.278141267475604 38.9273611896466
54.928819965171634 55.28098381827601 38.92759073258382
54.95583914655772 55.42274206680548 38.90121261098285
54.95467647101478 55.42431686233353 38.90018939537528
54.903142329221254 55.50594747805199 38.830284697908496
54.921250772789065 55.52150243379017 38.74685844207373
54.926550380487555 55.52997806244284 38.748419431139
54.93049321938602 55.589639952894686 38.89302213639533
54.93043818356385 55.58999643366377 38.89427320882545
54.93043475588342 55.5900211849243 38.894350495900106
54.92524150295523 55.615029327262775 38.96319004823681
55.0843730265814 55.646285212930486 38.98718383230901
55.15166122504162 55.670686829002264 39.00167851529101
55.151620879564646 55.67074710888615 39.00165470811142
55.151610843947466 55.670764491955616 39.00165710737997
55.151290133569255 55.67133514004334 39.00178649469498
55.15094995832432 55.671947898495716 39.00194977545375
55.15084126268835 55.672144530413135 39.00200486796847
55.150522771141695 55.67272251063528 39.002172651190314
55.198369434516025 55.71404344472272 38.78000089461855
55.150384676105844 55.672977100296066 39.00225927300777
55.119137014769414 55.821198991926316 39.02106681519557
55.13518851466644 55.9233352724243 38.950011952554824
55.14890279726859 55.951759441586944 38.94024337842845
55.18711818768686 56.005932517441316 38.90132482802257
55.19619055702899 56.04999492657738 38.8747088968322
55.196272126435815 56.05027761182774 38.87513880833434
55.19740881772262 56.05432528697091 38.881352580849935
55.19890607102521 56.059654450440966 38.88953235044526
55.19949623775315 56.06232077036794 38.8939197599215
55.19950684499668 56.062655085850174 38.894587466128314
55.202189028394315 56.102646041232035 38.94180481832927
55.225102702496244 56.156575059685586 38.95064574856117
55.23938396623355 56.20477168900993 38.92993278805624
55.27637558559753 56.277307217346724 38.94091467350066
55.29990951456725 56.300837806697395 38.931650443553295
55.321066634354 56.3193415781445 38.9344534780341
55.32103982445366 56.31941736799173 38.93440330407967
55.320440939547794 56.3211105761431 38.93328250464219
55.337802895538786 56.36632130717008 38.92174869143053
55.33988911384488 56.406078844104464 38.89638971647453
55.36641018503526 56.43421505087531 38.912753792037705
55.3824003683242 56.469377204412 38.8819103546774
55.390886939394505 56.467526290218906 38.90646417303181
55.39173523850835 56.46880788714722 38.90568984154853
55.398264298740614 56.47783546589681 38.89923012353805
55.401164033984145 56.48171350420893 38.896282667713635
55.405588062705974 56.5224473946682 38.82872940182702
55.390728467679956 56.503278924138336 38.90235599405203
55.384804933693374 56.573846858443446 38.87237062135716
55.38030417035898 56.59801674233348 38.87532709389394
55.37776791930541 56.60484910483561 38.89712609033727
55.377392390454304 56.60771403293856 38.8973065167745
55.349543618768124 56.70408212009561 38.88692978016029
55.360922697069 56.682045432797494 38.90151948476731
55.363554070854065 56.68384443245497 38.900392464324206
55.34682741520424 56.70947783147462 38.887366858290754
55.327750119683216 56.72043484058703 38.88420521800778
55.287236360517404 56.72464122791085 38.866241657503664
55.28872205660654 56.72654147773082 38.868457478818556
55.28866219927052 56.726449552121274 38.868371165093116
55.28931368819059 56.7271224440091 38.86937371046737
55.28799110647701 56.72531456985937 38.86742355518407
55.206582519067155 56.77580165538073 38.818413102855196
55.17057028137413 56.8345566172746 38.820896544266276
55.17001173658521 56.84022504471582 38.82414589663408
55.169481658959484 56.845206778977555 38.82700272680274
55.11362964422021 56.91116268616285 38.88523004626317
55.085965584856744 56.90240444649207 38.88042772308991
55.07959425502709 56.907866860070314 38.87611002133485
55.07849904638371 56.90778921159362 38.87720793621303
55.05455506645894 56.93425352949967 38.86502171298676
55.037461372467675 56.94268360023888 38.842868063514246
55.006397629784466 56.9374260611348 38.843672209983225
55.005436017354995 56.93689700777486 38.84386093543942
54.97809606652109 56.948287195996414 38.8555482660326
54.97510957023846 56.94847709727305 38.856659361287
52.26953827259979 51.245494981143466 38.866752860734564
52.320641742188975 51.265622896276106 38.855188504000566
52.37183504257237 51.280743198373614 38.8631882993148
52.42817946276304 51.30272434778327 38.84571369645612
52.42822108106457 51.30286176235701 38.8462919754904
52.48119992616725 51.2973949845398 38.88399308072492
52.53534333931226 51.3054104570637 38.88409454000731
52.6223404857493 51.259789982929995 38.86041992408322
52.62442741606855 51.25626737149823 38.85569921894772
52.13856684326048 51.25271891219113 38.89058922977676
52.20758958288983 51.25737102196012 38.90168705160992
52.231839670615045 51.25361175150543 38.893578526393775
52.269097263236944 51.24546981504281 38.86926374869322
52.32656524920905 51.26823700640092 38.86054663017339
52.38028899017961 51.29129646412249 38.8735978440062
52.435309079746936 51.32140421197049 38.87573041058083
52.435477702290406 51.32175331653231 38.87585948101629
52.48545778318983 51.31701948258615 38.90480346160133
52.5088792825396 51.31271369457801 38.90816238265403
52.596269809515576 51.301286866909 38.87431234709858
52.62016606941329 51.31066221312744 38.888792885285184
52.635577720015235 51.307250834910214 38.86875757075377
52.698792367982044 51.29675760164369 38.88737502621558
52.77132870417006 51.29811735007368 38.868847093121765
52.80871831911622 51.28908135591562 38.89128795774012
52.81356406038178 51.281878906601044 38.87710791772356
51.9944337227694 51.32389679529981 38.86440199938272
51.99476820521832 51.32309367443089 38.86508482262852
52.00449767749129 51.292198738525855 38.87016880673957
52.09637532898586 51.279928912022726 38.86285899977109
52.11314884785412 51.287731378940826 38.866052783604225
52.139402612565135 51.26212647815505 38.891046670793905
52.199896410279806 51.26011704330297 38.90172043935339
52.21682041078552 51.25542427906823 38.89944353388141
52.29729043723864 51.25834807793581 38.90910335029544
52.37212571036423 51.29506083883789 38.882868764082914
52.29968144238705 51.259313658252495 38.909277997477204
52.39356855783774 51.30443350857698 38.88954561179678
52.43492873280799 51.3202483008736 38.88534084332594
52.43511826649756 51.32066486293097 38.88483656363091
52.48253532373823 51.31700407129533 38.90543888079398
52.51137502835431 51.31197090854319 38.90906213461382
52.578322938787124 51.298345238030606 38.910592524067795
52.60938371782728 51.30347538246939 38.906454904963944
52.627662083593194 51.31674549437172 38.88346445367286
52.66106898979851 51.32854998743831 38.874047796079545
52.6315341798621 51.31971568940071 38.87961120717978
52.73267337102635 51.313602164818526 38.872307820738094
52.81091833179037 51.29151358263829 38.88993554596398
52.81508506865526 51.29477062025542 38.88972088195902
52.846052129635126 51.3001664928584 38.88979273963526
52.87866658328809 51.297946126916614 38.87399192761682
52.88740878140134 51.295760671043375 38.87075289001592
52.942225667957636 51.282957119632435 38.879377522139606
52.97054393443129 51.278859916883874 38.88918673892257
51.9922138751303 51.329190615494674 38.86113908957012
51.99301357754479 51.32726006528785 38.86313577882046
51.995117225093466 51.3221569605022 38.86925396407835
51.99651960603416 51.31878017932995 38.87245115437673
52.03765047647755 51.30327536993214 38.87676370117792
52.062205091898676 51.30283980450183 38.87483948683891
52.118514022453134 51.31299864089446 38.858693875204
52.16397330987917 51.29125447534774 38.87742415729295
52.19656481903087 51.260974260588235 38.902277486147796
52.16676446011529 51.2897805900121 38.87859964855448
52.21280546721384 51.25599860001103 38.90086459754358
52.29762498753786 51.258491842815545 38.90954892575712
52.66102751784426 51.32888458134758 38.87417972751908
52.73014814412562 51.31565175074638 38.87144786906869
52.81411740455928 51.2953066833382 38.88752317649228
52.82024330918569 51.30006422742029 38.88726136151824
52.8446805030247 51.30163383258757 38.89122143867941
52.87435556799986 51.30166438515121 38.87750812180932
52.88025675014579 51.29871051020858 38.87424714106012
52.877798919350084 51.29986833522478 38.875552676507674
52.94525352847787 51.28229974762148 38.88091331490198
52.96492108316091 51.27956289958328 38.887484533287974
53.112023824398996 51.26595061570741 38.89985838090806
53.12260855659881 51.265759356465374 38.89670865166384
53.1369000345084 51.26565341207538 38.89256665526029
53.1469320066666 51.26592915271701 38.889913787811096
51.99157504002568 51.33071731571776 38.860087045122555
51.991827273488305 51.33010038820764 38.860997529244614
51.992092298727904 51.329448660556 38.86207724354373
51.99280775450574 51.327744381243306 38.8630617580459
51.99238316383157 51.328753573070884 38.86255528384463
52.040919489569546 51.30337525531611 38.876730395711775
52.05376574798893 51.30300872476405 38.87552796300951
52.11507091448652 51.31516502972502 38.85601035021066
52.055939198269215 51.30297249950719 38.87536092884928
52.164955505681796 51.291088183905785 38.87731020444445
52.87990095780613 51.298875754358235 38.87443441281374
52.94593964816009 51.28214748432873 38.88126866010147
52.96172591776583 51.27995714595578 38.88652885517338
53.11735865785685 51.265899109986165 38.89830352764653
53.12501984556218 51.26581955926234 38.89606658960871
53.133219726794465 51.26580017321008 38.89372018674825
53.12963104122534 51.265800041361416 38.89474082575383
53.13979134045561 51.265869792961425 38.89190164643191
53.1780632760298 51.29538358369686 38.845915327850626
53.17868990973731 51.29807160563305 38.842612938072854
53.20083271645801 51.344311596830956 38.7932252301192
51.99275269260422 51.32787690311881 38.86293837021925
52.04143292881324 51.303348070871564 38.87666464128831
52.053367562558655 51.303014254301544 38.87555700151293
53.1329643394259 51.265806128411995 38.8937971580343
53.13803062198687 51.26585768520663 38.8923936443458
53.1941782923002 51.352278690273366 38.91479226260007
53.23295165062351 51.45900937913825 38.950464668797984
53.25199045651473 51.55088624017414 38.98718707229318
53.25174569865723 51.55079670110163 38.98726680880635
53.25224751033937 51.55103691827922 38.98714094357428
53.38048455395418 51.451062918902736 38.848813701141175
53.441370010011326 51.41882612496317 38.76084926312749
53.252025611002324 51.550852103840924 38.98714441054988
53.25242227382555 51.55101244512686 38.987025301505504
53.25266957004302 51.551188082478205 38.98700129677189
53.37931496406723 51.54977598045591 38.83346844950499
53.30450627564518 51.54039647344 38.9120993729148
53.44906374430008 51.56393290875792 38.771374154985764
53.45005982055985 51.564940676334984 38.771866482692985
53.30957994787157 51.53971180079168 38.90460770150121
53.45046300654714 51.56535044937601 38.77209600616513
53.45187360032516 51.56677922864536 38.772819775034655
53.451179509247325 51.56607625736326 38.772464750244666
53.45286607423411 51.567784848336174 38.773334727371136
53.45236248357749 51.56727522973534 38.773083909495895
53.450912508247306 51.611705602403894 38.80562768125253
53.50636220643719 51.610947452164886 38.77924585432533
53.451022861728546 51.611737960871594 38.80564864850969
53.55557055511182 51.63723767789033 38.76913896641365
53.50736357980843 51.61166857720464 38.77922128639027
53.54785850277133 51.66404694367303 38.791771310526
53.58836680504211 51.68071087098846 38.77385112550254
53.548120891397694 51.66433093963877 38.79177762210353
53.58793282702638 51.68218122384843 38.7750436882063
53.63269584868005 51.71375529757405 38.789480840279346
53.58787682683546 51.68248722498076 38.775238266633096
53.71259528636772 51.68334154977329 38.75987666097748
53.63294976287858 51.714076566716784 38.78961048317195
53.66670103285017 51.74030411470012 38.792248754353885
53.73752505888311 51.72755948155293 38.774958076002406
53.69610903557785 51.78587590625393 38.80435625752851
53.696606129482596 51.78548060454478 38.80413768891922
53.69717891226654 51.78505943923896 38.803885893447635
53.7418618209319 51.73208016916753 38.773485325484025
53.8092655514956 51.826798515809514 38.7959265804421
53.809384458602935 51.8555732666414 38.83152008682543
53.852063948272495 51.89203820708271 38.82372564184305
53.85199567147226 51.892509939792745 38.82438764617483
53.8674454733077 51.92753439408525 38.86377102894013
53.86984024614044 51.92918474378808 38.86464680730981
53.869846281909446 51.92918836737936 38.864648737008004
53.87016917620866 51.92940820767048 38.8647654319567
53.87437797632278 51.932210380963014 38.866253686072
53.88146320044572 51.93677949389108 38.86868231860939
53.883121486816 51.93783252469774 38.86924226053145
53.88430433043872 51.93857473084774 38.86963704620863
53.89202542710243 51.990592444528104 38.86980293751911
53.89228398008828 52.06688854821337 38.862513676736874
53.86435767013947 52.11741612544182 38.85173866450239
53.89257461263775 52.134431869863334 38.844693860499305
53.89190649888245 52.14830589574162 38.84423862557003
53.91342250582514 52.217939908970436 38.81226055906538
53.895308054180745 52.25499098889206 38.87704452403291
53.89960039819478 52.28614357444151 38.88399709408565
53.8870916777179 52.387969506620216 38.98936887001493
53.90543710658225 52.434206855640824 38.950966553872746
53.904422950131604 52.43295098286469 38.953124855882294
53.905425397719114 52.43413090767383 38.95112335570802
53.91360804784259 52.45395567950155 38.92282495197268
53.91942654883241 52.47152830821616 38.90281284823455
53.92500353498009 52.47152336193481 38.915491156193035
53.92431119389839 52.47518522364542 38.91842327729614
53.924082812573374 52.475347642118514 38.91884907102227
53.94445216077766 52.478956661534 38.87319416533872
53.92181645494515 52.476677437493564 38.922928442884256
53.9212689680369 52.47695367819495 38.92389059884712
53.99834716993729 52.56588814264039 38.80630670901679
53.927611998816644 52.525356172866815 38.88991218886969
53.977768284971255 52.56452027090218 38.844897463051964
53.976814006007615 52.564500386241626 38.84555284232272
53.97728885750584 52.56486272194204 38.84510084282938
54.023831185012035 52.656866841724124 38.80921969182119
54.01964565725668 52.65696195299384 38.81129117095428
54.02318660405494 52.663836282382675 38.80996945181474
54.0790850628817 52.73040810652776 38.78804329058861
53.98151429403319 52.764460878911805 38.88936652303235
54.0780070846379 52.82713750623803 38.81604170821228
54.077987553168164 52.82725178260083 38.81618598886587
54.07829326490679 52.82631933176337 38.81474592415682
54.078022261723376 52.827539852027115 38.81639895386957
54.07841802995151 52.82912279040637 38.81720099025627
54.07827057667596 52.82963101040282 38.81795145293522
54.07873162461012 52.82821785738898 38.81577306726328
54.07844138541056 52.831155029380184 38.8191011480603
54.078773274478934 52.83073007535579 38.818099062610116
54.07852626977118 52.83192717572722 38.81968661664186
54.07972198348327 52.854415912317435 38.819805167276996
54.07968009220822 52.854532882247554 38.82008059392923
54.15998963223958 52.905337782534005 38.78395705092757
54.079665287241276 52.85454200651698 38.82002346957447
54.159821920111916 52.90587718489936 38.78405691998531
54.10586447992829 52.92942811722526 38.841269447831664
54.159829580263235 52.90617683740177 38.7840227276572
54.175409873999925 52.956387676129424 38.79865700858435
55.52900882782593 53.83709876227439 38.88727310001067
55.502922763616475 53.85822994469279 38.89662176167323
55.4228914776659 53.87400422644292 38.920091819572264
55.42342122806116 53.875327706148134 38.91936874242688
55.457696840583345 53.8547409499451 38.90431301778277
55.395493958772825 53.90332334377367 38.915536454172766
55.387856283318534 53.91489909639706 38.92023250457944
55.36105950998895 53.942813877812426 38.92483997786872
55.34611619187923 53.9533060672285 38.92172906154082
55.324330755366034 54.00375442528276 38.91571379416627
55.29314236816756 54.018784423802956 38.914052147293205
55.2876344952026 54.03056615651584 38.90906953611918
55.246602191291835 54.05678701269274 38.91393396779872
55.21809491453786 54.076212914403236 38.91459666432754
55.21261368256963 54.08441047049557 38.922553683336346
55.1996208384876 54.1004554557918 38.93524244338776
55.17573965624238 54.108838648524774 38.945092681506516
55.174613415345796 54.108534010342275 38.94528353795517
55.13555596792024 54.13272567005518 38.93032656737205
55.106149298607676 54.20949708273216 38.901645986330635
55.10394476683878 54.20804274766242 38.90160407614876
55.10743772718155 54.21071542997618 38.90345489574257
55.108087982274796 54.211197944172284 38.90372660815851
55.03107007881809 54.331638486782495 38.930245190863644
55.03024695647579 54.33198352779348 38.93006070554553
55.02692793043955 54.33389199597278 38.92937089181228
55.02590481711117 54.3370027566106 38.92942199453617
55.02576029898273 54.336924728912734 38.929375111392176
54.964470726088095 54.39600920331662 38.906493599544845
54.919383184654805 54.41255936581548 38.912526852592165
54.92022835741138 54.41387566617096 38.91183084945197
54.91368365527025 54.42378847452501 38.92187619782492
54.89768999149441 54.44981455266961 38.925587238174884
54.87369708736057 54.509908523753765 38.92292552962219
54.820329151937415 54.563314574918735 38.92622157099679
54.822568496927886 54.57411597386775 38.92420207594606
54.837105723886395 54.60527326510838 38.92583515979049
54.85695118667508 54.647651563027 38.94736747259289
54.82174360859102 54.65013741173504 38.92431886241312
54.849398381291266 54.67634383146941 38.939763247407846
54.84297885119546 54.671117611098204 38.944375716045705
54.842632773211214 54.670844166642595 38.9446009406027
54.872589929469726 54.72362342982311 38.959068483876216
54.85964359253556 54.80742950415798 38.96065296550485
54.82487185902937 54.87856798606362 38.9710594693519
54.81643090579912 54.88421851101586 38.970871997235186
54.810702266662496 54.887426002855705 38.97036729517227
54.79881714246169 54.9504786667177 38.95047998261157
54.811538829629086 55.06607409078049 38.946485678644756
54.82561723283003 55.069117136630624 38.92152329610313
54.824912540044565 55.07973431563204 38.92425310395759
54.83077554580112 55.11290535893176 38.914054206688704
54.83093417967627 55.10897377809744 38.915334870181645
54.83081907788747 55.11179690301191 38.91440168365566
54.85008442256708 55.13537084543013 38.915470765112886
54.893271521822015 55.16765215851461 38.92625974531126
54.9010300700855 55.173718095466874 38.92935704959516
54.902295279187165 55.1745738818383 38.929803899113864
54.9031217082827 55.175330492026525 38.93018204712313
54.93608326463565 55.21809123932537 38.965647610320815
54.98232518944896 55.26240962785255 38.97729783680917
54.98108202294014 55.26259532820018 38.97857944751939
54.981566561238054 55.26308249421153 38.97879316710731
54.98787918112657 55.268715936174445 38.98066815632219
54.96701902933783 55.3584211685498 38.99495240189321
54.96585663648054 55.36043259373777 38.99460295876678
54.97064177624267 55.42815406689054 39.00057638821602
54.94856039548277 55.51113792505468 39.03285087754754
54.95131089323145 55.51277548982674 39.034093330038395
54.968033071723795 55.55168092922487 39.02692930110607
54.96801762192094 55.55173585331188 39.02690421358378
55.029422014861765 55.6086762426237 39.00740498449714
55.105709917339325 55.628139689340244 39.01514722766886
55.15187927328448 55.6702979446471 39.001587391568776
55.151824696773076 55.670375510922206 39.00154133735825
55.1519171030045 55.67020871595915 39.00149578712876
55.15191381746587 55.67021420927088 39.00149588401475
55.15135916139688 55.67120108613528 39.00171952645912
55.15059902037705 55.67256952009585 39.00208156591255
55.150486852665395 55.672772154294385 39.002137447303056
55.150110388434825 55.673456561562766 39.00234002574343
55.1309543398139 55.70240181394176 39.01711231447507
55.11911543451839 55.82369610079817 39.02192224646488
55.11568098487345 55.87638765405927 39.04155200773143
55.128760365210006 55.90343004349185 39.03659595297896
55.147605351515104 55.9486080052195 38.953118667168106
55.19664845019111 56.05229264278289 38.87858379724457
55.197302680669644 56.05623005088236 38.88546583870974
55.19754078845443 56.05718184475596 38.88698111239397
55.19842233947243 56.060601265911004 38.89237643484852
55.20250780994856 56.09770406167734 38.93829738193847
55.20262111788855 56.098886428247766 38.938530939457024
55.20236145166183 56.09938843783552 38.939613278980396
55.20228733135287 56.09996447388996 38.94014018271761
55.20179788723269 56.104203214198506 38.94383859842876
55.22619859937505 56.16134462908421 38.9531487292192
55.2628004413555 56.23427656032986 38.96533605613106
55.302542985263734 56.28166913292753 38.9542439438376
55.30758552047596 56.287161085642666 38.95173833501779
55.32126444150341 56.31878267955536 38.934823663140094
55.32197634000862 56.3167719320857 38.93615592893078
55.32201191329035 56.31667176440265 38.93622249610404
55.32133865686576 56.31857621543116 38.9349624943391
55.33805845366598 56.36625878993311 38.92214497651388
55.320550441674555 56.32080347760554 38.93348739002587
55.343212990022614 56.35056385337276 38.93220594791748
55.378082347861024 56.43840260905121 38.946662271999095
55.38010324016935 56.44430391312788 38.938984989742174
55.37999574700217 56.44512825723155 38.93935442342206
55.39371505188047 56.47323245629447 38.90473951334685
55.396388221863106 56.47677212247699 38.90200120996268
55.38656685805781 56.502826732979216 38.90646912959102
55.38532938819998 56.57050523883318 38.89598834129141
55.37594148605627 56.60091338262497 38.89824459796874
55.34506132328417 56.62950645142863 38.91572291531223
55.35305367035545 56.64264355294176 38.9109137803994
55.35700354248549 56.6491311875329 38.90853720862733
55.34498907857378 56.7118425849518 38.888048393656284
55.327345240901195 56.724692421418936 38.88717079079555
55.2934631313555 56.73262768383608 38.875524208963405
55.29255570001934 56.731408602701066 38.87418209065158
55.32319401526135 56.728379627776974 38.88746453240723
55.290141382265055 56.728128306457805 38.87061833009466
55.25905055313167 56.761906493488894 38.85659619202992
55.21878495948249 56.79001526938927 38.83657988024123
55.14197495837118 56.88109444026498 38.868455621181944
55.08864372872635 56.90670159187489 38.89895677557015
55.088280976825466 56.90647522735688 38.90061704389005
55.08833832282828 56.906164254249205 38.901568111125755
55.11648809821917 56.911651913246814 38.88667366846608
55.085002880020895 56.9091229888207 38.899195346566366
55.08579950954941 56.90653448592275 38.906347853931464
55.08149492508689 56.909787053193085 38.905265950419874
55.05567411661541 56.93280255042319 38.8684748229885
55.066434647913574 56.91838127515284 38.895086187810605
55.02396267337079 56.922006451442634 38.89410575652518
55.00447363789102 56.93637850975904 38.844153170533914
54.998373487728095 56.93091266900804 38.86994801641559
54.98089871086006 56.92166168787152 38.87711443127197
54.9562509829763 56.939691839454696 38.86432014467692
54.934328796577155 56.9258091316083 38.890746137543765
54.93263375016467 56.926999054626606 38.890418148122166
54.872012957524056 57.06398306565651 38.879269960782416
54.86934814488538 57.052858152409776 38.88114108654161
54.86683469096345 57.06035058384107 38.88077880646327
54.86237219436006 57.06895082871042 38.88069171813176
54.82721879484332 57.13260900146314 38.886687145413504
54.82052414308774 57.13577061464428 38.88897614793167
52.37570397717244 51.29676804527695 38.88360403994949
52.397338798411454 51.30599835403214 38.89093962942577
52.43444811164879 51.3189165230115 38.894021752450286
52.43454341722811 51.31909560719586 38.894584584722764
52.48003245562528 51.31708043774224 38.90581217432293
52.511075939709194 51.311963625822784 38.90913805076514
52.579020852966046 51.297889884656826 38.912444726652964
52.60839048516199 51.30284497769851 38.90828407323988
52.627797355830246 51.316888931398424 38.883583532765776
52.195867134965944 51.261065062121304 38.90253913582162
52.20692400319786 51.25706211126955 38.902583141863126
52.304203158071594 51.26127749451329 38.916308769097526
52.387036953091226 51.3023970220471 38.88534521972492
52.40221331747118 51.30867316757289 38.89101700582399
52.43689404739227 51.3295197983456 38.888765947531375
52.43702655904465 51.32976433565829 38.888293762801915
52.47957391729503 51.317683069197585 38.90475740177331
52.50378977631868 51.313742913907234 38.90725395187738
52.620584614378394 51.31154159929828 38.891946687582184
52.623010712993434 51.313543252543575 38.890431799236175
52.632625066015486 51.32095711370995 38.88111309329141
52.66125753750444 51.33066102691035 38.87444894523939
52.725305684276826 51.31959614906535 38.86984965219573
52.81644527427937 51.29788935662593 38.88607635296156
52.82104900363882 51.301120308432836 38.886478548022794
52.84382463681471 51.29989450928409 38.89107985886073
52.87435176302016 51.30168881296274 38.87752659246079
51.992133284569086 51.32936893056656 38.861506607207744
51.991464540096 51.33097170492483 38.86024432173845
51.991908730105784 51.329891969688624 38.86161335124141
51.99190182070181 51.32991425948676 38.861399606596294
52.11402748879817 51.31577551093329 38.85527435690271
52.16788665632982 51.29074841240407 38.87673582095126
52.200549151893824 51.29933036229451 38.84387928345896
52.20772976552858 51.29695912060879 38.8435573641034
52.382946618662714 51.30106764888116 38.88285785136115
52.39209637822664 51.30525581656261 38.885207101640816
52.43870687531349 51.33668674935262 38.87351930514027
52.438243490776685 51.334549176673754 38.8781192264032
52.438686406401914 51.33658601422324 38.87373701108338
52.438224335749965 51.33422597950986 38.8788493331569
52.48152825575874 51.318001758059594 38.9037440644226
52.49934167524475 51.31493641312186 38.905899060739664
52.575724423585434 51.316390493237094 38.91035167742749
52.62985246630107 51.318657972720096 38.882770119620645
52.66410780672468 51.35685653904079 38.88876913727647
52.67331589386495 51.3657291433597 38.88427167069061
52.66638917686417 51.35902258547421 38.88760384641521
52.73270605804533 51.3622221758861 38.878672057958774
52.7939906105147 51.3444421754482 38.88962438612478
52.82071001601301 51.30158454328257 38.88522792978852
52.84534975327621 51.308396828475665 38.8739268564827
52.87535123552095 51.30112452686811 38.87692778070149
52.87803036162588 51.29972982387954 38.87540831352838
52.9377342702423 51.29209234377393 38.89034705692336
52.951833784850436 51.288916021350666 38.89305904667722
53.04490790259222 51.27093918303517 38.89144877693349
53.12533776723066 51.26582345077426 38.89597899291743
51.99102167452878 51.33204002434009 38.85916646154896
51.990804847389825 51.33255971545463 38.85875637438243
51.990550474760425 51.333169865347685 38.858258822614154
51.99104058298962 51.33198913492021 38.85939730615797
51.9911679387246 51.331693013032115 38.859318588428465
52.02970367081683 51.334443813884064 38.862478823498854
52.06067910173649 51.38600188176089 38.88494746525177
52.065574918277186 51.38402454549753 38.88413849722485
52.188005350558434 51.39316337562117 38.89498988825302
52.19208271223824 51.40215509266636 38.90032079491539
52.22012635231526 51.378694002004224 38.92806153869701
52.19474833885058 51.408452585445275 38.90441406776675
52.323561857915195 51.37061963064448 38.939571798450324
52.392774466583326 51.30569109057445 38.88505061141596
52.438714163707765 51.33671864212829 38.873450928592014
52.6741051604262 51.366639793081205 38.88412398160396
52.708651035253965 51.38063125635868 38.856809675958296
52.75646777177228 51.37704045712736 38.87545909542881
52.7973020734526 51.343470575456735 38.889757968222
52.84494084677412 51.30801778178433 38.87295915441193
52.87594709460755 51.300742764472695 38.87653782832036
52.877654752725014 51.29985641156826 38.87557123496498
52.9370507034855 51.29245398275652 38.89085674487217
53.08325731681606 51.45334640459576 38.95001075484745
53.084022730607415 51.45822008767898 38.95089931457801
53.0835250242493 51.455078969345784 38.95031518685087
53.08477169823237 51.46232540108464 38.951919369711945
53.12372239643176 51.46551863271557 38.94287685540848
53.17067538463722 51.45352032944108 38.933888179336265
53.232268067508464 51.457295568309014 38.94995689987606
53.234002161046995 51.4628482932852 38.951823395955294
51.99074214529567 51.3327106247489 38.85861589522894
52.00430469286543 51.423893054408715 38.86888238738532
52.00753449713619 51.435364340754376 38.87070628318397
52.10043197760049 51.49349871710545 38.93960761579606
52.10401439954226 51.488117897359274 38.942175443184055
52.173580017021045 51.4842086631127 38.98974822844666
52.19462488486826 51.40956844219915 38.90626710729872
53.084866079368005 51.46347178570892 38.95190517469609
53.09974874833949 51.56280524209639 38.95550501492288
53.14012831798918 51.54692646526502 38.97340317050422
53.14996467966158 51.54618383458289 38.97519646738146
53.250770759174344 51.550426562023105 38.98757547029493
53.250750326535425 51.55043647380784 38.98759367271892
53.2514294945606 51.550391171656166 38.98717733761389
53.252233080835055 51.550696186511644 38.98692287970187
53.25264863419251 51.55100656634376 38.986892663635146
53.25270751489402 51.55119415207704 38.986983747710795
53.250761379792465 51.55042129604641 38.987577307482624
53.25132321453586 51.5502295073356 38.98713042377996
53.252527602838626 51.55057048053035 38.98667190368977
53.25339012268512 51.551122411106284 38.98654789911342
53.25322740895773 51.551333481376446 38.98678060208329
53.25345696497078 51.55120618265188 38.98656551533884
53.30457791552941 51.54058393240632 38.91234759553181
53.45078140478463 51.56567315934413 38.77226274860028
53.25341635759759 51.55141533473799 38.98672750110419
53.25311330653934 51.55152189721489 38.9869706150477
53.38553109365351 51.610515657642296 38.87846283962779
53.305836298532725 51.589661180009 38.94236797448617
53.44851152302073 51.61442744284649 38.80817573513304
53.450523532078726 51.612275682368754 38.80615371520689
53.384696446940715 51.61087159359297 38.879186109762074
53.44657532631352 51.6170731533239 38.81062582399224
53.44788819976753 51.61582840099513 38.809446123056794
53.44710162292751 51.61669524971557 38.810259095647865
53.50879186368276 51.61268292588062 38.779147023469996
53.54795105823598 51.66419546408746 38.79179871054416
53.44735961406899 51.61649332596448 38.81006470224453
53.54705673170898 51.66460501976979 38.79249451695452
53.549994066080274 51.66771715346525 38.79253023885448
53.54920851080499 51.66703738023487 38.79260011223837
53.587652040336444 51.68317739370852 38.77583097782218
53.55029213578886 51.668287314638555 38.79266631294872
53.58789672230354 51.73176261210615 38.80639859025176
53.657581567462145 51.7607770415232 38.805804479140846
53.61168965337634 51.7780570713727 38.82249394297639
53.694988531258915 51.786823284007006 38.80484902215974
53.657544746947195 51.761026802124604 38.80589493539255
53.693719868088486 51.78794713091504 38.80540702171385
53.69483168919622 51.78705546919273 38.80491815038232
53.694320430876914 51.78748462116765 38.80514298185149
53.696908587664225 51.785299634016525 38.80400479217165
53.69450942074144 51.7873414539349 38.805059895364806
53.750820865974546 51.81774972259761 38.814403094949114
53.80934334118661 51.85550122299824 38.83149030486291
53.80912916119052 51.85515162130481 38.831341990979816
53.81186438750471 51.85948841169094 38.833202094431954
53.86620128483699 51.926662815309456 38.863308694348646
53.86628205835429 51.92672047205421 38.86333926535454
53.866808257860285 51.92708903494071 38.86353477254619
53.86766456980977 51.92768313581695 38.86384998906956
53.869735659593815 51.92910255298436 38.86460331999625
53.873450068378 51.93159033062862 38.865924402590394
53.87275279970984 51.931121453448284 38.86567543952889
53.8793717081635 51.935437170211586 38.86796874259558
53.87596035774355 51.933221478350305 38.8667912439542
53.87751915179634 51.93422353938527 38.867323915061185
53.89045378179811 51.992708450018014 38.86912658467918
53.892781541883195 52.06351461475858 38.8628990470946
53.89046188761284 52.07546353746317 38.861051122334935
53.859940733336835 52.11807798990321 38.85062940689491
53.89225320667346 52.14921566920831 38.843964776746596
53.89214795065977 52.223831845961186 38.90445068602356
53.89074448810681 52.26729584411795 38.9038317329574
53.884223280288474 52.37427574260104 38.996149559065074
53.88597479629233 52.381133106422524 38.99297764790117
53.905588544718455 52.422695874113714 38.98317180281374
53.9051918159751 52.43314274869207 38.95312047987842
53.90627813362342 52.42235056176519 38.98361044279444
53.90779133676388 52.422727877057845 38.98502201462759
53.914602494017274 52.44571445640081 38.985196016464265
53.92394287195701 52.47545023693812 38.919111567370955
53.91781901460108 52.479708482060424 38.930478710305124
53.91968217207781 52.478374838234124 38.92700058015109
53.918961762645615 52.47892025895317 38.92836084352548
53.919233455663964 52.47866898530299 38.92782423671639
53.91964917935607 52.53423768130817 38.90806675770675
53.90010318640087 52.510683777923646 38.958425966570815
53.895858813981135 52.572733984660516 38.935910941478966
53.88107999791771 52.62314638856893 38.93893503128319
53.92891696089531 52.699227866803064 38.95860981960462
53.92912263554233 52.70107116762476 38.96137030383012
53.92937739208888 52.70378858819994 38.96555030643781
53.93236906356286 52.74317121535371 39.01708772041185
53.978591491846416 52.76358438906116 38.89344642340383
53.932374092029974 52.74320996490893 39.01708319564379
54.02523493362723 52.798269001330695 38.89224482419278
53.93238384682495 52.74337159212246 39.01707252856173
53.98165286088502 52.78924006522508 38.96410302720702
54.07809627830356 52.83032124199477 38.81892406030279
54.02949705252193 52.80338451413593 38.88868524039349
54.07811815151176 52.83345604962859 38.821880543341216
54.0780870912924 52.83350928895121 38.82198719672185
54.07843186847253 52.83233905940989 38.82024974945866
54.078117810676176 52.83402657903903 38.82242637860174
54.0793638210194 52.85540003008933 38.82208352084804
54.07537688313392 52.89300482844756 38.854580041490806
54.05529220723085 52.94473833057539 38.894541443677056
54.10235964133792 52.92884350441237 38.844968423074924
54.05519965890054 52.94512333450164 38.89470039226234
54.101137751695205 52.93283215111347 38.84712076710849
54.05388234086882 52.950420622052256 38.896911923777985
54.107066471897 52.93253359535565 38.84059869730311
54.083048451472436 52.97389831748714 38.87062977652397
54.116593932439855 53.06439018540379 38.892570159282855
54.114880139459046 53.06206901993832 38.8930308168687
54.17115485631354 53.147370554411324 38.926134631563244
54.17115777027695 53.147373285146244 38.92616247774141
55.59305831103426 53.82092798534252 38.87670113766869
55.574719081553305 53.84493089080189 38.88782086337784
55.49881107942254 53.85280240750398 38.91388148113903
55.45524238396339 53.858154287636815 38.921467429356284
55.5430936234786 53.8325961468055 38.88276710579903
55.415777991301425 53.87783305984108 38.93787435606024
55.44660657552146 53.86059915035323 38.92626695002701
55.408580667986435 53.87051515875698 38.95213325119674
55.394300699891524 53.90500559912695 38.94311801723935
55.39169485373607 53.91122638759021 38.94154430880556
55.4082394472448 53.87066932189929 38.95242569075552
55.36261379614366 53.9425339801745 38.94020518147095
55.35353702765403 53.95030826635899 38.938033411179106
55.328691519649105 54.002053860874085 38.915721612070435
55.30002271197125 54.00689636572711 38.91816816854327
55.26037671019033 54.044874804389366 38.916892695284126
55.249367482243414 54.05625819356163 38.916821900506505
55.211284296448866 54.08260977461786 38.921447924376714
55.20190235396683 54.101650305233036 38.93543460382903
55.1950545520191 54.111552177910966 38.942176905816595
55.175555484105416 54.109734876193144 38.94560712810618
55.174121694393804 54.10880998111491 38.945575770539534
55.17440448294512 54.108619785890134 38.94539162549627
55.10542106281085 54.18968646104907 38.93807085890423
55.106547178111605 54.19319127564391 38.93652203108424
55.10579713597308 54.252140683850946 38.93027401611903
55.105134507592965 54.25414754777205 38.930597109211604
55.03460944359872 54.33312068980041 38.931348566715826
55.03450685075587 54.33380881046839 38.93139302445715
55.032319899984124 54.33623632066802 38.9310608288677
55.02975544353717 54.33887081529284 38.93064911951959
55.029472987355824 54.338744932786014 38.93056027122041
54.94630373228972 54.38466537677568 38.94081352423483
54.892089025734876 54.40082692994726 38.94948745234873
54.89193446155576 54.40119133191724 38.94985919019068
54.92669800552007 54.445561705879456 38.95176020119936
54.894506459680144 54.52994983826627 38.94552840379879
54.892865189602475 54.530599086087506 38.94544841539615
54.82971079960136 54.54446412281474 38.94006438154464
54.83805571240268 54.60120302984441 38.940672532269815
54.85480063408128 54.63046478447525 38.949913287934365
54.85631437227643 54.64092691369403 38.95343772687365
54.85772783912385 54.65061025588095 38.95700752238976
54.84951439309253 54.670849679765396 38.95545509265558
54.84285080474169 54.67095526879413 38.944631714315825
54.84048516298893 54.67700961984767 38.95871162810933
54.87313764168007 54.72551179764021 38.96024202400976
54.87375421633257 54.72761093701885 38.961643733874894
54.86327098686154 54.80867208869196 38.961623589287086
54.86270110393817 54.8129221232991 38.96262377116577
54.83136366681574 54.87494162685607 38.971636482519585
54.818202687920035 54.88501189964624 38.97210234146496
54.812722026203176 54.887667212709694 38.971370791782505
54.79856467198359 54.94258444996768 38.95365244758352
54.80776324185443 55.06812509788314 38.953558787225234
54.80806891803245 55.06856044794208 38.953000904473285
54.82207364614915 55.08204735868935 38.92953384481026
54.80804561806048 55.0686378938353 38.95304614475659
54.819705855870495 55.08263879252121 38.93374925319755
54.82198942192619 55.110628381987894 38.9293545194144
54.860186830360945 55.1377105617638 38.91744260859452
54.900971461910956 55.172829511976914 38.92896574785833
54.90309264212471 55.174668703890376 38.92989146270336
54.90824776902652 55.17974638580062 38.93240660282459
54.93824448834267 55.22526266312877 38.97210914457696
54.95726306173566 55.269714346863694 39.01631595509351
54.95864782063165 55.27395203549288 39.0212228192493
54.9973865638322 55.301417383709676 39.02465548570353
54.99888649976433 55.30128490173189 39.023319589159776
54.93944835101726 55.42412657928017 39.03337735280175
54.95021777637424 55.50986123637406 39.03390371538725
54.95158882286931 55.51042897669791 39.03455644276343
54.956030017200945 55.51307739167699 39.03656204285175
54.96825663186003 55.55140085247285 39.02720838440621
54.97091964957807 55.54742512868136 39.03063707604225
54.970749460501025 55.548216857529134 39.03033027294514
55.043697691375016 55.56828715716085 39.0323728790427
55.102035818911745 55.62611721704034 39.01620384289953
55.15207721559625 55.669959376558275 39.0015550295807
55.152338671615546 55.669468850080094 39.00136138390195
55.15233965929642 55.669464606288244 39.001352324845584
55.15118408647168 55.671535442231914 39.00186971796035
55.14976070832773 55.67406473115885 39.002432248466086
55.14917870148678 55.67509812891929 39.002659453745174
55.14915127574388 55.67514758030678 39.002672789670065
55.13167445381302 55.70151239463505 39.016281080994176
55.1228441180925 55.764451535513174 39.03131058083561
55.12993507373457 55.81023559113305 39.04272242234923
55.116614969976894 55.87503441920319 39.0428824798623
55.130103912813944 55.90328469526328 39.03764567227563
55.13171747986574 55.906126881206916 39.03782153223105
55.188414581376065 56.02833956232688 38.976453231284225
55.18902032877779 56.0307123250504 38.9744973420529
55.19173675475553 56.0414078779159 38.965730924107845
55.20158463727499 56.100403712657894 38.94260614459712
55.201386447038466 56.102613455620855 38.944352225653354
55.20134455646206 56.10343069151983 38.944897656358904
55.201188993262775 56.10721968732125 38.947302980227946
55.223025765612654 56.16868152264604 38.96976964539772
55.26096814636628 56.23220773234394 38.966108464762
55.3004611085161 56.27940169744403 38.95527862552646
55.30595904530902 56.285389611335724 38.952547272550845
55.309560306091264 56.28931180277294 38.95075845641338
55.31282324269275 56.292865491490396 38.949138238103515
55.32165404451852 56.317687541631344 38.93555268036053
55.321324609450485 56.318617939058825 38.93493616840405
55.34839604289473 56.352887602794 38.95293697885592
55.37857800631451 56.438621682580695 38.951557527654174
55.37859181842795 56.438654027689964 38.95190316265122
55.3786035065695 56.43865074637547 38.95195124485963
55.37836438080464 56.438848243200816 38.95200698056248
55.39446048895985 56.46854125744438 38.92850083111061
55.39408455205273 56.46776005338404 38.929573420962214
55.3942642502484 56.46814045310776 38.92905310974042
55.397959892198095 56.47470603803587 38.91972337263688
55.39576014032612 56.471209259768024 38.924828423305776
55.384065633096455 56.502445252034136 38.90901082439427
55.38287677556508 56.50224696744481 38.91022968011598
55.38251627631258 56.50255228016762 38.91036741458874
55.364974111248586 56.5382678581982 38.90849499368656
55.35141004987051 56.605218229397934 38.91528578280781
55.34168514837795 56.62416078441859 38.91774868575995
55.344086015439416 56.62823736504179 38.916300377800525
55.34514584997078 56.63012527051647 38.91565855386607
55.3413328209327 56.681757284534186 38.90924576468746
55.326406876683926 56.7251917053123 38.88698539286814
55.292363823232975 56.73105617704081 38.87391652963373
55.29177519932747 56.73026931172061 38.873045182751994
55.325892913084374 56.72560949389239 38.8869925838144
55.29071362409113 56.7288367986094 38.87147630376725
55.26130271891536 56.76124886072845 38.85832881468957
55.10851152465612 56.91259270192519 38.90048271649198
55.10780606891106 56.91248502976049 38.90077153753061
55.10742095996007 56.9123463753211 38.90098924869369
55.20042527222596 56.820654024620865 38.87770028896878
55.065624125182836 56.89380920454526 38.919634292346245
55.066250988793385 56.89413677728203 38.91943763506392
55.06543149080255 56.89453337041357 38.91931439987869
55.06257244935762 56.89393785738597 38.91979703175893
55.05962503581877 56.89261704678047 38.92062052587664
55.01267988973344 56.89396033691829 38.92456114712552
55.00837995919315 56.89427807207584 38.924873615645105
54.93741011258455 56.92311178476704 38.89396520503196
54.9360111524694 56.92416652139613 38.89333776973703
54.88288678466118 56.967624456240195 38.903148322907164
54.85927802345098 57.05736459311523 38.88270688937724
54.85916154734208 57.05457634953369 38.883060928487396
54.85686142432969 57.056843405951305 38.88327218821135
54.88163237191026 56.96877840415209 38.9029928325256
54.81767978622644 57.12952711740664 38.889618620639155
54.76175717667043 57.12090719342344 38.90267509289308
54.76079618505963 57.12404069657131 38.90290842511576
54.75382853225059 57.18300369960639 38.902215010874
54.7590324421584 57.1294218951955 38.903315672273024
54.749705710403866 57.178948854532706 38.90235654057933
54.74760542200046 57.17777372078676 38.90211264435746
54.74945436566802 57.1787357783048 38.90235306008053
52.43845265261667 51.335391846416165 38.87632386030107
52.4385588957512 51.33558978757032 38.87594095707363
52.48274351895179 51.31816490832758 38.90318076181327
52.497160130563714 51.31557740611056 38.905128381949545
52.57494155392659 51.31773969456431 38.90930325917749
52.63082335769037 51.319382805022144 38.881676599906804
52.66441613167882 51.35717605881645 38.888654068026874
51.99089317177097 51.332353902864256 38.85871735672841
52.220463002591956 51.382417737419544 38.93020569099447
52.3196945996613 51.3829625907248 38.94590456935083
52.379277879644306 51.40198380137555 38.936641859587326
52.44438481347653 51.397998815028174 38.922744193936
52.44439461311456 51.39852936532493 38.9231851753943
52.44461971335784 51.40078770888475 38.923833699334764
52.444971271346915 51.403932580411855 38.92448160933627
52.49660543770658 51.385060521007944 38.94792540784767
52.57360984605633 51.32038452288913 38.907233178931676
52.665027170128795 51.358350579154454 38.889283396886825
52.671112437031695 51.36421439741486 38.88631160612436
52.70610053621796 51.4396800705328 38.87081264496852
52.70804701843353 51.44102756544621 38.870720303596805
52.754804026711874 51.379636906389315 38.87496749907166
52.798326262660865 51.36078094940069 38.87121872723738
52.82380846750369 51.429671878407184 38.89128971395524
52.85942073502918 51.47218168744408 38.93343852549539
52.87877817767614 51.3877151505194 38.8900719347814
52.93694001351487 51.29250977870896 38.890930743183134
53.08343187185217 51.454455229413625 38.95021399138547
51.99040721454187 51.493520232768795 38.897208758752924
51.991906609712515 51.49286506059369 38.89702760246581
51.967426754285015 51.425133407387406 38.872052108895545
51.995119550777545 51.49207140600618 38.89665319214204
52.0079783913608 51.43703715434941 38.870929298837254
52.100414590729585 51.49383519640473 38.93978962349146
52.13975361065488 51.571498180918304 38.99482310138458
52.15012361456702 51.571495036592566 39.00218521129076
52.18091143815469 51.500132985179484 38.99973454719313
52.18498159431904 51.504334496369715 39.00213075731826
52.36467459413703 51.56940766506088 39.00855672918587
52.37943346039217 51.56982189301943 39.00509425697977
52.44927590210078 51.494619452616064 38.967999178425515
52.44975906689194 51.49954156339651 38.96933894522082
52.45013090046744 51.50333582860473 38.97036687402293
52.45022139053705 51.50431920919688 38.970587295077166
52.475038659551245 51.57720825390732 38.95801464261125
52.50337798298061 51.5712319784581 38.95103630651103
52.658302066832505 51.49207755832366 38.87507908312179
52.70556937581888 51.44912253741969 38.87180077659559
52.706794517954336 51.450006374760555 38.871746160460006
52.70814758695414 51.45028274261814 38.87161715555607
52.81120396515817 51.52539412684173 38.95541793782975
52.817201303529544 51.53262180937206 38.962861315965625
52.85957056465283 51.57057123303538 38.97706395045975
52.85996213208256 51.570411755189795 38.975702420557894
52.860354170756935 51.57025261357549 38.97433898939429
52.939487101500546 51.561508117691055 38.949031128584906
53.09970362024215 51.563033753556084 38.95509983053502
53.09979331718999 51.56240324397186 38.95612375531665
53.10012049759057 51.56207488814658 38.95741462450701
53.13872706927206 51.54711361595206 38.974297877551514
53.15036593346359 51.546186433594684 38.97573463382017
51.98970160589369 51.499736859947774 38.89742738165208
51.99110479521325 51.502276901436915 38.897329027349876
52.037523356271535 51.57749699271199 38.947626480126466
52.04748029856248 51.5772483117057 38.95461747373592
52.03907980391067 51.57741633932055 38.94850888911948
52.13264729950729 51.572051126509606 38.992891994216976
52.14295068352767 51.57219868358307 39.00105870348256
52.15587336582419 51.57191538761726 39.0086535714687
52.16904882940189 51.57119378100486 39.01395028703933
52.258952957128194 51.57032311430173 39.03520526290333
52.35220816412939 51.569023591571124 39.01152317481042
52.375244737836724 51.569683800030354 39.00610203798558
52.367876596649374 51.569476766653125 39.00783091382381
52.39602123419424 51.57021836678309 39.00128716057476
52.4507365562265 51.50976025481504 38.97192017653994
52.45069846686423 51.50924199100595 38.97187910648542
52.45039944637815 51.50617552921833 38.971059999840925
52.474965370505345 51.57718304487775 38.958135692955366
52.503124483608836 51.57123274395747 38.95123541798702
52.65789408142217 51.49395206302628 38.87519673666563
52.68068538778142 51.51613302429259 38.87534409246804
52.70675073182773 51.45299812030793 38.87204487254976
52.75952063591812 51.51461374393948 38.914058167532616
52.816625906409044 51.53192996526838 38.96214858426882
52.85873144577358 51.57091353046209 38.9799814050071
52.85884891484444 51.570864564219505 38.979573508774244
52.85933539856463 51.57066648479023 38.97788191497746
52.85989761279787 51.570438366946924 38.975926596074736
52.860270300588326 51.570287383841105 38.97463031250212
53.10000592245522 51.56281459663006 38.9561881251426
53.10049119631127 51.561796069539696 38.958761640188214
53.10186221922969 51.56063234913272 38.96390782945215
53.10179604620927 51.560673372591985 38.96367822000167
53.125583806532845 51.55878995891723 38.988908554761
53.19435485463213 51.549985655977814 38.997602691134446
53.249684836152916 51.549983457884586 38.987898795509054
53.250651499471736 51.549402815715524 38.9869634544555
53.25294688946146 51.550531732813106 38.98640771896304
53.25348860410305 51.55114966007689 38.98650998676604
52.048185484013985 51.57730920217293 38.955507947295466
52.13528764273555 51.57290626228179 38.999605634017975
52.146640380483596 51.57353902056599 39.01126227118106
52.161936759828556 51.57270873859186 39.017453941253045
52.20558338793968 51.59309039781099 39.022238833425895
52.21121417699053 51.59207321855011 39.021074328439205
52.272333282804645 51.56963920312867 39.03248465875753
53.10190674305153 51.56060893085336 38.96405713306214
53.12562639657129 51.55861347655671 38.99048120652918
53.19220427197328 51.55019810371685 38.997987926333415
53.23206870975882 51.55816536934136 39.000195756095586
53.248724327733996 51.54862055386422 38.98753998339435
53.25526619813657 51.55156214564287 38.98577296678369
53.25361034400654 51.551041747818246 38.98636909036787
53.25458205868029 51.55168532572567 38.98624384568426
53.25366594102781 51.55160838303033 38.98671375770663
53.253143641374905 51.551564524755975 38.986981670968376
53.255306143555416 51.55176137342836 38.985882550738886
53.254505471416365 51.551898140574515 38.98642872599327
53.25354310111543 51.55180419740622 38.98691365294665
53.303544937655616 51.58753254484324 38.944383154994185
53.25316435464784 51.55175995675113 38.987099671808295
53.382302899569886 51.61202266559319 38.88125770350999
53.44563214518682 51.61830383904759 38.811768369496065
53.303825432842956 51.587787847224924 38.94414731388801
53.347371969762605 51.6672727651117 38.93623376558773
53.456794329831226 51.692065637530206 38.90823972957853
53.45839307816139 51.69030531415699 38.90643623925782
53.457028016289 51.6924033042951 38.908781505228745
53.48759255726756 51.66846176124552 38.822474440916665
53.45964117442256 51.69633709629562 38.915053549802685
53.492488863665 51.739875525529456 38.92343315236476
53.55812975080086 51.776975460907735 38.906746586760235
53.55524596856769 51.77810988888574 38.91448902440026
53.58807434376922 51.73306614800854 38.807011713699
53.55649095798625 51.77802279287178 38.9116516818418
53.55838842648839 51.777961041262756 38.90741640674449
53.61307201930399 51.779677141355485 38.82281853367373
53.61266861551283 51.77939225716857 38.82281286378647
53.69305858712244 51.788536719832194 38.80569788056454
53.64638833539678 51.80666731168613 38.82290452319154
53.69227287982525 51.78924236936938 38.806043475196816
53.69300388589217 51.78867815585042 38.8057220834954
53.752037246372595 51.81997147548714 38.8153362264218
53.69312360415033 51.78858916271409 38.805669453826425
53.811143247825235 51.858320598588314 38.83270519214508
53.86637064059899 51.92678230419689 38.8633720673765
53.86638729195873 51.926793658591414 38.86337809425762
53.86652837154402 51.92689215584123 38.863430346898525
53.86769914053467 51.92770400489769 38.863861100971725
53.86770037454997 51.927703422006495 38.86386080982557
53.86809408401582 51.92797427400258 38.864004546747644
53.86941983428984 51.92887767273079 38.864484076193044
53.8714442108359 51.930236830092795 38.8652057853674
53.873291710543356 51.931458481821736 38.86585472341746
53.874324116505235 51.932132763476595 38.86621301088013
53.889378906029826 51.99411824477664 38.86866660079403
53.892939445805524 52.062202114655854 38.86301806505597
53.8913050346564 52.07050031718296 38.861714389801826
53.879073639896156 52.17410987763383 38.90081363161068
53.87832109037855 52.186633758775685 38.91090385956244
53.87726078871912 52.20554654262823 38.92627545631194
53.83732951180503 52.3449339691009 39.02356554545874
53.87238333966703 52.35922878345955 39.01397208354792
53.89429634944366 52.368332034379726 39.00948752180086
53.90588732933256 52.39241336272005 39.00324407322445
53.912939984218156 52.422082272345094 38.98906156571665
53.91542759080903 52.44312670202675 38.98654332043994
53.913139110338896 52.436405451250316 39.00459160212726
53.90479281942383 52.466323232685276 38.996898013985856
53.90437129040469 52.4678719797035 38.99542571513699
53.88882592115483 52.506512036281585 39.003351578035314
53.8795412943859 52.537765080729685 39.0016154945045
53.865368282408575 52.56642695415351 39.01551385835644
53.8651963143192 52.566705137662524 39.01517776620538
53.86513381285336 52.56680652321991 39.0150555271626
53.932334146898235 52.74293437402525 39.017118435184656
53.93231377900675 52.74281482782189 39.017135945285915
53.932364153561096 52.74291333147453 39.01709694749804
53.932376138155924 52.74319005808428 39.01708213410522
53.93237901569938 52.742968942911006 39.01708486166084
53.93240499026929 52.74334656454753 39.01705761072212
53.93242143355755 52.74331349670241 39.0170463063951
53.9329391882834 52.751813545546156 39.02048869396178
53.98288549474366 52.790350724566224 38.96276022036827
53.93292011461291 52.75187307368145 39.020533309374926
53.99153230253188 52.83241266874238 38.92524741302185
53.98080359984736 52.78863996696658 38.965010892290806
53.99788252726135 52.8672454774492 38.94891026752425
54.0361951845292 52.90443719356148 38.88753938701312
53.999317176772095 52.867301472812976 38.947258552400534
54.05387615323805 52.94889694814788 38.8964909687273
54.05356809782562 52.94971262342581 38.89689028448224
54.055161425769526 52.945239549273644 38.89475412452323
54.05320721771061 52.95125102071299 38.89752042465029
54.053223064631545 52.95241441764317 38.897835629529055
54.0524655352343 52.95437548161837 38.89880511295146
54.07922340511655 53.03432143230225 38.92031099040573
54.114104331468496 53.06102273214165 38.89334261864115
54.080008868335156 53.035231410684034 38.920429888172066
54.137553330732345 53.09754019689736 38.930485794417976
54.13697247232492 53.09672373089057 38.93030171563532
54.171161937928616 53.147372545251486 38.926212998498286
54.17124519842 53.14740254227672 38.92711920909145
54.17126971056126 53.14743954481086 38.92732114819444
54.17130116058658 53.147454391425995 38.9276553579201
54.1713306651278 53.14750687931714 38.927880126916506
55.622124390574065 53.80113800573373 38.85993023213824
55.621511257683416 53.80098676893846 38.86021577205604
55.576532729784304 53.84421652291413 38.887614941499116
55.57517159415276 53.84460177700307 38.88776520390431
55.59497379471391 53.820657051774674 38.876792599936635
55.493373698543444 53.853030307015956 38.91841708288658
55.568879458628565 53.84605146055255 38.88845042463389
55.493043770717634 53.853205013820386 38.91897724275571
55.40708528908242 53.86836923477746 38.95557458594472
55.40603391296009 53.86803747675796 38.95709319545467
55.49172244756098 53.85304540093551 38.91969862655419
55.3892507444246 53.88787255945062 38.96227089966835
55.38890319902435 53.88937304956947 38.96155050887063
55.40496434601891 53.868218533280185 38.958241153523566
55.35969026988387 53.93820604333877 38.943704339385654
55.355458311886565 53.94379461895057 38.941484839578884
55.34733101213139 53.95297840324147 38.93817424373896
55.302909936968206 54.00486696692428 38.91849318735491
55.25418506085903 54.05160000796103 38.91725083439147
55.249333058136 54.0568764272765 38.91753924918078
55.22111810405052 54.12314574974627 38.95223778991154
55.220763276370946 54.12383146532663 38.95266545224196
55.17622461003013 54.10924690479544 38.945152031419966
55.17544919740641 54.10908238552914 38.94530653510206
55.17484081671007 54.10882050556005 38.94535992339481
55.1461411908289 54.11521280163541 38.95414695484262
55.12911646679319 54.16164474884558 38.956118609143225
55.1073773126744 54.18953940936606 38.941071413621046
55.08759040988279 54.21843234850576 38.97682714200693
55.08537176064491 54.26084742635511 38.98992012951955
55.04852790446198 54.30605409847066 38.980225781317046
55.03428019304542 54.33435711328452 38.931389619029986
55.033313198640315 54.33552421069956 38.93125253437411
55.030518026429476 54.33839765225194 38.93080398668406
55.03914544472492 54.371548511486075 38.98107981641797
55.038045676564494 54.37282481792682 38.98350890776538
54.9778166054615 54.39900986963861 38.99474325726756
54.89176537306155 54.401378115663285 38.950045557132654
54.92301231622987 54.413988520530694 39.00020598037642
54.92215204572407 54.41390572958733 38.99922710549276
54.92790143081527 54.446710191561024 38.9515120158745
54.894024084835046 54.530154464982886 38.94549973207584
54.95179753842014 54.53268432113086 38.974052699640325
54.89682755945809 54.547659618262074 38.973324704589665
54.84074184791763 54.5596514292552 38.98297593519844
54.849559540869635 54.61692429586645 38.99335212840779
54.856812108247446 54.65823165980041 38.986945536655746
54.855829422444536 54.654923979873345 38.99113108762839
54.857195292218236 54.65842918152198 38.98847526910074
54.85801317961612 54.66098280703149 38.9855687127538
54.882906768690475 54.697788168990115 38.97381259483131
54.87503173391308 54.73188289445986 38.96478211406651
54.86309456948214 54.81326013655409 38.96278175350775
54.89245351699814 54.83444247054969 38.98352342748193
54.83447731211257 54.87295777422303 38.97176609100198
54.87176423214594 54.86415249025906 38.99691006607138
54.821446167013036 54.88278567312895 38.97214129610052
54.86136504807196 54.87231497858052 38.99811547759458
54.8156278631868 54.88587285793753 38.9715261018102
54.84384060105225 54.8975629465598 39.031385155131126
54.77687147337651 54.93076387274269 38.98147866280692
54.80668077797016 54.918564745012304 39.0378995871055
54.80690010937228 55.06855048188641 38.95517469408264
54.777952514037665 55.05511372444727 38.991893888532736
54.80790423266906 55.06864465716255 38.95330929369692
54.80425641256586 55.07007812104696 38.96012958793014
54.86026687449073 55.1089881887647 39.01370486149478
54.87041330647367 55.11464231065422 39.020267775108394
54.89360701502466 55.131223039761046 39.00913487075984
54.91515424321074 55.169678007746896 38.960191000242176
54.89437293700094 55.13202852069809 39.00694190427171
54.912433160381084 55.166073636639226 38.96714504212493
54.93783749726236 55.2240691073179 38.97114444548663
54.95854486180602 55.27494405781427 39.02209209257868
54.958996527268255 55.27658467353516 39.02393654160067
54.974720491339454 55.30413562427144 39.06286259473935
54.976294605494154 55.304309954268255 39.0643175583441
54.97679424817996 55.30434365572998 39.0647750832439
54.97520277872954 55.3670919035837 39.057779606970705
54.95584875705746 55.50907132566318 39.03700400699636
54.95666451673576 55.509249005109965 39.037413891010196
54.962539803769296 55.51227344175419 39.04013150543443
54.97447650530264 55.54135720127967 39.03534018041117
54.97413094335077 55.54354323541469 39.034622892116296
55.03640157502829 55.564210096627434 39.03476198398995
55.096106201977776 55.622930897202416 39.0179574650451
55.15200593434065 55.670127436697115 39.00172739133937
55.15215416211351 55.6699125329932 39.001837715963966
55.152062214301594 55.67011493855075 39.002009961325776
55.14937705526641 55.67506171147385 39.00368192776847
55.14566656384811 55.68125544217921 39.00375620649413
55.13281188050556 55.70025819994806 39.01441111064956
55.13035645816054 55.70334089423902 39.01706062507204
55.12255044403335 55.768107819949805 39.03249777082894
55.137926749795994 55.88047929303689 39.05698231598315
55.13842011509643 55.88150843814054 39.05686791384792
55.141043335055905 55.887010889333695 39.056333915964665
55.14387760944177 55.89296936588819 39.055789397020675
55.18713593098269 56.02373674149186 38.98061581476938
55.135540935779666 55.90926354600484 39.03953212204105
55.15674225160534 56.00237295921447 39.01348056736445
55.18892904007278 56.03178970610087 38.97491222826489
55.20105282147652 56.10357506496865 38.945902309869574
55.20098423354996 56.105153944582824 38.946916637217925
55.20090477752096 56.10574353832594 38.94746741426141
55.2008938802788 56.1060595338014 38.947661380819184
55.20083307351197 56.109692413208556 38.949685378132074
55.22308544423135 56.16918030364647 38.96991190857094
55.22558743019178 56.173628874110875 38.970134399097546
55.300031871292475 56.27893418823081 38.955492220606224
55.30459428415686 56.28390318769024 38.95322594841075
55.305746498535896 56.28515808134099 38.95265365363184
55.309796176835036 56.28956863250647 38.95064246614608
55.321504209989925 56.31811071705158 38.935272276587895
55.321500518217796 56.318120914746814 38.93526537188447
55.342714693600236 56.341410820190504 38.95042301799408
55.36276571485131 56.40060841579853 38.96141684649187
55.3783228694099 56.43900990597814 38.953032282014114
55.37842291897104 56.43898482166185 38.953467809558674
55.3773912903445 56.44940839277899 38.96022714893597
55.37735031303218 56.449503610387595 38.96014840907604
55.37697456480324 56.450368817090066 38.959435516501514
55.37666732886177 56.45106917529803 38.958860792992006
55.39484855367268 56.46997534612902 38.926709437583696
55.38031923767791 56.5024209154209 38.91247074491524
55.36279331334278 56.53961355972966 38.90984750113711
55.35011834977361 56.60135219290356 38.91624170684338
55.33918257194071 56.62029954553956 38.91924743272366
55.339732908746626 56.62135225309203 38.91891211865281
55.340070081661025 56.62210013354554 38.918703787515106
55.33466690388574 56.690836123543136 38.91002141639988
55.30479029592435 56.69567236201475 38.92903740248518
55.30388638852692 56.69584547784582 38.929422500427634
55.340109651515505 56.62226041239187 38.918677298375954
55.27105416962245 56.703230705084515 38.91930546950375
55.27090069880718 56.70305127905663 38.91899358546151
55.27053659454503 56.70260043718798 38.91863037316493
55.21425478355855 56.75804444760781 38.937349518097825
55.06527581461984 56.85896142139019 38.92674454322707
55.065643757176495 56.85984523410421 38.9264809771228
55.2113601240437 56.76115064190404 38.93693464397755
55.06165591852945 56.89196736578483 38.92077231022269
55.06112509819515 56.89174536405196 38.92091330039389
55.05979429524369 56.891223100817506 38.921250952068
55.05761447139951 56.890344143978226 38.92181485421069
55.056821396337774 56.890016264085936 38.92202374779741
55.00898625629436 56.892593374879326 38.9255287638292
54.93685267550694 56.923418787740786 38.894271281319305
54.95229776439987 56.90685921157757 38.917994019888525
54.94976165931294 56.90886613767897 38.91676632061602
55.008684396385505 56.892659470802954 38.92553202837088
54.882255826468054 56.96822494210468 38.903140995484236
54.921784017570666 56.926388188251586 38.890880152381705
54.875750926277775 56.97440008890291 38.903010341405896
54.811689875862655 57.06816754552948 38.89746481516795
54.79724153713127 56.99679943965067 38.91859855642791
54.745435578674176 57.05064750617905 38.92359494564802
54.87336261956677 56.97661765835092 38.902786876969536
54.75582010018569 57.12806121696852 38.90342374267013
54.75595461738099 57.12768193917014 38.90339445034324
54.755501420007846 57.12830472625935 38.90345595147874
54.7592014722395 57.125418323668626 38.90307863283893
54.7592685976373 57.12279869594717 38.90292604059154
54.745380042152426 57.175258537715756 38.90230489214113
54.74537979836475 57.175250135263866 38.902307796972174
54.74541572634347 57.17532854198717 38.90229128018481
54.74571122788852 57.1752111726676 38.902425911120154
54.75227857089921 57.132323543557355 38.9038700292983
54.74886193363714 57.17814143408809 38.9023775419097
54.57370203672519 57.273039560233485 38.91066464479476
54.63848837038756 57.22959647193589 38.909722095585956
54.567097790453815 57.272798285659135 38.91015221861415
54.647261955978365 57.22546631276741 38.91017292913597
54.71409670985927 57.19890703338311 38.91021737125005
54.71544068705204 57.19801113459771 38.91007668463347
54.51075854612513 57.28969762201511 38.914484981647966
54.56558450197219 57.272743941874396 38.91003746421899
52.03134683267184 51.578081694811395 38.94545753100673
52.037219061656344 51.57808009863821 38.95031112175841
52.041058782699565 51.57785441596922 38.95235347806611
52.03485725502325 51.57787956947573 38.94734589691977
52.37467949894951 51.56966604771398 39.00623695248029
52.39686207125708 51.570221828525646 39.00111451191381
52.41416692814224 51.57050398830886 38.997303511921
52.46886047831414 51.57501087441631 38.96831394995417
52.47044374076983 51.5755614267146 38.96569107348686
52.4732507535677 51.57659174291983 38.96096970690928
52.50040520866264 51.571251057544046 38.95335838988645
52.58631885307623 51.55774707055067 38.91672129949514
52.67793011737703 51.51918736996006 38.875638707429054
52.682466039920314 51.5157996834243 38.87546833914145
52.79911714581867 51.56185365536153 38.96314308306462
52.8100971226867 51.56437862080452 38.97200210657221
52.857930009245386 51.57123997941195 38.982768082480135
52.85787494433013 51.57126057700998 38.98296046001819
52.858531607389146 51.57099333347029 38.98067705801727
52.859379923245925 51.570649162484 38.97772669325869
52.85997699156728 51.570406952069305 38.97565013110484
53.10020446097094 51.56277096536921 38.956778527531796
53.100758028402886 51.56167374633372 38.959634076902105
52.03954650861968 51.57827282061989 38.953208582581034
52.045192090010524 51.57822757576601 38.957654713153055
52.05940541698337 51.57840407682219 38.97031082608904
52.04738144564587 51.57829845170825 38.959824221589436
52.137512500181664 51.57365821225836 39.00544021615918
52.14699552199858 51.57374905241753 39.012702452429934
52.162143703271894 51.57275761762496 39.017877557964596
52.206547391500465 51.59211612303069 39.022948266316355
52.21638283570488 51.587871083595516 39.0237177268079
52.267309868512434 51.569190139178005 39.03337842219498
52.36868595675469 51.569497362219 39.0076436272068
52.39868662421577 51.57026627343941 39.00069473383881
52.42101537708062 51.5704971803251 38.99594010772054
52.46549004715345 51.57340444627964 38.97446783479916
52.46774760181119 51.57445699828402 38.97037668010405
52.471709630488995 51.57609498876863 38.96347138195154
52.4975548405455 51.57130556097184 38.95553866826546
52.5058976598366 51.571241768072234 38.94903502806116
52.66229648732889 51.554744733463345 38.86753978792162
52.79586401822222 51.56110648419913 38.96051928527627
52.8052364638064 51.563262796160046 38.96808233134563
52.857399606150615 51.57145956959063 38.98461058750334
52.85628701785826 51.57191187182799 38.98847961345011
52.855548455898166 51.57220922436614 38.991049403215385
52.85664537491587 51.57176227601489 38.98723537257174
52.85824196352526 51.57111359694801 38.98168304418587
52.92955918025311 51.56726329384077 39.00589352758629
53.100842906457665 51.56298445346363 38.958238510749695
53.102068640217425 51.56154961346829 38.96332832867306
53.105362631102665 51.55879583132185 38.97564020515221
53.12457278261281 51.557240617868736 38.99807645398673
53.172940890072134 51.57083432743815 39.02603586161945
53.230395733743755 51.56064082972967 39.00230455821601
53.24833246325876 51.55002438666724 38.98869508632216
52.06224973196814 51.578640816884494 38.97385788144626
52.14151870854862 51.575818954880646 39.020507300976895
52.138418552171196 51.574789184451916 39.01247911224315
52.1476459345071 51.576485940490514 39.028638674268954
52.18624130737088 51.595341960191035 39.02765022749208
52.20963729751805 51.58902974518968 39.025180800068924
52.22647946942428 51.58028129974953 39.02817857996643
52.263358098771604 51.5689427626549 39.03410066792643
52.365620486573874 51.569447373126266 39.008318734271555
52.397845231835106 51.5703401049888 39.00077301799141
52.42054950504023 51.570709291067594 38.99577415725554
52.46536748143322 51.57367827063467 38.974255430139806
52.450135067370724 51.59003392358624 38.978020014496416
52.467418145854964 51.57450222246794 38.970712686655304
52.47136351361641 51.57605272661647 38.963942241442105
52.49625168882598 51.571357562233416 38.956500914930956
52.50440530092627 51.57128652555633 38.95015585724116
52.592064071897774 51.55708967255594 38.91407514794873
52.79902694962978 51.56183471025133 38.96307213851758
52.80825350613259 51.563957908638876 38.97051791930238
52.85708532730136 51.57158924785143 38.98570254030863
52.855807255243136 51.57211143228636 38.990145739054796
52.854879243353494 51.57248931288453 38.993372594913275
52.85606905329347 51.57200067506237 38.98923748888605
52.85781424153116 51.57128920278482 38.98316959036026
52.9281580530638 51.56738291051434 39.00588458993989
53.10116899704798 51.56335844817791 38.95865575114584
53.102456365272786 51.56218438783608 38.963588781360336
53.12631035541264 51.558483553715206 38.99382468960303
53.16193231832052 51.56723124841492 39.0225869283039
53.160817292799564 51.56686461163243 39.022240639666634
53.18455754364885 51.57478048277633 39.02941612323539
53.2134348707622 51.58270558421949 39.037474659088375
53.23436753987006 51.57374450790782 39.03380258530365
53.251740961594294 51.565641611190536 39.008990739577776
53.25326176672783 51.564714897020096 39.00635764816035
53.253402823037256 51.55185383376162 38.98702639289254
52.142107118130156 51.57615705036131 39.02283751341059
52.17038325978227 51.59678540460436 39.03254410447684
52.152400581895236 51.59861009926088 39.03212548060996
52.18317581041029 51.598404845897385 39.02543432009399
52.20084559152301 51.59677911291335 39.020001072392056
52.211046281616305 51.593923606715244 39.01904180696269
52.250521298564195 51.60431817179122 39.02149581752325
52.36754375436932 51.56955046383022 39.007807501024125
52.35840181166772 51.56927451801083 39.00997589626796
52.39627623724274 51.570354712569184 39.0010694284485
52.41950739038476 51.570750397561476 38.99593264542865
53.162263309134445 51.56733717693795 39.02269495140835
53.18601061290601 51.57521322963815 39.029948439663826
53.2143242426628 51.58214618498188 39.039042890431375
53.227257782101944 51.58140287457047 39.04379261375495
53.23331122316181 51.574153514352744 39.03517220277555
53.251270653943756 51.56641564993596 39.01094487129282
53.2512157746316 51.56647124178776 39.0110916850298
53.25196854820152 51.565688075300585 39.00902964167975
53.30392496136275 51.60209322474972 38.96424546590873
53.34832450917824 51.6713495026393 38.93726330207577
53.456903536185045 51.69255687849987 38.90894428072909
52.171195196535464 51.59733637002999 39.03158380156578
52.184856175338666 51.60198133354861 39.02067980956522
52.19643033535543 51.60321587874187 39.014509159548695
52.20459076564177 51.60081590046823 39.01387306691535
52.25021485667341 51.61059766927458 39.02092238373291
53.251252464627214 51.56643205756559 39.01098881304687
53.251676979572565 51.56593065259979 39.00968623665496
53.33223195502191 51.71574442471851 39.007302296371485
53.42275926345597 51.79984470185226 39.01251471117895
53.422422246445144 51.79981401374337 39.0122625083755
53.42622387593216 51.800136088552065 39.01513017564434
53.43784731701763 51.76552601194222 38.98074441161695
53.49260405338955 51.74089563144702 38.925818608524075
53.422890778330384 51.7998535138474 39.012616117353424
53.42847597627106 51.800267057546485 39.01688551353091
53.43383448815793 51.800588804458286 39.02105249168221
53.49039579428162 51.78605845403326 38.97740994367702
53.43537383369292 51.800673425667185 39.0222569196055
53.552671832070786 51.78024855831679 38.922813009491406
53.55722229919703 51.77868625107408 38.910881605368715
53.43692728546209 51.80076149304806 39.02346986163559
53.548473086863154 51.78239114261463 38.93470180104935
53.57672185704936 51.80261542035214 38.926640835831336
53.583994399384096 51.80268553411163 38.913980480050185
53.577443836364324 51.80262260183878 38.92538691327203
53.64723180792433 51.8068274497606 38.82265052495107
53.69285494260494 51.788811052663476 38.80578759509899
53.58234084092942 51.80267879850331 38.91698114845164
53.61095298821611 51.80770432559915 38.90237188985049
53.72429682381073 51.841255128685205 38.827844128550005
53.826507655004264 51.91131816144494 38.8441374826519
53.79233989694942 51.88206892744621 38.84230456882486
53.826616408195896 51.91136234344566 38.84420237572897
53.867468236206776 51.92753900557089 38.86377361650246
53.867649339438856 51.92766337745085 38.863839621483095
53.86910983347833 51.92866026396112 38.864368753388014
53.869060515577 51.92862578862639 38.86435046481556
53.869253911754 51.928756704332095 38.86441996679966
53.870563333371514 51.929636782857635 38.8648872740889
53.87182022711658 51.930473164625155 38.86533148821127
53.8726290751084 51.93100618340947 38.86561465049189
53.888728815085344 51.99497605339609 38.86838804321588
53.89295445012949 52.06181327639587 38.86302578950223
53.82883269628387 52.1275670453347 38.91890974747619
53.82658393454075 52.19121763549532 38.97655923573778
53.82919903394802 52.20254912359735 38.981678476271256
53.81443158888796 52.319251817981126 39.04651480889443
53.8208774540637 52.319714521234594 39.04323962872549
53.854465073363826 52.354036348160705 39.03153626203668
53.872052212959986 52.359775306075974 39.01399851802094
53.90338361081156 52.386462448209485 39.005362699645595
53.91280922475932 52.43650496754961 39.00450657283384
53.90729669162692 52.44481521912897 39.00934422066017
53.90384237965456 52.4669392723619 38.99794938590368
53.89147086465714 52.467237844419905 39.0111704365212
53.875280904913396 52.53195421339003 39.0234102983496
53.875279798828856 52.53218580154385 39.023520911108974
53.87474417217147 52.53460286743564 39.023498075757146
53.86603201183861 52.565464647362376 39.016776471923706
53.865180930103975 52.56673752605058 39.01514537079909
53.86539721270464 52.56642010869306 39.01555799763193
53.932257440291934 52.74265573598599 39.01718062949097
53.93224176970875 52.74263990904022 39.01719243719189
53.93224874109793 52.742582840192526 39.017188585344236
53.93237556691098 52.7429258732502 39.01708832542789
53.93228385051158 52.74258179914945 39.01716292827705
53.93243311493922 52.74322457455948 39.01703970567517
53.931929977601555 52.74450449642747 39.02130693169171
53.932858935156446 52.752061867582306 39.020739790512664
53.93291662479258 52.75188388605103 39.02054381330326
53.932840134883165 52.75212075699828 39.02077742657052
53.93919332468314 52.79414755679542 39.044631475527744
53.946797868305566 52.82970570765106 39.07288725921343
53.94803448452504 52.83495354051268 39.07601434102228
53.996008193594605 52.8658268627041 39.01420253754117
53.94821195532775 52.8357062689429 39.07646826480114
53.98735689407052 52.90187306172071 39.03414431251479
53.97448758578912 52.90188744837202 39.045951104362324
53.976698315233236 52.90618522162541 39.04066142978577
54.051855798096454 52.95570939574461 38.89951733392034
54.01393339869854 52.95192527104406 38.96965526539699
54.017642753037876 52.95714122674796 38.96252084509403
54.07973309190608 53.03496658238171 38.92041744394514
54.0180212418934 52.957664557859005 38.96179930638194
54.13469334391266 53.09352703661997 38.92959129655149
54.13421804470687 53.09285964903576 38.929441878210625
54.13620149676913 53.09567885360747 38.93012415157535
54.17133894552637 53.14749851160859 38.92799638170494
54.171348635540944 53.14752720408197 38.92804383319071
54.171394015204456 53.147583645658216 38.92844545262437
54.17141081603115 53.14762983093405 38.92853592660713
54.17143868028296 53.14766288257894 38.92878622558689
54.17146615276789 53.14775069350323 38.92890587652967
54.173961915501415 53.1812633616045 38.98354137227207
54.98954371236386 53.562942681315576 38.968597750159255
55.0179977037035 53.56329193574108 38.96991251151599
55.04953333844039 53.560478676934586 38.97580462845872
55.108433040348835 53.53331308386625 38.97575074726009
55.16199276777861 53.55850623301198 38.96781483215665
55.17950405231498 53.607452184421156 38.98122152803737
55.18662744561716 53.63129463054423 38.971325570661485
55.68025632511171 53.77185720243813 38.84411655515259
55.680376810318904 53.77169596201051 38.844035917962216
55.68005354438082 53.77213786651629 38.84422914088361
55.62762235251982 53.83109990749884 38.86827801388211
55.59430659426822 53.820662176351405 38.876737300641786
55.57543276289448 53.844455430197705 38.88773431711725
55.5937044139388 53.821212134641016 38.87683062519552
55.57545427051218 53.844412661299124 38.887730901946775
55.4962705889513 53.85404183061265 38.91800731872071
55.49192943196465 53.853484220079906 38.92031857847667
55.57500397534479 53.844538881499105 38.887780577304696
55.40631757019093 53.86830509339401 38.95654714691469
55.40593588633732 53.86820284565917 38.957084527289645
55.43116942455166 53.85431745025811 38.94905952719532
55.38960117202391 53.88727868910212 38.962302863542746
55.40503466838728 53.8682925786451 38.95809988719529
55.39001289873308 53.88634004139524 38.962522426673175
55.38856168756884 53.89232189312472 38.95972863448909
55.35632951748403 53.94012493744704 38.943489958794714
55.389805659613344 53.88710994418041 38.96218717786734
55.31149095755888 53.94213530325741 38.95316961751297
55.32197614789716 54.02618781854386 38.935087159747496
55.272731273915966 54.07688255949728 38.93534309815541
55.25297069381994 54.127416661747674 38.957877249210846
55.22203331242214 54.1252683247766 38.954334007911065
55.203646020861186 54.129197433425205 38.96055792907814
55.202878496892424 54.12880091158529 38.960288843254304
55.20179780122322 54.12823062213327 38.95986577905805
55.20068497160999 54.127635558402595 38.95940129407087
55.12598715774283 54.15714042741469 39.00887345046947
55.10600640265966 54.23070603127386 39.04915703004094
55.10437661555697 54.23021251301728 39.05019188482717
55.0490458392904 54.21586418848675 39.07507039755697
55.05197145608304 54.21645438025409 39.07594449343115
55.05139795053357 54.216328402242226 39.07580024742341
55.02452665007848 54.255180653004544 39.0769015411427
55.05615805686263 54.30483053076183 39.04496836900492
55.06192198957859 54.354749533836525 39.004151621652824
55.03332124411783 54.38577924730559 39.05207516009985
55.02933671980473 54.38966824870237 39.05479398020398
55.0114641896046 54.39674572096227 39.108804916215846
54.943188581581886 54.417891711901305 39.06042474387898
54.937034244627036 54.41749355537465 39.05761859413985
54.96804613317123 54.46699792729372 39.074158898471026
54.96202508097859 54.57021221937744 39.0999215456856
54.93215450582353 54.603987145208876 39.05669712848982
54.93266679616538 54.60424158522909 39.05727673173969
54.91211316340129 54.62745088107313 39.07000067129767
54.91026490391988 54.62751547231959 39.06863296156243
54.88535400110818 54.641776422974175 39.03367640085693
54.877592705270736 54.64893235625385 39.01967779487099
54.88456046271222 54.64559035940616 39.02837340334587
54.88388216081745 54.64620491831075 39.02716360164185
54.91728986897675 54.695214464784776 39.01676967952193
54.908873381621035 54.76155276978342 38.990966929954475
54.91944752604215 54.83305047406792 39.01486523371832
54.877512713715035 54.868499777238256 39.010823693269074
54.85876214871428 54.89791970812812 39.05178106534504
54.86226999327944 54.913004240035676 39.09082502150819
54.8561217601358 54.94467579385682 39.10498622715912
54.85931609116598 54.94827964647365 39.10573458902346
54.88855242447134 55.07539996661109 39.060870915884635
54.881379006618644 55.115416418766266 39.057680076870085
54.88514893864795 55.118567651410636 39.046454478371224
54.892764978878475 55.13009077900688 39.01226094447213
54.885172741497996 55.11871644904788 39.045962448183474
54.87611887330043 55.1336875144532 39.04650541674968
54.91058497991091 55.15101387774822 39.0567616340944
54.95344469162367 55.245898102823915 39.09044578202439
54.95932380298944 55.27784018674039 39.025336025575854
54.96652325637076 55.27921894358738 39.07088758506941
54.97402818795865 55.30401764514488 39.062214487439746
54.97141615496504 55.30392421981719 39.05983908025125
54.97634287620232 55.30439721723795 39.06437845030889
54.97606509787187 55.304477565895496 39.06414377346877
54.97682159133937 55.30451495813596 39.06483378892294
54.97555981632805 55.36671320298545 39.05817784683765
54.958034370811305 55.50876680990929 39.038207077252125
54.977972914987916 55.395582086395166 39.0575551019045
54.985836141456275 55.465699197941746 39.05708418756447
54.968692389851725 55.50984762969222 39.04372898486987
54.98766537509779 55.537609540145056 39.06416851591287
54.987934694176246 55.54418593667701 39.065383752596226
54.9882788735757 55.554741018483 39.069025696806406
55.037672432923365 55.565682132577166 39.03427800636985
55.106399426600674 55.6289911256639 39.015242435194914
55.15159128697974 55.67100934866798 39.002396673721684
55.15155256723463 55.67109044082191 39.00245477988554
55.15000889619934 55.673991145717345 39.00361401303114
55.131759346110925 55.70142565072668 39.016116137698795
55.131369395776005 55.701951573974995 39.01640249175277
55.12882310152166 55.70532440996122 39.018499101151676
55.11988105273509 55.821896377483206 39.05280407320068
55.12121260189684 55.82824564686256 39.05387342119634
55.13779197958567 55.88022540270122 39.0570799096643
55.14105847224478 55.88706643337184 39.056388788802295
55.14481903256567 55.894958584118015 39.05563306158933
55.145677523050324 55.89676335414768 39.055468058521996
55.14574979229844 55.89691932731999 39.05546401985373
55.15740313810517 56.00802756277612 39.01000286180482
55.189713987604634 56.03600809691026 38.972473463721336
55.200830100398804 56.10698452951067 38.948331010962214
55.20078821048618 56.10810010647662 38.94902670332883
55.218110841766546 56.1594291709273 38.969153470288234
55.222789137598355 56.16857536574298 38.96985831955077
55.22314871179826 56.16922709693516 38.969894620677834
55.30118356855772 56.28018851501228 38.9549202533023
55.30440352040803 56.283695415954554 38.953320855369995
55.303830924124725 56.2830717906981 38.95360530143402
55.304369882849485 56.28365877864806 38.953337604117166
55.307701965831185 56.28728779659281 38.95168263978331
55.308650134162036 56.28832046043793 38.951211697679724
55.3452103784459 56.3464524037701 38.95152721392317
55.36293405505633 56.4014102353639 38.96153971842215
55.36217660178765 56.39984060811348 38.9612041285531
55.36290177185593 56.401597793541626 38.96155254118541
55.37729249646195 56.44925599678987 38.960478143549
55.377363037221166 56.449437047301885 38.96021555779143
55.37724976306127 56.44938911452503 38.96035699708777
55.37711025164479 56.44976256262669 38.96003205512161
55.3768866453062 56.450311983860686 38.95956795176845
55.376680059803675 56.45079817226214 38.9591638869843
55.376496897134444 56.45121100241484 38.95882667959485
55.36887681204207 56.478725852576034 38.94515963665735
55.347601399111724 56.52818340516728 38.93105803608444
55.31246501864336 56.576316691147014 38.93983868122849
55.31245333337779 56.57637347085164 38.939821561883534
55.33807576856458 56.61877895467368 38.91990501324673
55.33821105839243 56.619170265311084 38.91981885447835
55.277297762309246 56.658584379529074 38.946510084927354
55.27674899866254 56.65955089262286 38.946717153874516
55.33824579336329 56.61927377548069 38.91979664804374
55.275455191996265 56.66230845624315 38.947126145427696
55.266571924476935 56.69708346462982 38.923776593256406
55.26682291529476 56.69745641610966 38.92309609819654
55.19010172476017 56.71145700911882 38.95244175437071
55.044757213174 56.83842697189141 38.93703748664272
55.04478932578821 56.839202633258076 38.93687462812528
55.18913531725943 56.7117380883942 38.9524613406236
55.0446846806315 56.84078588010914 38.93657554630358
55.05826871517602 56.89027807167562 38.921797712643965
55.05593581127188 56.88925154743737 38.922440796644594
55.05564563761978 56.88896151608529 38.92259564389873
55.01214700342919 56.890689614935766 38.926011206422956
55.057843501353126 56.89006585263134 38.92192650740991
55.008708866437914 56.892547625362326 38.92557716705341
55.00944982865087 56.89127787072701 38.92604136645717
54.95896534304474 56.86435913907561 38.94013857761756
54.94898779458216 56.90947333650547 38.91629670495068
54.91932361585209 56.894746805067946 38.92343626507548
54.863863341557845 56.93526468873584 38.92797410658307
54.95879251703986 56.86434869718575 38.94015051756132
54.79591769465958 56.99053926501061 38.921965051764396
54.795055520571196 56.98814444844275 38.92343555729002
54.789677291483414 56.98954969449254 38.925593973934255
54.87444866517289 56.97562438068564 38.90294194716844
54.860397654909654 56.935871853139936 38.928823413942865
54.741166071275686 57.04697220471576 38.927483320172065
54.74041877411429 57.04085714064985 38.93037340503817
54.73925729380741 57.045500602424326 38.92915244318291
54.74385361423787 57.04923092878964 38.92505781123018
54.751614998392526 57.000988393970474 38.91898954954922
54.61622439503008 57.02633403638411 38.933175047181116
54.61609200332887 57.02619805545688 38.93321862874854
54.61584630727122 57.02596902822617 38.93331314514802
54.64890372479328 57.035479812083544 38.91359488842351
54.647196314001306 57.032836655419175 38.91378596128449
54.73767133033142 57.058671238103216 38.924727253361006
54.73803577855355 57.050534807796495 38.927807506824465
54.75363549401046 57.12961997335323 38.90363826391869
54.73915163946357 57.04597562171292 38.92902012788603
54.44007985151826 57.02462393711895 38.930347058349156
54.44006993871379 57.024448679584935 38.93064216787363
54.43993421007061 57.02449884022991 38.93021443466493
54.47204534169571 57.1109196870255 38.93258596811847
54.47124121870721 57.106836977274746 38.934605234819685
54.47288566495699 57.114925766860836 38.93119996557325
54.479855709872034 57.01558703965139 38.954465883674594
54.499893835861315 57.176721674499966 38.94338941392851
54.48196461408507 57.01392344797827 38.9549257145173
54.5286005409071 57.17489538930053 38.92782550954282
54.52700519772717 56.97969457190213 38.970666507621516
54.64218624691951 57.22495634326868 38.909540239681846
54.71533769748096 57.19682131192141 38.91000869458165
54.0800740465656 57.0401441301606 38.986397705865215
54.14101172957995 57.06946798344562 38.92217578408352
54.212976961969744 57.14494226148108 38.84755746153591
54.24221146804003 57.12240818887943 38.852818477896584
54.32874612069993 57.26614605825635 38.937724841330294
54.32745966068053 57.256726435658486 38.93373340151953
54.356651933623276 57.35052087849783 38.96553488651175
54.37925985218919 57.13924491793772 38.96044978711748
54.4245486868766 57.32697719605211 38.953625188736666
54.50781610091087 57.29292936547981 38.91590852466234
54.509094633970065 57.2914658947013 38.915271156741724
54.510522787103085 57.290058321926615 38.914631370993376
54.56575396877966 57.27275171059611 38.91005507376648
52.04682077290728 51.57859703177715 38.96086371250991
52.04952962921594 51.57858278180662 38.96303461566168
52.05061515129613 51.57883333370277 38.965195120620386
52.053267384654255 51.57887059311041 38.96757855084192
52.14070519980248 51.57467940292274 39.01348575713891
52.06130740237046 51.57910631232249 38.97542199699015
52.46563327454559 51.573886200461175 38.97366346707342
52.46775480600074 51.5747490095367 38.96998466157385
52.47146302515698 51.576148062648016 38.96369765385789
52.474664172791634 51.577209253832095 38.958462751318464
52.50356476841361 51.57131699043353 38.950780429908676
52.66741778370678 51.59305958550873 38.882256280762924
52.80085796166699 51.562256320044014 38.96455002057708
52.80978434037242 51.564310765746875 38.97175388902994
52.857011560004416 51.57162043099861 38.98595847204451
52.85582551254948 51.5721067099499 38.99008090648848
52.85505467539828 51.57242347055345 38.99275980626305
52.85605885818363 51.57200849692579 38.98927111348693
52.857628219695606 51.571366500165034 38.983815648926
52.927507076444606 51.56743886351856 39.00588075562198
53.1012958565917 51.563652537492196 38.95863386345461
53.10242974716151 51.56260516906799 38.96299524655404
53.12762770757217 51.55905071952339 38.99364116113942
52.09072961836783 51.609849853400036 38.983985362416306
52.08639579842258 51.61227371601725 38.977195480300544
52.141810824891174 51.603164308262414 39.02828950738905
52.36814301804666 51.569575743589496 39.0076565706492
52.39435065975779 51.57035812711894 39.001450942747304
52.4392085197683 51.60583027657605 38.97671387136888
52.44752831623851 51.59786260258204 38.973600042698145
52.469856649791055 51.57582068360633 38.96605527067278
52.47245242685 51.576623221188726 38.96188645175691
52.474941115731234 51.57737527374834 38.957912429606495
52.50221282086265 51.57138811162602 38.95175680081969
52.666540320985774 51.6615321005288 38.89306127414244
52.805448483094175 51.60839138339141 38.96789316598089
52.81230888833302 51.60324505948625 38.97348418376782
52.85727150344932 51.571515456181956 38.98505417033202
52.856571804380536 51.5718027772432 38.98748594587505
52.85629179501394 51.57191780654843 38.98845908331829
52.85683748223358 51.57169290503196 38.986562979062754
52.85778760363976 51.571303304580425 38.983260595955635
52.89141884691424 51.61693472837448 38.98598871637166
53.065394388648 51.60346407874049 38.9628787485956
53.10204336120089 51.56396649703667 38.96026389734661
53.16899776882555 51.5694272948801 39.02501003365994
53.175364429687036 51.57149267924238 39.027037798894426
53.217393259509606 51.581868057960435 39.0404184990004
53.21846699329526 51.581659918059195 39.041170512442434
53.2237101934431 51.58147976457597 39.042800013139754
53.23299150501565 51.57428435072282 39.03560332873265
52.097847491769734 51.64740470369042 38.98318412762314
52.100389202490916 51.64400360242519 38.98720995929051
52.095345751556174 51.65123427157853 38.97856600080801
52.15424201032549 51.606538750016 39.019663135851864
52.18659311761748 51.605319439398826 39.01617274659115
52.19540999424916 51.605637688633195 39.01217880971441
52.201518863379945 51.60482407804674 39.010586124779365
52.320121648744234 51.65762631113793 38.984272866106075
52.329734279268365 51.66938599842858 38.97750270358575
52.4019555727826 51.67859979900555 38.955435145994144
52.43336466719299 51.61725982269916 38.97317597402494
52.43596007575897 51.61222081297634 38.9746953536105
52.44468548408661 51.606094240210815 38.96922145649289
52.473752464758554 51.577109306769934 38.95968810941907
52.47549452494752 51.577599620594754 38.956953745105366
52.534570549634964 51.625955398584324 38.96193962016593
52.699645639337746 51.749897868613246 38.967609899486135
52.69970374925802 51.75004502671568 38.968006371453086
52.80490636262061 51.65414283259432 39.03432084759002
52.81189704640872 51.642085262255705 39.029970218849414
52.85458593228799 51.630038567312724 39.038932860882014
52.85486510261517 51.63499765021918 39.04189779541389
52.85439672768308 51.62667605956255 39.03692244056653
52.8741338499959 51.62700934755421 39.030801495883864
52.887608842527264 51.61283582280076 38.98783552033187
52.89461384816991 51.620374460046634 38.98444116134867
52.99203877255913 51.615522382151795 38.98395855878039
53.13760211998313 51.57580373315371 38.98691739265323
53.172911386578946 51.57066163528984 39.0263199537969
53.17827510526648 51.572370244958364 39.028084804918365
53.21876033974972 51.58175450891719 39.04100599627822
53.219767621335855 51.581670739629416 39.041439127892154
53.21940041627053 51.5816969314634 39.041291846485564
53.22120120840299 51.58160607055 39.04192231055869
53.221906807751935 51.581596893050914 39.04210479547776
53.24256373431987 51.57205732636829 39.027514146646254
53.32078109133433 51.72165895444829 39.03164049492841
53.37404098612454 51.79997739989574 39.01000560874313
52.103618172684655 51.69200832354034 38.99847870063141
52.11773247766734 51.691932762159304 38.99602798843464
52.10346803469443 51.69312296991811 38.99809591525297
52.18947933800681 51.611753847210245 39.00767537615555
52.19396865088778 51.61237334419633 39.00512219183237
52.197604997455 51.611830564865144 39.00424054831324
52.331084278036606 51.6711724601998 38.9765463772297
52.33765992030564 51.67922342985718 38.97191489093423
52.385942495605775 51.71965332089309 38.93736537107239
52.393612849632305 51.75465132646012 38.95901627096182
52.44838819867206 51.654617727183584 38.98756948668894
52.44869345969095 51.65154839733484 38.98754719894738
52.448565516438634 51.65283458861073 38.98755991981319
52.45763754750166 51.6585278232028 39.00413769523083
52.532728264151785 51.653760816157686 39.021583291412945
52.68931338587858 51.8079935912898 39.0472227017524
52.689489008146055 51.807515335449565 39.046460000022684
52.69967292489348 51.752700448350254 38.97196981077714
52.80244842748421 51.65838242044316 39.035850731446324
52.811307991692786 51.643101285985395 39.0303368440896
53.21979570689952 51.58167133247555 39.041444050976494
53.220952033870844 51.581623821538464 39.04182242352252
53.2213704924074 51.58162198301244 39.0419218426935
53.31522031162113 51.73823895415856 39.057826498383974
53.3530747831297 51.80072911437175 39.03709171217763
53.3528290643486 51.800935051975586 39.037749336779584
53.35353798565546 51.80028708244691 39.03547873528562
53.412384776121215 51.79778673991255 39.041852826666
53.432534110625944 51.80048480384951 39.0200657568113
53.43520261605834 51.8006510417009 39.02213520837447
52.1243045242869 51.76793447557216 39.02161726593203
52.12429610958901 51.768052956318925 39.021657703746314
52.12441385709069 51.766599519818655 39.02185096242167
52.1914300720729 51.7875250563783 38.95335238950251
52.27278515329474 51.755908201472906 38.94064342658554
52.33414159790688 51.75991472057951 38.95020273256097
52.39311768091025 51.75409750498011 38.95873571658831
52.39445345343503 51.75618644406998 38.95976757229229
52.394419117627194 51.756142071472475 38.95974535853212
52.395055776661025 51.75704580270249 38.96019467897547
52.42440793004844 51.797633190723026 38.99227479557882
53.35294157801772 51.80089617448098 39.03783260408959
53.3931496768772 51.80551812496254 39.06540578052225
53.42630962800406 51.805223932233595 39.04608276743136
53.439938199571905 51.8048369246612 39.04945486842613
53.43436313985492 51.80498613690038 39.0481696217198
53.443531847052896 51.80477221561647 39.049957651989104
53.442892793157014 51.80099131389705 39.02823013507093
53.50041026512119 51.80399283292112 38.98498081418994
53.57648053542588 51.80261487152298 38.9270845132579
52.09292917566966 51.84957388736938 39.00078870605553
52.1317081639667 51.86610590542487 39.00610779790067
52.131285344603214 51.865807143023225 39.00607670634576
52.17993564720942 51.850683376494004 38.98593015085093
52.23203003907345 51.87864195349698 39.00752443173948
52.29702529633751 51.82998317138637 38.98891511729676
52.394221677137324 51.7558991573366 38.959623281800205
52.29743103107566 51.82967208960547 38.98887813232929
53.44271625462693 51.804700553039005 39.05073708857644
53.45123943946899 51.80440205633502 39.05343028367079
53.446665284196484 51.80463366068004 39.051245966883734
53.478845275118864 51.84186544549892 39.021169669066914
53.4793357767659 51.83849913939583 39.024622277076396
53.53364812227234 51.84331568905816 38.97291427368073
53.57859852838668 51.802664561519016 38.92378557638888
53.607960159868945 51.80756754710835 38.9068475929969
53.72493229566295 51.84160643806881 38.82797302963042
52.13191648839996 51.866491188799245 39.006321516908535
52.178269943394824 51.863484375724255 38.996772546162525
52.23220415658944 51.88038011806659 39.00918538951721
52.296749560590605 51.83061246224153 38.989295876429864
53.47909152106736 51.841953880581 39.02129617589732
53.53259630866413 51.84419866052227 38.974884868498535
53.57647977464045 51.80265689650989 38.92764322606966
53.60477542543414 51.80742211515623 38.91161060250126
53.73147938756594 51.8772399329701 38.92733572022056
53.86732341756809 51.92743793228294 38.86371999684612
53.86720131763048 51.927353756117554 38.86367532812669
53.86761592696804 51.92763992392702 38.86382718100139
53.86747264392454 51.9275399182943 38.863774127790194
53.86836290610137 51.92814681206062 38.864096267458386
53.86868984655533 51.928368469965434 38.864213939254206
53.86994442378743 51.929213997653605 38.86466287057499
53.8699270447413 51.929202132925724 38.86465657299141
53.86996079240882 51.92922475743862 38.86466858698764
53.870942514750936 51.92987990256686 38.86501651919897
53.87160722474992 51.93032051741369 38.86525055835328
53.8332449885647 52.00901715242506 38.92998130317336
53.83831717167716 52.07281199655807 38.9331889800891
53.82201203465273 52.1289149425088 38.92708369343336
53.78535686338893 52.25278660217673 39.05634994946637
53.79053428994787 52.259513339217804 39.055824715677815
53.811499304106036 52.318607300125244 39.04871121135538
53.81541215568618 52.31890455954874 39.04669640152921
53.83384023485582 52.335910344578735 39.054432840727955
53.84874197071072 52.3650065631263 39.036124432031556
53.844718932849574 52.372745232824585 39.03922860852834
53.881373577783826 52.43121598924617 39.03410643885698
53.8812107392764 52.45531243553829 39.029710329479364
53.86488965709286 52.494052005584074 39.037809777722295
53.8753105193359 52.532110834547204 39.02355331062584
53.86628340195199 52.565112721690056 39.01725079562583
53.86628805815803 52.56510863594429 39.0172588258948
53.8657329214009 52.56592396274035 39.016199540631945
53.86565235693177 52.566043843763 39.01604532828739
53.9317437424586 52.74416881563933 39.02136235077986
53.931792881878486 52.74389879823293 39.02117301249161
53.931721115256266 52.744297163434084 39.021451490548294
53.92626789814702 52.75296030390768 39.03060409786396
53.92624556844403 52.75301768059043 39.03064757664734
53.9262293691823 52.753148251460786 39.03072004416328
53.93282284642889 52.75217422148371 39.02083240696246
53.92714247552549 52.760215413371625 39.03012267185574
53.947789099239536 52.833900816499884 39.07553841752104
53.948216664717776 52.8357061708178 39.0767353144994
53.949136109168265 52.83960963329297 39.07903986412724
53.94841086501215 52.83655015199726 39.07697418684452
53.94996213933379 52.843121256310994 39.08104996927989
53.94163944589479 52.84993748897847 39.08452419674735
53.942221421791075 52.85053416298665 39.08493632450907
53.949389793690735 52.87653440495106 39.11975055876431
53.97694249182372 52.90665509191723 39.04009942278982
53.97329414903695 52.8995500302285 39.04888654263452
53.97743098603446 52.90759682135473 39.03896716201464
54.0175269403754 52.957045332243865 38.962695133113044
53.97799046172939 52.908685204440545 39.03762510683723
54.08150352747286 53.03825203308432 38.92134705871619
54.08085089666561 53.037636764397945 38.921323748103376
54.08465559750254 53.04525379063065 38.9271682197873
54.17134510643426 53.14755602164672 38.927936155523206
54.127974695146776 53.10258398453043 38.937867182882734
54.17395147268601 53.18203850711715 38.98449340775678
54.17143991644795 53.14767441106495 38.92877416605514
54.174007638153725 53.183112849148344 38.98578510151033
54.17418200830826 53.18687575711242 38.99031808998448
54.174018590705096 53.18260122045918 38.98515511933866
54.17422372847594 53.187839562904806 38.99148029739285
54.17450180589541 53.1946091374969 38.99964929374816
54.17453294038718 53.195405183830495 39.00061051688018
54.174568135573196 53.19630169566146 39.00169300002418
54.78470303321596 53.50272846753637 38.94434816506531
54.79331482580774 53.50496296643534 38.950128256415084
54.8043967137786 53.50811806401316 38.95763940241951
54.79599154090255 53.505727590942485 38.95194316120504
54.83927436666497 53.48862104026915 38.97669543788899
54.80413984026543 53.508187442160704 38.95750257966321
54.8278502896822 53.545774512098475 38.96304262365062
54.867179978314304 53.541116106398334 38.96177315985766
54.85304472698409 53.54816735161641 38.96170246658749
54.870367278817845 53.54408300578371 38.95960160836333
54.967448635766964 53.56072398185378 38.97027561336076
54.99086956106809 53.563458748647065 38.967966409638024
55.017446381799445 53.56353294093199 38.9695436790276
55.048193365275225 53.56073027816451 38.975371256722326
55.107354344615075 53.53317463088773 38.97526643994317
55.16331580063981 53.56751389371883 38.97888956045551
55.18057214556345 53.61105433938948 38.979834392634345
55.187551783366786 53.63445344646375 38.97027267174214
55.26880087139049 53.59962392036892 39.01122685913777
55.37235977309955 53.52814410345516 39.01013632736
55.40335333937868 53.526605946285805 39.01220577337324
55.429328886706195 53.52578993420782 39.015803798658276
55.4913914280268 53.545238252905165 38.99647522154141
55.48996748374382 53.540809146186696 39.008589685143164
55.504633638482574 53.522547220263036 38.997835087620466
54.85331377405553 53.54877656684965 38.961371113271326
54.870868699591234 53.54586306354899 38.955530083708425
54.97440413981691 53.562923948583546 38.967666644532486
54.993719571230585 53.56496851181614 38.96605437736096
55.032382441234176 53.611088522440326 38.99815841983105
54.99695659178571 53.5651228969888 38.96604506543768
55.05243347407993 53.607084582231735 38.99893607658536
55.146839601180254 53.657978996591474 38.9922775062269
55.18799466768703 53.63622705085207 38.97069338911154
55.19004529891231 53.64318184577773 38.96816903091
55.19355175069967 53.655030826938116 38.96369856482045
55.27317918389634 53.609518264897524 39.00994426855087
55.262157928418794 53.61014555832147 39.00848509613923
55.29621416072875 53.60587873062211 39.01342149613361
55.40080135723965 53.526796568327846 39.01228736854871
55.42450081930202 53.52595570945492 39.01519058936821
55.49184840501108 53.54826263130508 38.989851776784846
55.49137998003182 53.5449460809152 38.99701046786842
55.4925646965603 53.544936452759906 38.99323651764906
55.51231783935281 53.520044344098466 38.97960463677971
55.529368547629026 53.51954516753301 38.96941637021276
55.56752470114008 53.51917022581805 38.97015629688762
55.580735657175865 53.51903342767859 38.96210429475503
55.58549438976929 53.5190414534669 38.95935060139962
55.031818557885714 53.613664166910254 38.997830009883856
55.04907353854148 53.6120241073123 38.998274514292476
55.14539482740738 53.66990828098187 38.99060810637811
55.19089998941244 53.64612668677883 38.96728096609204
55.19203716934521 53.64999696292153 38.96592905329556
55.194058498976396 53.65677948924132 38.963181484393196
55.592020068171195 53.51909401030077 38.955680840423895
55.59041402148425 53.5191039653502 38.95664262371436
55.713729840531784 53.67822606743535 38.852744794897575
55.62375887219346 53.681044825043344 38.913008459356895
55.62018524828116 53.800086468341554 38.859366506928566
55.59342177938646 53.8201858681918 38.876537074869624
55.59313864840909 53.820907828122884 38.87670266390166
55.592903378686984 53.8212139254704 38.876763087702926
55.57472745095883 53.844483459230425 38.8878073107284
55.493305721600535 53.85381068922049 38.91985096289201
55.43163368154394 53.854384661527064 38.94864818869698
55.57431168705448 53.84459777757323 38.887853113624494
55.40623164239568 53.86856189667293 38.9564539372514
55.42907380309223 53.854805908479335 38.950532408459445
55.406344423513545 53.86869997177082 38.956212587276696
55.39078197950885 53.88458056262715 38.96293719742308
55.39039787286577 53.88579438403305 38.96247687953363
55.40624487013158 53.86868248047195 38.95634572547555
55.343477638391136 53.89413334417045 38.9734793532119
55.389888676599526 53.887570173969706 38.96174072410103
55.3430686694515 53.89365192881779 38.9738691326392
55.30928936023682 53.93828090749601 38.95597310484384
55.30891172766027 53.9388846512703 38.95572164657959
55.342497863610916 53.893647732138476 38.97400786152009
55.278075831588566 54.098397539984134 38.95376418409876
55.26510165579445 54.146837252167145 38.96968523564084
55.26408141236517 54.14722941846925 38.97014094895409
55.23413357706983 54.14458417028358 38.96614647358542
55.163715531336564 54.15870811569776 39.09649082120603
55.15973467755597 54.15917117893369 39.10220522403578
55.12724565422009 54.18649622756067 39.13594666269866
55.12760035650258 54.188360406863836 39.13447562716781
55.130252029186835 54.20833512192102 39.127805549994086
55.120477066563836 54.21095393589721 39.12573103072404
55.098675455273074 54.23943426482006 39.10198562010035
55.09547845167633 54.239916997146395 39.10270465771268
55.070386302980005 54.28295147730462 39.106249854586366
55.041750458880536 54.336467682756464 39.14004836356242
55.04180341183642 54.33652998124312 39.13996464095495
55.02027266527255 54.387975661192925 39.11201411364104
55.00785296028947 54.40212514814211 39.10543528893353
55.0069432907778 54.40363536014382 39.1044078667764
54.98109927051911 54.426547217743 39.106967272799274
54.96045580509039 54.4390683539027 39.117359030531844
54.96189773786348 54.44026525372088 39.11860454299424
54.96083631825921 54.44125199069589 39.11998247994232
54.94622732853912 54.54304714011482 39.152069692685686
54.937643512762975 54.583842255002395 39.129840400220644
54.943105669201856 54.63790987891649 39.09652562203232
54.943098703813135 54.63794611613409 39.09650489580672
54.94270688876236 54.64000793312378 39.09531489417765
54.9424420535932 54.64139627965902 39.094515982778816
54.9188448674884 54.69555285675373 39.01778646706678
54.916669784700375 54.653618306919114 39.061815121963235
54.91063541283953 54.76202998372947 38.99166398393969
54.93926342632089 54.75646806301499 39.01521679944352
54.92040082911889 54.83555044467113 39.02063233481082
54.92049171792121 54.836137095543066 39.02174210948053
54.883349549844745 54.880542187907864 39.050946309117464
54.88329660000758 54.88226674712661 39.05383040518976
54.871113019896704 54.907089676291605 39.08615339944408
54.85958822321735 54.914703220412555 39.09215472324134
54.85960630557591 54.94876975173422 39.105990412641845
54.88809264433653 54.96635269729233 39.11205469859512
54.878953934578966 55.058058771748065 39.097010907487025
54.880309044914156 55.113965555115335 39.06268428695802
54.878784969817765 55.05978807883365 39.09669113078661
54.87786429964224 55.1121494469498 39.06922088332921
54.88534342149849 55.11833534034667 39.047165536430185
54.88189918144182 55.11407968015028 39.061919263833246
54.88329194635864 55.13081599194466 39.06959395425558
54.95715060635544 55.202753849648644 39.11475573875675
54.95323301870553 55.2423011845207 39.093060182655215
54.9504484513589 55.22100717300665 39.12104072702304
54.95226017988236 55.230538469954894 39.11563981604871
54.96433263612077 55.291891295218704 39.08031386868656
54.97791812462529 55.30491763726836 39.065903197518914
54.97835233293222 55.30501081234114 39.06631349681189
54.97938886198911 55.30474440739583 39.06719583174082
54.987627302418105 55.3641965990937 39.06913621061796
54.98751717570237 55.37465959999852 39.06802629425026
54.985789186237895 55.46308138581648 39.05729738034575
54.987508802506056 55.53562891863846 39.06525175005839
54.98760326070411 55.537989759332596 39.065730712860905
54.9879661623259 55.54759867102852 39.06809410884635
54.98826576319054 55.55772808250322 39.07217873658729
54.98826933707592 55.55789888473633 39.07227599620254
55.04557010483836 55.61686296935574 39.05815743098666
55.151467957254745 55.671228825847564 39.00244654645454
55.151283215587426 55.67152041813105 39.00239177083661
55.151194245076525 55.671692005930986 39.00247392311789
55.13254773247913 55.700063444477536 39.016642429547325
55.131074390457805 55.70227083757372 39.016909775427656
55.130541518969366 55.70286441788021 39.0177636344059
55.12998243152589 55.703638332784166 39.01810069463417
55.12845009551936 55.70574500058268 39.01907797985788
55.12022929221586 55.82374060975383 39.05328339146558
55.12096862239325 55.82729257866345 39.05390604150892
55.13773560790002 55.880180754148206 39.0572706536171
55.140741066888445 55.88645496440583 39.05658571304709
55.14406107480034 55.89340001680847 39.05586364759826
55.14464914205917 55.89463091577134 39.05573753691607
55.14512885153182 55.895635578840285 39.055636053441276
55.15655427871598 56.00488521317305 39.01199277778629
55.18570005633068 56.05468964203655 38.99716129646474
55.18603701548945 56.05669671797649 38.99632736605692
55.18774883049305 56.06714516854477 38.992268995332694
55.21913809056767 56.16127679617745 38.96925219941393
55.22276471160891 56.1684953515695 38.96984338753163
55.22061940851131 56.1642084477508 38.96948780900705
55.22250712539774 56.167767393258856 38.96972632262152
55.3025449356293 56.28167120313284 38.954244012839055
55.303213981755675 56.28239987122686 38.95391170150132
55.30461946939073 56.28393060884187 38.95321360175676
55.30680103756102 56.28630658719365 38.95213002970704
55.30661624515615 56.286105327573914 38.95222180466441
55.30672131285394 56.28621975846384 38.95216961629184
55.34660303582781 56.349265763622185 38.95214335249586
55.34761460610031 56.3513091958847 38.952590993161344
55.36263983664425 56.40151994821605 38.96148605555291
55.37716655879975 56.44948717396716 38.960307081138154
55.37704436069106 56.44967262405275 38.960185950705764
55.37701950239919 56.449772912442285 38.960089103742256
55.376914943415215 56.450085684602634 38.95980761655695
55.37680838338581 56.450393249963085 38.95953366002776
55.37684154777068 56.450278904083326 38.959640416322785
55.37678703710222 56.450421421084634 38.959517375748916
55.376661344907234 56.45072863597724 38.9592583692603
55.37665866042668 56.45072651814133 38.95926285444168
55.376646342455025 56.450752989127295 38.95924166841344
55.37652269735416 56.45102099130995 38.95902636217673
55.376413894538416 56.451237110205106 38.95885965193179
55.36616462915839 56.472173291653775 38.95489954328889
55.312324459008465 56.57616157175511 38.94001703411071
55.312298268071544 56.576190317983816 38.94002383431336
55.27238017434429 56.59529229482408 38.96070914027264
55.272173714910885 56.595379544916526 38.960832643237495
55.27200473016387 56.595472176599095 38.960929085729475
55.312271129910144 56.57621737098571 38.94003213348578
55.26880908415556 56.597230045884096 38.9627515553356
55.27430045635323 56.656400252706376 38.948875638190856
55.27351202971077 56.65762495318303 38.94920025671299
55.2683684675376 56.65453680982734 38.9535147163923
55.18885240493993 56.71128508329616 38.95274973383667
55.187273758287816 56.70872006066729 38.954378639290326
55.114360047291434 56.75418128191561 38.95697525288635
55.268386200313344 56.65469696128304 38.95347522577171
55.042843299663005 56.836674460845266 38.93776613950028
55.042743073208456 56.83643509760975 38.93783408808091
55.04269444387627 56.83648798593835 38.9378329382551
55.108467224978156 56.76164457630547 38.95488472669182
55.057556316832915 56.88988914148567 38.922028885680795
55.04186916432416 56.837498986021274 38.93779052639596
55.04092888446732 56.83848004927278 38.93777668412697
54.95702361441835 56.86066900422004 38.941544792919146
54.95695328752091 56.86055139559369 38.94159001215924
54.95674224214531 56.86052791311255 38.941608413370545
54.96098357051215 56.86234348687387 38.94076021412503
54.95963741538594 56.86079440668621 38.941375792816615
55.040814789185546 56.83861566875359 38.93777165870342
53.70524068025561 56.980740765949214 38.99826104633346
53.74265937334371 56.99799169296934 39.01715016621996
53.7423562367818 56.99793166776096 39.017089125888766
53.74429002997626 56.99891162631832 39.017640248922994
54.863215836568955 56.88918978793305 38.9537589772803
54.863565539438625 56.88848733214093 38.95382626472947
54.85739167349075 56.891059907189685 38.954857353190164
54.91922904233334 56.89108606015324 38.92527768011415
54.95473811060373 56.860195980957 38.941821941344315
54.958740456173075 56.86421038949789 38.94020223749794
53.750617005129016 57.00263557962958 39.019583655963594
53.823296286961416 57.014496261033074 39.02113338329665
53.82306330437222 57.01273272029579 39.020090886865084
53.90753792624252 57.02120820222071 39.02929175850633
53.908471522891475 57.02111597975987 39.02960755196196
53.97672218002535 57.016557549616195 39.02841115897584
53.976919466145304 57.01656241696266 39.02849585806593
53.97837594284695 57.016486546786474 39.02947134637189
54.70968987819717 56.93190278493667 38.94774861305125
54.7095942481452 56.93179723599452 38.94775689249318
54.70954090705556 56.9317457736494 38.94789123901343
54.72687548556525 56.96643276760313 38.94741405097016
54.709547221721806 56.931683177889056 38.94667302059946
54.79396692994271 56.98525952263289 38.925232665169986
54.82993852938455 56.90974237855258 38.94465351686151
54.86024116194267 56.93576014405123 38.9290547534647
53.90397937606081 57.021589537250705 39.028518888691586
53.97436007890855 57.01660794479349 39.02705667670464
53.98400940100305 57.01618707374253 39.03326325279807
53.98389124453239 57.01614703811458 39.03332879490439
54.00891263946756 57.02568236730163 39.042466969163456
54.0075999155166 57.02417483281291 39.04286552743954
54.013606378386896 57.0307874701154 39.04059877797067
54.01242817143006 57.02929892935599 39.04074598642448
54.05133777303473 57.02462324106103 39.02917556806618
54.05152615463475 57.02447415470094 39.02910461995724
54.05307685960795 57.02373401553296 39.02875668521797
54.62690208119163 56.962441974192856 38.95727098749899
54.62715861308784 56.962383321342145 38.957431539145404
54.582259070187554 56.972380905000875 38.93867618047993
54.65611139101115 56.965034420165395 38.941535405683226
54.677478219388895 56.93892066000555 38.95258676051508
54.726235635348964 56.96538325190663 38.94783333625768
54.68102467164935 56.93851903088526 38.95447611147435
54.74176627453431 56.982834272981265 38.93018756595366
54.74346397156218 56.986149170360044 38.92776543847658
54.01169506186236 57.02849309580151 39.041024611381786
54.01496846649678 57.032691625198744 39.04071339397751
54.01740373766687 57.03585152461652 39.04053837959341
54.04732192957895 57.02765083887158 39.03061503424742
54.05494486965951 57.023032696948086 39.028429776489794
54.05812310656579 57.02121434822068 39.027570583712766
54.05753014510596 57.02142555323363 39.02766882187169
54.059310399037386 57.020463474849066 39.02721491491626
54.057509866335046 57.02122999187671 39.02757389451167
54.058414341164514 57.020744389545264 39.027344829277325
54.14069555923544 57.040747788592256 38.97827242539487
54.12114186604812 56.96440890018345 39.04370061001835
54.28671639482104 57.02447156299565 38.96718098180737
54.28659179203815 57.02333459810494 38.96908449764653
54.392268487747735 57.02092497666171 38.933715933749006
54.39384720897446 57.01992529455744 38.93536432138
54.398118408236364 57.01750764462572 38.94044772005985
54.458874867726735 56.98611474614705 38.970769726238004
54.46018073394816 56.986069627889684 38.9733893195743
54.46040559558571 56.98615604097846 38.974700164758985
54.462537477453125 56.98575726112697 38.9760087905982
54.46272573282615 56.985890019826094 38.97765773609093
54.466010643766495 56.984896945698644 38.976217847858976
54.46636116606085 56.98497907163839 38.97778126815191
54.517271809203045 56.980691453840834 38.97679763553714
54.51576334444871 56.98078207646009 38.977792185494934
54.524789807926744 56.979625924084445 38.972267244891775
54.52365693684908 56.97958001422789 38.97309330900046
54.58277419953133 56.97246124147263 38.93826582438386
54.529854359065666 56.978923514630694 38.96920462704517
54.62139378071143 56.96512973499219 38.95595869539524
54.6879747655123 57.01769181622919 38.93573631092177
54.73912763824036 57.04542896933502 38.92925438159198
54.02003414011742 57.03534429659769 39.02814606851747
54.04632428062268 57.027916667427675 39.03073692892197
54.05155470455421 57.02472434762424 39.02922608415679
54.08016316458644 57.0371938659416 38.99117021853944
54.08175425887187 57.03744161467492 38.988462441294075
54.20159404882014 57.0708634379432 38.915089459658915
54.287065614542975 57.02732893501114 38.962396048979485
54.38776095858412 57.023829336061986 38.92911836244903
54.392734234427806 57.020741197101884 38.93444379523982
54.440007447280266 57.02035340399502 38.93795706578274
54.46221960892738 56.985364396290706 38.97168450611981
54.479838233281846 57.0119088466206 38.95987467606593
54.482356396494424 57.011353794363515 38.95832527713617
54.52655857501253 56.97968797909495 38.9709841837883
54.08005089979298 57.039984957876 38.98669553522215
54.1403197510994 57.068423835528584 38.92344538114424
54.212972434820905 57.144931762850426 38.847560696121306
54.24250932803636 57.12223636169685 38.852855247114235
54.376052979139885 57.13918401759433 38.95671828669658
54.37996728038948 57.13602146124873 38.96063788667776
52.05342090075801 51.57888077805987 38.96775693932093
52.06124031083726 51.57912666203679 38.97546893456175
52.086446959795715 51.61227708887026 38.9772845854512
52.09481151714796 51.652005648717676 38.97764295225131
52.09631348004717 51.64981574262441 38.98026692245353
52.09671575298213 51.649066739418416 38.981190724232654
52.85478498966541 51.63357780951571 39.04104899761706
52.85477812459203 51.633456703691394 39.040976615757124
52.85493217076745 51.63618946934311 39.042610372853154
52.88207932441799 51.645594112250386 39.03970177354433
52.93055143398474 51.702875867754656 39.022418291692325
53.01700063450496 51.69443892491619 39.02128316637458
53.05767065116025 51.68680105692964 38.98831871092449
53.174418340298686 51.571134228239075 39.02682919182263
53.178717684665955 51.5725004744598 39.02824977759469
53.2188901620511 51.581748388704995 39.04105039689304
52.07515643736602 51.70196098123736 38.99642199631507
52.077057627756695 51.69839463008415 38.998282282524215
52.103483137842346 51.69310838711947 38.998116247247594
52.44859565812291 51.65253145526504 38.98755860963802
52.45771032129599 51.66446402970881 39.005341576893244
52.53908508944026 51.66056480484549 39.02449836496402
52.68927622018126 51.810541940031385 39.051764681794815
52.689502929322586 51.81105542258062 39.052804444785515
52.68971976105613 51.811300769108435 39.053358968928386
52.69612416911128 51.84153730871918 39.07138483204984
52.80371301801274 51.743729705620304 39.08565724910499
52.85624559804873 51.65955267786527 39.05657970042091
52.85643282326168 51.66288325439788 39.058571124908354
52.89110704192194 51.74123524830972 39.09573663146488
52.91011589218662 51.807615666733774 39.08959623043919
52.93593019113855 51.78377142780802 39.07540433967158
52.99680786525389 51.784300184649254 39.03307139989941
53.036049620788624 51.81487678729223 39.05098177739761
53.09105746562843 51.73711974468857 39.01317114617102
53.17317801075228 51.66135912484999 39.03087521017338
53.21218762381409 51.65845784111002 39.04255764217588
53.21996127319526 51.58169141372832 39.041432556405844
53.22554093658505 51.656240939239865 39.050060636200335
53.31179159717843 51.731187401660534 39.057304669558874
53.35262291121178 51.80108781189021 39.03816223057633
52.07322543774896 51.706635915661565 38.995166902841106
52.09786901220262 51.74786276250292 39.01586314716146
52.090024607154945 51.849240940977545 39.000633786527175
52.088102480629814 51.849051056099185 39.000557496567595
52.394586111016906 51.75640409731488 38.95987476153509
52.422605470628824 51.80244009411927 38.99460793624489
52.455272709865895 51.844458662712455 39.02572832771183
52.455975064782294 51.84525204509154 39.02668954603796
52.456428573374 51.84574830696455 39.027256077806165
52.61855508908407 51.851524616447406 39.091100709336295
52.694770344150015 51.84249364988975 39.07651712771967
52.69495005012132 51.84220582174296 39.077421519585876
52.695321517790404 51.841812582802916 39.07730278632126
52.73689982002777 51.834805421789696 39.12119372811628
52.75052310258952 51.83222539804515 39.12401660563683
52.83960601999093 51.81657145677143 39.12455990654487
52.901088517105634 51.807950330856194 39.09746480645076
52.90548642907255 51.80794901132982 39.097885185934494
52.91239858505464 51.807893818103715 39.0971486879491
52.952598855218376 51.81020820895074 39.101950424523686
52.915365314483026 51.80786107345719 39.096594392799375
52.962017403053196 51.81053099917817 39.09447963827439
53.03396498663768 51.814716478652976 39.05261451292159
53.041518741934695 51.81536107697649 39.0470444648202
53.12815554159025 51.81818710303597 39.027921142078455
53.13751348255482 51.81819033880858 39.03029333118815
53.13684118295289 51.81819248870732 39.030120543477466
53.221091220265166 51.817043177317345 39.04374041598833
53.29752663716441 51.81121052650046 39.058043514376514
53.30805693325438 51.81033022002552 39.05892561727902
53.3516860150481 51.802149368341574 39.042586347551534
53.35222256098923 51.80184517527216 39.04215946032694
53.392153493689776 51.805496282759115 39.0654051129919
53.42731794009657 51.80514775025358 39.046824297381534
52.09070432507001 51.84987455398911 39.00114878555315
52.08831245848083 51.84941357521785 39.000860277422724
52.13074683918834 51.8655337373473 39.00612635717306
52.42104764923235 51.800275350528 38.993063299216146
52.45472699191002 51.84385126864768 39.0250120498557
52.45549398181205 51.84477173775595 39.02624438631942
52.45651932132739 51.84596131292753 39.027753522535136
52.457283619822675 51.846797233970044 39.02870684794205
52.45752258359537 51.84701812689909 39.028868227303334
52.6189077633043 51.85172703102617 39.091619012668794
52.67602726210499 51.86312698475024 39.0944586818313
52.69093285794074 51.85697805292638 39.09601118358961
52.69441567886418 51.841962486650786 39.08556596244218
52.72899685635098 51.8359291294542 39.1188816395096
52.74860374382037 51.83244247301222 39.123354104159205
52.83997336158415 51.81614150032227 39.126506838354935
52.77152745137089 51.82818426025742 39.12825450574884
52.89629386501366 51.808305775883916 39.10631797883897
52.904096999272596 51.80813081705939 39.10252346853385
52.912875198530486 51.80793892110281 39.09838435658108
53.13754704006538 51.81819031522449 39.03030187274722
53.22118051858988 51.81704160277128 39.043828030420904
53.296719117977474 51.81128006204095 39.05797302218356
53.308295090985496 51.81031887221276 39.058933550233554
53.319929423315 51.8092581399039 39.06003183739621
53.35156121079041 51.80276782127292 39.04648440394209
53.35130085886571 51.802910335567205 39.046656231788106
53.390624450966556 51.805466185515236 39.06539983068013
53.415955250824794 51.804791340281874 39.06694465167229
53.45470560336194 51.80413740178637 39.05600804599738
53.45721204500142 51.804118990701426 39.056082205693905
53.447466089001786 51.80459136894614 39.051646429879256
52.0916452088299 51.85073551182522 39.001847785118194
52.0913214650666 51.850658850947326 39.00179644409214
52.13122406213935 51.866912054377174 39.00702903606898
52.132617148259925 51.86769899270683 39.006966967784315
52.176492461497645 51.86458413399846 38.99771246267019
52.232798066964335 51.8837506513042 39.012438499020675
52.23641601219777 51.88482542240451 39.013907827439326
52.386533912982486 51.8694585389888 39.03358514279627
52.45573377214973 51.84505416917099 39.02661161557141
52.45691667368622 51.84647835447047 39.02852766951431
52.45825460318393 51.848021628014294 39.030466617725175
52.458884380279386 51.84865177396944 39.03105404416295
52.52138611982437 51.85844241347786 39.06601152623411
52.61971830113072 51.852022917165776 39.092516961085316
52.540720589572175 51.858375782077296 39.07388974660174
52.675852796647675 51.86310601657428 39.09585985885736
52.6793851391384 51.85838691427063 39.09973800645198
52.69178652285831 51.85296677973642 39.098456591140746
52.72550576431901 51.83645227370144 39.11790866682541
52.74796261344208 51.83255450912777 39.123204286440036
53.376333181825636 51.80589946356978 39.064463015256294
53.390752153256706 51.80547445193147 39.065393127469854
53.414834353183934 51.80483653999586 39.06685724497805
53.45022749722845 51.804271730121435 39.054825894153886
53.431185824521904 51.80437632040171 39.0678849987366
53.45465004227741 51.80418927656956 39.055473818830194
53.44725337094625 51.80456302647565 39.05194959655353
53.48009397539748 51.84397323400835 39.020311964574226
53.531497475995494 51.84610034582093 38.97652007483823
53.53496181548065 51.848069719513845 38.96792021263528
53.652240047269444 51.83452616212499 38.92491779165598
53.73104992796166 51.877114442719204 38.92762113153439
52.09170695800751 51.85079647782456 39.00189750403961
52.132112779029235 51.86849087117293 39.007886757591635
52.13143968247471 51.86795298413032 39.0077853627826
52.13387979064839 51.86952716839236 39.00783980618807
52.18824687360606 51.90055271730773 39.032297560720366
52.23578415199192 51.89143175328326 39.02005771560319
52.269260446093426 51.9148304175054 39.020873816105734
52.387528036977756 51.88930281123505 39.05241425241993
52.40858155651925 51.88105869587608 39.050181227677086
52.45807954042209 51.8478099992215 39.0301801563238
52.45931384692968 51.8492054857456 39.03187347195216
52.45919165548409 51.84907101686569 39.031718266972774
52.45949577709804 51.84933424961812 39.03186321595146
52.52162403965575 51.85846049039516 39.06609774917436
53.44836729684076 51.804341903539054 39.054186090077366
53.44916181329272 51.80440544366708 39.0534916840275
53.48085570284703 51.840844152796414 39.023777586286464
53.48040796215395 51.8478956450317 39.017031252673945
53.53810800887756 51.933703786141265 39.05395764892924
53.48384348902427 51.894089445644376 39.02402161072157
53.541745187090356 51.94354745283373 39.05487109342997
53.607976620801935 51.88204719093306 38.966071636367175
53.72977329436682 51.876757676824326 38.92849718683958
53.86802977019558 51.927920010461904 38.86397587718067
53.868537647130395 51.92826500601542 38.86415901678513
52.11525233092868 51.90985630896169 39.03748154574362
52.18163761353034 51.89805915460553 39.030249204665544
52.115118429867245 51.91101807634572 39.03807484863281
52.19646911665435 51.903646204012844 39.03519702955278
52.248463325858275 51.933305237528735 39.037838422123855
52.27593583823484 51.95555416795484 39.03782008586304
52.27605195242428 51.95826666369772 39.034624634350855
52.399807226807766 51.88459312330829 39.05112083070236
52.45831236998072 51.848048369705865 39.0304155849904
52.40271333907721 51.88346710195568 39.050813682506906
53.53846999764326 51.93462561959038 39.05412896310856
53.54258131206808 51.94557552966125 39.055407418060625
53.54537798614664 51.95273752943816 39.05667531379603
53.729373549872015 51.87664226126489 38.92876521290364
53.86834283661642 51.92813186123176 38.86408834781722
53.869150344965 51.92867687991455 38.86437771414575
53.869073341679986 51.928624908794646 38.864350121143204
52.18594039171431 51.899678007024164 39.03176647019508
52.24315615144608 51.93244930005538 39.03375569093404
52.193166066321616 51.90239904564827 39.03421295166897
52.27593949831035 51.95565277264335 39.03772977642626
52.27593781691474 51.955614185840254 39.0377765980055
52.27605982441088 51.95845967198541 39.034415242632505
52.27602158176421 51.957570147198275 39.03547073371598
52.39896537694802 51.88493116495943 39.05121088352402
53.8691924272617 51.92870490649457 38.864392599147784
53.870343490456264 51.92947581922863 38.86480197669316
53.87018999828877 51.92937224037247 38.86474698340942
52.244148295593725 51.93331840065227 39.0335436696379
52.27603106181452 51.95780134853437 39.03521758721348
52.275993323200666 51.956916570722655 39.03625362129504
53.83373930660417 52.00720971296406 38.92852744014853
53.831884033786004 52.0098860681628 38.93082781879775
53.828015129177096 52.01493819953285 38.935218402266656
53.83366921232004 52.0756351923624 38.937859998379224
53.78209207003149 52.24934474759657 39.05717318841769
53.784799991932815 52.253350693235205 39.057198468201896
53.78881554148475 52.259110556384414 39.05712491910505
53.80848966465149 52.31805246492539 39.05079189869457
53.82539764782335 52.3351484417398 39.061100356665705
53.82709934216031 52.33743629936678 39.06020576083451
53.84590156860043 52.37038066983246 39.0387152923462
53.84356730980864 52.37479064614489 39.040873397556105
53.844119013701615 52.440398794450914 39.05490868666646
53.84596723497351 52.44460331803248 39.05305567307595
53.86087573379177 52.4944099583271 39.04017869122113
53.85981205814171 52.527011385195 39.04277278287868
53.83715061174611 52.55229086757405 39.0523393501245
53.865664382723 52.56602555386516 39.016068470155965
53.83152413493261 52.56570987552965 39.05958047586803
53.87963426793422 52.67824391330202 39.06300958837902
53.87904678510546 52.678637924783644 39.063843786646665
53.893388220758695 52.74473741649436 39.0665062180788
53.894756759886846 52.745221802863924 39.06500004959571
53.9260556421512 52.7534513849223 39.03099239604259
53.934233690765225 52.793665985662656 39.05688973854864
53.934546461533486 52.794760286937176 39.05762901214207
53.94308678450173 52.830505839113336 39.07636125170395
53.94666940417516 52.840566030729875 39.081994094652494
53.94450853615216 52.85279725371646 39.086915101153785
53.94493483652215 52.85313828329811 39.08763871994592
53.950435236738734 52.873765005114706 39.11508620077261
53.94949901461686 52.87613382568165 39.11948282576585
53.948181183035146 52.87941915428695 39.12576832043513
53.9478787898377 52.88013067399271 39.127294171903706
53.947433523407355 52.88121924790015 39.12946027019605
53.97742354865397 52.907580679133574 39.03899272344002
53.9468844146865 52.88255847946348 39.13213787352511
53.977558979023925 52.907835407873186 39.03870813689235
53.94639031810593 52.883760937486 39.134552360860006
53.97756679329625 52.907849971998544 39.038692332678536
54.125051513947156 53.09965585846864 38.93756613511685
54.123324260042764 53.09792427387175 38.93738610696516
54.17414546871326 53.18696590642598 38.99044272155347
54.174084607861815 53.185099462503146 38.98818421737815
54.17421425956901 53.18847505141013 38.99226116319347
54.174425814866865 53.19334866633967 38.99813778989331
54.17425576004332 53.188686593104975 38.9925035153197
54.174452961414914 53.193993070423346 38.998915140449895
54.174793900225104 53.20223585609768 39.00886096981853
54.17482704834733 53.20313237859246 39.00994427207636
54.1749156723232 53.205346137003644 39.01261657393219
54.17508856576926 53.20966654150528 39.01783190494326
54.1751987198043 53.2125019118322 39.02125589648025
54.166367782490774 53.26356013916935 39.08577895097966
54.21501971369855 53.29569479190772 39.0887284774101
54.507692444647404 53.56028272036163 39.09319876642464
54.50734188836526 53.56366265226664 39.09494311160327
54.50699373121632 53.56700320515162 39.09667520694259
54.506401603964605 53.57269828045436 39.09962132486735
54.600914966721106 53.51374562786176 39.02737279349752
54.78197912186643 53.50245396618808 38.94263300736502
54.59347567707539 53.621024157046406 39.0829544654009
54.78653584422582 53.503401866173895 38.9456300739249
54.79357666108667 53.50509204521205 38.950319990793595
54.78274972877831 53.50269749598165 38.94316162696309
54.78806708493396 53.50400231952885 38.94671096116492
54.79431111015762 53.50566191095143 38.950912168743315
54.7925790976018 53.505208329159714 38.94974857808126
54.81888971461248 53.550379408612685 38.954378838960494
54.82536628255859 53.54804603530223 38.96038072921995
54.79425767007655 53.50567670094671 38.95088379734832
54.817229533481516 53.55320280326709 38.952258482122794
54.81980322855367 53.55357287674195 38.95430432877401
54.85133818809617 53.5551954949899 38.952176198754415
54.820227677759355 53.55378664880421 38.95460178830507
54.871485923176 53.54792798148271 38.95087678278544
54.97704925117467 53.56369628004839 38.96676357709441
54.99382631717448 53.56502511004639 38.965982692757684
55.27366328208196 53.61082323259129 39.009763722558134
55.29571245116256 53.60855313899458 39.0128693171419
55.39909348703354 53.52685965023494 39.012087946537605
55.419678358136224 53.52603747713334 39.014247934787754
55.47933956416677 53.585399732940715 39.00938107943859
55.492347979841185 53.54984672463472 38.98555002956736
55.49307675855886 53.54973893229398 38.983402333228405
55.500022283036266 53.556574839825906 38.9781789250183
55.5126691343893 53.57417730481726 38.977097707148076
55.56828332837197 53.519345766595166 38.97016352072407
55.58050182689154 53.51909217473934 38.96239104021224
54.85101648207087 53.55671884847281 38.95016851094807
54.94741630681186 53.696085608404694 38.99491247647566
54.95452953301597 53.711762413542814 38.99376284410389
55.016558766888345 53.624858375282884 38.9962242314356
55.00821862677921 53.622785565856276 38.99636601339177
55.02941349597065 53.62562307087289 38.996308147368424
55.13812640318442 53.69422628919028 38.9873093385586
55.14307926216641 53.68802187964015 38.98807620462474
55.14753959610427 53.685190602366944 38.98837305714419
55.206998532225505 53.70261920629161 38.99892447901032
55.20946371729637 53.7109472262053 38.99858541545116
55.21185092623718 53.71895184341123 38.99837185119584
55.29342176147606 53.617653075716234 39.01091930902494
55.28481573496188 53.62096128646818 39.009262474007315
55.312637612570576 53.610131412578525 39.01464353000635
55.47468255847727 53.60603567156143 39.003547332398924
55.47670755992172 53.59732947864093 39.005845927498115
55.47811485249511 53.59208670676297 39.00672290781781
55.47898549386792 53.59060751906539 39.00569167607402
55.51235112766166 53.5774756512707 38.97740678473511
55.51468321233569 53.583340411202265 38.971502945605906
55.513998408814516 53.58184191923331 38.97320950550014
55.540731116262414 53.60050257639095 38.97215240205557
55.580772977386545 53.51921034623328 38.96253555380791
55.01714315400146 53.62750211325103 38.99590334408368
55.06269713263532 53.72933025636178 38.99349651084651
55.06714756759025 53.720887796767066 38.99406944187545
55.14159777000468 53.698755736055986 38.98657847439403
55.20882993987158 53.708789056815604 38.998705324073995
55.2098300856085 53.71217913655608 38.99854607499323
55.21125719570273 53.71698357341037 38.99838175071891
55.21243980937092 53.72092680080078 38.99831848573839
55.515201611786416 53.58555067973166 38.97008085809361
55.54609609163831 53.61183847359152 38.967260536007494
55.5445210083667 53.609057778063814 38.96894593713204
55.5504058700959 53.6196657159659 38.96274845006349
55.56026515061873 53.70641115921893 38.93119388287337
55.5591128892445 53.704143420464824 38.93262049151831
55.59324552596095 53.82005100382888 38.87648668807571
55.59263803421716 53.82093800985754 38.876668089177386
55.57525033161506 53.84409741299436 38.88774283266073
55.57422988805955 53.84456323711329 38.887860506775965
55.541561488037 53.845256268686285 38.913849168628104
55.494362781119804 53.853983143920075 38.91935314238497
55.4311812341981 53.85452100897828 38.948951211436864
55.430259966687274 53.854678213754106 38.94962660162203
55.428373857653 53.855022741073505 38.950998330608144
55.40653907680719 53.86897904547924 38.95576482889412
55.39048105241632 53.88589080869922 38.962305106517206
55.40636169184455 53.86897396161784 38.95598209093117
55.39048416973934 53.885938440053685 38.96226541130808
55.389834539204685 53.888176087365224 38.96134730583338
55.389663591139225 53.88881349159037 38.96106900855103
55.390432443464846 53.8861057854544 38.962200487071826
55.30898735734804 53.937959254479054 38.95623778242053
55.34045303017774 53.892862271828164 38.9749724704622
55.33886427531306 53.892795549308445 38.975392011168374
55.26522040297441 54.14680832861936 38.96961684752494
55.28306226467117 53.9990086913485 38.964566049845146
55.26527163144617 54.14679678134971 38.96958649023634
55.161021413050925 54.15879536479031 39.100397810868614
55.160918437463565 54.15880461826182 39.1005461072926
55.265107618551774 54.14686028512022 38.96965932816608
55.12307173465342 54.17173987940936 39.15827734010485
55.12307430639031 54.171723959360804 39.15825790443303
55.12326896355707 54.17251760600546 39.15773983215205
55.12327024633973 54.17249002709336 39.15772077350071
55.1303198628419 54.20865878701369 39.12746481590062
55.12329188537677 54.17260558455037 39.1576762149205
55.1286507117339 54.20144906958234 39.13612173486233
55.129417306491746 54.205283763650705 39.13233499081427
55.126117972065124 54.26191555774603 39.12662793208735
55.1204105897215 54.27882249882056 39.14318978438436
55.12040992206456 54.27894491665978 39.14318881630323
55.04184351134259 54.33653857890008 39.13994506160425
55.0398239908845 54.33301349537212 39.144443363355734
55.041668346056426 54.33563812536612 39.141010735955504
55.0326323445557 54.35476782595808 39.13576843921919
55.0065419825617 54.404117856739695 39.1041661666549
54.99626920098774 54.4150411723557 39.128360078691635
54.99803936558659 54.418618039559206 39.12506697511253
55.01097074252304 54.440422364777106 39.1307280703902
55.00562600203717 54.46911586876763 39.16522916094358
54.948579929622625 54.53920148803361 39.153436938606085
54.94708430224853 54.54156921975692 39.1525941538247
54.93587315304019 54.575404301994105 39.136437791820434
54.942991076394534 54.637603609231775 39.097114231469
54.93907722019902 54.611631000218836 39.12226587547994
54.93657733484065 54.639654481400804 39.110288306934386
54.93488663418612 54.64024724817846 39.11370735828203
54.93508290360323 54.64043138909413 39.11304988284221
54.939477486694216 54.640466936266684 39.102539112050344
54.941209198342094 54.640799574954585 39.09806906056974
54.93482131132563 54.758510854300084 39.11253679782726
54.92385350284389 54.84583669412564 39.099873429183766
54.883235469043576 54.88254127137112 39.05426486719524
54.88945740506679 54.8846654930622 39.118772982787654
54.87099772743931 54.907363223948295 39.08639485050371
54.87891306972479 54.91094108914442 39.103484249877276
54.86008779689766 54.91513786965001 39.09259739641267
54.85791691677412 54.93304005793491 39.12597866420039
54.864167582787985 54.95359210128815 39.10668528726667
54.89990763890301 54.9664093805422 39.12350204564294
54.8891664497118 54.9677357623204 39.1117605148602
54.900421573010405 54.96881425969068 39.120252511928065
54.878931960446124 55.05787143528231 39.09711665465802
54.891651771019 55.013439838973596 39.11635719082555
54.88115552733407 55.11578347556648 39.11210049520918
54.88187364144854 55.132688013829465 39.137669115045185
54.90352468712052 55.16335226770943 39.13834479124179
54.95594734353531 55.203312697745154 39.115416743408744
54.903887625521534 55.164021318901014 39.13816044248215
54.945294683871445 55.21742790572688 39.1243106644135
54.94804776211629 55.23708463857125 39.131138870121994
54.95569671509517 55.255139228445984 39.122624687370674
54.97901323386579 55.30494794734665 39.06689734000416
54.96265985898626 55.26674298792034 39.11801335056346
54.97834834300876 55.292684542338016 39.090385463032675
54.98082308900005 55.30444869906513 39.068431188894266
54.98772143746311 55.36309868673244 39.0693100572506
54.98044912399689 55.30442373197264 39.06808879868804
54.98785221416355 55.36212098508862 39.06949749146588
54.987479142229645 55.38559544711975 39.06691977032604
54.98764354120008 55.53990443921638 39.066816808287584
54.98602521838658 55.468201795149724 39.056792708897866
54.98781844158659 55.54596118151344 39.06934061916565
54.988058444716856 55.55348488330864 39.07203895795973
54.98826444725893 55.55788407277825 39.07235551813781
54.988172653386854 55.557617062082926 39.07385906894281
54.98824908030588 55.560771220662275 39.07545484915721
55.04683813879684 55.65165921428519 39.10100898264196
55.05076503027517 55.652864586308695 39.09842022707823
55.15103643014536 55.67193975834904 39.00242246624196
55.131092461077486 55.702051856235556 39.01761606975583
55.130529088684256 55.7028343592271 39.01794589034087
55.12981300512301 55.70382869406863 39.01836614274486
55.120346160323905 55.765448964237066 39.037101529995155
55.12026736207819 55.82397774783752 39.05337439857651
55.11975108143274 55.82151407719464 39.0529577457288
55.1202439744004 55.823892672368885 39.053384355784104
55.138445542362064 55.881703295979975 39.057207461334905
55.140509103489165 55.88600327283484 39.05671787901984
55.143444847454866 55.89212018654266 39.0560201830945
55.14162718313214 55.8883350728362 39.05645744735393
55.14256706650167 55.890295942674015 39.056240240574766
55.143590217676845 55.89243011376486 39.056002768584555
55.12460270340347 55.99417684887834 39.05792430132452
55.185593565438175 56.05418185649685 38.99751424393012
55.15060183637312 56.01637317555547 39.04224446135151
55.15084355192284 56.0202533834823 39.040522403640274
55.18697164694963 56.06291257343152 38.994472686503805
55.21967276502889 56.16216351947228 38.96927744589185
55.219297835491034 56.16131206368039 38.969179641625274
55.21989547000022 56.16252141715391 38.96928397014143
55.22220329116314 56.166971586113796 38.96961016085245
55.303107476307275 56.2822838767311 38.95396456035091
55.26288375171001 56.23416571466337 38.965206641011456
55.303583852059894 56.28280270692837 38.95372790352752
55.30494975417662 56.28429033147473 38.95304946359378
55.305314885560506 56.28468800177914 38.952868099569585
55.306313093232355 56.285775166012094 38.952372268664355
55.34701058148097 56.35008906897043 38.95232364956924
55.34653361748599 56.349125614738995 38.95211252949322
55.34729941051393 56.35067255541385 38.95245141760147
55.36236451553709 56.40119355142204 38.96139010002007
55.36226767515801 56.40097487517056 38.96134527607035
55.36233951528053 56.40115806034689 38.96138076293347
55.37686304409131 56.45008649423599 38.959846139479424
53.25277564823423 56.39653872343912 39.047584842732824
55.37685435302076 56.45019003165105 38.95973325131055
55.376826703230506 56.45020410890244 38.95973802554748
55.37679686746104 56.450295359729544 38.95965539332384
53.27534051311269 56.427129214161944 39.03705277277357
53.28437973750107 56.428420859784914 39.0369017210427
55.37671663299697 56.450507765774816 38.95947124861668
53.334273640004696 56.49107010950663 39.035966968106976
53.341789995255745 56.44131796931765 39.02444285082582
53.33517081855075 56.49060680495023 39.03641985962496
55.37662654902847 56.45071519602426 38.95930033488145
53.34045649182957 56.593884970628096 39.02306778320788
53.335387263900316 56.498241207838326 39.03673036988407
53.37869091945152 56.54115650670014 39.02459678219164
55.37659331824872 56.45078307854092 38.95924725385535
55.37651979504936 56.450934268220266 38.95912865847856
53.34055948176179 56.594043277128584 39.0235690504734
53.38367688561725 56.54746022089327 39.02340748781371
53.396674892262126 56.570498156297774 39.02019439941188
55.37643848257293 56.45108848246477 38.95901249428902
55.35277256069074 56.48070355440831 38.96432332654657
53.40987836466179 56.59467694054382 39.01413172721386
53.39867406351003 56.57011055847891 39.01983755714288
53.41881841604662 56.592794808400555 39.011673267402884
53.418868782289636 56.59275687690367 39.01168080116458
53.41928183338054 56.5926925086564 39.01154953744587
55.312240066987144 56.576060403346254 38.94012780115576
55.301262636294055 56.572710206241254 38.948204627606174
53.41762106506772 56.5935014473218 39.011646835814034
53.480374641383136 56.58816435824956 38.996981058416765
53.4803061099101 56.587987387251204 38.997099825590595
53.48145088966075 56.58819130358077 38.99690444996238
55.2695929170514 56.586090117815175 38.967083419003444
55.26839190341522 56.58700627437645 38.967648163804355
55.301258570878474 56.57271781811437 38.94820197370463
53.457882011897624 56.71314383787215 38.97250312806888
53.520718693155416 56.727759746233104 38.97548711540649
53.53210949571607 56.577393630932576 38.99795522136185
53.54383282075371 56.658249198902936 38.98720617827919
53.56809606455092 56.56897096350761 39.024909192525776
53.616803708822864 56.546937000014836 39.06290190340064
55.26624382205722 56.598570722750274 38.96422993071049
55.266398714797006 56.598469437238485 38.96414511495294
55.26609287092886 56.59863996044409 38.96431903723609
55.268858714333994 56.59710422923673 38.96274480995259
53.49214428735951 56.78277735869071 38.966129709894865
53.49472531073053 56.78405261571359 38.96627063559441
53.605674403452994 56.78695951572625 39.00267591436283
53.65399853758806 56.70650550097111 39.04167199041107
53.722453015973464 56.78445568590823 39.041910392895346
53.66976163467094 56.723029547499415 39.02408080629754
53.73112429428665 56.78303109364086 39.045654299636986
55.26812082559434 56.65404645040146 38.95376270528415
55.266856076559606 56.650005598042355 38.95529628673311
55.18753497742078 56.70488189263032 38.956359967401106
53.499256436718 56.79122304764028 38.96446201146867
53.60130693789419 56.787881494484324 39.00064314564494
53.718257875350616 56.78511307326314 39.04012342305425
53.81318389911458 56.778216639359115 39.0735287653728
53.81290611065725 56.77812892912976 39.0735168554497
53.811194641645955 56.777594174712185 39.07345688429112
53.810856731014624 56.77748756150458 39.07344258775394
53.81110540169375 56.777569123178814 39.07346049711762
55.11109785785773 56.756269547073515 38.95641019778585
55.09009800159585 56.73969699513083 38.96487515873462
55.08019399582274 56.74883983147159 38.96264731086165
55.186824398725264 56.705168490732696 38.95633216361598
53.55485529555047 56.83207356080105 38.96094615406449
53.652894499739304 56.822748052999074 38.999397862574995
53.75211274905451 56.80813231247001 39.039751360856066
53.81482191823416 56.778735216166986 39.073602280734555
53.817412510945545 56.779556970187286 39.073722366007686
53.81373922076012 56.77840349780434 39.073579989244905
53.82465631291808 56.78183941569954 39.07402164041311
53.823888588413986 56.78160477175021 39.07400719657112
53.831785166217756 56.7840480097892 39.0742265984687
53.83181842035488 56.78405912480302 39.074229488416485
53.832409512891104 56.78423730467946 39.07423470882921
54.98352895367877 56.8097030755038 38.95201122884014
54.983437855891104 56.80931333468269 38.95209604172413
54.982142590319754 56.809913461099484 38.9521292059693
55.04110916432907 56.83464282351591 38.938515918518235
55.04065138504352 56.83264732138172 38.939008384918495
55.079456309784874 56.749540035438756 38.96247817919542
53.651310174756134 56.94025886157817 38.96501399127479
53.729502331001214 56.90632829235474 39.02996212722904
53.782148855386396 56.83830478381185 39.05422362434355
53.820954222293835 56.78066182420852 39.07384226715599
53.825435004778186 56.78206584993563 39.07400877294338
53.829817255482595 56.78342390512198 39.074135687345546
53.87091234325784 56.80838707343506 39.052106674602044
53.86705216559341 56.804845441194395 39.05647313621397
53.92949520969039 56.840032199397115 39.03314757665603
53.896003012220305 56.81464636601723 39.06109368972534
53.99829595999984 56.875968547896534 39.01650597396641
53.97124877057831 56.84958663681517 39.04158615279049
54.02439876741006 56.8551865530351 39.027802224981514
54.95307074115136 56.85726378946704 38.942945245460024
54.952940141661614 56.85700840394384 38.943042386327015
54.95201441478358 56.85677829244978 38.943168356851984
54.95550079837854 56.85835688289937 38.94244044980731
54.976459114188145 56.81171021994683 38.952434461302296
54.958523388689535 56.85958424612939 38.94185965887045
54.980203987929514 56.81068109651634 38.952203773445
55.04073895809618 56.83824136525038 38.937862066453484
53.70168530951324 56.98096131516492 38.99714747955506
53.70440207881151 56.98076225236868 38.99780326374566
53.7883387082686 56.93713253299015 39.038340856865084
53.81183260215261 56.85354521614006 39.05349413608499
53.86886673288598 56.82496802387929 39.04590209944091
53.90100278974985 56.85198438455854 39.01573984422372
53.95727923969138 56.88624698821269 39.00008246982447
53.99767959206481 56.876055356154794 39.01615003720029
54.01116493138292 56.91125609586422 39.03432814910173
54.02452109139398 56.85527385334924 39.027791485218515
54.03200317084365 56.86222870607185 39.025957555883465
54.03266370234624 56.86168061891249 39.02586575162035
54.079339581136104 56.841365821527816 39.05336250778697
54.08092257163945 56.840568729369664 39.054675709575
54.0842189328756 56.838952650381486 39.05748021210666
54.70353215764399 56.882688932213895 38.9656682472243
54.70350091806091 56.882415467583115 38.965646372364134
54.70347085357837 56.882685875666226 38.96564220944826
54.76270994977253 56.89137659123084 38.96439857819226
54.764172157967494 56.890128810396966 38.964219781409696
54.85453134917866 56.8898269399201 38.955882487746685
54.85686816729208 56.887852027159106 38.955718250171984
54.86522327296426 56.88566105929188 38.95403152859494
54.86647855389863 56.88330936467766 38.95423472320154
54.954168896670495 56.8591856404683 38.94220874386058
53.80678684666667 56.98187567353288 39.01379403162383
53.817893770545496 56.976811414771234 39.01178187704656
53.885479226439806 56.98374597559041 39.007325528314084
53.94860544691292 56.97997684234207 39.01468117609105
54.00308361655963 56.97252521907524 39.037542955245705
54.003211233027514 56.97283807962384 39.037404598024054
54.01259834429269 56.97063196535921 39.036082603927596
54.047869470480855 56.96263349590619 39.03083251782655
54.09523853495029 56.90474705354229 39.04838218938873
54.097714775486054 56.887564522245704 39.0567800545864
54.15717525332957 56.88580777289057 39.06741249501502
54.161013557497014 56.875008932892214 39.07247362277994
54.16392730589611 56.87816590521318 39.07020200890577
54.16610247505133 56.87371312633263 39.072172633176336
54.228556392363046 56.81790424333934 39.09138715753408
54.228621194019006 56.81792049171402 39.09136413217984
54.23034392973955 56.81783271877502 39.09112683425319
54.54255278219612 56.956180463424886 38.982818291723845
54.54262469776246 56.956144491043545 38.982803696947556
54.523312012004816 56.97953550645041 38.97336602241694
54.567917923563 56.96968318994202 38.987498403073616
54.638580848752596 56.9378573681427 38.968114285599434
54.64694813436056 56.9364540487112 38.96801312065733
54.64724069443931 56.936058122136956 38.96788412106771
54.65532891352817 56.93538834860222 38.968034731141735
54.65469886370702 56.934844413907776 38.96780738124918
54.707846036045595 56.92985574015265 38.94769896068918
54.70316338149158 56.88399031364538 38.96555338971859
54.70858299905916 56.930659763218266 38.94747098894957
54.70897342039915 56.931040238430455 38.946554264936125
54.8499860938075 56.893730572313885 38.956187873762055
53.983592657773194 57.01623080852704 39.03291514539938
54.0084030078111 57.02486878984632 39.042266957664566
54.01101764359359 57.02756248703841 39.04099308978486
54.04813168379948 57.019145649288106 39.03526393206212
54.05942726075714 57.02004663013411 39.027013689561535
54.06017088720349 57.019719188622744 39.02686016249254
54.156605148316416 56.89307943178867 39.06360912063898
54.21026138471527 56.882052962356326 39.06035205150275
54.324831837787926 56.873036621373345 39.06247157920887
54.29308978575118 56.816649670478625 39.0653341480035
54.33528709724379 56.88195797480299 39.058849529038795
54.32645758276622 56.873101734756446 39.062334384593235
54.382250053445524 56.88903578231632 39.03520871426643
54.37587152303493 56.879966138346674 39.03744138824396
54.45106553753486 56.940583218218265 39.00385052479617
54.38353319473652 56.89047615610096 39.03454063481368
54.46431284860243 56.98551778724448 38.97794407355039
54.45278210036175 56.939597535690915 39.00291890711227
54.467830025624366 56.98462265354486 38.97793744990662
54.457355625331914 56.94206748830275 39.00149536757639
54.51597924202307 56.98058987779871 38.977774310649274
54.5178189545298 56.9803435219887 38.97665569720315
54.52316048040195 56.97949514497463 38.97350028113146
54.56595979034556 56.96988710175084 38.98752138328973
54.645676580985835 56.937678752784855 38.96839434349609
54.677978078476606 56.938090490442335 38.95289871505835
54.681116308721 56.938143189125846 38.954546501222616
54.05873533229163 57.02082254293424 39.02738494507553
54.05995212875251 57.02007514273797 39.02703116519108
54.05895247302848 57.020422296413045 39.027192463141446
54.12507540371345 56.95987578085419 39.04484557457171
54.26657497607407 56.94227493255572 39.037189779872634
54.37471984687473 56.94462197477438 39.00033513050454
54.45937992642903 56.986088119031564 38.971699108074375
54.46086954143589 56.98615443335734 38.97576250375988
54.46311473105689 56.98591045948967 38.978747354793654
54.46676662147256 56.984966396973604 38.97860679747656
54.51534308276749 56.98078318273551 38.97808603488447
54.52341481128712 56.979564639985924 38.973273724203565
54.5297846590189 56.97891940581596 38.96925634259618
52.09815294490588 51.74693499999516 39.01611215535945
52.09555504138523 51.766091883313166 39.02430237074632
52.95224796278393 51.810173070083806 39.10243927957569
52.961456345045136 51.81047869115745 39.095225976053904
53.03302455816538 51.81464603236827 39.05336125625356
53.04129512940946 51.81534803762473 39.047242190813606
53.12834083021876 51.81819249931047 39.02796282229602
52.08860483548868 51.84956486554394 39.000977337883555
52.84000799751483 51.81611752786524 39.12660956982544
52.89274553512398 51.808526590265586 39.11175891204827
52.8999392293669 51.80846438671415 39.11086715364674
52.91759805162658 51.808220205864856 39.10627173498697
52.949559245227555 51.80972915402258 39.10777607353788
52.95899142907257 51.810239778222424 39.09858783300042
53.029918601879956 51.81442118840127 39.05587001942682
53.040346974775915 51.81529551979038 39.048095641589775
53.12934452600274 51.81822193191428 39.02818840143218
53.13985790467346 51.81819874549287 39.030880094767866
53.25737423051977 51.83324078256042 39.047245462102936
53.29568800962066 51.81136931662839 39.05788235807688
53.30822041587679 51.81033129837174 39.05891861564788
53.320045124713474 51.80925103640989 39.0600379238288
52.059944456261775 51.890529068485556 39.039235396848326
52.619762555227965 51.852039521780696 39.092566766518786
52.6756651443321 51.86324802377366 39.096335256090306
52.6792136200772 51.85824214093998 39.101893918949045
52.69104644237918 51.85179903363229 39.101402095784564
52.692120018776656 51.85313576354967 39.09751882846615
52.74501430432501 51.833232708844584 39.12281008952288
52.78152507978783 51.82632686212004 39.130391192351844
52.86129925874832 51.812009911986095 39.13789730151424
52.89084279537393 51.82011140164374 39.125637237565535
52.91951268458516 51.82142481243664 39.11409244861973
52.94832031104356 51.80957105694359 39.10981207717515
52.957097021621585 51.81015279728614 39.10029137628537
53.02821139060031 51.814314702336105 39.057341910297225
53.03887481788993 51.81520239728002 39.049357825234964
53.13006521519878 51.81823179934183 39.028361551213344
53.189831514080026 51.83761765566409 39.034715412222454
53.25730105722719 51.83486928172985 39.04666554887605
53.26217664022816 51.83398402238295 39.04710460155438
53.307250099891675 51.81041773288007 39.05882986903454
53.31794616511573 51.809462167815035 39.05981204037198
53.37867921750506 51.80593396346819 39.06448562394989
53.39152490927995 51.80550441908632 39.065377470983876
53.41347327854778 51.804887092224774 39.066756490048604
52.066847561312144 51.93611253506866 39.0711493836456
52.06770688556108 51.93561535615896 39.070468712542414
52.066127296485405 51.937199988168246 39.071956544774174
52.06914124592656 51.933510475814344 39.0688827233859
52.459356306158014 51.84924727006116 39.03191071211157
52.45975744886519 51.849609379028344 39.032152232317365
52.523387663507165 51.8585038198155 39.06678833903861
52.602085631905965 51.880438743507014 39.076852152251455
52.67397687491076 51.8675291702698 39.09894992211954
52.676850002424175 51.8612827132867 39.10969901895867
52.68411647062632 51.856050896023504 39.112422977335555
52.690157571107264 51.85588140786869 39.0989586992809
52.74118753880194 51.834504177442 39.12300589841093
52.77180792888509 51.82843758389218 39.12886680482993
52.8929696478127 51.82737902345716 39.116497276079286
52.89915867621254 51.82716388973317 39.1145811695785
52.911752452493374 51.82802979674496 39.1091760728212
52.92707826291255 51.82539022005171 39.10304472451957
52.91737045079028 51.82867362879938 39.10646734746904
52.95614012401124 51.81023548813309 39.099998482338414
53.028230134786774 51.814330310706595 39.05740421588589
53.03810170620366 51.815149007950126 39.04999629296667
53.13023242228624 51.81822740153953 39.02840835725375
53.19030700101947 51.838431818387804 39.03449190489563
53.22399556673823 51.87725432252463 39.046253225323674
53.26230370213662 51.83542350807549 39.0465969056729
53.30619645995867 51.81049821882271 39.058752269010036
53.31374279553898 51.80983719679198 39.05942675401984
53.31123772952565 51.81006163965671 39.0591958194105
53.38365976805122 51.80590000757509 39.06466675099213
53.39327297087014 51.80555438709073 39.06536418632889
53.40757306504105 51.805115558990764 39.066308140595204
53.42171254065854 51.80469587064822 39.0672238438682
53.441888514946754 51.80469145678845 39.05086964513393
53.48409790692136 51.8834486678972 39.030692677281095
53.48397263814597 51.89031827294215 39.026353278327846
52.064067576144474 51.94054685936387 39.07434841547081
52.06215790311485 51.94222606182861 39.07606369446822
52.11273243518238 51.91337228121698 39.040065581486154
52.41820603279356 51.877508992904524 39.049180324679604
52.47240459423646 51.88052955922818 39.032830264045884
52.472775897195106 51.88160488970853 39.03233594085761
52.51712818837934 51.8781338953911 39.04425070089876
52.65212836493009 51.897988665217056 39.07221377360119
52.65445868997992 51.89406104582287 39.07779988196969
52.67403968277282 51.8666999692673 39.10202655182382
52.687256525634226 51.85943831334132 39.101634560297754
52.68952433880092 51.859963786147674 39.09593771460421
52.73974524129199 51.83532552644813 39.12369843111018
52.760265312309144 51.83098925419274 39.12713639097923
52.89990207760188 51.83420330049902 39.106188723183344
52.84596838670403 51.81570997809436 39.1261471453866
52.90251571471285 51.831833915366694 39.10801187570259
52.910613856126076 51.82984533175052 39.107476865039374
53.31335592065774 51.80987039742483 39.05939314074908
53.35468569239169 51.851465419115804 39.05424488817322
53.39426996414545 51.80557189117111 39.0653702639938
53.427102022253834 51.85754330427599 39.05570728938139
53.43290246306857 51.856352845458304 39.056217528615235
53.42779164576349 51.85782148042269 39.055661617294184
53.47990563221157 51.895449561729436 39.026435841887185
53.48128887072444 51.89651890493984 39.02458692444959
53.54090405056477 51.94031105847863 39.05599395680885
53.544475359535866 51.94966018990482 39.057330400131065
53.579731572158124 52.012320074123195 39.11956934872624
53.58254145724871 52.019462166094364 39.12118015155575
53.656478414699976 52.135109526589694 39.11459562049427
53.83013184017909 52.010226690744986 38.931319769985464
52.06219451159443 51.9432729348297 39.076411515084175
52.0649725155494 51.9413749089821 39.07410847542489
52.06082861877053 51.94563814916576 39.07804909495843
52.16811757690703 51.93323361454375 39.054475403251345
52.27607427529136 51.95880109710653 39.03402061134551
52.39217366344103 51.88765188456657 39.051936806411064
52.40983483286364 51.880868933891946 39.05007565856094
52.47351101014897 51.88513653213738 39.03050098398996
52.47375464326101 51.88589769806113 39.03014270065916
52.52294795480625 51.88039817835429 39.0442805403435
52.651191441524915 51.89961080536306 39.07001827821919
52.65238722868268 51.89760732060093 39.07289874593174
52.65426494509977 51.8944240817782 39.077378238859154
52.653839947600574 51.89514684800581 39.07636703570891
52.67369563493497 51.86805311077566 39.09825671714745
52.68979466564603 51.861676614445635 39.093459165295464
52.73983400552096 51.83543232027757 39.123940355079434
52.75862353680531 51.83136290567883 39.12690963611692
53.436805061299495 51.91016811098773 39.045147737442974
53.43778470814223 51.9087073397304 39.04548685994851
53.51154628341587 51.95487016150419 39.07896675412989
53.5807179266035 52.01484153559937 39.12014107016139
53.62901088888859 52.13169790416755 39.16060557098276
53.629045321505274 52.131726137248585 39.160732521630806
53.62902814918798 52.13171180087387 39.160668378756185
53.62908552172523 52.13176227139925 39.16089102160493
53.62906222975641 52.131741133495595 39.160798532520985
53.629116911799045 52.13179129476341 39.161017405924795
53.6573357364002 52.13529697603876 39.11373871617564
53.65635943647949 52.13508247021359 39.11471483324104
53.82853600079092 52.01297162533724 38.93363876417106
52.05449223028612 51.960104544797574 39.07260873089961
52.054396640355804 51.960174120337584 39.07283072900435
52.12312467233216 51.95613562445922 39.08438003031735
52.27616284418997 51.96088604232446 39.031595861091056
52.276104607206406 51.959528109495814 39.03320053837188
52.276103143478196 51.959494435485134 39.0332412330088
52.27616082665556 51.96084011526309 39.0316523402707
52.276211760749675 51.96202788243236 39.03024898290131
52.40339970844519 51.88340815708153 39.05075995495392
52.474293191148355 51.88851993993654 39.02877707087565
52.48405308493203 51.91868282814628 39.01299613259119
52.53452835124146 51.91257316000534 39.02920133780828
52.53378555114345 51.91254133498837 39.02905458463246
52.6508976942895 51.90011601824965 39.06932599276863
52.652077376435294 51.898135473729766 39.0721629251482
53.62904709787826 52.13172772002305 39.160739480294986
53.66174614265131 52.1383617664947 39.12837072058006
53.662701560484464 52.138551169066645 39.12718460457744
53.82813942494998 52.014184135845696 38.93462261500571
53.75268508270236 52.07979396137523 39.02557395776412
52.05448950212794 51.96012142293513 39.07263755813351
52.119124118434755 51.956727323816374 39.0849134517827
52.1068431352175 51.9585834983264 39.08653606180041
52.269424108171606 52.002182317288415 39.03695040714528
52.26967752099835 52.000143614315775 39.037267485194484
52.27622753332579 51.96241952088315 39.029833349927145
52.27624251916274 51.962765045480865 39.02941732171609
52.27625935678246 51.963152395918875 39.02894919363534
52.416525188263606 51.94204755382227 39.01992968706107
52.51554766812032 51.99487732685779 39.01243742241178
52.515731235100596 51.99520665873676 39.01254065067145
52.516128962836774 51.995928901726344 39.01276843538603
53.75609572058309 52.08341204860233 39.04026026980209
53.7556239374619 52.084084730921695 39.04052547982149
52.11850738388563 52.01214350484594 39.07317857349942
52.11815371312052 52.01192719043045 39.073283127598884
52.26822874103591 52.01155735964409 39.03565726239817
52.26821043190341 52.01174872175121 39.03559742381263
52.26845421677931 52.01012618820979 39.03561859194606
52.26879393999575 52.00782060501041 39.03568540355737
52.269053193070846 52.006051360689014 39.03574458910929
52.368514633673094 52.041799255682534 39.04694568112936
52.51632354019958 51.99628146054494 39.01287950333406
52.517140142490774 51.99775897584566 39.0133446352582
53.70901272261259 52.19233312017259 39.110388847596916
52.11874837344333 52.01229131798729 39.07310798680158
52.26739896376771 52.01778738151515 39.03499239848528
52.20274190178651 52.02787917929956 39.04303014053293
52.267204269584994 52.0192429350006 39.034841614022106
52.26743894425151 52.017693472983375 39.03485156754648
52.2679268030103 52.01433386687235 39.03498830798725
52.268386007605734 52.01110311719033 39.03517439808052
52.369279618138215 52.042669334214644 39.0468070213494
52.26848947692147 52.01036289514221 39.03522660322168
53.78270057260313 52.250975797303084 39.057628436733715
52.26715089073703 52.01965252730355 39.03479145181654
52.26739425236636 52.03286030785693 39.01969642563773
52.26749911873952 52.032281032905566 39.01957855641478
52.26758785683485 52.03179777006369 39.01947968269545
52.268065111866804 52.0291719020238 39.018944561387244
52.26821621187651 52.01236305714611 39.03505083328716
52.26825021019731 52.028152555897485 39.01873690355451
53.78498981145117 52.25454925799258 39.057764767647654
52.267408737213174 52.03277834982855 39.019679901007194
52.298665091343324 52.11927459830477 39.01486660692015
52.299987496634934 52.119688114792034 39.014283415727306
53.78785048541343 52.25906952218517 39.05796883979158
53.82226319792269 52.334947875697985 39.06359310865738
53.82264437690915 52.33585294672462 39.063475368519676
53.82344060978386 52.33794957175574 39.06327280290403
53.82441273653187 52.34139659404396 39.063212271586586
53.83900716545534 52.39381228052734 39.053991700673016
53.8170610743729 52.44444125560662 39.11669046678057
53.81615258644342 52.44759956031248 39.12073892141261
53.81255408840983 52.496224476459716 39.12277046141115
53.83107474705843 52.52797544350488 39.1083787180568
53.83007988536522 52.56552631239225 39.06058273575487
53.82938658200227 52.566457604666326 39.060917102275994
53.81512838247571 52.725449852840185 39.1494992747795
53.81625078377032 52.72663422550406 39.14979816062985
53.81630745488749 52.72669579610768 39.14981682485027
53.85539558094575 52.747271297165625 39.120709405728164
53.90499966858681 52.79015114335331 39.09279476784587
53.9394923694377 52.84753490075831 39.08388765699536
53.93933121120445 52.84737110885895 39.08376722432173
53.93969215883916 52.847738263286836 39.08403560535446
53.94846185935872 52.87844528846739 39.12497067546043
53.94836395720921 52.87880946254789 39.12520058221484
53.94715786270818 52.88172529094801 39.13113262425753
53.946598531465625 52.88312895600756 39.13378211380995
53.94590419809168 52.88486610611153 39.13708157024369
53.946035409479606 52.88459694963086 39.13634137405761
53.94544142462391 52.886028583803295 39.13927144938579
53.94540701395867 52.88611892490591 39.139426581760624
53.945401829329185 52.88614070713553 39.13943382968746
53.931407234689004 52.96900513480796 39.12088900963927
53.9314093348778 52.968924042874505 39.12101423803797
53.91020086245876 53.021387460213425 39.099048969358506
54.174286610344986 53.19034994439125 38.9945254753081
54.093284768211504 53.18550620125811 39.026863710032266
54.17442509698348 53.19373162716243 38.998606394359754
54.1744686982273 53.194419975541194 38.99943100490777
54.174559432417276 53.19693193037901 39.002467139451454
54.1640105512356 53.26297490064317 39.08569323827183
54.16407935310469 53.26412165260979 39.08707382283991
54.16461271709921 53.2685569403018 39.09234227739854
54.13940438059245 53.31751161580593 39.13448327163407
54.1396153840011 53.317307334037174 39.13436319811113
54.14608857090246 53.31885337534905 39.122784461180714
54.13983119393084 53.31765836465476 39.13540339692319
54.144711062142655 53.321285301683744 39.12529651060619
54.21524599673819 53.30046748899703 39.09328064191656
54.141991923101855 53.32555805037815 39.128228830741094
54.14070000825957 53.327535095463666 39.12941846349739
54.382195962864856 53.52691372650241 39.06468202583728
54.38251820487805 53.52665656970298 39.06457271808246
52.09791555732744 53.49643330432406 39.108399198872874
52.10658679532472 53.49465365037849 39.10670082992041
52.110496918643165 53.49582416696019 39.1044761042368
52.10944090447923 53.49536935256985 39.105123791445514
52.15035502257159 53.518469783979555 39.09816741043378
52.14912964868998 53.51719626442358 39.097776627690635
52.15372004231135 53.52166257481496 39.099240955330615
52.15203285296041 53.52002574650423 39.09870273843973
52.153801862700114 53.521743711535386 39.09926705383624
54.50601577438407 53.57635179116817 39.10153991079883
54.50565177409587 53.579868021648366 39.10335128064597
54.50526396033981 53.58358162655196 39.10528052609801
54.50655406947797 53.57122017682317 39.098862511147075
52.09800293115748 53.50447190408347 39.105348618623395
52.12173439804518 53.507538903195254 39.09332844325264
52.15553645691559 53.52368226719707 39.09982004868614
52.15909527509998 53.52681397739494 39.10095575103485
52.15861670513119 53.5263723804877 39.1008030556811
54.50473790666892 53.588641343071394 39.10789789879151
54.503751834977166 53.59813016209145 39.11280417175492
54.50414603201022 53.59436686489289 39.11084339107719
54.503500806565086 53.60054625368565 39.11405319154349
54.58492423045345 53.62714445731809 39.089705438331805
52.13776639544403 53.52713215309754 39.09875214557373
52.14180061769528 53.52901737226832 39.099551537630155
52.16117005745299 53.568210371409734 39.11134598455486
52.19014018911189 53.59364705237785 39.1063611612864
52.19283623290319 53.60022891763439 39.10401135462857
52.19271939441636 53.59986015611605 39.10412081447343
52.19284885997192 53.60035001035345 39.10399210725086
54.50295383595829 53.605811727271565 39.1167747239439
54.50999145121273 53.7005416145009 39.11003587098396
54.61536950168124 53.64074460929029 39.11190684733446
54.510057676224825 53.70057586886173 39.10982315908909
54.73270909527837 53.56251775454424 39.025130612000815
52.14324486284018 53.59106934919387 39.117458821249144
52.145193966124836 53.593064645376245 39.11810395166844
52.18056696880576 53.61007894027095 39.11107065537112
52.18934541051892 53.605379087431075 39.10580549235952
52.19370974802492 53.606267335828136 39.10289338405826
52.19383803384125 53.60644964828576 39.10279352279233
54.5561474995465 53.73503667853775 39.159636000405044
54.69394092684561 53.68489206745546 39.104399369875814
54.79068929186132 53.61355008639685 39.03163224047906
54.696806390980456 53.68441091013491 39.10352738380549
54.797108558888546 53.6034552581356 39.02696343305241
54.81921194227904 53.55419042963477 38.95365060540363
52.15120351673752 53.65239618900867 39.12366521513242
52.14956114377492 53.652029395772274 39.125192496014634
52.17101278487041 53.62498916767179 39.11590673933393
52.186236079272994 53.614891469234784 39.106953868870534
52.19260653629937 53.61158045008929 39.103123877756694
52.19293183767913 53.61123854512812 39.10294408353196
54.76255395804017 53.732750680405445 39.09991880799433
54.76518345325386 53.72802002529481 39.097711050131096
54.76741915554278 53.724009410884506 39.09582630054406
54.76715980619805 53.72447573285591 39.09604422912706
54.77440559241441 53.711447682416605 39.08995553509707
54.95169739534259 53.70610588344552 38.99430251935168
54.95535305217805 53.71370366191773 38.99364743374584
55.29311239204761 53.618707689560196 39.01068796487661
55.310272353339826 53.61282468588564 39.01386063363276
55.47308596414064 53.612470848773384 39.00211782314725
55.47455839468035 53.60649921288089 39.00346908539987
55.47592028951613 53.60166356603335 39.00410547916405
55.4770667907955 53.59866673511588 39.00368318881524
55.4779730681577 53.59746879606958 39.002304867134306
52.15178319031436 53.662376073751105 39.12107293536482
52.1582211757622 53.67244476060183 39.11612712518866
52.163195402626165 53.67356060311924 39.11238250513887
52.172527165357074 53.6712292628282 39.106422486128515
52.256777135587036 53.69827783167935 39.06389547551522
52.25694315522914 53.698742131337596 39.06383534822618
54.76720497828782 53.724395021011425 39.09600593584531
54.768657647297175 53.72180122145836 39.09477330935511
54.957598404498675 53.72011824578082 38.993489839578004
54.962586788655955 53.731102114246184 38.992682220635295
54.966126463387326 53.73834918464658 38.99203256339188
54.96365898991819 53.733431316458386 38.99250419705681
55.05755404052556 53.73902710002149 38.99288414938641
55.061753954852115 53.731124955889165 38.99337050321523
55.140315521555905 53.70739035250456 38.98537584178211
55.21238817926451 53.7207414860749 38.99834643547128
55.21382936300037 53.72558326148588 38.998199704832366
55.215334280125674 53.730598324220935 38.99812461637395
55.21661762546594 53.734837680681665 38.99813201479528
55.318727816225156 53.73237743782066 39.011358662253954
55.32909934821018 53.71984349512637 39.013893759554435
55.32330048291659 53.726945225251285 39.01251317620018
55.43073065846609 53.7301073902579 39.004037303692
55.4327431647291 53.722407264314455 39.00579685912054
55.47225792949582 53.616667695868585 39.000609854555485
55.47274556073387 53.615888407648406 38.999988411219235
55.4721495258555 53.61760315837321 39.00006810025501
55.4738658937959 53.613122262770744 38.99943100029256
55.51667072391072 53.59175996229169 38.96605734350226
52.17003471746382 53.70983147369785 39.10427686867276
52.17960961336367 53.712831702870005 39.09922991229038
52.2728506329345 53.747626163029715 39.05883035324099
52.27291733725093 53.7476549310001 39.0588431319421
54.96704652777474 53.74069472095269 38.99192836757568
55.05534108980605 53.74315641033854 38.992656570034185
55.058401258999 53.73743169569718 38.992983394750794
55.13934613095519 53.71348940515596 38.98452790004026
55.214839481327274 53.72890656325427 38.99823133528316
55.216008569114564 53.73281813665935 38.998143064561184
55.21689083200989 53.73574357460634 38.99812709647517
55.217617689907975 53.73813271494773 38.998154126394205
55.31790916983887 53.73352859038158 39.01122206917553
55.47173732382342 53.61977941542916 38.999239786939064
55.42896935388952 53.737034310111135 39.002418920944606
55.42885674039927 53.73745894919647 39.002323065039874
55.509287443779016 53.721957993412445 38.971578084059416
55.42513715956319 53.751783523151104 38.99903219323804
55.42512069547955 53.75184297205692 38.99901927846326
55.517344671987715 53.83615272246805 38.9162798262863
55.430769330477204 53.85459498392177 38.949251394281575
55.43023720453798 53.854688901277584 38.9496399906284
55.42883813372969 53.85496585220585 38.950647137725554
55.42831844654863 53.85507035426048 38.951020454887754
55.40658491724214 53.86911347729782 38.95560678843082
55.39073765136038 53.88533483923044 38.9624200174944
55.39044476631125 53.88627039207668 38.96206146341731
55.38982913581255 53.88834106461027 38.96122908261065
55.390295621538726 53.88676670986489 38.961863835439324
55.38990309453241 53.888144636648335 38.961289540921804
55.339383199473566 53.89240994781093 38.97550225902006
55.33917002342897 53.89241252683759 38.9755515526746
55.389825871584335 53.888426391604206 38.9611684954354
55.220152405447394 54.144782896685555 39.03359876139275
55.21853878451975 54.14493141638149 39.035512746587216
55.160771905425925 54.15881588901329 39.100757462545175
55.16020187236842 54.158854324180254 39.101580617035
55.1230763744194 54.172240071865346 39.15849448187132
55.123070483298946 54.171733907072564 39.15828025550677
55.12306910942627 54.17212594896725 39.158473523410045
55.123065714454526 54.172007427665854 39.158432643854255
55.1230778014104 54.172009010198344 39.15837773078427
55.123179931122905 54.172699826767996 39.15823676965863
55.12346466201758 54.17546437967943 39.15824365645023
55.123701320617684 54.180739823983814 39.15966923292516
55.10985015178372 54.22166257463402 39.156734986396565
55.109725780259154 54.25373620628055 39.14750530842369
55.12036996679224 54.27894209023192 39.143257557711046
55.12033061396751 54.278920425963626 39.143325588973255
55.09269401561073 54.29082855247058 39.151509031890306
55.035113377153266 54.32436482264018 39.15542002878529
55.029654279529204 54.34950164028608 39.14227719690378
55.02944690161286 54.348818058774185 39.14299359844074
55.02860000803936 54.3499062199697 39.1426970566841
55.004896799158026 54.427041920735675 39.15794849469577
55.021212298143155 54.457383274685874 39.16053898169656
55.020269366879944 54.456027428400404 39.16088041617662
55.020962400276154 54.4570700507337 39.160629526269574
54.998240223885766 54.47464648175183 39.16742300124339
54.94769519171976 54.54061427389864 39.15293422332462
54.95484973893066 54.52946434271505 39.15690532422631
54.93287280247628 54.56372776928242 39.15691240791104
54.93269851659652 54.563459547137995 39.1582735125395
54.93290738916709 54.56369954081508 39.15760697148601
54.9322709689527 54.58591870928745 39.139637752425145
54.92173137956007 54.63327292302299 39.13517632985278
54.92353623940059 54.6336496382799 39.13276197886817
54.92121580882083 54.63281095071608 39.135842368645804
54.92146201701185 54.63207514587486 39.135460508262625
54.92102079737192 54.63197972452925 39.13605050328115
54.911740203537235 54.71131370336946 39.167302000912564
54.888958868406476 54.76777328320529 39.185075966054356
54.88524821285476 54.846630145155615 39.17343419239736
54.90604316318515 54.88085324592655 39.16047314131845
54.90320083167417 54.888990419340054 39.15681772935197
54.90343204639009 54.92743192044005 39.159227366385366
54.900477761853175 54.95737680927009 39.135643242039976
54.93003405398617 54.974652524615635 39.127998334378
54.96109971666176 54.98250474948137 39.13626397362041
54.87889493631951 55.129194258427034 39.136268085512775
54.93565583163115 55.02420150213213 39.138660458316046
54.87945789476633 55.129822236801964 39.1365311136565
54.88578063649865 55.13442045683719 39.13935169817404
54.91340055524694 55.15044010711303 39.13711945857508
54.903628120588536 55.16327442341304 39.13840013215672
54.9343239904965 55.16739117699263 39.13324536686535
54.952437588895485 55.209270193214365 39.128924751017095
54.9498274501433 55.2383769379118 39.13474249604878
54.94895855313506 55.23706905302625 39.13367241581512
54.94948930611642 55.238358505163816 39.133826543178714
54.95565303041441 55.25442455429483 39.123003093493125
54.95577166231513 55.24580486906632 39.124737218052196
54.96777760268634 55.26908073319753 39.11424872301023
54.97921713678966 55.293720190368525 39.08917654569865
54.977849331093736 55.29193198354591 39.09125972090362
54.978533741188166 55.292836319062445 39.09020644618457
54.98795891214856 55.36205466698121 39.06957818037731
54.987617305072774 55.37945237621061 39.06762250274794
54.9877577137173 55.37246338401861 39.0684103444296
54.98767545278464 55.37692892206644 39.06791213956351
54.98797935942329 55.552229370001356 39.072338335469524
54.988105341190334 55.55641356095612 39.07398286347218
54.98808583139645 55.55605783249442 39.07401203727517
54.988120812725015 55.55738279640183 39.074627127099845
54.99484809399952 55.618975678650344 39.11368412191804
55.04490315885576 55.65215938176421 39.103648466892594
54.984896145947914 55.63692023930814 39.147674349924735
55.044021418887695 55.65250776208651 39.10500140037205
55.049646504900466 55.65429198629063 39.10136491445908
55.13089420216761 55.7023236859478 39.01774524384436
55.08810109995052 55.693712942436385 39.07273873911365
55.08920239755264 55.694325232452954 39.07128219947279
55.13009755931105 55.7034309380577 39.018208874689094
55.11899602736968 55.817870056748674 39.05230391156526
55.11890546373961 55.8174308518078 39.05222317447975
55.11906117354336 55.81818409838077 39.05235992782163
55.12012628762551 55.823332202161545 39.053290603411895
55.139075899367654 55.883025632588016 39.05707939396193
55.140447361375664 55.88588006280193 39.056745793049004
55.13975224788687 55.88443434983125 39.05691738452192
55.14039755457459 55.885778334036814 39.0567626200727
55.14164403688645 55.88837509835308 39.05646539959587
55.14243413933569 55.89002015596567 39.05627470629055
55.13014637987053 55.94885704103429 39.074782518511874
55.13012369482534 55.94684447762697 39.07454665845686
55.12926085007125 55.949265415840216 39.07539001505799
52.9815403116517 55.99765903728584 39.05521341250943
52.98122913038436 55.99748368737083 39.05533364161902
52.981947996250994 55.99786607239072 39.05505579346143
55.14913464460994 56.02025167974739 39.04278240567791
53.078495752815805 56.15737335832486 39.07937675930657
55.186614013604284 56.06093818417415 38.99546788910184
55.151052442671066 56.04529219937076 39.04770525147677
55.15140376270244 56.04675943447168 39.047082542062455
53.079241066199344 56.15796646098224 39.08018109272906
53.078770832434124 56.157578435203554 39.07967049506551
53.08109031323389 56.159254013931516 39.08213515356599
55.22035052364534 56.16322262247759 38.96928680706696
53.087291972747096 56.1708141478817 39.0891044966729
53.085694056844616 56.17028814207836 39.087465517780814
53.106744704279166 56.17851482079692 39.09329309864087
55.22206629963178 56.16656684880438 38.96954176784307
55.22156544434155 56.16556943498233 38.969459949501925
55.26178214086525 56.23277681125609 38.96536149998744
53.088848375818685 56.17153355833874 39.09070087777301
53.138141872837195 56.189651068046466 39.09650921076738
53.10845900501158 56.17968935495467 39.09352025496473
53.1439073668829 56.19120660906193 39.09485167477519
55.30420700727971 56.283481398455194 38.95341831090228
53.142160002560146 56.19157106176221 39.09444861579857
53.183779885266574 56.21643660813311 39.08886720979685
53.14837819267398 56.19236102029285 39.093622482169955
53.1871481871876 56.21826287208272 39.089389859962395
55.30503626520302 56.28438455344889 38.953006464691335
55.304656439273515 56.28397088165357 38.95319507823366
55.305163632314 56.28452327354556 38.952943150641886
53.16201622988803 56.2628859691956 39.09116175049762
53.18356093658035 56.259404119422626 39.09323562715205
53.189750672312805 56.253189218082575 39.093196209583226
53.191412830387435 56.2486525141006 39.09294008318029
53.1909336306785 56.2514209135362 39.093138970418806
55.345982856496654 56.34801311125605 38.95186872026569
53.16076475695439 56.30273406838947 39.08445326252246
53.169079849576406 56.29531227274521 39.084326687866856
53.22985618468923 56.294921698450864 39.09120335568838
53.227351120682705 56.29133507536725 39.0915774290112
53.23874076553062 56.298008175473726 39.09050470287379
55.346067457610914 56.348184008471215 38.95190616069229
55.36091194584726 56.397788746871235 38.96070445956555
53.16334089499341 56.301262521588626 39.082140165284756
53.233504931101166 56.29982647303207 39.090679316408455
53.30194154104826 56.33256106132781 39.07881194983712
53.245616974805706 56.30158561632025 39.08988649080797
53.305285391398925 56.336232498910775 39.07798424177687
55.36145847736982 56.3991734552946 38.9609734817403
55.362062480447676 56.40072060683285 38.96127258773587
53.14553271750299 56.35452917734026 39.06286856419887
53.21499960982577 56.349163622309305 39.07408957356849
53.329472771787074 56.39138240410417 39.05656212259173
53.33105877109402 56.39223685112097 39.05670736329798
53.32972579557569 56.38687230816681 39.05902572753472
53.33215797483168 56.39399374429599 39.05619628740272
55.37677278387514 56.45027761528499 38.959694182687485
55.3767654450373 56.45029004917896 38.959685411825966
55.37676316919552 56.45029861793286 38.95967725261201
53.26063010192273 56.39517628800177 39.04831232980554
53.3308558567425 56.4008382203156 39.052113667428536
53.33306655414166 56.401377198317974 39.052658576953554
53.363465943374976 56.40945311343299 39.053546633029185
53.33337639893313 56.39737862831747 39.054874794986375
53.36499906186597 56.41154075530806 39.05255235843881
55.37671958115288 56.450430822467936 38.959557809859064
53.341969912185384 56.44109880622345 39.02490077585985
53.359203255290595 56.444479359891275 39.033675163821044
53.362967478138465 56.44509871120271 39.03407175449056
53.39943015804714 56.458993340509394 39.03272618321316
53.39830289160774 56.45794174670845 39.03333570168375
53.42526758743303 56.454827186704904 39.03664390942565
55.376662803536696 56.4505762622706 38.959433119476245
53.33604782150303 56.490111403318764 39.03686146201572
53.399700415505265 56.45924588729751 39.03257407555094
53.401225410728706 56.460666792361124 39.03177330668646
53.44596465920897 56.47399636741418 39.02631184495965
53.44622950964911 56.473846348617315 39.02639581712142
53.48673612554187 56.49840173176126 39.02401449534234
53.48646433428332 56.49795704172786 39.02410581564593
53.54867626017491 56.51619852812913 39.04420582845377
55.3765934904839 56.450729042926795 38.95930948706862
53.380459056995406 56.538645488209156 39.024122604972675
53.39078284086899 56.53887063196562 39.02174358264209
53.43490329775892 56.52669389305026 39.013075381691536
53.49830334805087 56.527961341592125 39.020205177750334
53.597865038999274 56.54323274253617 39.06182251392554
53.5887032152866 56.518858030700784 39.06748373342105
53.61874462224457 56.545982284987275 39.06646760585315
55.376578019247624 56.450758027647225 38.95928779718558
55.376503045818666 56.45089892405858 38.95918218414653
53.39947462704616 56.569319918949915 39.01956443724362
53.44375146834349 56.5654189069445 39.003117149244325
53.50134117770362 56.559818057946224 39.009579984533936
53.596835978754385 56.54328776251291 39.06110009728853
53.61839751349153 56.5461651772751 39.06579914059159
53.61893199856002 56.54591879780319 39.066739192684366
53.619912177502314 56.54571911552328 39.06782446549741
53.62019810438014 56.54559080054176 39.06831851977594
53.656093473847115 56.538900720066806 39.08567040902665
55.37646628207452 56.450963021215955 38.95913615791598
55.3524844113425 56.48114747506197 38.96426875496401
53.47614626940928 56.578316357979745 39.0008013811565
53.55922640434405 56.55932847204393 39.030701098277454
53.61758217517354 56.54654708311469 39.0643497680299
53.61877479760171 56.546193748659356 39.065949827532705
53.65904580505277 56.53856444336856 39.085985069358856
53.65827895054254 56.53866458311953 39.085900027387126
53.664857481008255 56.537883605963216 39.08660936363816
53.66513993477882 56.53785362556573 39.08663890053172
53.668212579072886 56.53747322238145 39.08697425593384
55.30124723069466 56.572690588209575 38.94822077099332
55.30121631630419 56.57261939625686 38.94827037102558
55.27000915274493 56.58576983624888 38.966895659802574
55.352319822815886 56.48140228902337 38.96423750151372
53.53210781267415 56.57734850030851 38.99797320795993
53.61692338622629 56.54684452868959 39.06320687989773
53.617768318977724 56.54659179944605 39.064346556433634
53.63571909126001 56.55196976321922 39.061224127051446
53.6781855464594 56.61756615742274 39.07910099717222
53.72040508490653 56.62194389006633 39.08251000559561
53.71509865964627 56.604416640545814 39.08392351806452
53.78015762393106 56.69808690352782 39.079954470548046
53.76777984786143 56.63635578985895 39.05954483132072
53.83040927188699 56.70981441650826 39.082118369636675
55.26569127709509 56.589061965269636 38.9689307163726
55.24094921197503 56.566838488942906 38.99009585347768
55.240632875075065 56.56725943391637 38.99021570728159
55.26733076950826 56.587814048011865 38.96815196618142
55.26787724532938 56.58739594914516 38.96789855711733
55.26977977725777 56.585944881758195 38.96700330633203
53.63597210399898 56.55255723310709 39.0598786546451
53.6821862588651 56.62397394035617 39.07878204057715
53.752169437117 56.70756103311621 39.07610348184965
53.81412524534911 56.77851311805647 39.073567348303165
53.815735418287034 56.77902191885339 39.073637328452506
53.819828568235906 56.78030928089788 39.073800850788274
53.830679572179164 56.71009483224961 39.08211662774543
53.8241929417801 56.78167375672179 39.07395571480246
53.82348701056763 56.781449879272245 39.07392310805205
53.826877266310674 56.7825054567301 39.07403305206786
53.86222183673334 56.7219830716163 39.08280385413081
53.8620781654017 56.72354814133665 39.08261844845574
55.095983213818755 56.65881250276699 38.97849757422525
55.09617634604689 56.658417082409244 38.97857580788689
55.093106105757684 56.6595113431193 38.97816954013336
55.239400600961886 56.5698997177591 38.99042860168455
55.23937501576727 56.56859495204763 38.99077816523715
55.265001680252425 56.599206956605144 38.96494861674561
55.23999148620629 56.568074547304846 38.990468458347664
53.81310792941072 56.7781922177884 39.07352447400815
53.81152341888267 56.777696364336876 39.07346712451045
53.812902546556344 56.77813558280699 39.07353521721352
53.81982956164023 56.78032040470993 39.07382662222595
53.826772906857926 56.78248964352812 39.07406936666901
53.829896064646206 56.78344633467199 39.07413322548034
53.830205530523735 56.783533543056095 39.07412149377624
53.862024704821984 56.72453255034618 39.082501358745155
53.90926404692683 56.79595779404444 39.06017907728055
53.90870685491811 56.7958809861634 39.06029577722181
54.09280548892616 56.751146705558405 39.08905394629113
54.09300421829228 56.74961304494935 39.08969770793291
54.09355884612364 56.75089271861643 39.08977797073909
55.00499117243862 56.64533328375479 38.99278458015
54.992875161053355 56.62082709631605 39.03193912812252
54.99300328037298 56.62140177914155 39.031582613863435
55.00539644792366 56.646661275622264 38.99208949235046
55.00458072931325 56.64284128167613 38.99350952283201
55.086117427224664 56.66478353728469 38.97679613975181
55.088061487388536 56.661406312495785 38.977486364402175
55.09351370156203 56.6624774076585 38.977721624465765
55.186849469377286 56.70500462769378 38.9564143328088
53.812832956500394 56.77811780624584 39.073542220659526
53.82198090689464 56.78100826230908 39.07393928431462
53.830501324865786 56.7836604106286 39.07421384137232
53.83327519062358 56.784489911400655 39.0742224937521
53.86662946304006 56.79010904631885 39.05296107080014
53.91133238750185 56.7962113748265 39.05970921684907
54.06101530489103 56.83172755247821 39.053960064588736
54.085873975983155 56.81926641787665 39.05647796775662
54.09614323255781 56.75581653789307 39.090472731440855
54.094259870028175 56.81880907011079 39.064519336255465
54.09326628994492 56.818852103238385 39.06357908996919
54.140396863786044 56.816642729341694 39.085493783002136
54.88203215704743 56.787025904830685 38.960633292254386
54.882030127870564 56.78684046296041 38.9606338581286
54.78631207017596 56.84330481207434 38.96633769766323
54.974960657373884 56.809678940447824 38.952993270602995
54.96484894068285 56.71900667184436 38.98489332729911
54.97764269717847 56.80905105910688 38.952807209104705
54.96748771010155 56.71525431579914 38.98580773403249
54.980605580096366 56.80837189035883 38.95259890358126
54.96995257248061 56.71206056015175 38.986539562292094
54.98331607953215 56.80777261558026 38.95240413312308
55.04039001711766 56.831479221252835 38.93929536527461
55.0797347014449 56.749245655081324 38.962547015828335
53.83399061654323 56.7847055170741 39.07422868502336
53.89131524918419 56.812093512190046 39.06250971579149
53.967957800824415 56.826284794372285 39.04380761875533
54.02592074900839 56.85196662915766 39.02776622370164
54.08471910085588 56.81955906280662 39.05511289570764
54.09487566528648 56.81895531732759 39.06490808929748
54.144768739811575 56.821110514740006 39.0873376774115
54.141287302337254 56.81669475172313 39.08612480069782
54.16340403515514 56.818951860238045 39.08358534264778
54.19703563155477 56.8172779929249 39.09733883699073
54.21528176354059 56.818191344905934 39.09349638291349
54.21515945899664 56.818023371608405 39.09363886436568
54.230998882662306 56.81819068981612 39.09075438695368
54.230862637647775 56.81811660552447 39.09083158907784
54.23687222830926 56.81775590235525 39.09004311551628
54.70200464861302 56.87157689395282 38.96467015743435
54.702006098340576 56.871307225127836 38.96466223531552
54.70189981970938 56.8716372399071 38.96462770879108
54.70236224342004 56.87155857932991 38.96482089523309
54.70234317962088 56.87060828876238 38.96478274965762
54.702691806745854 56.871761449575246 38.96496677237104
54.702619117380465 56.870056991580384 38.964882063990416
54.778428954108136 56.84724344734539 38.966915993177956
54.778966030592464 56.84491190886884 38.96672353610346
54.78547900854427 56.845956328848665 38.96656463468681
54.785300864840536 56.84352001966738 38.96639036336215
54.95120091020718 56.855690868406036 38.943594226378124
54.97379204046818 56.81106318033183 38.95286226117979
54.97681569122916 56.810679633435726 38.952590574657016
54.9802593218693 56.81019768514392 38.952289768402046
54.0246573295195 56.85495037446097 39.02778906181198
54.0561707946383 56.85496637314029 39.05329980416559
54.086558346293245 56.837809929167854 39.05947727367521
54.14487718098934 56.82262648430563 39.081673374173135
54.166715035667764 56.81953472417547 39.07919345939852
54.21765726674685 56.818390951728006 39.09293792873147
54.23083643868927 56.818413296134096 39.0906221902827
54.24027342689536 56.8175338579139 39.089609779088526
54.24162436698625 56.817273187130866 39.08956204766024
54.294919334802884 56.81580478614792 39.06686634822907
54.29486561260121 56.81564535692865 39.06756853270543
54.29987824014145 56.81533604827337 39.06363312079393
54.29968765149124 56.8152551046499 39.06415871213303
54.30317679198873 56.815160052569745 39.060931723115786
54.302992544933076 56.81512351359034 39.061270666184285
54.36833120412112 56.86735373382638 39.03900301101022
54.36540619781079 56.863247091027475 39.04005673268991
54.37282107739253 56.873187818253 39.03711789514904
54.3699532464295 56.869024565027196 39.03807299983847
54.45116402854441 56.92690876918767 39.00096824801712
54.44879047439758 56.923635827733335 39.00129342567914
54.55050303040307 56.95229711419418 38.981066877623334
54.5250719111786 56.91666373331839 38.97441204595155
54.64252313506917 56.935903970357465 38.96759921448572
54.656962618326645 56.82139355859826 38.95102467502018
54.70163619712433 56.87573435677599 38.964645838195054
54.7016762410298 56.87234668107125 38.96455555597043
54.70205957843219 56.87606435605869 38.96483543863752
54.7025399783448 56.87637086693522 38.96504842324558
54.70296762456673 56.87657347953625 38.96523579634939
54.77699300909611 56.85202081644918 38.967322516900964
54.78465424738057 56.849778771079556 38.96687813520262
54.951542807255926 56.856567595126826 38.94326581038906
54.0864654837485 56.837874383325854 39.05942852030094
54.167935056891245 56.8297278470812 39.0701672192278
54.22033519032854 56.818206905723315 39.09260339193657
54.229622107326215 56.818166287155094 39.091012218405595
54.2367824592675 56.81765139305472 39.090134150287675
54.29559616823568 56.816033147113515 39.06523947542617
54.30001992971332 56.81554671224116 39.06263207762471
54.370080508773555 56.87094994803082 39.039022731432276
54.3759215632289 56.878449510825874 39.03651888105124
54.45137413862196 56.93075700935723 39.00167866758726
54.45603084029377 56.93388608293236 39.00035682576269
54.546928640850396 56.954043158880935 38.981854139556056
54.640662379944146 56.93683000196833 38.96784378515893
54.64761444091503 56.93544668374348 38.96768111239126
54.70234266496905 56.88154933142491 38.96512883851255
54.702993745051536 56.88239080752545 38.96543097978789
54.2927428596652 56.81667447049122 39.06559276077012
54.32378163520856 56.87036553653813 39.063407338778575
54.372866209896095 56.875773128641 39.03853907720002
54.37978204587344 56.88496609568135 39.03575316425331
54.45126964751957 56.936158075094866 39.002844868251536
54.45625761801474 56.93977250099272 39.00148357502949
54.51823398096123 56.980295784252526 38.97639790216293
52.06600912542344 51.93734123198172 39.072075858546185
52.92684753728653 51.82563577469009 39.102785634104855
52.95578960309426 51.81028315904431 39.09973288176891
53.028694874116034 51.814376379735634 39.05709635932594
53.03732785747754 51.815093832247314 39.050625938398966
53.13515146808328 51.85218352798533 39.030393801753306
53.22365357293536 51.88205834790209 39.046481979794486
53.223878224401375 51.88099141285538 39.04628355687639
53.262402257801426 51.836140204053 39.046345035950026
53.30600451163238 51.810512402766314 39.058738804015945
52.062058291678625 51.94231961631381 39.07615527042837
52.90040358757798 51.83480419024119 39.10531912606793
52.90382009754422 51.83438587509789 39.10460745209356
52.90889847705903 51.83448587708057 39.102715733138005
52.91243919369106 51.83487646184434 39.10102611739502
52.96245369251628 51.8415311337003 39.09859972205575
53.02562518407433 51.847485186700744 39.05601682026933
53.04351373707702 51.852935483637175 39.05185295669148
53.16964256385961 51.901863753227545 39.043488705885196
53.22429352044614 51.912904168023445 39.05344195971663
53.22454831946009 51.913311740181655 39.05340916710291
53.23157441609251 51.93407089313189 39.046238060880434
53.273157901450006 51.88428116160384 39.046259554419855
53.31486016045084 51.853495298889236 39.05876480732742
53.355892486330674 51.8589631698505 39.05286950375261
53.39461225062724 51.805576742671434 39.06537378866859
53.42699765009389 51.857986098052656 39.05559135212255
52.05183494357576 51.95999828729754 39.07569853086346
52.060994062873775 51.94497594906688 39.07771818803637
52.06103908449485 51.94415237681184 39.077401153228216
52.65412324266973 51.89466501044538 39.07704101881416
52.67304405985659 51.86924109394016 39.09675687468336
52.70841548238296 51.88591719325859 39.093911664444235
52.71198135499122 51.891096496285925 39.090183692569624
52.77232577948439 51.88280849242524 39.10537939228571
52.880834353090336 51.90235307936821 39.074592750671684
52.89589565819937 51.870875708295415 39.10442592771455
52.9081433135446 51.83891322373606 39.09786506347115
52.944460888511834 51.89792008210437 39.142926906630976
53.00142956263153 51.99980557029336 39.15476226178455
53.01727708943113 51.94556884824322 39.10344179369938
53.0464295130452 52.044245201831444 39.122803873176636
53.178066117991605 51.94729936061478 39.04362832279104
53.11021516404078 51.99591274251237 39.084769506692794
53.230603674690435 51.93632945315346 39.0470177151329
53.23079362432551 51.93651388009894 39.047044171862105
53.23075892571068 51.936520986834736 39.047050998503494
53.231155132967515 51.93623279884074 39.04691387678186
53.23154161751185 51.93568122473721 39.04670282354606
53.27716548233977 51.96609836960205 39.04645545777459
53.3829692064428 51.923569980088885 39.040340978171635
53.38383687447147 51.92582665039892 39.039776990175795
53.42889921060289 51.92368323111765 39.04181277405816
53.432074328978544 51.91859536942804 39.04303433658102
53.43471126817846 51.914192044550596 39.044110466752464
53.577994336915 52.007926877260054 39.118583273063244
53.58201860153455 52.01814931299381 39.12088746630681
53.629011872694775 52.131698778715034 39.16060941828108
53.6290887027416 52.1317650958854 39.16090345081513
53.62911899397663 52.131793158682676 39.16102559063711
52.05205126592198 51.96033337606668 39.07594000400748
52.05277051978352 51.96022099042479 39.074890513604736
52.53459790262157 51.91265430403092 39.02917002254911
52.650720042439424 51.90041820818581 39.06890338355558
52.651352778597875 51.899363279747604 39.070433634944045
52.66351622930757 51.921069520088096 39.07057954929172
52.6641690964815 51.920622904592705 39.07149852004895
52.70518079946469 51.94122159885238 39.06824069145995
52.744518972229926 51.95059449194818 39.064478319319036
52.809027018769974 51.999997107487935 39.035413595893935
52.845363520450434 51.94377463534916 39.070521224199084
52.86760289698756 51.98296745417413 39.09631879043422
52.97827471441428 52.07592315242611 39.13006397690167
53.028654262499536 52.113860659998394 39.17680071542186
53.02862676746848 52.113883176657254 39.17679116063229
53.02872017187087 52.113842225816214 39.17683395586941
53.0450497802786 52.04937648404275 39.12702941832907
53.04620007377494 52.04514040304622 39.12354554538487
53.230791559986024 51.93652783461147 39.047048445338945
53.235548931782645 52.00427239221244 39.084834085490314
53.23637059081764 52.007227790677675 39.08683545172683
53.29087698022109 52.015592030097785 39.080053635084894
53.35075682324303 52.022242081198726 39.06928671613834
53.35502280499783 52.01864348480952 39.065599517863205
53.35326329499736 52.02014085299615 39.067130244143016
53.415970095409065 52.02840951163129 39.04245179125273
53.43521126053003 52.035219525950865 39.051669860904255
53.604984965092555 52.130203819924944 39.12566706760111
53.628996944088314 52.13170024031132 39.16059880583525
53.62901465022962 52.13170871693542 39.16064449806898
53.62905402995361 52.131737359649264 39.16077786415618
53.629107412108134 52.13178194884349 39.160977334021666
53.629157215355576 52.13182674255265 39.16117378671254
53.629190010741596 52.131857842669184 39.161308349792506
53.66122393467347 52.13830493123281 39.129296013079106
53.66247302387566 52.138529913174025 39.127611005627415
52.03399216763753 52.0155365706908 39.10334010230115
52.03421710458811 52.015782516598904 39.103260472607545
52.05432451936706 51.959923267523706 39.07254009279893
52.51770603584769 51.99878139761577 39.0136662652165
52.56629624301472 51.99640680871225 39.03006512896955
52.625561257021744 52.006568654985024 39.04023053656594
52.62827877913173 52.003120284689885 39.03995815043005
52.674463553949714 52.024830101665216 39.08415492691979
52.689842959573056 52.05254126099028 39.0793395284953
52.71523412734423 52.04649670590537 39.08464378439927
52.75237724442786 52.04793661396597 39.080989306087616
52.80651874190688 52.04335257535402 39.06003402271675
52.88011380466584 52.10087571761173 39.092409811407116
52.84457044538084 52.053233719696934 39.06102261594926
52.91765395105277 52.08274896099569 39.104547753019084
52.97985119556566 52.076922213398305 39.131469345141504
53.35444867462709 52.01917452325236 39.066131136002625
53.41679516894912 52.0304846798226 39.04310515797926
53.46501247828981 52.09131878349108 39.06844368818837
53.629038472670345 52.13175057424063 39.16080471299874
53.62906321777996 52.13177004339771 39.16089328566397
53.62911311600314 52.13180667537663 39.161063372521824
53.62908920462679 52.13179034363952 39.160985829942156
53.629181815292874 52.13185820553507 39.161301098732686
53.629255212665896 52.13191918113275 39.16157428189791
53.62927820152349 52.13193897199553 39.16166209165429
53.629276351087334 52.131937873760165 39.161656627892825
53.62927033356458 52.1319326496713 39.16163350137885
53.66064805024659 52.13824288881348 39.13032018023315
53.66186897721238 52.13846551152672 39.12868926073318
53.66335313032232 52.13871332943969 39.12657144624309
53.662140657558155 52.13851626888278 39.12833358353571
52.032790828896 52.02191301867141 39.10433518174254
52.03298486896573 52.02167691360228 39.104233275092525
52.03208926126099 52.02688255648192 39.10500860231929
52.03186486359655 52.02748823007346 39.10515109869901
52.51887871035356 52.00090524773981 39.01433519940287
52.52125973999942 52.005213213912576 39.01569135459397
52.588125290724605 52.06951808211572 39.06912468892106
52.64562903661663 52.08275820491654 39.08238920617092
52.65198153627435 52.08502147330661 39.08813359106125
52.65898817200676 52.08852379001171 39.09522438506541
52.692465244644936 52.06838151610386 39.09420804883047
52.763326939703546 52.09943716230605 39.11711948530697
52.71293480248842 52.064016622130026 39.099212219886894
52.77180528154779 52.09474138661873 39.111103950827726
52.77901177822328 52.09192393760271 39.10680213027481
53.62912622914128 52.13181960843346 39.16111879112602
53.62921693040411 52.13189172000955 39.16144587553791
53.62927098174923 52.13193401847245 39.1616386061104
53.66287601422121 52.1386540500373 39.12737322405414
53.66326755815553 52.13872914728339 39.126872170206084
52.02954894381798 52.03804060882016 39.10694046708127
52.028965778065114 52.04037928405785 39.10736744443361
52.11306848369685 52.078037057261206 39.080747936905155
52.37307035932676 52.062000928558334 39.02959387335209
52.52141719884894 52.00549832507982 39.015781143669
52.587345329607636 52.06919089133483 39.06840060213358
52.64229283722049 52.085299370670384 39.08217119121271
52.64766174017864 52.08812696016208 39.08771256705806
52.65566231680219 52.09281795348119 39.096328400191354
52.6628842767861 52.09613092770493 39.10341425691203
52.659072569900935 52.095137028613614 39.100240684533034
52.69323291704461 52.07304409078668 39.09859851269739
53.70956894150706 52.19488201105022 39.11174115496168
52.09514409316043 52.083630339215304 39.08758603788376
52.10963171148737 52.08403510840968 39.08255689665374
52.094694115448064 52.087002709313644 39.08808436329612
52.18844980933708 52.08455958655891 39.05379440180868
52.359679603275055 52.22451949447466 39.03453623452375
52.43155269980967 52.169791921857055 39.05143288185971
52.52472617207442 52.23496844226385 39.065907726989394
52.598050814721766 52.17737090353961 39.09262312191394
52.604055295639036 52.173937327925906 39.096346083098624
52.61366378437257 52.16975801804314 39.1027308642324
52.61166458916886 52.171328015049994 39.10162994171343
52.65656591921542 52.0942669454225 39.09799124033444
53.784967995558006 52.255239062790665 39.05820872621675
52.106258128006644 52.088118691471514 39.084150243849514
52.105092226297884 52.0883908379986 39.084585766410264
52.15325406316232 52.2007727398385 39.074683716822264
52.297831344228285 52.118175929496985 39.01513658207549
52.300288988681395 52.122238464441836 39.014436857682284
52.359769122154816 52.224943572090275 39.03409775222765
52.36824573102944 52.23464289385535 39.03535075768002
52.46255463042458 52.30886009899607 39.052053286424346
52.52077828396454 52.246461163046106 39.067702806756834
52.52260732674773 52.24284054977344 39.06716210138052
52.60253791648279 52.18105624205796 39.09743594174163
52.6003425205984 52.18398319878585 39.096617724869944
53.78725153356051 52.258978065132624 39.05845201893649
52.13713984403968 52.210039590725685 39.08097448312437
52.14949340605786 52.215574727258186 39.07671103560884
52.13747325981616 52.216289887889985 39.081129341624404
52.22391563809964 52.28987957093835 39.05739872711047
52.36182444402256 52.22773596211026 39.03378280013524
52.3692153907264 52.236205014312404 39.03485847896493
52.43397190379214 52.33770762456324 39.07184106740893
52.47974373457286 52.343279362311506 39.0991558820719
52.481149332605035 52.34209682219391 39.09839881576713
52.53534854257684 52.32454636366781 39.0993767161811
52.535046231007655 52.324520654831126 39.09924758471055
53.82157042828294 52.33579153496218 39.064330992240706
52.21974079754575 52.42766138780867 39.08789919562206
52.13708087557545 52.33152496787423 39.0911930985054
52.22038372258834 52.31184720061036 39.060199657401455
52.361042875102115 52.34595230231291 39.04728222872804
52.43361624394129 52.339057972603754 39.073087789643765
52.43538262245434 52.34038968498069 39.075544249396316
52.478044556499164 52.3452312677756 39.10058588432052
52.479644312928855 52.34386688858618 39.09970601831991
52.48019322085137 52.343454504962054 39.09945907339683
53.82160535354618 52.33663213491417 39.06447971104373
52.21999311302285 52.42789327854907 39.0881363044943
52.18970268101057 52.428441807934774 39.08491388538638
52.22129471951662 52.42860538102974 39.08857887547814
52.308813829194975 52.42764545850709 39.111394285612775
52.43347986945987 52.38320326214934 39.09781016927416
52.45478679057 52.374344490372806 39.10171280895578
52.475353606558585 52.34888894069107 39.10340882940774
52.478677093813005 52.34512844669893 39.10066831607422
52.476218128396866 52.348155074263985 39.102936747956264
53.82194508040939 52.33826155775041 39.064547986904785
52.220659864736106 52.428447380627844 39.08866826662005
52.220248648325835 52.42821621087129 39.0885184564044
52.22249363896824 52.4295038388736 39.089377575537846
52.30603468605294 52.42875720329729 39.111241486068174
52.36694328862508 52.42668872753207 39.11161752977591
52.451274097867234 52.39011709574199 39.118049517099294
52.45114720431203 52.38991532748124 39.118675071809704
52.451142117678735 52.389887963203805 39.11870847642234
53.822573580265214 52.34069366570851 39.0645517012056
52.19949310456724 52.44303352763252 39.1024912940233
52.19919868712812 52.442979400734885 39.1024212281911
52.2246409874092 52.43119308368315 39.0909371600151
52.30189221603107 52.43064558102069 39.11123989873594
52.36402845449928 52.42759161913946 39.11185835322285
52.428449144853424 52.41931009655259 39.11539384780279
52.450782736144646 52.391233822551996 39.1196517290316
52.446910646767165 52.412033705076624 39.11998403896851
53.80100699780422 52.451217991018886 39.171737002266426
52.20031187986231 52.44397227814987 39.103187568911544
52.22317592684932 52.44951768539553 39.10299388043626
52.218246379303 52.449805534337955 39.102669699603766
52.263929118294605 52.46289879817301 39.09396204677056
52.37680628676739 52.43436287182561 39.129009555115005
52.42873718498947 52.42006015156323 39.11526649149417
52.42950026926136 52.419786498093025 39.11630380735569
53.79990311065505 52.45389186992476 39.17673296860494
52.22440714523467 52.45085160591482 39.10473093678007
52.202924591740896 52.46701409915646 39.109356283277194
52.26567083311083 52.465157944490485 39.09514095911791
52.37142525213618 52.436151150099846 39.12829083043003
52.42855508964682 52.42087369007827 39.11456396428321
52.38980801717818 52.432086641564084 39.129582834215526
53.798655617279216 52.45689542397102 39.18234686361702
52.20791897716492 52.46668839676425 39.110106493666734
52.20283123610537 52.46719831629966 39.109142941904466
52.26368125162821 52.50669349014906 39.10027642079067
52.32975569786509 52.47348561009436 39.105716486519846
52.33806446642831 52.47214563253391 39.10610292905493
53.795521664390016 52.47535619640284 39.1821822392272
52.2340571643967 52.543268574414256 39.10716641099661
52.233397192811765 52.54532831367858 39.10678063664416
52.285674061636485 52.53126702768262 39.10478579126058
52.30466347160785 52.52534738647147 39.09622229279849
52.3408306688719 52.572371532774554 39.085525325540125
53.7961983398705 52.50001458324265 39.179905558781876
52.24387993275141 52.6047520531195 39.10516760175771
52.24203860485362 52.60362989017391 39.104692508430844
52.295425353651936 52.64151988690275 39.11856539335071
52.31411773693873 52.625602426537526 39.11018915822035
52.31437094662297 52.625426464795176 39.11006931804314
53.80520613700814 52.53853478634154 39.129168527552
52.26927965096703 52.62760129250077 39.113040182474734
52.26757026222312 52.62669882062498 39.112664438560316
52.295521965124266 52.64168058652877 39.11859741572799
52.29593016595622 52.64188620611333 39.118670047684056
52.295934966950114 52.641889896731385 39.11867107036647
53.81426113881166 52.72506032422984 39.1503290916244
52.2746027658724 52.66627334863684 39.12910894459773
52.27394163203421 52.667520436509704 39.12963722375895
52.29573244623545 52.642026968305444 39.118666687773654
52.295950860172596 52.641909643930845 39.11867545271533
52.29601871752462 52.642127272883684 39.11871181316465
53.81492935207302 52.72592101452835 39.150821026553665
52.27383571647187 52.68041653403482 39.134303806845864
52.27376749022588 52.68050515925049 39.13434270668802
52.27841599865547 52.67440714585189 39.13166309808966
52.27925280402552 52.67333333992437 39.13119244941522
53.81623887969286 52.726768386846004 39.1500911046634
53.81580933342501 52.72704855091256 39.15145691381967
52.273259333587404 52.68124027696042 39.13466918815338
52.276937590580324 52.67646354473718 39.13257262544507
53.81599186899514 52.72728062226093 39.15158515394819
53.81644627372017 52.72786453071724 39.15191688633237
53.86763146470726 52.77937106917682 39.140234372050564
53.94634756645398 52.88369682573759 39.13509314862033
53.945774090749026 52.8850807918339 39.137918573626045
53.94512300539074 52.88666648973629 39.14109787630444
53.943280918476376 52.891183473572305 39.15003246598569
53.94341562971687 52.89089955182257 39.1492874981291
53.94265501442295 52.89274821834824 39.15300912066638
53.942755859795895 52.89250905304604 39.152503973488464
53.94342629760622 52.89090403831074 39.149175273774006
53.94433037432018 52.88872840148572 39.14470885786274
53.94414816154945 52.889169101875645 39.14560468274411
53.9442147884908 52.88900873329111 39.14527558959078
53.931543471922296 52.96508054013148 39.12663136067407
54.003115668456445 53.09788343645931 39.11823379752386
54.008836674797166 53.10531928751064 39.115731195873416
52.19059642390641 53.222001031048194 39.15160061657554
52.15234982113951 53.11890075711341 39.188298338870354
52.15338702627005 53.18324558958004 39.16474633662373
52.1929810978636 53.22209946492329 39.15037916215817
52.1928369907177 53.22209516033194 39.15044726559905
52.19303018525617 53.22210116641233 39.1503551470094
54.16239715846657 53.26464358540433 39.088158844499986
54.08227929240331 53.293333394857555 39.165528704884
52.16363181423502 53.22715188179799 39.16527787986613
52.13233719924265 53.19043916276419 39.175345916648745
52.13491398755011 53.19565276207892 39.17553630155993
52.19104513364664 53.22200692304479 39.151414651402774
52.194804274879644 53.22214775277571 39.14953898644017
52.19506843293902 53.22215750952482 39.1494076663262
54.0837222738238 53.29359756499778 39.16506970077354
54.16326876813845 53.26647140110474 39.09015630360092
54.131987532626425 53.32650908810079 39.14247745168696
52.16068772341329 53.22726687835575 39.1677350046219
52.15786072758446 53.22655591555831 39.1700272101961
52.19221548350697 53.22206622823108 39.15077699287717
52.197001346650744 53.2222022520196 39.148539330505386
52.239821034588715 53.22837004903086 39.12538106314065
54.13285241068162 53.325849496960586 39.14235442841191
54.13390559869521 53.325166489735764 39.1424542590083
52.158184647432 53.22994725119314 39.17003532637398
52.15676984856574 53.2277964363942 39.17103564617871
52.16059489318136 53.229422580037564 39.16798852768157
52.15767938494324 53.228164581511365 39.170309573039724
52.19228289313858 53.22852676111286 39.15076989270283
52.197129668592055 53.22734817453564 39.14844655888646
52.28836403947434 53.2592324691785 39.12319124476812
52.28763281293827 53.25881771659678 39.1233669214912
52.2886428554216 53.259370624154315 39.12316032610354
54.13457783681832 53.32509036118755 39.14326531448874
54.134561800072255 53.32549410092784 39.14408073181371
52.162119182444286 53.229234050603225 39.166705810945885
52.163353709951835 53.22906339729149 39.165665464514895
52.190963381814015 53.22884943931476 39.15141779062233
52.23731222501539 53.23933606285104 39.126386831015516
52.29414443359535 53.26244125987594 39.1219285466764
52.29611868001229 53.26332683582794 39.12187682666186
54.13347339536067 53.3275262266514 39.14673214846936
54.13318536272421 53.32793955544228 39.14717534379669
52.13769985281743 53.32638383356594 39.132694000512295
52.14649525424659 53.277012041448366 39.15466238427665
52.190805774721056 53.228884096947354 39.151462236619096
52.24039612694578 53.241504456488485 39.124681228721286
52.32065062144679 53.2696626141188 39.107292759591175
52.32186866269415 53.27008887310905 39.10790845102615
54.13758622836291 53.33337516641624 39.1364131478166
54.13749924905522 53.33348818176789 39.13641610140428
52.13518451692721 53.34142963717256 39.125391321089104
52.135613728506215 53.33940626451523 39.126383126215636
52.13597517283981 53.33791619835662 39.12711837348368
52.26155513993762 53.31294825279589 39.111095544019946
52.357225481106084 53.31821553506175 39.137948016607204
52.36156160904013 53.32238669699056 39.14095603143612
52.122660318262525 53.39177382750818 39.09997522794808
52.1228320769552 53.391688829001865 39.10003736065253
52.13116450156761 53.410063192816686 39.10381141469635
52.18027204660304 53.34537099179103 39.10509657900592
52.36239080991638 53.324442310579244 39.14194645891424
52.409282869024935 53.34061579307614 39.16297982578066
54.20050710803038 53.50695254216038 39.17396402977742
54.200140906405295 53.50641226026622 39.17433107596681
52.112831063790665 53.45113792854242 39.11060613015758
52.13150424101364 53.41753326544472 39.10288357673359
52.153282483759085 53.47365256423667 39.10387750989138
52.15483744202639 53.476779314223165 39.10421025037692
52.32906592459858 53.41665128227116 39.146233289206265
52.411325270601935 53.34477169140595 39.16517146161539
54.20060715863788 53.50727529499461 39.173978885788415
54.26582125477522 53.599343897947314 39.14051435058735
54.38062187989544 53.52879441046875 39.06553411439123
54.265984497406464 53.599457279792475 39.14039415345252
52.10830564421453 53.49516863347522 39.10572271660656
52.11070148513926 53.49572836945276 39.10441276149241
52.15465652296908 53.52263626924417 39.09953960686448
52.25225330092458 53.48536830005412 39.132405370749936
52.38118777513791 53.477456806758305 39.176390111364164
52.41159808320041 53.345284612220595 39.16544769202042
52.477687761015105 53.457599793948475 39.20923253746824
54.43616753478466 53.6746724846788 39.146972926459526
54.44101528517719 53.67614601116073 39.148184591939504
54.43807082274121 53.6752515060068 39.147455096949464
52.18793182755885 53.55685966091346 39.095540450908196
52.18958521734467 53.559335895318895 39.094076476213445
52.288012667948564 53.520720597870344 39.128243879949444
52.48237419469054 53.46294424037979 39.210867212614275
54.4432058470709 53.676813678200496 39.14875580968756
54.44924551359119 53.67865005940702 39.1502726570189
54.4480390719825 53.67828396543327 39.14997914158261
54.50325761541542 53.602871628273235 39.11526292272653
52.19317701190077 53.60404770695644 39.1034416203227
52.276436255529426 53.532454600797166 39.122009160306035
52.393690818562845 53.51026270751641 39.1639342031264
54.450505249684625 53.679034138683605 39.15060272434816
54.455740533246214 53.68062624061345 39.151921404750674
54.5080418948351 53.69953525325652 39.11630310498944
54.505845414630244 53.72238606803907 39.164291819216075
54.509926917571086 53.7005083119128 39.11024335259528
52.19376234695479 53.60722490372389 39.10277183223673
52.23278156813933 53.63321021509204 39.08218012760538
52.31436050438335 53.56214517074468 39.135638085297686
54.50658865035842 53.72426479412999 39.164453578071154
54.50798333134193 53.727791842237494 39.16476022786445
54.50785812509013 53.727476278397944 39.16473475873092
54.55779962703221 53.73617494317267 39.159595029241316
54.692794822619916 53.686379468757295 39.10520248676339
52.23492121572185 53.63714574005085 39.08080511415045
52.285060161033854 53.70972020737129 39.07211243089536
52.287822328286026 53.71352194418487 39.072322562654286
54.50802799127299 53.72790615843417 39.16477268417178
54.56022595699429 53.73784625553263 39.159532675509894
54.6371658274368 53.79831476101434 39.153378278580035
54.636981961454254 53.7981774544818 39.15338126956894
54.75322677677276 53.74952406240949 39.10775457474003
54.75986368954766 53.737592295729876 39.102176521928385
52.25763922355585 53.70071219249664 39.063579094366084
52.30427528501859 53.76146968457965 39.067719798630776
52.358469821867295 53.75585077402631 39.06785864277915
54.63724325405249 53.79837177170246 39.153377226480934
54.74850346372702 53.758015370242745 39.11172446441417
54.750264656827035 53.75486138162006 39.110236176721656
54.75321046214026 53.749590218848276 39.107744033293194
54.75209333173851 53.75159527027521 39.108685117425125
54.75930579073663 53.73864696977224 39.102611370726365
54.9600020854017 53.72591801026898 38.9931716982897
54.96294063484871 53.73197555175907 38.992638139139764
55.32798757131922 53.72132572738737 39.01367642514731
55.42962192077678 53.73436233140613 39.00306259636186
55.43113454260951 53.72859287985038 39.00437756296938
55.471541519850675 53.61950460045128 39.000013580973885
52.273206188977184 53.747813361433245 39.0588983858393
52.32187979825595 53.775915289413035 39.0729976694754
52.32298349186495 53.77684974481427 39.07333192651526
54.752502228692535 53.750865532933446 39.10833791774709
54.75497185585611 53.74645566651216 39.106242538984816
54.853637790752586 53.74350412437697 39.05427256470524
54.9668669864965 53.74187266133275 38.992177745313356
54.96964257488271 53.74762309499267 38.99167781126767
54.968318768375966 53.74500930064425 38.99193429670412
55.05229954131082 53.74875941067005 38.992404259591126
55.05520107558475 53.743386577091016 38.99266812943564
55.17011572764237 53.82080030765537 38.98637703349952
55.21680342672537 53.73539585691557 38.998239466185986
55.2179999729298 53.73936697268453 38.99821098553905
55.2190428659577 53.74279628337798 38.99824712543022
55.29035021108564 53.83206887813019 38.98812152114162
55.29389887684364 53.832686385531304 38.987793676236215
55.297578088535474 53.83323222784112 38.987379973798845
55.38295006907589 53.74481924468283 39.01272988307636
55.426649258349784 53.74580104840218 39.00043647116932
55.42760086194284 53.74220808946592 39.001248426045045
55.428410756435355 53.73914293756647 39.001942491333565
52.32193828839045 53.78422626632205 39.072858517630195
52.32436472953228 53.78517221262062 39.07361588134201
52.355060973957514 53.812546954538576 39.084876367869775
54.96992567555895 53.74841360184307 38.99165538391665
55.05133094533224 53.750522030646884 38.99234201043896
55.075774726225546 53.82126301397696 38.981218427207864
55.170819842362135 53.82118473908361 38.986673019410304
55.177097628932195 53.821783475291404 38.98743298259388
55.219287150985245 53.74355978159259 38.998331704772866
55.220136172494136 53.74634446902884 38.99837475459344
55.290745017805676 53.83242839032564 38.988312432428415
55.29407731527842 53.83291392587517 38.98793082685558
55.34792352397177 53.85910338514961 38.9889276167689
55.35070107285153 53.85908257401116 38.988106027664486
55.42514909474419 53.751532136433696 38.99912851294144
55.424084582761466 53.755666299300856 38.99817225176801
55.42401141792616 53.75593546910791 38.99811277880273
55.42465648004051 53.75355631801698 38.99863963041223
52.355240572295635 53.81343924068767 39.0849779526886
52.35616683987463 53.81450769288476 39.08538325302711
55.42359116842863 53.757549562853846 38.997742778001204
55.40045364926879 53.8495593964352 38.95646068028195
55.400397321759606 53.849673669702945 38.956585761188
55.42839864568451 53.85505149683241 38.95096416753217
55.40029168497347 53.84990369116839 38.95687047645928
55.35562789440726 53.85931053623921 38.98662001819294
55.355549962856905 53.85930709278508 38.98664350603436
55.35552408941686 53.859310626900665 38.986650797721055
55.35407797928626 53.859419181721336 38.98706797374334
55.353260929243405 53.85945793096237 38.98730612230864
55.351826624270686 53.859507953304835 38.98772613301546
55.339236695904106 53.89235998466684 38.97556753804523
55.35061710774329 53.85953336856588 38.98808213351016
55.339393674522306 53.89223319109766 38.97560704734203
55.161324775628955 54.15878064439558 39.09995873542623
55.313266299693176 53.95219066754531 38.983731728736075
55.123099765976576 54.17260206697526 39.15855936267366
55.12308731837784 54.17247632664243 39.15855673358755
55.12308687550683 54.17247212160909 39.15855676815529
55.123097996185535 54.17258359735351 39.158558706608964
55.12308045731889 54.172425383380606 39.15856404120606
55.12308098299985 54.17243677567605 39.158567052407086
55.123117821879504 54.172918406922086 39.15862704725632
55.12313419978338 54.17312572906333 39.158650476220224
55.123354034417865 54.17631009717695 39.15915643297153
55.12335741673675 54.17636656403245 39.15916778089576
55.121817672862576 54.24842979352235 39.15003165275202
55.12100344441408 54.248159157463235 39.15217612366202
55.120339429736646 54.2786277687613 39.14331549104043
55.12033876486885 54.27888640983687 39.1433121636024
55.08463486838544 54.29446206859087 39.15345280828081
55.04968742428932 54.30687316796721 39.16222386676721
55.00943996756584 54.33273377187703 39.165019199156404
55.00677344420865 54.43028854794247 39.15823845406935
55.00743376954221 54.43148717583142 39.1583832481749
55.02161423219785 54.45798152224942 39.160393466786694
55.00158100307087 54.47223013419698 39.166428493937836
55.004863055532475 54.46978122535484 39.165453383551
55.0050578250923 54.47445670694058 39.165220483990076
54.978900198449075 54.50092012054678 39.18007411765032
54.926543634758005 54.563337472124886 39.190010591442466
54.93215770942106 54.56232991288482 39.166018380576475
54.92618565021261 54.563800660515255 39.188750619688484
54.91448140605918 54.60986951960437 39.172325138951706
54.90818607287739 54.61361991228277 39.16971307138277
54.91892353677481 54.631523069405795 39.13885473581422
54.919736808076664 54.631502933301974 39.13775416125374
54.888932942496616 54.76827487719312 39.18523909035288
54.888292254032564 54.77403814016863 39.18729426541812
54.886031420918044 54.846231298289474 39.176139208369314
54.8834208840217 54.85655800873103 39.19859157294786
54.90823058927464 54.87492883583442 39.170377291716484
54.89799907219478 54.85925861752131 39.19643682876963
54.89882235598356 54.89517838627795 39.18670127988591
54.917527627788985 54.8918939003872 39.18362105513238
54.91473839931412 54.92364922918969 39.17123888957785
54.91959886513089 54.92026517783594 39.17322789442987
54.92419233618352 54.958795726132195 39.14860582545284
54.908853342635375 54.96115703118516 39.16861025258456
54.92397570493739 54.972051236550016 39.15426718585079
54.93959340451436 54.98097144649581 39.16035252735902
54.961269074476874 54.98255114909878 39.13643162793878
54.941367465094565 54.98227584648069 39.15869968869049
54.94833641322681 55.047286934496086 39.14643470687682
54.91752026172864 55.15274013433495 39.134418350271254
54.93855839400307 55.17071328487949 39.13113207262066
54.95443318726362 55.208784024604014 39.12891901507973
54.939326542199424 55.1717945184338 39.1306936354049
54.955172576864484 55.208180105969774 39.12873746703743
54.94859506713824 55.23828509349502 39.13142937562938
54.94914192847708 55.24039749522334 39.13079004058774
54.967329892087264 55.26825385051654 39.11500168856783
54.965348488939526 55.265382838857576 39.117797353748436
54.9670010547425 55.26758025197256 39.11559983558524
54.977751349567086 55.291910253387826 39.09128762319904
54.97842214038626 55.29280559173871 39.09024504403063
54.97816544007571 55.29246904339736 39.09063708359788
54.978264935653655 55.29261270187992 39.09047005879175
54.98777998242973 55.37238092907918 39.06843396159723
54.98805181774638 55.555232758162916 39.073863892813925
54.96203838698555 55.55539563519359 39.1221142038536
54.97713141412718 55.5726869205768 39.10781387661882
54.976856317245215 55.57677298343491 39.110284697913066
54.9843040321326 55.636576336311414 39.14788705810119
54.98415788350414 55.63648910036412 39.14793659040538
54.98433896963135 55.636751742162446 39.14807034042248
54.98517127966814 55.638032019492385 39.14877739881505
55.047798498752684 55.65438504347945 39.103406299113594
55.046305626530625 55.65412256169269 39.10463448222571
55.04736692155255 55.65439933259685 39.10387375901484
55.085572381570124 55.6935501063345 39.07560011297349
52.969222731219645 55.75827064014126 39.13832566217188
55.08771173313343 55.69485010962592 39.07272770679363
52.970444372485645 55.758492870302355 39.139825024996085
52.97042462623976 55.75849495760574 39.139794573254775
52.97412165852937 55.75928063418249 39.144208223782755
55.08786999520545 55.69495265427595 39.072512738705235
55.11930128872403 55.81933572419844 39.05256001700626
52.97833347455916 55.76067076859609 39.14869456366128
52.97840774198686 55.760511704872066 39.148974609477655
52.980469303951175 55.761319529034736 39.15103110114161
55.12000367909486 55.822727133437446 39.05316993493966
52.965529225982046 55.795200241873694 39.14517074684785
52.977169628989714 55.78883726207807 39.154534554042264
55.13932509813334 55.88354494341027 39.05702036652008
55.13917775731619 55.883237077501676 39.05705327174065
55.13944855948392 55.883801463155976 39.056989261154975
52.95654355931951 55.803168214259685 39.137697382194844
52.968015404872894 55.79581727916307 39.147012216188365
52.97717234074758 55.78904353117731 39.154520074784244
53.020351362022765 55.79960399224035 39.1472007074189
55.14031634072071 55.88560896827367 39.05678155892549
52.97396130751979 55.91830880190115 39.1057387996075
53.01236379520952 55.87448026561215 39.11031273749393
53.021553370251866 55.801976941623025 39.14484322939221
53.07183110614963 55.82700320227937 39.14064873505306
55.14113265298947 55.887308439640776 39.056584156841616
52.93193966451738 55.98199297953498 39.062606763195845
52.98537397997238 55.95016176263722 39.06674991473511
53.1221381946103 55.867951030661494 39.12022178085207
53.12255576222172 55.86650199578056 39.12159568477303
53.156449897363146 55.86523854183111 39.13565952493754
55.142088271622384 55.8892985821541 39.05635465265558
55.141388847039124 55.88784141200142 39.05652124099379
55.141710877103094 55.88851084780935 39.056440943517714
52.97901262360851 55.99618228990755 39.056189777678
52.9960745034986 55.99400200298006 39.05731386419593
53.140288124494376 55.92917671583447 39.095424134818984
53.157020253775336 55.8663294552192 39.13524463779283
53.17269159721468 55.89864832256248 39.1086842232623
55.12815741426087 55.949629165834246 39.07612896580784
53.05846579366841 56.02659017653836 39.030793861529034
53.08068348308933 56.07349637511534 39.058034632139936
53.12314215652779 56.02717311601075 39.09508887010766
53.150164711573126 55.94369692913471 39.08701298519162
53.156904470529255 55.993637020640996 39.10821709556684
55.14848911200737 56.020543481702575 39.04353040917235
55.148195378876196 56.01979711930413 39.04418852920744
55.148323033873226 56.02065476186546 39.04370976334202
53.07871853425006 56.15753348919947 39.079613302674396
53.080152203193634 56.15854699453306 39.08113169178719
53.08982156436546 56.12308158840218 39.07725418956004
53.12545585379689 56.17757010066286 39.092455554485014
53.155671074732766 55.99853880047786 39.10800602065469
53.18428683132184 56.12642607529369 39.08258589114216
55.15053810480069 56.0456950314442 39.04817702774882
53.085182286778526 56.17013981003015 39.08694059456188
53.10630464892391 56.17846351445278 39.09146050677079
53.145429062371164 56.19126928893323 39.09479100676678
53.148464516687916 56.19198402424961 39.094031241381764
53.14759777223439 56.19184065089002 39.09418242342482
53.17436212839844 56.207252747063194 39.09738929015291
53.17417453802126 56.20716381267604 39.09742451962044
53.17459403035418 56.20741484094779 39.09735855703681
55.22058719680308 56.16356828622229 38.969281644288394
55.18512344738662 56.14886306101094 39.020450850811756
55.186307475319836 56.150155071461114 39.01949139963449
53.10764833754682 56.179202649641745 39.09292553608754
53.145880742230055 56.191374210491716 39.09467950376979
53.17366738032502 56.20645557060324 39.097404785280375
53.18562827101246 56.21594439780538 39.08904954838067
53.21427487451402 56.20804279604191 39.07158701150769
53.214344218670625 56.20771576365986 39.07129835590879
53.2144528362937 56.20799169365098 39.07133902629431
55.262477408144974 56.233575886596185 38.96510701807442
53.14746545331913 56.191964820079434 39.0940472993348
53.185826628753674 56.21600083122888 39.08907675367943
53.187502646023916 56.21745273203187 39.08937478945021
53.23525761863786 56.2263615720458 39.073206182786706
53.23930421859603 56.22689198486868 39.070719428652
53.239051729034614 56.226644563429964 39.070789525683075
53.28038080788595 56.270540362363136 39.06855648784271
55.30445753867292 56.28375425795529 38.953293834356465
55.3043712281261 56.283660257057306 38.95333668116954
55.304585947375564 56.28389411098661 38.953230031382034
53.18868475726801 56.219256419529536 39.08963950090903
53.189775178690184 56.22005145200087 39.08982294702512
53.23983056498601 56.257182142928166 39.08968018625228
53.280593691583135 56.27263427512328 39.06976908324006
53.2834636072932 56.273761361161874 39.06869813798929
53.28278415834244 56.272670539419636 39.0684221030892
53.31233760831755 56.27182821523443 39.045669896804924
55.30524752189561 56.284614642056184 38.952901423202434
53.23817321269962 56.256866052595434 39.09011118160645
53.24648315207917 56.264078287002164 39.08933992894858
53.28330568022871 56.27715938271219 39.07098085858193
53.31265906843251 56.27568474160246 39.04817177978797
53.31255121407277 56.27441453085216 39.047342918215506
53.312458754426395 56.273301983032255 39.046621839258655
53.31251217881183 56.27395768379296 39.04704421185919
55.346045310958715 56.348139276781765 38.95189635274607
55.30558294793583 56.284979960076775 38.95273480887982
55.34641333526159 56.34888273326564 38.95205917812974
53.24308661405991 56.29976132281345 39.09014709195463
53.289003248404825 56.29791393955864 39.06779579546605
53.33144612244011 56.3476692340924 39.0540612359692
53.33276974201096 56.34991460375626 39.05245409387243
53.42838963963936 56.38582180983519 39.114575122599945
53.428484160779995 56.38536410665236 39.114921394260925
53.525657069613416 56.37588362505613 39.17349668364789
55.36094045493524 56.398035767871974 38.96073712582596
53.30680464749751 56.33828104166042 39.07742779757853
53.34714657827293 56.37303047202987 39.05175083944414
53.34952592464261 56.376210980421824 39.04902200864035
53.42899370348527 56.387647345155955 39.11377421516823
53.63936769182427 56.39580596712524 39.22200235915201
53.63959477589647 56.39566616214947 39.22210184727143
53.639250359827976 56.39587780880248 39.221951534819546
55.36120748889829 56.3987193237475 38.96086931463407
55.361801288099755 56.400252126791344 38.96116462431757
53.332650028101554 56.39499762905319 39.05585331126872
53.36160300011508 56.4057803490324 39.05479134053188
53.39356738728448 56.409593563475255 39.05633984643448
53.59194679587601 56.42102065416573 39.1623752715775
53.63839066787335 56.396407348826344 39.22157449925101
53.63887539147363 56.39610841524251 39.22178761598648
53.637414100320655 56.39700836686788 39.22114696100766
55.37675237260907 56.450314678263744 38.9596669251808
55.37669531054239 56.45040699616422 38.959603760671364
53.39805677525676 56.45771207533919 39.033469839762404
53.42425773626265 56.45424660189437 39.03699110139926
53.504397138996865 56.434916565359735 39.1041598475767
53.6381206264661 56.39657438648271 39.2214550341896
53.636795375867415 56.39739123574225 39.220873021231036
53.63705898297861 56.39722731375261 39.22099091216118
53.63434490690217 56.398903414263806 39.21979423162931
53.63259756567449 56.39998213559044 39.21902433605254
53.63447177913141 56.39882451012734 39.21985098589825
55.37667250482278 56.45048245140318 38.959534013904836
55.37666142081688 56.45049668580144 38.95952601235395
53.42595250011307 56.454993702488935 39.03658983310355
53.516254485129835 56.454520859823475 39.08734897805398
53.58195581262364 56.46736720635738 39.11681244228909
53.63781148554262 56.396765468901805 39.22131847888479
53.637591986866155 56.3969009167738 39.22122185345631
53.63882091068034 56.3961439569793 39.22176080252265
53.63832005669957 56.39645110671939 39.221543142806844
53.64049729424272 56.39511336724985 39.22249306554484
53.64053669780965 56.39508913247765 39.22251029314719
53.64059850209644 56.39505125172603 39.222537121180615
55.37663014590484 56.45059289950291 38.95943874645761
55.3766124730771 56.450605782580865 38.959437313770934
53.58707509180759 56.51792187801155 39.066860806779786
53.62603836802595 56.499698006076954 39.12401893668546
53.62616226484098 56.49939818750573 39.12434682181596
53.62633413583757 56.49882220399779 39.12496064186364
53.6674664796969 56.496266352189366 39.12775916651114
53.68335856247859 56.492490120119086 39.12959153091373
53.68228227295386 56.440276582368945 39.17826516335273
53.77431753707851 56.50023206792876 39.09956887675809
55.376586699769874 56.45072734995074 38.959316603740206
55.376543976855416 56.450734586438486 38.95934073271151
53.61895812401902 56.545907916086286 39.066782200831675
53.62040678199094 56.54548423599435 39.068711811310685
53.658828202982846 56.538575934262944 39.08596531729947
53.667502522570516 56.537556528843446 39.08689794924024
53.67524037998097 56.53660260263499 39.087741429892304
53.82268804368793 56.53932973869777 39.10749560095405
53.77725955160678 56.501554700848224 39.100490655139566
53.83708858799128 56.54064040617476 39.110043906635234
53.836677606962844 56.54046039845787 39.110119493058235
53.84769909806794 56.54154205316853 39.111988167619145
55.35366883984847 56.47930522200981 38.964494228213695
55.33100109710252 56.45167299378124 38.98679822816098
55.33033759782268 56.45182393135474 38.98704357094968
55.376486454727825 56.45089379027962 38.95920072285763
55.376527717389905 56.450761242219066 38.959322329994016
53.658219270480856 56.53867105176143 39.085893751810545
53.66606449889793 56.53774591184451 39.08673806288453
53.67325451390953 56.53685573367974 39.087522805617795
53.82460254026357 56.53990798031576 39.10741421559326
53.837873744257465 56.54137006691725 39.109498287636605
53.84922812686415 56.542707247152215 39.111191622994056
53.848777467793866 56.541678410884586 39.11213925484153
53.902166800255685 56.54779292125258 39.101438054512634
53.90113574634536 56.54699053915037 39.10257294151659
53.90548383317285 56.54838291487312 39.09857209533817
53.90512238856017 56.5481505253647 39.09895066325516
53.90767640516394 56.54858806358611 39.09675055963946
54.97705632448759 56.541429924098225 39.06996933410532
54.97705596724798 56.541418195504605 39.069991873258296
54.9770533965263 56.541418516269204 39.07000721072891
54.97710180446184 56.54166728581248 39.06927670779853
54.97709940838172 56.541596122146366 39.06941487772423
54.97715160525341 56.541970831620034 39.06844264354224
54.9895001880075 56.52236816312411 39.068798734011864
54.99006908366411 56.52200472373881 39.067807033070345
54.99007697510578 56.521992194325406 39.06781925574501
55.0684107520842 56.50584789553551 39.05847976842878
55.2229544973231 56.527951686032324 39.01424316792964
55.22298177177532 56.527580013587844 39.014323869732635
55.222943919927516 56.52799446128154 39.014236078917065
55.25147774275358 56.50607383465491 39.0017559672242
55.25103032580243 56.50559838715871 39.0021685990643
55.275824764782605 56.534813156652206 38.97706357378523
55.27278532633265 56.47013455381938 39.00576055982848
55.352412450250085 56.48125801666809 38.96425514772688
53.67041039001696 56.53720056488271 39.08721427531693
53.82783295582864 56.540682352802776 39.107486273408334
53.83821039245712 56.542053745553915 39.10887866888321
53.847486185044126 56.54343702458259 39.10995947446456
53.89149871075157 56.56220662995951 39.08942594424147
53.907643678436884 56.549136564789194 39.09656028899512
53.9533591047438 56.57219399755893 39.12106078278627
53.94823968055344 56.570169736739594 39.1208937799866
54.05152734811078 56.60806420428651 39.12423451882091
54.04980627084987 56.607581323750765 39.12397987984123
54.06574042461816 56.612053987899394 39.12635293887432
54.977115402872144 56.54243091661739 39.06786894660855
54.97711079028032 56.5423124078537 39.06810288881671
54.89425677336597 56.534882189367735 39.083382211741906
54.977092049110865 56.542288318730456 39.06826051255665
54.977075662262415 56.54193818164952 39.06896875708988
54.97708114719133 56.54218344328609 39.06850970633978
54.97704843790744 56.54155282299267 39.06980505811989
54.977093935905785 56.54218498453058 39.06842796848626
54.97712668177812 56.5422929163301 39.06803842651604
54.97716389049849 56.54243724668764 39.06755819918186
54.977194764955655 56.54256466492669 39.067146449152936
55.14020343064634 56.55035732350574 39.038367690707986
55.13749988356878 56.54707415963769 39.04013073390722
55.222516273635826 56.53352301493525 39.01304214250974
55.22281228472542 56.52932825934167 39.01395644810936
55.22253949603987 56.53334033529737 39.01307890610528
55.222846716025934 56.52901982988847 39.01401993035966
55.222580789159096 56.532941751907146 39.01316189088335
55.22290058316702 56.52848432675118 39.014131897900725
55.24195200598167 56.563543728221546 38.990213569611086
55.26981872802699 56.585915028196084 38.96698539680122
53.8316226016769 56.7079627086265 39.08239781361967
53.869044415952104 56.6247871354489 39.102071428254774
53.87027129134815 56.6198713353816 39.10271762296906
53.87848172930765 56.620688010633245 39.10249721440302
53.95926438951729 56.57434335869823 39.12147197868912
54.05470260456331 56.60894771674374 39.12464811836569
54.12037331315991 56.6654654804001 39.128408122401865
54.085830069054396 56.61019141280743 39.115180743400174
54.12038300465092 56.661669940939376 39.12885462105911
54.11963932490632 56.657803916590694 39.12937865872514
54.12175620172843 56.66211404639215 39.12867608382667
54.12164022457784 56.66134396737918 39.12877751254933
54.12209562954202 56.66281257138765 39.1285625554251
54.72674562713543 56.52986051359475 39.057626883676555
54.72686670222485 56.529573471600884 39.05792144167972
54.72668782528693 56.53000311547649 39.05753015827604
54.812388382076634 56.5049286339172 39.094223650611426
54.81111307510065 56.50480311155994 39.09418467577876
54.891731487031535 56.53492353379325 39.08302851416579
54.889523600152515 56.53438299030187 39.083697099416554
54.97713495978816 56.54282801433905 39.067059700856255
54.97712141533597 56.54279643011634 39.06719818800458
54.97711753042194 56.54277787524738 39.06725436977496
54.97712799719956 56.542782137311036 39.06718227098928
54.977150381764446 56.542807732100854 39.06699951200919
54.97717686327118 56.542843930886825 39.066773042558076
55.0567399934385 56.57321746067367 39.04638106693266
55.14295892989432 56.553595446270336 39.036596838757
55.222189921201604 56.53825053702333 39.01200956857416
55.23998045265977 56.5671970523377 38.99069912624808
53.8627522916569 56.72068482823174 39.082952391670226
53.95224894595111 56.66257953736442 39.10340583310113
54.094772236387 56.679186631023384 39.102912184645135
54.122486806171494 56.6780723980477 39.126727896363064
54.122822294059475 56.67712096688852 39.12680921427141
54.12373728903069 56.67827687372132 39.12658888164237
54.12464410063585 56.68134391509773 39.1261440310519
54.12351433926301 56.6699626134092 39.127589391149186
54.125148676826456 56.68466318987757 39.12570641239439
54.12453312814713 56.678340208604226 39.126508282850544
54.2212209615673 56.75194360785551 39.100780853044824
54.21926874207445 56.749147448899876 39.101480414009785
54.22822023125413 56.75990292125881 39.09872491767595
54.22807228697066 56.75970827976879 39.0987741542471
54.22915242901573 56.76090685846074 39.09846338361088
54.59428001616132 56.60815848785457 39.00521885187944
54.59422113994881 56.6081461268155 39.00523657306469
54.59331622364425 56.60795757296419 39.005503991205714
54.661551120687335 56.580069177817236 39.03237914049936
54.662417265092834 56.57915865747583 39.03332975174353
54.7004040669982 56.58095945640389 39.0235547134637
54.701524308329006 56.5788124847425 39.02600224861058
54.700831731724264 56.58020435367811 39.024379256715775
54.7130767206973 56.63040349329946 39.01908284944906
54.893736717485794 56.5354220254246 39.08240847253454
54.965295224725246 56.56151944735568 39.04504089120751
54.97714611841138 56.543125069318066 39.06647579313558
54.977145476262066 56.543140986889995 39.06645217146806
54.97715373077321 56.54314712507905 39.06639049791804
54.97716949610955 56.5431453959638 39.066296025987626
54.99163902286746 56.61545993236179 39.03508271040756
55.07661563974768 56.64899042003468 38.997458595136344
54.096297258618065 56.750409260508874 39.09227399955881
54.125716987233645 56.699556909092465 39.12389862963983
54.12660362423807 56.703932246539935 39.1233014210212
54.16504373238294 56.761547962363636 39.10874946987435
54.17013699346781 56.76434942675102 39.10717365966683
54.22817396274047 56.817353427401585 39.09185113021225
54.23554035583909 56.817016147145424 39.09080901683921
54.29624120694073 56.815741374263276 39.06575491785775
54.270934023652615 56.75445788259839 39.07032899099352
54.29934894367924 56.81544011335632 39.06375909163465
54.299300840569025 56.815556889569436 39.06333531047483
54.301727103836065 56.81529473841741 39.06188643670222
54.301344350197326 56.81539636182892 39.06187058702025
54.30331594489293 56.81523767601203 39.060472850585384
54.393189105798825 56.74554579073376 39.04176649030557
54.396623647939364 56.74278253095119 39.04052102051025
54.40122493728735 56.73791143737398 39.039952445087955
54.49368985883011 56.668233228787145 39.016103591241006
54.528521875974036 56.57538666482569 39.03154721496706
54.566284220973856 56.657922286140526 38.99161505379891
54.529784920372165 56.57637053446413 39.030941802022866
54.60487605852385 56.6576463038035 39.00012659131883
54.59209455811059 56.60770362698174 39.005862913747706
54.65154530194362 56.67033944848414 38.98656460820806
54.69127374664135 56.67451314424754 38.97624594687162
54.69146908988266 56.67532186732703 38.97615654401311
54.70468764971962 56.6456240164046 39.013511708119495
54.7805209001673 56.70754163990826 39.00633288814225
54.86058238264583 56.72580049780738 38.987684002444325
54.94908559931528 56.6429494978789 39.03252179043235
54.96590177407197 56.71347376024144 38.986843869525025
54.967910531668636 56.712281375278394 38.98688611830555
54.992855882723006 56.620777372959836 39.031931473740244
54.141291164136376 56.81670833529276 39.08591403797933
54.20041953542051 56.81730776783726 39.096726908764595
54.21606707767907 56.81775227556875 39.09367600634801
54.2296049362983 56.817662214069514 39.09137874691706
54.23917036852157 56.81705433500957 39.090148077934295
54.29548363008979 56.81563829568128 39.06695730687463
54.29940693824001 56.815300314954634 39.064265997927905
54.302241449833545 56.81517584605349 39.061836076648405
54.30400185190341 56.81514266686771 39.060148007208
54.39013685846889 56.749712456880104 39.041263523966585
54.39764531661861 56.7424086093927 39.03972896628934
54.56729266407766 56.66372656733367 38.98909419431659
54.625010165027234 56.72585990725113 38.97050938691672
54.658595330712 56.819290157456294 38.95147455654787
54.68566759934295 56.76857981113626 38.96635887404271
54.70231174332 56.86829212475351 38.964696135895025
54.70256242404693 56.86852367762012 38.964809541449384
54.77912224575337 56.84412221631187 38.96665928334345
54.78528383289805 56.843426286965894 38.966384027985896
54.24153127987441 56.81723480925845 39.08960596808992
54.29493396816067 56.815617613254865 39.06761027511971
54.29956244233477 56.81524146571664 39.064343659610344
54.30275654073174 56.815118929566836 39.06153360291273
54.304594755349875 56.815095449648204 39.059725635207805
54.36778344419881 56.86593800154927 39.03883174360482
54.37106818766264 56.8703331833841 39.03752501534352
54.52605043147278 56.91461490816892 38.97379653397444
54.65690742268363 56.82081876473882 38.95102528265089
54.65886988693448 56.82111443543579 38.95149687551489
53.17824251132084 51.9473435187207 39.04366654088229
53.23058227883013 51.936454072572936 39.047056288158075
53.02865058936763 52.11385302163751 39.176796342730874
53.02872562175344 52.113812030895495 39.176828366307156
53.028814259017125 52.11382418430385 39.17688381357303
53.028879916882275 52.113882136306216 39.17693912171144
53.08855459976566 52.06088224553841 39.13746749283896
53.236106739537604 52.00989991448148 39.08873677108171
53.236577294758305 52.01138175141787 39.08973491600919
53.23709362090082 52.01281401732902 39.09069406263363
53.23749630549818 52.013704583715466 39.09128300604721
53.289750892679336 52.019177697264944 39.08292641577275
53.349530480365175 52.02338879632729 39.07043165492136
52.88017113813472 52.10185819908453 39.092998367824286
52.92854106085426 52.133579154402575 39.13658758698042
53.02857637824762 52.113933438352774 39.176776266198914
53.02862573351511 52.11382895749928 39.1767747867978
53.02874808143571 52.11375880920822 39.176826042229905
53.02889893525649 52.113783325947075 39.176921523827716
53.02898120513167 52.113878000823185 39.17699724114859
53.02898942532134 52.11397679759253 39.17703078806427
53.113403908356766 52.10922809357633 39.169241709341385
53.23865727669441 52.02228866280459 39.097207791489424
53.23931764981786 52.02490901540215 39.09898847990066
53.23956860731505 52.025368680269764 39.09928853193553
53.27780722746421 52.08831040171289 39.119269059116675
53.32103373185173 52.09252374921381 39.10972846130283
53.34875553169573 52.02444163951267 39.07140369035722
53.478190094808355 52.14545682140279 39.086985474279416
53.47906527813665 52.14562369971939 39.087363356505676
53.62906010335226 52.13177341179804 39.160901004671814
53.62907086366103 52.13177794791454 39.16092677765336
53.62929983223958 52.13195925140967 39.161750088868516
53.62931128582143 52.1319711042361 39.16180029837754
53.66036329348701 52.138214572648664 39.13084061131538
53.661789437056356 52.138458045601084 39.12883726243747
52.032907878373415 52.021928645889695 39.10428542019433
52.031707566294244 52.027949828033925 39.1052537293635
52.762406686117856 52.101164681871225 39.11861409557413
52.770450406821936 52.09956694395187 39.11488169754978
52.822002967393466 52.14694760576512 39.13653626778968
52.832820870827355 52.147109222411366 39.13384924524324
52.92719368037742 52.134280997524975 39.13613598324308
53.02854642645447 52.114017900939984 39.176783287950116
53.02860805188636 52.11391020680372 39.176788060392674
53.028811264861304 52.11381974638145 39.17688076930899
53.029058768637036 52.113856840136876 39.17703651421264
53.02909770093919 52.1139484654051 39.17708596283808
53.02910935202807 52.11390798099753 39.17708101273872
53.029050270941354 52.11403032442031 39.177081990834026
53.11410604039345 52.109244381015884 39.16921070091314
53.182850901819066 52.06984820285561 39.13663884992922
53.26215902987128 52.09336366272623 39.125167434371406
53.29820865244708 52.15279243130942 39.14364770300324
53.30192565732909 52.15636036459352 39.14245323054533
53.30120917154378 52.15567500237309 39.142682957892916
53.30550453791041 52.159773583768285 39.14130794232273
53.35107767123988 52.146771076536744 39.123483100509866
53.478493415390616 52.145522410912236 39.08712263104176
53.479580097459376 52.14573001295527 39.08759214895623
53.629170800695675 52.13188755089131 39.16138492115229
53.62925190014328 52.131960909810324 39.161706176115956
53.629408482379944 52.13209572979194 39.16230433280298
53.62956114522511 52.13222037318658 39.16286546262153
53.62959161945261 52.13223721971812 39.162951423130316
53.62953745243233 52.132183657148715 39.162722050997864
53.629472102785144 52.1321234462624 39.16245962302811
53.629409484250026 52.13206622771041 39.16220970584836
53.661182883551305 52.13840253901932 39.129974351233294
53.662624136327366 52.138628543999914 39.12783083940171
52.02865641792387 52.04113212851954 39.10755780633993
52.664990890000816 52.099647666917164 39.107394947827544
52.70991373211121 52.1348843554175 39.13214905874895
52.783149371992664 52.147415555848745 39.14761006026429
52.80204538979452 52.14717587747122 39.142208024662764
52.820428385989175 52.14708955920695 39.13715198587184
52.83400636728073 52.147338412645595 39.133841838350094
52.92563310853013 52.13526319614159 39.13563499829724
53.02854844788621 52.1142126894205 39.176841121163775
53.02862662022385 52.11416033651615 39.176871679337886
53.02859249102471 52.11421385533424 39.17686725526742
53.02885764112657 52.11396660290777 39.17695064030414
53.02908156581235 52.113888156383986 39.177058973519706
53.30197777162925 52.1564121804358 39.142436095024586
53.30591250313738 52.160171721321035 39.141175424766296
53.30877913739879 52.16289720550389 39.140259898158824
53.4787680077839 52.14558104870484 39.087246206829874
53.59018228812765 52.14099325418683 39.146704118022015
53.629340439005446 52.132055010172465 39.162102333054165
53.59202047609483 52.140717727486084 39.14788660005394
53.62957054552784 52.13227142361109 39.163040654521566
53.63001376907013 52.13267497270368 39.16480489672173
53.63033003510232 52.13294944821467 39.16602007824035
53.630110061811784 52.132729818429375 39.16508174841702
53.629786639235185 52.13242177732016 39.163750374915885
53.62995517947116 52.13258197250031 39.16444310460073
53.629571804399305 52.13221909088164 39.16287226602148
53.62946410785354 52.13211881645394 39.16243638997656
53.66073850890203 52.1383567081963 39.13077676194349
53.707094986256315 52.19297218336793 39.11446799369381
53.66167851703731 52.138509230413604 39.12940909446851
52.00439531520516 52.085101365759336 39.10241026101208
52.093598020413424 52.086786111144555 39.08844605806209
52.0278321182175 52.04515255547974 39.10821429347161
52.61364439891972 52.170785816536394 39.10304911910495
52.64756398038742 52.17719201493329 39.128311391327316
52.65996914836186 52.17342506460918 39.137780634130166
52.71031208698055 52.137537549848176 39.13933511560287
52.77372421807867 52.14761196131679 39.150408866136196
52.7978057929495 52.14736993507638 39.14361046432956
52.8191145857826 52.147344370502275 39.13785083043077
52.833940293540216 52.14769106346817 39.13433826607389
52.92635546942498 52.14165041693893 39.13792383648058
52.923521702560976 52.14192201564847 39.13674348824502
52.98636758584941 52.12998540701665 39.1607849600905
53.62936385177161 52.13207748750464 39.16219928930477
53.62966352706496 52.13235979326482 39.16342279880592
53.630212139110384 52.13286201798283 39.165615359687436
53.63054878860898 52.133156053240675 39.166914922397325
53.6301777718386 52.13279447073057 39.16536100442388
53.70721019006022 52.193350088341845 39.1146089717552
53.70983950010638 52.19710168638808 39.11330753273069
52.003066817809795 52.08923365077339 39.10327884175651
52.092271294559175 52.090768837851094 39.08931289812791
52.601900506359854 52.18316640462787 39.09760780023922
52.639229776479844 52.18976403231237 39.12440610288943
52.647566864464046 52.18747260093139 39.13082881972862
52.65806485358815 52.18235542367968 39.13837026167254
52.71787073108928 52.18321161067916 39.154672414927525
52.77893447301426 52.14765125677192 39.14906238966739
52.799733515251454 52.14752794200107 39.14330702534194
52.818755116532 52.147579264612176 39.13826624447052
52.814500562380815 52.14756752384929 39.139393359075896
52.83353387313918 52.14779870803483 39.134593570140154
53.78653479738904 52.25855834133017 39.05883935618506
52.05500105681898 52.259851089511955 39.08103355914069
52.05780366438369 52.263933365520835 39.07992760794104
52.13719389257769 52.216308291287234 39.08123210889396
52.53535141906191 52.324552683295614 39.09938475553677
52.54071149385969 52.325223350818746 39.10191515409578
52.62148647786104 52.265082955723656 39.13373016258207
52.63077931337867 52.255633665737776 39.13831636791571
52.6801611564818 52.25713002815948 39.147217097447076
52.68320411021998 52.24905709959994 39.148343979755225
52.722312495439255 52.19409771283854 39.14966809271149
52.80257312578986 52.14759454097889 39.142634519640204
52.79434999731235 52.18570567248865 39.15430530551326
53.82138178053564 52.33636105600441 39.06460345696133
53.78738489448021 52.25987122769148 39.05888130887588
53.82134859285796 52.33653023345612 39.06466591289675
52.060853908328916 52.26849650192759 39.07855782444733
52.10521166606973 52.33009296772179 39.106038819000226
52.134230189881094 52.32803437492426 39.09196454114107
52.481460329878324 52.34254026727821 39.098926191367724
52.542481839654464 52.325588522170534 39.102911961324686
52.61580752010942 52.27645530010463 39.131891021136326
52.623223524681876 52.270853691294825 39.1358847737978
52.67406268154554 52.27850583049493 39.143290333357626
52.67747715589741 52.272764876763006 39.1434896940718
52.68288640077073 52.255597928897004 39.14639702400295
52.67821907531248 52.27170451000332 39.143472956010825
53.821423439253984 52.33718635667344 39.064743509275594
53.82144927032113 52.33735184132234 39.0647574565909
52.084692359955596 52.33022646112801 39.09346138240692
52.11403703370852 52.344688551863385 39.104284384557936
52.189092669079386 52.42892600260474 39.085325742086845
52.47696490028672 52.34750783389948 39.10251582979126
52.47930849256352 52.34541383967584 39.10113301059003
52.54474565899172 52.32614287654738 39.10428459948689
52.55415593998366 52.32776048282568 39.109220498647545
52.61904566758319 52.33878733774577 39.11715552639779
52.66895152616501 52.29486745385098 39.14049804727236
52.67614444559556 52.278159477160514 39.14239935644635
52.670620145736684 52.292924519536 39.14031853513591
53.79921387596428 52.38987999494808 39.12989874043247
52.1446719410694 52.44920876436902 39.10316588407834
52.145331723898416 52.44872400584239 39.10284709112169
52.19648688751249 52.44186887948149 39.10138656928213
52.45124208087458 52.38950763294616 39.118448689094336
52.47604435344063 52.35003451437169 39.1047384928014
52.53562868120541 52.350661458438196 39.125810243356455
52.54901337697137 52.34780582187621 39.127612384699795
52.62095239594993 52.33946134065677 39.11850554228313
52.66752091033635 52.29970226225871 39.13963456048323
52.623533203838555 52.340252559203684 39.11841291472413
53.800121353775985 52.39502552050793 39.13338045397849
52.11309098411581 52.45873028821778 39.103810090954696
52.14426472029869 52.450058816648344 39.10369064010428
52.19659824648956 52.44288528498103 39.102046624835154
52.4468316105525 52.41183231614407 39.120607393503875
52.44987986976152 52.394618593139086 39.12201988757863
52.450455699172856 52.393266378225064 39.120161049348994
52.507358809315726 52.391389618900355 39.13905417350946
52.54503253158275 52.34992566748081 39.128406820256686
52.621908800645016 52.33973804833569 39.1182094686725
52.63617096870759 52.37730160215436 39.11730711579907
53.799079812417816 52.45480007273096 39.178546559543385
52.111210729374605 52.465250882825444 39.10633981066962
52.14274503601553 52.473810757862054 39.10976632970035
52.17165831193485 52.46739482308329 39.117820881942
52.201223377082215 52.445038064619695 39.103975878815774
52.44671365680928 52.413105296470185 39.12100052473237
52.446716034322414 52.41301954960797 39.12101311324313
52.44695900435375 52.41327020248656 39.119222600218514
52.50097562207834 52.39463821286893 39.138289573507386
52.55772126580066 52.39270457319475 39.12692289271727
52.55550310628719 52.39393296926036 39.12655111007197
53.79807147838735 52.45727493183447 39.18316718618844
52.14083750541975 52.47405796556165 39.11031093704221
52.14211383780693 52.47390626831371 39.1099362959572
52.17055919959921 52.46750948424028 39.11782127479344
52.20147056026969 52.467146472140364 39.10909585514667
52.39286286913956 52.43139471138292 39.12980692141082
52.430818936812265 52.42086969348438 39.117150132350815
52.45143485318103 52.431025199932975 39.11855851079294
52.452086415644224 52.432194943603875 39.117078306239975
52.49690794237405 52.397076985640375 39.13759396333468
52.49943617326886 52.39598821626772 39.13778492072897
53.797114641331724 52.459697960360785 39.18768313820692
52.14047084514463 52.47418842573187 39.11035364992438
52.14178691922824 52.474042563223456 39.10995945498891
52.14473747571784 52.47373678756536 39.109059825768306
52.200672493172206 52.46739990877357 39.10875062869404
52.40439763796236 52.450133547739334 39.1151855479668
52.45227551742339 52.43354555906983 39.11611537832903
52.45245478290144 52.43372421738589 39.1157836469262
52.45286752935277 52.43422707242538 39.114971591757154
52.487931561774225 52.43075004923449 39.11704201245225
52.45313691252542 52.43457138217437 39.11443309492434
53.79435616192643 52.47591721919993 39.1876380611301
52.13045608326474 52.51555421993572 39.11394008703769
52.131221020536664 52.5158017417944 39.113763908721765
52.14451662793673 52.47393811042527 39.108993845473336
52.23303693411093 52.54648681475778 39.10657033165195
52.38431637304542 52.54956488667629 39.100499031215314
52.42053962402089 52.47977615150779 39.11820947953118
52.453279862948 52.43539912391871 39.11380710656175
52.45350356767135 52.4355760145325 39.113417433285605
52.45354445544021 52.435604371330285 39.11334830691392
53.794879385311546 52.497372541797375 39.18595762423986
52.13691044558338 52.586402959289295 39.116828557810805
52.137758811047235 52.588490166887595 39.11678722557279
52.192985176783125 52.59993300193136 39.10155391606607
52.19700457265359 52.59883500319729 39.10128586345074
52.34054864827155 52.61606270356083 39.100164525209465
52.341217127135245 52.615703626461915 39.0998401691576
52.46568275391846 52.66592398736886 39.130413273261006
52.489064357958156 52.60773323875438 39.14065749802745
52.49176442464405 52.61801596434641 39.141846084552
53.795495495315784 52.49925613032896 39.181642989360235
52.14085788167882 52.59636314638392 39.11651926959396
52.17892806212694 52.63257886927511 39.11101165048177
52.18092938988302 52.63247802367295 39.11101436507703
52.20698860468816 52.618901861602424 39.10726705793854
52.33929392400549 52.617417064792214 39.1010060087157
52.40632047691496 52.6298118529682 39.109206705753344
52.471153472766275 52.66939645620409 39.13282069478607
52.47425846367179 52.671374330593096 39.13418986345661
53.80264168386367 52.63840216149779 39.181635351194096
52.18446999163155 52.665358261885814 39.12451669414185
52.185660348737116 52.66653136114 39.12501123274409
52.18860810555525 52.66940635946325 39.12623481331864
52.21736038585848 52.66841852953452 39.12689367823356
52.29614398697109 52.64216309218641 39.118730490810364
52.296172373105506 52.64213905632478 39.11873046653447
52.44828274446668 52.68064266888573 39.141451742360374
52.476831602928215 52.67304346201257 39.13533648792746
52.53162223928096 52.71123635820875 39.16157166592069
53.81477062975213 52.726245423220675 39.151771496006624
52.18719383632505 52.66801870965887 39.12564746885867
52.188677265137066 52.669429904791656 39.126261945934864
52.192814088106324 52.67322398512425 39.12797046400352
52.23475779346768 52.68480445280062 39.133326199070375
52.281855630897226 52.67004735822102 39.12975498907197
52.29617163120858 52.64221889435817 39.11874095367896
52.45260185460569 52.681720069721464 39.142123795915126
52.53195076266568 52.711559861762126 39.16177347053306
52.5322704617508 52.71184260550047 39.16195788249101
53.81534340792172 52.72712829852172 39.15248603126969
52.18974751256416 52.67032627292116 39.12670090476294
52.19138855688813 52.67182299019706 39.127378360137534
52.19580596801558 52.67564731095656 39.12919461677683
52.23597930905379 52.687359285427746 39.13470476896649
52.240859937335614 52.69026607464625 39.136565321030076
52.27495084583696 52.679218234064045 39.133790583005506
52.27911463225982 52.67368221835754 39.131354205122754
52.28106813686819 52.67108253772282 39.13020997824212
52.455103966415706 52.682388388956106 39.142533486804936
52.53413589923697 52.71342239507435 39.163007785617324
53.815427294505625 52.72724873589992 39.15257278839564
53.81581337339192 52.72777044015025 39.15290629439283
52.19128921919331 52.67166572900711 39.1273349607995
52.19240681160698 52.672663930382384 39.12779556814705
52.19700542760427 52.67654143392409 39.129682609742986
52.194958400204726 52.67481699879271 39.12884266951625
52.23645256409119 52.686702030558486 39.13441600695473
52.23968137651553 52.688184671484315 39.135426865694264
52.27491113310717 52.67925716587153 39.13380702688915
52.27788936894649 52.675272566125194 39.132052184863014
52.352253786426814 52.69040593482508 39.142207613903324
52.53557072796417 52.71458127943231 39.16379434150957
52.536518663475135 52.71538192419012 39.16432705970711
53.85781761270694 52.79845001876613 39.178746181981595
52.19547567227 52.78850288304803 39.16642759175817
52.1947151678967 52.67455386159307 39.128740777314675
52.22643813311264 52.70599373901192 39.11291864591126
52.195874632712346 52.675540341326425 39.12921688032457
52.228408746623046 52.707249055802535 39.11375882696089
52.23023648221429 52.708478734665675 39.11385844359447
52.26655744850732 52.70159643519966 39.112461987705046
52.27773036058484 52.67542669074362 39.13211716496711
52.421524413196636 52.76560647043233 39.14432241010502
52.51691957952208 52.75897660902211 39.1429398475185
52.516941078005296 52.759123684115835 39.14293941505752
53.903896894531705 52.85177206013803 39.17166021172737
52.19010404317429 52.8138368151957 39.17441368382915
52.19132647701803 52.81089776298178 39.17359354493361
52.19476747451361 52.801379080586145 39.17084542571912
52.25083299553629 52.789778548131615 39.0849744428448
52.250865407876645 52.79050637118087 39.08427447343419
52.334528914757755 52.83901887846304 39.10827933897842
52.428597578268764 52.77305195625462 39.14324153914103
52.544224645413465 52.79336549158211 39.15716835371457
52.544829549487645 52.79365986723934 39.157533004789606
53.943251820857064 52.89125909199974 39.15016517314977
53.94298896089151 52.89190469372407 39.151438053385746
52.0774703111431 53.01890410453365 39.198669749872366
52.15568716566339 52.94589640285923 39.19144437540576
52.208982601657546 52.906939091106835 39.151066518799425
52.21375363312769 52.8994226448917 39.143759445962544
52.21637900206137 52.89484597071421 39.13994009309639
52.33938307136481 52.849718615301015 39.1039786558847
52.42892352829565 52.889913055670604 39.15105975359708
52.53488043163236 52.927921019449116 39.149833277912165
52.53547847397864 52.92673507805858 39.14959383333538
53.94277455050515 52.892427237982886 39.15248433704312
53.940877469002146 52.89705619988314 39.16173080976507
52.08437282167484 53.021341583142444 39.20184481532472
52.14057277677542 53.04057347169325 39.17701759124157
52.14326006183806 53.04097615792031 39.17163083893331
52.19665653110951 53.01100944476987 39.12391003026502
52.19976141851858 53.009174464398 39.11755570247932
52.298111500719294 53.00979661048335 39.14970669716148
52.485660313883294 52.987836823690856 39.1221903589236
52.50674745558106 53.00105039681401 39.152369110163534
52.50678930641877 53.00062408038221 39.15230465049001
53.940480839844476 52.89803949116383 39.16363341179636
52.11768459518792 53.05341276825439 39.20662955155265
52.11759475868781 53.05389863564094 39.20648246894716
52.14294256836345 53.04047711930016 39.176471281921806
52.19369248976554 53.01360397909003 39.129263675053146
52.19786856812239 53.01123458168436 39.12063369977129
52.30168785052395 53.01179924881714 39.15302254003036
52.483164913955164 53.07394839760889 39.148737228482865
52.50464145752613 53.01090541434915 39.15500303770253
52.504562477939785 53.01102873959702 39.1550888682131
53.9414534043918 52.89568723666473 39.158851940770546
53.94193315684862 52.89452680731847 39.156493495991384
52.124870899662525 53.047755359406466 39.217344527825325
52.12245015345741 53.05019758639166 39.21371815589494
52.143011686638935 53.04013968468789 39.17957136768521
52.14703190241718 53.04128363707139 39.16647000476046
52.20790593643754 53.058938604497165 39.12785945099216
52.36749017034056 53.06084971324019 39.176184519509505
52.48288068629911 53.07399957352957 39.148609728161006
52.483867017182895 53.07201349152334 39.151017307907495
52.484045366439865 53.071694967007076 39.15140853155706
53.943163490954774 52.89155236773753 39.15044225392925
52.12476425697075 53.04889367016017 39.21715216391318
52.12003742470056 53.05332768660444 39.2100817762227
52.1440975969399 53.04067033663035 39.173968465886205
52.20326709723876 53.05691267539284 39.134731360515026
52.21026947946193 53.06009156521009 39.12508854468164
52.41193441525337 53.08283680893757 39.115609136648665
52.4824612947244 53.074657785248455 39.147788427787425
52.48364975228694 53.07245941508748 39.15047780776791
52.48378842943471 53.07223058052457 39.15076153871541
53.943683652495686 52.89029546494765 39.14788265629121
53.92997210754481 53.00160867759862 39.18248707946327
52.11396322874748 53.06193534510755 39.200903948444456
52.113640192829024 53.061898552816686 39.200431502676366
52.14562983056543 53.063507717334254 39.17168489012316
52.18837032750052 53.09707290257602 39.15561976383076
52.219368954996284 53.11835198771726 39.144425416001425
52.441115300141405 53.11639265267307 39.13272400519216
52.470501767049434 53.09877544784963 39.14390761958379
52.49120609804218 53.12599355866929 39.192696672229076
52.4912112277204 53.12596381793783 39.19269359369228
54.00174315872293 53.142889147964055 39.17506308995365
53.99861463190514 53.140524276337686 39.17657106142049
52.126094102317815 53.1199302167985 39.19655745581895
52.12745885131252 53.12180237292188 39.196992833876585
52.268142678141146 53.21538786083377 39.130183575504915
52.3435513631764 53.21153132000187 39.12462165825938
52.45058094574266 53.17695005226111 39.1515239828469
52.4927186120694 53.183002120091956 39.20102327062726
52.49274473774567 53.18295618475626 39.20102896033403
54.00124344289484 53.14526991659523 39.17515543289756
54.07436571950891 53.29386995277876 39.17021705297995
52.13394361407581 53.19373372878836 39.17545447155108
52.13119634501265 53.18805650066894 39.1752786339927
52.24131681985537 53.22874441289689 39.12444603907196
52.34395837809759 53.21157576359105 39.12462040955269
52.42655669732985 53.19821246296865 39.1445088926747
52.49237376285424 53.18353550990484 39.20094794858792
52.49238544755581 53.18350324459236 39.20095045795162
54.08101850307118 53.29583213552414 39.168914722599425
54.12900987131715 53.3306609067824 39.14680756375986
52.15968200930204 53.227391824278165 39.16858137652916
52.24183481737052 53.22877978507704 39.12430993123544
52.383437042423594 53.23331766435818 39.120676963321806
52.425004883855756 53.20502565907583 39.143559814597786
52.48348799337753 53.208017313331204 39.190218995790424
52.49203814200072 53.18423637503095 39.20087519046269
54.12995553486479 53.33078619526065 39.14843114621831
54.129856363239796 53.33092570108571 39.14857791330271
52.35223232538631 53.26114004364973 39.11748867877159
52.39967195663552 53.2706595607833 39.13625559212044
52.46788287585575 53.25260383956421 39.1756732348883
52.482792647004224 53.21171637535775 39.1884358027088
54.12987201320447 53.330934140796785 39.148618004585614
54.131980607639065 53.32944388954566 39.14856283341957
54.130275849795446 53.33204922505355 39.1515161652069
52.36151333895982 53.28946712651132 39.12806087548476
52.41992641502118 53.28528901541782 39.15000350654208
52.471465743433 53.29653230838545 39.17732788072223
52.47288186821463 53.29686012003543 39.17841810737954
54.13025398388522 53.332509605748356 39.15244081767154
54.13235514825008 53.32939040099428 39.14899171860428
54.12993401503821 53.33363400849919 39.15431481843284
52.403294117740685 53.32786787443263 39.156333558991136
52.409345948535034 53.33273296360146 39.15991219346508
52.45606894452083 53.345932670164494 39.18590063856084
52.458444166582545 53.345120839415316 39.18710227978935
54.129583802597715 53.334130038332574 39.15484013279413
54.130952236451385 53.33068232346422 39.14965236151612
54.12907001695767 53.334479490556504 39.154825192056286
52.40746017502209 53.336091785061704 39.160704918609525
52.41286997974656 53.34450730604324 39.16549542415598
52.450986538122315 53.357705638240326 39.18783369073171
52.45351111621627 53.35584948724339 39.18866509314401
54.164715308370276 53.38653760303808 39.173896459107006
54.16615193231456 53.39250489096152 39.174751551818666
52.410334326737726 53.34268580821495 39.164080910929385
52.415134061062666 53.3535469146517 39.16965972848555
52.446187690398 53.36752848072494 39.18907844260276
52.47087367459819 53.380128431071334 39.20678340156341
54.16805977126099 53.400354315320826 39.175846857946695
54.19684385561793 53.501444871500304 39.17756800049026
52.411521901151076 53.345208345431445 39.165396763404004
52.47048542638082 53.449462422931745 39.206724416307225
52.47197548926269 53.45103624800821 39.207237375606695
52.476235393400884 53.45567466856607 39.20871138776556
54.200736917601766 53.50877737830736 39.174710438434204
54.26578017147233 53.599316032684264 39.14058678077884
54.26295090590092 53.597360973971064 39.14330227240878
52.47856205137126 53.45859921858637 39.20953762736689
52.48315097191184 53.46374811253666 39.21113372405121
52.48769055904697 53.468813624480575 39.21271114491587
54.265147159074715 53.598885408402126 39.14162242110796
54.43694836702139 53.67491060031366 39.14717814853418
54.3394026152432 53.62942720842604 39.163424633585926
52.4840783747094 53.46491534526787 39.211463143839005
52.488907871663656 53.47051165397092 39.21315252197663
52.493161027756415 53.47549680139223 39.214643361697185
54.4385984566958 53.67541382355124 39.14761217913701
54.44527129209508 53.677443741286325 39.14930130567184
54.44364956885451 53.676951127881345 39.148900219912676
52.487037351143094 53.46831922956095 39.21249685805019
52.49094541388606 53.472920318772786 39.21386783928871
52.49417249239238 53.47676987857354 39.215002643198005
54.44644087227638 53.677800709559804 39.14961264882423
54.45380434628764 53.68004166877333 39.151488892265746
54.453579715766764 53.67997350300439 39.15143421878467
54.456368909175865 53.680818112377466 39.15208978159586
52.42493651583218 53.53810074200466 39.174803123436085
52.52110057753498 53.562329627543335 39.20856864150027
52.52092799461158 53.56113332076782 39.20883413015264
54.453934233800084 53.68008139989664 39.15152461416699
54.50594687917908 53.72267481172163 39.16437580329422
54.50689010711089 53.725044136727995 39.164552436362825
54.506457332041364 53.72396395373944 39.16448466689297
52.37755772480759 53.70418844178296 39.1130002244353
52.52896017520467 53.65943785197175 39.1886193035858
52.5290278640493 53.65961609065164 39.18857357688857
54.50726648433753 53.72600724682448 39.164656829984935
54.509016763298014 53.730429048096916 39.16503297721868
54.5628515337433 53.73965470459841 39.15946452814317
54.55506343270289 53.73429969824329 39.15972402398812
52.44345141575131 53.745012320607145 39.10676557477461
52.53222804257325 53.75037516083833 39.16339216042236
52.5510197767386 53.733016315026134 39.174986379628
54.56555975929317 53.74151974928534 39.15939219093171
54.656419083721694 53.83993685388231 39.15842897570603
54.65977962404749 53.84034260750276 39.15796276355679
54.65763136466063 53.84007779500277 39.15826246060371
54.747166227752984 53.76043691923496 39.112836843427225
52.3750225410256 53.77841712582186 39.07318090158943
52.53195160406863 53.75241550636425 39.162648096271184
52.532208512630824 53.75129514524531 39.16314799799929
54.6601354260126 53.840383860144726 39.157913926476446
54.662082070394376 53.84067064196621 39.157627989630676
54.70572066383285 53.8819858540402 39.16520753262908
54.70569893858688 53.88183239444253 39.165157573912495
54.78236181088402 53.84834307018774 39.10817977223397
54.79476091253977 53.848818943610425 39.101520416666894
54.913695235095304 53.834852324849344 39.03797269027753
52.35543399403231 53.813068216132294 39.085042641856354
52.53158702209339 53.75487359101905 39.16172428323431
52.53177268067965 53.7544072192738 39.16200077189718
54.70573235387215 53.88206360264503 39.16523413582996
54.78072738964906 53.84829753074665 39.109050996264784
54.79148240198233 53.84872258765576 39.10326994017716
54.90784906771022 53.83504411833198 39.04121916651226
54.917911687307445 53.83490684129942 39.03564234439378
54.91366629480924 53.83498150126944 39.0379961564593
55.07888686599628 53.841213126095155 38.99464847427242
55.08480344850605 53.8415527646722 38.9952165425111
55.0921188577976 53.842066408460866 38.995981041170204
55.1772622669066 53.82214643892058 38.987683578350136
55.18248019605781 53.82274307191119 38.98838098570468
55.28391211108706 53.839903523014634 38.98946881541055
55.28598337158172 53.84073615132604 38.9893348444286
55.29451909893794 53.83336559204736 38.988183061763934
55.34753604152268 53.8591608857878 38.98903632249693
55.35031564546125 53.85914080783978 38.98821404447819
55.35286268415915 53.85911287738146 38.987461597102055
52.37104087604092 53.835972594677756 39.09147716317277
52.44784853445268 53.85040766928425 39.12558198934092
52.53736725677871 53.790982786019114 39.15386497546166
54.917206357689466 53.834930109654955 39.03603403336252
55.07960974210963 53.841353227064985 38.994783252220294
55.085601351952235 53.841739390855366 38.99538651378428
55.09264096019676 53.84225237136453 38.99613458863695
55.177311494349645 53.8224228780406 38.98787004123629
55.21441086381941 53.86330430070697 38.990143649045216
55.28477998448825 53.8404063523062 38.98954447327416
55.28665964333662 53.84114345987765 38.989407059287146
55.28891400945406 53.841940118965844 38.989167440742094
55.34735257122988 53.85920199937825 38.989086290592105
55.34990308647038 53.85920752827218 38.988329190048056
55.35252601426373 53.85918756760637 38.98755337065858
55.35019419225755 53.8592100782629 38.98824256983988
55.3550240302449 53.859151775510526 38.98681631481756
52.3998605981802 53.878055469923744 39.109133336983355
52.40247836071079 53.88037670726671 39.110957494851576
52.49588359629172 53.82837068181186 39.14731396216129
55.35217307366532 53.85925067844167 38.98765122370554
55.35500857569775 53.859228318440046 38.986812612924965
55.35233643785776 53.85925702097625 38.987602082071206
52.42511320237067 53.915131597049964 39.124552343543414
55.35271058919763 53.85931873830853 38.98748442501869
55.35228135981635 53.85938367370435 38.987604708383444
55.35201352165895 53.85939996072727 38.987682388116895
55.35121352896489 53.85944226937205 38.98791509203599
55.349917223390335 53.85947688796105 38.98829583854904
55.34954779347258 53.859483745311834 38.98840467193293
55.12310892931914 54.17274349865977 39.1585845999589
55.12310815118413 54.17273839872371 39.15858575189504
55.12308812464081 54.17249083498582 39.158559938389644
55.123105023120104 54.17272258567688 39.15859261824751
55.123104275110094 54.17272483969275 39.1585971380822
55.12308709519104 54.172530105394216 39.15858340523846
55.12310440770582 54.17275843470887 39.15861254677303
55.123106999502525 54.172815269132265 39.15862771079627
55.12313424489546 54.17317554381036 39.15867402200652
55.123118593814816 54.17300463112933 39.15866460699279
55.12313675292235 54.173272646012734 39.15870877303929
55.123352233012895 54.17629324902916 39.159156695688125
55.12317958440351 54.17388674629045 39.158804334606415
55.12321834098312 54.1744399631536 39.158889632025556
55.12285782329758 54.21239723640442 39.15417404035121
55.12103325975568 54.24787645445266 39.15227278846088
55.12036671159993 54.278889076532444 39.14326407047541
55.120369420356226 54.27888974826462 39.14325940187268
55.050668978504504 54.3064372697871 39.16198995661894
55.12036952669622 54.278904446270786 39.14325896500021
55.08972305649846 54.2921126493808 39.15222841627393
55.048607616992626 54.306567315705564 39.16255282914388
55.00827396613206 54.33340550315506 39.16504486205568
55.02179112233051 54.45822920830411 39.16032940683259
55.02195693269344 54.45849817002399 39.160269404691434
55.02199364104651 54.45856836403871 39.16025613408311
55.022001426953594 54.458582643829146 39.16025331861379
55.010565356695885 54.471510855658 39.16354022918016
54.978562546592975 54.50214907856462 39.18074697033782
54.97830218411197 54.5032141485852 39.18132789050858
54.9388024388294 54.538725282352694 39.19888091347561
54.91501407128299 54.56398721368457 39.21306236515441
54.9143523004018 54.56434954686755 39.21316029997385
54.908141547129674 54.61325151296762 39.170047272576994
54.91358767262103 54.56476632527624 39.2132630726925
54.90584568644524 54.61628426804909 39.173218064083514
54.905456068953555 54.614434770625564 39.17538988035542
54.91033425224593 54.70174936063531 39.1669771620167
54.910293561998614 54.703405241687605 39.16743945416229
54.87595120037645 54.769029609752195 39.20289817541982
54.87611675270576 54.770396153771465 39.20300119494301
54.88020841799157 54.85637533734586 39.1988805178888
54.88660933013244 54.85997057129993 39.19684852990192
54.920141787247125 54.90460961089515 39.179210284360536
54.92258989047319 54.91849005508648 39.17433600275632
54.90873133589906 54.962028877043586 39.169195480599086
54.93846135102287 54.98115547276134 39.16040909246911
54.939919145553695 54.98193188757925 39.159341051659986
54.95068399873696 55.04163942823669 39.14657418247368
54.95193285602668 55.03867988854828 39.14662702860219
54.95079970141687 55.04135827817598 39.146582395147036
54.918678143392754 55.15341061733932 39.13363252904609
54.919174390411996 55.15372212649353 39.13326896505783
54.93881274004285 55.1709204590721 39.13100425669236
54.93984782760374 55.171814342097605 39.13047825469816
54.95582902815153 55.20727253882751 39.12841904456525
54.94838865548345 55.238227409370324 39.13091753579681
54.94899196277253 55.24001550364599 39.13076446747735
54.94840238984538 55.23827023103336 39.13091189702956
54.94870688671935 55.239326478804585 39.13067805722423
54.96684660459377 55.267180512904005 39.11593751673283
54.96804037977957 55.26875941678366 39.11435583657705
54.967522114246094 55.26806392395777 39.11504933257807
54.9678745290843 55.26851310041585 39.11459392947562
54.97789353078136 55.29217160900674 39.09098499259038
54.963396553711505 55.45304645738133 39.111419944627954
54.96361911668467 55.451139651251495 39.11141991730146
54.963067965873805 55.45338368341717 39.112023834624196
52.87435841683485 55.43755035288298 39.16159063159364
54.960736280747966 55.55780593960192 39.12518644276888
52.88541580745026 55.506070172172784 39.12745250198189
52.87425484800602 55.43827446377723 39.161029740701316
52.88955349059552 55.505303726905964 39.12841459126757
54.98371468294989 55.63618164993492 39.14803263130809
54.983604209810636 55.63611361993403 39.14806743554839
54.98377882921034 55.63635302544891 39.14817891445482
52.897138250601635 55.524905621728195 39.12247866296265
52.89069752982709 55.506537456733454 39.12855666733446
52.900950708720735 55.525224978878995 39.12296550464485
54.984419614762075 55.63727200851139 39.148639076983955
52.90198938699314 55.555291489547194 39.1199343331989
52.908264601238756 55.55835020120942 39.120402170549106
52.906833741494296 55.55745904700331 39.1204587823431
52.94503756012821 55.552047385693015 39.122810823011996
54.98507479859326 55.63815656476039 39.14904004502968
54.984830350081225 55.63788152292078 39.14895986378464
54.985016799107974 55.63816453592629 39.14911347366341
52.9050191831279 55.55720854434637 39.11978911575077
52.95397862445326 55.62667672279017 39.13346317668402
52.954960118762514 55.63014856846575 39.13388955646652
52.95391241339218 55.62602211474554 39.133235221033246
52.95533147568146 55.631560952851956 39.134097685246616
55.04662375963552 55.654378832414636 39.10462248333144
52.95717571436868 55.639937119111906 39.13577661762723
52.986986402842476 55.71267097616726 39.154078829246686
52.98878562647913 55.71765587641132 39.15623819568546
52.988271484795575 55.71532619914091 39.15541038930105
52.989094008590875 55.71835192331402 39.156571437622134
55.08437896238094 55.69324278763946 39.0770400827221
55.08401021747878 55.69308211808229 39.077510542141034
55.08428210814416 55.69321713984738 39.07715722087272
52.97040753469291 55.75852541242534 39.13973685795872
52.97635955602024 55.75991599189343 39.146705026584826
52.99184318152986 55.7313057535595 39.161113473226
53.03323698629875 55.76855522709538 39.182789513050956
55.08754111430077 55.69478184253519 39.07294302849509
55.07676853130134 55.75470224412945 39.09313945120738
52.97797842816944 55.76019236687236 39.14871175389437
53.021675828863465 55.76716507461204 39.17925201005123
53.030053920690335 55.77021867687329 39.18334953184132
53.033509063793026 55.76868284781227 39.18294391183002
53.0410046122059 55.770849133837665 39.186185748347086
55.119422471914504 55.819905303609474 39.05264835815922
53.02327666774896 55.76841144479353 39.1805319046913
53.02962287427594 55.772179754807766 39.18472666614134
53.04273149638704 55.77192844138349 39.18736760575014
53.04400340916541 55.7711366992796 39.18704858419122
53.09302055308992 55.78763164647075 39.18877899412551
55.11994408753068 55.82242861601398 39.05310646625906
55.119670006916664 55.82109996352324 39.05286272418697
55.139177090302255 55.88323113121605 39.057042331388914
52.977736042193484 55.78861522103929 39.15498316658531
53.034619036728884 55.78181910161341 39.175623056117416
53.08375822411672 55.78948534927757 39.18674656731523
53.0984467337035 55.79111955306447 39.186176864709985
53.0980649819915 55.78855586971973 39.188282337263715
53.1046662249386 55.791565762486066 39.18613942514058
55.13970129522515 55.88432441624937 39.05692031387803
53.04123749099813 55.784082794392035 39.17353075018423
53.09041564733749 55.791633968753146 39.18532085380846
53.099130911242284 55.79336425031546 39.18435207675216
53.144587113947495 55.8288548861974 39.167751352505476
53.15948484853198 55.80330681597289 39.192196781589345
53.19020598918337 55.83637860955426 39.17472027477866
55.14029461262065 55.8855603097407 39.05677847528142
53.07331693320651 55.82686970823167 39.14118327041315
53.155305843980315 55.863041338382814 39.13704918203125
53.16976957902849 55.8638939125034 39.146835855007616
53.203130602131 55.86533197470496 39.16260772948372
53.2057591775978 55.86209702480011 39.16623542714775
53.205402323851274 55.862560529460744 39.165631111363254
55.14103718634341 55.88710852268672 39.05660440254028
55.140344219792865 55.88566356950784 39.05676643814561
55.14085083287834 55.88671768824058 39.05664248270706
53.15670566125912 55.86572562732442 39.13560440659807
53.178821581714494 55.88109571183156 39.12964097244857
53.17966922815262 55.88099807154991 39.13026524840589
53.203207350745124 55.86526819303195 39.16257268092946
53.20530703599208 55.86268638071799 39.16546016175348
53.20513346804386 55.86291851920194 39.16513545128096
55.128197333516695 55.946934012519975 39.07576891302887
53.17274005734882 55.89873219665425 39.10884119180394
53.186608476985214 55.89744534408841 39.11983201457265
53.187018667228635 55.896942400516906 39.120094685302874
53.23534435738352 55.908324375909736 39.126152441854025
53.20512418511822 55.8629312101177 39.1651168187513
53.34826943006637 55.95869583952593 39.104801009998795
53.34808949871254 55.9585046748751 39.10475474931535
53.348575960414905 55.9589565987485 39.10488210485641
55.12775911274127 55.94958982425928 39.07637449349757
55.12790217198445 55.94817360534772 39.07610854196579
55.127537190877675 55.94953578030268 39.07650730190116
53.19206029061945 55.93065121538061 39.08862424112783
53.21242517520221 55.93139156000176 39.0948126499671
53.2639865968015 55.94392958659226 39.10074694032058
53.336392466533496 55.97517300867864 39.09569273987972
53.38144444203773 55.9642225056016 39.12441171690628
53.41055809164605 55.95481487529176 39.14405760429265
53.41044034891149 55.95508337564418 39.14387493980939
55.14919458256898 56.04133451763509 39.05034276115377
53.19292075927544 56.118962291339656 39.089707158035935
53.26942327643606 56.041693574835044 39.085643956336476
53.336621822512214 55.975467058903035 39.095690526498046
53.381014502398685 55.96506517287199 39.123796032075006
53.410000675296544 55.95608024957099 39.14319407441508
53.41026051452418 55.955492603875626 39.14359613340854
53.410183630527875 55.955666928330075 39.143477072072116
55.15021671369777 56.04531126898185 39.04858140663468
55.149810922617604 56.04399288628145 39.049235767928124
55.150122933609936 56.0452061590669 39.048698217445576
53.26716511532164 56.146517054594426 39.09998144963832
53.31183553886879 56.04527779257785 39.10260184471033
53.42414396855518 55.996449226098804 39.114406269780076
53.46333243978194 56.020986440153635 39.108953733237165
53.41015910144533 55.95572186280638 39.14343923342081
53.465950309008406 56.02124402919895 39.10946435236386
55.18510248183919 56.148912389728125 39.020732470598816
53.265723943492965 56.14943669847973 39.09984007856843
53.42040658010786 56.04950711463627 39.069405001617135
53.43264221682571 56.0500425555864 39.07137838291794
53.53267979075031 56.03479299136896 39.134208214878555
53.533543694598364 56.03447893969435 39.135045571105756
53.569706594298566 56.03051057599266 39.15578648291352
55.26280150885215 56.233942659872085 38.964976828175175
55.26270666268379 56.23382653016693 38.964997141111354
55.262827636890336 56.23397204009496 38.96496595258089
53.28190796933897 56.27129072935359 39.0680834082853
53.40784526039309 56.163093611921255 39.05938050235259
53.54254950395574 56.04539653958105 39.129888796057024
53.569952252259114 56.030745170985185 39.15570522590832
53.56998842640189 56.030681409570846 39.155947431274534
53.57763038975975 56.034842688171096 39.1533133979275
55.30474331012332 56.28406549927922 38.953151828259735
53.312324624297034 56.27168747824332 39.04557553594421
53.40481510101395 56.168690225733414 39.06004369050859
53.59519254118139 56.16401749688587 39.17919946582565
53.640607404536524 56.39504364795254 39.22254414655107
53.577645995765195 56.03485842429288 39.15333328355139
53.64084509320564 56.394897497131815 39.222648011417455
55.305197379175425 56.284560032721615 38.95292629326001
53.411200431180035 56.32538710026931 39.10698219374579
53.64016671758176 56.39531450457423 39.22235174429223
53.64036303027558 56.395193425166624 39.22243807338393
53.64075331564899 56.39495316817942 39.222609027482186
53.64089612219115 56.39486604130295 39.22267042621456
53.641347657963905 56.39458807764444 39.22286821140008
53.641342532590926 56.39459137292556 39.2228657600783
53.64146243536351 56.39451768682346 39.22291809596125
55.305473354888264 56.28486060223496 38.95278921277937
55.34651825476156 56.34909469869983 38.95210557896204
53.63981261409164 56.39553213799785 39.22219715428286
53.63991176945778 56.39547050682597 39.22224145782441
53.64031529251251 56.39522136685774 39.222419290757536
53.64130068165815 56.394614905385296 39.2228507120819
53.64254620094774 56.39385227220251 39.22339024329917
53.642248348635725 56.39403561519059 39.22325979594413
53.64294900708036 56.393607714639614 39.22356166632431
55.36081515194873 56.39787902567464 38.96069258145727
53.639175494808384 56.395923516281584 39.221919299971916
53.63916921313675 56.39592574635685 39.22191895802528
53.64045554092661 56.39512976793517 39.222488470198606
53.64399477666952 56.392959325626414 39.224026539360494
53.644397142458416 56.39272777739576 39.224179018110206
53.643295827304634 56.393397074634024 39.223709371402336
53.64331013592509 56.39339108202733 39.22371149407924
53.643256152259305 56.3934238365091 39.22368855086637
53.692483106625325 56.3658619644124 39.20763995343707
55.3435937235445 56.43361091534334 38.97632471471267
55.34277700195109 56.43345382415606 38.97648660103899
53.637204354773075 56.39713750740826 39.22105505425781
53.634444457739946 56.398837241107195 39.21984503606859
53.64500988044665 56.39227904209412 39.224552719403036
53.64508991558501 56.39231062589803 39.22446875692283
53.64327920692372 56.393410851775855 39.22369687175575
53.699593349707285 56.36196015810557 39.20422013620215
53.70197151978142 56.360656237195016 39.20307996986866
53.7829464648824 56.33823576316985 39.176191448492766
55.34385804932063 56.433697004411044 38.976260085016165
55.343028391214176 56.433533588942595 38.97642586724626
53.63816875035227 56.396542164538886 39.22147993680692
53.6420785837092 56.39414230303409 39.22318222333205
53.64228905259371 56.394015407053416 39.22327048733169
53.642040403541245 56.39416764381808 39.223162794872216
53.784188350689064 56.338777705459336 39.17624019779319
53.8571360325341 56.30962052318344 39.15375983152176
53.90229090653975 56.41415095999145 39.14679395140705
53.90446719622821 56.341200234299905 39.15592413812111
53.90364270207736 56.41307465477891 39.14715454213511
55.02373819039618 56.34917985035172 39.14480636100991
55.02364139393379 56.349028149340704 39.1448680553455
55.02337096330339 56.34851091252679 39.14499661208764
55.02433167799779 56.35013650319008 39.14444053552656
55.02424271943124 56.350000963301966 39.144499052577935
55.02457694382608 56.3504468608112 39.14424949829758
55.37662028752448 56.450513545344734 38.95953782652474
55.34295492781301 56.433555187370075 38.97642802540676
53.64127993725239 56.394633437291596 39.22283314388299
53.68002554480911 56.436461368410946 39.18186716312199
53.76547459635053 56.48923012644208 39.14634292810024
53.903328201693284 56.496584026905325 39.130115882723445
53.90560493310924 56.49138573038136 39.1313817373849
53.90477316348548 56.415093444270894 39.14714111012195
53.94071536898453 56.434865959452765 39.147816782124664
53.94349549526996 56.43054019641099 39.148654217769106
53.94626271153997 56.428522889890374 39.14897292720495
53.946355342582066 56.42838914027665 39.14899849432026
53.94644628661775 56.428340871926636 39.14900491224452
54.79916364461204 56.454504683687915 39.093789802004345
54.79944676853527 56.45430192368791 39.09380203200505
54.79825474619221 56.45512899178101 39.09373332405291
54.92084014501853 56.42016366312601 39.09810561459308
54.91930531151294 56.41714987246165 39.09796306469284
54.968046834023994 56.42430496469849 39.11770043456651
54.96819194592588 56.41759022182514 39.118912013416164
55.01167192227095 56.42435001810263 39.1275411509362
54.994344621720636 56.36975107671284 39.129340199893385
55.013100173244766 56.420805267501265 39.1282832706332
55.014676647593845 56.41705995042107 39.12903365168201
55.01576855505229 56.414581467573115 39.12950586975988
55.02466241085554 56.350537828768815 39.14417487109016
55.04497916551372 56.37730004787015 39.11617779479657
55.04426937223728 56.37667484411621 39.11749589612819
55.07361475971398 56.37175601663987 39.11435584549355
55.072906610127006 56.37163416636286 39.11482246153972
55.12225466981988 56.37585680671396 39.08337937637089
55.12215719570811 56.37585306909521 39.08343963840217
55.2034175009515 56.44707951462128 39.03653659995362
55.32854170109185 56.45218538997494 38.987751064952064
55.32858483152026 56.4521731455693 38.98773736018139
55.27932385566337 56.46469535687558 39.00698214318801
55.33124620904729 56.45158159168321 38.98674046357101
55.33128466024621 56.4515591733909 38.986738853489946
55.37658232413333 56.4506087701649 38.95945678695677
53.77703434081563 56.500914988547514 39.10033920927355
53.83596743058315 56.54032077199817 39.11007181384168
53.84576442338058 56.54113309782937 39.111888006302756
53.89992729908015 56.504589808158656 39.12810255074367
53.90264906706827 56.49943174623711 39.12907858760278
53.93944023844129 56.438640897968924 39.147029770574
54.01868794386696 56.40204622893519 39.160659262232585
54.01765858900238 56.401626582490344 39.16054692535939
54.07057325490091 56.472186986059256 39.15478010753885
54.02674950534686 56.40437501105095 39.161318596985296
54.07222056691743 56.47354326032832 39.154890135866765
54.740864793899476 56.48754182399381 39.07754631975982
54.74091807182418 56.48732519430481 39.077373253456926
54.74081693011726 56.48765752349508 39.07757788042678
54.74096828383446 56.48711553174425 39.07720151157441
54.741078793442966 56.4866580595814 39.07682975903635
54.81557745065706 56.504381046255574 39.09392136418316
54.881412157688146 56.476443885312804 39.10174617436652
54.958124507282406 56.48570554228216 39.087558784759025
54.989821070715806 56.48227153654308 39.10132496201867
54.9974855257348 56.48613252766841 39.09614678678598
55.01069986229956 56.42874170556003 39.12622272540901
55.01247923260919 56.4240974667202 39.12724100589007
55.01368776230804 56.420857208002346 39.12796792899853
55.13922412850593 56.41477660162296 39.072789210177405
55.20413672442224 56.448218307087785 39.03614439207502
55.204968712976 56.44936963216024 39.035723136112146
55.203648437779634 56.44740702361932 39.036418120612865
55.20558727315371 56.45021324796052 39.0354123600905
55.20466015240663 56.44883561917385 39.035900283115915
55.238922384217204 56.46062797316522 39.01490588247928
55.20523518441624 56.44963445376331 39.035608526204875
55.270170598834525 56.470674614272085 39.00683201004091
55.23955463862002 56.459659765778895 39.01443126849879
55.3282735635558 56.4522626190328 38.98783524538135
55.33107340452766 56.451638538978266 38.98678809661622
55.376536556319415 56.4507352868045 38.959345565986524
53.84869123430364 56.541637043583066 39.11215885617039
53.896114481944814 56.51455313640715 39.12534292806355
53.89863065216723 56.510297264700256 39.1259845518628
53.901442806297325 56.504725934900236 39.12711606922203
53.960336376881656 56.574033159711874 39.12237120588633
54.1105513448768 56.56211468303107 39.14473174045819
54.11091534795033 56.563437650387044 39.14447858170289
54.12052391528142 56.486802992507734 39.1545876074106
54.11146970219179 56.56454870569682 39.14424627684291
54.11080803659739 56.556865340334916 39.14560149582343
54.133820874982405 56.562406761719416 39.14059363458068
54.134019975149755 56.561587814038305 39.14068810343734
54.13406178664444 56.56167799205829 39.14067213662749
54.67976660511226 56.51655746838581 39.06109192106683
54.6798573027545 56.51654837756742 39.06115171471107
54.67789097070888 56.516644228277485 39.05977624560479
54.71584935217062 56.499762305832434 39.075321819105326
54.71618194991011 56.49948777903693 39.075367699706625
54.74062337533299 56.48830695950817 39.077990607316565
54.74077903045915 56.48775328698693 39.07760938735202
54.74067927626414 56.48819089520782 39.07798368106651
54.7408009588112 56.48768385303668 39.07756913307615
54.817322951305655 56.50505567870353 39.09420803681049
54.902428398314434 56.5267334239507 39.08641928784918
54.97705517801113 56.54120702499118 39.0703627988281
54.977026816382605 56.54087797253434 39.071108529047194
54.9770398424317 56.54086844483004 39.07104451095271
54.988850691913015 56.52269112531668 39.07025001871568
54.989628071453225 56.52219501420229 39.06889308955503
55.00997649530487 56.47151214156745 39.092896964399685
55.14299818922922 56.49629200588646 39.05060305045529
55.20540103901814 56.450111217257 39.03547622888573
55.223197433034294 56.52422629371157 39.01506106772521
55.22321495868299 56.52421935700848 39.01505754368628
55.22321417931505 56.52445022061503 39.01500263830243
55.25027604412841 56.50479056585874 39.00286669935331
55.272802782642486 56.47012440959013 39.00575588198681
53.94706101038928 56.56967557202219 39.12088842444059
54.04662514771911 56.60668634830165 39.1234905188968
54.111494098595 56.577942263070845 39.14197330674676
54.112127478284435 56.58164137075691 39.14129590684609
54.11306251757853 56.58252812489603 39.14107147965202
54.11365907690269 56.580610997198825 39.141349296179996
54.13190489208238 56.5724983148335 39.13938261220132
54.13429691482631 56.56194852465571 39.140614659577466
54.14601536879297 56.56538507554056 39.1373308002723
54.17090466227553 56.49461239945883 39.14462711268147
54.226311617039215 56.57016445491329 39.084462783580214
54.257575704464216 56.43625081650674 39.12524045631094
54.27275010980367 56.557281739078185 39.05251171622241
54.26916026313525 56.430398506970306 39.126778086571306
54.342456999950926 56.53199874165194 39.060715023859075
54.33935485842731 56.42130781949649 39.12341872753277
54.404699077370296 56.470350492110924 39.093132664537116
54.4310075659466 56.438990529071376 39.11558600609159
54.43310395232129 56.44225335483525 39.11353189984944
54.43247831099853 56.440722423491025 39.114492207573846
54.48253252653623 56.50628485259517 39.074376007892944
54.4670793878409 56.46494885676876 39.0817999713756
54.48383083278517 56.508546132356386 39.07301813167896
54.48218711628779 56.5047361520643 39.07533795258611
54.52529726223109 56.572480267722085 39.033286071129915
54.51682798936861 56.48314965471919 39.07991192926413
54.677141721714136 56.51669745766098 39.05926519781997
54.67755783771124 56.51666077558208 39.0595434568045
54.679199634726295 56.516601004646205 39.06070774756859
54.7107571639096 56.50388942508094 39.07477046610184
54.716835437928395 56.499864369374926 39.0761255583548
54.740592547683285 56.48833671439935 39.07794064407263
54.74070507618816 56.48787098800988 39.077562262234125
54.81923546941425 56.50559626193133 39.094429982941605
54.977100238103176 56.54197950790648 39.068745181385545
54.977065302589644 56.54167764381346 39.06948442593942
54.97704312473474 56.54143602353956 39.07004036872545
55.13738492275377 56.54692656110129 39.04020762906974
55.2228629771867 56.52861959928034 39.014110708134545
55.22289798689543 56.52830794858785 39.014174788713035
55.22293091308495 56.528066727687026 39.01422266486816
54.085574964147234 56.61005491734882 39.11502141672546
54.11289567861858 56.59336556299293 39.139247078463185
54.11433924341611 56.59441010077341 39.138955615243454
54.144572756756396 56.621071947888495 39.115394136910325
54.151765639879876 56.619633066092604 39.110642490495565
54.158697134018645 56.61810349309296 39.10589023056204
54.2173525202183 56.60909429364155 39.07069410312004
54.27192288184173 56.560526138213746 39.051324348264025
54.27215483403452 56.55972362130697 39.05161106096843
54.348069684237096 56.5331403867767 39.06025206005294
54.483828619487355 56.50942465773325 39.072460804715455
54.523282080038875 56.57091351980384 39.03425052995306
54.52510067151944 56.572429734658684 39.03333005557888
54.52698725031138 56.573962797453376 39.03239467752588
54.61539420012935 56.571965974757575 39.04409743207803
54.67850400189194 56.51664330030989 39.06022770099355
54.680580678691314 56.51654438485261 39.06168216630263
54.711597939445696 56.50367674992356 39.07523153368422
54.740594219251676 56.4880981816389 39.077571329175335
54.80954558512121 56.50462174511745 39.0941242028583
54.88908178632494 56.534276380585894 39.08382824826646
54.12315831169838 56.666722075137365 39.12800407812314
54.123935838737225 56.67258025885798 39.12724210951378
54.15860985940583 56.61816595513281 39.10600242745853
54.21701687405425 56.609182772457956 39.07094094330164
54.27558998289171 56.66997721909868 39.05377002711165
54.2758945372906 56.671529568410975 39.05410395068194
54.346523541607255 56.64484981525217 39.06231819411903
54.43733512789345 56.63743689247846 39.056308106728
54.52513413888309 56.572540930596396 39.033272326218295
54.52680107382473 56.57391392505498 39.032436829624686
54.52845698638639 56.57523670577598 39.03162700208356
54.58326463975312 56.57616105710605 39.02335032616794
54.65105611774548 56.54740323216106 39.050838247841504
54.65476667825571 56.54550799749958 39.05291398991447
54.70210970250857 56.57768752936455 39.0272863954884
54.270875271534734 56.75348325667114 39.07011158988887
54.299292614501134 56.81558412941523 39.06323335643228
54.3012138784919 56.815433917204444 39.06185336513736
54.395710496475786 56.74295176027243 39.04138416639482
54.52669044239968 56.57388497435529 39.03246183320445
54.52817299206242 56.5750916728895 39.03172581754559
54.52959022053119 56.57620577435135 39.031041540191104
54.59200109731911 56.607684052190294 39.005890881186275
53.02911956207214 52.1139744370481 39.17710631958412
53.02907482647022 52.11406781199074 39.17710727474077
53.12844862710324 52.12308151102304 39.16225373959648
53.145457564370446 52.121757220191085 39.161380486710826
53.29604445660006 52.15073146000486 39.14433961319916
53.29827404694018 52.15286186705673 39.143625243555704
53.02863263787448 52.114215852690464 39.17689134921072
53.02889311193857 52.11421912241532 39.17704485364143
53.02916935751922 52.114206873227914 39.177203081793685
53.02919388565774 52.114209912978055 39.177218331380246
53.02911373822688 52.11422166011518 39.17717480727903
53.12729719966582 52.12350104392085 39.16207577009301
53.14510909666758 52.12200026201888 39.161243204454905
53.29722924795226 52.15193971606997 39.14394348807379
53.29977666339602 52.15437755826472 39.14312647334897
53.30375159156595 52.15817540447706 39.14185294629012
53.30731629810022 52.161549549654 39.14071773435071
53.30963814907874 52.16373341704977 39.13998132594146
53.47889022931632 52.1456070429133 39.08730112632321
53.59022581661199 52.14099371813036 39.146753937021366
53.62982467073771 52.13245839707788 39.163908219263085
53.62963912642772 52.13228418923312 39.16315256930679
53.62951705762677 52.13217018351469 39.16265739168768
53.66050074646698 52.138334257750344 39.13121838020103
52.92645897535683 52.14170289980767 39.13797257000866
52.98495601347253 52.13064914976695 39.160305286219455
53.02867110725975 52.11455265069124 39.17701182901232
53.02887194085231 52.1146542020189 39.177158986147354
53.0290792225326 52.11459494186823 39.177263151819204
53.029124150959305 52.114469091243585 39.17725286486379
53.044540448313214 52.129251946277094 39.1694596853587
53.12520005741968 52.12409480158195 39.16187405930448
53.22130795320973 52.14547358762921 39.14756470388091
53.30046252609708 52.155172344878466 39.14287649160363
53.303049946973054 52.157648638066014 39.142046610156264
53.30651090052595 52.16092918210299 39.140943440828245
53.309457301598826 52.163676453799454 39.140014156916244
53.31124458329614 52.16532083181756 39.1394552487203
53.43940970148887 52.16118085168885 39.10556363944052
53.59070301836872 52.140983364513744 39.147251898928076
53.629500738267936 52.132206820489785 39.1627594013309
53.629832362037746 52.13251746617124 39.16410765338591
53.630388703759046 52.13302751906161 39.166333544887
53.63070091509569 52.13330234757823 39.16754570142878
53.630363039423194 52.13297487891788 39.16613647373413
53.629977355357056 52.13260818639292 39.16455090431248
53.62973557635843 52.13237960454708 39.163561125005245
53.62958567023336 52.132238296993435 39.16294879832468
53.70552500801948 52.19315482578497 39.11749166432507
53.70825268259041 52.19571449024066 39.114906132512544
52.818784193917196 52.14761638071207 39.13830881249318
52.892889631648885 52.19329127354306 39.135956490050965
52.89395851847058 52.195214306553595 39.136832018893436
52.983032999411094 52.13148362411227 39.15962994125212
53.02869891483397 52.11468170394142 39.177065647130114
53.02882351983642 52.11476646277299 39.17716327530515
53.02894938248781 52.114715628124856 39.17722220611731
53.04419887814713 52.12919933248931 39.16964102840941
53.044865772640534 52.12969978217404 39.1691118083626
53.04474988897998 52.1296218681684 39.16919978446276
53.12358779964653 52.12448173098687 39.16176896732201
53.2208507387368 52.147062023247926 39.14709031250389
53.302935811100596 52.15763424400822 39.142062657029854
53.30552644520036 52.1601195889082 39.14123044931339
53.30864487927347 52.16307408501574 39.1402367569445
53.311049729962065 52.16530090024778 39.13948163765629
53.31059500168348 52.16488933693937 39.139622361934045
53.31230486333028 52.166418871906906 39.13909711916835
53.39519585845777 52.177114370868175 39.1226229248321
53.591317372677786 52.1409262427763 39.147756261630704
53.59550468797553 52.14035181059262 39.15061601402191
53.62983461563916 52.13251510828555 39.16410232564692
53.630174467968246 52.132825672658846 39.16545877572978
53.630336880359955 52.132966280284435 39.16608169351977
53.63018239729189 52.13281221185512 39.16542328452427
53.62994106864717 52.1325799141466 39.1644219200588
53.6300001918199 52.132637142659576 39.16466827515595
53.62974804683699 52.13239455114706 39.16362241143328
53.62960243455228 52.13225613278661 39.163023868116774
53.67799688545985 52.188117996385245 39.14601852135587
53.709567754937304 52.19857307110065 39.11516597179712
53.70920302399659 52.19824412022059 39.1155240425256
52.804002804775386 52.190574715129024 39.15295504199225
52.835255834912104 52.25084951013139 39.17059620096646
52.90478091474847 52.258660172830155 39.15821269072973
52.904884174947846 52.259040744640814 39.15834472024758
52.904981905707984 52.25907166845604 39.15837797880774
52.991919070021694 52.179994300519596 39.177448735955515
53.028795832408115 52.11471245554177 39.17713135279277
53.04383410366157 52.12908436815546 39.16986057610388
53.043701547735544 52.12904487619666 39.16993935149408
53.04434015150444 52.129361066244826 39.169504380578324
53.31109506830819 52.16534823326992 39.139466241387936
53.31239820791641 52.16652465050637 39.139063615344355
53.394578199651335 52.1772377556926 39.122714019703885
53.59158321871229 52.140892388689366 39.14794598894058
53.5953870105229 52.140373580481565 39.15055321105281
53.62978697304557 52.1324677000821 39.16389961761174
53.630037597723906 52.13269620494412 39.16489824357036
53.630185685981886 52.1328254746196 39.16546966941062
53.63012240069351 52.132757064544876 39.16518277932639
53.70968538759276 52.19883949708343 39.11519916142468
53.82116396639094 52.33658612388024 39.064826995055874
53.82058213473464 52.336727860622204 39.065327388042604
52.67981557492707 52.270020839024205 39.14324492751204
52.832307649475624 52.24860259777218 39.17056884512288
52.84667428757809 52.25992865253212 39.17065137667326
52.90461021441194 52.26744456512892 39.160616084325056
52.9047492028616 52.26856612793447 39.160963489029854
52.904898223281315 52.267830362440385 39.1607961601443
52.94025730662147 52.2526592894782 39.173431277138945
52.93838807744486 52.25539523480391 39.17330678703486
53.02879138215101 52.11469413946986 39.17712341961538
53.82138574230641 52.33741942616483 39.06482306272499
53.812081238205735 52.364085347812406 39.11399057871429
53.82111563544764 52.33708193516139 39.06497046154743
53.79869269886109 52.389472074438146 39.13064209465299
52.673321644846624 52.28969772045998 39.14005396821361
52.67660752659146 52.2857123707375 39.139751605599926
52.842713501605495 52.25686358093075 39.17062088130933
52.85456162906685 52.266217580402255 39.17068713451437
52.89837586761246 52.311705176749605 39.15010844663772
52.90462732183387 52.274253458976865 39.16251666664081
52.90483728447579 52.271632794851264 39.161839764710216
52.90474084160834 52.27368889592087 39.16238806464969
53.79926276073941 52.39096444878274 39.13095559588554
53.77995837114081 52.41892341336633 39.18340837304931
52.66649269311854 52.304282181828576 39.138659187783716
52.67918550785343 52.35543926935705 39.10965807254005
52.73123747026907 52.33964541508868 39.13797295139422
52.84077019970516 52.324022378952336 39.148627839101884
52.85281079332566 52.32043562291029 39.15288605284595
52.898083144815786 52.31202469917745 39.149108786447826
52.89876125576006 52.31137820693603 39.151018860759315
52.898309625625835 52.31180877481935 39.14974674454049
53.79941738760773 52.453732002538366 39.17657783999486
53.798897197497894 52.454646609235084 39.17832383135067
52.63699203294905 52.37684342915818 39.117327420125335
52.63999966386343 52.37659866223282 39.116377466101255
52.68029512184106 52.35570487921775 39.108906187557594
52.730122886581626 52.340049659185084 39.13744831412458
52.837840250936964 52.324894516852595 39.14758851810599
52.848895281360065 52.32160100229421 39.151496540071165
52.897895562937975 52.3122452541522 39.14839977971907
52.89733493464138 52.31287089572129 39.14642595445378
53.79851985218511 52.455756480289736 39.18037651153948
53.79820342380374 52.4562521602 39.18133174784793
52.55701010395395 52.393565272357066 39.12649370106453
52.636503027032816 52.381577138999006 39.11412790327032
52.63930795072656 52.38052267754922 39.113832316957414
52.68854756424233 52.416437680130805 39.137406313256506
52.693002129414424 52.423362897263296 39.13761335647955
52.787414301115504 52.41645903444113 39.14578673359459
52.84717515490629 52.322112758743934 39.15088513006972
52.840136314083374 52.32420921675276 39.148394233443
53.797593074614134 52.45792173216814 39.18443069615407
53.79743100386713 52.45807549839234 39.184743653884986
52.55423520056003 52.39756537580807 39.12439293037983
52.6357736240456 52.38575553093906 39.11141508891064
52.63831131823544 52.38426333902507 39.1115322199662
52.710661736035576 52.50299419803123 39.15879355899311
52.740657696472425 52.51778326895802 39.14470124627698
52.73988170189783 52.514384401655605 39.143734543066046
52.74101657037903 52.51930086463511 39.145145928017705
53.796809729704336 52.45977900762639 39.18790520874527
53.79675497757735 52.45968423525022 39.187752562395765
52.48925891032904 52.43137176353004 39.116375708873804
52.49493369538956 52.43265806268212 39.114299322953684
52.65277454891855 52.45883036104587 39.12818753932874
52.71456795688362 52.51017207763227 39.15927223927271
52.76113385951904 52.59050490691226 39.15441628078594
52.76119337570552 52.590535114570244 39.15434685710861
52.76113310264007 52.59049235910136 39.15447448482516
53.7940267581421 52.47590258315316 39.187740620632454
53.79397835079211 52.475880329998915 39.187588625284306
52.465633333670276 52.50828205971014 39.137475899454046
52.577673741690404 52.60909450731259 39.12481466259859
52.7175145766755 52.62022793838182 39.159912844716516
52.746841145000424 52.59240089142126 39.14792769607115
52.7610643394808 52.590448091902445 39.15459883299586
52.761057213099015 52.590445570312596 39.154601983471366
53.79442906722816 52.496965728044145 39.186889548727784
53.794391311482386 52.49696166680915 39.18689885825329
52.492068566912494 52.619168158561735 39.14198281770722
52.539618532004624 52.68962330483277 39.140548868712486
52.55303285216924 52.69380522002016 39.150590959724575
52.71425789481434 52.622983175457016 39.159528558104086
52.719006435062326 52.61898435254545 39.1601085904399
52.7200573518015 52.618100965893575 39.16023866582916
53.79375507246731 52.55304269294807 39.21464742254125
53.79375653535905 52.55328361931095 39.21461311818941
52.53580699646452 52.69040372875707 39.14196395263471
52.547361590098944 52.694032069590705 39.15062912833407
52.55288903835672 52.69386044322321 39.15061533256173
52.611590926324794 52.708681940611605 39.15400542495702
52.71765937267044 52.620124391703 39.15995005134861
52.713002992999606 52.62405582293981 39.159392123386596
53.8164553488039 52.648927406026104 39.182513870783964
53.795172942992934 52.56797270990707 39.21233830004749
52.533083481118 52.712462599358346 39.16238988202197
52.53618771759986 52.71502346011456 39.16411160652253
52.58092770354911 52.71893810302694 39.16708144868935
52.60896809860003 52.73976219747884 39.181219725216565
52.60905723248448 52.73959419831788 39.18111276867004
53.81473006590183 52.72634022788456 39.152038413396745
53.81470935842791 52.72635772514209 39.15211231095962
52.53235808085745 52.71191810646655 39.16200768096508
52.53462108548937 52.71381237138674 39.1632730497806
52.538950756828974 52.71734852162545 39.16566114070839
52.57204494496906 52.746988022030145 39.18478041420697
52.60832816623224 52.741008951400104 39.18200929295843
52.607105885854644 52.74338569709471 39.18351493815163
53.815287258037756 52.72711036356584 39.152554460771356
53.81506467931864 52.726975208971545 39.15269643039139
52.53463044761217 52.713840758655664 39.16328595634566
52.53776178282831 52.716430265589764 39.165025059242204
52.5712584038031 52.74638359149725 39.18436191386556
52.57586676284117 52.74996503221878 39.18682599900934
52.604960154954085 52.74759189821982 39.186176156730404
53.854503570608216 52.79298701495987 39.17751114793504
52.19241027059778 52.672659538718804 39.12779672543106
52.19486541004664 52.67472564748842 39.12880404680984
52.537407474531236 52.716120980210036 39.16482220187932
52.56948354203034 52.74501990406516 39.18341762169307
52.57440284070455 52.74884190440496 39.186047637016664
52.604928034139334 52.76564864849769 39.18614497856866
52.6049886585568 52.7656543195273 39.18607414950645
53.86003710171017 52.80272761813951 39.18046158343398
52.568440375976564 52.744217275372286 39.182862278483
52.57165572575619 52.74671664854601 39.18458168156006
52.599322249465416 52.785624649226364 39.18442620244373
52.59894177881213 52.783405401124895 39.185886539349546
52.59921659648413 52.784974960631914 39.18487485202358
53.901926253343 52.851468119269995 39.174453503612504
52.569892865478415 52.81070728487351 39.17105411309293
52.57201606140931 52.807017724468366 39.17321938128677
52.59989355963255 52.788888620424444 39.18232166680188
52.59985730549599 52.78865788322857 39.18248568329937
53.94259143617799 52.89289415223591 39.15333716133358
52.53669629610708 52.92464072727994 39.14925319181267
52.57381755372202 52.836664007458864 39.15544685911177
52.57648954897074 52.83381228997116 39.15708786876431
52.57819221574309 52.831945151867515 39.15816751531682
53.94229782252698 52.89360927179207 39.1547708360025
53.94117750953463 52.89634058157982 39.16023584426135
52.5069609720276 52.99964660546233 39.15208079480469
52.53413867464431 52.931778901808556 39.15122421971704
52.53773567648542 52.926608522297485 39.15068353140313
52.53947601657811 52.92430128810868 39.150511003845956
53.940870911654564 52.89709718336117 39.16171346287492
52.504504651770134 53.011052690169656 39.15514822222842
52.50500166192028 53.01000012799696 39.15459356294916
52.50588803531292 53.00826555208838 39.1536118736352
52.567182072575704 52.9772303758825 39.179525534020286
53.94164168788601 52.89523398106259 39.157922071164926
53.94178000635946 52.8948993961675 39.15724214030114
52.50078460062757 53.076415369690906 39.16618814318918
52.501420836761014 53.077536530555925 39.1657640914396
52.52395198592234 53.08221872324869 39.18054705461073
52.524966981015 53.08303054202706 39.180921893270906
53.94279852825328 52.89243578411508 39.152235130617996
52.50120240751144 53.0774573059107 39.16603975275619
52.502013732892706 53.07893567463165 39.16551971417705
52.52734622892284 53.08487396478809 39.18205827722136
52.52762932154356 53.08509731052957 39.18217614650957
53.92980794564539 53.000559641625756 39.18386430550207
53.92951060060294 53.00463942466046 39.18385425479595
52.49138393463514 53.12662179177494 39.192845996902804
52.500753237601245 53.11239668849649 39.18209372006801
52.528389974065945 53.08569262073446 39.182513650883166
52.52782644707039 53.11667571620882 39.19973178611091
53.913718557953274 53.142407109034565 39.20602941111519
52.4930326562948 53.18254409529378 39.201091947846315
52.49344168628902 53.18212558656431 39.201181934261996
52.526667247217645 53.15924239918833 39.206163000376456
53.998779173191004 53.14694885871407 39.17615253575391
54.069209514598754 53.294284679747335 39.17334303383879
52.49260513453221 53.18316845526473 39.200998457134425
52.49318787051796 53.18255137515334 39.20112659592589
52.49336582821296 53.18243543936487 39.2011659460707
54.0785319769325 53.297568367421434 39.17210217772024
54.077622817323146 53.29758935084056 39.172596339540476
52.49208449567568 53.18423844638512 39.20088553756676
52.49259447981609 53.18361498350453 39.200997427186465
52.492910220816995 53.18319848049928 39.20106660818449
54.07818639670428 53.29781646980403 39.172552608945566
54.127549816970856 53.33415854684653 39.151966936284154
52.483038357009924 53.21048053577806 39.18911130462242
52.509456293700666 53.22071300071591 39.20943676755884
52.51825503360191 53.26588926291207 39.214094341936956
54.127677313792816 53.33474374542172 39.15336616320291
54.12777985879647 53.335581073917076 39.15525307216324
52.47627138078149 53.29821649232027 39.181191300967086
52.514040746971396 53.28832354887662 39.20569080910917
52.53209552914927 53.3179098207089 39.22414000406232
54.12778770567059 53.33667678940803 39.15754010506507
54.127742693027876 53.336988518308495 39.15812264799594
52.46425231581346 53.34322989426012 39.190082955199074
52.52821413855382 53.35964506949583 39.2275896386893
52.53062315037387 53.36332706674772 39.229440903167145
54.127418689263976 53.337474666887594 39.15866522489448
54.12737855856028 53.33753541392708 39.158733535379056
52.48729426364717 53.37052119590836 39.212079331794875
52.53205470769127 53.36558818798836 39.23057829944295
52.552306731901844 53.38328568466013 39.23955974962567
54.12736866929167 53.33753980150894 39.15872839065725
54.16520549716888 53.3941036153434 39.177150888445496
54.16491607918186 53.39463240241754 39.177905977488095
52.49290956610431 53.390585668207855 39.218557319079245
52.552343406086834 53.38328767496952 39.23956119328239
52.552833858069185 53.38334535969479 39.23959363172963
54.16552721773597 53.39680609247105 39.17807429689684
54.16867488220126 53.40625946026314 39.178007834878606
54.16834770372121 53.4068321717897 39.178848011234486
52.482866565036744 53.46283887139603 39.211002865206176
52.5222653999671 53.46327700752772 39.22692246702127
52.53446728127277 53.41964764748934 39.2332716301173
54.195268479585266 53.49958553450101 39.1794526473653
54.261073079185245 53.59606356326694 39.14511665475923
54.21591129496264 53.51979723734554 39.18307505880253
52.492373900931284 53.47399493403818 39.21433610346476
52.51901893758235 53.47774033743329 39.22490442780396
52.521464206341996 53.473211568868045 39.225777916477455
52.52243145818446 53.46976938428082 39.22628915899448
52.52155984615155 53.472862842022934 39.225831465244916
54.26083757242647 53.595903119337585 39.145487220344286
54.264667860386524 53.598558427727795 39.142348343301386
54.263777271332266 53.59794238653686 39.143163257503915
52.49590470765524 53.47875514051226 39.21560738927279
52.5178557341306 53.48206676343777 39.224387776703395
52.51997274558528 53.478242310129865 39.22508880016109
52.52023683723441 53.477318716166316 39.225222571052356
54.33408510970146 53.62660766133001 39.16491207745864
54.440668932734134 53.67604532333344 39.14815772885713
54.44047394659886 53.67598603898743 39.14810878268201
52.49555910989633 53.478434128405745 39.2154907980359
52.518366440470416 53.53892575629823 39.213571651646994
52.53872125808013 53.51004311851538 39.20589721582006
52.53996993067773 53.51049963209203 39.205108146854286
54.44080248664838 53.67608605773384 39.14819292106448
54.44789865490782 53.678246454445535 39.15001130273288
54.449467045539976 53.67872397657601 39.15041362453407
52.52087047327848 53.560712719144064 39.208926533584666
52.520794888745094 53.56010223021504 39.209058304377905
52.52097291260974 53.56115965732204 39.20881606468936
52.52104052992639 53.56156470461905 39.20872344561719
54.46946392191272 53.716056342123075 39.169554141677516
54.50639631805221 53.723823637990904 39.1644980807907
54.506574131005245 53.72428332138296 39.164556375718945
52.52904922567866 53.659673910438116 39.18855883517914
52.54545596869865 53.64927352683053 39.192701657255775
52.569193614190446 53.719205551162325 39.18018162418181
52.569647428147526 53.719383479234054 39.18020777996134
54.5070407405472 53.72546264787837 39.164657635167515
54.50852066995762 53.729198059664114 39.164969170211975
54.50850112413104 53.72914980640376 39.164967130240306
54.50920577793898 53.7309101415483 39.16508046233962
52.55106822388491 53.73278405006252 39.17504470365536
52.567493577260954 53.71859749185428 39.18008143342799
52.56931975432173 53.71932076341698 39.180186411182056
52.56970436995746 53.71947267263564 39.18020853669461
54.5086008521259 53.729401569190856 39.16498820924369
54.510351630753384 53.7338217167252 39.16535886931884
54.633915146135436 53.79655398761476 39.15712993740492
54.565403397124086 53.74141564166724 39.1594184129079
54.65650003436388 53.83994704596576 39.15841761704521
52.532343479737946 53.75071498552292 39.163408541703134
52.551710981836365 53.73384281178825 39.17493270557533
52.57012277656453 53.71975782237237 39.18022807851558
52.57022774546559 53.719799490092896 39.18023410910214
54.65169457812488 53.83942180648519 39.159067416471764
54.65654869977063 53.83998516542964 39.15840097228722
54.66033412729232 53.84043936672703 39.15787669051159
54.658766738458 53.84025622950592 39.15809226160103
54.70552904854831 53.88062716408156 39.16476660025377
52.53191603111189 53.754022054638334 39.16222044512233
52.53229642536721 53.75298082640641 39.16280810007598
52.57042780788182 53.71991550666661 39.18024422075414
52.55309890757944 53.73598278520235 39.17472215266218
54.660242804151046 53.840448582647326 39.15788314890676
54.7058155660514 53.88256728542471 39.165420628337486
54.706152679068964 53.8848804934817 39.16619191141947
54.706139870158346 53.88479054846002 39.166162487218116
54.70633337783639 53.886137470820245 39.16660631886174
54.78971110515914 53.84867586153668 39.104213117153975
54.90689599092846 53.835069698368116 39.04174809826975
52.5375621740295 53.790987532439026 39.1539952332968
52.53814054779896 53.79114378654069 39.154319033820684
52.55886459225856 53.77405892953395 39.16651240111181
54.70617275095363 53.88501520744185 39.16623765975556
54.70650171621756 53.88725691043144 39.16698940028061
54.70677346562343 53.889098261637244 39.16760978860647
54.79658595956559 53.84896731192575 39.100510153860704
54.911702471563395 53.83506620209968 39.039087870190485
54.90771755214124 53.83511636412275 39.04129611709596
54.99996179552184 53.91972921754474 39.042278065659914
55.086802347434855 53.841995587006615 38.99562596951931
55.09309780051205 53.84242311383359 38.99627426304872
55.17726314943772 53.822619046499824 38.9879975546627
55.213636045191365 53.86454258220437 38.9901413305824
55.28563955261441 53.84083589389925 38.989560787458615
55.287395381384215 53.84151927388407 38.989428002318576
55.28941031921184 53.84222211805944 38.98920595312635
55.34728825333371 53.85922566138205 38.9891028063356
55.3498700171843 53.85921251328966 38.988338459015694
52.49797264751528 53.825284433775415 39.14778748622715
52.53851415375844 53.792233340633246 39.154092118892095
52.53884613593222 53.792423705637475 39.15423356997309
54.91110564570669 53.8350769961086 39.039418791042905
54.99965920101964 53.92291834473224 39.04438039193987
55.08745006044212 53.84212034507823 38.99574621940735
55.093383086347075 53.842537529737506 38.99636665183456
55.21181988282825 53.86660308080834 38.989786954788016
55.21289943152213 53.86562365130982 38.9900992785909
55.213861321104666 53.86473794285961 38.990372164273104
55.288037575702056 53.84180030849054 38.989406049819365
55.34512722573753 53.85926072480872 38.98973998776157
55.347265651004534 53.85927368726442 38.98910431152009
55.34952733488079 53.85927265403434 38.988433590889564
55.34753484123016 53.85927653915479 38.989024158951736
55.352108194287496 53.859258750748424 38.987669593584755
52.468709018780025 53.911229187959094 39.13232873279468
52.50857688033135 53.858717235313996 39.13901808798107
52.564284549406665 53.84156282717191 39.14191373083216
55.34936126985582 53.85930583627339 38.988479255025695
55.35181540514613 53.85931980594163 38.9877498277811
55.34984065679551 53.85931850399037 38.98833569395787
52.45038838610414 53.98424276579174 39.169170337821846
52.48676669962109 53.93617538310626 39.17744717737955
55.351827097113855 53.859378979634826 38.98773995426009
55.35038721830178 53.859362026797356 38.98816886832154
55.35023496699198 53.85940220408581 38.988209677986504
55.255436340262996 53.959720738676566 39.05046880884673
55.25525960867314 53.9599552089372 39.050608532318726
55.1231108942076 54.17278216154082 39.15859398639231
55.12311433347681 54.172836576170596 39.15860409344727
55.123110133436036 54.17280686830749 39.15860927132198
55.123114314611335 54.17284351918286 39.158607491024796
55.1231153085032 54.1728775960774 39.15861916270826
55.123115907393284 54.17293174545895 39.15864222493232
55.12311632888778 54.172903343360005 39.15862674050289
55.12312098009252 54.17299454349274 39.1586488065863
55.12313872626481 54.17329055087089 39.15870822232684
55.12312492050157 54.17306124775455 39.15866246575287
55.123139904949824 54.173294223727375 39.15870454513234
55.12319191706751 54.17405817052277 39.158829276846134
55.12314971172251 54.17344049759184 39.15872912797033
55.12317893049362 54.17386015925291 39.15879466854903
55.12102389141021 54.24807963606769 39.152230026305176
55.12319625810507 54.17410041313941 39.15882942664105
55.1210048668278 54.24845902832363 39.15214678636495
55.12090849168686 54.25019510769324 39.151745242953204
55.130100375595745 54.29175305192769 39.14484397572602
55.10319049000347 54.30663431251749 39.151254698915935
55.10298326068928 54.30667022941006 39.151298840027565
55.04845104128588 54.30652104209341 39.16260070529579
55.06120490066091 54.31615364965386 39.16188259581456
55.02617473782474 54.4078017898792 39.16216701261564
55.022043024177634 54.45864160652034 39.160238255252565
55.022011050962064 54.458597753594 39.16024983533612
55.02208136160766 54.45871018509433 39.16022438988097
55.01107327670459 54.471233378713066 39.163385248263175
55.011168320262954 54.471180836114705 39.16335624528598
55.01066393097829 54.47145673569523 39.163510150277794
54.97859641670624 54.50349173600085 39.18145455718379
54.914995217286645 54.56399761355665 39.21306558222897
54.914302060644744 54.56437891325034 39.213178052305274
54.914185466406835 54.564444403930764 39.21320448031155
54.91401295401326 54.56453965248623 39.21323441933342
54.91363914845998 54.56474309662663 39.21328295614293
54.91364013451228 54.56474283644719 39.21328436250227
54.91347347344086 54.564832897050984 39.21330242363946
54.906455361228765 54.58475510399198 39.2042885096402
54.91028944483571 54.70770195553304 39.16849399877924
54.87611096015921 54.770355763680314 39.20299852920835
54.87532816502177 54.76800926893052 39.20303178690383
54.87938425453468 54.85650890145394 39.19887333180206
54.87698504900406 54.85706844878621 39.198775467458546
54.88353126535763 54.860090145463104 39.19699261482848
54.879952543470246 54.86011636895152 39.19721097209106
54.921239505126394 54.909259589288354 39.177618116703286
54.9221911666441 54.9130848853172 39.176315456986885
54.923447418001345 54.9191246449589 39.17422254843944
54.92391029520622 54.91978018929504 39.17404329342084
54.90868700122342 54.96212377060715 39.169269043032756
54.917356866317824 54.93575692751263 39.18052960597909
54.938498769724376 54.98130811011595 39.16025135223515
54.938356513275764 54.981466931924786 39.16012519992646
54.93976438078208 54.9819177031579 39.15938742135328
54.93923546652378 54.98189000166498 39.15952549016002
54.95186664308194 55.03879880606415 39.14664233697145
54.939589757580755 55.17113128493946 39.130662354391156
54.94550388581402 55.18224487443713 39.134784826963866
54.956013023029655 55.20692100902683 39.128288663450014
54.94593518050728 55.18322335378467 39.134737375843045
54.956087087162246 55.20675881660544 39.12822742102696
52.77031519087062 55.29109435780269 39.15953281901549
54.9483863672364 55.23822756944956 39.13091104745165
54.94830166135658 55.2382028579987 39.130702060341555
52.800019107369565 55.30335121386247 39.18605824980842
52.770332333646316 55.29089915013844 39.159920150264924
52.80238360338887 55.30489848082162 39.187180857371985
54.948498872698536 55.238855226463485 39.13058291484958
52.80372047729669 55.30695402628826 39.18677472777935
52.827437956252545 55.31860260744681 39.19158042842684
52.827308962184155 55.3185116903769 39.19153098487426
52.827596133506965 55.318710859685616 39.19165871948571
54.96689565383453 55.26719446212371 39.11590719174917
54.94853339309464 55.23898293616759 39.1305482948562
54.96696038770747 55.267241691976274 39.11584755278345
52.80800432423989 55.31046526317526 39.18753480560596
52.83273653793808 55.32240450240845 39.1932434110753
52.873385406314895 55.32550217918088 39.220749226497276
54.967629910048956 55.268131513776005 39.11495754773097
52.79603681366993 55.36051583823095 39.16150429273577
52.83435709104976 55.32380528685337 39.19245216732732
52.90961606213008 55.354677642597856 39.21102917472965
52.90850759078834 55.35343389229398 39.21327919683579
52.910487038458456 55.35403316811267 39.21143440988213
54.977768331619586 55.29202930999088 39.09115128427364
54.96790620372892 55.26848937250639 39.11459662871859
54.96810541855692 55.268744460632554 39.114338396108565
52.85646315872618 55.3681300184142 39.175582388441356
52.90492712991826 55.388203586406334 39.182765248712876
52.90537746864043 55.388892449382304 39.18192904696232
52.914067895959725 55.35497885923262 39.20828262889598
52.931987912521976 55.380989077059155 39.205034012083416
54.93232304200818 55.54174605626339 39.15111958089203
52.87464858625518 55.43707870815787 39.161873074304964
52.90801112741484 55.39299602942012 39.177062417405594
52.90841397210842 55.39365402020819 39.17632756436974
53.00257227048391 55.44352005305461 39.20502689688012
52.986469996792565 55.41629667190494 39.23276084055757
53.03539206542693 55.46328652604369 39.21789539841454
54.95040823762703 55.59932260938214 39.15840316133098
54.92236652155657 55.582656237211395 39.18354227271057
54.95034168838946 55.59928293411893 39.15847004144084
52.89114668540148 55.50498979871142 39.12878665183439
52.93558390641388 55.49630902680774 39.13245694816474
53.00812151797329 55.51530423547599 39.18750320209545
53.03811699894329 55.46930146959892 39.21833731651151
54.98392952454125 55.63677470894771 39.148546658607216
52.90342042291136 55.5253125570559 39.12325514255819
53.00325224596353 55.51766009232408 39.18391087181461
53.012407292764024 55.51330446374861 39.19096974638477
53.03829895421806 55.46967276610283 39.2183910295589
53.0620777353519 55.51137604675097 39.2064591397275
53.06205079133984 55.51131398149393 39.206547622385926
53.06210644994155 55.51137142719906 39.20651787348791
54.98441907126009 55.63741873788318 39.14882491823528
54.98420501291464 55.637170482867205 39.14874535412996
54.984407790109955 55.63746397641724 39.14889435714549
52.96886288874762 55.55261450968558 39.140538306796024
53.00720551943239 55.515782562638435 39.1869725764745
53.063658855597225 55.514321345399296 39.202773699726016
53.09286238340438 55.54337239745881 39.20211585065631
53.092471855865426 55.5427341659752 39.20263395564267
53.09299090196812 55.543577219716354 39.20198255419708
54.98483519697085 55.638094903530074 39.14922396391744
52.95608043287578 55.634510228834635 39.134565184581604
53.094694421558586 55.546392482539346 39.199499607040075
53.12355354878415 55.583510036480824 39.18283940788737
53.12497942606965 55.584888638092906 39.18343141200663
53.12470237546764 55.584614150219224 39.18331758089197
53.12561120269362 55.58547372154008 39.18369836755963
55.04646635925009 55.65431904610129 39.1047119474854
54.985070024028644 55.638447752885995 39.149412889544195
55.046465245887006 55.654294748348235 39.1046828190549
53.02554554168196 55.73738682755468 39.15797387452891
53.09021075458921 55.71489320979187 39.192052324950176
53.13407743008524 55.65513209291338 39.19358509465695
53.13454769050511 55.65476637070613 39.19373344854324
53.16329849784063 55.606840979096354 39.19329062184804
53.1688085340796 55.66406432314433 39.201255873940006
55.08378075196255 55.69308842848413 39.0777620002307
53.0337508254607 55.768630591185904 39.18295691778769
53.04520475161158 55.76953772792678 39.18610917145586
53.09932213832799 55.75762668492598 39.184406458788715
53.14326633778965 55.74557321730209 39.172422025429256
53.16026563203515 55.71063248344247 39.188712647181625
53.16924574519709 55.66639447051157 39.20149500467899
53.198005840635986 55.67282344854668 39.20592444443215
55.076350797908816 55.75469748462608 39.09387720634733
53.04443370232798 55.77078550594364 39.18687817716305
53.098430440603636 55.76060160779654 39.187250841271634
53.132238552734954 55.76934549703762 39.18142625473056
53.172512420046466 55.77745044681826 39.19247720888103
53.182593197254434 55.78203937692755 39.19318439823508
53.19610675468428 55.73867733255227 39.20864527756015
53.20160849204747 55.7541444755317 39.20990108825042
55.11944999519909 55.820032014998134 39.05266553993725
55.07674089386812 55.7552911451489 39.0935308130412
55.08778091798929 55.798109604136705 39.09606256008921
53.09809671542762 55.7875045434711 39.18915582645556
53.15409303831795 55.79599925884635 39.19569934161022
53.16564592961854 55.80102226340466 39.197408945403794
53.18118112646047 55.80675288333967 39.20059494658457
53.21970761683352 55.81241112624545 39.194792451314036
53.202404205719105 55.75599669365416 39.210062429655146
53.22179183921065 55.81314205451852 39.19162953561078
55.139472188871096 55.883842437180206 39.0569635251448
53.15828835726526 55.801765085692054 39.192904816995025
53.17009533838298 55.80488009061585 39.19640092866988
53.203348141715495 55.82038033681981 39.19676730947889
53.23817641342364 55.83483577371493 39.18280523428423
53.23959092494713 55.836525733231866 39.17663113077209
53.23978969367307 55.836469109359875 39.17650705055625
53.24034930512881 55.837602553567606 39.172889229270304
55.13983260064133 55.88459504974145 39.0568819120689
55.13970081008823 55.884319234154574 39.056910268663756
55.13987570673639 55.88468372140901 39.056868880688555
53.19300813669404 55.83641802655815 39.17615135948239
53.21129125506531 55.85516054240256 39.1744596227308
53.23768825359881 55.83756164061452 39.1765702649189
53.23928786007385 55.83797118261764 39.173384338743574
53.30334382491125 55.85803756026096 39.174188710142175
53.29860611923121 55.85524194602481 39.175612952561636
53.35695038447633 55.89514631135957 39.17853405374387
55.14029528348543 55.885561454367476 39.056777699126116
55.14029563447002 55.885558432092054 39.05676847259579
53.20623773248697 55.86152987950527 39.16679566225927
53.208516716570855 55.85869443856646 39.17008211716659
53.23881843035637 55.83983995949533 39.1692909982705
53.35724707164033 55.89533879237466 39.178436639065126
53.36969790443793 55.90288270516416 39.17452299531509
53.3638006690728 55.899299975585706 39.1763798042398
53.413060059548584 55.94912386258153 39.14793601082201
55.1406818938016 55.88636230310655 39.05667438961147
53.20532793730533 55.8626791771546 39.16540389136337
53.295161696879795 55.89916785438153 39.14034096981633
53.39290088417808 55.940979625404225 39.14076728782321
53.41245351417486 55.95051167171233 39.14699402567368
53.412838525475784 55.949638403903975 39.14759031362216
53.41307267021657 55.94909869308155 39.147954803132734
53.41289039516027 55.94952001348476 39.14767080653452
55.12797424973811 55.94712044590394 39.07593233859122
55.14069155741829 55.8863824105712 39.05667202567472
55.127632343086944 55.94740220243243 39.07618231636982
53.41114296464531 55.95348770626392 39.14496355424041
53.411647180438294 55.95234891352514 39.14574341746329
53.41209147114786 55.951343404116436 39.146431038519296
53.45490446148028 55.95621046415138 39.153844017779875
53.412729583208 55.949887751170564 39.1474211051525
53.47592950900923 55.96630653610735 39.16966198522938
55.12713381074846 55.949475276759166 39.07675339255501
53.4107137362266 55.95446653667429 39.14429765109061
53.41115719099851 55.95346390202278 39.14498376697297
53.45902243805556 55.9589101468669 39.15326894518349
53.563649346594985 56.02219174391862 39.156352942648994
53.5198216105004 55.99575876403188 39.16451500066273
53.59504975599077 56.02603635472737 39.184286507183295
53.59506606708368 56.0260287813971 39.18428456242123
53.59536092065905 56.026094456764106 39.18451366076451
55.149078301037044 56.04173288663599 39.05039642952309
55.12682001348625 55.950621335807625 39.0770931135788
55.12666592129008 55.95114682187897 39.07725530092546
53.41041613960988 55.955140975040386 39.14383686721605
53.50974054425347 56.01406905121603 39.15042933187794
53.566946727263044 56.02451032481909 39.15748352491046
53.59492070019347 56.02608664133747 39.184289326373055
53.60825142688125 56.03503225428942 39.184796350440486
53.599886148092544 56.026846872637485 39.1876963925026
53.61035160365913 56.034738859775274 39.18643210749311
55.149676940825174 56.044821582178315 39.04923385601099
53.51044405027608 56.01421359189372 39.15071586757597
53.57000825720698 56.030418069445275 39.15667069938824
53.5711215652402 56.03079229890548 39.15808370185658
53.60746507660547 56.03531276848388 39.18322609845103
53.61081926108916 56.03483899811461 39.18586769352329
53.61209688111082 56.034571006094744 39.18736513207815
53.61384058973681 56.03448339826522 39.18784780626005
55.183845770870185 56.147591493706926 39.02193562686299
53.57000877049657 56.03062306871006 39.156141772673784
53.57798309079706 56.03480338230301 39.15438291252633
53.60694331214857 56.0355590818932 39.18184642341518
53.609238274427256 56.03521288260646 39.18377752768126
53.611489566854786 56.0349179449583 39.18542116506591
53.61387805733426 56.034489582751526 39.187812904057765
53.656051035238136 56.046577464259 39.17738662913877
53.65543163443475 56.04605863886331 39.178447356698264
53.65729243296515 56.04708908690043 39.176485023714086
55.18589605449522 56.149825490504575 39.02026223539231
55.18618069661572 56.15013630269168 39.020032354817204
53.57771377270915 56.03484977550353 39.153540527375995
53.60663787927966 56.035721043805246 39.18093903197062
53.60823492884034 56.03546937159065 39.18234323098128
53.63332703595215 56.14010582662469 39.21216915156313
53.65788342438887 56.048034360174356 39.17442934794104
53.731321439412795 56.13924863062617 39.15975157609748
53.71488307285715 56.0627046748378 39.147486589186684
53.734398060211504 56.144911614434605 39.158726828544005
55.304716793324786 56.28403662058618 38.953164976946084
53.640912157976565 56.394856289534076 39.22267727398405
53.64128181925217 56.39462940355686 39.222838200673145
53.641624784559646 56.394419362698315 39.222986828502094
53.70117466271032 56.36108899815862 39.20344844840429
53.708478286668125 56.35708456809853 39.1999470530839
53.85465221726753 56.30813303337589 39.15380943214461
53.82262762261564 56.2335821763168 39.1398755992373
53.856211595336944 56.30826498388865 39.15393611265489
53.856243220666585 56.30826765979689 39.15393868185694
53.85634660449218 56.30827918566898 39.15394653385435
55.2518231287904 56.30436488915013 38.99177149381054
53.6419463537266 56.394221475032026 39.223127583055586
53.64226208549093 56.394029178557865 39.22326283992992
53.70487892146302 56.35905955984522 39.20167761859577
53.785932060484136 56.32568626053515 39.17619020728589
53.85569553531779 56.30830147125835 39.153878414250734
53.85838721147077 56.308632520337056 39.15407675306426
53.858320731339745 56.308579345770795 39.15408071021611
53.8591589465248 56.30874365908619 39.154130426357206
55.32661842462422 56.327360987681 38.96210352964033
55.19603782771952 56.32996902202494 39.03076472351096
53.64301015257429 56.393571454584766 39.22358641702808
53.69818963952407 56.36272999218944 39.204893762537274
53.711930102359 56.35519386280662 39.19829830401966
53.85554379053629 56.30856543217682 39.15381161135209
53.8587749881266 56.30903740837843 39.15403502940835
53.90471803736649 56.30977058230171 39.15594047151302
53.90508102684831 56.30952387930192 39.1559850206872
53.906782120135816 56.309506034833944 39.155968594986085
54.91642415460605 56.3066239312587 39.130691152525586
54.91651296146959 56.30657663546409 39.130774860869266
54.914906760135196 56.30669543619082 39.13017516337843
54.96538442252513 56.31568169617351 39.148717366928395
54.96464893276756 56.31528737925332 39.14867125043603
54.97239557595424 56.31790598377188 39.14924183878023
54.970617587848146 56.31704920278577 39.14912502236007
55.020829088839406 56.34371476390117 39.14623569998902
54.97584646037899 56.31875310190713 39.14951367941637
55.02133873007342 56.34464181187992 39.14597105330789
55.02104344881087 56.343960117943055 39.14605659183926
55.022016532918414 56.34579760087168 39.14558290560676
55.02169600283723 56.34513510855568 39.14571209730206
55.02256505553828 56.346689076188845 39.145248220860275
55.0223524871151 56.346279322823094 39.1453477770499
55.02290689905924 56.34722378696837 39.14502985901572
55.02288450186305 56.34718235775796 39.14504116669365
55.02293511975656 56.347266999203434 39.145011395924904
55.27240081764213 56.40543704277814 39.008179824353846
55.195651132614245 56.33045945239408 39.031087142010946
55.19579107720784 56.38825506771922 39.03805776788769
55.341771301733594 56.43323238482095 38.976695665830036
53.70565495183451 56.35863609776331 39.20131219115618
53.85608886858746 56.309055390546575 39.15376854391315
53.859260718280716 56.309647471832506 39.153962515234035
53.90210268374239 56.33775331728222 39.155969709524115
53.92858797793967 56.34199591737905 39.15544668286746
53.9075535255069 56.3094852903365 39.155963649472135
53.968934477615385 56.359393711529094 39.15674156823137
53.96877843482327 56.358314869863 39.156741083440664
53.969791082971156 56.359752098732486 39.156728263335495
54.86704597646482 56.32067195687631 39.10832157031846
54.86720057914626 56.320403717310725 39.10859567055301
54.86681213503479 56.3210786594441 39.107905014064265
54.86749746584837 56.319895026687476 39.10910915139381
54.875148263940694 56.3188585770181 39.110598898897464
54.92926140925008 56.32329171589771 39.13306225482257
54.9675802253733 56.31686136343781 39.14885491294638
54.97494318086099 56.31945179500051 39.14939162613007
55.02160576710435 56.3453624519552 39.145942537517755
55.02220776058221 56.34642464964817 39.145614533700524
55.02285150841684 56.34742242707809 39.14519902146601
55.02326731097526 56.34799891262003 39.1448987560795
55.02345980206873 56.348229793592054 39.14474287141552
55.07564079109965 56.36678709330876 39.114413053783174
55.07519150031806 56.366716869063595 39.114708916060394
55.12322320982507 56.37573037239957 39.082822693690005
55.12306230445946 56.37572899449259 39.0829209377633
55.12459749419339 56.37569241107452 39.081996396734
55.12453333249608 56.375692255839 39.082035470504636
55.182895193317826 56.405596832607415 39.04916669899726
55.18282243978095 56.40549326167054 39.049203509147986
55.195524222478255 56.388163804692 39.03822404802332
55.19528947682305 56.38806729046075 39.03837413830903
55.27364912956597 56.405831877507026 39.007635031663504
55.34208643326083 56.43331669130387 38.97662497696779
53.856974685138724 56.30954580450526 39.15375874199583
53.85959211145071 56.31012640213292 39.153900700363636
53.90501113475369 56.34170595535768 39.155969725792964
53.94444927147509 56.3700936344571 39.155384338485604
53.969436979260735 56.36344714912235 39.156744791630054
54.01271918521098 56.3996513649687 39.16001672780142
53.97057451667062 56.360740474142844 39.15671799059031
54.02102371825864 56.4020420982864 39.16069403859291
54.019967755006334 56.40171168163311 39.16060183322154
54.09157157054615 56.396486590312676 39.16189597121055
54.724646795819126 56.44444799477507 39.078515817395456
54.724630036049106 56.44439589542063 39.07850312740736
54.72462651739298 56.44440130362418 39.07850620941268
54.72516969534291 56.44565255187604 39.078763772396314
54.724653459173354 56.44407869167034 39.07838375971549
54.82674661826174 56.3695670741312 39.1025547526108
54.86660201986601 56.32144373330863 39.10753145249058
54.86701930979899 56.32842171883579 39.10627363106582
54.88116152211916 56.33793586033778 39.111250538398956
54.889363667874576 56.338087883765326 39.11208306545482
54.93977545656638 56.341407642913666 39.132250516621184
55.02226527116927 56.3465528390923 39.14559572554505
55.02273081095895 56.34749564050401 39.14539898634355
55.023360731533046 56.348553988097365 39.14503085292686
55.02384588206168 56.34920779076376 39.144671678967676
55.0240344747082 56.3493554204391 39.14448210424169
55.070878574567544 56.37121107895169 39.116181289762636
55.121397849260575 56.37581197165034 39.08391217771949
55.12369983898788 56.37574335183865 39.0825293876535
55.18288051098108 56.405608344552405 39.049169253260395
55.18366671066775 56.40669405236084 39.04877651018854
55.18431308998393 56.40758845014925 39.04845334679567
55.296508923115695 56.44069286135597 38.995740734960634
55.34244869305138 56.43341764150381 38.97654231553401
53.905177049485474 56.412067089967216 39.1475407256242
53.94655935151219 56.37171828501458 39.15551035625952
53.96970243322163 56.3662454352219 39.156748379735205
54.01445912808706 56.40033208614959 39.16020002651874
54.02429552976256 56.403207087298284 39.16101223469323
54.09282580999151 56.41353103552531 39.161346344312
54.090857053052716 56.41241038549962 39.16101407935907
54.144565800617855 56.40851182290928 39.162049852748986
54.14577189247137 56.4073516015566 39.16193313728627
54.14805612837709 56.406858979833586 39.16158091457083
54.14839369606652 56.40639076419754 39.1615592883593
54.20753762736237 56.41422912620793 39.15282692353594
54.20754788107535 56.4142252499044 39.15282737054234
54.20781505439218 56.41415813452004 39.15281443382431
54.42495410162351 56.38424245932377 39.13949995431543
54.42495187154658 56.384215094552204 39.13949729953258
54.424814972786876 56.38431396018636 39.13952862527223
54.53562146536991 56.42354213022358 39.12487183024285
54.48347402801754 56.33918788343408 39.130723986677594
54.72529733997504 56.44692444384812 39.079168044488775
54.72457906376206 56.444592277536366 39.07858926800277
54.725919527959384 56.448532500736086 39.07952452113139
54.74114800820192 56.48607863883916 39.07613700124928
54.77374389646783 56.44919565292986 39.0883356187883
54.776182325773206 56.44576714208243 39.08817293016958
54.881408150298626 56.34007572496691 39.11004730460833
54.88988414492405 56.34047174103959 39.11078460745778
54.97726240834584 56.34926402588869 39.13443406623909
54.99444229658508 56.36971320369329 39.129402982925384
55.02463370001989 56.35049399111142 39.1441937135083
55.02463130906901 56.35034697703176 39.14412805379658
55.07213913907418 56.3714888341222 39.115332196790746
55.1217823951919 56.375836184778095 39.083672000446114
55.18303456896123 56.40587625995439 39.04908399798334
55.18392956856998 56.4071009767065 39.04863859445851
55.205433528399524 56.44282203628261 39.036589452480364
55.239937677819576 56.45907302364743 39.014142860514035
55.32882634319624 56.45210767651059 38.98765776573277
55.342834623398886 56.43353102655766 38.976452225979145
54.016852690033716 56.40130059210371 39.160459563695255
54.026505228344604 56.40413922145028 39.16126058767396
54.09456298950849 56.41423741611572 39.161504144949035
54.15296188720242 56.42416141316087 39.15871088350638
54.158394452403684 56.42369356861663 39.15772620616609
54.207016461431465 56.41444157172248 39.152793013377845
54.241053728864216 56.40814216078789 39.15076750571997
54.24142894326842 56.40796276689268 39.150822310084614
54.242158803277405 56.40778626497841 39.15084177939485
54.2424671106374 56.407644866099474 39.150883776519336
54.28892382266297 56.397436577353446 39.15020926593525
54.33161052409844 56.39362925999748 39.14794907921468
54.33479451006692 56.393178748607724 39.14782587397938
54.33519992904371 56.393119533104866 39.14780856410237
54.39211335304647 56.393357358642646 39.143741273285684
54.39176035133461 56.39329627589333 39.14377966066051
54.39471368948185 56.39377632231394 39.1434927622455
54.422137409026845 56.384765234823476 39.13997938732677
54.42362449302912 56.38492404147229 39.139773764464536
54.42366901039209 56.38462708012091 39.13973465144663
54.42448264364835 56.38474170826065 39.13962517843355
54.42457127638955 56.384422502217106 39.139577020988774
54.45181745141988 56.42401211213239 39.114772809871205
54.58798262677135 56.46080825318265 39.09367192266331
54.71485827936502 56.499016257538685 39.07404495268629
54.74096547588688 56.486748999825025 39.07661715593311
54.74100148149299 56.48680900730802 39.076824308927115
54.74106518536104 56.486676180604334 39.07681553408797
54.791880125867266 56.45954150482042 39.09335914290524
55.20358165130629 56.44730820630677 39.036453186344815
55.20434137816832 56.44836467545791 39.03606751340526
55.20490214039697 56.44914317784742 39.035783096026634
55.23961994045497 56.4595597870233 39.014382358212714
54.120889321452346 56.48291591141425 39.15517860733401
54.12303512194694 56.48063323713255 39.15517447599981
54.15852011380079 56.423701277192734 39.157692647028036
54.20684121277186 56.4145403227723 39.15276179521294
54.20855281972283 56.41409711341593 39.15268852657883
54.241710289687916 56.40797999894477 39.150786730525574
54.28860191692732 56.39747540991496 39.15023363203506
54.33405707535779 56.3932865600538 39.147857448799314
54.39255683059294 56.39343673332213 39.143690132736424
54.39473962294194 56.39378760305051 39.14348243201973
54.43115506455105 56.43536539997727 39.1178440730081
54.452360691017574 56.42757605220933 39.11310707485828
54.49775275238625 56.46162981870813 39.082966152964815
54.65574685271618 56.50225306166974 39.06008994602142
54.714461270520864 56.49947654956851 39.0740868469411
54.71638842581349 56.49922137768712 39.07532621987063
54.740804066057436 56.48765396367822 39.077531944516366
54.17104408780381 56.492708172327056 39.14490169427204
54.20820071641123 56.41421210163104 39.152686322899946
54.241367440544856 56.40812247768047 39.1507474870221
54.268683068499854 56.42925631702136 39.12780194838159
54.34050600937219 56.41982119307184 39.12447460678025
54.42977288941836 56.436387836311056 39.11722026411541
54.431414313953105 56.43816254880919 39.11609811485724
54.43282443161476 56.43983405802444 39.115042544393916
54.467046023291275 56.46382397449934 39.082226416610645
54.49888210161984 56.46432606500575 39.08096579425903
54.67757784928843 56.516658875233944 39.059556732140564
53.04488657759853 52.12972927886993 39.169089183727095
53.12301631170788 52.12461244139055 39.16173634596569
53.22064768695353 52.147932071885464 39.14682982934081
53.3040681332472 52.15875885396546 39.14169060823819
53.30630822203065 52.16089849988518 39.140973046672386
53.308902317559884 52.16333405838374 39.14015124034134
53.629931195754075 52.13257116176338 39.16438338885775
53.629739815439585 52.13238869461968 39.16359495771802
53.675820405761854 52.18550670440233 39.14751824586877
53.67908287057753 52.18942391204389 39.145485773889824
53.04405165575645 52.1292834267328 39.16967216772037
53.04464941953073 52.129700534402296 39.16921166427813
53.04509369958064 52.1300132143884 39.16886822519527
53.12154923040734 52.1249553931188 39.16164728331195
53.22039737226312 52.149848669730545 39.1462533585419
53.30661669206033 52.161283039062866 39.14085474537757
53.30842705022227 52.163006569096794 39.14027606398174
53.310291404882854 52.1647410808487 39.13968888650232
53.31175462984838 52.16606012704115 39.139237209041426
53.31261362623163 52.16680265382238 39.13897894887478
53.393455467478255 52.177463722231906 39.12287845726043
53.50451610026044 52.158395644203615 39.14314302266636
53.595199737794275 52.14039666316542 39.15041716954951
53.62972341067292 52.132405100916515 39.16363128381814
53.62989400396311 52.132559897665345 39.16430862090581
53.62997468074928 52.13262820233292 39.1646130533886
53.629926661700026 52.13257622236186 39.1643951347873
53.629807654030344 52.132459439189105 39.16389409943052
53.674176495915034 52.18593126498227 39.149014480863485
53.67896469142106 52.189285776057616 39.14583188879185
53.68163732575533 52.19249482953159 39.144170436193484
53.736387306738884 52.303188131622775 39.16747244156417
52.9394154531345 52.25389260829601 39.17337530056298
52.944842644945126 52.24593372376612 39.173735515407714
53.04450538696031 52.12968395821772 39.16928566201542
53.04489638701632 52.12995474007538 39.168985347494065
53.04519509792134 52.13015425565318 39.168759155424304
53.11702356134796 52.130043040389154 39.161073880292506
53.30700931768305 52.16168797712424 39.140722490778884
53.30821091736652 52.16284730771668 39.14033506880679
53.309607867367916 52.16417022051621 39.13989005898119
53.310956926686835 52.165417146175 39.13946694653398
53.31197453629839 52.16632323944442 39.139155262537656
53.38694373270298 52.17875251128547 39.123847003125526
53.39250822425444 52.17765696007277 39.12301542993473
53.50262102198547 52.1587285281077 39.143167401942925
53.59474264722191 52.1404423349738 39.15005181825264
53.629615696409104 52.13229981555756 39.16317914216799
53.62970997757853 52.13238454476432 39.16355081915809
53.62975815388941 52.132424740579516 39.16373069066609
53.62974501532847 52.1324073216679 39.1636607010355
53.67434923561733 52.18613571006679 39.14891402904207
53.676674405495206 52.18889230393969 39.1475257824152
53.67524899703226 52.18720211464959 39.14837917832085
53.723110480976416 52.298216669653186 39.17088693872073
53.73669640348928 52.305476551671646 39.169206234886445
53.77957589946565 52.41668048066279 39.18186872933721
53.779563662661026 52.41691982567018 39.182043284502505
53.798672974706435 52.38962981229405 39.13085670948116
52.90480374383749 52.27287123936265 39.16217621141765
52.93456947132434 52.26096632772938 39.17305100176783
52.9393888280582 52.25390903736364 39.173371700878945
52.94350284258971 52.2478615806631 39.17364359655736
53.00408320288835 52.19260553375292 39.166137069286705
53.045217991510164 52.130197193479006 39.16872964408898
53.11630153947052 52.13011689746848 39.161118139980424
53.30813035389993 52.162772395129295 39.14036043354611
53.309113019764936 52.16371509008 39.140044772028865
53.310086731214994 52.164630460677515 39.13973604839606
53.30919922668116 52.16379664054935 39.14001732909263
53.311105216432715 52.16556736951675 39.139417584595655
53.31190528618846 52.166276901576715 39.13917315116108
53.387503217058246 52.17864753789501 39.12375986927865
53.392162328685174 52.17772966917704 39.12306398699
53.50153552897605 52.15891773240316 39.14316172475035
53.5944446438876 52.14046685322943 39.14979721030663
53.62954926856476 52.13223477085299 39.162899932341546
53.629618767913854 52.132297171431695 39.163173727400334
53.62966812614803 52.132339702097475 39.163362384805936
53.62968795322833 52.13235402350287 39.163429209112124
53.67472089793837 52.18657764211103 39.14868196276099
53.77970767198612 52.41813425927255 39.18288912099125
53.78004529063203 52.42027233115806 39.18436199948001
53.7801310082168 52.421897338702976 39.185514482003455
52.89851811491727 52.3116401500533 39.150203497033715
52.89861941293028 52.31163709675245 39.150083907765634
52.898418578514935 52.31192709013657 39.149091627485504
52.93636170564075 52.25829776187654 39.17316669221681
52.95295272944851 52.260264903297994 39.164161513871235
52.95790284609265 52.25568797582444 39.16345495504146
53.02522232071923 52.25714843322403 39.12621963886596
53.024484470847725 52.25763471096391 39.12643409694607
53.168557798711916 52.29641602523459 39.094443229280614
53.30833425633797 52.162966930322284 39.14029516670287
53.30912200450357 52.163723262566364 39.14004198272475
53.78057592968325 52.425858857692845 39.188278429780915
53.78067269686297 52.42671129430521 39.188872974895546
52.89760991792289 52.312586377884095 39.14729731251646
52.897956525342586 52.31226703656116 39.14822554184358
52.91809905360301 52.36519048597796 39.16958816213166
52.919264164507474 52.36994083924343 39.16948538143684
52.92043566180352 52.374904298088005 39.169371620616666
52.92142520015862 52.37918544068049 39.169270594747886
52.95636358601252 52.257101501589695 39.16366968937983
52.921549914673164 52.3797297126259 39.1692576000679
53.797498597702486 52.45733784318113 39.18342705206091
52.87512011736857 52.339263834761944 39.14081008289855
52.919940087998995 52.37399362857869 39.1693535353557
52.92049607662646 52.37608999879325 39.16931398220983
52.92133414046181 52.37940271027815 39.16924585530385
52.92225300177159 52.383152941340995 39.169164581617736
52.9224532737159 52.383849178166386 39.16915361371343
52.92285206341309 52.38564929759001 39.16910873482695
52.921630921437 52.38009883877644 39.169248290796816
53.796969290798486 52.45857735551865 39.18574757524448
52.76866486896543 52.57790093190372 39.14651600788602
52.801037913272154 52.49828530254109 39.16625958658967
52.9151558914277 52.472945227370076 39.15568851448232
52.92392116495428 52.390925308589594 39.16896335512935
52.92474120770147 52.39426845458691 39.168891031808
52.924357819744316 52.3923940352104 39.1689421861187
52.92517899046264 52.39604597147796 39.16885282454247
53.796514057514365 52.45962285920282 39.18770717291696
52.76114661617095 52.590495527546594 39.154476112712885
52.76871565776439 52.60127482222018 39.16596261263409
52.76928524230678 52.60193342351528 39.166032836981344
52.86985788814344 52.56744546924537 39.15533493695538
52.918578950074455 52.566679283478976 39.141680896515375
52.919814120062085 52.5663276632345 39.14233101915238
52.91959388143353 52.56640104694278 39.14221011996334
53.793883639580685 52.49634320371736 39.1883155943152
52.76105004628328 52.59043586008441 39.15463896082527
52.76841788460518 52.60093007021436 39.16592626735648
52.769001731853365 52.60158845343597 39.16601214377343
52.76968500196126 52.60238337140919 39.166092340292536
52.838417340355264 52.59162595546336 39.16774036125012
52.91845263329139 52.56681640732022 39.141567288742635
52.91848107382999 52.566808785807766 39.14158203707234
53.7941814792037 52.49704230802111 39.1867141810399
52.75703333479663 52.6133314467909 39.16660294128686
52.76890642126462 52.60149161281083 39.1659892799862
52.769608115492275 52.60228773926042 39.1660884563327
52.770335757530624 52.60313748758399 39.166171193562484
52.786876177368 52.621272922912354 39.16467977390961
52.91844486482652 52.56682295513325 39.14156118003266
52.839203240634006 52.592134628499785 39.167735707041544
53.793779411329865 52.555057050623574 39.21435893552079
52.71498211673393 52.622389495596565 39.159634217486456
52.75707300980227 52.61611914693761 39.16681570903138
52.7571054225218 52.61609780984675 39.166848509184085
52.770453866359105 52.60328550005451 39.166176239007285
52.78701428513487 52.6214523688882 39.16469706158918
52.787225741340535 52.62172716019501 39.16462282148662
52.7873714556921 52.621916503940525 39.164606831484775
53.79490942270421 52.56642937587856 39.21259314988493
52.609336283456685 52.739070803412645 39.1807792864466
52.7194000596447 52.65233684479625 39.16380961505837
52.77160306784785 52.63470939142117 39.16987461844874
52.77222138617261 52.634574672885314 39.169851767731046
52.78614598133397 52.65131913940416 39.165499101460846
52.78628827256164 52.651197138383424 39.16546008257992
53.81724254181382 52.65891291165974 39.18036694538922
52.607294748044424 52.74302899083603 39.183287917440445
52.60803076131734 52.7416284436852 39.182397629380155
52.68801140954032 52.72676530893612 39.1747233553759
52.75263051136233 52.68332854488126 39.165437104390925
52.78481646127608 52.652562357576564 39.165757360988025
52.785848205126456 52.65161172979304 39.165542385266825
52.7854044157032 52.65203380179821 39.16562129313113
53.814902084571415 52.72676460324875 39.15257435565344
52.6054717664161 52.74662463550908 39.185560656089564
52.625631284377164 52.75781091309695 39.185479930677516
52.63082362859578 52.75648398045571 39.18339192731719
52.746885374309755 52.73768192529768 39.167540925039226
52.78764816013022 52.769512303339624 39.183674738353915
52.788102903555696 52.77046013522252 39.18390110184971
53.85727686142182 52.79791423225474 39.17905504681873
52.60574367978714 52.76568363838796 39.185149189657764
52.60701796603233 52.7657070040395 39.18356099844101
52.629541406196175 52.75683085267771 39.183918372574354
52.770442232718125 52.79192899441433 39.178580446190104
52.817017373848905 52.82093333996057 39.19409321173835
52.81700826890815 52.82095581766602 39.19410724423118
53.86175574455355 52.80582758418648 39.18148510701052
52.599215664585394 52.78496533117851 39.18488384009376
52.59930843760942 52.785479944465465 39.184561977296134
52.60979546102991 52.79030592637925 39.18416807074534
52.655282717240894 52.77701966232998 39.19070206764865
52.816483492418726 52.82076652373095 39.193913691221624
52.81712103155632 52.821097402600216 39.194216953812465
53.901066490911994 52.85086357965603 39.1751111170703
52.599852001453556 52.78862055751128 39.18251428358016
52.599889286353346 52.788823610029056 39.18238978993351
52.6116963587558 52.793681688831214 39.182352071247976
52.65203630109326 52.87032529808338 39.19526913142883
52.77339028512902 52.87167834529696 39.20468407370464
52.82689064846156 52.84171956113465 39.2136446830347
53.94272890947089 52.89256747344867 39.15264981635933
53.904614534878114 52.85707776229934 39.17681908876331
53.90587652452454 52.85939382121482 39.177552324445
52.600326521704886 52.79135899050969 39.18073089306839
52.6551156568907 52.892823079529514 39.177890714112756
52.65903430550918 52.89879960041392 39.18159132769996
52.72835761768638 52.92563678453393 39.206963122911844
52.791785560545605 52.91194106451923 39.221459641461635
52.79920592138065 52.93544092875486 39.23951565010989
53.9421084503136 52.89408715497804 39.1556626493162
52.61743912223571 52.90510291032609 39.17092167750387
52.65999908364322 52.900673284344236 39.18278965397637
52.66491606696756 52.90840060379087 39.187595993153266
52.76095264197328 52.94721094512252 39.21096794699616
52.76484164935831 52.95202359110584 39.21167065384466
53.94183868273259 52.8947504284982 39.1569675853425
52.59569775358849 53.048508876990674 39.20917162416227
52.656220192809684 52.988523886112056 39.20536941128661
52.662948956139005 52.98603735771397 39.20831849906196
52.759001115624045 52.955085026963886 39.2133900127679
52.7592084072713 52.95498417343888 39.213366197493905
53.94219487525277 52.89389231171489 39.15520975787098
53.942272212138 52.89370555406636 39.15482896980596
52.5911695906201 53.054115308362505 39.2085080618464
52.60733257687749 53.047663281933616 39.212276732851876
52.68944277906906 53.013652623694725 39.21052962093401
52.75870343258106 52.955244554443794 39.213494292179135
52.707868182583134 53.00564110994958 39.22707631219454
53.942909023839874 52.89216688146533 39.15169516537526
52.53277795159134 53.089137116316486 39.18441591958699
52.60082749350166 53.05635959886179 39.2113897824764
52.62140072280839 53.06645151650907 39.21069696995869
52.68449344591386 53.019420618170706 39.2098571642594
53.92931118317418 53.006037658943946 39.18440788347054
53.929184396500446 53.00774200927652 39.184418362768525
52.528970204110884 53.117140021440456 39.20006507034215
52.54338658788896 53.13977029579924 39.19749250711445
52.59837521867313 53.09881935961184 39.216934151602295
52.64257438476693 53.11406865072097 39.22835557402299
52.644014803929025 53.11288516070931 39.22862434397134
53.91370456522141 53.142609124733426 39.20602461270381
52.52884934035789 53.15809077579351 39.20647523728105
52.535394540804845 53.154634267962805 39.20740866948357
52.57818836381749 53.17804961583973 39.21914872396434
52.63756001853088 53.13094762005956 39.22862977967838
52.63767392434582 53.13088934246679 39.2286543817877
53.98540608133886 53.17826639942537 39.21507898147996
53.98916110426134 53.18686401701646 39.215007612499676
52.52464068266769 53.16031186014429 39.205872904148684
52.53159518153704 53.15663955573274 39.20686520758062
52.59340027795952 53.21387561732362 39.22688123127084
52.637324559655355 53.13234548675898 39.22870005006219
52.59559030869586 53.217423583265834 39.22774097599181
54.073518174538734 53.29781666900469 39.174972353521824
52.51311576561412 53.215202189318106 39.209883188551004
52.59026273262586 53.22550528293002 39.227764959356804
52.596013413328905 53.22669324431797 39.22899363984592
52.598491377426484 53.22749365659234 39.22955959748425
54.07529089975148 53.29862051514876 39.17493261894284
54.12633571287579 53.33569772408232 39.1534133140045
52.5192861800962 53.2668290374226 39.21452652451516
52.57072157362575 53.28325961635116 39.228095323187176
52.59843196900514 53.236705805335355 39.23071450543898
52.60125412966761 53.23606701713914 39.23116283355798
54.12641717732585 53.33650189983516 39.155200975238216
54.126441449649164 53.336966858469 39.156201653450566
52.53282447340836 53.317646593932835 39.224516980482576
52.56773182363506 53.28488781944601 39.22737286037436
52.59602484291054 53.299474886112804 39.23685488571401
52.59876300808395 53.29911911525222 39.23732952610554
54.126604813605994 53.33803418242672 39.158653928942904
54.126420089812974 53.3381449327578 39.15861763203282
52.53151401491914 53.364677809552575 39.23011996151902
52.55588897423195 53.38363731132097 39.23976721709555
52.5912938909735 53.34321944983402 39.241077428428966
52.593932052194134 53.33925222918653 39.241147717184745
54.12641445466873 53.33819306661495 39.15870947827996
54.126279466605865 53.338550200920764 39.15925660689544
52.55294628537788 53.38335299370637 39.23959870516782
52.55643528861514 53.383694175778906 39.23980022635979
52.55775206179229 53.383816731004636 39.23987365724648
52.55766296290473 53.38380734267345 39.23986822544137
54.162874948262214 53.38978533009471 39.17863647032984
54.16486992795401 53.3968622278413 39.17917584285031
52.55333189049786 53.383396713060655 39.239623518477735
52.55671525124969 53.38372322350708 39.239817102936755
52.55789176844949 53.38383103425295 39.23988199777143
52.557743004742946 53.38381560875235 39.23987303411927
54.166270606390114 53.40162430611346 39.179443838568204
54.16170829825164 53.49905941296114 39.20614360214017
52.534603733248915 53.41908008752196 39.233360680439034
52.55638045571653 53.383689014814905 39.23979714424071
52.5573035748021 53.383774960469964 39.23984863485391
52.55734863795399 53.38377819136833 39.23985074068446
54.176820786739505 53.51003697200511 39.20017595513022
54.17835884002084 53.5152900127823 39.199526537895935
52.53372341967036 53.46545181486236 39.22755741021529
52.5372587017929 53.459470380399154 39.22858817155872
52.60781923415503 53.43784651043612 39.22300410009776
54.25466092046777 53.613082402982826 39.16613854090681
54.25607265558431 53.61438680020183 39.16511820814265
52.53040391466889 53.47120848777186 39.22661371122715
52.5339812370401 53.46509748094529 39.227646671520674
52.58296241572425 53.480995507272226 39.21601903153734
54.33504972182203 53.62681285498706 39.165422731877754
54.39784449357083 53.64696268854935 39.17646220717922
52.54495306163893 53.51245557262056 39.201922587656746
52.550525020572735 53.51480183795477 39.198317176160586
52.57641848823151 53.526359446198434 39.202409229374354
54.442078941016796 53.67647533251982 39.14852864748275
54.44811225351506 53.67831191945155 39.150071706939755
54.44565234469979 53.67756341315386 39.14944658796831
52.521249242351104 53.562868818764244 39.208427916366375
52.57502754570177 53.525878499398516 39.20282560224579
52.68499347873659 53.569204380776064 39.15905495311298
54.44821502941252 53.67834374753259 39.15010504706726
54.46793421016157 53.71754364222123 39.17005329555161
54.466876469192925 53.718573392648736 39.17039172989981
52.57096548764981 53.71990131738851 39.18028370679549
52.572142713068814 53.72037006929527 39.1803512850686
52.616091294503825 53.712653600602934 39.172479678120446
54.467078775820696 53.71837614313017 39.17032848987759
54.50845172669271 53.72903767641428 39.16498081204516
54.50862234876337 53.72946866248751 39.16501735821994
52.57149869533282 53.720171879134426 39.180312115839115
52.572727952117575 53.720645481244944 39.18038328017322
52.61466740545811 53.71344233059745 39.172937235312936
54.509995058211686 53.7329350147228 39.16530933233494
54.51103460996492 53.735554370452775 39.16551948931343
54.510824066224856 53.735028210807954 39.165485265069215
52.572179165296255 53.72054896777186 39.180347169983364
52.57323507134532 53.720925371813976 39.18040944705192
52.62003085930246 53.72385952632159 39.17562840505123
54.51160803555375 53.737007833657856 39.165651921244574
54.65127077089759 53.8394320771473 39.159107359649276
54.656361664749596 53.83998860676594 39.15841893490152
54.65157121611368 53.839467869959236 39.15906582672857
52.55326490648436 53.73595631461481 39.1747573919217
52.57341840115431 53.74044531445108 39.176317391249086
52.57425951941258 53.73973539333214 39.17657729478013
52.61961613588086 53.72395208263718 39.1756909785526
54.65577356251566 53.839980353021886 39.15848126817153
54.70603619226533 53.88406434398307 39.16592442749241
54.70605779781084 53.88421610260065 39.1659740615166
54.70604910200139 53.88414985440215 39.16595378613965
52.55908792405641 53.77381709975314 39.16660728717507
52.57233852146346 53.741344541109015 39.17597423659585
52.6145297597668 53.75746620540701 39.17404418913886
52.61560484726412 53.75866297430328 39.17374985316901
54.70611721654628 53.884614157087626 39.16610944747575
54.706431314868425 53.88672759960453 39.16682565718118
54.706757210116486 53.888923273747054 39.16756893130491
54.70687462841606 53.889731727376486 39.16783773235012
54.706824936120185 53.88937916239776 39.16772337154893
54.7069568424311 53.890308176551656 39.16802654176301
54.795897425049624 53.84894942721775 39.10087667658327
52.53898820622224 53.79251177002753 39.15429119274124
52.57285688438652 53.8106489480076 39.15676832768702
52.65750800835821 53.82869043059853 39.156450123132245
52.65789642360809 53.82851161147585 39.15651549266072
54.707044221289294 53.890854333388816 39.168223369479676
54.70723385646602 53.89213328665498 39.16865594908191
54.73044355996146 53.94693141264543 39.17366738666709
54.91480041540787 53.99783394692507 39.11135629407655
54.91326649226872 53.998324782544046 39.11207577362163
54.98903470894345 54.033867340244555 39.10825851645362
54.98905129151431 54.03358116090143 39.10804418585591
55.07791900782834 53.941835064791306 39.06146467181805
55.17623491939011 53.98185544128974 39.05053533391545
55.21222199276477 53.86654912791926 38.99003211546352
55.21311132200945 53.865716407783694 38.990278686579025
55.288566045862254 53.84199512352631 38.98935677953397
55.34531133785254 53.85927537359552 38.989683792979235
55.34727102006744 53.85927659097486 38.989102404686804
52.56487938017315 53.84179491530534 39.142041183024965
52.59514599034844 53.843027161023926 39.1499816632614
52.62178459200791 53.876091830219394 39.147007877360195
52.621858187744714 53.876205513834286 39.14701029814444
54.91462794955069 53.99849911983031 39.11184010793838
54.9890651255014 54.036584569136615 39.10993296412363
54.989093452605346 54.037248564434364 39.110302035746365
55.11855114380975 54.0427383235302 39.117089214270976
55.12299118689427 54.038596615745064 39.11458253479945
55.175860549899994 53.98392097396663 39.05225893659429
55.2045384121806 53.93133107152071 39.04851791669358
55.205442256582806 53.929208338685314 39.04744635293388
55.34573858586295 53.85930243274258 38.98955413882791
55.34738542496052 53.85931313883606 38.989064515001
55.34635214463924 53.85930939742862 38.98937139873965
55.34929634824499 53.85931746307439 38.98849725265497
52.55463340609497 53.95769086177549 39.1717450787465
52.611411643597734 53.90685169258128 39.13993057735921
52.622094128109765 53.87741300031696 39.14692833081447
52.62213071957003 53.87744519134944 39.14693212419763
55.34745669758038 53.85932579029695 38.989042005475106
55.34920775019245 53.85935196780542 38.98851979634269
55.348320623078266 53.85934467924379 38.988783713920945
52.49903759128548 54.000212049289914 39.17421092790435
52.562435176718225 53.97752023102198 39.17334261867816
52.62984101274715 53.951577968171435 39.13980588459576
52.62994777277636 53.95166832600749 39.13983031121687
55.349229346943744 53.85938305400664 38.98851002547968
55.255722865800124 53.95839843558503 39.04992798179905
52.6013694536062 54.061732000813244 39.19651036170941
52.600871821923384 54.062464932233254 39.19707105779937
55.12311286993764 54.172834050897336 39.158609629777224
55.12311609047647 54.17288460715186 39.158618904397564
55.12311697290476 54.17290431889187 39.15862423958887
55.123119352201584 54.17294936347895 39.158634760461865
55.12312259310924 54.17301144688712 39.158649437854265
55.123125844089444 54.17306789444336 39.15866138146924
55.1231338725151 54.17320045654193 39.158687616373605
55.12313974130346 54.173291247029475 39.15870387941986
55.12315676385083 54.17353890758482 39.1587435742946
55.123164026442204 54.17364105298067 39.1587588324915
55.122820435096685 54.21293539878616 39.153749155448864
55.12098337489226 54.248870747561355 39.152054579289754
55.13028818949911 54.29198185633652 39.14483944902312
55.13032517431125 54.29202699504713 39.14483855284732
55.10310303076607 54.3066708660382 39.151276989633885
55.13035316660634 54.29206787775745 39.14483748379981
55.13049318924182 54.29227020569067 39.14483226271727
55.102489573296666 54.30693767257843 39.151435123307415
55.06318153812768 54.31620856179253 39.16151678233103
55.02205325420017 54.458658848064005 39.16023455409058
55.02609418981935 54.40865845199763 39.16213503574946
55.02210315854792 54.4587459955521 39.160216502735594
55.02210394488488 54.45874742499219 39.16021621837183
55.02214024582119 54.458811422812815 39.160203088376775
54.97866052497035 54.50350097641518 39.18145506305287
54.978776020415935 54.50350637515187 39.1814500270093
54.91403547519807 54.564524258781844 39.21321408822244
54.937208765947275 54.53925521926429 39.20231378318915
54.91387291933903 54.56461431237578 39.21324397699328
54.913809200220065 54.564649690236564 39.213256127928524
54.91360966040169 54.564758919727595 39.21328553182821
54.9065507090976 54.584561949034914 39.20439722635764
54.91343520183175 54.56485299325546 39.21330332414235
54.901646288004734 54.685117637672114 39.198847469757794
54.90172183584829 54.685086438685275 39.19903845129674
54.87477692236343 54.766291274651806 39.203046911666995
54.87462207536646 54.76578802630492 39.203048548390626
54.8749245854466 54.85757906025627 39.19867787031464
54.87505360705862 54.8577117654828 39.19860976451143
54.900111990178786 54.87104532646558 39.196701219729306
54.92298735994731 54.91665598726637 39.17508582887314
54.924058323949424 54.920464634355085 39.17380694958186
52.80319200067087 54.98329863349737 39.24552399295653
54.91643071379929 54.93404351491276 39.18111509790793
52.795017094484564 54.9895216596065 39.24527536729433
52.80151741838755 54.984786067011264 39.24557654722986
52.798709633145094 54.98738992029744 39.24571812027374
54.937704180274054 54.98155012348663 39.16018023615473
52.787098981405 54.9951071402122 39.24481945812581
52.79793316704813 54.98884959275707 39.24611713494733
54.938339503718346 54.98181342578881 39.15978849218967
52.79358574315375 55.02937884902936 39.23361709893988
52.80496670892638 55.02833194312408 39.23300335114128
52.804334614753785 55.02610069345255 39.234803303101494
52.81000410692231 55.02772278506287 39.23284414067441
54.95224390918361 55.037915483393974 39.14665319051256
52.77793580686008 55.10583724186258 39.212408385229075
52.80868451344002 55.0310068335783 39.23047586591338
52.81671050575797 55.03055110478455 39.22982509707969
54.94982902055301 55.09774036189742 39.14052599302963
54.95168494812596 55.03925719985175 39.14662139083664
54.95006549808231 55.09704432009133 39.140583107144884
52.78214323230806 55.12563489280671 39.207969310915296
52.78603769138908 55.125966884497885 39.20651065187002
52.79043792342219 55.1257907342512 39.20494375245592
52.81715098624112 55.03074302753302 39.22962205541127
52.85159435118642 55.04682336252715 39.24129633289246
54.94558512946875 55.18238462008583 39.13476784406825
54.94579801081868 55.18274095093517 39.134721567726075
52.786260452403496 55.146130234103694 39.20346012634647
52.83284152720625 55.23672473426063 39.20044747228165
52.86727044863002 55.21813196384426 39.20417477823593
52.86715592092586 55.21306416590595 39.20347645300587
52.870146294810574 55.218682427391656 39.20490911232922
54.95619925599814 55.206471123024016 39.12811686484319
52.770311552506605 55.29116271169222 39.15940375053264
52.80534354930007 55.30710166710624 39.18808170683856
52.87285064649378 55.308124234039205 39.21938285040313
52.93968994761134 55.320765511735814 39.23342474722684
52.939715322030345 55.320751192985576 39.23342638362429
52.93975163282191 55.3207312888845 39.23342851653884
54.94826039930035 55.238188774625115 39.13060234151082
54.94820978024093 55.238052490305506 39.13060119172926
54.94825337958264 55.23818590188751 39.130585862334
52.80835652238148 55.30883700673486 39.1899598286752
52.87376845762846 55.31119741967123 39.22026371098325
52.93753775310882 55.32200985385956 39.23327531402878
52.9417515894366 55.31969333806207 39.233525210201286
54.94847410496919 55.238801954049364 39.13056869612909
54.94838419707982 55.23861140863454 39.13051419408714
52.87404005987035 55.322627113096175 39.21986828753185
52.93267237520616 55.324765021242584 39.232958110945866
52.94089408013042 55.32043585890368 39.23337777391309
52.942560857250264 55.319296927883165 39.233555933110416
52.944473849169796 55.31847151075344 39.23358878673446
54.96705947799561 55.267335494476164 39.1157416228724
52.92066801536923 55.33104437215603 39.23236018117649
52.92664233525217 55.32805592463289 39.23260907583063
52.93676686770601 55.322923869357396 39.2330549561211
52.98102111806183 55.33614282786196 39.23110765457419
52.99177386056242 55.308075212645306 39.237780867585705
52.99585978303094 55.30846168998099 39.23826601187976
54.96757823133791 55.26804669519955 39.11503722785565
54.9671813181927 55.267500146613834 39.11557780650544
54.96753270562583 55.2679698637462 39.11510885835398
52.912787199023285 55.353245485966454 39.21127939681031
52.94786251971469 55.357669574878926 39.228350847211324
52.98488346574337 55.344589298824104 39.23008471327462
53.03884319425673 55.347866611151005 39.23681171639632
53.04105221351793 55.342659223066086 39.238052462583454
53.04001554185383 55.34510502847016 39.23747024049164
54.967892566096964 55.26844353691175 39.114633619134594
52.95212224252131 55.36132658844916 39.22796359858851
53.01507162317118 55.40860213284218 39.232415636368195
53.03562998031502 55.45978523001687 39.22114547364027
53.058964626309 55.45565712294137 39.22696238843818
53.04265273110764 55.40569367272445 39.237678586471006
53.07324479144613 55.4419504050363 39.2316599690738
54.931944924730814 55.54210189109958 39.15179532013822
54.93605765988265 55.47793360983925 39.15889826252061
54.92215615570679 55.58243924314456 39.183725266390695
53.0365535828279 55.46430635312179 39.21931531628843
53.03915215395894 55.46734410220145 39.221888867702965
53.06197745233526 55.46296374699564 39.22945833257327
53.09525640230093 55.49282837781217 39.2243936349047
53.10281138446943 55.45997088587936 39.22600968543129
53.10398614788797 55.45909738521278 39.22526384391284
53.104458987222415 55.45862113112369 39.225146963221896
53.10476779558749 55.458374101323585 39.2249765104742
54.939750326560656 55.602006024248325 39.188614801881926
53.03824064496918 55.469443147919534 39.21846205700127
53.04116561383074 55.4726639223261 39.221517215099354
53.071610442365035 55.50156806193105 39.22174882963461
53.095393809877415 55.49425856561989 39.22479985940937
53.100767175776596 55.4950858515482 39.22151910266473
53.186320008112325 55.51765580711589 39.22394326126304
53.21755823639665 55.51228952524088 39.22800711755049
53.218008655880844 55.513918006032675 39.22840425777787
54.98397074482954 55.63690296104052 39.14866354477928
54.95701232242749 55.61872151652417 39.17528863154447
54.98399468792495 55.636982974935286 39.148738405172736
53.07364876500364 55.50292745784115 39.218378622766636
53.09517208302977 55.51962841078626 39.214471423982744
53.13663880858985 55.5212300388438 39.23093032371162
53.19604046467329 55.52901449789128 39.2253637194684
53.21875796807786 55.518027521653494 39.22949210289472
53.21851783599005 55.51589265583899 39.228893997462336
53.23001459604922 55.55445860186984 39.225734513574054
54.98435059697239 55.63749748057192 39.14899914052074
53.111537304533314 55.56268126099796 39.20705210881425
53.13525576601501 55.57302578082587 39.19507442465179
53.19808607999231 55.59112058690137 39.2143069002982
53.22790334054859 55.5934347654762 39.21933080226912
53.22837578204175 55.59460645620429 39.218792106105724
53.23021046330352 55.55531761749126 39.22548044084682
53.268500447762754 55.575968996041 39.22393280609401
53.2685385251236 55.57562012333507 39.22408041528161
53.26991141722255 55.57587385876623 39.22387339887429
54.98472771863865 55.63801037733216 39.149234669671735
54.98454007108269 55.6377710458307 39.149137517583384
54.98466496192828 55.63795112647304 39.149228427058354
53.16250385261006 55.60655158339725 39.19312059541686
53.196768426626505 55.595617682471165 39.21191959270301
53.228930776569264 55.59949830849101 39.216650744901415
53.2293246827965 55.599793569752194 39.2164941092128
53.26826666320499 55.6034419335096 39.212149535211445
53.37912023347362 55.592624767305 39.22739790210084
53.37827033333116 55.59202496287143 39.227230007644394
53.380575415413446 55.593637611912484 39.22772007537897
54.98569257600779 55.645500518270744 39.14789564851061
53.205220921261684 55.61707961924627 39.20234277349395
53.20988380384406 55.617901805203175 39.203019952468296
53.2297081592911 55.602598317134635 39.215261398114805
53.27264002463969 55.611619054450216 39.20971655626474
53.38185186378893 55.594530766095204 39.2279911001638
53.38651129438917 55.597740710054 39.22910409965077
53.385708785434474 55.59718723678117 39.22891391279205
53.388758869284146 55.599278606979325 39.229666741713686
55.08378777749231 55.693073224289925 39.07776013429216
55.083642780109415 55.69299938806755 39.07794926916567
55.08380270448798 55.69307471774047 39.07774303682191
53.19880667778241 55.67169897370438 39.20593800300234
53.23457485746373 55.68702720726408 39.209635822973524
53.23475280899022 55.68775270869445 39.20970012171238
53.35084820428453 55.61250514128182 39.22303423386142
53.422387795027944 55.63328622881389 39.21668305469298
53.424965753790815 55.63529226110644 39.21691560350705
53.4243288178335 55.63430060096974 39.21781371487742
53.42585094483073 55.63603938424349 39.216883115892635
55.07632234669006 55.75470549868365 39.093932301365
55.07620850265912 55.754800929772216 39.09418959499913
53.20202089074594 55.75391427273781 39.20992196247508
53.23499385358893 55.707561069856006 39.210662814787966
53.301722872670666 55.702700900716216 39.2220630440209
53.38075317069921 55.70931780252634 39.21497200837853
53.42587447739449 55.63696557842347 39.21513626659187
53.489205968710976 55.67493563490588 39.210831782721286
53.48717648458286 55.673558201993714 39.21166291953188
53.49155852540436 55.67607137887067 39.210560885303046
55.087088226933005 55.797048896440444 39.09669128448665
53.22203945806334 55.81319922574308 39.1908918662067
53.30067945216179 55.777426896416365 39.19762027135601
53.36974481334379 55.718850367496145 39.21425373417941
53.38308819329327 55.708633995108585 39.21389190072236
53.493302710908395 55.67746374181478 39.209533239248294
53.5565086484008 55.714046040118376 39.19828070803345
53.4977555882908 55.67937451589769 39.20937947497236
53.55851306880745 55.71473563114807 39.198593462714015
55.139571244345646 55.88404742184511 39.05693655625414
55.08803407858823 55.79849385691608 39.095821731942216
55.13965115151305 55.88421263638593 39.05691444808119
53.29725865948719 55.85444475434075 39.1760049226316
53.35284013636963 55.892651167376684 39.17982757523037
53.362850333159074 55.89871819331589 39.176680475131306
53.46397936971738 55.91545712385586 39.15780711083977
53.52526901617445 55.84400029598808 39.17233750660597
53.58928098228219 55.779738854478495 39.189021782287156
53.58974148582534 55.77824522743022 39.18952413987945
53.58946937781782 55.77924403119526 39.189203533489284
55.13995255551654 55.88484126974083 39.05684434798296
53.36084983281796 55.89750907511092 39.177308314896784
53.36985324408539 55.902964871194115 39.17447807508192
53.461154001723756 55.91661012826146 39.15786433197167
53.467125395866134 55.91417955772265 39.157741314407986
53.53337382537164 55.850328515244804 39.173556483423184
53.58806693535558 55.78408680451551 39.18761350863178
53.58822546137954 55.78359178791827 39.18778252544279
53.58813524576994 55.783899532172484 39.18768101590993
55.14026548568932 55.88549325339896 39.056769887301456
53.41312028650197 55.94898709840716 39.148029321935
53.45799978441215 55.91790317238504 39.15792628279419
53.46451557549685 55.915249645140996 39.157792502150954
53.52508762925455 55.94408377420426 39.16871002603769
53.60017221917111 55.97718409286189 39.18765533217325
53.60281791306815 55.98087405942178 39.18927162515952
53.623020326758976 55.95152708025036 39.176162178632126
53.603013654067 55.981136130993434 39.189389586693345
55.14067692042745 55.88635188365616 39.05667543288435
55.140274637434224 55.88551231643711 39.0567676988681
55.14055774479962 55.88610161958452 39.056699006169076
53.41286703414254 55.94957264794758 39.14763470178804
53.47299939465354 55.9645697275062 39.169090860058844
53.564803097127566 55.97648312252207 39.16445078651557
53.60316467171471 55.98508574308377 39.19003586721307
53.63329555198444 56.00586123688326 39.18998006540954
53.63497290224264 56.00525346180709 39.19026686843699
53.63500403915621 56.00446657899069 39.18967907695692
53.63539741337507 56.005001903290015 39.190264710187954
55.127194851557874 55.94785248710112 39.07651333430539
53.47892108274459 55.968064422863115 39.170249410941146
53.5953732706013 56.025860727598854 39.18421477868294
53.599803524337524 56.026474299008136 39.18717019512785
53.63234424818863 56.00939605867459 39.192256950156164
53.63490554593791 56.00876321796483 39.19292066015451
53.636233249092136 56.007437415506125 39.19250170672508
53.63607278575978 56.00572678199967 39.191121655452555
53.636493880459945 56.00613941163784 39.191625882777856
55.12677010487255 55.94964856179938 39.077003594882484
53.60011736415182 56.02676607737077 39.18770347062232
53.61383717067551 56.03427485373563 39.189018224631596
53.6347441901435 56.01188315027446 39.195234227845376
53.63630186386384 56.010167093766555 39.194619884410905
53.676375174661246 56.0319404552251 39.190298721329924
53.63651617170064 56.00614343562284 39.19163894814616
53.74621966927462 56.0276233275745 39.1662094068932
53.74620066633005 56.027605836329485 39.16620437413207
53.748695641955926 56.02756624782839 39.16478523512532
55.12655535973724 55.95047289958182 39.07724105692603
55.126348624948804 55.951226982451594 39.07746475144866
53.612754979684304 56.034446268508354 39.18806179134269
53.616868231263865 56.0340035548595 39.19052517033231
53.668014961981605 56.031756280743295 39.193456147388744
53.677037553595966 56.03197723071006 39.18986476293976
53.7349366021342 56.04537592380791 39.16219705645649
53.75385884503525 56.02748241523632 39.16184671420956
53.75349931361963 56.02746830765152 39.16203357548204
53.78269874649828 56.035428813381536 39.16347773720419
54.78410491092169 56.02675278635556 39.17337094009487
54.83821599741883 55.99501625965112 39.14540413135018
54.752735202997684 56.0319875614115 39.167639266565864
54.93321560140478 55.97858255990046 39.12421596434247
54.933269582676 55.978451976630126 39.12433949407301
54.9547237805245 55.98029094426158 39.12369624067209
54.93330264102468 55.97837630846212 39.1244071330876
55.00535247738485 56.00328393267534 39.1209611345197
54.95517903316272 55.980556976078375 39.12350495361658
55.006341537977235 56.003837938733405 39.120803606531496
55.14894773721299 56.04432228560185 39.050087301833166
53.61403599743115 56.03446263169132 39.18796334439017
53.653924153189855 56.04469826876556 39.18125530401534
53.678135745896526 56.032080235642894 39.188797025186595
53.736916776902845 56.0462924326028 39.16025195656811
53.7415071440323 56.04706506959225 39.157218827127124
53.87272451165653 56.04315603644048 39.13875181285384
53.87235386530257 56.04311083424216 39.13877413051059
53.87560545500733 56.04350471769239 39.13857193044883
54.72232870024114 56.05295884673835 39.16468300312165
54.74892599602124 56.03423313746193 39.169496342061215
54.72143888735348 56.0533501895216 39.16596171101439
54.78045422852429 56.02829167401097 39.1741555127643
54.93311902093308 55.97881598243629 39.123995342930385
54.95510595184787 55.98059822419079 39.1234341806617
55.007148083974904 56.00432311361641 39.120602005841846
55.00995509530714 56.00587598033786 39.120197489894565
55.009034687959186 56.00534891355484 39.12036930040091
55.03936812423353 55.99800454489937 39.11629675203942
55.12059252614732 56.05223859793015 39.070597557409364
53.72039725751861 56.04794422404511 39.16112265344799
53.73881738078583 56.04725486760275 39.15829467619559
53.79242355032282 56.1355698843672 39.134407081176064
53.86887253964022 56.12753568845371 39.14837204172824
53.909355719481326 56.14066547150601 39.13833700104203
53.902358367256184 56.049669120636224 39.12999568847235
53.90969682454341 56.13904018877146 39.13822921478998
53.91419254300076 56.05665406869343 39.128764398034846
53.93607506969596 56.0576202584073 39.12807498480395
54.7551565394375 56.12391559668241 39.17675482244784
54.72096154511335 56.053567131899 39.166633108535805
54.684652943072614 56.06090174701244 39.181823550387904
54.76184276306415 56.132083234267576 39.174765980214374
54.768175890728514 56.13998756110665 39.17295867896807
54.9360588293158 56.20527518361695 39.13546543178103
54.958658257333184 56.20742560042585 39.13509515130799
54.993188606700905 56.21717191570665 39.13656437279764
55.043274507543764 56.20075740693885 39.11717660428822
55.044179222712174 56.197890327523076 39.11682937361478
55.031536791973224 56.113715059545996 39.123429195530704
55.044878563497136 56.19568929823937 39.11654114960652
55.0453570446641 56.19411388881829 39.11643448239643
55.045021667792824 56.195243041209494 39.11647678535743
55.186043533427814 56.149988966088024 39.02015206243928
55.15411127803867 56.152593911301054 39.04408880535172
53.78531578059459 56.21478375576632 39.174316424626625
53.856711583951395 56.30833695184717 39.15397089341103
53.85808708555956 56.30849597305172 39.154074246486296
53.8836651877551 56.30013103700804 39.15559344206625
53.90783147704102 56.30898169408901 39.15606001979465
53.92434098915594 56.22422807602101 39.15246729040261
53.9244722704922 56.219027835279036 39.15211138382083
53.92484871930142 56.22355228023044 39.152406194403895
54.75675695207958 56.12639803497977 39.17651895471527
54.68421248707854 56.06096873751885 39.18177600873893
54.682916240035716 56.06110144441678 39.1814553514791
54.7633092270275 56.13439423615975 39.17456639963727
54.77045786204941 56.143269324776746 39.17250494195881
54.86535738565173 56.23046214980725 39.16431625375945
54.96390795264404 56.314848754282266 39.148627077076135
54.967515147160796 56.31593001879311 39.14890040485146
54.97095333521413 56.31704686551468 39.14915615745533
55.01981506252581 56.304352125860504 39.13035670527043
55.02003123533274 56.30413559029897 39.12997879003747
55.04225040918789 56.204276362308654 39.11721327414317
55.043118785113776 56.20157200137085 39.11681803120105
55.044285288583396 56.19773855902346 39.116548479797515
55.067265339210785 56.17565500970807 39.10407165098113
55.173243125862626 56.219238080776364 39.04814913481017
55.15424988611882 56.15281278366169 39.04394456517008
55.12047623956426 56.19523973021703 39.0727410977083
55.26360344538391 56.234891455818826 38.964738154519466
53.8581804053089 56.30849940058728 39.154082707084854
53.90608323548392 56.3091471632033 39.15604779267119
53.907870443778066 56.30898403851322 39.15605909884527
53.90940806257395 56.30888556084625 39.15606054331627
53.94734898414178 56.325461341992366 39.15721952246524
53.978661965297704 56.20999294781734 39.182893007412154
54.01656775879785 56.33069649600918 39.14508581572642
54.016613795454 56.33061140444815 39.145060816825506
54.01734432507721 56.330748683169375 39.144887423994234
54.66107003972718 56.11909836259756 39.16748205013605
54.681431051653824 56.06118159780945 39.18088630809188
54.61938644169638 56.1280859354944 39.16250990713273
54.759246340454595 56.129727961111804 39.17591007291904
54.68278720852861 56.06111044620697 39.18141162997068
54.76508146227141 56.13693317163367 39.174209570362486
54.77229692889152 56.14592586663255 39.172144612069495
54.91484110219272 56.30673911989841 39.13010245618313
54.91738565599025 56.30658406416949 39.131011355611264
54.963817767296376 56.31482526795274 39.148620047327036
54.96845603865364 56.31620756801062 39.14897194699448
54.9727498248193 56.31759671376791 39.149291655330906
55.01930623163088 56.30606790184868 39.131782022757776
55.01962336641259 56.305676655447755 39.131194919138025
55.0199346742602 56.30526119583814 39.13060465331812
55.020183911394156 56.30490078657107 39.1301197351865
55.02250256641383 56.346412545966416 39.14520429808637
55.06725615919865 56.17589900232827 39.1040102402481
55.062515635711414 56.343612584185436 39.12172633575242
55.06758133951314 56.17627269438273 39.10343622571351
55.14424031484312 56.30873068773602 39.05492150503653
55.12081631920436 56.19670001808158 39.072500405159424
55.19474245711851 56.331603633081286 39.03184960045608
55.120754769190086 56.19642422547979 39.072563670372766
55.19575650586777 56.330321145425685 39.03100200964388
55.25128774634598 56.30464120523176 38.99217026528446
53.905471236332474 56.30933631335333 39.15601755091121
53.90782544749089 56.30910179998992 39.15603632887934
53.909812617497344 56.30893671751424 39.15604567656924
53.94894871155733 56.326589070051796 39.157187238328184
54.01625699867016 56.33162858864475 39.14530826084048
54.07591747376234 56.326800659180904 39.145684733235306
54.074726796449724 56.32642534371013 39.14564450887275
54.1566705901337 56.33954310609347 39.14354146182976
54.15652513178077 56.33943193656961 39.14346749766277
54.15787064278292 56.34001230710826 39.14393075443578
54.51661030238472 56.28055968000584 39.12489654560477
54.516876632985344 56.280279646385 39.12486302297436
54.515007663949774 56.282092426728624 39.125097089079375
54.589859872659424 56.19501830008731 39.14539121077092
54.591896260592705 56.19248776868595 39.146587127208115
54.59328356917999 56.190999925187214 39.14724933212685
54.59732340710792 56.185950065211976 39.14964102562094
54.596751343246865 56.186830815426994 39.149195330509905
54.71644332977894 56.19933289915917 39.156259144579245
54.81782681265243 56.23073562463313 39.146736598193044
54.86779742551175 56.319379222844745 39.109631657056674
54.91408427489166 56.30670192616063 39.12993552955134
54.91692579696352 56.30650357030937 39.13098178765531
54.96422054809488 56.31505347891323 39.14864462394527
54.97005606444757 56.316811495145714 39.1490863112121
54.97528482590293 56.3185264067727 39.14947434903764
55.02101402491448 56.3438772709804 39.14605811975815
55.021578325486075 56.34488066243921 39.14575426501794
55.022102908526534 56.34578808379118 39.14545991010192
55.02249088017574 56.34644422507691 39.14523519062324
55.0227493354755 56.34687376114017 39.14508194113535
55.114367874005474 56.368105400101356 39.09051252361998
55.12355134292934 56.37569659218044 39.082631763657986
55.193648556294576 56.332990779624744 39.032761792626374
55.19477450875878 56.33156689414354 39.031820591923385
55.19591006297644 56.33013066844201 39.030871480507955
53.90761808028972 56.30940368714073 39.15597903646779
53.92995283058066 56.32887401708903 39.157517310265234
53.96951470084939 56.35708778847414 39.15672524254025
54.01603352879106 56.33328167171958 39.14561575520411
54.09352064940373 56.39352342924213 39.161433070970816
54.158591836897585 56.377683079093586 39.15875535690878
54.181275604576726 56.37384875412755 39.155059057681626
54.158713734792556 56.34036603732375 39.14421613328129
54.20422648654579 56.36771964587814 39.154255386079676
54.221412568565945 56.31744919874065 39.152487517851526
54.20530446110342 56.368362500427466 39.154200501451854
54.224196927547496 56.31458020758508 39.15231934244943
54.28808773651194 56.32547065672179 39.14833381105318
54.27344623059524 56.30380937425197 39.14647830314975
54.322997093294894 56.31095966339954 39.14194200028942
54.322399463885645 56.30918715952643 39.142111552209954
54.34852055023479 56.360883127113254 39.14142736500562
54.32294130147391 56.310319587185674 39.14196850804436
54.38981001258756 56.36813490683023 39.13886556243414
54.348845318232385 56.36113250817537 39.14143072001559
54.42215747800587 56.383383320868404 39.13982542665027
54.42216086007599 56.383273881363955 39.139812965068074
54.47181771267002 56.338668308291375 39.13198325790373
54.47354246957471 56.3357907246768 39.13170356010874
54.47338272350371 56.33628223544235 39.13175005328056
54.51430965266417 56.28278369656746 39.1251846168305
54.514640362501716 56.28264629213148 39.12514461741374
54.51668983610966 56.2807046930444 39.1248883030099
54.5904042024755 56.27678671729938 39.10174567586774
54.59382059524958 56.279111810391086 39.100233680627916
54.71791209332547 56.29359617341287 39.10684580540649
54.86707375712319 56.320635382199214 39.10834748415559
54.86751553380506 56.319859117191385 39.10915034165667
54.875195764549545 56.3186732262903 39.11078721201119
55.07496700931892 56.36668164925963 39.11485678486564
55.122691316398345 56.37572793796639 39.08314690633955
55.12400817544889 56.37569356506347 39.082354621344614
55.1937643782088 56.38747109776775 39.039341993074004
55.19504033176074 56.387964845947025 39.03853343756712
53.97036749716972 56.36001051003652 39.15671935990386
54.021136638330326 56.3736115959302 39.160330951470954
54.09304645353943 56.394631035226475 39.16161591042173
54.14808919056659 56.40512576266461 39.161708632600515
54.180822212589355 56.37511047485372 39.15520653682588
54.20459594085713 56.36841617516737 39.154353132398356
54.205993495969125 56.369220040922 39.15427473834219
54.27700911769323 56.38136448499277 39.14914219529986
54.348928536623724 56.37202154827405 39.145007667350484
54.349716248595 56.37275161419406 39.14508241747279
54.38976179901637 56.379573245645695 39.14256646459943
54.422131126680206 56.38368405255282 39.139862227742434
54.423404577366455 56.38360331361038 39.13966247010812
54.470988157795084 56.34041832574454 39.13215127361967
54.47260740639807 56.33789840177798 39.13190530572139
54.516236901967886 56.296549778993175 39.12638563050852
54.59285532313683 56.27859950480667 39.10060448666104
54.5963041205811 56.28095216253059 39.09907600116867
54.80658475132786 56.32862640678101 39.09532624397005
54.866684104495505 56.321302806507006 39.10767398748696
54.09252115151972 56.3964527892621 39.16192646080569
54.14657884388325 56.406578218928416 39.16185482579836
54.149248052554505 56.40516815832226 39.16150744658421
54.19603204668923 56.395887497819906 39.15707294056497
54.230368223134825 56.39077887347398 39.15493704103582
54.27562947911193 56.382758130864666 39.14937219215271
54.33230346041337 56.393528175452445 39.147919603578494
54.36056862792216 56.37822322801172 39.14283244711592
54.3911786599991 56.39320010098639 39.143837964447584
54.422101772718804 56.38413453458255 39.13991583682776
54.42356006962355 56.38403829281721 39.139686670352546
54.42444744275596 56.3839580384248 39.1395448532138
54.470486611242166 56.34166572436651 39.13227018124158
54.48524444625056 56.33699467500377 39.1304502496545
54.66302174103077 56.367173010704505 39.09172347545785
54.24147734593447 56.4079404629276 39.15082895650565
54.242529738939815 56.40761443090896 39.150893172669626
54.33177211335247 56.39360537688469 39.14794193345334
54.335351332068115 56.39309741621775 39.147802097166405
54.39158613983838 56.3932667870953 39.14379787969428
54.42212366598999 56.38463558042585 39.13996728529545
54.42366057825324 56.38452953350133 39.13972526036321
54.424567218620126 56.3843879729649 39.13957385764311
53.72198663342654 52.29774620940346 39.172304113499514
53.72499287217563 52.30357070685906 39.171759834403176
53.77950692811678 52.417019713473934 39.18212611651094
53.3101464811226 52.164686508487065 39.13971713064736
53.3111180185166 52.165580096428606 39.139413375589314
53.311863857259596 52.166242311343154 39.13918534210967
53.38771711755317 52.178607007022016 39.12372682705039
53.39209835693454 52.1777435249628 39.12307268947346
53.5012424626957 52.15896788385814 39.143147757360154
53.594353943758634 52.14047434710366 39.14971981635209
53.62953152855741 52.13221741613208 39.162825419044566
53.629588434280535 52.13226806977207 39.16304817558377
53.67346052484811 52.24174736305942 39.1894769799195
53.721434597503055 52.300827989812 39.17535578722072
53.73521563236844 52.36646985893651 39.21497736458
53.77970519496071 52.42253614085679 39.186056388629545
53.779899259577626 52.42308767197834 39.186415642352
53.78004821211441 52.42315798900724 39.18643742598405
53.78012806191923 52.422639670748865 39.18604909806989
53.025072414293035 52.25743967216738 39.12617557150824
53.17031469932779 52.2992951895566 39.09359385896032
53.255521209082815 52.31261969427133 39.088445979805336
53.297886058813674 52.26317698591308 39.11412388326448
53.299546915663996 52.259884454312726 39.11489869433994
53.32130208308061 52.28011039077147 39.122418995284754
53.32828019800486 52.27452930938029 39.11821162912183
53.376470300895235 52.27634236956691 39.11892301665141
53.41354139386493 52.301136801631685 39.14999123562531
53.56080693352605 52.38487749202683 39.15742329862836
53.59065965458021 52.33669129108398 39.14641491928433
53.65740962768321 52.38118292615023 39.202212773331595
53.66122592618038 52.38157821816539 39.203054630465004
53.73617245600769 52.369222560781 39.21529046540221
53.73987016030728 52.377678253373986 39.216132370848065
53.7799576406628 52.428340388383184 39.19018324665048
53.78021807207783 52.42939193740718 39.190889388122066
53.78045061087732 52.429785933629915 39.19112786862339
53.780614751799014 52.42949893460997 39.190889655951366
53.78069424928224 52.42857936360946 39.19021272810497
53.78067824556962 52.42686953863426 39.188985745584304
52.96330197900164 52.3101334270614 39.13541120417968
53.07615435867052 52.346698988015895 39.10272215803411
53.17797871899509 52.43841551661889 39.06636038956289
53.24366722316173 52.41169498981826 39.0783577499009
53.27446636804408 52.45838887680512 39.08885157868711
53.275274216043854 52.45899359550581 39.0889823931564
53.309465466200464 52.385353428977666 39.10672163122248
53.30958179925051 52.38448234591661 39.106802236290335
53.45802098139517 52.40100612756598 39.136713329645616
53.49960319579412 52.50297317817432 39.12308169288765
53.501638012817025 52.50372022299111 39.1247827895489
53.60059584002856 52.49731729622084 39.16953604546087
53.70581129125629 52.49997749900076 39.21197566572475
53.71199036580013 52.498360305933005 39.21313086258378
53.71931151229442 52.496453110275574 39.21449044643883
53.72674939468068 52.494533554199435 39.21585320215395
53.78036631148811 52.43459019655312 39.194600438622594
53.780533095939845 52.43367165054127 39.19390736908794
53.780473970731606 52.435055707791804 39.19491451677954
53.78066191582507 52.43235859648103 39.19293782512146
53.7808645938061 52.432292908736045 39.19285137546462
53.781158111453365 52.43348628960318 39.19365315514487
53.79716551105422 52.457867458301216 39.18444638325916
53.79629320512947 52.45916963641984 39.186966518514005
52.92303813375438 52.38643230390975 39.16909096374073
52.923602547535474 52.388826705038184 39.1690359844631
52.92397040916094 52.390409830832226 39.1689988953349
53.114564515723714 52.47532501762822 39.10189691855471
53.224341432059646 52.453421125530575 39.08059104193681
53.2467830239969 52.487367811741834 39.09570637407243
53.27509515952206 52.45897267937794 39.089016995384185
53.27587860040141 52.4595563396392 39.089142289948214
53.32182597163367 52.511590494035744 39.10670022280869
53.322345362061206 52.51227351438732 39.10695436391794
53.47123718152571 52.526858784266835 39.13755508115686
53.500883941051015 52.50357200138933 39.12419636595254
53.50325253404832 52.50444860033705 39.12617889594837
53.60083362995565 52.49826283422043 39.17040169989137
53.70303264192779 52.500688373967236 39.211472958425
53.709876766764346 52.498893991317324 39.21275569975241
53.718163317013364 52.49673052359038 39.21429946576639
53.72668830691679 52.49453153712854 39.21586024236381
53.72047504334917 52.496130240870066 39.21472678555582
53.733234461211076 52.49288923435235 39.21701130697569
53.79643232709317 52.4593227009395 39.18719986213984
53.79623438317049 52.45958626722715 39.187715513132034
52.92534370605079 52.39671105100959 39.16883865569074
52.92568841917535 52.398091932325215 39.16880961497987
52.92581998249564 52.398593957292846 39.16879992355269
53.00774447825344 52.44471263645594 39.135323174292694
53.11295427804583 52.525434943278185 39.11310313228098
53.246341944510604 52.48927031080922 39.096031177666276
53.24686483639704 52.48936393583345 39.0961163492324
53.276702820526516 52.50779441713655 39.09901007650468
53.32189094952945 52.51186159907184 39.106837227864276
53.2769651283909 52.50751117907792 39.09895451109965
53.32231897180502 52.51239613577668 39.107030607031845
53.32279405524475 52.51300519104262 39.10725417156639
53.471030909539294 52.527462287405825 39.1379678301827
53.47569417675538 52.52674916211245 39.13936651380018
53.50410289310944 52.50484059492117 39.12691707633531
53.6010755631186 52.498737986150125 39.170890773705416
53.70183390066427 52.50099803433375 39.21125302853563
53.70913141802187 52.49908549600393 39.212620013528706
53.71799414013671 52.49677322083686 39.21426945750318
53.79622939815795 52.45966514816154 39.18785571982725
53.79619405453669 52.45982739320278 39.18815063098069
52.919837631496776 52.56633788026898 39.14233551760643
52.920675352420574 52.56613357936041 39.142760526863356
52.92105633367641 52.56607132745293 39.14293953232645
52.92105804725471 52.566125130070915 39.14291514614829
53.103874455236124 52.52735488920473 39.11640297136854
53.111951818693356 52.526659681404205 39.11407122681223
53.1620234733276 52.534868572427165 39.124350183010755
53.24687185078366 52.49037583730481 39.09631980144728
53.16356500029532 52.53467568174055 39.12404215510805
53.27659256170358 52.50791448489744 39.09903239010381
53.79375975082236 52.49651195830535 39.18792907006922
52.919759788430675 52.566451078483034 39.142252140444654
52.92065788866998 52.56621527580507 39.14271559698129
52.92103980370358 52.56614304087738 39.14289962013548
52.921034837728655 52.566189515492155 39.14287601725901
53.02290027013387 52.55861726208509 39.137391784318524
53.111321291614296 52.52748663065835 39.11471388989684
53.10901858230994 52.52787666761674 39.11549299952643
53.16184925702245 52.534931092827705 39.12438148933563
53.79300682857532 52.54875178315797 39.21535813007668
52.88455046843104 52.58248555558298 39.15563489408936
52.91939767347423 52.56668305935387 39.142001504885656
52.92029000941009 52.56643266646494 39.1424694877841
52.92070357081269 52.566333867344575 39.14267834491332
52.920732610245786 52.566355016674436 39.14267992779383
53.02639184122128 52.566377611299586 39.135106882017006
53.02330860133361 52.56645152465166 39.1354944053316
53.79381141163155 52.55662359761705 39.21413277641185
52.787458351000645 52.62202942403219 39.16458106118541
52.85433259540369 52.60951687674607 39.16336103052886
52.88639353944394 52.58171679279326 39.15580720050696
52.91968214729491 52.56673404161114 39.14208976746441
52.92011880831136 52.566609433502094 39.142319741569196
52.920363922787786 52.566525253774785 39.14245546417688
52.92020947582601 52.56659076955168 39.14236413486764
53.79472274923066 52.565549538854725 39.212743470268244
52.786613238000655 52.650927169247225 39.16536205909813
52.85128600544881 52.61116063067539 39.163293463572565
52.856683816602406 52.60829083330027 39.1633549781225
52.919015484245676 52.56704338731571 39.14168318201867
52.919461503677475 52.56689990884395 39.141925630625074
52.91948947211387 52.566890751876954 39.14194090827168
53.816975699952266 52.65586188924694 39.18108399378394
52.78558344442864 52.651875075516756 39.16557758020675
52.78614645817652 52.65138434438368 39.16543142776467
52.8360449447082 52.76461428520808 39.18989451062343
52.86123820038103 52.84883979922779 39.21986225681146
52.89093674895233 52.73616961571584 39.188450986144204
52.91935935284109 52.566943587742855 39.141865064050876
52.90080149421834 52.755016902541385 39.20746559489493
53.85675626513945 52.79686145399839 39.1785817322431
52.81786498992311 52.82127512631743 39.19443016623522
52.845539373591 52.830832763370786 39.20159757066892
52.86127551033546 52.849136701035334 39.22017702260774
52.86149505442739 52.84963492933191 39.220648845479815
52.861605778317745 52.849877694011965 39.22087739677116
52.86163250610667 52.8499651155346 39.22096442254074
53.859384060091834 52.80155673989655 39.18008276233115
52.81720478207062 52.821052154845276 39.19419690563956
52.84769899070103 52.84970428300811 39.221539311135444
52.84856767369364 52.85085020337432 39.22268444300899
52.86171569094847 52.85055760866963 39.221589428463965
52.86190897644114 52.8509510420871 39.22195485394616
52.86195461170398 52.85103192978143 39.22202786476871
53.862778668715904 52.80758060874712 39.181962182494175
53.860356402964186 52.8032817378255 39.18062043345557
53.86295428330854 52.80787564047035 39.18203558144581
52.847691460770996 52.85001476797295 39.22180331706077
52.84875342683675 52.85144990842707 39.22323252443654
52.849952632387534 52.853084913773586 39.22485874089922
52.862431098333914 52.852884739646726 39.22390461526172
52.86248458932751 52.852822196890365 39.22381626771375
52.86248356542218 52.85281622709626 39.22381003706843
53.90099911123347 52.85070249249437 39.17502747092736
53.90086136404588 52.85032805026326 39.174802822878775
52.84730762960379 52.881068572790554 39.23115894663927
52.848849705817216 52.88207439929751 39.23294162672879
52.85042193714483 52.883024209311834 39.23475325074771
52.86179616894685 52.88213535258804 39.233600183649216
52.86251293598695 52.85291614183463 39.223909922305424
52.861723758557225 52.88179167379205 39.233192003111625
53.90416858129957 52.85609694067496 39.17636692772431
52.80234189468296 52.9337709906268 39.23980398315271
52.812768694156404 52.92814623566071 39.2409404650756
52.84969179684399 52.88474745538689 39.23408111872106
52.85128671888286 52.88534319712154 39.23589014010792
52.86151802679667 52.88416285867901 39.23475412919318
52.86151655446819 52.8839822343941 39.23460465236341
53.94289412874011 52.89218542132147 39.15180290503733
52.795099605884715 52.93763562557223 39.239118345250766
52.80718595696462 52.931211525121995 39.2402001145347
52.817999251001616 52.92529940331293 39.24157248193273
52.850949799590545 52.886795400779846 39.23563134640315
52.86126464863413 52.88477362250619 39.23480020467549
52.860754088279165 52.88569423702917 39.234640930522005
53.942688584854814 52.89269032721197 39.1527980857267
52.788740306646545 52.94099734540322 39.2385942592464
52.80120145928855 52.93443338869398 39.23956375568744
52.812135969067555 52.92856306378714 39.240686015836715
52.81929291282117 52.924589576619475 39.24174286411527
52.82116381904227 52.92352051219916 39.24209369473391
53.942757823629044 52.89252586075303 39.15245177213406
53.942857306343356 52.89228682709043 39.151959569034005
52.71028758928933 53.003622795482926 39.2272059590626
52.76367035939818 52.952734129440785 39.212476030355894
52.79731747134112 52.93649766878309 39.23921643353634
52.807128503698245 52.93127739877927 39.24010816391255
52.81400772336876 52.92753230510708 39.240941711723835
52.81465621697888 52.92717324448479 39.24103506891857
53.930007316917184 52.99703150938373 39.184203023451246
52.70292242617544 53.0119029594025 39.22618047360921
52.71213181554718 53.004582461099375 39.226567019251334
52.79607023984724 52.93715388219823 39.23912128923192
52.80398966404255 52.93295265644029 39.23981024888794
52.81229673822694 52.92846786710963 39.24072434549302
52.808944458712006 52.93028668127673 39.240333358542586
53.92924352794284 53.00723868965821 39.1842913570515
53.91481051062708 53.12709525453224 39.20691588590127
52.64832685901341 53.109206552015415 39.22941606933452
52.65170206961176 53.10649023756111 39.230051246132675
52.71374837475275 53.00549128235144 39.225986984352716
52.802432277645494 52.933775628513516 39.23968266215015
52.805103446051994 52.93234681071237 39.239943964759355
53.91364999658511 53.14335262479718 39.205955794064046
52.642975109840066 53.12682682819816 39.22967132969095
52.64661595305522 53.12285014946503 39.23025725541286
52.742442027402035 53.16254032810311 39.22938129416996
52.75052743215265 53.1667822950828 39.228335895418624
52.81210292124736 53.063090063036995 39.223455505448655
53.98528460422448 53.176232297883296 39.215118580503166
53.989568095888814 53.1861830568958 39.21503412747555
52.59590604384127 53.21804475992862 39.22787880635418
52.596972474098 53.2205101557067 39.22839083578351
52.64333939853924 53.13805656192076 39.230832516893685
52.74479393144452 53.1786775402403 39.22907096116417
52.75335129243018 53.17650127572598 39.227967334101244
52.753813484560744 53.18036999215861 39.227906055750914
54.07174660123266 53.29799630266656 39.17608699753585
52.59899612778968 53.22760223949893 39.22966798747876
52.59939936629206 53.227285052186446 39.22970345017055
52.69520556411403 53.22517991216415 39.225143809965545
52.76136675691352 53.27006120147001 39.20239793206958
52.76979064535452 53.27005989191654 39.20133761359992
54.0726534537865 53.29842235630635 39.176082898888
54.07867733445511 53.301389099786995 39.17620508714074
52.60178104790767 53.23536105045277 39.23117227688133
52.60133960623514 53.2329024379382 39.23077829783823
52.746264612208456 53.269872629719984 39.205265868160325
52.76103083877862 53.27005751142125 39.20245916912816
52.7687269568233 53.27006155577096 39.201463910528275
54.12572353855296 53.33695764536071 39.15514750272333
54.12572009924139 53.33732781451637 39.15591135820736
52.59944908005865 53.29932124413972 39.237472504329745
52.59928885476553 53.30051606294282 39.23754167815277
52.65999153383534 53.30404023942542 39.21355230023753
52.76106471201063 53.270108565875276 39.20219628388226
52.76812310028646 53.27011134674265 39.20128819839367
54.125686491538055 53.33817728372523 39.15762719053759
52.59500904651666 53.3375741239079 39.24117564079839
52.645731269767936 53.35258742783455 39.231305143216154
52.65011368053022 53.35743751258966 39.22981975458564
52.74917846896704 53.32332695653676 39.21943828379811
52.754971230900566 53.32260449491295 39.21880328960641
54.125682915115966 53.33822890103766 39.15772923973303
54.16336790212387 53.39063632515619 39.17828881078666
52.58932207224683 53.3468349932351 39.241033456802285
52.647857561857776 53.36315212812109 39.2296295337306
52.652970638345444 53.36599748796243 39.22822365768709
52.70938203200959 53.38751232950344 39.20512235568246
52.78855882524114 53.38709195666724 39.19489753331474
54.16399875812242 53.39323804119856 39.178654303713884
54.16548884208373 53.398797120469254 39.179203550907346
52.55761289142507 53.38380277953915 39.23986547422544
52.62324700789158 53.40621177134216 39.22712549214236
52.691689166683084 53.42706176351453 39.20442343136217
52.7395928362062 53.44727062052334 39.18141591517745
52.7397090724084 53.4472847038757 39.181248577946114
54.13080220764117 53.463966138187445 39.209194569104426
54.16158939870567 53.50012714665246 39.20600516349552
52.61694429347128 53.40389940469596 39.22855690444074
52.681664311805605 53.427387410471546 39.2051390953394
52.739269533473674 53.4472454995542 39.181824568359346
52.73956267879764 53.44727211960192 39.18143850605007
52.73965040965004 53.44728234981266 39.181313820049155
54.17693397145384 53.51073466455085 39.199974150898555
54.17797807830585 53.51429047711903 39.19953834949179
52.61198266520992 53.43764029968223 39.22244159308865
52.6844022934297 53.428526380940255 39.20402089157044
52.739340347248685 53.44727251947127 39.181648101512565
52.73960597404135 53.44729358196443 39.18131064097132
52.7783913156142 53.46707513114984 39.1864252792963
54.21722350842451 53.61181956256432 39.182368743034225
54.25513988324735 53.61389495892577 39.165755470204545
52.587737072005645 53.47979471030005 39.21560144265716
52.71663999442336 53.52959537260024 39.17936846705506
52.73113933807205 53.52758098555341 39.18032952200727
52.779465307873444 53.467685482485734 39.186345170518145
52.77522210969504 53.50918757963619 39.18536566537839
54.3359828643071 53.627077803013826 39.16574739872236
54.33690696628578 53.62751865396606 39.165614133949276
52.68519612564194 53.569209382122594 39.1590990750638
52.72114587393299 53.576776897052234 39.166206172628335
52.72157349115339 53.57672382866306 39.16623299608375
52.73139125883426 53.532060566193266 39.17908581889807
54.4427732569791 53.67668689182423 39.14870887919134
54.443002440111606 53.67675667644464 39.1487677480107
52.72064152825165 53.57685353381877 39.16616816042215
52.72109457461292 53.576791584134924 39.16619917785875
52.72151853588914 53.576738014467956 39.166226205467765
52.74202434905794 53.611081757582404 39.1710582456155
54.46399972197059 53.72137540876075 39.17130516143655
54.46405904824422 53.72131749482308 39.1712869714697
52.65388024268623 53.66275971280184 39.16686623243392
52.727262446657726 53.61415110896871 39.170260104439
52.76435868651867 53.675129682591844 39.19469417768886
52.77158614823692 53.6776111334608 39.195155280597334
54.46459815153251 53.7207918321836 39.17111862869924
54.508661879814234 53.729569444017756 39.16502760460376
54.508986466808395 53.73039079669153 39.16509992240026
52.62206991272667 53.72358395091328 39.17526629655671
52.753476989270105 53.71968647967974 39.19255654650717
52.75688132878959 53.72109920971074 39.194771757613594
52.758474597910094 53.72187842757462 39.195865416077616
54.50981440253504 53.73248373558706 39.16528032847162
54.51068032673932 53.73466930069087 39.165462479856856
54.510610459177144 53.73449466894124 39.16545106690746
52.621576666617266 53.7236698592222 39.17534805119571
52.75460181594948 53.72100540177665 39.193699332058955
52.75842741460079 53.722716863370195 39.19624840405618
52.759941992618934 53.723459490795676 39.197288960668935
54.51117911108607 53.73593081663004 39.165572390005025
54.580426028222846 53.785621108398445 39.165524024889464
54.65123524610139 53.83943199358235 39.15911099760352
54.58084903938303 53.785899192852526 39.16549837622585
52.62126559156029 53.72374214562038 39.175394117952735
52.73067180491853 53.763728759989704 39.18893996718455
52.75952535523833 53.72398396759243 39.197354090332226
52.76079988054769 53.724602685111556 39.19822673130218
54.65065928191635 53.83943040761896 39.159170050739775
54.654816994972705 53.83992682396382 39.15859496046737
54.65313066471221 53.83974034436614 39.15882365157826
52.645005756831154 53.79219623169054 39.16631019011035
52.72206986414706 53.79843139841073 39.186543762235225
52.7283962346834 53.7954579552005 39.1901820597533
52.73000559052054 53.79470131783532 39.19110799604336
54.65435540377086 53.839897665786225 39.15865084368974
54.706690344452646 53.88847754599167 39.16741670545324
54.706833788465985 53.88942355062919 39.167742679813195
54.70686440105304 53.88963133199154 39.16781258699609
54.7068210143877 53.889348015258506 39.16771415415944
52.6583627849931 53.82829722008681 39.156594052890505
52.71960083596192 53.79959161073043 39.18512425765007
52.72517147208438 53.79697380932126 39.188327166728904
52.725956281681434 53.79660488870823 39.188778604750325
54.70699667287019 53.890509692862885 39.16811352151183
54.707268500764975 53.89231820094244 39.16873216044144
54.70746002022162 53.89359861492717 39.16916838836819
54.70746398801298 53.893622253303334 39.16917725897708
54.73019930836728 53.94673070101067 39.17386127264472
54.73056385809576 53.9474168406622 39.173752235088294
52.65801448426956 53.82845825847759 39.15653559395062
52.717741844023735 53.80046466524544 39.18405634223633
52.72293090411483 53.79802666267395 39.18703901650344
52.72221304120754 53.798363950240685 39.18662637053885
54.70749131563822 53.89380488726883 39.16923949985188
54.75161767161529 54.00944743448067 39.17640750168605
54.82415703075423 54.040316346734116 39.17912040141888
54.92949310644901 54.101642580557865 39.16169674635812
55.03097379346915 54.13282731751731 39.16314448776825
54.930013596459595 54.10184214743225 39.16171476323347
55.03239417808515 54.13313456458188 39.163090197302765
55.0338735329935 54.13345557084994 39.163032700049655
55.1195298688613 54.04347668371149 39.11721655510502
55.16841747693023 54.05818650936668 39.10804904085949
55.16991239960981 54.05482972546638 39.106486528360904
55.2524747233452 53.958404503502976 39.051060419836766
55.34582553093658 53.859307018739536 38.98952785382648
52.6222240730695 53.877506229255474 39.14694404664167
52.661545840873515 53.85428364043237 39.15451549394627
52.77809717220818 53.868901266828104 39.19940027845583
55.0310028850332 54.13283267653753 39.16314426276925
55.03246014500003 54.13314695276161 39.1630894626991
55.03398589624163 54.13347729938229 39.163030852882585
55.07629512747562 54.14658043914679 39.16099543792851
55.16610367762951 54.063433184466305 39.11045836329123
55.16718718655398 54.06101023390178 39.10932408432719
55.16789910422045 54.05943359154017 39.10857607913478
55.16890350146508 54.05719306000543 39.10752363953068
55.16785331267384 54.05955374296819 39.108620860749596
55.25579964671 53.95682477732315 39.0493762994866
52.65722289544365 54.01052270383708 39.16444525269901
52.657626642972055 54.01254364175172 39.165123849397936
52.73848074059465 54.09673204660595 39.21310319566857
55.16751530680989 54.06034521978505 39.10896837178689
55.16738516173439 54.06068540253719 39.109095877964066
55.1665385050531 54.062591734638715 39.10997988988248
52.60127494305459 54.062490556250324 39.19696877139249
52.68718805431945 54.13602524177119 39.22462618271287
52.68732639335245 54.136267938683275 39.22485808144581
52.695201072460605 54.14835272142834 39.23542254786742
55.12310969335036 54.17283156312503 39.15862307360307
55.12310953142699 54.17283156603171 39.15862382074323
52.695199024549225 54.148350867268846 39.23542206959407
52.695211118475626 54.148358856613214 39.23542729570565
55.123115492704656 54.172901304352024 39.15862961935159
55.12311548997978 54.17290794419159 39.158632798027796
55.123121865796776 54.17299730315827 39.15864604329981
55.12312899786899 54.17310563734117 39.158664853663375
55.12312961554579 54.1731145619538 39.1586662644839
55.12314065434634 54.17328760171251 39.1586979360849
55.12314121314908 54.17328453192928 39.15869389867441
55.123160934768805 54.17358382619963 39.15874578360925
55.12314528007083 54.17334330829189 39.158703194852116
55.12315730161107 54.17351190882019 39.15872822355452
55.1228041671024 54.213193392289725 39.153706982835644
55.12316609857924 54.173631715527904 39.15874483660721
55.131651713938965 54.260068532275845 39.15182795232728
55.131842865720344 54.26124900091014 39.151610909752215
55.13192859853727 54.2617712838418 39.1515152216382
55.130555341277955 54.29233458819068 39.144831423905
55.130562201880345 54.29234124960536 39.144831357216795
55.102417463202464 54.30697885543535 39.151455392046586
55.13058264337094 54.29237051865793 39.14483061060467
55.103271985788226 54.30689505052389 39.151284377316884
55.026163443161664 54.40819339548497 39.162144881829484
55.026166179063146 54.40817513654714 39.16214526343166
55.022104314917556 54.45874801706219 39.16021608445728
55.026132226067 54.408457520699706 39.16213690136941
55.02211588022756 54.45876677821927 39.16021189929573
55.02213905806572 54.45880830270782 39.160203516722
55.022138185462 54.45880620402288 39.16020383165119
54.97897142059656 54.503389191403244 39.18137471915856
54.97890232888818 54.503458138092 39.18141589347633
54.93730695832875 54.53904340074074 39.202184979439096
54.91378967808225 54.56466005176581 39.21325720087924
54.91369217519042 54.56471146710079 39.21326070001077
54.913592291672046 54.564767486592956 39.213282869525955
54.91357350427137 54.56477672054386 39.2132798085546
52.76441881356592 54.755475223921145 39.297025851218656
54.91345636370682 54.56484042288596 39.21329473255332
54.913458848252105 54.564838804294254 39.21329293163908
52.71931502517053 54.75846256672995 39.294844593642495
52.7700930102892 54.75612904835646 39.29691196623811
54.913404654650975 54.56486774943929 39.21329691722392
54.91535964224189 54.661393894426865 39.21015115096622
52.7177035831838 54.7595399143888 39.29450184123327
52.78039762025894 54.765150945946374 39.29425192063131
52.78042828011462 54.76513086706256 39.294253889372406
52.780908681059444 54.76509018128382 39.29428057595889
54.874139403719326 54.76409549769919 39.20303798740966
52.718209530128924 54.76073941114147 39.294129261112374
52.81697673951965 54.787415412885444 39.29527717900389
52.81702612687653 54.78766218833477 39.29527088331956
54.87502706628143 54.85772813575167 39.19860409382589
54.89758135209273 54.86968614677326 39.197523249828144
52.729108755758155 54.790499609176806 39.29334508589952
52.81840314637728 54.79605699577955 39.29501831761727
52.83324134997868 54.834783801281425 39.29451363977541
54.90006806470685 54.871405549614614 39.19662903156388
54.899946727457035 54.87244534289554 39.19641954664668
52.789946469491774 54.83488492321446 39.29224418515135
52.84815157008924 54.87184582984723 39.29402258572094
52.8490820948512 54.87281438276038 39.294050827026766
52.848220710344094 54.87191440461579 39.29402487647758
52.84945697989117 54.87320552360787 39.29406215168857
54.923206366080706 54.91756255235981 39.17477615070259
54.92347753697889 54.91879027924081 39.17435303569573
52.84918851948007 54.8729320372574 39.29405366669945
52.849615747306444 54.87337772223454 39.294066576428115
52.85080451351513 54.87462036945999 39.29410235473048
52.851780558274854 54.87564357171997 39.29413156522382
54.924150657269365 54.920811163659025 39.173689841463144
54.91603032706108 54.93048158109923 39.18193251614944
52.80451469120793 54.98251789193487 39.245674250549214
52.86269902282559 54.91669748501773 39.28477073339963
52.862713600184236 54.916824520351135 39.28473615645187
52.86271725016785 54.916577580811214 39.284819949060946
52.86257404484344 54.91249806344254 39.28609874534988
52.862713265210814 54.91640168363992 39.28487622208804
54.91633949680997 54.93363504085944 39.181220712352506
54.91623548302354 54.93332605386779 39.18130978161068
52.80721659021944 54.98268480083371 39.246838392581836
52.82505880978384 54.966316044550595 39.26687503453509
52.89272538361493 54.96423159109255 39.28714114732374
52.930548088002496 55.00365771119949 39.2949821592391
54.93777881599699 54.98162361998738 39.160092414931924
54.93780331438511 54.98169680223447 39.16001541150672
52.800533054413776 54.98739253678482 39.2464502266531
52.844955752948806 55.007180468788526 39.26882375675372
52.925958477429894 55.001753815563134 39.29299577334074
52.966200101357 55.01466449674024 39.312315074517066
52.9663426189678 55.014487174325595 39.31241948831342
52.96622742691514 55.01464654408909 39.31234938348964
54.93830226495051 54.981831947063114 39.159778108980824
54.93822093654341 54.981865098722174 39.15976259959484
52.81656940647361 55.026748614680116 39.23277566908465
52.92907624496497 55.00312672170364 39.294357322873246
52.9661390181862 55.01474206188678 39.31227171596607
52.96615809572634 55.01474024978063 39.312305216742374
52.966178662357436 55.01471932356202 39.3123244371303
52.966189209418104 55.01470819339186 39.31233393875648
54.952281484562754 55.03783457112329 39.146650903464696
54.952511641670675 55.03735902271451 39.146627334741986
52.817069565089696 55.03051230013118 39.22981018882257
52.89701217918833 55.02704454375075 39.25361285314106
52.96616935432525 55.01470418191042 39.312293820861456
52.96618243375404 55.0146996452479 39.31231385517023
52.96626910551274 55.01460407890257 39.31238828236275
54.95068640554018 55.095449959690235 39.14068433123303
52.92685739397258 55.04067054648194 39.26409421943694
52.93100599977616 55.038045142817964 39.26927314519727
52.966229569302044 55.014635650255656 39.312343625779434
52.966280921715224 55.0145791127133 39.3123877989332
52.96627491148942 55.01459637941764 39.31239211250988
52.96633211706035 55.01451972572386 39.312429145534246
54.94600812960728 55.18298715378158 39.13465685034783
54.945917977825104 55.18275555358856 39.1346618827403
54.94602214590273 55.1830026074925 39.13465235827576
52.940394551842196 55.32037420971848 39.23346794099156
52.9654771751242 55.22094423145252 39.25710878922295
52.99475294446053 55.30660981067045 39.23825601946543
53.02627674865553 55.30464194570804 39.243293267196584
53.00415095244898 55.04493348088714 39.28324512864775
53.027703228923 55.30488945520209 39.24342321555264
54.95623993748646 55.20636834316751 39.12807742916703
54.95628030627891 55.20625474953279 39.1280333838156
52.94303983379954 55.31888301085573 39.23363799023409
52.993854249505645 55.30653142062026 39.23815918378881
53.02645108091664 55.304672440911716 39.24330916235206
53.02972796324699 55.30524111188363 39.24360768264936
53.0290193942498 55.3051179345742 39.24354312079704
53.030862081337716 55.30543871073388 39.24371104392763
54.94822293508659 55.23817455546127 39.130513259226674
52.942838236652534 55.31908721604011 39.233592768932915
52.99269261772908 55.30657110502746 39.23799592884606
53.027021563434076 55.3047743240583 39.24336129589385
53.03132948326326 55.30552216039442 39.243753756079144
53.03312730544093 55.305835670353005 39.243917621504224
53.03212341283579 55.305659266125666 39.243826044047466
53.033310435851476 55.30586852442587 39.2439343652933
54.94832808240482 55.238496921721676 39.13047565713307
54.948282644435 55.23836434490761 39.13048505403305
54.94831464941517 55.23847001806374 39.1304659200436
52.99185450485897 55.30788375020417 39.237843412276774
53.027984496473294 55.30494856322612 39.243449421988835
53.03275261401493 55.305777652450324 39.243883884410955
53.034400512060955 55.3060638151312 39.24403401660967
53.080681170985855 55.33878702317152 39.239081671171284
53.07933019145232 55.33724796786927 39.239441628009786
53.08348684758642 55.341976256056526 39.2383335335186
54.967079029600846 55.26735711096664 39.11571860606749
54.96716370765089 55.26745446484635 39.115616379429504
53.026010325238204 55.3125091899751 39.241153425143125
53.043538036969224 55.33680039013248 39.239448707733516
53.08007038951679 55.33809999266917 39.23924514426369
53.08447304017147 55.34310218657141 39.238070975921616
53.087747185492475 55.346822365155404 39.23719778921091
53.084589861981954 55.343230652420374 39.23803946275436
53.13626138881905 55.40306510788681 39.22898868808069
53.13563841323598 55.402358923711304 39.22910962761187
53.13681534735038 55.40369810067436 39.22890684765349
54.96749503325828 55.26790202725773 39.11517103111905
53.04057804183287 55.343779450685574 39.23778619147481
53.08545313547036 55.3442213428234 39.23781005729193
53.08968882843814 55.34903364290848 39.23668039908705
53.15358047552879 55.448978280293765 39.21642951056032
53.190897540392925 55.46387705034983 39.22212541691076
53.193150028681316 55.46638717121667 39.2221622307915
53.192527556067795 55.465687013846306 39.22215519259873
53.193969932553856 55.467295914515205 39.22217801746388
54.96784284605971 55.2683722528071 39.114703254977364
54.967537963451534 55.2679594567657 39.11511370915549
54.90164966709315 55.3932147320043 39.18502113345344
53.103643356206746 55.459177762818 39.22573807319523
53.10746901549531 55.455561545795646 39.22444382278066
53.15466681314426 55.45051396561616 39.2163666902995
53.19327723687814 55.46656121980736 39.22214870624764
53.21780130081501 55.510740385076986 39.22748082904763
53.21809630918677 55.51136400131998 39.227605817850325
53.21793868553655 55.51096729032303 39.227519662934725
53.25791226156584 55.51688676611491 39.22295358376866
54.922193094490105 55.582480197873465 39.18369000766267
53.189362780630425 55.47987617868067 39.227014694885874
53.21772914761374 55.511429706262874 39.22770705036244
53.218192515699165 55.51208919439044 39.22780575197504
53.218449959553006 55.51250430697416 39.22787544678888
53.266158661986296 55.54076164082343 39.22858988483647
53.25892861482684 55.51748267891105 39.22297020354905
53.31584435736356 55.55429903648073 39.22172102945762
53.3153629509727 55.55403650917387 39.22173121479722
53.37887867573336 55.50907325956952 39.218743253128295
54.939869780403754 55.6021358866912 39.18858184976898
54.93923740652319 55.6014548037857 39.18875087245982
54.93996636712362 55.60224114224624 39.188554991334584
53.21829293522082 55.51434480416877 39.228471582956686
53.21870107331995 55.51455649926159 39.22844590564531
53.26227570531445 55.54015088369706 39.22901773604161
53.31488178998349 55.55369792037342 39.221794789221754
53.37749437993062 55.59142702882475 39.22720032743874
53.380450088420204 55.59349512551269 39.227828068011746
53.38004116286665 55.59320797644198 39.227743738865406
53.381768181152204 55.594412086765274 39.228121034117706
54.95757144117694 55.61934520663981 39.17518510343652
53.230150384377296 55.55466412427502 39.225566996930965
53.264189262248166 55.54151944600349 39.22915387222111
53.31347036916971 55.566931283758166 39.226202091200015
53.378409772035184 55.59208170469121 39.22735990659132
53.38238551119626 55.59484923893833 39.228239347945745
53.38552405264978 55.59701658692303 39.22897636430469
53.38395926350093 55.59593267908919 39.2286170855843
53.38674111274736 55.59785411216754 39.22926935295357
54.98430889118593 55.63748259099107 39.14902590619713
54.98417584107287 55.637312959285374 39.148957102692826
54.98428169395993 55.63746495590897 39.14903335491762
53.37654960015837 55.590799091628476 39.22691830791192
53.38074357680959 55.593730465381924 39.227816733603944
53.38573245241772 55.59717458065774 39.22899071023464
53.38917401618391 55.599533931574626 39.22984126516574
53.422903573143884 55.63265915013281 39.21871078026186
53.387882864977875 55.59864041660444 39.22954273196984
53.423672921242655 55.633789811489734 39.217755329200386
54.98452328202447 55.637814052004416 39.149210155551735
53.38400309851909 55.5960059160289 39.228521829149216
53.38948601984863 55.599764192409246 39.229878165280745
53.423582510808 55.63266730333859 39.21977407778428
53.42489611618648 55.634335785393496 39.21864751546959
53.49137032193207 55.67442320484197 39.21292226244024
53.4898908877255 55.6735601202702 39.21331626344944
53.54657131575383 55.69635383180045 39.21863556673199
53.54574331649019 55.695869007797256 39.218819262008914
53.54842425014937 55.69744073332198 39.21823415677675
54.984714614670914 55.6380913259773 39.14935118444029
53.42327226284792 55.63287205544598 39.218886574447694
53.42550145821438 55.63481906993658 39.218678543470375
53.48664555676299 55.672003743823055 39.21367438083364
53.49467081784368 55.676465566865126 39.21186766133193
53.55184631703982 55.69944455044509 39.217475310972134
53.558203448453895 55.70318025450257 39.21613159685047
53.556437453198136 55.702143554482944 39.2165102070474
53.559715110145014 55.70407048285615 39.21582162378946
54.98471956392419 55.63809857573872 39.14935493024231
55.03142511797271 55.67719030771844 39.112649716816904
53.426699213041516 55.636840506510616 39.21668792298117
53.49099711666434 55.675031942878974 39.21177998051103
53.54860834124102 55.69754308230358 39.2181661837565
53.55749285069719 55.702757685899634 39.21625690870947
53.56302045590659 55.70601209584973 39.215119280236074
53.61548788884201 55.72138214804012 39.18298405271922
53.56393371570648 55.70655537849396 39.21495921513884
53.61579226555605 55.72115740375718 39.182388884068395
55.075890856505914 55.75456679565945 39.09461657281903
53.49542147326836 55.67792351689717 39.21013526302834
53.554392583617386 55.70093722582965 39.21691909720358
53.561792531122464 55.705286551852026 39.21535905729253
53.5710993385063 55.719130058716914 39.200581850981166
53.59430194082741 55.76521577902904 39.194138739909086
53.66041595019027 55.71953817349381 39.193111021261885
53.66088678116965 55.719410452872054 39.192983592894706
53.66339009221971 55.71892269003534 39.19241734325972
55.086245275924725 55.79575988266885 39.09746217718188
53.59128260833715 55.77317115635547 39.19122076851949
53.592255162346184 55.770760934682045 39.192129535403964
53.59294522252383 55.76926280035901 39.19273098626637
53.593186153557504 55.76892092355557 39.192903929869864
53.59305130462111 55.76943619116776 39.192740897775174
53.668268019587195 55.717941057479635 39.19129581895906
53.66840455530947 55.717907107479576 39.191260661874495
53.66998607237598 55.717579174826795 39.190891419027075
55.086333847083466 55.795895209122506 39.09738080879713
55.088171261512 55.79870223379777 39.09569174246529
53.590246890759225 55.777233760509176 39.18994710683424
53.59106247780101 55.77518601244381 39.19071462630175
53.5915632341506 55.77394741041597 39.191182050289115
53.619951811352166 55.79440227411584 39.18984660489764
53.62052969109083 55.797004217995436 39.18917895550885
53.68249749637258 55.78450515996551 39.18097010273658
53.68143198138048 55.783763836043754 39.18131495591051
53.756250494532125 55.77327394005506 39.165610049113916
54.841252623825014 55.84145720260946 39.14005784295135
54.841212755369455 55.8412908702815 39.14006455062204
54.840350757788556 55.84098435908016 39.14000082831896
54.91003197758144 55.782881184524435 39.14272156836588
55.139935218607064 55.88480467298196 39.056847314612604
53.60796936342016 55.850823727165036 39.17267084366077
53.64147644563308 55.90138675855937 39.19312248108838
53.6418254657507 55.903749768532236 39.193030219371146
53.64209242175877 55.90555065298066 39.192953830951296
53.71647222099993 55.95567509670911 39.16689349749849
53.91448556376601 55.926996588960264 39.17579490259056
53.91434648877864 55.926931103430476 39.17571031124076
53.915040689959554 55.9272407294461 39.176127269906104
54.71992289625615 55.99496956028319 39.16744019705321
54.71994096326766 55.99488826874297 39.167411975774485
54.71990748465778 55.995027714206344 39.16746301303969
54.788377069740285 55.911540877114284 39.11602781179209
54.771907765874055 55.85226139868854 39.10950036613648
54.844950923439754 55.9373518863157 39.13041929346424
54.793528930138955 55.784406427716284 39.12637580930078
54.90983363325346 55.97048353434889 39.128306718762666
54.96715572319501 55.95775757275977 39.13122524454925
54.966725090804445 55.782474172897324 39.149548214716596
54.96838889570601 55.95727094195634 39.131201087418766
54.991108115900104 55.86070679088595 39.14700015966794
54.96932070521545 55.95691462852935 39.13116646402513
55.14017494233875 55.885304776053374 39.05679184072963
53.63509402866224 56.00265593475621 39.18833476746654
53.6358360428894 56.002231650007275 39.18834278774044
53.63619402547333 56.00188857258507 39.18824083356669
53.713602043998094 55.95816709387752 39.168543622129135
53.9152690604621 55.927364689191606 39.17627120729108
53.9181097334102 55.928615036628564 39.177972304661374
53.91775342378496 55.92844874820274 39.177756036929736
53.9192947300708 55.92913324775409 39.17868088925353
54.71841397844895 56.00120147716433 39.16973454199578
54.71858009975676 56.00049268535146 39.169479399584965
54.7183548596774 56.00140470432819 39.169819833201856
54.71886523581003 55.99964423009294 39.16908283439007
54.71928391359425 55.99819314952798 39.16847747457583
54.84685048055053 55.93853668349899 39.13043006045191
54.909830580315834 55.97047920386769 39.12831193691333
54.91101268733141 55.970406813162334 39.128499371557915
54.96781103743327 55.95748686729043 39.13122980134064
54.969293966735805 55.956919710004016 39.131174846264756
54.96959865969397 55.956807947057634 39.13115670324448
54.970561505757416 55.95644858533522 39.13110825575736
54.97060360867275 55.956432387351384 39.13110683256218
54.97080005679188 55.95636207969727 39.13109262011379
55.140458326622905 55.88589512756133 39.056724230405635
55.12702407548879 55.946816921673246 39.0764920027198
53.635962460510896 56.00447920854394 39.19011818000616
53.6363510033451 56.003673314416226 39.189675995032765
53.69912011930295 56.004533822730124 39.17458033749547
53.853723494917915 55.972039763147976 39.20475518634074
53.905766595744126 55.97028936832939 39.182958065482545
53.97299146084255 55.943808408809325 39.19575274166237
53.973147632667114 55.94380000132675 39.1957385347535
53.973588743560185 55.943795586655824 39.195688227289025
54.68243670658663 56.06094586480776 39.180762686981524
54.6823885798637 56.06092800661865 39.18068687648007
54.68220181041186 56.06096827602059 39.180699988809856
54.717002571648905 56.007132703357065 39.171892085403016
54.71750727476961 56.005539472411854 39.17117987359712
54.752374210869746 56.03220044434171 39.16784854451274
54.838700025391404 55.9945935700469 39.14502535153188
54.9097894348439 55.970495492011096 39.12828803340951
54.9111141441772 55.97041457332621 39.12849782053291
54.9671289422988 55.957762249949525 39.13123423248257
54.968756907698236 55.9571380545986 39.13117615516651
54.987437566921045 55.96420119782506 39.12684973366131
55.019290216345766 55.97864164958703 39.1284411148559
55.018909720036035 55.97820074115451 39.12852891328107
55.02007670547238 55.979131980156374 39.12828722152581
55.12670103542753 55.94857168460075 39.07691318483886
55.12658770053378 55.94874323550616 39.077005760320695
53.636496783455485 56.00586521038447 39.1914174970054
53.70022005502261 56.00637115588867 39.175414684623924
53.7961090765049 56.004696290005214 39.18671244816785
53.90278935416142 55.972003762037154 39.1819702314315
53.9729645108814 55.943824435434095 39.19574751825073
53.97383930966269 55.94380766375029 39.1956519711437
53.97384617894151 55.9437939055767 39.195658396044706
53.975206511714816 55.94379197885508 39.195497099659654
53.97519333069547 55.943788159279634 39.19550068362129
54.00317763174848 55.9637141904941 39.21209050964217
54.68131128139797 56.06115860780231 39.18075781039583
54.68131592123494 56.06111661103631 39.18064250338979
54.64018972558593 56.068436499271 39.176383792401936
54.68268458549844 56.06106388291227 39.181226182350805
54.683965338145946 56.060912126746594 39.18148513081323
54.68489341800144 56.06073435375232 39.181482603751355
54.7496071961736 56.03383161945081 39.1691905902199
54.75439487654839 56.031009222108906 39.166857050537544
54.90970661171774 55.970534516282655 39.128232044064845
54.911106465525684 55.97045202896311 39.128449917472295
54.96645674274486 55.958057621336295 39.1312041429168
54.96812632990841 55.95741332225033 39.13115053580359
54.98716630497438 55.96477246590512 39.12664908538655
55.02056473630605 55.98020714757507 39.12814121649461
55.03823778569118 55.993986218686786 39.11703117211602
55.02180888767146 55.980622930785245 39.12792135141247
55.038559342929574 55.99429900119527 39.117013472766615
55.09619863607517 55.97413471845178 39.09741963182517
55.095765198808 55.97423929218262 39.09768984007844
53.753133082279476 56.02744184074413 39.16221314901421
53.89907307601235 55.974142096962936 39.18073611698103
53.94606465287057 55.976988515139155 39.180704392280504
53.94623351874475 55.97615214150808 39.1811441118342
54.00251021050529 55.96348806386 39.21191151545395
54.010219726385735 55.96648399887338 39.21398603524647
54.008519904062 55.96580252521632 39.213528260322704
54.060325159110185 55.968635464320855 39.20977544987715
54.05995908849253 55.96835807763439 39.209541581715285
54.062933918823376 55.97061199167101 39.211441842912635
54.62131665371825 56.05803604382362 39.17079191531526
54.62130478519735 56.05801565671786 39.17078224895025
54.62100736408824 56.05798153309914 39.17063712950085
54.63923118815222 56.068493602861885 39.1759473420406
54.63917094358693 56.06848352318926 39.17589047674583
54.681260361431356 56.06129131493316 39.18110279281777
54.68284131535387 56.06120519628678 39.18170629322244
54.6842685394428 56.06103575541157 39.1819939322843
54.68526151898065 56.06081960505165 39.181918458891445
54.74678867679508 56.035493197576216 39.17057602611288
54.75194702692464 56.03245221985374 39.16803194899633
54.9095961209065 55.97059117239307 39.128151550316964
54.93332291245284 55.978322871573155 39.12446171504361
54.933355619650214 55.97824785233334 39.12452892393946
54.95486892002493 55.980308468044 39.123716593725646
55.01948106455589 55.9807243983113 39.12827510158266
55.03816676336846 55.99500272013631 39.11678507241832
55.03900230771761 55.995562356190476 39.116797372260635
55.039513635444706 55.99593011544805 39.11679907766633
55.03909330509623 55.99511591683934 39.116915562628094
55.03974573203998 55.996110732910836 39.11679669944208
55.096113106853984 55.9750809440086 39.09761551762265
55.09520955793192 55.9754225729954 39.098197840133196
55.12628162818714 55.95133794481376 39.07752066359943
53.872203266152034 56.04309220115796 39.138782556467625
53.94550724401529 55.9801233919693 39.17904579939504
53.945652005236845 55.97939563420229 39.179428715446086
54.004706409266504 55.964364515875474 39.21250289573667
54.011791847180945 55.96711787759622 39.21440948413283
54.060835131647146 55.9690217547074 39.21010111199875
54.063324669143654 55.97090797377862 39.21169137051739
54.063097220779156 55.97073571197821 39.21154614946667
54.06472381332776 55.971967891499325 39.21258495251073
54.06477887319438 55.97200964674604 39.21262016289753
54.09573105121313 55.9751948897505 39.19903810323201
54.095641998913194 55.97530791526143 39.19927720240064
54.134721299564454 55.97480209719966 39.18205087098006
54.13467145873906 55.97486610030337 39.18217845764065
54.13604089839299 55.97335426514674 39.17927136902191
54.13604615777417 55.973355994125896 39.179278483099196
54.26085648947675 56.07407219880888 39.18194881108114
54.258072876731376 55.98242088971486 39.17251750422407
54.27149575437869 56.07569040414294 39.17828318276392
54.3099998971083 55.981294367255536 39.175969422372994
54.43183193749387 55.978195442052595 39.141682053567585
54.431812816800374 55.97813430094555 39.14168118513473
54.45693078723355 55.99846794400169 39.139211396598185
54.4324083047881 55.9782709462375 39.14162020325757
54.45822578394767 55.99849185166131 39.139046858002146
54.45821033993532 55.99849119962089 39.13904895375504
54.52353944974655 56.02458724025658 39.1435907190933
54.523147775123064 56.024300503931535 39.1434991139516
54.599680917827214 56.05648824003024 39.155085627218696
54.599624522098836 56.05631908397517 39.155031692174575
54.63705347892819 56.068602279703526 39.17491042194421
54.63918499128572 56.06851478468972 39.17596599387908
54.681134730638284 56.06139406876038 39.18132383248803
54.682803523837556 56.0613198223438 39.182007581490836
54.68428665846488 56.06114602605717 39.18231288977216
54.68530340397853 56.06090784743195 39.18218833751621
54.72098896738334 56.05354004413803 39.166624951104446
54.74970785275163 56.03377222479941 39.16911600383588
55.00835287517446 56.00495773053209 39.12049820709704
55.038917792068055 55.99667710146019 39.116526367151614
55.03971634579673 55.997083642389214 39.1165676742337
55.04016455152879 55.9972651684521 39.11660160307197
55.04036238398487 55.99729486342699 39.11662819242997
55.09278415828736 55.9765532764509 39.099793881197286
55.094077373424874 55.977092050176935 39.09911872434991
55.094017428013125 55.97637926640681 39.099044078949056
55.09509080565583 55.97649909575384 39.098433272157706
55.0950649750464 55.97562467134515 39.098313730000115
55.12054714135747 56.05022012435661 39.07131986963514
55.12104249732786 56.04978361261063 39.07083146062463
53.90236531426622 56.049666229550056 39.129998943068834
53.925400936786886 56.01531445478177 39.15525263209087
53.9967721342228 56.002668883864786 39.19260449506844
54.00916880658942 56.03234366525628 39.17455712870239
54.060491568251116 55.96876117880963 39.20988137421675
54.06245059412333 55.970245476267806 39.211132779754536
54.08263279083889 56.00291853209555 39.18120811721652
54.08254304454736 56.00291180685587 39.180997635166925
54.17439163020798 56.06007881480701 39.184246699635764
54.22676580668769 56.14711869769202 39.17490868307144
54.263660817007136 56.08237787678199 39.17998593162736
54.33457933224469 56.15616052092797 39.137971777828156
54.389069389834276 56.07885469887762 39.14446912525504
54.39216588526932 56.07430568307727 39.14428506448502
54.48743964855677 56.022604430969594 39.147866526075994
54.54962318010007 56.035024140575146 39.14819595802187
54.59979977681551 56.05675903005209 39.1551738955827
54.636826259556464 56.06862477170087 39.17482624752647
54.63893118593583 56.068537584082854 39.17586696541389
54.641559008950075 56.06844070666095 39.17719198793058
54.6825372398272 56.06135552417473 39.18196538201527
54.683973378773985 56.06119217014773 39.182274857749135
54.68499376218941 56.06096248697083 39.18217607690935
54.720911039889636 56.05358538169642 39.16671392748521
55.03955106842245 55.99808315457781 39.116309560711144
55.04026493385315 55.998333027601426 39.116372638285526
55.07729194261398 56.05078784290476 39.09696619536823
55.07754032392042 56.05178782544347 39.0965041167056
55.077743615711796 56.05266127160851 39.09608384627962
55.119441982600776 56.053476503801505 39.0716582214782
55.11998711143117 56.05287235881018 39.071161478684104
55.12047943336273 56.05235114700632 39.070704821036266
54.000432356764954 56.03475611108669 39.16892240983188
54.00599835919958 56.033221643545744 39.17245840170209
54.01168903772102 56.03165087681492 39.17611508133717
54.08106950258079 56.00279661936494 39.1775939508137
54.08142687443257 56.00282473345625 39.17841747998747
54.191759662619944 56.17078461755081 39.18634377059279
54.22835440151492 56.14903970248619 39.17407829907624
54.23528534959047 56.15736860193647 39.17029966319472
54.24120175998937 56.16447212704999 39.16705566610096
54.33107447681503 56.164585477774686 39.13764524621537
54.33249950015312 56.161164168954926 39.13776205693346
54.33398260301448 56.157607450015625 39.137868154164266
54.43110842413823 56.102883595877636 39.151645527362334
54.56668593393836 56.11796709979106 39.143462475920174
54.63535341218552 56.06869293805768 39.174113460411206
54.63665053004105 56.06863647755375 39.17474889646017
54.63853564162636 56.06855661227171 39.17567709493136
54.64083124285807 56.068467487358554 39.176824921881135
54.682124756247354 56.061313914154965 39.181628203317224
54.68342861847714 56.0611698251407 39.18192100789322
54.684403318788405 56.06097234429501 39.18188812589628
55.06823403174622 56.17088708735281 39.104154981001614
55.06892073105263 56.17008780245025 39.10342715289498
55.069444106044344 56.16963042193762 39.10282614318122
55.07994880535139 56.15087432404168 39.08076819265202
55.130679102230076 56.12318933669867 39.047556672489854
55.15392016107316 56.15241314051872 39.04422581428385
53.9812205499685 56.205750252526656 39.18408249210156
54.05227004343756 56.201410500516076 39.17489362752749
54.05596183375259 56.19629919832108 39.17607732464744
54.13196036301986 56.20633754816161 39.17385851951444
54.198911588095584 56.18770896700428 39.181125198843304
54.203747871956466 56.193348226417406 39.17886419917858
54.26932741994388 56.26792714384925 39.13850464073436
54.30654436513751 56.267090083612494 39.136495913216244
54.30659518807492 56.26735508837032 39.136490488220176
54.30669167808574 56.26782964632193 39.13645040686385
54.371892985655975 56.24064835767562 39.130552632877254
54.46283558124223 56.24398061941952 39.130470598061315
54.56152735955068 56.19034988565336 39.133675403688315
54.562004094308094 56.18913139165069 39.133920882680655
54.56255811496032 56.18772103018902 39.13420466443651
54.63812264289071 56.068568644865934 39.17546197342178
54.63998894159239 56.06849188493837 39.17638587948434
54.68169562705593 56.061236721478394 39.181182329796265
54.682825470422216 56.061114424671864 39.18144323959106
55.067392147724185 56.17543326735514 39.10395985539676
55.06820959281619 56.17407747113929 39.103216739599745
55.119915470576416 56.19285670396156 39.0730953332667
55.12032665354589 56.19460089888545 39.072840996860364
54.07412588301471 56.32624039577873 39.14562930762651
54.156047785744605 56.33907719473884 39.14322974280219
54.22278973010533 56.31603403788601 39.152410423301994
54.22524649936241 56.313502716956975 39.15226222860949
54.26779710160852 56.26943049251527 39.13878711768197
54.306760026415944 56.26841459699657 39.13668138982794
54.30682504331868 56.268757692940525 39.13667870309199
54.30692547513661 56.269242026567895 39.13662696487335
54.30703362088293 56.26974185360821 39.13654862301995
54.423869165555104 56.28206411820688 39.13536335054983
54.51412185101009 56.28285524066216 39.12520728132839
54.560635428222355 56.19442378111692 39.1327435666472
54.56113093965391 56.19340095308198 39.1329345380028
54.59457059014353 56.189157916416065 39.148161939412724
54.59850008420412 56.18447565670593 39.15033993971582
54.15857921874745 56.34027854359534 39.14415528505046
54.22239762192663 56.316434053806105 39.15242778359919
54.225444931688045 56.3132972282191 39.15224862737279
54.27374641864533 56.30276647828259 39.146520749100624
54.32197419262607 56.30790472604585 39.14223268018113
54.3225033876074 56.30905721946962 39.142091927589654
54.323021230662704 56.310164237013495 39.14195466130382
54.448794994745505 56.333181784071826 39.1349375489077
54.512073005655594 56.285012558181236 39.125465190037396
54.51442770715346 56.282659055536854 39.125169753526805
53.780676126555605 52.43562230750527 39.195283046469946
53.78094185255921 52.43576285716013 39.19533277562788
53.781119989439446 52.435137355103635 39.1948483316385
53.78120103875975 52.43394074038982 39.19397179373649
53.72651422140778 52.49457202646863 39.21583289741848
53.73352208788158 52.49279855752437 39.217080868344105
53.73839576259985 52.49161856690307 39.21789404613187
53.78131509593709 52.440259775364076 39.19849575944784
53.7948338006749 52.461521151373034 39.19148731649099
53.795578494720274 52.46052264770748 39.18953516049735
53.32204032412305 52.512102075744366 39.10693527674126
53.32258513392489 52.51282621787649 39.107206216014255
53.32311664647993 52.513527168002504 39.10746741553005
53.47083196682308 52.527950189254234 39.13828778047858
53.47567042645912 52.5272420884983 39.139765411632666
53.50478219629202 52.50515830439073 39.127508328029656
53.601300886228884 52.49910844090203 39.17128828762976
53.70070817028024 52.501290977412935 39.21104429654103
53.70779784326857 52.49943233208279 39.21237294137677
53.71653756263832 52.49715045688711 39.21400122740158
53.725422673373174 52.494850950297845 39.215635757339115
53.73289743343829 52.49295640261998 39.216969870086224
53.73794895448667 52.4917339948456 39.217812063325994
53.74062195777991 52.491141631133154 39.21820185844312
53.79449144394231 52.4621449995827 39.19267500464653
53.795220558165475 52.461142954343885 39.19072066622287
53.79593848775615 52.46014002099398 39.18876767437469
53.29159152303819 52.54171601825671 39.11354558196775
53.29318424513029 52.54186121013637 39.113823444727686
53.29490715159886 52.54209628523215 39.114141427069946
53.323375810850706 52.51409079237696 39.10772049344758
53.40821028009735 52.53392127183869 39.14015855741485
53.470210865875174 52.52900638085349 39.138899111733416
53.47536656201758 52.528256041328405 39.14047710013786
53.48078194383013 52.52763221369018 39.14227091211623
53.60161896364207 52.49976564411325 39.17195743850519
53.69880454917869 52.501791260631336 39.210686290719664
53.70587051351524 52.49994195753412 39.21200728656032
53.714608821375464 52.49766445472382 39.21363120441356
53.72351861054281 52.4953619705155 39.21526677870033
53.730980557958596 52.49347197018318 39.21659727185399
53.73598299276951 52.492256589263974 39.21743625562677
53.73968248022496 52.49138592581906 39.21802784663832
53.73699549957407 52.49202261207826 39.217593744747674
53.79446618710401 52.46218352071281 39.19274941292824
53.795186803490324 52.461183501385875 39.19080085350341
53.79579471997305 52.460250453536446 39.18899955849638
53.792366487520724 52.544227870488484 39.2160869153452
53.11115608294082 52.527716699660104 39.11489026368688
53.160444983963856 52.53542505249105 39.12463469417837
53.29177232960346 52.54249766697487 39.113747859323595
53.29342676249577 52.542691597789215 39.11404610805586
53.29522120042144 52.542951972763994 39.11438075986322
53.296972994462095 52.543255655590386 39.114718502952734
53.40896854424281 52.534660371645984 39.14045851984893
53.46276059125566 52.539052196806075 39.13762093070954
53.46811933640015 52.53828874098031 39.139387042414725
53.48017748626364 52.52849115026027 39.14272566312927
53.57204369065554 52.52957905328444 39.184067237152476
53.69792270894879 52.502032697505555 39.210510517818754
53.704591529933744 52.500292143725694 39.211752336188766
53.71281599127696 52.49815554799714 39.21327360359774
53.72116228827436 52.49600533809622 39.21479891327286
53.72827603118334 52.49420394143905 39.21606690126514
53.72766179184919 52.49436062840926 39.21595624273539
53.735324736333986 52.49243158481928 39.217310407751036
53.79312910651562 52.551137495691464 39.215003552162145
53.026313415540756 52.56643045819607 39.135045560958616
53.14936901208946 52.5369000580599 39.12684022660225
53.159130135997714 52.53588739684084 39.12487178850032
53.29201228580191 52.54319504347723 39.11394044869365
53.29367291965882 52.54342857508634 39.11424848936264
53.29547338994158 52.54370265644742 39.114587129212374
53.2972189288379 52.54399069228249 39.11492041691028
53.40963127156411 52.535257430380796 39.14071513551327
53.46211710199752 52.53945501496413 39.13778429749139
53.467254294688814 52.53869533410383 39.13944385816996
53.47263228039281 52.53795981543681 39.14125332981971
53.56989525824232 52.53004302711962 39.183525606966555
53.69817848791407 52.50198303576689 39.21054061810001
53.70425214081653 52.500403612561726 39.21166566960456
53.71153577402563 52.49851851649403 39.21300564779064
53.71967281297988 52.4964154720926 39.21449963015534
53.71414201931243 52.49784752209546 39.213481497467484
53.793849897129064 52.557639816540814 39.213983618657835
53.7935006092721 52.55461761901056 39.21445964238559
53.79387249526272 52.55814009404985 39.213909684937136
52.92020597480517 52.56659496713896 39.142360801155654
53.0897303645948 52.62665701581713 39.132867671057845
53.09638279666653 52.62800678631649 39.13136929258923
53.141328155013355 52.62610142392063 39.13250614259796
53.27271875470603 52.63351794438611 39.121844853868936
53.27473405328731 52.632338835935485 39.12208362018648
53.2956305205056 52.5442840063786 39.114741064331255
53.297283803098296 52.54453963164235 39.11505290187894
53.451659874313805 52.62815724844508 39.151588234179926
53.4557756013753 52.626426151763816 39.152717214333634
53.479295132504014 52.62624260065249 39.157707340986
53.48389592904687 52.62515642755751 39.158926391468185
53.593828060490935 52.69419065304813 39.18656693876879
53.651452107694176 52.60445843575579 39.208313137226284
53.70447811572804 52.50036008044478 39.21169191093831
53.65160674795165 52.604407778669376 39.20834555902839
53.71135697926225 52.49857121069365 39.21296617235804
53.794663179086555 52.56534556476628 39.21278056965038
53.794612098875135 52.56521294759085 39.21280639611575
52.98835080059466 52.63616395956385 39.13765375524612
53.06644469435382 52.719262942636846 39.1476364321213
53.069716266019554 52.72446374195731 39.14722119355306
53.23546216302537 52.71269375252001 39.12727237280563
53.23551761696432 52.71312021586016 39.12735574505389
53.250809062341276 52.79765922992953 39.14271614142523
53.29647585081372 52.73105330230085 39.14464886735967
53.29765920778039 52.72844108232702 39.14445101234543
53.35588528598893 52.72297250774294 39.14085672936849
53.45447249115993 52.63212416897519 39.15208534173275
53.47888546996862 52.63164721697994 39.157247676418706
53.47687571207018 52.63278799779059 39.156671084267764
53.56780379207558 52.704188783016605 39.18420151508238
53.594280067308304 52.69768366421685 39.18660821994821
53.651463036415336 52.604687270032606 39.208326482858354
53.8169160428958 52.6550526992403 39.18124838054535
53.81684119308163 52.65397144248473 39.181456749219166
52.90128595603619 52.753515904514146 39.207225348307276
53.06831038178624 52.72222916662372 39.14740332946748
53.07157300997493 52.7274182256797 39.147015311284285
53.158921740335856 52.79833787735393 39.134412595316036
53.206326476178766 52.80465563257946 39.14397365898779
53.25082952965981 52.79770506882979 39.14274421382618
53.25100699901361 52.79790425201124 39.14286010837045
53.25116989316079 52.7980839226082 39.14296445628683
53.295582367891754 52.733301571057005 39.14484491089535
53.26270702674458 52.80383957592895 39.14289482484596
53.3556244825366 52.72549171058806 39.14101660945076
53.45430201082863 52.63296085251341 39.151997814938994
53.857338110362114 52.79786183023511 39.17885775384073
53.85860798971139 52.80003998613437 39.17945275335041
52.861639153307536 52.84998163511674 39.220980293722334
52.900126413413645 52.864762858736 39.21246689052327
53.0301240752043 52.87019293256342 39.17516417543294
53.08096089163726 52.84035472456591 39.15548933627851
53.16524606693534 52.81028412972765 39.14163158093446
53.219760714758436 52.821054489704025 39.15346627508228
53.22169261127114 52.820661061806575 39.15337171075982
53.2512278942792 52.79817459137195 39.14301877855701
53.26268599034311 52.803873963031975 39.1429343265532
53.25124457659598 52.798192864069044 39.143029382891385
53.85951004589916 52.80177175487486 39.180140240218414
53.86079022317445 52.80394427172883 39.180706620153565
52.861981644712046 52.85106489680774 39.22205459144553
52.94010344758388 52.88722273247858 39.21034246378771
52.94185733912512 52.88723748211892 39.209118755792815
53.03299277416096 52.8695638883635 39.174822285446744
53.165209728138024 52.81067504429943 39.14189046891954
53.21922319373938 52.821197095141315 39.1535075200628
53.22130166223599 52.820774993476576 39.1534063108653
53.250755918508084 52.81199424947135 39.14616187502218
53.22156320995781 52.820722644259845 39.15339392051958
53.86348716486765 52.808738596013406 39.18221196795884
52.906731351391045 52.8743684696721 39.21968612059192
52.9398043865842 52.887354592003845 39.210718999244676
52.941907803628524 52.887355220183636 39.2092301091837
53.03200155229912 52.86997755804332 39.17504819487256
53.12489739661583 52.84792043778676 39.16550364873675
53.21872951885041 52.821332665277765 39.15354747226751
53.22122702815051 52.82079655960351 39.153412833285024
53.219833723538656 52.82110743607465 39.15349326058119
53.900549438246486 52.84952144159176 39.174343221301356
52.86162675793262 52.88156605427325 39.23283609004729
52.93588207672856 52.88753265911478 39.21371930800224
52.939557461488505 52.88750192156063 39.211077938296995
52.94195221304954 52.887484346604026 39.209359978649815
53.03080500371203 52.870458251564045 39.17531065292737
53.03476360540586 52.86931550607001 39.174688055547094
53.21835547916411 52.821440998733294 39.153580273729375
53.218585634666724 52.821393919820196 39.153568914089426
53.90288510288714 52.85357823779651 39.17542717821208
52.89488734755582 52.9014911631344 39.23149600815353
52.89998323841092 52.90160477864367 39.228856215586454
52.939460988698585 52.88763424306429 39.211311574582815
52.941962638232745 52.88760092612894 39.20949824115827
53.02958171724481 52.87093291931656 39.17556977071054
53.03349848836584 52.86977218325724 39.17493724630937
53.218280001311165 52.82146421256076 39.15358750252026
53.132190033512174 52.85217016395541 39.16775739808707
53.904954921604045 52.857128614194394 39.17633464785931
52.86082454917647 52.88540602495689 39.23453187750256
52.89482573629253 52.90186573615313 39.23090613593814
52.899728582687764 52.90185047455529 39.228572379758745
52.93953349851009 52.887721312378844 39.21136899986294
52.94192340240429 52.88768066674733 39.20962565062685
53.02852004231933 52.87132125609294 39.17578168778864
53.03222205692295 52.870203893969396 39.175172717034194
53.03356911328971 52.869789450657294 39.174946810956925
53.943227627032606 52.8913850192677 39.15015107245533
52.89083353483147 52.90260920019069 39.231597342970794
52.89526652519218 52.90231350302896 39.22995347729215
52.899590977083584 52.90216828466937 39.22811295380975
52.939723983898645 52.8877529131401 39.21127357459227
52.941819310480845 52.8877130455349 39.20973982190605
52.94309806269692 52.88766017815157 39.20876813978208
53.03109134778635 52.87055728371029 39.17536536537786
53.03127913265311 52.870499143938225 39.1753336729399
53.94324412202193 52.89134783812655 39.15006462120367
53.94328791225605 52.89124343050723 39.14984636482119
52.817875713062435 52.92537095359167 39.24154696076094
52.89593157583101 52.90267458024483 39.22903629378118
52.899521250059436 52.90246387640097 39.22765761575632
52.90254178938287 52.90233956055995 39.226409896760835
52.94168660006487 52.88770648612637 39.20982561478766
52.94280877129273 52.88765899014066 39.20897153654346
53.03096578808979 52.87059405441424 39.1753854011983
53.04775399956391 52.98408218966004 39.18841162083341
53.92974591859688 53.001421869697836 39.183857529064746
52.810035913058364 52.92969347604006 39.24046317713164
52.81395903640431 52.92754179391223 39.24097761623202
52.89661266493275 52.902910535126956 39.22831833657884
52.89949865684987 52.9026912753552 39.22729238520179
52.960699298505105 53.00432443814073 39.22280916863972
53.013728241827764 53.11483027357937 39.202314352107386
53.013566570857236 53.11335790981323 39.20221732517595
53.01388367111548 53.11608108295212 39.20236905676713
53.91474649793073 53.12797029574406 39.20683839665297
53.914545001631254 53.130794058559516 39.20667288411712
52.80743300904463 52.931092481880754 39.2401920857525
52.866567457381485 53.020926215495855 39.233149262043554
52.91320323118759 53.014042882215016 39.23450736836895
52.978570486568415 53.117828212918894 39.22454205746923
52.98133897003218 53.12381271213684 39.22357388338381
53.01527124583941 53.128066480923074 39.20304923169842
53.01527099759163 53.12806184082339 39.20304852547141
53.98252334803905 53.16774443749456 39.21521705108919
52.87192398390784 53.161957234672585 39.219755492160495
52.976704675509325 53.23694381137078 39.20903466459443
52.98016189066119 53.235858496144346 39.20897783925304
52.98344845242017 53.23482317429664 39.208914407886255
52.98604694102529 53.23399947699451 39.208850768750416
53.01530852920133 53.128388117703665 39.20306741295351
52.986486798821346 53.23385919998468 39.20883777175929
53.985386955633444 53.175102058804384 39.215145613961624
53.989922574179644 53.18554276362092 39.21505822354714
52.75456653617799 53.1805584181952 39.2278087768747
52.97142628524261 53.238611143668976 39.20914850467758
52.97490154278606 53.23752479850279 39.20910356662688
52.97894435813764 53.23625802654705 39.20904337164768
52.98275630839764 53.23505906054785 39.20897469572778
52.985978457221606 53.23402685466908 39.20886735068517
52.98459998336602 53.23447596112406 39.20893303629114
54.07116940206956 53.298065335141544 39.17646165029378
53.98810618832529 53.30241600595485 39.20472714226111
54.07096950371265 53.29806863957297 39.176568870698844
52.77233504434624 53.27004590555342 39.20108618759431
52.96917514551889 53.23932788806742 39.209211928213165
52.972950635760526 53.23814922354867 39.20916713485122
52.97746335586065 53.23673682751533 39.209104190572475
52.981712937466135 53.23540145378611 39.20903088967978
52.98237505295636 53.23519252813188 39.20901719517826
54.076396102575266 53.30075678850031 39.17669596513156
52.77285326331419 53.27003944717263 39.20105326332298
52.857386393605026 53.25347417648293 39.22129138293884
52.97121297859379 53.23870169403596 39.20921402688752
52.97594324376452 53.2372217743972 39.20914953081576
52.980766534351034 53.23570528428368 39.20906413584305
52.980213975011175 53.235880191002835 39.20907701229465
54.12529454000403 53.33697888674908 39.15457313030273
54.125280146994385 53.33732340894989 39.15526792696087
52.77277202998451 53.2700851002439 39.200832315665025
52.89135502709358 53.25846153632888 39.192812864378844
52.970142087982005 53.239039063029836 39.20923474938098
52.974716444775666 53.23760756666591 39.209171447001935
52.985564934619575 53.26320578252334 39.20815713518067
54.12521991114469 53.33795586790836 39.156494655129805
52.759818651264695 53.321687897385615 39.21832041550391
52.80370926568275 53.32410994316488 39.188844535978546
52.97669240773152 53.2638611619459 39.208274026283064
52.98148194645316 53.26394588642263 39.2081050992309
52.98602182092455 53.26410764243538 39.207925321659324
54.12521743786317 53.337979596826955 39.15654037259701
54.13255699442768 53.42125161982542 39.19037941846542
52.79118628498661 53.38396802088677 39.19518060815242
52.795718869283355 53.378547362348186 39.19570118554847
52.82975683872276 53.39667231884732 39.20021386364856
52.982399032488956 53.26464074212964 39.20790897628139
52.98662170474602 53.2648759826401 39.2077212979515
52.98644028011975 53.264521475999686 39.20781247685247
52.9868700736986 53.26489153144736 39.2077098458251
54.133454783762836 53.423099138045615 39.19057425101123
54.1288948522682 53.462495165253 39.20919017467965
52.739846751997845 53.44730344070494 39.181042063862684
52.82346478905703 53.40846465259068 39.19937235312464
52.82709368063391 53.40601107424953 39.19934839514772
52.90714798156023 53.42559401505071 39.18947253952756
52.972878206430025 53.35739380077027 39.19333833097445
52.97306273299383 53.35742874044952 39.19332355346256
54.129961718782695 53.46540128734097 39.20906413600237
54.16151159453862 53.50136869998712 39.20585528397805
52.7795665770508 53.467671811128284 39.18618839382874
52.78271024397292 53.46941720511182 39.1858676793515
52.855733381934705 53.48926253096943 39.18643333939893
52.908138579061585 53.43457964429312 39.18829787788957
52.96186947749415 53.44401096357761 39.18398658889585
52.961950114487706 53.44392208348795 39.18399198286426
54.1626055224314 53.506419250215735 39.20550447208082
54.17771246715561 53.51372607158754 39.19948082544221
52.78146757146828 53.468777111981325 39.186098900670046
52.78446522000861 53.470447564679255 39.18580592519232
52.857428996026684 53.489984561470266 39.18619781339048
52.93990869582224 53.51386280442002 39.168856304607736
52.94245751911457 53.51385811305698 39.16836964640166
52.941954953196536 53.5138705336541 39.16845131121618
54.21735813765295 53.61232783752679 39.18215339740162
54.21740892358534 53.6124459763694 39.18210379030329
52.7753998028905 53.509224919921444 39.18535531225848
52.77890894091517 53.50995862261132 39.18515188790363
52.810665559748855 53.49983976889581 39.178385430225624
52.89080343836251 53.51882209509671 39.168732536244455
52.93989266413311 53.51390196303102 39.168810716765975
52.945538314569276 53.55750368355527 39.18262042878175
54.33614375785125 53.62711189390396 39.165832916917054
54.311835533086025 53.63264452473591 39.17991104859432
52.73140197279284 53.5319924940847 39.179104499225744
52.777432677203095 53.553317246629106 39.173171337217454
52.81591532216005 53.54140800170444 39.16660626178508
52.942771445361416 53.55790142424526 39.18290766779017
52.945982752632204 53.56007133526833 39.18293806869531
52.9461727569239 53.56020469522646 39.182940554786384
54.39080464333466 53.64364452747301 39.17754509306018
54.44279127877785 53.676692351990724 39.14871315266066
54.401093475331805 53.64849480886704 39.17596867752837
52.76993825873476 53.67255901235937 39.19340164759099
52.80848188813322 53.654113696848846 39.199854405101526
52.80972937093916 53.65200294935517 39.1999368613737
52.88937151953266 53.64430215268362 39.20376143715826
52.94626357672257 53.56057840799217 39.18298459248457
52.892456442224784 53.644210328960966 39.20334529897934
54.46194966357774 53.723374199261656 39.17194611018531
54.46364992415837 53.72171614665787 39.17141609432123
54.46221958356126 53.72311004177938 39.1718666839393
52.7719854509475 53.678550606324904 39.195607883844445
52.77274120324049 53.680288820245394 39.1964683965047
52.80760859455755 53.660973578219696 39.20168087983694
52.88808461640622 53.65195738519836 39.20532947214901
52.91444071430112 53.6834116230538 39.19396449585408
54.46233617196715 53.72299608242221 39.17183167311474
54.46354060157116 53.721822255736626 39.17145268421952
54.46254961019419 53.72278782278913 39.17176574135814
52.759547217909116 53.722440505181 39.19661976548531
52.77929658169258 53.711750244588856 39.19110058165206
52.84816000926975 53.70870981444798 39.20552099611251
52.85613033438091 53.70630434281531 39.20477488230259
52.856563027779956 53.7061678784703 39.20473029477673
54.46260844621219 53.72273060964956 39.17174658486607
54.51064486491944 53.73458118683507 39.16545768827892
54.510655900809546 53.73460878774483 39.165459523722085
52.76124446157202 53.72411542881356 39.198192139403154
52.76266214506055 53.72480721573649 39.19916452068502
52.84630156361425 53.710626111840234 39.206636668933605
52.8556705925666 53.706665966143994 39.204972764174194
52.85265354235204 53.70840477638102 39.20583064156869
54.51074942997636 53.734845184136304 39.165479834517
54.51181272092932 53.73753134151389 39.1657081935344
54.580510914720875 53.785715898223415 39.16552266960407
54.512130221436394 53.7383331801056 39.165775897271445
52.76221969916557 53.72528333092674 39.199194703060265
52.76747784092176 53.73903099872285 39.19699513237696
52.84345174853181 53.775679576413786 39.216707844943
52.93056269774445 53.82071200705319 39.23120662363888
54.58128280612917 53.786554737321325 39.1655080985257
54.65021407298826 53.83942052856895 39.159218352699526
54.64939957762683 53.83933145982843 39.159328503177846
52.757869967384536 53.75467388139725 39.19826987022299
52.842126207970644 53.774799771479834 39.216980689093745
52.888230760436755 53.86525563910311 39.23064638018323
52.932657483297035 53.82257878100237 39.23109527995484
54.65007963063927 53.83941781471086 39.15923285607218
54.67998385153922 53.88288824656455 39.16708497235866
54.706945941660706 53.89018735137351 39.167998942188476
54.70701197702465 53.89064004352741 39.168150000055384
52.72956724365244 53.79490724028576 39.19085608318168
52.88798470662601 53.86857953975761 39.23058677279974
52.893244690956706 53.87373033576566 39.23031770167263
52.89436784256824 53.87478732807808 39.23026111524627
54.70712725723827 53.891396534861634 39.16841175448024
54.707384004067535 53.893085888810916 39.16899498381052
54.70749880093355 53.89384271657774 39.16925584347529
54.707516461059264 53.893960027961995 39.16929602461106
52.72240207610338 53.798275110682454 39.18673507013443
52.85001372408556 53.91556858795932 39.22274784405522
52.88584481839515 53.90558248969369 39.233617300540814
52.89660958937452 53.88009343549034 39.23008343929068
52.89742107299256 53.88218474844781 39.230015668542435
54.707615541691645 53.89461523201297 39.16952128632321
54.730365725754126 53.948321848339084 39.17440766092004
54.75159491928591 54.00943084813658 39.17642639128443
54.751565939118024 54.00940790894564 39.17645126318834
54.82474346009528 54.04058906995889 39.179106795698736
54.92953378964856 54.101658145503094 39.16169819518927
52.85208794138153 53.92613938197019 39.22161537861191
52.853355268026476 53.92862901541052 39.22161483096664
52.87196086903398 54.02259717930545 39.21372761861751
52.92507913933376 54.010697305718274 39.23374355698335
54.751594473871975 54.00943058234709 39.176426734696136
54.825414288141346 54.040901557848386 39.1790896958819
54.98422916659972 54.13926989058248 39.16974343693275
54.984258060846486 54.139255175246774 39.1697138444966
55.032656505765715 54.133190240630995 39.16308118557049
55.03195638067551 54.13304002345878 39.1631067790259
55.03412941926314 54.13350810567046 39.163025594608925
55.076461290506145 54.14664260489256 39.16097331078639
55.123078182056204 54.17254205762576 39.15863015484609
55.12308324921767 54.17257985105961 39.15862483886629
55.167107641726886 54.061230464575004 39.10939982793958
52.87038258664671 54.0239971269807 39.21303039912217
52.870944683344234 54.02353324959063 39.21328198609968
52.87162192560143 54.02297196155931 39.213584885535084
52.89259231042922 54.03091746917456 39.224842805126585
55.03268899060178 54.13319783944061 39.16307940071683
55.03419146775951 54.13352247214817 39.163022325802984
55.07657735220665 54.146688817232445 39.160956496312174
55.12308222803926 54.1726001182718 39.15863920617829
55.12308827081607 54.17265399315238 39.158637065146486
55.1230946339419 54.17270781748923 39.15863342461409
55.12309287782007 54.17269738223813 39.15863653668622
55.12309962167227 54.172737227734885 39.158624477041144
52.69521694612017 54.148363249392126 39.23542937347558
52.85934235144517 54.040766024549185 39.20701605480198
52.892229637075175 54.03177518456787 39.224724672822774
52.89235692865435 54.03173920034219 39.22478547380557
55.12309612395498 54.172728790521745 39.15863656294497
55.12310573339688 54.17282255656209 39.158637016894176
55.12310506777648 54.172820829547504 39.158639258969465
52.69523622745247 54.14837558752235 39.235438029376645
52.75905355689706 54.13149697774058 39.234918422045396
52.884578946338806 54.06581609605483 39.225896172674844
52.88456336666658 54.06589140574765 39.225907293518105
55.12310836459231 54.17285750685427 39.158641564281595
55.12311423199011 54.172923338402775 39.158645932366596
52.69526517739975 54.148394437491206 39.23545076220215
52.72378326289801 54.1480262104682 39.228878883409294
52.83924763300692 54.12457142524512 39.22466318531146
55.12312256238977 54.173025230294996 39.1586561517858
55.12313034335256 54.17312539205501 39.15866807669889
55.12313153294318 54.173140607780866 39.15866985335388
55.1231326229989 54.173155776126464 39.15867206583402
55.12314163566755 54.17327718391941 39.158688448914546
55.12315246003503 54.17342222640875 39.15870775795206
55.12315373234439 54.17343892723739 39.15870986179081
55.13172330906817 54.260375894850675 39.151777827186066
55.13210593196992 54.22109359159566 39.156861437245134
55.1319434999903 54.261760871639865 39.15152199042918
55.13183621679993 54.26098932138683 39.15166901491562
55.131965531678766 54.261731034740286 39.15153533787896
55.13058817379971 54.29236386971074 39.14483125583871
55.13059599685418 54.29237504997156 39.14483097133638
52.723852537515796 54.33959715742863 39.22462139910062
55.10382452106512 54.30684487475861 39.15117448567508
55.10409630434788 54.30681763183439 39.15111999324792
52.721349304535416 54.3954931031445 39.21814295162428
55.10357786508909 54.30690827623185 39.151230558958545
55.06916891541946 54.36054275798466 39.157160941159226
52.72001013860645 54.39718359761618 39.21752191097349
55.02212074382592 54.45877444253313 39.16021013901814
55.0221240505891 54.458779677323285 39.16020894223379
52.71784092340119 54.39991286739026 39.21651740347122
52.71855924914739 54.39902369895983 39.21684766372478
52.719707186907016 54.3975677055776 39.21738114371621
52.718629650003784 54.398937504520575 39.216879876925574
55.02213843160446 54.45880530195029 39.16020374097586
55.02213842129088 54.45880524364256 39.16020374465683
52.716184025514806 54.40203537010197 39.21574398409468
52.717157332122895 54.40081027558426 39.21619477802619
52.76323933001996 54.493506828487625 39.24943689152853
54.97890718040473 54.50345431776372 39.18141354211146
55.02213989726113 54.45880787733232 39.16020321083949
54.99354375336651 54.494547266001874 39.17691117571833
52.767534874883616 54.755892130644234 39.29696462336548
52.77043958845981 54.7562394897951 39.29690661116855
52.77163730855197 54.75638628578116 39.29688277160655
54.937377145247595 54.538935209629926 39.20212114546063
54.93745535562131 54.538815659277226 39.2020506732748
52.76809460110158 54.75594266656825 39.29695307228833
52.77191805210269 54.75640040470779 39.2968767229307
52.77376938953945 54.75663104482529 39.29683995850143
54.9136372193164 54.564739849892234 39.21325936125744
54.913621805336454 54.56474775456206 39.213258674352964
52.76916986320269 54.756049138638915 39.29693109531112
52.774216575620535 54.75665476863682 39.29683035181526
52.776678844514166 54.75697283609738 39.29678171230507
52.77651470568226 54.75695380524218 39.296785004014296
52.776691067920055 54.75697486244124 39.29678148100305
54.913564092183876 54.56477975178301 39.21326942451081
54.913543884189956 54.564790874157204 39.21327273740827
52.77120601751935 54.756265309627615 39.296889809357936
52.777632551120846 54.75704230690468 39.29676165288544
52.81626632672744 54.78333615131268 39.29539467644343
52.81637374422088 54.78395975610063 39.295376564258305
54.91346825317609 54.56483190002558 39.21328180070852
52.774584016541354 54.756654248358764 39.29682200380735
52.78200803936678 54.75756875699442 39.296674339616985
52.816271442612496 54.78329625862253 39.29539735407401
52.8165704491087 54.78506159922642 39.29534543750157
54.91536495388806 54.66129721882355 39.21015596136716
54.915394413793024 54.660742052254136 39.21018391204745
52.81614462951906 54.78245587485984 39.295424036342965
52.81659137856232 54.785086205113004 39.29534683781265
52.8169886492928 54.78750015155572 39.295274377388566
52.81682793009776 54.78656180067832 39.295301746992926
52.81705413005916 54.78790193010853 39.29526223578926
54.877895439729016 54.74694137310176 39.21578024656875
54.8778486369151 54.74528919755211 39.21590599828609
52.81718683400734 54.78857944247858 39.29524458539825
52.817457988996374 54.790232932192865 39.295194829639314
52.817603759346575 54.791171977914495 39.295165530472374
52.850217879742715 54.87400493041509 39.29408482451406
54.89796681287907 54.87067166344366 39.19722268093382
54.89820630102476 54.87128056155272 39.19703670383755
52.833560552498305 54.83546801847246 39.29450807464135
52.84932183174443 54.87306371607915 39.29405811441236
52.85051978868886 54.87431852070165 39.294094024674195
52.90173614623504 54.8721134274826 39.2858146576853
52.903424424850016 54.87152471547238 39.28545105490248
52.90498429127909 54.871002519915564 39.285117570968666
54.89993765200757 54.8731969733131 39.19625208763783
54.899938278915606 54.87336827080757 39.19621337410848
52.85087564448831 54.87468926703441 39.29410480513259
52.85168278134577 54.87553843520729 39.294128788512545
52.89867253033246 54.87862888890923 39.2854365925505
52.990468506289744 54.87563915229586 39.26545464494153
52.990435203744426 54.87519128632269 39.26545821068906
52.99047146697271 54.87566993817225 39.26545510080089
54.92365402458165 54.91987593611686 39.173969595204746
54.92368398994002 54.91997660027556 39.17393603732596
52.8520986330811 54.875977952697426 39.29414103114749
52.85243686948508 54.87633516487302 39.29415100427846
52.898132679956085 54.92586114897701 39.302546033200905
52.97108337373762 55.00234896375568 39.30832296916719
53.00462925417631 54.99129840263265 39.314535647774804
54.915804497515346 54.93101431512133 39.18188515415953
52.86270208323459 54.91603885462369 39.28499076300834
52.970983085583356 55.00277420956975 39.30862477382232
52.97105028329776 55.002754166636976 39.30873610494136
53.0053200797708 54.99142352908364 39.314984269395254
53.005576278048956 54.99115308613976 39.314795162980246
53.00925863962049 54.99053994392014 39.315750283569535
54.915930632391664 54.932980183616806 39.181458873552
52.96637661162458 55.0144453960733 39.312444852022935
52.966596546318414 55.01421222905419 39.31264203114496
52.96691054587903 55.013881404615844 39.31292538323466
53.00009497918322 54.99984580218185 39.318587715791
53.00937766521464 54.996753446662964 39.31973670400286
53.01005293884386 54.99652792496203 39.31982308190052
53.01052672560264 54.99637120844255 39.31987622012573
54.95553481560215 54.945190850456385 39.16262173924131
52.96630468248122 55.01457085205191 39.31242417726173
52.96661645536511 55.014232911511684 39.312697093956544
52.96673981399813 55.014078921888505 39.31278702138547
53.0052262316876 54.99814650368859 39.319173136374204
53.00873821415941 54.99697713711166 39.31960495409124
54.93805168431851 54.98188555687913 39.15977798535233
54.93794801178561 54.98185236325149 39.159832313628186
54.938042015277375 54.98188649951078 39.1597790863525
52.96633962153058 55.01453904091012 39.312460158692716
52.96650811240484 55.01433624532987 39.31258969533842
52.99982532435751 55.00270240272293 39.318513136890545
53.00520492227238 54.9981650319953 39.319114149968115
53.00854822547788 54.99704129716859 39.31957715428884
53.04016484588051 55.01999228531905 39.29366259242253
54.95260957628021 55.03717775041373 39.14660725828522
54.95264213431551 55.03712490193445 39.14659704953373
52.96627611191272 55.014596001674214 39.312393985648036
52.96639240902485 55.014458385198466 39.31248549590276
52.997675126857814 55.003595535929854 39.31816713984441
53.073083741334926 55.05450123057575 39.25918499345616
53.073127698313414 55.05475115571825 39.2589576919658
53.072495817424155 55.05103551512954 39.26226586753386
53.07315078050641 55.05488371397708 39.258837896740616
54.950827512416 55.09511495088735 39.14070162478312
54.95105648049741 55.09458704288818 39.140726405844006
52.96635317199957 55.01449487615524 39.312445770943356
53.041504096000665 55.07157946210454 39.25074245097121
53.087270083692786 55.10271815923787 39.21868154158678
53.08740926567722 55.10285459584237 39.218600231605116
53.087512333909245 55.10295117300514 39.218540913821
53.08743364881721 55.102827324938616 39.21859625571421
53.12920273178733 55.10646060165446 39.20743557347987
54.946148745483924 55.18312544001974 39.13460876135177
53.062918839475834 55.24371446335108 39.23804972385011
53.06307993131066 55.242366375341675 39.23788882621645
53.078944557372154 55.177194115485335 39.22558913883659
53.12097540753469 55.13833225998774 39.2027036361379
53.16371843497096 55.13652382354786 39.19238299648951
53.16360624482714 55.13564429901335 39.192588659148754
53.25513865687636 55.15454676847213 39.18492959889894
54.95632118049805 55.20612846827221 39.127984017474716
54.956359348664535 55.20601792177716 39.12794104156137
54.956326082384265 55.20611110288804 39.127977156853106
53.031418943949134 55.30553618087265 39.24376182061926
53.06859880843532 55.2550369131839 39.23548806846353
53.0947444081325 55.27294497848389 39.22429427429341
53.09793023548469 55.27000066841934 39.22255906033692
53.261181049527025 55.17622508287971 39.17814772725693
53.255480781627625 55.15449878415703 39.18492252254243
53.3140470629013 55.16171474674228 39.18222866166142
53.31405726842037 55.16171014103554 39.18223109354352
53.314078411488985 55.16170102062769 39.182235826264375
54.94821447020432 55.238171361948034 39.13049311185839
54.96225703075088 55.22482778164379 39.12623929979968
53.07896260401183 55.33682879580146 39.23953953406283
53.08189585525902 55.340164564699734 39.23875750587927
53.0841087253706 55.34268090083046 39.238167520567295
53.25043041885857 55.20371054767379 39.1692777123619
53.29588010335979 55.193836984093934 39.17070893772683
53.390596555898405 55.250368783685175 39.194605442523894
53.39673852461749 55.244227542594416 39.19686744195408
53.42689045215049 55.25475939736819 39.200019319874414
54.9482689407166 55.2383793922345 39.130431850869314
53.08407853116502 55.34264882958375 39.23817576046297
53.08627138226589 55.34514147818555 39.23759103518369
53.13505014386024 55.40171296820363 39.22933025396569
53.29056898389551 55.339807010652805 39.19703789315392
53.39536514169407 55.28504953296887 39.18580613531965
53.3972213916371 55.28654494917387 39.18684878713006
53.42707839670093 55.25659454141481 39.20024836392799
53.42755648712337 55.261092298649345 39.20082131653314
53.42750921893517 55.260578192796515 39.20076072471758
53.427572886257835 55.26115304439243 39.200835654500835
54.918820411332355 55.29194774380778 39.157879829054345
54.94829838205732 55.238478085927355 39.1304127373039
54.918693926933955 55.292093957727396 39.15797311942944
53.1917200605576 55.464777014872155 39.22214689729341
53.26051161822389 55.41777429632383 39.218996286538044
53.29981417385839 55.44390951355649 39.219217962362116
53.398376825236106 55.28957484853088 39.18769201037415
53.428079957576756 55.26650776164101 39.201476542279245
53.42814886431055 55.266571869328246 39.20152592686555
53.42793607184832 55.264370953759084 39.201259603171756
53.428133295496 55.266045417552974 39.201485676154434
54.967493167647184 55.267898264428325 39.115174384640966
54.91792037193902 55.29303927786364 39.15851418276226
53.19459283877653 55.46798407194383 39.22219109487601
53.294655907795345 55.447222934257695 39.21943080227466
53.34614081415091 55.4678261276822 39.21995379140297
53.3884918477987 55.48544691972867 39.21794467367547
53.402359099689335 55.38099604959401 39.20950182271564
53.48560198488055 55.32921890791298 39.19086983522703
53.48398677640543 55.32715124513814 39.19086180963447
53.53498041567471 55.37265988963908 39.17023339400799
53.53486804238128 55.372643864968765 39.170272302141775
53.536286687457945 55.37284216111612 39.169739753289704
54.90156780660573 55.39379700747788 39.185127838846824
53.25861577637444 55.51729243985865 39.22296401299697
53.3415022387717 55.47497644166285 39.220331047414305
53.38488222723757 55.49446422713844 39.21823657914323
53.38632441407892 55.49120945898187 39.21810099042144
53.40922938381092 55.50464133411262 39.22573595265659
53.49746074054917 55.45212339731347 39.205941740684004
53.56073329925863 55.41366675615022 39.1719893500932
53.59773107767283 55.370170028314426 39.19271661982741
53.60680871531315 55.37046284373843 39.192034300518976
54.93884320270775 55.601030597835354 39.188855929638294
54.88612150240456 55.50376078864122 39.20269259549004
54.93900540915267 55.60120664613141 39.18881143158233
53.38051650609452 55.505455716868845 39.21858497960391
53.406241519087786 55.516952075426346 39.22668994810245
53.41577925618091 55.52305416310902 39.22471205059446
53.41635698516352 55.52266193925871 39.224831449225306
53.50047033545526 55.45970062903267 39.20583541820778
53.670590074884146 55.41914483030738 39.16589720100868
53.608386090653624 55.370500783520995 39.191939093383915
53.67295371862115 55.41769840234734 39.166891144390476
53.6735960397494 55.41671337393878 39.167296725143544
53.67462744322285 55.41668504099634 39.16759247957133
54.7521786378943 55.36503156880997 39.205687767294165
54.75207246188067 55.365018404460635 39.205680670697184
54.75093347252772 55.36487735338946 39.20559365034194
54.75518474592197 55.3654038374126 39.20591771070268
54.75512438184179 55.36539634750329 39.205914039840394
54.75694353322075 55.36562161578337 39.206053884992876
54.94000277154427 55.60228224924881 39.18854365094117
53.38301761197609 55.595278903350135 39.22840458191772
53.384698565290435 55.59644245741987 39.22879254429235
53.41567789240299 55.53395867290315 39.22583597088769
53.50071679384382 55.50744703157666 39.19924920009359
53.564699057039334 55.51071742043613 39.179791402927805
53.67138591853298 55.42026636033721 39.16586373198592
53.673697037252566 55.41873668029424 39.16686199713968
53.675117581646774 55.416695266809214 39.167727604811034
53.71242082069374 55.419006074004415 39.16358570501221
53.71280360432624 55.418573491791165 39.16377754114262
53.71285859338926 55.41851981197609 39.163771031097134
54.693986523658864 55.37498319308918 39.182889736864944
54.6943539054959 55.37459789597346 39.18338018327614
54.69370874826507 55.37525072057062 39.18255749932007
54.75272698278772 55.365099547705924 39.20572495298465
54.81895217609866 55.432896564412275 39.206567916992874
54.88602349468769 55.503460765488626 39.202717060449125
54.88443850275553 55.49859086064361 39.20312129373457
54.88667519233424 55.50545059384213 39.20255685726504
54.88662651183719 55.50530108653557 39.20256924192786
54.886685157311106 55.50548103783561 39.202554399030895
54.95738068098885 55.61913229760471 39.17527110520819
53.38708988959366 55.59809393637926 39.22935377775253
53.42225388692482 55.63274053148814 39.217521488613365
53.54100954542338 55.693098383946634 39.21987531735804
53.55189905819494 55.622051606935145 39.19494889777921
53.61397191928727 55.65571066207734 39.18215211599341
53.61409384874517 55.65516918670892 39.18198484046142
53.72814997291236 55.5003083677333 39.15756385411437
53.7912828618713 55.5599025167315 39.164176778883956
53.80246912195234 55.44932089409609 39.17860295915374
53.79144853156156 55.560717010660014 39.164062914383706
54.55601964646274 55.69997231965708 39.1773781700476
54.55601627414745 55.69997219653939 39.17737637155135
54.556003579701674 55.69997170705717 39.17737945504193
54.617645980595526 55.58987755612334 39.18749580762337
54.69364685506404 55.37531375906987 39.18247791061869
54.66003415820593 55.47327404228955 39.19856311700954
54.838686245691505 55.49724520913334 39.200313737013374
54.887113149178504 55.50682533988315 39.202431195998855
54.887855085893136 55.50909238575255 39.20224799903814
54.888562540056995 55.51125212972987 39.20207424577049
54.91731236402461 55.58174016786151 39.18808058260514
54.95740795009068 55.619162721683125 39.17526360320413
54.969875686109326 55.638231700163075 39.163568676725404
53.48980383783821 55.67351582232328 39.21332970201097
53.542956679550926 55.694237740097854 39.21943953660564
53.54931091079075 55.69796432571727 39.218059479006136
53.553649621528976 55.70051180429093 39.21713182867901
53.613325214559495 55.66182475206004 39.18408808846927
53.66642220726278 55.69957152507929 39.18209178595366
53.746464918330034 55.68564495894117 39.1650030745961
53.821050037092014 55.660965119240586 39.136530666232765
53.79237379017418 55.565892738701194 39.16313691389543
53.821226898327616 55.66105618334268 39.136495120843904
54.55546530937474 55.69995099227224 39.177494961312725
54.55546413329015 55.699950974410186 39.17748484167868
54.55536233430455 55.69994707689929 39.17749907007714
54.55613176171998 55.699976388704684 39.17744708421227
54.55673665431907 55.69999953373061 39.17736787627357
54.5957479607459 55.70373833837083 39.16509453771474
54.792899810817445 55.610308936208156 39.19548340385649
54.8841267589425 55.602853059492816 39.182456797106944
54.88510138493405 55.601246613388874 39.18311810364344
54.91745240937173 55.58195397090557 39.18794703593008
54.917585935891545 55.582138834416966 39.18783768877255
54.91737425637038 55.58182918384807 39.1880267460449
54.91773871414112 55.582355550780605 39.18770765163658
54.984403853875925 55.63770640196839 39.14920472248163
53.5532455386302 55.70027101167604 39.21720060473501
53.557338864148804 55.70267740532935 39.21634033984705
53.666957894525545 55.71793213671418 39.19143851415543
53.674028227651114 55.71652382445957 39.189821360294445
53.74513080372515 55.68652415724739 39.165628418694695
53.821144844279445 55.66126801647414 39.13671096929954
53.8214338619905 55.661400057905496 39.13663972404012
53.821354203664086 55.66118506630336 39.136519228706725
53.91430123466266 55.70290261454616 39.15219706509254
54.54046068749544 55.706449692563865 39.17763550853094
54.540434113136484 55.706447720563915 39.1776273645942
54.54025269488575 55.70644744299162 39.17755988236803
54.55548150618121 55.69995139635531 39.177574479762654
54.55625323460967 55.69998081337029 39.17751569423295
54.5673823010176 55.70739292399299 39.1746665767825
54.595678262724164 55.70372926330506 39.16514691596764
54.66187826247408 55.69500668029392 39.168922783560475
54.88293663546173 55.60481479757202 39.18165054502127
54.88380272737867 55.603387212097196 39.18223776490679
54.884770399454226 55.601792212911356 39.182894149724575
54.91797019446753 55.582700096749086 39.1874952930841
54.918203302856014 55.5830306412206 39.18729699703237
54.91797990117993 55.58270454087514 39.187495862900676
54.91832648758412 55.58320660743204 39.18719098503643
54.984572628746974 55.63795583053398 39.14933524080045
53.56145595227584 55.70509716610662 39.21547207777341
53.66433541698726 55.718548795348 39.19209318066652
53.67225415608655 55.716953594711825 39.19027156684335
53.67990149023982 55.71539031867563 39.18849915582073
53.748546829762006 55.68577172417241 39.16479805285978
53.85737908397769 55.6763825675941 39.146778127782326
53.91498855458515 55.703034766304015 39.15217278036967
53.91469485338488 55.70297542491134 39.152183402657045
53.91773865970212 55.703540783871944 39.15207755419868
53.9175865140715 55.70351096804195 39.15208297791027
53.918696143869475 55.703717419788 39.15204436077246
54.53984319144064 55.70648973605502 39.177368870821404
54.53984837686252 55.70648065523753 39.177378992379964
54.53972536592169 55.706503683397045 39.177312308368805
54.54014388050665 55.706476234014545 39.17749330390736
54.54013159735081 55.706453055521294 39.17750961143274
54.540529727007424 55.70648326279034 39.17763102370711
54.55550992994311 55.69995231456069 39.177634876527364
54.55635502813325 55.69998454517112 39.17756411913771
54.56732738716807 55.707413536464756 39.17467427737119
54.59567134399597 55.70372914699067 39.16515305863584
54.661213900997765 55.695052057641206 39.16899596186719
54.88171753505937 55.60682432698559 39.18082503193611
54.882415405412885 55.60567399988589 39.181297891927514
54.88328160638641 55.60424621339031 39.18188489770634
54.91840560868753 55.5833348206251 39.187108506618486
54.91862556136247 55.58364658633437 39.186921519186455
54.939960102721585 55.60224165531464 39.188550508532444
54.939176803875554 55.60139487701393 39.1887625384218
54.940508483586555 55.60283195503819 39.1884042075891
54.974722433555975 55.644942200704406 39.158993503356115
54.985472126286 55.64545105628149 39.14790542749201
53.66200701368538 55.71912118806047 39.19268890782582
53.6705039525593 55.71738368127208 39.190719263194794
53.67859547219767 55.71570971421314 39.18883233587761
53.74702217537052 55.68670800057903 39.16547748391375
53.912475124009 55.70258123442929 39.15225904839486
53.915476323693674 55.70313291051394 39.152155174058365
53.91834081580171 55.70366061421501 39.152055932532605
53.96501209063883 55.71086507921209 39.14376827666506
53.965013141458456 55.71085590245053 39.14375330758779
53.965019072040654 55.71086463908496 39.143741100680685
53.96501910810231 55.7108637075427 39.143739850690324
53.965020237348156 55.71086437152972 39.14373633281568
54.39789080767257 55.69623967094503 39.13938690966917
54.39790110015281 55.69620188344473 39.139417210430565
54.39535095623798 55.696141199377585 39.138645949155574
54.53963267332321 55.706565258851306 39.1772221965971
54.53964071023158 55.70652648746055 39.17726014627921
54.53984831411732 55.706547933648224 39.177318323198904
54.54017287597176 55.70654488568485 39.17744224572138
54.5405846022493 55.70656136870079 39.177581105533804
54.54100537172238 55.70659844982575 39.177704774179446
54.566956800389214 55.7075394979955 39.17474899943852
54.5672422142288 55.70747419473231 39.174636550118315
54.595745412663405 55.70374039119933 39.16509931952312
54.59651281930283 55.703845821579336 39.164529235587466
54.72717045446751 55.69305515109257 39.141392253447805
54.88114729806179 55.607764311255735 39.18043919837866
54.88187160334854 55.60657039018663 39.18092969595517
54.88270360489209 55.60519894940596 39.18149316936992
54.94020985975965 55.60251999070681 39.18847583099186
54.95438015000444 55.62099358099424 39.17829562095059
54.97100375213577 55.64592241705979 39.162143584069284
54.95492781651052 55.62156000584021 39.17820040123695
54.97111582810683 55.64601445056279 39.16216322736014
55.074939758602326 55.75349979718085 39.095682278758964
53.669098935878054 55.71773301636543 39.1910810307775
53.677204388983476 55.716037649310735 39.18918008446962
53.74530428374713 55.68761732395764 39.16616813360439
53.91311051513724 55.702706581883476 39.15223632697778
53.91604405617326 55.70324710624519 39.15213468466108
53.9188501614686 55.703765042785435 39.15203738154541
53.965014406621194 55.71087835065179 39.14377528283671
53.96502092323598 55.71087763716027 39.143749554688746
53.96503002154703 55.71087369652422 39.14371011785829
53.965028614545034 55.71086670546748 39.14370714103485
54.01604954061149 55.71724322633895 39.14080909432114
54.01592558424691 55.717228025791954 39.14083205698003
54.137618912693846 55.701809249660826 39.118746817386395
54.13762929156473 55.70178992144231 39.11874500501853
54.13769863067772 55.701709077673314 39.11873611637135
54.13770069511193 55.70170518685282 39.1187357527912
54.16221106911409 55.68474176145694 39.12321849746507
54.1622861762835 55.68466424666467 39.12322759771369
54.26451199311937 55.68085287729797 39.12246589425341
54.26445093157736 55.680631319030255 39.12252643738809
54.328152587904384 55.75906634590581 39.13116164971144
54.26553204295753 55.680674827769394 39.122637822570255
54.36104689906385 55.75461432551601 39.13334020471638
54.394587156719126 55.69612404830853 39.13841421448596
54.41537094428311 55.750067301656586 39.15435174319659
54.49326465157709 55.75600350307538 39.174334067830046
54.53988580623248 55.70663606181421 39.17725288083247
54.540210891957386 55.706647332810945 39.17736409161921
54.5406099249321 55.70667382935283 39.177489186051424
54.54100917458333 55.70671302953609 39.177602910129366
54.566853745837136 55.707641083040144 39.17465453899195
54.567138005919055 55.70756812111087 39.174556261823255
54.59589441442324 55.70376203368603 39.16499003933164
54.5966262483651 55.70386267680617 39.164446501424436
54.69292136988699 55.69779460900216 39.150125494303616
54.85252673752065 55.691585197732174 39.13122222746382
54.85262813297624 55.69160715584899 39.13114298033538
54.92571421748646 55.68384158349346 39.15119887809986
54.968480460555064 55.688741530106974 39.14725863585537
54.9702430009867 55.6648360834629 39.15765603993911
54.97070368100859 55.664990851571716 39.15780560604453
54.975208241014585 55.67111986901942 39.15328380431192
54.97096477316964 55.66489474659831 39.15796976099617
54.975250892213715 55.67110662838729 39.1533112521254
55.084571807333305 55.79320357978145 39.09900138053351
53.67596302631149 55.716318150039015 39.18948334521256
53.75946389479962 55.76976465194397 39.16504283681472
53.90768304998872 55.855471387678435 39.18361544250726
53.95634537378096 55.870160692668236 39.182670982858475
53.956374167668514 55.86992855043118 39.18262785628415
53.95640854372351 55.8695734874952 39.182557876811686
54.00305784309244 55.94197616820017 39.19212076052829
54.00375453573148 55.9420086544135 39.192005385581446
54.053567116711704 55.96351216197205 39.20545549669006
54.05444610347162 55.96417826304201 39.206017104801404
54.08647158157196 55.89411674698976 39.184658878046655
54.12700325684234 55.81233465321731 39.16123465413169
54.2543212065231 55.86974840177649 39.16762234152665
54.32984171611181 55.76238691268976 39.131738308456114
54.362549572880326 55.758577148482324 39.13404811778204
54.415202070785284 55.75468182095055 39.15451485017214
54.48998551000332 55.76034575346109 39.17370528828095
54.49268145798891 55.75709804963782 39.174257334009035
54.54024833081453 55.7067599303536 39.17727657231063
54.54060558906306 55.70679287617807 39.17738025668616
54.54095726713024 55.70683092410292 39.17747725859432
54.566766916715125 55.707752741554174 39.1745298165198
54.56703368584967 55.70767521995246 39.17445325451137
54.59609000330404 55.703790045865986 39.164846114031896
54.63287866001869 55.760226929149056 39.16172150650869
54.79378906564526 55.78368486408817 39.12663736743956
54.79464746163946 55.781861954479034 39.126791488579116
54.8527141850119 55.6916722729034 39.13102685805981
54.909419775302936 55.691943778315476 39.13993572769561
54.968203148396725 55.68885272427542 39.147085306241976
54.968754001173096 55.688652638257395 39.1474164779743
54.96925488083781 55.688468777023544 39.1477188229287
54.969626678462426 55.68833106133624 39.147944031886965
54.99799248176892 55.76387673204342 39.14683546640043
54.9752460437947 55.671231377563714 39.15328207813407
54.99815368377572 55.764542786847635 39.14678776371976
55.05391297333792 55.818948348084 39.122643521081315
55.08548031401912 55.7945923623122 39.0981689905872
55.05375598234412 55.81876630221538 39.12277577558692
55.08762948337213 55.79787486340268 39.09619077061525
53.91386669444574 55.92670565709189 39.17541862441324
53.91597805474471 55.92763001872534 39.176681459811704
53.91810466123664 55.92855579849663 39.17795180380814
53.974922667745666 55.94376868246093 39.19554323407277
53.975806598456124 55.94376071412758 39.1954419618661
54.002993857570786 55.94197374568656 39.19213194626715
54.003856246032356 55.942013961074565 39.19198913452303
54.05427920271235 55.96405214620278 39.205910835974265
54.05536487656113 55.96487482004473 39.20660444504125
54.05622150233866 55.965523889411294 39.20715167801515
54.13832153229077 55.97078527893882 39.1743057447064
54.24167939336338 55.929800191684436 39.17159196865293
54.282566307767596 55.92020926705271 39.167895502957386
54.38559092132356 55.89733255479996 39.135840653393295
54.38661137269315 55.897473807442694 39.136338389110925
54.44619227814336 55.89091098239085 39.14662410068732
54.4754060974491 55.814823620046056 39.15729044965523
54.49386935193439 55.81355204123234 39.162922423102415
54.54205048573862 55.76248024778614 39.16599357518112
54.5422927121398 55.76155361367074 39.1662630846062
54.566705534983114 55.70785246663536 39.174405648967856
54.566943959013656 55.70777618536169 39.174349336114126
54.63304023401328 55.76049106547583 39.161723171892234
54.63697599274155 55.76458961028135 39.16048943668483
54.77180755331737 55.85229637094714 39.10959281330389
54.792764251962396 55.78598285090671 39.12629881003195
54.79364573124025 55.784150314543965 39.126407033889016
54.96708479135363 55.78030731902851 39.149662179358586
54.991749395886416 55.85507964034606 39.14768412062949
54.99259621870148 55.85389058333527 39.14770140664096
54.993320963824814 55.85298895181457 39.147699734970715
54.99385610442164 55.85241269813541 39.1476857981317
55.051699807654934 55.82040329667795 39.124143613797656
54.998682431088675 55.76759939428848 39.14644690209224
55.05277785798393 55.82124960655307 39.123272013428114
55.052575458721364 55.82024737427339 39.12351206369042
55.05380800080439 55.82207062117254 39.122438030425656
55.05358628789895 55.82104889588112 39.12269408812688
55.094958921206725 55.88362218692406 39.08304978744657
55.13988164929163 55.884693984693385 39.05686230780171
53.91701754325382 55.928107464343945 39.1773100409892
53.973797253634665 55.94378442984835 39.195669223221856
53.9745163794522 55.94377091991251 39.19559053304634
53.97556283714802 55.94376074404237 39.19547103099947
53.976794196894616 55.943756814991616 39.19532617764748
54.05394979508176 55.96380302352207 39.205700882719384
54.05544401189252 55.96493528522774 39.20665551236067
54.05675452147603 55.96592824942455 39.207492681783236
54.057665093776436 55.96661811518953 39.20807429640697
54.13765141937529 55.97154189912678 39.175769102982386
54.16361716767817 55.95561333835781 39.16627197426364
54.268634014322714 55.937859641850295 39.17204901937796
54.37554820281717 55.913490692500446 39.13883996698977
54.409871215673235 55.931959326024085 39.14838245685568
54.409938025032446 55.93180193252904 39.148365615945536
54.447214334257936 55.891174696118796 39.146404036477826
54.48123490019509 55.89346869796154 39.14646167160924
54.48331216550796 55.89410638835858 39.146169912827716
54.53762114270016 55.89804871827718 39.137121518254325
54.53797692413066 55.897998115151225 39.13704417395367
54.607645110102354 55.88435881246065 39.17499344326924
54.670508080674026 55.94420541807503 39.15462290780623
54.71951547441385 55.9964691461808 39.16803911679989
54.96964082875689 55.956793879434244 39.13115218067149
54.99257534172693 55.86237400437019 39.14650107207429
54.99329500337367 55.86082858710951 39.14659168354018
54.993785822680636 55.85951615915964 39.14669016156807
55.05372724342908 55.82631850383928 39.122112698225976
55.09354336303798 55.88470108065556 39.084076504652224
55.10622272755377 55.90925209563643 39.08291168822309
55.10749399418773 55.909089362819756 39.082152017963004
53.973332083377244 55.9437939448351 39.19571971574976
53.97414282709589 55.943778121884506 39.19563131193891
53.97534625298155 55.94376571708964 39.19549425457312
53.976772487393475 55.94376046712556 39.19532684488878
54.05524722156363 55.96478675893963 39.20653039201547
54.057147683164985 55.966226770141674 39.20774447518327
54.05867282044693 55.9673822627624 39.208718656039814
54.05953041865148 55.96803189472845 39.20926633261874
54.136825997442514 55.97247008406865 39.17756241453935
54.13768766150527 55.97154402491396 39.175794380891986
54.26447327029968 55.9397121946227 39.17326499290322
54.409784932087796 55.933815185051046 39.14822947201887
54.40984326924942 55.93361436279729 39.148221469007034
54.40991626456837 55.93350151446954 39.148196817947024
54.40999447656695 55.93349930401452 39.14815785426136
54.48190650306222 55.89430142727219 39.146384260976156
54.48395874511509 55.894972423727715 39.14609712354254
54.53754756722805 55.89880467372926 39.13716291305779
54.59594323587886 55.96569348033088 39.158835498221094
54.66158038901075 56.002783149410746 39.170409119254906
54.718027417546324 56.00252815413952 39.17029199341798
55.01831924854608 55.9775463684226 39.12866320710585
55.02004008286271 55.97866497306984 39.1283234907288
55.07933321092769 55.94682494163003 39.10437786922225
55.08014561888541 55.94652455051964 39.10388467213604
55.093857809677445 55.972476176301875 39.0985364720656
55.10740283960489 55.90954019620608 39.08225147777311
53.97387870675794 55.94379097198976 39.19565605963458
53.97521339275879 55.943776585856114 39.1955043839928
54.00502045222741 55.964403059039206 39.21258589466389
54.056977198193664 55.96609816906442 39.207636152719715
54.05931129147777 55.9678666629528 39.20912716647707
54.06097025259119 55.96912346180036 39.21018674266585
54.06162413124677 55.96961865580783 39.210604198105315
54.13594028412536 55.97346246311679 39.17947797405917
54.13704243232941 55.97226523392524 39.17718565446371
54.258855409048856 55.98126698758137 39.171089597708374
54.40973542738412 55.93554826730406 39.14807103644166
54.40979318461119 55.935488386946275 39.148048421719025
54.40986828630444 55.935421760324125 39.14801782780255
54.409950684231184 55.93536112079853 39.14798294420228
54.475386319725 55.95922237482023 39.13978061593424
54.50170084484286 55.980143264019574 39.13728128572539
54.5984111555247 56.01376324880887 39.163993990375815
54.63526372588467 56.054388660879525 39.17118356870447
54.681311644073915 56.06103887599256 39.180422196112154
55.02109556869263 55.97982010867484 39.12808439143849
55.0381294043591 55.99330565415601 39.11716959185832
55.09255743314333 55.9736141330371 39.099474089577036
55.09387788619201 55.973532268589764 39.098687369359546
55.09506537568019 55.973388358556015 39.09796904183542
54.007718022288 55.965481547322106 39.21331231661518
54.058841872507244 55.96751143081909 39.208827748002726
54.061510986927566 55.96953370283261 39.21053271094837
54.063170039287755 55.97079051586056 39.21159228940016
54.06350794060154 55.971046253836235 39.211807851710034
54.135178370907354 55.974312278191874 39.18111643654426
54.13648374461752 55.97288458491675 39.17837788929147
54.25804712049214 55.98180952710123 39.17189184927362
54.3113568332013 55.980532299618595 39.17555711417998
54.40972252598639 55.937352047978685 39.14788678120338
54.432240540586214 55.9772708053206 39.14158949026928
54.43291740911462 55.97735498088373 39.14151663128218
54.466958612617034 55.97987150517601 39.14169800383991
54.56541413561624 56.01636926116214 39.14899896019177
54.621110851334365 56.057747919352536 39.170637618794935
54.6391101718411 56.06847860231048 39.1758444127533
55.03879121389573 55.9945431537947 39.11699642435945
55.092630174340854 55.97494740415826 39.09963680550629
55.09392029396442 55.974705612176045 39.0988432349386
55.09506047253305 55.97442624409014 39.09813177902854
54.06306290538855 55.970709708329025 39.211524225207086
54.06458867590657 55.97186552673213 39.21249865356789
54.09551128175268 55.97521543500776 39.19920377694181
54.13473739539164 55.97479777409188 39.18204932027025
54.136127975235894 55.97327192154954 39.179119965288834
54.25783639037252 55.98223712518964 39.172397429918476
54.31041187490137 55.981009666843896 39.17584606671386
54.43173107332734 55.97773045638664 39.141670377565255
54.43231452534094 55.977829893599235 39.14160891271306
54.45814846945402 55.9984882738826 39.13905746366086
54.459533193144324 55.99851640779913 39.1388805897667
54.54964554545968 56.03470112672835 39.14809293009408
55.092760162837976 55.97635412791361 39.099777274125195
55.093980993284646 55.97591495865488 39.098993922592996
55.095060865411746 55.97547968941074 39.09829380807798
53.7384305250177 52.49171118283313 39.21779625653783
53.79139631876353 52.53821919800827 39.21707141753669
53.79186920867512 52.54108780369337 39.216600062879664
53.792273408894815 52.54369973292129 39.21617452699391
53.728109210951146 52.49424907620107 39.216034201975674
53.73290548734135 52.49307351542735 39.21684913742942
53.7917047626538 52.54280639081568 39.2163795152456
53.79213347524233 52.545062588953606 39.21600094634884
53.79253317818703 52.5474808496788 39.21560344472079
53.792884738869425 52.549757385138655 39.21523265300155
53.71889623349288 52.496629719900525 39.21434316709082
53.72514561569399 52.495048032185494 39.21545623738351
53.792318205216674 52.54966730836309 39.2153236500074
53.79263765254599 52.55104020080751 39.215085201216255
53.792972349483726 52.552799264594974 39.21478998498616
53.79329151171917 52.55474219017752 39.2144708893262
53.7935703486936 52.55650959512185 39.21418220754748
53.79383230396898 52.55796355025808 39.213940225139346
53.65499377587494 52.60297147331221 39.209040138940466
53.71082902148588 52.49873090048006 39.21284541233733
53.71704305719567 52.497139339086175 39.21397148316627
53.79317726697964 52.55800776245322 39.21402443766167
53.79337062007656 52.55862232705241 39.21391074312647
53.79360877541417 52.55964282149749 39.21373340273407
53.79337782474356 52.556536986687256 39.21420492086137
53.79367839063901 52.55997381182938 39.21367693725732
53.793379821499826 52.55558494081436 39.21433940392189
53.793808887184696 52.558851751710506 39.21381773747144
53.79450371755607 52.56461267789241 39.212906331356905
53.79437320023315 52.5638830207864 39.213027638263924
53.47883428142335 52.632578190983864 39.157173328615194
53.59020043461025 52.727947289005535 39.20558373050231
53.59066085615051 52.728064509521566 39.20560708912501
53.59120040848069 52.728595735633334 39.20566931091283
53.61286779187411 52.70997028962159 39.19132616525806
53.63256969752268 52.697908717330165 39.18716010614051
53.697533470081 52.67938838393093 39.20056228430791
53.7941983816917 52.56653577696535 39.21267629479248
53.79436799071091 52.56720247231787 39.21255850074671
53.79384710733639 52.56175800417536 39.21340108857051
53.79443020966887 52.56742598232884 39.21251827027983
53.794898447844005 52.568674174192 39.212276922143076
53.7950997615919 52.570538392673264 39.21198524387974
53.294998825749175 52.73466994907049 39.14495604300061
53.35524847918295 52.728811969611215 39.14123072410225
53.455001746061 52.82242479273718 39.15707692263421
53.49443636895159 52.8154767563258 39.16797604783839
53.56294288333169 52.82324103425554 39.193933068038014
53.59105473723287 52.81931723786014 39.19651361609972
53.599711897133815 52.820375827896214 39.19861073379645
53.60953875252064 52.82117492169518 39.200792422480134
53.658960467694286 52.829257731829955 39.20921046056361
53.678934331399006 52.81520543407862 39.205334431520356
53.721377527638225 52.81320004570274 39.214043457896075
53.78496483294472 52.67761942717253 39.19889107437456
53.72326903263043 52.81244465979485 39.21373759352895
53.85930456509098 52.8012680587661 39.17982688885395
53.2626998441837 52.80394902964089 39.14300458978528
53.29628369128757 52.816102041771096 39.1468487144465
53.38253381246915 52.83060016494115 39.1590998847382
53.47836537902942 52.84371874380013 39.179641735635016
53.50047110696398 52.84490773710374 39.18425708321314
53.563304305446614 52.823745093706194 39.19439997352264
53.59090901593687 52.82000656598446 39.19706464447711
53.60833319541602 52.822175649412344 39.20132798451559
53.60910456108151 52.821641932131776 39.201169324137695
53.6381863685404 52.85071453649192 39.22433037343142
53.70383623655887 52.8366991721079 39.214754894156144
53.719926534843644 52.815284543764115 39.21489493510729
53.72052178764156 52.815047496884944 39.214798955442845
53.86126766261505 52.80475875221667 39.18092394275542
53.25324955861731 52.81208896206848 39.146055833097336
53.253368930740336 52.81211736495781 39.14611271327136
53.3220475835474 52.83439347568577 39.16236970669934
53.3965729753619 52.869926481341864 39.177818621773184
53.49158130437707 52.88269268133699 39.198125664687964
53.49313150431898 52.88221286184215 39.19853032815346
53.54838252161008 52.85096731742726 39.205845032679235
53.590672557558484 52.820769483366455 39.19763629606192
53.60766206734876 52.822797020023465 39.20173708386929
53.63599869357751 52.85066213308917 39.22403480017279
53.63888544551226 52.85122461306996 39.22455315463244
53.67427832226045 52.84982381473466 39.21575778383604
53.705801392756584 52.837553169021305 39.21491266408717
53.70563752406454 52.83785308717819 39.21514130033616
53.84338878377791 52.83013989024485 39.197087897365265
53.22087950641898 52.82089622995167 39.15344286642319
53.2532837071185 52.812108037615616 39.14606657963552
53.25340239608435 52.81213565665182 39.14612344776943
53.323612617072435 52.834981663404875 39.16266395352785
53.39840409976047 52.87073058567917 39.178169887372256
53.49110222084356 52.88295512805655 39.198006214716116
53.492736891653365 52.88245537716965 39.19843323377543
53.4946607516845 52.88185419375206 39.198935156794576
53.55770481161175 52.85939052780392 39.20867550169493
53.63338784036904 52.8508298809154 39.223741956731175
53.63641294370383 52.851245298853 39.22423988633579
53.63972335846178 52.851907782899495 39.22483885533154
53.67518677881948 52.85057985434464 39.21620020159649
53.67587131223832 52.851162071821705 39.21642118286638
53.845804525458796 52.833302440752185 39.197738241757754
53.22047828484402 52.82100963118961 39.15347678761957
53.22235035478111 52.82063511743437 39.153388184727774
53.321092910261115 52.834041338531 39.162194005397005
53.396054543047626 52.86977390082901 39.17773198431563
53.48938221683322 52.883607153402565 39.19756310510424
53.490578561975596 52.88326258780775 39.197876662757004
53.49222473449783 52.88276926706685 39.19830717512889
53.494217909345906 52.88214709658987 39.19882721501986
53.55603135370553 52.86035697506691 39.20847482560001
53.633655415378186 52.85141946111763 39.22392980839145
53.636975121202255 52.851938061763335 39.22449254644796
53.64060163853106 52.85268137722579 39.225153280532425
53.67614919494205 52.85138584211136 39.2166236845654
53.676800899490935 52.85193920226272 39.216842455851754
53.83207994750398 52.85801912666719 39.215693307518286
53.13400459796789 52.85166222965586 39.16752962204227
53.22013796628015 52.821104512476325 39.15350497111339
53.22193479408714 52.82074394593152 39.15341943129707
53.32260593322572 52.83460756351484 39.16247709868095
53.397801204555186 52.87055822265454 39.178070001249466
53.48895974460996 52.883884503716615 39.19746002631601
53.49008228717558 52.883581069178085 39.19775521722091
53.49166121956392 52.88312060620395 39.19816876917004
53.49360373663502 52.882516234246964 39.19867568949881
53.55423237102923 52.861393878565416 39.208226508786694
53.634203188280296 52.85202904473267 39.2241589746731
53.63761860270952 52.85262622659083 39.22475448870092
53.64133643994637 52.85340551284139 39.22543634891629
53.67274602142081 52.890751070307886 39.22289207343838
53.673451235926365 52.89109640564287 39.2231671134215
53.673418449802114 52.89084566250572 39.223180985243786
53.67345289755229 52.89110358141507 39.22316703878739
53.83344339300619 52.86076017386447 39.216257772052394
53.13210452584508 52.852276947589885 39.16783313967133
53.21988395262529 52.82117443849763 39.153525604699155
53.22154649752565 52.820840098253484 39.15344613308878
53.395469656722916 52.86960779508763 39.17763527107542
53.399341256496164 52.87126111673916 39.178369971548456
53.488678188622586 52.88411692712577 39.197393667845304
53.48969896822222 52.883860297965285 39.197663046799676
53.491141287521685 52.88345198164726 39.198041421946556
53.492926074081765 52.882899268398376 39.19850730782439
53.4948294301249 52.882268546491645 39.19900211512914
53.64221247987161 52.90503903704558 39.22155189964066
53.64551742100665 52.905893199787 39.22204785995102
53.64899520348783 52.90656441464354 39.222627682663905
53.67283232807052 52.89374812084697 39.2225900935191
53.673496745609036 52.89368074458606 39.222893833750014
53.67357052466712 52.89365796264765 39.222929300028966
53.87309999917772 52.895258735971446 39.19352504418971
53.13052335890768 52.852803154376794 39.168097220251255
53.21972440297533 52.8212178243356 39.15353832354738
53.221213766507304 52.82091798047296 39.153466981211146
53.396958395840336 52.870279165301945 39.17792386356123
53.40054784008964 52.8718220874157 39.178606742664456
53.488557233692134 52.88427779778895 39.19736815923034
53.48947132072516 52.88406163419326 39.197610052901226
53.49074348871372 52.88371028348469 39.197944223138975
53.49230956291505 52.883227076436675 39.19835310539376
53.561170303482314 52.91429201964276 39.20521034932824
53.643354143738364 52.907130925375505 39.22126596638472
53.64625554752008 52.908026229262205 39.221664358716936
53.64924452674448 52.90864391051739 39.22215230286936
53.6725535783287 52.896587459143404 39.22214334703578
53.68644301574159 52.91229124903684 39.21176328315235
53.68655223584206 52.9120497838906 39.21179059669715
53.94331310423381 52.89118253475118 39.14972244541238
53.873476800423404 52.89537595344742 39.193553650569875
53.04878430189382 52.98355801842116 39.18817861749202
53.12112966358724 52.98914795914765 39.18828280618541
53.215112373665306 52.96850251092944 39.177136705990065
53.2162817794393 52.969406818983984 39.17726723879059
53.38175172068354 53.00690437239376 39.19808935228882
53.38667850984477 52.999786898244295 39.19753918735878
53.45638722149134 52.99700777815336 39.198384415123066
53.48939240462491 52.88417382725092 39.19759376549122
53.49049756114253 52.88387149514869 39.19788420768714
53.49183043999856 52.88346126487481 39.198232255947154
53.562603000474965 52.91594072086107 39.205089491981774
53.60576455130002 52.981675121586235 39.2036668491256
53.66343427429257 52.992955923561965 39.21512585091652
53.66457207552939 52.990310208789964 39.21566974986216
53.665683477810546 52.98783144599081 39.21622427647641
53.68013007097759 52.9633819104856 39.206952836883374
53.68023108024576 52.963212708724875 39.20701933232841
53.929556312335585 53.0035968533928 39.18402977454447
53.861758869927705 53.01001302010586 39.22340014426182
53.01391236573002 53.11631062457873 39.20237883361516
53.09545378974728 53.22276845682398 39.21040758733119
53.10013580697785 53.222865134809624 39.21056507724014
53.280998672203864 53.24892620027126 39.21356306771355
53.28259270650427 53.24884762204695 39.21357486211781
53.32337128286257 53.24121447667736 39.215989367594986
53.32550048096246 53.24156712801734 39.216001448757645
53.43218429162034 53.126707109189084 39.20891555764898
53.45338067875454 53.122492700347685 39.20686521436428
53.50420234393045 53.08117855824371 39.20037322977766
53.55973415024798 53.04684939396155 39.19283173356227
53.62216312239331 53.07087169841884 39.196995902146085
53.622564100894955 53.06998880774566 39.197104404489586
53.62303691775537 53.06892810307774 39.19723162246097
53.623506739897415 53.067854566659776 39.19735731448513
53.66321836887869 52.99384797367749 39.215108526829
53.704704539611114 53.00498305510163 39.21496414744905
53.70488536564207 53.006597158586445 39.21469144979564
53.91467987491686 53.12889869229453 39.206777728568795
53.914517117828815 53.13118419469081 39.206649271440575
53.914375760189294 53.133161213753326 39.20652867784372
53.09010623403768 53.222674336963806 39.21025702392056
53.09560701419833 53.222783597414136 39.21043427891797
53.10106039963636 53.222893988792556 39.210613733308804
53.28028830277189 53.248992026847986 39.21355518344918
53.282108408877164 53.24890301247194 39.21356859017389
53.32330604623144 53.24121539091645 39.21599132448364
53.325844932667025 53.241637114272514 39.216005971858245
53.39947441464869 53.24215831988249 39.217193441802934
53.42208008482081 53.23412650560502 39.214089985710544
53.42275813520812 53.23402136979134 39.2141036051818
53.55320539567537 53.15365722599078 39.201710613076195
53.5563155180674 53.15140954546398 39.20119661404673
53.62165624338432 53.07247979210427 39.19687686887856
53.6220484324878 53.07164053084079 39.19698388715527
53.62248945221239 53.07064420771602 39.19710229359434
53.67201378458825 53.0890703030016 39.19897603093289
53.672303002255575 53.089239582293985 39.19896572939419
53.913662686839515 53.14314339957543 39.20593073457611
53.913528978413225 53.14501347114009 39.205816704946315
53.033790555246284 53.24454341057912 39.20479224883232
53.089600035968104 53.222681693675185 39.21027202272018
53.09578665769519 53.22280121369592 39.21046533017052
53.16982081014241 53.24405762973595 39.21405798200942
53.25592232637233 53.26884687576201 39.21613984291571
53.28158444176364 53.24905227939523 39.213554183292246
53.32336533280409 53.24124624917823 39.215995838513564
53.32632345611181 53.24173998100812 39.21601337533192
53.39920118837908 53.24225070566406 39.21718881016746
53.42201177061219 53.23413515407633 39.21409317439075
53.42278616459032 53.234015172446675 39.214108511232645
53.49232137853366 53.19247074590646 39.20596925230634
53.553920917018964 53.15322692566902 39.201628754397724
53.557075119816346 53.150962014473805 39.20111360232342
53.621377608417305 53.07348910069837 39.196816052243925
53.558855400508946 53.14969201849078 39.20082634527681
53.62195305898534 53.07211278316896 39.19696774052219
53.672161069810215 53.08959002797702 39.19894316547433
53.98806485958511 53.182382550289375 39.2150703147922
53.9884662164226 53.18324073083055 39.2150639772089
52.98568705033397 53.2341303933574 39.20890384333624
53.03393470613115 53.245082397463655 39.20476088196514
53.08926567478647 53.222693576869574 39.21029456082276
53.095978070563504 53.222819815523856 39.21049811258215
53.17096528768714 53.24439837748913 39.214025711828015
53.25615212182155 53.26924022534493 39.21615436519336
53.25657526193973 53.269721597537654 39.21622080378771
53.32360897894972 53.24131876265993 39.21600360676321
53.32691724241822 53.241874909327294 39.216024008437174
53.37848955443439 53.2501374580701 39.21469585826053
53.421902950524526 53.23415126387755 39.214092779604975
53.422745750742834 53.234020929438216 39.21410889459384
53.42868883070486 53.23713840977159 39.21311610214519
53.428624309281595 53.237162846061324 39.21311074655421
53.55279386948835 53.15407941789714 39.20183093921453
53.556631777524956 53.151296977457974 39.20119297626687
53.98811979830943 53.30242876433179 39.204722784979595
53.98967468637309 53.32294319499525 39.21623764198242
53.03401879052125 53.24549548217602 39.20477489476309
53.034180517568444 53.245917008151146 39.204679733372586
53.06025437504848 53.24751103916533 39.205929621482
53.13010428399687 53.25168231353554 39.210977181423814
53.206579661014906 53.270001990695015 39.20924693526452
53.25656014069533 53.26991874670729 39.21618340243257
53.257060774965424 53.27048233299447 39.21626298005867
53.29779117346936 53.26295943169845 39.21882426853321
53.34677710689303 53.26792996714774 39.218524131760944
53.378474921859336 53.25017907997357 39.214705578512614
53.399702362168405 53.24217389403573 39.21721848933275
53.42267831983211 53.23403199289726 39.21410611402706
53.42228957106194 53.23409262903361 39.214097464971836
53.991010544534774 53.323472212007566 39.216248691368655
54.0056496600551 53.335168677757494 39.214169736519075
52.9804375861583 53.23580969731135 39.20907255866142
53.0343666721012 53.2466097471395 39.204638145759105
53.0345257128779 53.247023374917724 39.20454427142695
53.06172235949453 53.248658250817044 39.20585400105807
53.13021638517992 53.2527341563954 39.21078423780935
53.20583170426152 53.27085721157923 39.20911303021999
53.25712305158838 53.27082997501968 39.2162275272985
53.257696095342766 53.27146551588354 39.21632017687217
53.25830288833469 53.272141681964186 39.21641776088219
53.34596848934207 53.268546291936644 39.21860155869168
53.37846762924134 53.25022388855507 39.214713746386565
53.39951864351428 53.24224545283296 39.21721753293628
53.378506982114956 53.25022000188876 39.214702527067715
54.009090582535066 53.33669370700151 39.214230523214
54.0570735103844 53.37219069074006 39.191645335907566
52.98600612695119 53.263220246100246 39.20813996725395
53.034778527910404 53.247875719276315 39.20445883145514
53.03492461636171 53.2482570373533 39.20437305284161
53.06991844378507 53.27763051277242 39.204666550942235
53.12925090066495 53.30652081440098 39.19960136398914
53.18873920399476 53.281162217314886 39.2057691268086
53.25776207700555 53.27182901333258 39.21628340368023
53.25836832781066 53.2724858725272 39.21638395670291
53.30260430083911 53.28350953586267 39.217362970679325
53.34513589007571 53.26917297699545 39.21867950948712
53.37846769587733 53.25024608234928 39.21471679335376
53.34579304704961 53.268698037607955 39.218622392161265
54.05860195575832 53.37197826518275 39.191812509963434
52.98626831137244 53.26411927567918 39.2079148727276
53.035183937451094 53.24908747075165 39.204271059749345
53.06914450168643 53.27771783718151 39.20459226098185
53.0709319116329 53.278680447849254 39.20443806313001
53.129416613227875 53.30653258546988 39.199605495293426
53.192836054026216 53.30054267930146 39.204094998527246
53.24623920023693 53.30048036855932 39.211541511773575
53.24752954403219 53.300417806686845 39.21183994905046
53.30223247489812 53.28375092708022 39.21738994328251
53.34465078327807 53.26953470402022 39.21872416454646
53.30358183816969 53.28338664175135 39.21744714907969
54.13124331971226 53.42005456605846 39.18941411645902
54.12656044342155 53.46018274271194 39.20921638179639
53.0685819367401 53.27785746054954 39.204516954312645
53.07010988872857 53.27868581097525 39.20438360881212
53.12709629663833 53.306384692336536 39.19953171025958
53.12952754626454 53.306542381598234 39.199606456522666
53.19260942118575 53.30063305133174 39.20406224657609
53.24615795031107 53.30059050877664 39.21152990847122
53.247354221429504 53.30052873399839 39.211806332684716
53.27676420189995 53.34092897381696 39.21067767870029
53.27678321908192 53.340965115706425 39.21067776804905
54.12729984139587 53.461946828268594 39.20914445066992
54.12816568864063 53.464069557662896 39.2090567051902
53.05448573969694 53.36975801784395 39.190229650920976
53.122288912823784 53.35322573164515 39.198141879963835
53.124197474171964 53.35517892828467 39.19815582131665
53.1681546485745 53.406355094605786 39.19666294190932
53.19297007810732 53.463253900882435 39.19551413610072
53.193086803797925 53.46334864755496 39.1955275914658
53.2651845091791 53.40636529700225 39.206058561862356
53.27680991190165 53.341284913072826 39.21062872761073
53.29471964464994 53.39760823484784 39.20433191170189
54.129263158267996 53.466810136423945 39.20894240311279
54.16143166474167 53.5024415913563 39.2057234350062
53.006693881662635 53.443491460039624 39.17255880082504
53.11509732598485 53.4723672805592 39.1872129252626
53.19285621033252 53.46316285065849 39.195502266639906
53.19294607124016 53.46323719483394 39.19551390638718
53.19306029829478 53.463330606969095 39.195527706777014
53.19318132722496 53.46342864195983 39.19554147142198
53.22825375695591 53.458488494630345 39.19706824683916
53.228386368766465 53.45845316690081 39.19706818198581
54.162461099390946 53.50730084372116 39.205381678169815
54.16266385845459 53.50830610608536 39.20530910353857
52.9424350503145 53.513875594649505 39.1683522531889
52.94436918200017 53.51390672269643 39.167939833521245
53.11372253536999 53.47269454667108 39.187070069568804
53.19294196225354 53.46323496174736 39.19551443868427
53.19304064804459 53.463316604204664 39.19552721900156
53.19315845148984 53.46341291439231 39.19554142716642
53.19327519438487 53.463507257803144 39.1955545037187
53.228158428315666 53.45853606848682 39.19706911976489
53.2275839389888 53.45874459698891 39.19707146793104
54.217427498588364 53.61258068574472 39.18204632543749
54.17914149341585 53.51904634378692 39.1986598298152
52.946998484638186 53.558537600179704 39.182640785885546
53.003585746293986 53.59790852491126 39.18022400466944
53.0897347884947 53.62008970070848 39.215705323113426
53.15881130756826 53.60606609159565 39.224027740404836
53.15913970112244 53.60503780949081 39.22386071786369
53.21008128302658 53.60074917905028 39.22407852320532
53.21038841680294 53.60081103168653 39.22411906788853
53.210513762449715 53.600882275009454 39.224145563515776
54.21749445542942 53.61282214168709 39.18194409417724
54.31114312604986 53.632389796091076 39.17997107847983
53.00403140740493 53.60020410016102 39.180491998868376
53.05488334929623 53.65655833919027 39.2008983628316
53.101160597161304 53.67327544697363 39.22288454282108
53.15846770416819 53.67613486430998 39.2373070498956
53.158872650775834 53.67614324997258 39.23734279464185
53.194554686292776 53.669135168123006 39.23863115855881
53.19525461660107 53.6688457738699 39.23860484745836
53.20929006517049 53.671860562575674 39.238769017261866
54.39090341011393 53.64369076289546 39.17752724872436
54.398211521702784 53.64713578485424 39.176406597270386
52.96538088623839 53.60454086885753 39.184362628069124
53.0531859596624 53.65642239188766 39.20033223749391
53.05532232670146 53.656809046550165 39.20120244154359
53.15804741005494 53.676140721305515 39.23727758700346
53.158401157986674 53.676153472399434 39.2373116580418
53.15886193297874 53.67616501573979 39.237353380549955
53.19421488097749 53.66927716627676 39.23864575560224
53.19518337098635 53.668875507363296 39.23860786098555
53.194764907755825 53.669049287517055 39.23862451632087
54.46107940269975 53.72422238665995 39.172219754362054
54.461180339438286 53.72412335143497 39.17219132633992
52.954394367987874 53.71341320068423 39.20983336635592
53.060913251209314 53.68557275648607 39.2089569883153
53.06295946065809 53.685609152224686 39.20965925498767
53.15799736896206 53.67615859540196 39.23728308783944
53.15837167267314 53.67617548280269 39.23732091947213
53.15886390547365 53.67618982576083 39.23736654543669
53.185182384428124 53.682227632799695 39.24002474676543
53.185230217767966 53.682239510130046 39.24002573910907
54.46126360584788 53.72404185622275 39.172166856914146
54.46133742554772 53.72396974960893 39.172144445703935
52.95201133325175 53.7146154037615 39.210366138097186
53.06102776587137 53.68604216618681 39.20894533216891
53.0630332348634 53.68609313869666 39.2096319482406
53.1165150155797 53.69183651356485 39.226152700215955
53.15839416393081 53.67619641312301 39.237333637904776
53.15888135407166 53.67621144358043 39.237379234095
53.18519820628346 53.682241780275746 39.24002807502599
53.159095785167835 53.67621463566178 39.23739750724734
54.46137806984122 53.723930246684496 39.17213111037941
54.51084235316306 53.73507645424566 39.16549311728472
52.93841954911982 53.75071899990808 39.22051815552486
52.94831134293901 53.75100011091568 39.21961869984302
53.03613588328459 53.7391956266716 39.208242028946586
53.07661148553017 53.742603972477 39.221844977031694
53.11450420094077 53.72837215011132 39.23485268996218
53.158465346988045 53.67621122886573 39.23734691860868
53.158895810908646 53.676219335175716 39.23738449212272
53.15873469265587 53.67622025003779 39.237372499870325
54.51122624403683 53.73604713517783 39.165577233002146
54.512010168170036 53.73802928641247 39.16574894928393
54.51193033449883 53.737826636204474 39.16572994465884
52.93459054597212 53.822525469569435 39.231082149688
52.944341354233345 53.82670755643672 39.230791314633734
53.03023309910278 53.817077529702956 39.220004528731
53.030891258830685 53.81594658135859 39.21992028336763
53.07622630265074 53.74472308551596 39.22219112038156
53.11433778956575 53.729045990014974 39.234868834972055
53.113520106715995 53.7302970248706 39.23480185002897
54.51215096145036 53.73838409839708 39.16577751876724
54.647055336749276 53.83907407379147 39.15964584979231
54.64739110775737 53.839116657987404 39.15959864098312
52.938602512413496 53.82529445544178 39.23090958883836
52.94783083523279 53.829255015950054 39.23063420836139
53.0289346654013 53.82085440217297 39.22057192666903
53.05059531082476 53.87674732301842 39.23426510036516
53.101616545883246 53.87595120030522 39.23980049980864
53.10181802152566 53.876110907520186 39.239836437580095
54.64963780675558 53.83940463574496 39.15928182634404
54.70708723838497 53.891159351934974 39.16832235736
54.679067470710386 53.88461994148359 39.167748960556494
52.916537865667706 53.876648087747334 39.23334831248006
52.99925231310189 53.903587675510224 39.231391842220404
53.00033416507786 53.901871547314684 39.231325864968404
53.05076263691309 53.87771779724007 39.23438231037996
53.101822032132205 53.876142279878614 39.23984395538948
53.05194662663478 53.877856611812284 39.2345679530424
54.707211627853546 53.891987148925 39.168605461397
54.70742834800268 53.893400692688466 39.169097046715855
54.707535283670026 53.89409069057294 39.16933917596907
54.7075457892995 53.894169379554505 39.169363593323794
52.8977661173299 53.882477620962625 39.229998929533885
52.950959149059344 53.95816594979286 39.23085978506743
52.952023561776755 53.95710846948984 39.23088321812337
52.99856465443132 53.905046289306796 39.23150669754453
53.05097341054977 53.87846984355964 39.23448494701239
53.050648264948286 53.87869147699673 39.23445881839011
54.70764767958843 53.89483753436071 39.16959491756781
54.73013246748003 53.94809074153366 39.174574426500946
54.75127268132428 54.009176069897066 39.1767028191867
54.75115298252379 54.009081636244574 39.176805408868695
52.92527195383366 54.01059934810283 39.233770638562284
52.94986460115551 53.95994591891444 39.230963375135154
52.9510028608842 53.95889228074809 39.231002668933094
52.95197555278847 53.95790916477514 39.231020992849295
52.95223909033061 53.95762356845977 39.231022411164574
54.751290607372454 54.00919083507762 39.176687176482105
54.751592541589005 54.009430567900836 39.17642771459895
54.83717052330489 54.0521271592856 39.17677871998371
54.83703159240922 54.05206090477877 39.176791372008466
54.984190228626076 54.1393883213512 39.16978023362199
54.984246303314684 54.139289635374716 39.16972499611431
52.92493675680562 54.0114026199426 39.23379345407979
52.925629106936086 54.01106475829269 39.23389223017985
52.926305121506104 54.01076181871963 39.233991651668134
52.95129751290821 53.95908550391285 39.23109875222487
52.95087732843847 53.95970711293246 39.23112714338635
54.83718608604488 54.05213425804296 39.17677772306781
54.98415544760651 54.1394999972338 39.169812917884684
54.984180626457416 54.13949321680164 39.16978694173136
55.032934316733076 54.133258896917326 39.163062434729326
55.03433091745486 54.133559012969926 39.16301093983953
55.03384708482297 54.1334555926928 39.16302825647787
55.07674948407073 54.146763993487326 39.16092832576113
55.12308732796524 54.17266754814828 39.1586478710745
55.12309064356011 54.17268612988365 39.15864146124541
52.89894674021271 54.04672855949033 39.23153811548654
52.92526239058923 54.01206238140384 39.23393031130583
52.92594069720816 54.01168431387583 39.234021887454816
52.92620237300426 54.01153338415102 39.23405665462014
55.03434468567106 54.13356292057729 39.16300953089323
55.076815884939734 54.14679490699797 39.160916526776866
55.12309287747475 54.1727375684018 39.158655700558654
55.12309923434756 54.172796972919066 39.15865474966613
55.123102717229884 54.172816457553026 39.15864799991406
55.12310084239023 54.17281294957121 39.15865496193685
52.88458641267799 54.0658944786973 39.22591877754745
52.89862024114801 54.04851981370918 39.231621047212386
52.89880286290541 54.048180115587314 39.23164019107472
52.92554813603864 54.01263722567204 39.23404995153827
52.925632242418175 54.01257171538849 39.234059249095694
55.123108905818924 54.17289478771829 39.158656848533724
55.12311374801446 54.17292671409501 39.1586497710224
55.12311275757918 54.17293486273654 39.1586582181512
52.88262476752986 54.096595754342275 39.23228681901049
52.883177571605415 54.09577654438073 39.23235037747909
52.88368109911547 54.09503850634148 39.232409922862296
52.917289192798656 54.0462535197272 39.23505537431966
52.9169494753332 54.04670881659423 39.23502621113225
55.12312237747301 54.1730339820558 39.15866117660874
55.12312237358205 54.173042792267196 39.15866539557078
52.88241383814645 54.09693183604931 39.23226733372907
52.88295955308075 54.09612269323899 39.232329988222716
52.88332407053228 54.09558679617906 39.232372768057054
55.12313152147743 54.17314336960042 39.15867122310046
55.12313173583291 54.17315309242226 39.158674872073945
52.87650599387081 54.130034928849426 39.226229850019386
52.876650907045885 54.130038051305156 39.22619186475313
55.12314127940847 54.17327013552796 39.15868672876182
52.8780586245969 54.15833986362651 39.221904767099154
52.87827014364368 54.15851530110094 39.22182559216547
52.8783868883077 54.15860819293674 39.22178223578721
55.12315300385107 54.17342651157024 39.15870729668002
55.12315129664212 54.17339516502014 39.1587002121811
52.87037251387875 54.17963101272221 39.219194047360794
52.87046621184329 54.17965158081148 39.21918047416067
52.88206571710201 54.18638234298858 39.21511528093337
55.123155198314855 54.173443689197256 39.158705380800036
55.13211764747957 54.221098315821024 39.15684232065138
52.83539916650368 54.25395768765724 39.21964153611368
52.88181834932097 54.18701208944996 39.21503087133186
52.88190022574882 54.18680304307944 39.21505831206872
55.1319626876623 54.26168130621282 39.15154600530909
55.131959836594504 54.261659058817074 39.151550315652834
52.77976118222302 54.32462782570468 39.22231147727249
52.78285626490447 54.32099706762557 39.22187570308091
52.83457803581264 54.25503636628285 39.21974745370483
52.8363292979124 54.25272616212267 39.21952670176554
55.13059615075468 54.292374774783255 39.14483099453558
55.13212993683116 54.266676029588105 39.151219691974305
55.13058813211184 54.292361293161846 39.1448314037373
52.7766627697068 54.328240242408604 39.222721831536774
52.77991633314961 54.3244283989696 39.22226935765886
52.782559440783245 54.32132518180274 39.22189412558441
52.902680610698056 54.341739877499535 39.22236847189956
52.83479126325611 54.25474539958169 39.2197257330221
52.903185468382134 54.341913380590604 39.22236587795406
55.13066874674262 54.29247315028044 39.14482866699798
55.13066367592759 54.29246539833987 39.144828880780366
52.72130692161465 54.395551581124494 39.218122486990076
52.77762996019131 54.32708336581763 39.2225597153815
52.78032112451973 54.32392986013344 39.22218479863937
52.86223559541813 54.3953114098867 39.226919936746036
52.98970020797768 54.41502742162835 39.22527982861483
55.0693944794841 54.36039930617449 39.15712746119211
55.13068727018159 54.292498354136605 39.144828067142996
55.10390406181397 54.30687223260466 39.15116458398379
52.720013615575354 54.397180283268554 39.21752334857805
52.72001172498897 54.397201661020134 39.21751938237221
52.850619085735715 54.39286013203947 39.226968344566274
52.98994011710796 54.41509706563531 39.22528124315267
53.1086800357664 54.47029362214563 39.22256357201098
55.022127315138135 54.45878487676667 39.160207760766355
55.0221282969348 54.45878647875024 39.160207405493146
52.71886389370732 54.3986535688528 39.2169865945226
52.85399251605579 54.39362867927611 39.226931286256814
53.10868526400906 54.47119124911069 39.22257918096766
53.10869487819422 54.47119677197479 39.22257682486837
55.02213497688257 54.4587983818342 39.160204989521716
55.02917291303493 54.46743052761236 39.15660765938956
52.763870450602546 54.49687307930101 39.25004804672093
52.792357718831454 54.62822651761 39.27453869019476
53.00981287125076 54.57293614656279 39.247146264751805
53.10872948683833 54.4721855464637 39.2225866359139
54.99366037735554 54.49443359727043 39.176845793000844
55.02918063202861 54.4674424291122 39.156602595756524
52.77244329994093 54.75648693473319 39.29686677139293
52.9002895232843 54.69354640337049 39.2746378200992
52.90995610124132 54.68610115597112 39.27227650525669
53.00950342147374 54.57416419804219 39.247235537216206
54.97833161646756 54.50408483570229 39.18178623653305
54.97845202859979 54.503968409748595 39.181716452441705
52.7742129147875 54.75668822382673 39.296831194540395
52.77536751154189 54.75684340562586 39.2968085237425
52.901146919338274 54.69290796838419 39.27443047531659
52.91183010096316 54.68467596552928 39.271820468809956
53.00728304411834 54.57650061803753 39.24778287497746
52.913773052303455 54.68317817156823 39.271345725605016
54.91358035324129 54.56476832723203 39.21325302559017
54.913578119089166 54.56476958343633 39.21325353913925
52.81657639231727 54.785179381111526 39.295340198902984
52.86317882247578 54.78437078106658 39.287755004226085
52.868146140448005 54.786655313499836 39.286939326684866
52.870569635049364 54.78776872016216 39.28654122537276
54.91354279262961 54.56479129294523 39.21327190630183
54.913526632887994 54.564798147839404 39.213263237725755
52.81657447403008 54.78513688212038 39.29534211779658
52.863738149146776 54.78463912641497 39.287664484359425
52.869881054986266 54.78745977139956 39.28665522071216
52.93244130232087 54.82389593169945 39.27539485974738
52.87398578739533 54.78934094286549 39.28598039327876
52.93292231806857 54.824132903010835 39.2753093697228
54.91347102710576 54.56482983762668 39.21327837327949
54.91347335627674 54.56482723751501 39.21327067606934
52.816677533331365 54.785700519056306 39.29532650399529
52.865349161360314 54.78539606944412 39.28740185549342
52.87274378852258 54.788783795387545 39.286186020562546
52.93539717246608 54.825329350216876 39.274873525296385
52.999504051052185 54.87341562149558 39.26803329897968
54.915407314768714 54.660558831099834 39.21019214092892
54.91541768774742 54.66041617241005 39.21019844527921
52.86855870264243 54.7868892337146 39.28687685795886
52.93422040703449 54.82474922119923 39.27508273963312
52.999285149521285 54.872960410036946 39.26798440646868
52.99969031481025 54.87380373482644 39.26807480166451
52.99959794848704 54.8736109623584 39.26805426115247
52.99991920025156 54.87428401986898 39.26812536601253
54.9153727165366 54.66830583327026 39.20968416441542
54.91538096874609 54.66753725561556 39.209733050764356
52.904122031366654 54.871282253752966 39.28530090247599
52.9496004169187 54.86084754831916 39.274212721684
52.99950671870549 54.87344467595309 39.26803085211097
52.99999653405334 54.87445535561414 39.26814127737937
53.011675623370294 54.89292587362911 39.28516280078699
53.000250110212875 54.87497948465783 39.268198327409216
53.01212218738749 54.893736138054734 39.285541293440005
54.89866289233443 54.87234077107789 39.196704810092115
54.89870824375751 54.87244352916736 39.19667241842187
52.950242559880984 54.86289755903078 39.27431755958604
53.00005910035625 54.874643487129106 39.2681477413934
53.01208758457149 54.89370416986222 39.28550923998928
53.02582388781519 54.91740220823836 39.29001010851713
53.02660137057235 54.9189010817031 39.2906777791271
53.02637397547784 54.91846034602432 39.29048666984506
53.0266538821155 54.91900221087798 39.29072306082934
54.89935472576788 54.8732279530593 39.196363937997205
54.90003413746746 54.87407657850109 39.196034283135766
53.02501521427949 54.92308182602747 39.288538070072235
53.0272499865693 54.92020520186642 39.291139605582366
53.0282857858256 54.92215888533575 39.29210567655899
53.030171647093404 54.94678526703922 39.291996926073054
53.07653254117367 54.95823691741051 39.27903150754158
54.92368791070112 54.91999387609357 39.17393009891805
54.92383786793884 54.920833158502276 39.17363565851908
53.02159139759464 54.97178167895028 39.307673531136274
53.02466364333728 54.971229534767446 39.30826273714912
53.0259477866729 54.970940585520836 39.308464937677954
53.02589503415467 54.97072781456964 39.30828639414959
53.07727327636695 54.95903589845438 39.27960387820296
53.07707738384792 54.958476708502985 39.27891969884736
53.14194105866448 54.9538016422905 39.2602150930427
54.91580167710602 54.9310877670553 39.181871201468184
54.91575914807372 54.93146526845153 39.181806840986276
53.01190252226082 54.989941578814296 39.31625862630345
53.02719005982679 54.97268904832636 39.31019739481192
53.0266944860967 54.971944306938155 39.30947047815368
53.07764040855568 54.95979749887538 39.280447492574666
53.14259191567096 54.95366156316021 39.25955907628142
53.143188306542314 54.95339773801035 39.259221304358505
53.14401296118741 54.95312622663356 39.25857289829135
54.915915856930454 54.932949456214374 39.18146889278986
54.95459411484433 54.94307214310922 39.16341508278948
53.01175639591782 54.99596503445377 39.32001132811627
53.02659635252661 54.973070700082516 39.31029189431886
53.078172830361495 54.96032184389179 39.28078240955794
53.144220637586784 54.99156294366113 39.25926246623545
53.14922017576812 54.99285986588799 39.25591268842597
53.14908219628544 54.992800579814286 39.25597975599507
53.14946653173035 54.99292746387539 39.25575161346076
54.95550374995571 54.94511783727677 39.16264160939657
54.955348449683854 54.944752422005905 39.16274007954188
53.00880818054835 54.996954008361115 39.31961273058196
53.00894940563888 54.996910735690605 39.31961160544513
53.139516860348806 54.990769823090524 39.26287548070525
53.146249983425264 54.99236255704025 39.258197907999666
53.151003151684 54.99361342933663 39.25503249822264
53.283941232652765 55.02078315055464 39.211165354588644
54.93796923042756 54.98191563401088 39.15976573120544
53.07213399624273 55.04891743017998 39.264157006423
53.07244046615972 55.050705198981504 39.26255725685659
53.165486530111 55.03361853457004 39.24671758628986
53.20094634996465 55.03686259963352 39.24618657612901
53.28141754467086 55.07909530089999 39.20448227693553
53.28397918183764 55.02106611960825 39.21113192099973
53.28202454923829 55.07975791272736 39.20434571532984
54.95266708603731 55.03711631703909 39.146574012178206
53.073165014514544 55.05496596144137 39.258763856424224
53.16867826493501 55.035992297520366 39.2438643394245
53.28151500069207 55.07920177554212 39.20446024372412
53.282221664243764 55.07997273532234 39.20430178536741
53.314986253125916 55.11784761857092 39.19623322704505
53.28210701649317 55.07984793135873 39.20432716618922
53.3152051085539 55.118127601972546 39.19616766235521
53.31515313751133 55.11806111009541 39.19618326332145
53.345577258344306 55.126562988773756 39.199075610559575
54.951897917665406 55.038949848386366 39.14653633664178
54.952246390883055 55.038123575650005 39.14655130249456
54.95192295982677 55.03889480315613 39.14653534684078
53.13017745068733 55.10634104753175 39.207226158509854
53.27162396771074 55.10060726055974 39.196899625675435
53.315043518216115 55.11792091158169 39.19621585858855
53.31526663015404 55.11820633561156 39.19614904911566
53.35952538568725 55.14409310929897 39.1948710215817
53.39458394103496 55.18205247214065 39.19177954894086
53.360837303130054 55.144666702202215 39.19492081247146
53.39515628113922 55.18232752816529 39.19181741829105
54.94615768374854 55.1831429682494 39.13460728163045
54.94616374141627 55.18315493844439 39.1346062951969
53.297241042382744 55.12645920269124 39.19185351434611
53.31535113468843 55.11831446461112 39.196123594596074
53.32175191066351 55.14009165057676 39.18933504520496
53.3940402614172 55.18219462601775 39.191683004424945
53.39509608044325 55.182673487732416 39.1917571493157
53.395928402369364 55.18304438825052 39.19181658931137
53.395536115933005 55.18258592209585 39.191831161968956
53.426699927801266 55.248541182773636 39.19953949361438
53.42668400847026 55.24829793291576 39.19951510328246
53.42671359950285 55.248642254443084 39.199554312595026
54.9563185081466 55.20606608773186 39.1279573389387
53.356298842289654 55.178462891669696 39.186103611723
53.39455055537333 55.18289866140667 39.19164788502743
53.42671697931147 55.25093731133869 39.19968697367735
53.42682910206385 55.25138052478873 39.199786588736984
53.4269296457546 55.25184229352331 39.19987957179953
53.42700807504397 55.252261950774525 39.199955481887095
53.42692145240754 55.251084976852994 39.199831098081184
53.42703777125526 55.25244049437245 39.19998534062415
54.61961579060818 55.1960126664184 39.20422049081852
54.61825741109508 55.19315906305064 39.20437833980213
54.61831290771683 55.19352086898098 39.204128646201085
54.66566797266945 55.26856536843038 39.21280813140844
54.6189900543327 55.19448162589425 39.20450798866749
54.66772365534012 55.27286516660571 39.21230106894802
54.66477965213119 55.266661421286074 39.21301936287887
54.66956092975104 55.27669504305577 39.211845631025554
54.66776166906445 55.272906209303954 39.212285080750576
54.75297549690593 55.36513022850532 39.20575010052786
54.9622902651121 55.22476137983671 39.12619772392228
53.42695098998166 55.25505980307578 39.200076576745666
53.42707724833748 55.25562022702767 39.200192235828524
53.42718579755223 55.25598406016533 39.200284967886674
53.427261082442044 55.25610273104492 39.2003416869927
53.42730000353201 55.25600385042599 39.20036190464644
53.48706042284894 55.275838224394555 39.18545434890397
53.42714263284148 55.25365310232138 39.200123856720275
53.59723514687484 55.3365176846997 39.18655636209043
54.6197962867067 55.196952126231594 39.20364374977585
54.61892447802457 55.19513103921315 39.20373478373001
54.585304861710796 55.19768435438671 39.18612297491049
54.666151531928186 55.269614553482484 39.212695341345224
54.61834388090589 55.19362317467964 39.204088108201184
54.66795971851482 55.2734179557349 39.21225298501451
54.669975522663016 55.277645807004774 39.211757729693794
54.671907847020634 55.28168264430213 39.211280246807874
54.75106502625238 55.36489357017028 39.205608549438125
54.75358967471691 55.36520624768491 39.20579961256841
54.75349506606411 55.36519456740912 39.20579005055112
54.75615804029168 55.36552430402865 39.205996291052536
54.75609710825094 55.36551676269311 39.20599134911288
54.75640377663936 55.36555473342284 39.206015214941274
54.9482404600092 55.23831759233518 39.13041605180133
54.94823005004625 55.23828880066061 39.13041659370702
54.948236184652075 55.238308476151495 39.13041351634225
53.427643980250004 55.26124083254221 39.20088783668365
53.427671987326065 55.2608847200335 39.20088619209879
53.42765039588823 55.26015397021267 39.2008303341364
53.54911301037312 55.34563399239063 39.17384663957202
53.60747160409564 55.37007124813419 39.19272980607452
53.59786103971622 55.3365529961096 39.18656281522156
53.66431749209639 55.34697885265645 39.16993723297774
53.706467187271244 55.332431144752505 39.174437763819085
53.7075745361157 55.33276188591066 39.174960295618384
54.62733899625172 55.27395062290567 39.19623187954174
54.540310326782055 55.19457703131731 39.18521973506657
54.46410420766277 55.243386694406766 39.14717489278328
54.628485986478836 55.27567510789264 39.19623886106513
54.67191083564927 55.3604921242644 39.185631241440305
54.67356363517382 55.36045581573433 39.186372648596944
54.67534802672769 55.3604177349597 39.1871656856803
54.74863701698766 55.36459278610443 39.205429689272655
54.75092409270063 55.36487607569799 39.20560047181017
54.753807557117774 55.36523319543889 39.205818501615994
54.756791612116785 55.36560272527888 39.20604726279648
54.75925229367804 55.365907415606316 39.206237698023926
54.759151473811364 55.3658949351521 39.20622967342969
54.75942490302748 55.36592878819023 39.20625109014623
54.91798321510511 55.29290147125642 39.15850542557652
53.42810853314388 55.265605677695945 39.20144425003109
53.48869460827441 55.32813780905945 39.18959363022205
53.5488073892996 55.346575131565515 39.174209399911646
53.60773946818618 55.3701958876852 39.19250032018561
53.61694315904474 55.370274970821114 39.19220160242485
53.71070108166439 55.38035409192689 39.17260020653788
53.70789138623887 55.332860817676575 39.175111116006605
53.78570570652363 55.37012341924557 39.18461084622437
53.785924820971545 55.370080205578304 39.18465224447922
53.787233274272026 55.3697945212923 39.1849513381524
53.7872815387538 55.36978495820797 39.184960540305234
53.788039057837075 55.36964111171234 39.18509323877555
54.32730481913589 55.26391260000038 39.130261125051305
54.32731037081938 55.26387857837214 39.130269822845385
54.32725178232977 55.26392164325962 39.13026726553951
54.44697864033509 55.272538367144314 39.14146983231166
54.463909339398526 55.2432147505545 39.14716978087377
54.66937625774182 55.36054906009669 39.18448597758073
54.670422154394714 55.3605251042876 39.1849616227062
54.67184563337056 55.36049314531297 39.185604714004555
54.67359002117129 55.36045475826982 39.18638764548456
54.67548672295565 55.36041417491731 39.18723129619976
54.74853246782067 55.3645798186229 39.20542301555316
54.750970386231785 55.36488179321586 39.20560500966736
54.75412865618405 55.36527294432777 39.20584404900972
54.757428933030596 55.36568162446766 39.20609763436743
54.760156518009055 55.3660193537243 39.20630937480298
54.76160192061187 55.36619832014419 39.20642178572905
54.917274146499516 55.29376052024267 39.15900569116191
53.597567137919626 55.370092183910735 39.19285988977385
53.60804214317981 55.37033821343138 39.192238324751756
53.70827202089123 55.38076266397716 39.17190296762304
53.71049831191351 55.38043896552601 39.172451427917835
53.785270813088445 55.37026121112666 39.18443100138899
53.78686718990288 55.36991117737335 39.18479869851943
53.8416290272797 55.35989975957863 39.19157621672931
53.84182100869596 55.35989562335571 39.19154246617797
53.8443638856387 55.35983853201295 39.19110162022166
53.8443953263981 55.3598377285266 39.191096431748186
53.846994705877194 55.359792533772364 39.190610413089175
53.846955747899706 55.35979281239899 39.190618768700446
53.84928291527254 55.359765258420936 39.19014896103447
53.849231330621116 55.35976557193951 39.190160173690444
53.8511003609608 55.35975375459623 39.189755143736505
53.895483372941996 55.345376785072986 39.17077125440313
53.89582177015774 55.34529099115711 39.17053338843666
54.32703529220748 55.26409610279323 39.13025348660112
54.327038702232805 55.26407012462597 39.13026026396321
54.32697156398659 55.264107640707536 39.130260675235036
54.3271561025589 55.26407281055064 39.13024025994679
54.32717062141256 55.26398330705046 39.1302631561167
54.32727886957207 55.264046696592466 39.130227509403
54.55027902325754 55.33005732042891 39.16045962842197
54.66927551064392 55.36055150545009 39.18443924912441
54.67033908258328 55.36052727481954 39.184922072389575
54.67176522979896 55.36049537281133 39.18556559602984
54.673506583567224 55.36045716940545 39.18634639265916
54.675410088055756 55.36041648166556 39.18719279688038
54.748750805666006 55.3646068831321 39.205438020952656
54.75123792602211 55.36491494575391 39.205624104035486
54.75451269171805 55.365320514107914 39.205872657393
54.75795669424262 55.36574697923146 39.20613812159384
54.76079977951913 55.366098998347724 39.206359566684384
54.82467646183136 55.42844710981451 39.204802025938235
54.761963858665894 55.366243131616685 39.20645012004942
54.88251055439981 55.4926611222718 39.20361591774217
54.88572107499344 55.502532134118795 39.20279392212724
53.60835542146443 55.37048635558321 39.19196565232133
53.70788275222927 55.38091079614571 39.171643761967786
53.71015799505317 55.38059294899014 39.172181143858346
53.78490130195395 55.37045187007746 39.18414003360772
53.786482715414024 55.370098908940676 39.18451594117327
53.78818269277066 55.36977010402288 39.184824988458836
53.84443237084995 55.3598450777884 39.191068025811305
53.847038680265186 55.35979980522806 39.19058059673157
53.849321002693685 55.35977190886447 39.1901221892101
53.85114059970527 55.35975954347193 39.189730184343915
53.9480309958271 55.35047258682347 39.16761423578377
53.94817621637994 55.35043917791012 39.16758213280376
53.95160747545831 55.350024432332106 39.166561973705086
53.951755075370144 55.34999407223575 39.16652683328312
54.06253032856854 55.40473920490653 39.14610506267647
53.955007015710834 55.349575242200714 39.1655779772845
54.119802050034146 55.46392064152974 39.12931019001281
54.065452058378824 55.405702654097595 39.14561451832775
54.12081358303591 55.46494062815431 39.129411221096596
54.13848131054111 55.37061426553391 39.1353409306035
54.121749249415274 55.465891480331535 39.12950419765927
54.139259044849815 55.37175292619642 39.13538656581669
54.23763859099027 55.36167733258996 39.13068378724475
54.23858292686765 55.35807255932046 39.13054245477059
54.271169905269375 55.35480836663167 39.134216820239054
54.273426179483025 55.35001224755065 39.13415882756358
54.28216443339389 55.36104609332845 39.13000758261121
54.28375488386072 55.35835195832007 39.129887490679266
54.418858588976356 55.30518515004897 39.134752357586734
54.57856940134843 55.401938019180356 39.14644428371634
54.66927941680858 55.36055217764134 39.184435987205774
54.67030933392243 55.36052889746958 39.1849023170725
54.67167464963977 55.360498587381585 39.185516862480725
54.67332200088522 55.36046265809148 39.186254108741906
54.69452584534247 55.37438696223444 39.18365935852606
54.74924534790715 55.364668192129784 39.20547155328191
54.751677939385466 55.36496948982709 39.20565425807403
54.75488472522592 55.36536662458745 39.205898594805305
54.7582679498322 55.365785549712754 39.20616028119392
54.82447692970347 55.42959053840234 39.204647583151626
54.883414116312196 55.4954325445409 39.20338776827782
54.884189124400336 55.497810812949055 39.20319152765998
54.883504014604846 55.49570925367452 39.2033646030703
54.88444043650398 55.498582798094745 39.20312751696169
54.938773485060665 55.6009569420778 39.18887334954814
54.886485526132226 55.5048799327689 39.20259943074862
53.70973966842049 55.38079187656824 39.17183169201504
53.78462113373051 55.37066912570734 39.18378292309134
53.786123060108046 55.370326975990096 39.1841529474461
53.787723811332 55.370005015160544 39.18446714075704
53.84461938011984 55.35985546919194 39.190996398884295
53.8470551802058 55.35981342422785 39.19054014405428
53.84919901453357 55.3597865303024 39.190111406943565
53.90696405835932 55.42233462292638 39.16386655896216
53.9529379104667 55.413848416772424 39.16357764343145
53.95677289152768 55.41708087488054 39.16230185790015
54.06906318112166 55.475044583434624 39.14184171300727
54.14394253812628 55.55162384347102 39.12703851407594
54.14469210655004 55.55157659534312 39.12716445850635
54.14536822101999 55.551544292356226 39.12727711970124
54.18514625434674 55.58255138567172 39.130986539163786
54.18534223685015 55.58273845983969 39.131002228518234
54.235515611339636 55.482944506301955 39.132021664196856
54.31883095120314 55.52132294924856 39.09984901935492
54.51445834848096 55.51574246543204 39.135556510505296
54.51586708117894 55.51443929965353 39.13613319730325
54.61968791781487 55.47155050038817 39.1823597155063
54.67031964877846 55.36053006355401 39.184897731582936
54.67157204808953 55.36050251818284 39.18545974549749
54.67306976255853 55.36047014684424 39.18612807723616
54.6941032168087 55.37483213049246 39.18309202854911
54.74988759267481 55.36474781299185 39.205515035353535
54.81979946023544 55.43096449094823 39.20679427693978
54.884600297675625 55.499078283356795 39.20308467913506
54.8852593162017 55.5010955672418 39.202920229019576
54.88584963446519 55.50290590424042 39.20277131671807
54.88628894430955 55.50425670530835 39.20265878830869
54.88611854280214 55.503733801240045 39.20270193236469
54.886321927783754 55.50435829822075 39.20265025596685
54.939111904773426 55.60132179983576 39.18878258108775
54.93944138157851 55.601677027396036 39.18869420160419
53.78581016872205 55.37056120122266 39.18376990937915
53.787268781430555 55.370253772982664 39.18408259561614
53.844872632158356 55.35986661170691 39.19090727290255
53.847058142698444 55.35982940361387 39.19049651224439
53.9075011731219 55.4255816762127 39.16296897308308
53.90812619141086 55.426749729800726 39.16246547178254
53.908694849941384 55.42786496242857 39.16199649134134
54.067495053279714 55.47453609049643 39.14184961748628
54.14314579404773 55.552028813169265 39.12687227017709
54.14393822323785 55.55198401444638 39.1270049461173
54.14472809373649 55.55193561469003 39.12713753547378
54.18498767926691 55.58311203152559 39.13091012459818
54.18523544499459 55.583236225520075 39.130940010325546
54.18544939311676 55.58341624536986 39.130959303931775
54.24291630851974 55.60980119646578 39.133151983415424
54.34196360033182 55.63243614550573 39.147272890350365
54.468449645343256 55.69187313273953 39.16582376697303
54.50545333195717 55.63170563315492 39.150835756603726
54.555757912964026 55.592351474869005 39.172952395954304
54.55620811855857 55.590854815758355 39.17287658254294
54.592753014775425 55.58578599671631 39.19073757343623
54.66084874325496 55.47130522840883 39.19864489596131
54.69368077664073 55.37527797093571 39.18252353957375
54.887225480245505 55.50713239594698 39.20242081182137
54.887617075872015 55.508331670061736 39.20232281417476
54.88781766042834 55.50894933740548 39.2022710008354
54.91798893148966 55.58271082323964 39.18749435869061
54.940265956243834 55.602566275632974 39.18847282302051
53.79159274917855 55.561422379303394 39.16396548709829
53.82521554056201 55.55990343829314 39.16191220215947
53.87479350587225 55.53672488725613 39.15725001973095
53.92158077637574 55.54324322135217 39.155350802509346
53.95680928279144 55.66325235934835 39.1394773943039
53.99769909597881 55.603833228984165 39.129482381768845
54.112580896499594 55.58704541826552 39.12215907630623
54.12628637932917 55.56298445074084 39.126552119852285
54.14391531580401 55.55242080878427 39.12696136879397
54.18477947301101 55.58391881476198 39.13080346962374
54.18506648349607 55.58398963166081 39.13084462640925
54.1853346404815 55.584107122714684 39.1308784863364
54.2426255115585 55.6100366981752 39.13313115404988
54.24414553072097 55.611390417950275 39.13308420077456
54.34515039852709 55.634634506646194 39.14750822288789
54.46893360436725 55.691927609417604 39.16594069465359
54.5399097465639 55.70647345135683 39.17740839841898
54.54010844804381 55.706465063981625 39.177490144044036
54.55492839854348 55.69993079513703 39.177434018766505
54.55546027762652 55.69995100585355 39.177417594090464
54.91734305587148 55.58178352408096 39.18805462996964
54.91758794698934 55.58213262798293 39.18784455707004
54.917884806904006 55.58255994039106 39.18758599783587
54.91817542469042 55.58298041636334 39.18733084028011
54.91804276971591 55.58278867777106 39.187447127982885
54.937992289389626 55.60010942482751 39.18908736507992
54.957903257114445 55.619715266838455 39.17515637698544
54.941193028015974 55.60356657756594 39.188223487549834
53.8213260032195 55.66110100002351 39.13647032922948
53.85873953805901 55.67636541959854 39.14662443989744
53.9166954151079 55.70333856663606 39.152114553893526
53.957089471801154 55.665261773779605 39.139931265832736
53.95712743369231 55.66552962525914 39.13999077951881
54.00905041637057 55.68433989410654 39.14135990040724
54.11303064894631 55.58785257975081 39.122203880592785
54.14712224119004 55.58377953504659 39.12805342256262
54.18485539989263 55.58486909957462 39.130730990555065
54.18515930716589 55.58496148727516 39.1307730129876
54.1854410807693 55.58506603863523 39.13081028419307
54.24394435805692 55.61179676099795 39.13305511524211
54.24551740127008 55.61312287336635 39.13301103552218
54.46511426833582 55.69152787781657 39.16497860452304
54.46948079153135 55.69198911001807 39.166073020201644
54.53988769704238 55.706462876445244 39.177409698620444
54.54011781976962 55.706450333242444 39.17750692148057
54.554835003858166 55.69992706281499 39.17750634830355
54.91783810780828 55.582497554327475 39.187622093000556
54.91813263258379 55.582920564125374 39.18736645915591
54.93810534873358 55.60023195115611 39.189056502965265
54.93942855147349 55.6016599623353 39.18870038439172
54.93847226439398 55.60062759441938 39.188958037764706
54.94029238062427 55.60259274537065 39.18846744794685
54.970041996840195 55.63840410455035 39.16361011223298
54.954589057556824 55.62115808072281 39.17833918000981
53.91466753537752 55.70296987756551 39.15218439304268
53.917163253526134 55.70342869631283 39.15209800881455
53.96501974962903 55.71083638910659 39.14370478152314
53.96502506485551 55.71083730824798 39.14368558897708
54.00790967542562 55.685039353345715 39.1415889259798
54.07088369763706 55.64451585789271 39.13262303067491
54.15418024236017 55.61992690319767 39.12602442907895
54.155164111526375 55.61998316454708 39.12609519143592
54.185258734832715 55.58592232120508 39.13070347875123
54.2436989243559 55.612230666817084 39.1330233586712
54.24533455879676 55.613584567207354 39.13297903092025
54.34900511713663 55.669275502825556 39.14492232939515
54.46527317842222 55.6915479432766 39.16501416236709
54.470052203429574 55.69205337976565 39.16621114352475
54.53986606713184 55.70646655481779 39.17739830736224
54.540129192424345 55.70645032764606 39.17751117250149
54.91846981970534 55.58341210432613 39.18706692337307
54.939635232962075 55.601885097816904 39.18864299271996
54.940855652016 55.60320131289865 39.18831527549136
54.9543612182817 55.620897511477736 39.17841740824237
54.94067754048764 55.60300863917915 39.1883635966185
54.95485243847416 55.62144118568328 39.178276806759946
54.95457143890616 55.62113118968003 39.17835567299253
54.97020282161975 55.63857378517403 39.16365266761859
54.97004185346266 55.63841603726793 39.163620215030605
54.9703119047378 55.63866974047812 39.16366547435783
53.96501457518379 55.71085014874489 39.143740964208554
53.96502101510352 55.710850468693785 39.1437167628368
53.96502928904436 55.710849172849294 39.14368363099132
54.00869995325961 55.68457309592648 39.1414298966547
54.12025552963149 55.68023007035981 39.12063163149939
54.168554468915204 55.6696075414136 39.12204575171786
54.169039539019174 55.669228363572856 39.12214153977094
54.2600611084195 55.670600691028596 39.12287150829211
54.26125092694454 55.67086509832177 39.122948920555906
54.297945423533875 55.6748911493391 39.12456356830385
54.465444428332816 55.69156926898674 39.16505286928499
54.47058187906683 55.692113409625236 39.16633858651541
54.95405838419057 55.62059019910977 39.17846092912038
54.95483533044808 55.62143171019083 39.17826704929407
54.971118191073806 55.64601753829706 39.1621612708406
54.97123973081959 55.64612252642053 39.162171862987186
54.97130713770336 55.646183300733114 39.16217247457765
54.97135942974371 55.64623151323384 39.16217074684856
54.9748504949962 55.64507819296104 39.15903562685254
53.9650283545059 55.710861766860006 39.14370223663152
54.01567100444332 55.71719642291117 39.14087922911782
54.13771742901115 55.70162574945459 39.11872961193617
54.1377930304837 55.70153203641404 39.118719549265485
54.16292546059017 55.684004930301754 39.12330597178769
54.260311763052115 55.67100793555856 39.12274097364719
54.26541568300333 55.68030050612549 39.12273858826259
54.394604232252775 55.696112207613425 39.138428133714
54.97128441141476 55.646154080900985 39.162190306089826
54.97143304171726 55.64627962847595 39.16220913109141
54.97150699770539 55.64634488661931 39.16221273795811
54.971534006555586 55.64637205513867 39.16220716192822
54.971542443287554 55.64638406921958 39.16219813153708
55.02884955492986 55.72131346013961 39.131057163784234
54.97529282523514 55.67107910423212 39.153341304435564
54.97531470956403 55.6710492618638 39.15336026039014
54.97529881815541 55.67102745970776 39.153355685500976
55.02843924777017 55.73990746555168 39.126813631739275
55.08419592539791 55.7926295473778 39.099347575170405
54.998304954450695 55.76523275563935 39.14672926463646
55.05173011196959 55.81625004801112 39.12449757416339
55.05281931475173 55.81763730743627 39.123568737499326
53.79384550574235 52.560828093696394 39.2135329354287
53.79406436694504 52.562030942596664 39.213332448200276
53.794264941052504 52.56322357702687 39.213135932522235
53.7945207356058 52.567741173075675 39.212461153091866
53.794668376719244 52.56833557068537 39.2123566266479
53.79480437452813 52.56894042728858 39.21225222788722
53.79493573291451 52.569598697338 39.21214090941064
53.79507554884148 52.57038929925903 39.212009691693964
53.767593915210455 52.810461936118216 39.20357540885239
53.76819899390996 52.80959014210137 39.20322191216906
53.76870619508866 52.808860243522844 39.20292027219449
53.79577416504725 52.68063819514123 39.19696982251538
53.83696565541847 52.82246966290417 39.195419838464346
53.85902142825206 52.800823872265255 39.17975373476222
53.76624071670063 52.81240497047125 39.2044064611044
53.76701212087475 52.81129646975751 39.203937919135335
53.767666951130025 52.81035597900841 39.203537171351584
53.83684093865377 52.82303229269305 39.195446333825345
53.83855887068573 52.82472785596546 39.195863020134894
53.84014662592354 52.82628005322363 39.19624690020686
53.70582065595724 52.83786281475951 39.21511049154857
53.76472848912388 52.81457296658611 39.205355803465025
53.765687849826065 52.813197930603735 39.20475143170905
53.76651869494269 52.812006984563936 39.204228687489106
53.82028017614216 52.849638096458804 39.215264318445605
53.84041132484174 52.82728328583144 39.19637250425348
53.84216908245283 52.828986223246275 39.19679620776238
53.70594101422661 52.838916339060845 39.21577245128111
53.707604914915024 52.83878919778764 39.215352114222796
53.76429434112063 52.815195936065905 39.205624965953405
53.817388426162836 52.85165732972925 39.216342314970845
53.82126589797434 52.85247688805936 39.21592137123086
53.824781805096116 52.85337529133763 39.215584779707946
53.844498341390455 52.83203025986646 39.19742283181389
53.67689242230275 52.852017856649944 39.2168647254907
53.70772058971848 52.8397098223012 39.21592843947867
53.79964287669999 52.87345469871168 39.21673472136372
53.80449607204834 52.874675337705035 39.21635477074134
53.809052083535065 52.87592046656023 39.21606031479125
53.82646137809236 52.8563377223289 39.21615982164695
53.83036990471202 52.85745891690262 39.21582121607382
53.70781693655361 52.840483389686746 39.21641287720254
53.80072252132162 52.87456167289203 39.217174079244764
53.80588946414544 52.87581990572211 39.21674365629104
53.81080208111045 52.87712863125488 39.21640491908196
53.81537495107755 52.87843160129927 39.21614275548741
53.83240170716391 52.86041064605735 39.216333285871364
53.76099510172251 52.92583237365326 39.22420317839579
53.76826242990513 52.925777859138464 39.22398498222503
53.807353647210846 52.87685286153836 39.21704584482517
53.81238508122259 52.878177474275375 39.21668902848212
53.817048815440664 52.87948499754232 39.2164082754987
53.82162185864151 52.8808557374439 39.21618856817332
53.760702264684504 52.92699283755029 39.22374044886073
53.767984128713834 52.92671725216533 39.223611768137395
53.77514771262157 52.926592568731756 39.2234255688501
53.81350186104026 52.87891023270576 39.216884958799454
53.81790709635626 52.88011812789294 39.21660273861921
53.87255255446509 52.8953079640088 39.19384447690132
53.76063437365349 52.92817762131573 39.2232603781309
53.76758407636365 52.92770660191864 39.22322224433139
53.77440774120497 52.927412726842576 39.22311616551019
53.806053557798194 52.982120243647806 39.21949714214851
53.856512000325175 53.0069280454455 39.22405590909979
53.860028801064274 53.00904967364869 39.22361471850039
53.70495361795919 53.006684482461 39.214694263790186
53.70575751611754 53.00781171483356 39.21470741011677
53.79556374728058 52.99118015215225 39.218866360555154
53.79986687853401 52.98977241083911 39.21874807151333
53.85468761812771 53.01471092498434 39.22401213863357
53.86674628863098 53.102343982497096 39.2089418390629
53.86887008935122 53.10060377654986 39.209210676141964
53.91436518333897 53.133311706096826 39.20652255484388
53.67368509606312 53.09010014725386 39.1989132121141
53.675097742099496 53.09106083733042 39.198854366935365
53.70742867238252 53.01558925504121 39.213633732585684
53.85910494761927 53.11542803087376 39.2078695298276
53.8621069544369 53.11347115193487 39.208241789972625
53.86470193287188 53.111682515987944 39.20856507173665
53.91346753385477 53.145908291954704 39.20580437860818
53.913500991389085 53.14542551539691 39.20581614152945
53.91352542038587 53.14506574547978 39.205816509639796
53.62131338691074 53.07366612626206 39.196799986453335
53.65003529274969 53.132030482628196 39.19320889714042
53.652572171542616 53.13299704558152 39.19324347977307
53.654984459587496 53.13391343754446 39.193270937651945
53.72239176275055 53.175978052523774 39.189848900831734
53.81667165328648 53.21858977739392 39.194516110094305
53.81897256714076 53.21971821390481 39.19479465443303
53.82111602829973 53.220751930355846 39.1950634389777
53.91263208622402 53.15762632569252 39.205129543123945
53.91269363033654 53.15675242704073 39.20516718339108
53.91275072718475 53.155931979502206 39.20519113903336
53.9127977581407 53.15524853992292 39.20520224160092
53.988294471551384 53.18304547993985 39.215063037040686
53.4286751060377 53.237143600538296 39.213115099958415
53.50032165654064 53.195699030582304 39.20846567841064
53.55470886369487 53.152744538174886 39.201535032936825
53.5575345720928 53.150719209662014 39.2010750840638
53.651056184702725 53.13241960143951 39.19322312344064
53.69670463108547 53.18781463244332 39.195325877097716
53.69849183679231 53.18908428858822 39.1952910952784
53.75894525569542 53.22750161534413 39.18923152087627
53.81773738800645 53.219258731141 39.194567378595465
53.820150173505226 53.220411685752595 39.194875594644884
53.85385656002741 53.2356627512582 39.197196481625866
53.90757938538897 53.29502173106722 39.206288193573805
53.907592383295395 53.29520713323792 39.206311230386504
53.90760374357714 53.29540905855292 39.20632235292415
53.981725741748264 53.32057555671743 39.2162610392559
53.985888466945106 53.32185857756249 39.216253714213806
53.42262552929462 53.23404086237674 39.2141034489986
53.428529330134324 53.237198825920004 39.21310270530257
53.428800245938795 53.23709624650601 39.21312471825722
53.50169505036358 53.19481781043059 39.20832625546971
53.57722122950942 53.211050485661396 39.20307084775577
53.64413420318764 53.21785360129356 39.189878747708086
53.711513038717634 53.24445768342888 39.19429825801461
53.71225911264375 53.24370679686239 39.194304314474
53.758922003534494 53.22866359564718 39.18920884803049
53.818900465101265 53.219995804750454 39.194619599562074
53.82134712251576 53.221131829108515 39.19494974286986
53.90594035297404 53.30386547834345 39.20952387288611
53.90596243572831 53.30398050545067 39.20956229316913
53.90597923726391 53.304157804143884 39.2095907120505
53.90765121697365 53.29595985857635 39.20643504489469
53.905987688074504 53.304304641647406 39.209604484022854
53.98261847379711 53.32131827395774 39.21631288907326
53.987303679371855 53.32287420753459 39.21631742683918
53.98468118994219 53.32209259830687 39.21632509047815
53.99210434819984 53.32424122935065 39.21629611153634
53.39937487818407 53.242301444326316 39.21721678329256
53.420925939640725 53.239803920494516 39.215269097174975
53.4456399973257 53.278388685801154 39.221943413500334
53.458312668309986 53.280201931172044 39.22121756099886
53.50643741486361 53.30858966023506 39.21486882623177
53.61943347105391 53.30580929241012 39.190841503879795
53.667295173895006 53.29252145487678 39.192952657784055
53.682366902272854 53.27115757520571 39.189371384327245
53.71153488093366 53.24532290801764 39.19430892056931
53.75888770647618 53.22985106673904 39.189188254067034
53.81437651813238 53.2573439171985 39.194997928479296
53.905969322379065 53.30473987797497 39.20956772347508
53.90599790386959 53.30477985873985 39.20961843653784
53.906020913534135 53.30487858802965 39.209658660785415
53.906035478705874 53.305013915888 39.209683463333825
53.92252277218561 53.32962427683891 39.216440911577834
53.987894771388035 53.3232928575878 39.216343403789594
54.00438406427715 53.33570957340157 39.21418192448279
54.00253846149156 53.33519069505891 39.21415869824275
54.00929387747074 53.33699097074481 39.21424060987357
53.34623618999776 53.268376469727755 39.21858358497172
53.4026169628531 53.29660337712025 39.222904025705425
53.461128055831026 53.329722715719754 39.231399565198174
53.46132549934191 53.32998779946278 39.23141768111202
53.461504235752486 53.3301899115921 39.23142926250069
53.46164524421938 53.33031452690912 39.231433965685184
53.58563345943281 53.32647375966599 39.20661292174202
53.66698227685256 53.29261950105414 39.19293725337063
53.66820447764468 53.29230521017209 39.192987604300235
53.70827872102775 53.324710279691054 39.19852885377597
53.708895567282866 53.325275467894414 39.19859674685321
53.85065995054147 53.29543165284521 39.20972554417801
53.9060317289661 53.30577929383888 39.20966983204347
53.90606446618162 53.30585431433941 39.2097276540964
53.92263163927963 53.33059064702758 39.21653486729112
53.92284482293208 53.33109777173124 39.21653384678314
53.92291381576261 53.331257218953866 39.21653289227026
54.00688388930201 53.36783177311307 39.21774165019163
54.01110058119999 53.367736616242894 39.21764792978981
54.00889875390594 53.3678073029923 39.21769305062345
53.367709526308474 53.313718286066 39.22652807052477
53.37066577019401 53.315100646577534 39.22683047588184
53.43442144145214 53.34121801066516 39.231357064245884
53.461372423086836 53.33321278526817 39.23182442861666
53.461586208363556 53.333385088305185 39.23182944282284
53.46176929930596 53.33336389648166 39.231812258632324
53.49676652911485 53.38541384108511 39.2253090509728
53.559800030102 53.33808706404156 39.205379183346174
53.6270850350453 53.334338141154376 39.19445701827418
53.70819136072018 53.32609657420153 39.198650805559794
53.71958352846434 53.368435702470634 39.201258626934454
53.7913652008269 53.34882238288078 39.20809822717674
53.79531452952388 53.34906024585168 39.208573431242215
53.90609711401103 53.30685408361084 39.20977694280122
53.92288736901909 53.33201775144401 39.216642994767994
53.92309081250602 53.332493896168536 39.21664097782531
53.92328572444336 53.332877379707234 39.216629336787186
53.92338502576577 53.33304646859014 39.21661989572866
54.04905072376879 53.41108422286676 39.21168335442363
54.12569806290975 53.46097924289073 39.20912424760261
54.12504406550106 53.46134372445055 39.209069151723575
53.36915721182342 53.31535062158667 39.226822354121644
53.40908964792429 53.3558640721306 39.232847613154846
53.43601204211703 53.34325737336238 39.23168233147289
53.46273348973334 53.392039524269464 39.2257770908047
53.46784413477993 53.390521900768356 39.225176126239035
53.49535995952671 53.385174618998846 39.22581473351947
53.496944625302135 53.38544285422062 39.225249183820964
53.551520861140276 53.39478194273167 39.21194883495662
53.646682495589985 53.40927811773098 39.19730220144354
53.67987352359035 53.41086355894017 39.20282606998177
53.71366624560781 53.40953727545061 39.19889672083525
53.72443515485577 53.412068636696844 39.19870562051681
53.79982852804327 53.39149969077489 39.20600194250255
53.93050874818136 53.40044695259592 39.218894337031855
53.930616314788125 53.40046260918524 39.2188742912409
53.930752818634375 53.40058190145702 39.21884751263467
53.93089349938279 53.400791901136245 39.21881874116066
53.9309895231712 53.40098277135872 39.218798462060555
54.12579894739754 53.462645051535645 39.209026534859824
54.12736179624544 53.46441642631483 39.20899522026569
54.12679751943223 53.46458228546852 39.20895684947519
53.29472971419919 53.39759274569061 39.20433344599554
53.34409129787727 53.3737837571167 39.219978935687536
53.41075309398413 53.35657422027248 39.23298430559058
53.44850637944218 53.38881136818881 39.22458318365665
53.46271728109417 53.39227113639207 39.22555639726896
53.46292995738226 53.39225973341343 39.225569001909115
53.4956135044511 53.38521860529114 39.22572076183132
53.49718665199594 53.38548518493671 39.22515836418452
53.55779129674514 53.403909484400494 39.211969025410184
53.6279368400686 53.415021422210856 39.20026408342039
53.679979879145606 53.41087186536167 39.20283001709106
53.708479450958194 53.41779873082167 39.19964960629752
53.724414039076976 53.41207094428859 39.19871696826679
53.85811062770526 53.40951614658276 39.215882573938
53.930630783363966 53.40166777212674 39.218855378617185
53.93074116304524 53.401747801238045 39.21883394641602
53.93087218216151 53.40185838377088 39.21880829656767
53.93100072235093 53.40198045160131 39.21878294900803
53.93108904595326 53.40207423484754 39.21876539844367
54.12737520973522 53.46573120538109 39.20891479611899
54.12905398860152 53.46838397271766 39.208834900415624
54.128634910149714 53.46835911489138 39.20881553384004
53.26793199441678 53.45595440534839 39.195568396663255
53.346188274013286 53.4226292859657 39.209537134210564
53.44770852506775 53.38920288423334 39.22402105878325
53.448269242709586 53.38897273401729 39.22435522566737
53.46269810501051 53.3925678704831 39.225273664775344
53.462893841048604 53.392552101288516 39.22529028823727
53.49684778608049 53.392016282570395 39.22504865646943
53.503606918893674 53.39454303075699 39.22508763091637
53.558231275394476 53.40409413428013 39.21180864591723
53.62787321982947 53.41505653688638 39.20026361020727
53.708195749815616 53.41787048596297 39.19956078811286
53.708426480849404 53.41782815885908 39.199618271221475
53.724386871579526 53.41207264552496 39.19871678828884
53.84282466891171 53.453526149720304 39.20752367301043
53.903542687246826 53.43479042424165 39.21280165905874
53.9308570122093 53.40305418859039 39.21879497528282
53.93097600148171 53.403156456486734 39.21877165575341
53.93108869535725 53.40319835802555 39.2187503107572
53.931145160905395 53.403188229814425 39.21874003530921
54.161461935937496 53.50388392036815 39.205571464879625
54.1625230739285 53.508174850313125 39.20529759757643
54.162317589087124 53.507986731790005 39.205280426102476
53.22791987076566 53.458653860283135 39.197071257273414
53.26757251043285 53.45611952971568 39.19557552785558
53.34491475928205 53.42322160325498 39.20915154145238
53.41175886132217 53.40307899863291 39.222818055884915
53.462513477813935 53.39293377377693 39.22492370544967
53.46267762640194 53.39288311746533 39.22497329206235
53.4628486241119 53.392864740788035 39.22499219552175
53.50245519709297 53.39414375152362 39.22542264560121
53.54382099122908 53.408153833806736 39.21138952594976
53.58587007909375 53.41671791767446 39.19893233790615
53.62780200917642 53.41508983305583 39.20026294597068
53.70814951055222 53.4179014983256 39.199528535728795
53.73075184632089 53.48839896017986 39.21408404494028
53.77123486417476 53.51191197707972 39.209881079090316
53.805583750750685 53.45992965645639 39.1975551689375
53.87128448526606 53.47720864142381 39.201496782994056
53.91512025748018 53.44678465892781 39.210474366019426
53.9645106681957 53.47307614707525 39.21868049444636
53.9651482463144 53.4739019010042 39.21871412533315
53.96519420601065 53.47409183180021 39.21872106527608
54.16262784023292 53.509557978169276 39.205165766937164
54.16313809607651 53.512292842047245 39.20496073254016
53.21064022533537 53.60096692841795 39.224175058244356
53.24487801975184 53.52569312528826 39.21120687198658
53.32633429019151 53.661568772356965 39.22982965031483
53.396732748382306 53.5711749250255 39.23015828669678
53.410982220963604 53.57032790110033 39.230671508310856
53.480662174462765 53.46934866917931 39.23310178494454
53.48107363097682 53.47091209222316 39.23301653441497
53.48147081322215 53.47247185540721 39.23293235956664
53.52652529971346 53.48812976739429 39.21998226132426
53.65202296273891 53.58809004095809 39.222144729968306
53.6969379155171 53.66564845160758 39.23385066815694
53.72670312696507 53.65724959318202 39.234609924897285
53.72711231068054 53.65710969068181 39.23460687649529
53.72751094704786 53.656974461644054 39.23460389601691
53.782297206383596 53.59696067698592 39.22235338343911
53.853807693854506 53.531517251930325 39.21663310352396
53.936917700697315 53.50482787075951 39.21261056376041
53.85409699282742 53.53119118842999 39.21659916956585
53.93846781073488 53.50561205236629 39.2128789350142
54.21772826557347 53.61353832399723 39.181641671471596
54.21782927333233 53.61377380004096 39.181542788867645
53.2095423894758 53.67177495500272 39.238772199688874
53.209761465163 53.67170559125314 39.23877570981452
53.326504650837094 53.66158831786716 39.22981444148074
53.38425732997438 53.66851803032917 39.22618438266157
53.384438432718625 53.66854618302659 39.22618927714198
53.433423356002905 53.66410465824849 39.225690368080514
53.487583254735185 53.67851324451928 39.228694781377854
53.5263181501619 53.68218872654437 39.224275283602914
53.57498333556942 53.6777858801828 39.230486870891795
53.6967466310291 53.665706624464526 39.233838769538494
53.69690423893561 53.66566103272717 39.233849111198204
53.69681888938652 53.665686111585046 39.233843600421785
53.72662351113877 53.6572775433044 39.23461051075516
53.72707638891491 53.65712228170362 39.23460714102501
53.72749819523192 53.65697894873672 39.234603989747995
53.782150301428956 53.597155180644506 39.22239689181685
53.85375123100523 53.53158767434138 39.21664345895638
54.392906149717845 53.64463474806146 39.17721930334732
54.31341984408128 53.6336983827329 39.179557107023655
53.20911267391752 53.67206256094907 39.23878812456838
53.20945569318853 53.671932521125 39.23879039464487
53.20970680354767 53.67183672960728 39.238791966967256
53.32672825104752 53.66161391320989 39.229794496142894
53.38427504955701 53.66852515455562 39.226184583102174
53.38447184512914 53.66855576486098 39.22618990054119
53.4332367430608 53.66413962448689 39.22569544653019
53.487851545446 53.67877180407095 39.22875298987997
53.526452856706015 53.68245225376102 39.22434366938119
53.574914893710535 53.677954525964736 39.230519126092894
53.526475556190285 53.682497352122866 39.2243528703394
53.696737101699256 53.66571005703884 39.2338382996699
54.39373439847616 53.645025130728854 39.17709186784197
54.46031629249046 53.724965219336724 39.17246433934048
54.45974991593444 53.72551710990786 39.17264303493978
53.208955177396646 53.67229214238449 39.238812650296815
53.20932083263382 53.67214006641933 39.238813045075794
53.243814368155086 53.68283211167875 39.234354263495966
53.326978527254 53.66164250379146 39.22977218770246
53.38430311921843 53.66853537456106 39.22618496851814
53.384504448951276 53.66856661122365 39.2261904134986
53.43305072697159 53.66417344382767 39.225700425029146
53.488046567360236 53.67898261932346 39.22880019603047
53.487248893451266 53.678944758942734 39.22878355859095
53.52647560667518 53.682497016189615 39.2243543567118
54.459704042425344 53.72556125120215 39.172660317495065
54.46043780782799 53.724846109248446 39.17242953219365
54.459697461574095 53.725567342356456 39.17266400905413
53.185259832268585 53.68229188677803 39.24003957132692
53.185548882750155 53.682362096845935 39.24004510904828
53.209159555818246 53.6723619646505 39.238836173671906
53.244021189285206 53.6832041661007 39.23429277839919
53.35401194585449 53.68298340345953 39.225553437608404
53.38433771317784 53.66854712240689 39.22618549752988
53.384529489332664 53.66857668494443 39.2261906963595
53.432996424188644 53.664183023370995 39.225701854668706
53.38453520220227 53.668577582279966 39.22619085016529
54.45971815878346 53.72554702050516 39.17265825297807
54.4604643196996 53.72482046578372 39.172420210957995
54.45974705847571 53.72551894483007 39.17264870841967
53.166906616472964 53.682683097124404 39.23886868369174
53.18533835782152 53.682347113966955 39.24005168961192
53.1856019931804 53.68240961525087 39.24005628963923
53.20296043739613 53.67594254893841 39.24016498613341
53.271342662805054 53.70465253106208 39.230030731526384
53.31537352785318 53.72596276841373 39.22351294682906
53.35417101269996 53.68284494163761 39.22555698558491
53.34080844751662 53.71375123643766 39.22422079681195
53.384529743133854 53.66857686308123 39.22619069438147
54.45982419820474 53.72544415346779 39.172622483588924
54.51173301853754 53.73732707652816 39.165685482844204
54.51164434397538 53.73710233836684 39.16566505241401
53.13098983686352 53.77966624424117 39.236836312800556
53.17916926855459 53.77626457313988 39.239822003544894
53.18472674864084 53.828119769542 39.23969318082603
53.19351859632734 53.779345139911314 39.239989192634525
53.208817777230294 53.77317696909478 39.23628373249056
53.2537769611243 53.74715397588578 39.23305685438618
53.3155191784633 53.726135148329305 39.22350688625871
53.315508323790226 53.726139990806885 39.2235051872059
54.5119444137303 53.73786092191125 39.16573050847678
54.55776791986331 53.82653010887745 39.179875157408965
54.55768014492052 53.82635815982623 39.179856591631356
54.64708556548908 53.83908236247012 39.1596402327769
53.115972617818755 53.85441273472725 39.23886650608161
53.18468831539313 53.828180307273456 39.23970151877997
53.18470911381377 53.82816416055006 39.23969832975198
53.18473008191437 53.82814823939992 39.23969514316254
53.202992124827105 53.82634656278593 39.23695729080008
53.21844573757249 53.820558034795425 39.23320524157645
53.21835892909997 53.820585391161984 39.23322794556137
54.55795968490842 53.826883685528294 39.17991980261411
54.62747295215563 53.87519572579615 39.176217131887796
54.67863936651216 53.885425823694064 39.16806115560433
54.62810832640388 53.875676966923315 39.1762639592996
53.10266357588887 53.87692314424312 39.2400215173816
53.137682913568554 53.90176933030578 39.2468587285239
53.14360175016719 53.90512896768267 39.24931624634506
53.16402377337168 53.882018361761794 39.24714510918537
53.17358785461768 53.85521398165655 39.243751637393075
53.20327529792888 53.83116068795637 39.23731396358941
53.184724721527004 53.82817968877907 39.23969813827804
54.68629018629168 53.92868297573057 39.18562510095038
54.68673560677043 53.92945975996808 39.18584765722133
54.68737210595539 53.92917270313846 39.185723182434
54.68678821250518 53.92955789119933 39.18587596594049
53.051064281257965 53.87872980021089 39.234523047325254
53.107209182487495 53.88167922452425 39.24239026913095
53.14332550329547 53.90516591395524 39.24929321794563
53.14357419337477 53.90513268068577 39.249313933026166
53.15081106834541 53.900023025964366 39.248013374777244
53.16396926293842 53.882162940496784 39.247166763348126
53.15082813614306 53.90003340328187 39.24802076920055
54.687208935394935 53.93027049677273 39.186079496360776
54.68765680426061 53.9308647987839 39.186244124607406
54.751009205851076 54.008968187568414 39.176928643515616
54.687685578082345 53.93090916548368 39.186256660387635
53.02182189324586 53.93056521952238 39.23738433081472
53.14308230882246 53.90519839307699 39.24927297224143
53.14330442311834 53.90516875124597 39.2492914501158
53.14354333336382 53.90513682823103 39.24931134860256
53.143762679330976 53.90510747558505 39.24932964335214
53.143717158759415 53.90511357296135 39.249325843222195
54.75108530845906 54.009029456770726 39.176862867905925
54.75136484957213 54.009251224962654 39.176622731866615
54.751609797812144 54.00944501928428 39.17641254985689
54.75140108257355 54.00927998597233 39.17659159909247
52.95101654385675 53.95955474686092 39.23112761643873
53.02076834941843 53.931814233177604 39.23744411164827
53.07797511235623 53.932746135226154 39.245144951211124
53.14329839113509 53.90516956989437 39.249290940279664
53.14351509300152 53.90514061558841 39.2493089883332
53.14354535491603 53.90513656913523 39.24931151049569
54.82255733488861 54.03949762290988 39.17938077059832
54.89374738534616 54.09101502583622 39.18487051471037
54.9840986598405 54.13968704277946 39.169866135003964
54.95716016915139 54.14646870276127 39.175715923010245
54.98414494186889 54.13960695643827 39.16982050126982
55.03297989531587 54.133270474511036 39.163059060538465
52.92646434839702 54.01137850697465 39.23409104478303
52.92681096588086 54.01116481586027 39.23413557722939
53.07594022223908 53.933686116440974 39.24502359688685
53.14330378553137 53.90516885451591 39.24929138638705
53.143509323964196 53.90514138826084 39.24930850676995
53.14341041907635 53.905154610053856 39.24930026548543
54.98408268106212 54.139741961195284 39.16988103756057
54.98410327697485 54.13974509688534 39.16985951807511
55.03320358913553 54.13332901819153 39.16304086460623
55.07536762258535 54.15308902759562 39.16580695652461
55.03431176026785 54.13356754503144 39.16299963270838
55.07673306380009 54.15363852823991 39.165721815692855
55.12309859992514 54.172807345254256 39.158662617483365
55.12310053088051 54.172813074998544 39.15865645643445
52.92608039969652 54.01220608842823 39.23410696233225
52.96493949496913 54.0219235670026 39.226154476493015
53.029444045653975 54.0506144358853 39.22303470002607
53.12402725079522 54.04741178541198 39.23084469272702
53.1240522440866 54.047379891813605 39.23083832294444
55.07538578736681 54.153101431617586 39.165806273985694
55.123101042289335 54.17284658580288 39.15867008030839
55.12310583782899 54.17289276389458 39.15867001343183
55.12311094469453 54.172939110151276 39.158668592900206
55.12311059790407 54.172939574848556 39.15867041166345
55.123112367345485 54.172937117705445 39.158661090665866
52.91700119884631 54.046639196735086 39.2350304478112
52.91790884609946 54.045415481940296 39.23510341657067
52.990745030577884 54.06095754341203 39.23411208682554
53.03708728491776 54.06626520144656 39.22208570028314
53.12949682299273 54.0869077842548 39.21758983611262
53.11671097715508 54.13394273357937 39.22036655208855
55.12311325964041 54.17296633231268 39.15867091174158
55.123121870094444 54.17305143978349 39.158671837895895
55.12312170610906 54.173053889685924 39.15867376135302
52.88340602557902 54.09546681802128 39.232382489430435
52.92372222677801 54.10270883496386 39.225219723111195
52.99947802604623 54.12042829829354 39.22394535220174
53.09848331188668 54.16423607939504 39.22010490430714
53.09849646786218 54.16419948779344 39.22011668600943
55.12312691936536 54.17311032240194 39.15867666043327
55.12313151839078 54.17316008021849 39.158679205570756
52.87670028447067 54.13003974971225 39.22617882030148
52.928517618952085 54.125537476753195 39.220416574573434
53.059402418306334 54.16237106285107 39.21735732302122
53.098432804297914 54.16437649004078 39.220059898186676
53.09844749710511 54.16433565896071 39.22007294262658
55.12314055556244 54.17326310197531 39.15868670864313
52.87843767992644 54.15864777640195 39.2217634452495
52.91986925472111 54.16640585394447 39.21434798662362
53.05937968224064 54.16251349415805 39.21731845460231
53.09837866708787 54.16452715722204 39.22001111873067
53.10775247864001 54.17880336155458 39.22105128039673
55.123149384227666 54.17336548444037 39.158694867174226
52.882089666287385 54.186320891063644 39.215123056842714
52.919749475501305 54.16645693592123 39.21435993992307
53.06368702532593 54.1849406566364 39.21324801714166
53.11212267050014 54.20156199902901 39.21692796986731
53.11223394539502 54.201663563581235 39.21693243365762
55.12315338644778 54.17341296259636 39.158699073929775
55.1321063684188 54.221010701743 39.15684174547755
52.88192450272312 54.186740957611775 39.21506636493044
52.91135008510692 54.18727185377245 39.21186882757895
53.11211472071538 54.20156181333914 39.21692505192096
53.139050116405315 54.25884507449914 39.22360565298072
53.13939759275111 54.259812668093964 39.2237402631961
53.13895848700058 54.258566494028265 39.22357056376823
53.1394336914056 54.25991330732988 39.22375424554586
55.131930498452725 54.26155353288085 39.15156613265294
52.8365188806123 54.2524750811511 39.219503331523626
52.94879225938949 54.281177747173274 39.21776520258862
53.129686393769816 54.373701935604515 39.21998802858148
53.130300944696145 54.373237656191804 39.22016040979634
53.1419289235685 54.39119844383421 39.2259764212676
53.19004599710661 54.367830541860855 39.23349150745557
55.13055912727234 54.292323851886394 39.14483222530148
55.13055477809064 54.292318262384676 39.144832347056074
53.031138010956184 54.370656983456755 39.21827905580081
53.12924089571868 54.41286729288408 39.22690943186842
53.12984158465113 54.41212408890206 39.227014577920784
53.14124198220964 54.39198727710535 39.22593085641922
53.170137026413286 54.389974437020754 39.23700903015926
55.13056470673989 54.292331788356876 39.14483202456627
55.13061847410913 54.29240530704706 39.144830262433
53.118421820510676 54.44547370811506 39.221896118667225
53.11854885333504 54.44549360149811 39.2218819906541
53.12905607175273 54.41314093391667 39.22685670060721
53.12972028088521 54.41233067380266 39.2269677379618
53.13007029732563 54.41190304526931 39.22702654468948
55.103974338222656 54.306848700837236 39.1511476720887
55.10401295301586 54.306829318212614 39.15113727526403
53.108697199754545 54.470243135440406 39.22255822639592
53.108740132218344 54.47017997746625 39.2225460471323
53.11874247019101 54.44554683343763 39.22186841599891
53.118973236696725 54.445583540390864 39.22184294878997
53.11913530747542 54.445609132578014 39.22182499760264
55.06845394776794 54.414556210444644 39.15401117487053
55.068084852541325 54.414978474666576 39.15405385442052
53.10870961020654 54.471203833685564 39.22257318811723
53.108752059323834 54.471220305701664 39.22256263593641
53.108815797649996 54.47124026218685 39.22254670141295
53.11510968569122 54.47672608067008 39.22341823435417
53.15013312857699 54.45462893028018 39.2281137692354
55.029173846405364 54.46743142053579 39.1566070532076
55.0291771951143 54.46743460904072 39.156604878541046
53.10873949920639 54.47221808299949 39.22258468792523
53.10878271844809 54.472317109390396 39.22257549726255
53.11486874815412 54.477718086463284 39.2234302084268
53.115084116358766 54.47768637398184 39.22341033866075
53.13998337985378 54.4809115909585 39.228764516874136
53.140138192423585 54.48040622096029 39.228804626834894
53.15544755795087 54.48382840805379 39.227343213971444
55.02918237882322 54.46744334171216 39.15660146977149
55.029183309749925 54.46744386412956 39.15660086929236
53.11196881072871 54.51048461461428 39.21728806413883
53.112044920505674 54.51076837747624 39.21725046178304
53.112143847081754 54.5110956576673 39.217193463890965
53.112256809039096 54.51142839968762 39.21712036985778
53.15161620452113 54.51763190355602 39.22094881078203
53.19481664927547 54.48738543288667 39.2362387564282
54.99669371717348 54.499928163334786 39.174810834357544
54.99671872822048 54.4999073476166 39.17479667452836
53.11239718768308 54.51193266742361 39.21704727920634
53.11250392234683 54.51228141250431 39.216984928936995
53.11261126116045 54.51259197109692 39.21691437484807
53.15081318970525 54.5184247787238 39.22066342007375
53.18106797086435 54.54709910050437 39.22220862717886
53.19503448689551 54.48731600811073 39.23627907414288
53.18132587538555 54.54715133204652 39.222205671148764
54.91357757130247 54.56476985587856 39.213253467686556
54.996536110388604 54.50006201153807 39.1748999231512
54.91354612260125 54.56478554469362 39.21324963068232
52.97125909114379 54.708802886847906 39.26177216491333
53.07826569442768 54.64009616201558 39.230388328414676
53.136226052826686 54.585607960889625 39.207288140862104
53.16564328056445 54.615868708493345 39.208471290393966
53.16671009186674 54.616986580595466 39.20830116680531
53.167379346265776 54.6176666699438 39.208199207096754
54.913521758430164 54.564800341014006 39.21326131913307
54.91350936769595 54.56480600483732 39.2132569351371
53.02725066878689 54.74957058963783 39.25205324872206
53.08863067123803 54.683731459631545 39.228914551404486
53.16681907775926 54.617945674777935 39.208093832635285
53.167802045421986 54.61891139772237 39.207951534202046
53.1686328117362 54.619661320032975 39.207846168199964
53.16809288156239 54.6187093342135 39.20801910144784
53.16888340441514 54.61986918841043 39.20781850853875
54.91347183570483 54.56482729885697 39.213266621131964
54.91346971587943 54.56482779593338 39.213263252199425
52.999579135390405 54.87357311645508 39.26804989395627
53.04489179624335 54.795273972033854 39.24358252496894
53.1243694193827 54.72167824419782 39.22323975854836
53.129139624853906 54.717529338453616 39.22182921437755
53.206723950267374 54.735025382740446 39.20499301224912
53.24710120081715 54.66231361022488 39.19555072869088
53.24709247396554 54.662306770002516 39.19555491257245
53.247272191026546 54.6623172597546 39.195536361540675
54.91542631849363 54.66028477206434 39.21020454143741
54.915428205512555 54.66025988203073 39.21020561718425
53.00008482154503 54.874632428822316 39.26816184105142
53.011596621645424 54.89278346103201 39.28509575920849
53.072327020512915 54.83111657792221 39.26287608185147
53.20754249888192 54.74101334543473 39.20528976030693
53.207943165162646 54.742056859923906 39.20539343678312
53.25681591743987 54.82641654233251 39.2126194668498
54.91540297916032 54.664371288057964 39.20993817979894
54.91539528338823 54.665777887895814 39.20984639094864
53.025133891635335 54.916046035441454 39.28946359547691
53.02571770249932 54.91718728607309 39.28993702710889
53.10856369237811 54.93861200043234 39.2716826284538
53.20560994175231 54.938893075323236 39.25173272744434
53.30910990931785 54.89167246545644 39.207402491537025
53.25754380078656 54.82927590892605 39.2127323462974
53.30992835897901 54.89129699834538 39.207274157131806
54.8989370043888 54.87309435445202 39.19647918378006
53.10300817350621 54.94032819143884 39.27466690331717
53.14757966126864 54.951562467474886 39.25652556816134
53.204811645457795 54.93914642943349 39.252172678297846
53.30821696313681 54.89257709667443 39.20768028064017
53.3099284767937 54.89178634809592 39.20741035773061
53.31021988064633 54.891443752655746 39.20730651697652
53.31044135202434 54.89153107819622 39.207324375032904
54.90003400341693 54.874130290045606 39.19602221163087
54.899980722908765 54.87439544223733 39.195973345750794
53.07701705538513 54.95826649030566 39.27865078643792
53.146069341112494 54.952177871170434 39.25748343141832
53.20367011160801 54.93952287606163 39.252816536242406
53.27501501371551 54.932181569787616 39.20980029592403
53.30914263752625 54.89271475263429 39.20769164554382
53.310756080467556 54.8918685015291 39.2074091294422
53.31084896238377 54.89174830506873 39.20737297021094
53.31091391339477 54.8917787958276 39.20737956594566
54.92386148414468 54.92103655540518 39.17356243503933
54.91561160820673 54.93078748256452 39.18198108760024
53.14430850716957 54.952914393301526 39.258563155123795
53.20223262153891 54.94000787892701 39.253638732670474
53.27520333548967 54.93238229391147 39.20973229007179
53.275887125506934 54.93255829198121 39.209758008868555
53.373694855745754 54.96885846956759 39.20525617044374
53.407303203578245 54.966255958367654 39.210321314601444
54.953950701637105 54.941626735613774 39.16396545945216
54.95407115349542 54.941888517769144 39.16384411519441
53.200712684877345 54.94053141667506 39.25451924632599
53.26465347061514 54.95640168062802 39.21544013934492
53.27605652187217 54.932788107693725 39.20967254122128
53.37427013057483 54.96930732224091 39.205119661279426
53.40851599394922 54.96671228315982 39.21025028754474
53.40771838830571 54.9664035691392 39.210305063043606
53.43695737002827 54.99072034127013 39.203534028238295
54.95462772275596 54.94313794813239 39.163366185653125
54.954649247605424 54.94317930191339 39.16333322165688
53.26419032318098 54.958296998803306 39.215408713774885
53.31741406618599 54.9870666555097 39.209954415767825
53.37495294275734 54.969842496395756 39.204957270235056
53.43611340184951 54.99076734816083 39.203397496851636
53.437244781190806 54.99075843913849 39.2035808204981
53.437226053101185 54.99072968152328 39.203577627294564
53.50435647961399 54.99243593638387 39.21262805036379
54.955268286465596 54.94456464083658 39.16279265324867
54.95521780603484 54.94444581031078 39.16282455270965
53.28404416215895 55.02071003257999 39.211164004776634
53.28486789208398 55.02011253911827 39.211154513893916
53.3756549948056 54.970396689042374 39.20478971025888
53.4360694193135 54.990814954654184 39.20339062941099
53.4372268606371 54.99080181945189 39.2035781539635
53.50565952116259 54.99262153944563 39.21280130365395
53.50539177619523 54.992583441411526 39.21276523638266
53.5891760964018 54.996772243021866 39.22470000362976
54.58988385086377 55.070686787026176 39.19511353788452
54.58994585891679 55.070348646751825 39.195028719439925
54.589867719279454 55.07075591539903 39.19508058926138
54.58996308994729 55.07030195586459 39.195143191452885
54.57712821727232 55.023152570030035 39.190135614587064
54.63061499332082 55.0130286635728 39.19495333140894
54.63152177992902 55.011312130917446 39.19423113451258
54.691580713114995 55.01462440000534 39.20010327632376
54.7269671423021 55.00131527415764 39.21397965667387
54.730281278274504 54.99900260243069 39.213524281977385
54.73050091186237 54.99883250279305 39.21350290447759
54.73068052378521 54.99871269001285 39.213475337224835
54.937897217497934 54.98191688050732 39.159779601573305
54.937807341242795 54.98191621435003 39.1597990945517
53.282064712089735 55.079801778498286 39.20433665154033
53.3345183889476 55.069704603366105 39.19888883559932
53.43602620300415 54.9908609944094 39.203383877563475
53.44359855968101 55.05457443486783 39.20314194782156
53.511899133613184 55.05481359070643 39.212376121040315
53.589707750159164 54.996809729549135 39.224764307890155
53.589725162960754 54.996788927992675 39.22477013569499
53.63904436526046 54.99730237703952 39.227319985575065
54.54648702305231 55.11652961956768 39.19328280139526
54.54636771177813 55.116519383519204 39.19324701431359
54.502396504795186 55.11174033313007 39.19231149517948
54.54781037904406 55.11647591589526 39.19392574032628
54.58951553772352 55.07271755667993 39.19568244769675
54.589611449960586 55.072188997153006 39.19553509292857
54.64808468227416 55.074222971876516 39.20084557127496
54.72657549331513 55.00184904993017 39.21389729857521
54.731809086053666 54.99806561625213 39.2132468383344
54.73279246709946 54.99730012139547 39.213153159936084
54.73323422636443 54.99702648079318 39.213074357589974
54.95265579140957 55.03714811035512 39.14657113790189
54.95261279962753 55.03726476825952 39.14656227548996
53.36035938938521 55.14440672459739 39.19492119672319
53.44302779144901 55.05849718002161 39.20294862216268
53.509595764940585 55.05843619681549 39.21195712607331
53.512237666893284 55.0560998635437 39.212359909825366
53.63898809417647 54.99731470341257 39.227311422749715
53.63906943510578 54.99729692816615 39.22732390395769
53.665318731917594 55.00059042660336 39.23463323963509
53.66533393336108 55.00058442148365 39.23463609932242
53.665785276009885 55.00057204266556 39.23470339602631
54.499478980015596 55.11212573770676 39.190985551354586
54.49956678323316 55.11211291081972 39.19102293509334
54.49840331359949 55.11226724673867 39.19049548375073
54.501746028415894 55.11182962860858 39.1920227816771
54.50188610146864 55.11180728767849 39.19207856535301
54.54661515834263 55.11660555637453 39.19322570502635
54.54800771110568 55.11655744625564 39.19388990392302
54.549159649210736 55.11656072505656 39.19437597441205
54.58918297422245 55.07444280152008 39.19587956292513
54.645190658089064 55.076187921175304 39.20091494926349
54.64983015700717 55.073227719865116 39.20041608340515
54.72857562479835 55.00055154786714 39.2135711197105
54.747886067821085 55.01501337453229 39.20442300794534
54.82416508887206 54.95278715733259 39.19868393307582
54.82426427800644 54.95288226870084 39.19863653678238
54.951966140981106 55.038788246873054 39.14653918829093
53.39540846481101 55.182452869460704 39.19183348167722
53.446045515046244 55.132404613080155 39.19961870754379
53.50986891406559 55.05963513321704 39.2119371553343
53.56862150591039 55.05690832915416 39.21980177831587
53.665295363069454 55.0006106922294 39.23462767240119
53.666485198409504 55.00056634037203 39.23480632459959
53.66654954650595 55.00055389609736 39.23481705257338
53.713102742207255 54.99203492968661 39.24281482396154
54.35258904841749 55.08608407003376 39.17073254007924
54.352426945107354 55.08589188152404 39.17078266013013
54.352060391303326 55.085636069654356 39.17082431544296
54.42244610616148 55.127779744225556 39.16168647799799
54.42255881912147 55.127741947915155 39.16170901193983
54.49716455391608 55.112435439629095 39.189941842637595
54.49749504880985 55.112388238800406 39.190084773469394
54.49908828884627 55.112181361845614 39.19081623032105
54.501368861498065 55.1118827853453 39.19185820963151
54.546601453645934 55.116749842084346 39.19300762504741
54.54800867203211 55.11671523218727 39.19365821523131
54.54918227604486 55.11672371816671 39.194145858957036
54.61545047258483 55.187030932502715 39.20493413063019
54.617027962149294 55.19028297169016 39.20481217906804
54.618676759419216 55.1937368606922 39.20463031015717
54.728700192120414 55.107962991348344 39.192998071754005
54.733381026924675 55.10840199080067 39.19167786704767
54.84152773311524 55.121854665704575 39.16311222362123
54.85458394019187 55.028386967869615 39.17628194948049
54.84166475025699 55.12191442175124 39.16307718827039
54.946043035458004 55.1831047799884 39.134659946867984
53.426794862430256 55.24929933471971 39.19964559536271
53.48156033720879 55.13443811816613 39.20362514207487
53.66530430140794 55.00062622806094 39.23462733022874
53.666373537318265 55.00058638115423 39.23478787357109
53.713161827271286 54.99204963381357 39.24282184682414
53.71320177177664 54.99203106466026 39.24283053686935
53.713536360814615 54.99201634144879 39.24288385589167
53.71355832660085 54.99201029750628 39.2428880583654
53.741821406446725 55.1127975410283 39.23213420956629
54.24681187506887 55.21184373969942 39.14177881068928
54.21577098205138 55.12368900865948 39.17632582519278
54.20852433892656 55.1328097853155 39.171026195259316
54.286104845997 55.18685772102832 39.14508226684803
54.25231293404748 55.132136345842866 39.16118242949197
54.39487913796144 55.15181458692243 39.15472656569877
54.39523298153259 55.15165836100958 39.154838348976114
54.49679294975081 55.11248797010291 39.18978002158061
54.49863527382179 55.1122440378691 39.19061616041999
54.500813853171735 55.11195789095889 39.19160964403672
54.546453006659156 55.11694624772937 39.19265545841721
54.54782342334727 55.11693150107035 39.19326114751077
54.616573022715684 55.1895979877783 39.20459650171837
54.618060526170424 55.19253187647733 39.20461307884022
54.66365661878038 55.26429510069625 39.21329339921503
54.665745527179176 55.26866092020805 39.21277754380737
54.667523962674636 55.27237041830031 39.21233708213522
54.78945310370404 55.32845894820221 39.18973679150322
54.856137403329676 55.25801213947944 39.17096473560773
54.856578723362105 55.257388055253614 39.17092722571463
54.946180737372686 55.18359169103187 39.13467629215226
53.42706146356303 55.25259418458294 39.200009801548845
53.489031290295614 55.273316268848575 39.18438865729306
53.69716508556861 55.29747428732251 39.16763712496829
53.738312741023634 55.20762169823311 39.20028586998859
53.738410399658335 55.2083221129695 39.200324088609044
53.78273578064452 55.32122869474189 39.186148301097404
53.742050482367375 55.116036200426976 39.23176501341902
53.783999077200576 55.3219709790891 39.18640069306402
53.78135402281019 55.24470293515975 39.21414855520919
53.785190922646315 55.32261295019477 39.18661557516034
53.78511122419887 55.32250001996225 39.18657332211459
53.84578043108008 55.359841302609354 39.19076313384784
54.14853115854791 55.235593407539675 39.13891930845154
54.14854377697671 55.23558506445649 39.138918798119114
54.10020653190671 55.2403047823077 39.140658588759095
54.14866838566384 55.23553006761249 39.138910633862615
54.14870173046734 55.235507214851786 39.13890937719877
54.22428753600286 55.21055526977281 39.14183138772729
54.20849910782522 55.13276742808936 39.171042233063176
54.246802385617514 55.21186821901768 39.14177017897693
54.27317835043384 55.21682092792082 39.14198429341678
54.322260933268765 55.20951348683087 39.14269547518194
54.3818903310298 55.18197572121494 39.15164192233793
54.41083201208072 55.16386579831319 39.15319860359411
54.49816384963811 55.11230773873329 39.190404836107035
54.50016007979812 55.11204455593093 39.19131313904765
54.54620944409595 55.11716753324656 39.19222616117411
54.618150550216114 55.19321587653788 39.20411172508186
54.753486956531624 55.36519356907915 39.2057890450077
54.75562316795531 55.3654581093464 39.205952617135054
54.79090680265881 55.32962765036888 39.19030757192138
54.870395793259156 55.291791543568365 39.16995954827932
54.85654873032966 55.25757086571665 39.17098647515019
54.87125649880285 55.291331286906086 39.169708424198
54.948159509804526 55.23808744320829 39.130426638781145
53.59785514291993 55.33652994211502 39.18654242639562
53.706816887268786 55.331356600501344 39.17424423868722
53.70831508629276 55.33079540316851 39.1746444572481
53.78204301185648 55.32179408231177 39.18639724879614
53.7834168764456 55.32263285040453 39.18668428498657
53.78483513095277 55.32338301040802 39.18693450485823
53.84482875696505 55.35984726762103 39.19096950740919
53.84678522581735 55.359813736543835 39.190602392118976
53.84675218555995 55.35982422365382 39.190581932749254
53.8485518548368 55.35979077637977 39.19025123572935
53.84835116785018 55.35980143518081 39.190269493397835
53.93409730041024 55.31942904617806 39.1710441407951
53.93507382337548 55.318554274208296 39.17075425227299
53.93601292481066 55.31799273104852 39.17043602094617
53.93681782595452 55.317246192431995 39.17020067724145
53.937821632363196 55.31660390830522 39.169866450506525
54.026206729169246 55.27794775908839 39.15111950990968
54.0999667810199 55.240283778673174 39.14066667227268
54.09989613136674 55.240277140504766 39.14066935167168
54.14846118220801 55.23564060054529 39.138922032918146
54.148601727090835 55.23557621614189 39.13891309306024
54.187369423785086 55.223828955860476 39.140348718375826
54.24679250623619 55.211895888345566 39.14176027496859
54.273382780327054 55.21691273196309 39.1419683242849
54.273850160594236 55.21711641838415 39.141930458601706
54.37273354040612 55.20249619039418 39.14274457300628
54.410627563279775 55.164203591279374 39.15306165813732
54.47026638092311 55.136202028707544 39.18321781679404
54.53317092791718 55.12148973489323 39.191575208303554
54.75828721580821 55.365787951967775 39.206160689689554
54.79646193485934 55.33143932122914 39.188535826353984
54.87094692849347 55.29295842213001 39.170535901326424
54.87134411388077 55.29179017395698 39.16993793044546
54.87165039421352 55.29240041109566 39.170238944716154
54.948234494538056 55.238303992091616 39.130413410418434
54.917370176651644 55.293536407131434 39.15900011642162
53.707944288184635 55.33263052381599 39.175061239999856
53.78264892990894 55.323324470213976 39.186986090761025
53.78417134988562 55.324190218267404 39.18727878407459
53.84231933976237 55.359891665889926 39.19143664252583
53.84461070743788 55.35984191404137 39.19103485078668
53.846833962717305 55.359803212752 39.19061928181381
53.848817640167255 55.359778203287455 39.19022290887065
53.895544785630634 55.34499933174955 39.17043102751895
53.934627534384646 55.3192840326639 39.17084019527057
53.93658794860829 55.317780044907614 39.17022266501599
54.07763707418191 55.2691190969844 39.138267336016966
54.1166560191927 55.27268690868862 39.13667377155357
54.14853749145794 55.23562131198859 39.138915391604186
54.170989280339406 55.23089891148594 39.141404496696296
54.24678316292065 55.211924038109004 39.141750075755176
54.29051831048279 55.24347772925326 39.136913456707916
54.32707728490571 55.26381268812415 39.1303266404903
54.32720170636239 55.263788576803066 39.130313053177616
54.35380978575573 55.22987401152399 39.13697326795352
54.463563238728376 55.242902410427824 39.14715864868734
54.76080638578689 55.366099845557684 39.20635818224608
54.87025242380207 55.294985944197805 39.171573808109386
54.91288165429282 55.29866288912599 39.16234656253393
54.91361022038451 55.29780661484233 39.161817312037826
54.913843631446966 55.29757189496779 39.16162490618211
54.916394546671185 55.29469057842816 39.15970449890152
54.91682303293135 55.29418003930686 39.159397241359265
54.916092467493996 55.29503090745655 39.15993241891641
54.91757312872289 55.29336288228479 39.15881518438781
53.841879654299234 55.35989500277835 39.19153042852656
53.84444004861358 55.359838366184775 39.19108426683424
53.846903717877076 55.35979547839562 39.19062376390608
53.849059482506135 55.359769448786516 39.19018991615563
53.895497276894645 55.345211273110806 39.17062851107823
53.89591647183187 55.345082375165504 39.170315283296404
53.952005183533004 55.34994116637863 39.16646830787453
54.04153123849743 55.31199755812217 39.14727877006829
54.11623399402251 55.27334648737666 39.13660915459851
54.11653476476556 55.272928515695384 39.1366466645936
54.16347820854863 55.24699857845531 39.135272881719615
54.256491963405885 55.254635499764774 39.13054570700596
54.29110499741323 55.24972958136277 39.134301818102415
54.327054676709494 55.26395801712965 39.13028930499797
54.32717845354351 55.26393442446327 39.13027567688782
54.76178051657901 55.366220434410494 39.206435615314234
54.82458391500546 55.42832864904639 39.204803344838155
54.89739302902747 55.39239735996358 39.18717680553466
54.89852831944574 55.39213738199109 39.18654971106575
54.913912287415435 55.29750829277743 39.16156517374835
54.89948989005077 55.391756282642405 39.18600101669755
54.91482469704546 55.296491690897824 39.16087021505054
54.91552300464001 55.295729275036095 39.16032931209242
54.91663467222743 55.29447793418957 39.15948992635429
53.94819096107713 55.35043617004564 39.16757860494416
53.95178681418733 55.34998702622634 39.166519638409014
53.95504957898194 55.34956510498772 39.16556880921141
54.13060061587585 55.365301600012096 39.13623284871998
54.137904933865514 55.36822926690577 39.135333153912256
54.13867151623886 55.369342885944995 39.135378282024284
54.23904314084116 55.35628458609702 39.130472405018295
54.273794144516174 55.34922902935267 39.13415010548741
54.88286308346329 55.49374363204653 39.20352631615778
54.883660993345956 55.4961947621598 39.20332303776095
54.884291717130154 55.498133452824916 39.2031618026832
54.88478884755198 55.49966245473164 39.20303426572568
54.8851848310172 55.50088106064304 39.202932343263626
54.88551101907403 55.50188533621676 39.20284816526562
54.8848580586762 55.49986658305414 39.20302070222512
54.88536220960967 55.50141749993146 39.20289120960668
54.885745444391844 55.502597563387425 39.20279223734639
54.8860444962275 55.50351932024358 39.202714568800516
54.88628796220523 55.504270374005415 39.20265103597177
54.886582076352056 55.505160977760525 39.202582291785255
54.88679842697258 55.50582959699672 39.202525253453615
54.88696007540341 55.506330278147075 39.20248210152415
54.938595494628856 55.60076351625338 39.18892238677766
54.939383537518935 55.60161456344298 39.18870980176943
54.91802361876515 55.58276115184427 39.18746376950298
54.91826585865109 55.58311257255761 39.18725019705036
54.938420465071395 55.60057295050903 39.18897091151911
54.93933047072945 55.60155582471461 39.18872532936393
54.94012598424706 55.60241510125846 39.18851059213201
54.938245615968626 55.60038300811861 39.18901902419525
54.93933192599012 55.60155618583619 39.18872596339797
54.94022776657903 55.6025238039725 39.18848416726014
54.94097325110203 55.60332917034111 39.18828282538164
54.94044983384791 55.602762826766245 39.18842493915696
54.941262666759144 55.60364073233847 39.18820559344449
54.95447880161269 55.62103493109083 39.178372473879236
53.90766642533045 53.29613950454794 39.206470424598024
53.9829074695103 53.321556464196675 39.21632941769982
53.922660465500265 53.32999685284222 39.21644626632258
53.98419393038366 53.32259963213458 39.21640103717089
53.98879745118986 53.32390938254913 39.216380467859295
53.92303680844971 53.33153590398008 39.21653044815204
53.99914142267494 53.368067351958075 39.217902672266945
54.00316297052642 53.36797199391293 39.21781412621722
54.0069900381942 53.36786536397866 39.217732749441936
53.92344329021954 53.33313538805125 39.216612981629936
53.99910516525376 53.36815593751752 39.21788752404552
54.003243324484586 53.368045443962544 39.21779865911984
54.007056396307206 53.367928503365704 39.21771952507012
54.04880081584071 53.41167153374894 39.21162633183215
53.931012703079446 53.401035991263875 39.2187934704355
53.99901998901299 53.36825280540164 39.21787215823079
54.00316154766085 53.368127521839796 39.217785892287
54.04626384790567 53.41330970980826 39.211495407370265
54.12472275815152 53.46387682376036 39.20889689110573
54.125993453442604 53.464317509550426 39.20893308097435
53.93110516322656 53.40209254123502 39.21876217974162
54.00414457365612 53.40427184008981 39.21638672142184
54.0435212982852 53.41515042059928 39.21134664395851
54.045710359282346 53.4147590176539 39.21135372632563
54.12503998016278 53.46663990851654 39.2087422893624
54.1263840095094 53.467219751831834 39.2087735534827
54.12763681888115 53.46785740313918 39.208796702906184
53.9731356052835 53.45015277368442 39.21224365262157
53.99703093028636 53.51083113233793 39.214339263808405
54.06456306915818 53.47564734783184 39.2134571920315
54.12386591886205 53.468984833649266 39.20853910748765
54.12543309482432 53.46945039087836 39.2085885490482
54.12683650884183 53.47000883118469 39.20862409482409
54.12807454147186 53.470613917986896 39.208648515837424
54.162070173843034 53.507354148400886 39.205304101218815
53.965285515529786 53.47422610470667 39.21872643619066
53.996508607489325 53.51113613062037 39.21450982235592
53.997624503142326 53.51174018962047 39.21441139938418
54.06273973415101 53.47889099590649 39.21351055246802
54.086344337713925 53.54048238358601 39.210717862379425
54.1258883153994 53.47217151961526 39.208443417165576
54.127325852498686 53.472646718897124 39.2084857988344
54.16247331074434 53.51052838078063 39.20503141852616
54.1627327268903 53.51122683508295 39.2050027519939
54.162995556680336 53.51192737334932 39.204974484439276
53.93710451712578 53.50500219149012 39.212628425578544
53.93895728523058 53.50608736403189 39.21292236371766
53.99600799319958 53.51145729079289 39.21467940039729
53.99716096750793 53.51213081301139 39.214588168660974
53.998187679905925 53.51266291882676 39.21449259687631
54.05132997401593 53.5607792634918 39.207969923126704
54.08650801262023 53.54085937311828 39.21080686027378
54.1119677119934 53.5831759927421 39.21030577574575
54.15700958388895 53.59878274400681 39.20031717121203
54.17498988510957 53.60554710470569 39.19770523991935
54.175079159569336 53.605416591490446 39.19773572310076
54.1751549888597 53.60530851217374 39.197761429068855
54.2177888710909 53.61370177392797 39.181572817084216
53.69689615514884 53.66566407395237 39.23384874234401
53.69705678047754 53.665617882456715 39.23385934478205
53.7269833834744 53.65715506692976 39.23460782406842
53.727408612265904 53.65701053998092 39.23460464753186
53.727781566020965 53.656884731076204 39.234601852008346
53.77683977846373 53.62242940855366 39.21927649282937
53.90340245787642 53.559389790827254 39.22496939984626
53.94001100080811 53.50711612884134 39.2130148499012
53.996698726504796 53.51240096262305 39.21473915789585
53.99773935916345 53.513026012874285 39.21466044873573
54.05115726776348 53.5613785402243 39.20812313906796
54.074643917697884 53.60413191184048 39.20759851320675
54.109490968382715 53.58377242202836 39.210443524432485
54.11182937585773 53.583596764734835 39.21024183270183
54.15661358930326 53.59919005258503 39.200263768769446
54.17478426718179 53.60611276886547 39.197617254844474
54.17488021614386 53.60596654393014 39.19765041635874
54.17495247003829 53.605863845799774 39.197674891150186
54.21804846903234 53.61438961570323 39.181283163243634
53.57488075040689 53.67806711768371 39.23054101744272
53.638569460631345 53.68233301330386 39.23414533955105
53.696850657078244 53.66568112502223 39.23384665116884
53.697016019762046 53.66563379809174 39.23385761847117
53.72683629159027 53.657207228092425 39.234608901234864
53.72727615218173 53.65705741512656 39.2346056185201
53.72766561743093 53.65692571589574 39.234602702431715
53.772807287324675 53.68033999239298 39.23281935929546
53.813672996741104 53.7090892506598 39.23004201168816
53.96783482228348 53.655089353304234 39.213091630729906
53.96851928809599 53.65383009583486 39.21316542507337
54.02246665444939 53.612260781719385 39.20549362308245
54.07430715850234 53.603921965711 39.20768442883568
54.075157992594754 53.60445457427868 39.20747273974871
54.0759792204871 53.60496884379637 39.207268897109714
54.15565001252617 53.60012007490786 39.20016562159638
54.161270248870316 53.61091228539167 39.20068976101147
54.1745466158755 53.60676810437026 39.197515458821755
54.174653191481696 53.60659342855221 39.197553114994264
54.206848455682646 53.62014177338163 39.18810344696196
54.27914647440992 53.66653536979056 39.18851987940566
54.36147279297913 53.67986828573572 39.189711056897565
53.48812647074463 53.679073131676645 39.22882042276979
53.526602069551885 53.68274654656332 39.22441139889841
53.5609456165018 53.70000000762232 39.232442804588004
53.61565006398267 53.70504638190418 39.23511484058095
53.69680582067385 53.66569793256642 39.23384459142662
53.696970021092994 53.66565118397949 39.23385553813151
53.72668311267532 53.657262053669015 39.234610017927565
53.7271211072265 53.65711249710125 39.2346067529241
53.72751555335734 53.65697869754391 39.23460380369464
53.81378400047983 53.70923533886457 39.23003291375302
53.81441152387174 53.71005970060429 39.22997726835685
53.88479974402 53.74876646966766 39.22652433522582
53.94529685501816 53.689939517915874 39.224213352705924
53.967936794406164 53.65504262975173 39.21320561751523
54.07488484267235 53.60428404772141 39.20754184153581
54.07568210283786 53.60478344280881 39.207344281562015
54.07644905452197 53.60526399949876 39.2071545948326
54.16035083709025 53.61206069887329 39.200575681842395
54.16087378316739 53.611678662313466 39.200595581046834
54.174292736346445 53.607469889904976 39.197406597572204
54.174409127822 53.607264566163856 39.197448698387845
54.206984028670995 53.62101862968703 39.18784229973184
54.28179721922798 53.66982624809382 39.18839098522428
54.45838915416665 53.726841430438064 39.173080594859314
54.459278563127384 53.72597524664911 39.17279758238781
53.44210296741106 53.68168692701576 39.22954269484781
53.48837752785852 53.67936563771106 39.22888571226061
53.52102370846819 53.71475328112792 39.23111384176544
53.561755925427825 53.700617307890525 39.232550769088924
53.61531936058422 53.705458121256285 39.23514987215794
53.66808291382331 53.69211927183705 39.23484707638888
53.69692381060048 53.66566810565601 39.23385332308329
53.72654244146979 53.65731289846502 39.23461103848674
53.72695980831641 53.65717003358853 39.23460793076295
53.78976354292172 53.71094392595305 39.23172135430285
53.81458934006713 53.71029351828862 39.22996213248186
53.85499473897707 53.74866436225431 39.227931272652754
53.88482318888261 53.748799654555775 39.226527551228784
53.892306229686696 53.752544891105565 39.225301996681864
53.989902285918156 53.695258868558945 39.21884157038148
53.99071476935055 53.69470451255189 39.21879225624578
54.05201716771606 53.656869105199256 39.21189578487763
54.1048952897542 53.669164618995545 39.20028079218959
54.12898377176863 53.68071230782784 39.19873312976488
54.15166481143072 53.68647573512579 39.19722462511234
54.180072222012186 53.661207300464135 39.199073406684064
54.200903725852896 53.66054789056078 39.19504184441365
54.275967800510195 53.708901070294885 39.19560817458297
54.29543263767305 53.74478149608966 39.1812100123509
54.45746672411404 53.727739017517266 39.17337791197045
54.458341492997036 53.726887193041094 39.173099047715496
54.45929939459932 53.725954681762666 39.17279234789927
53.34088001307784 53.71367599252188 39.224222037128
53.41441913199107 53.70665413538528 39.22827511927588
53.457418409106836 53.746577223730014 39.23069264563166
53.50179779352176 53.75764081718605 39.23366035662402
53.55869840462458 53.74228687617605 39.23559290996235
53.560125808186285 53.74198331222293 39.23563724012689
53.61503195491954 53.705838970999395 39.23518221265451
53.66763501295594 53.692656710349155 39.23488102949515
53.668057318707255 53.69220120612711 39.23485775535504
53.7274757506642 53.69157495017675 39.23367197482121
53.74980577469407 53.68414017025882 39.233493163963615
53.81505504736969 53.74450800040006 39.22904153430113
53.84603605658883 53.74621911402316 39.22707631527123
53.861385419245266 53.751743632775714 39.22770457861405
53.89188270491211 53.75262477732146 39.225332439178835
53.89224194393246 53.752566858980785 39.22531021979263
53.9468584449468 53.75871097128092 39.22071075119235
54.01750610067474 53.764565428278736 39.212526334554575
54.07598383846575 53.77030399518091 39.205635665114904
54.10892831148721 53.77583144726755 39.2023886574905
54.108967548402475 53.77586302484118 39.202387708170015
54.1597611509997 53.77761779162518 39.19617678077283
54.19688338641259 53.77351842106948 39.19043110133796
54.197162088317356 53.77352603757065 39.19038499424281
54.28598234864256 53.78056428431324 39.186285322415685
54.28804941746918 53.78081472936926 39.18645879232619
54.45654832674121 53.72863300678844 39.17367228947709
54.457411434124296 53.727792639715645 39.173396631231846
54.45834867678508 53.726880367105885 39.173095906078
54.476479918085715 53.770100212274656 39.17864456698173
53.31560269091948 53.72623494647145 39.22350329458574
53.37059700355135 53.75172626970006 39.22627931006742
53.434717598053695 53.77391733049915 39.229234553362446
53.50062375990076 53.75881765514582 39.23360436555282
53.50127053876103 53.75831644667479 39.23363322490198
53.501908434401756 53.75779932059382 39.23366199574019
53.55981860802373 53.742487860812794 39.235620509021004
53.61258738884404 53.733253296368645 39.23291672188634
53.65699477793785 53.721334131354496 39.23168832113875
53.68722167523168 53.7464060963989 39.23147708706305
53.6887889742012 53.746485213352884 39.23144174459966
53.81448599223198 53.74454856404251 39.229070522043216
53.6891133580723 53.74650084905735 39.2314349657393
53.81503283146128 53.74450995117348 39.22904225220297
53.84604913477662 53.746225925620195 39.227074576865164
53.86141985199258 53.751757382701555 39.227703465218745
53.89184852821731 53.752635453329 39.225336443807585
53.89219689190814 53.75257952937686 39.22531498528718
53.946933243528505 53.75874448709557 39.22070324867889
54.017766765667574 53.76462130114996 39.21249784602362
54.07596056958314 53.770321104122544 39.205639897049906
54.10895962542713 53.77588261148716 39.202390261186366
54.076231097383854 53.7703137500928 39.205607278670456
54.13166644766261 53.78160646425272 39.2008980737099
54.15671715520468 53.809989074439386 39.202250714162744
54.19387751905339 53.80592271614183 39.19650936890703
54.26520688830835 53.782546627836226 39.19229208087323
54.30133288755288 53.79931917646685 39.18550925773056
54.30297048673184 53.799339000877175 39.18565310248297
54.38629641435403 53.77263632283222 39.18021611613223
54.473329631103226 53.771245482098294 39.17927581724959
54.474897891245945 53.77126884911265 39.17902775187032
54.47650785937287 53.77133272325034 39.178777536783414
54.47809311299075 53.77143882311208 39.17853598061252
53.21844860962777 53.82059076272999 39.23321198066424
53.29746583816106 53.7687890134809 39.22658723688897
53.3713696640461 53.75210343896529 39.226316648013956
53.435142222210985 53.77399478595461 39.22926488583155
53.485634830511515 53.81021734618261 39.22748274907715
53.500808338445125 53.758904419467214 39.23360949877572
53.50141809711757 53.75841599451083 39.23363692101854
53.57120304793851 53.78769416121584 39.23157874887689
53.59034496268357 53.806153337202915 39.22774602277374
53.62497688944133 53.777385340688866 39.22889984413827
53.62466347354813 53.77777395522821 39.22887427676287
53.68727801043072 53.74641729595794 39.23146975765846
53.688789493258724 53.74648641363894 39.231440881526865
54.10896255544168 53.7758873296913 39.20239040495058
54.13166055654327 53.781609921418166 39.20089885011383
54.15682665340328 53.81039101079922 39.202292825625484
54.1936580013585 53.806569551864186 39.196635360921476
54.193580803699035 53.806625663421244 39.19665733473148
54.19396835202767 53.80633828543361 39.19654628052603
54.301337856123396 53.799489544599126 39.185469895124186
54.320968420804405 53.82428786432578 39.18200793771386
54.321859657542035 53.8239135435727 39.18217065233581
54.473455502856694 53.7722337507279 39.17936589863107
54.47500432877003 53.77230152348452 39.1791258912583
54.476570171454405 53.7723886997281 39.178885327583
54.5250551327255 53.860587025161166 39.189053137035884
54.58078415792079 53.90981327570255 39.18231702404437
54.6275364167832 53.87562751172796 39.17632735774542
53.203270984285126 53.8311753157419 39.23731526187404
53.20358581885746 53.83117707634457 39.237269552896564
53.302550069814785 53.845672783615186 39.228737965823
53.38595394773272 53.86091120808905 39.2241504045749
53.444137932297984 53.8057007941551 39.22505481298798
53.48576123145861 53.81105150491511 39.22732672742431
53.4860039449082 53.8111511606696 39.22731570979171
53.54849598949258 53.82195580234179 39.22630028792909
53.54889936973314 53.822338045644756 39.22623253059625
53.59006539362611 53.80663422345698 39.22767746012687
53.54895818159974 53.82239373104558 39.226222672224175
54.1936368686561 53.80663253616527 39.196647583104145
54.19386627198982 53.80661559688484 39.196601809118334
54.28142794937547 53.82832969922777 39.19290748910496
54.32052565836441 53.82452246000443 39.18191863934402
54.32135412516568 53.824175556472966 39.18206971059713
54.32082946318909 53.82439731846232 39.18197367800511
54.410418434733984 53.82298652482058 39.181313908224965
54.49672274980672 53.85226981610581 39.18107356688339
54.52383871613125 53.86033482403307 39.189220841977246
54.580941982024115 53.91062961706982 39.18234185224012
54.58147536210181 53.91121244576659 39.18250463559409
54.635060107616084 53.926155719260834 39.19180825610623
54.68618571694758 53.92981388992437 39.18598881095703
54.68672365558331 53.92958879623038 39.185889157847946
53.16386522056532 53.882420626969214 39.24720420396495
53.163977076989056 53.88214933679619 39.24716517584309
53.24311260661193 53.89411853065084 39.238105723946575
53.27571600376491 53.92444507102064 39.23496503450811
53.38440121558265 53.86309810738844 39.22418521792368
53.38567053053684 53.861513887187016 39.22424640551574
53.48588717936384 53.81185261764826 39.22717703923391
53.48610177593988 53.811937735061434 39.22716787308657
53.548847817830655 53.82229460326357 39.22623871449339
53.54884149041512 53.82228903359004 39.22623958225712
53.548940965021075 53.82237811630557 39.22622524389071
54.32130030717451 53.82420301976258 39.182059039372746
54.41039180554516 53.82301411711737 39.18130326747576
54.49688295742554 53.85244886716724 39.181054005644924
54.52428047969724 53.860713351541264 39.189251837736236
54.58120269188693 53.91116455811231 39.182412355022684
54.581916776468304 53.91210838056651 39.18262436036246
54.64039523689152 53.964722029648684 39.19209009326609
54.64007636138908 53.964638001006534 39.19203581227326
54.67565836439918 53.98130347729193 39.19238530081154
54.676150947983956 53.98140724637395 39.192423840110955
54.68711940629548 53.931151182997866 39.18636316221873
54.68764843780319 53.93092707954163 39.18626429229543
53.14375199575231 53.905108909057915 39.24932875004043
53.15085165568475 53.90005172882178 39.24803249164728
53.18823808154419 53.93331243496318 39.24731511133496
53.28261684145721 53.96509146282432 39.23257399256243
53.283326867672415 53.96481808140115 39.23254302608387
53.28394208967249 53.964577039313575 39.23251434184137
53.396838035310665 53.891436090655546 39.21928275281184
53.427690447183764 53.867576789172396 39.226348134880304
53.52120460541605 53.831313711245045 39.22377258949174
53.486139115274185 53.81257889642129 39.22704594672836
54.64043512623985 53.96473253460355 39.19209678175722
54.67571865046985 53.98133300599457 39.19237063928628
54.67623687269298 53.9814584323681 39.19239246549188
54.67671543872453 53.98156892655909 39.19241876372645
54.676328219348875 53.98148147837439 39.19239523360416
54.70869114482273 53.98961801854318 39.18893494375217
54.751148403916666 54.00908013922016 39.17680838583721
54.75137104009791 54.00925621665587 39.176617377899696
53.14370679533068 53.90511497026466 39.24932497269077
53.18810647049996 53.93319865168584 39.247325980453255
53.18937749605017 53.93434477038053 39.24721185706035
53.282333764656485 53.96532669770674 39.23264251236928
53.283049194493984 53.96503887729275 39.23260581107783
53.283674513528545 53.964779367193216 39.23257019863974
53.31219074050723 54.00429550947956 39.2332358778353
53.42706796481009 53.96974615664663 39.22391091509378
53.410502285156596 53.967607072144034 39.223242156725696
54.6767332079324 53.981587907662025 39.19240260761618
54.708899263340044 53.98972116428352 39.18885103892402
54.75127009146448 54.00917774929724 39.176703371834144
54.75114892854016 54.00908196388043 39.176807304440175
54.75147316048161 54.009338400578415 39.1765291293448
54.823644840645 54.04002075424269 39.17930365059327
54.957020812354855 54.146528827361344 39.175716633305
53.1434929013798 53.90514358576138 39.24930713711895
53.187994806344804 53.9331037166266 39.247334891677085
53.1892502762873 53.934234882189415 39.247222344416436
53.22518707250374 53.95148824467422 39.23901712145941
53.28207212315124 53.965539543518375 39.232703807278305
53.310905111371184 54.00495049143862 39.23340131926083
53.311734906073916 54.00527198398881 39.23328253211307
53.36238010930241 54.03625090505061 39.226843260048284
53.36241912710614 54.03648793033521 39.22683492016567
54.751309799697694 54.009209578114394 39.176669114527
54.751552866449295 54.00940244856518 39.17646029408272
54.873515206852765 54.08546052293276 39.18244066019494
54.87165361187897 54.08438231704946 39.1826686261469
54.956927883834325 54.146718201117054 39.175748065999215
54.98403279962399 54.13990350925219 39.169927868553856
54.9840715666177 54.13984775387921 39.169889290516004
55.024729458452256 54.14511522161452 39.17150162302424
53.139589390840975 53.96782267101865 39.23815217731973
53.18733939602209 53.99539219734239 39.23651236388794
53.217533058254446 53.99237395839036 39.23532824772311
53.25025576233923 54.00905686498655 39.22704498367307
53.31035904069157 54.00601560964267 39.23345889730198
53.311236807224134 54.006335358869094 39.233333570787465
53.33624620636455 54.05276196451203 39.230159187034005
53.33636663932644 54.05283790492906 39.230143730484215
54.87399512431136 54.08581968580961 39.18237578503913
54.956866171080236 54.146842470107195 39.17576863067859
54.95710911120241 54.146807421644894 39.17578186120271
54.957075217537806 54.14681918238446 39.17578144031429
54.98401295162 54.1400437293846 39.16994412896529
55.02470812487567 54.14530343333466 39.17153510095463
55.07586640973416 54.15340432206991 39.16578597840454
55.123108382832186 54.17293301501404 39.15867748542097
55.1231096516307 54.172937656213776 39.15867385494236
53.11675060161161 54.13388487344985 39.22036328642453
53.11698851440442 54.133539116849235 39.220341902378465
53.16860462816959 54.076152156294896 39.228738194090305
53.2537191705281 54.06748094152135 39.22622774339834
53.25381298211602 54.06758283295518 39.2262627078321
53.29027301660007 54.06654814446312 39.23075187857094
53.3156035512287 54.067569999154784 39.23189870535364
53.33635012278272 54.05283519701486 39.230145210430564
53.36573965852353 54.09858754234932 39.22551945178904
54.95710453870705 54.14681602587597 39.17578325979718
54.98399677839879 54.140100198360884 39.169959185289386
55.024699268287364 54.14539344621146 39.171550953864326
55.07617431425396 54.15360241818402 39.16577333445841
55.12311742078029 54.173035942537176 39.158684939983274
55.123119242297406 54.17304906853586 39.158682809776806
55.12311847747956 54.173046711089654 39.15868520810228
55.12312070581576 54.17305343234614 39.15867815022667
53.09850033877121 54.16418876647329 39.22012000630051
53.11663019990125 54.134074012871274 39.220358832087854
53.15242929288887 54.139274632304144 39.22331137236546
53.22589291507096 54.17399631724258 39.22409186655349
53.24737368506016 54.15277529610074 39.2216610026909
53.32031270670842 54.11332079751028 39.22595860284989
53.320968951465396 54.11300101996031 39.22599282103281
53.32078646309415 54.113145133325546 39.22598326597268
55.123123697437265 54.173099091663246 39.15868614410382
55.12312979554318 54.173157249080425 39.1586857903236
55.12312935071883 54.17315594744724 39.158687218338656
55.12313122300835 54.17315995919843 39.158680508277044
53.09845226380129 54.16432245883492 39.2200770239195
53.109695361216914 54.17377434871402 39.22082446924892
53.17082709419047 54.1785879907446 39.22555268991755
53.225409547468665 54.17450916583094 39.22409830660398
53.22589882292766 54.17403048357904 39.224090380450235
53.29359485158049 54.13574476208939 39.22247514546055
53.31024421458214 54.14997868121557 39.22234293842678
55.12313398297457 54.17320363424949 39.15868862289263
55.12313998910933 54.17326044011195 39.15868804822237
55.12313886478003 54.17325415674456 39.158690230286
53.10777581994617 54.178826187325264 39.22105215386435
53.116653871522146 54.18886883560364 39.220704251214876
53.178082918565465 54.20071461329809 39.22259004072602
53.208125674168 54.22585001755876 39.223729824996546
53.22543950757186 54.17452154207533 39.22409637024719
53.2639727509287 54.16738356097457 39.22148984814402
53.31016277308356 54.15028584121593 39.22228839288743
55.12314879667526 54.17336003643772 39.15869497539188
55.12314724190726 54.173344258671015 39.158694612595404
53.11224478272357 54.20167345332682 39.21693286908405
53.148464532583915 54.210550759464844 39.21944440851657
53.17793663899461 54.2007998013609 39.22257845741795
53.20825932447088 54.22684399399442 39.223705649297045
53.22091260896064 54.29014710561241 39.231723611921254
53.24105669224376 54.19333190999629 39.221736313358434
53.221041733645976 54.2906387091198 39.23180606294536
55.13207346409743 54.22082933942514 39.15685702905599
53.17208783751818 54.28591476925005 39.22605323530485
53.211115590934554 54.33906576255271 39.23596862236167
53.21158931352828 54.339127277916816 39.236032935558846
53.21200472949412 54.33918275281127 39.23608977695878
53.22720395784016 54.34139679046518 39.23256959221383
55.131890851184195 54.26143276535353 39.15158245727324
53.19065683427262 54.36784678390112 39.23369182603366
53.21158571486103 54.36265059035672 39.23723501958352
53.21210155883462 54.36277686397039 39.23730206936767
53.21254626083159 54.36288401652442 39.23735356683937
53.25394776616777 54.39696514306844 39.241869049913916
55.1321171159595 54.26678462225017 39.151194346038764
53.190691372417554 54.367895120840465 39.233671046042915
53.208627467168185 54.38737715306473 39.24056068923952
53.2122343046706 54.36281424352687 39.2373373750104
53.268093400360385 54.43068810213995 39.24931160760255
53.26841256373858 54.43116500391746 39.24932129423924
55.13052589791077 54.292283912841526 39.14483299463838
55.13056675642811 54.29233908719978 39.144831695899946
53.208245916780996 54.38796953065683 39.240429393308084
53.20876613707403 54.3881046586031 39.240518920160774
53.23868662653777 54.42438101984548 39.24452736011625
53.268478373169984 54.4316509807474 39.24931827024105
53.268795644832764 54.432082973229996 39.24932844458047
53.2684486420396 54.43124657268986 39.24932203092983
53.2688635275376 54.432175293040956 39.249330622861166
55.103871944606794 54.306808131736986 39.15115950290429
53.17292081244649 54.44922312587054 39.232998032373054
53.228960741562375 54.455735455167996 39.24062678567889
53.240572390138624 54.43403641564015 39.24499171620427
53.26889168773918 54.43268699505506 39.24932539425916
53.26919165441434 54.43304913717463 39.24933561325057
53.27961255679507 54.45502998543388 39.24533207466969
55.06812912305007 54.41492796599707 39.154048737118046
55.06824105845117 54.41480027750718 39.15403579857588
53.15033250462919 54.45466085353218 39.22813569889486
53.229057805463015 54.45582724337494 39.240650332532724
53.259084332898695 54.462963781473064 39.245518692098926
53.25979997717714 54.46292354172101 39.24563116272467
53.279540197880635 54.45509559647088 39.24536012977552
53.279656954740744 54.45507936042418 39.24536568862987
55.02917772093717 54.46743495041822 39.15660453885001
55.0291777772391 54.467434994371494 39.15660450239523
53.22915062052751 54.45591296442795 39.2406728316805
53.25904424354349 54.46296645857534 39.245512979217686
53.25974271437123 54.462927321144704 39.245622940749655
53.27953268037735 54.455143302200455 39.245386231578635
53.279656466910296 54.455123301270156 39.2453905444968
53.27966313452677 54.45508441675161 39.24536933746071
53.27969987833856 54.45511184142728 39.24538953605115
55.029178392592335 54.46743592320732 39.1566040989486
55.02918279922183 54.46744251649797 39.15660121046254
53.19576037463915 54.486938386034154 39.23639059587347
53.25901387487618 54.46296782537082 39.245507733025015
53.25967073926697 54.4629310709597 39.245611216184244
53.26026980806738 54.4628959587481 39.24570338285224
53.27963929082998 54.455154036790475 39.24540580150641
53.279723263769384 54.45512733232268 39.24540127795732
54.99675700784977 54.49987448645168 39.174775054884165
53.23291996586511 54.524696756644644 39.230742172987746
53.25959455104585 54.46293441706673 39.24559793951578
53.26014453047193 54.46290235787687 39.245682798061395
53.27961606965913 54.45516996470697 39.24541189705764
53.35724119667107 54.51289574380208 39.239895774496084
53.2797254427556 54.45512790905313 39.245401880573084
53.359826217285715 54.51460417088742 39.23957129321885
54.91353262949515 54.564792603181616 39.21324980017975
54.91351675215729 54.56480086691162 39.21324976657878
53.16763411964616 54.61792203025895 39.20816118820719
53.260219229884314 54.52581566248813 39.23442725492564
53.26077280372342 54.52443671715611 39.23475687199631
53.26126826123141 54.523219034629754 39.23504807988489
53.393323371302415 54.58287559458811 39.217914170947196
53.478074343126636 54.63563568648307 39.21006400198295
53.45714312462468 54.56750468404641 39.23174771688242
53.47863816285108 54.635474181668656 39.21019330501731
54.91349012761189 54.56481583850672 39.213255893913484
54.9134877661567 54.56481703657148 39.213255716821465
53.21615166996692 54.59844070338701 39.21583934406311
53.24976764747544 54.66231961680293 39.19535308349026
53.29400619411315 54.59400596221438 39.212693669973206
53.36815432073462 54.645902862191946 39.20268986643933
53.47732648556848 54.63585074389789 39.209892638094445
53.56303142066236 54.6063759270242 39.23240697672328
54.91348108944705 54.564820748102726 39.21325701510464
54.91345501457882 54.56483515587081 39.21326160224988
53.24985787048659 54.66238611549609 39.19531201626624
53.31970598589212 54.71454778975112 39.19291522947344
53.41914651321525 54.70787471940883 39.19707067055905
53.47654493677506 54.63607603582711 39.209713649174304
53.47900837183589 54.635370131650326 39.21027855354257
53.56306472407331 54.6063623758462 39.23241750565384
53.563338453261814 54.60624948226762 39.23250442347845
54.9154227763819 54.6601550702525 39.210214337147704
53.27712933491205 54.795170851853285 39.20321764622143
53.35307124219558 54.810921839346456 39.1967951612683
53.35329964559433 54.81038577586173 39.19667586911416
53.41957257863473 54.70953316562949 39.19718679426813
53.482079517808586 54.690263967585494 39.21158027311472
53.56326994889467 54.6062814855713 39.23248173453334
53.563459806662436 54.60619885799907 39.23254310062578
53.56372014906776 54.606089490331044 39.23262626600827
54.915395355769384 54.66558426484494 39.20985933516291
54.91539557058134 54.66468314132399 39.20991961589317
53.310633307129535 54.89096146273178 39.20716024158014
53.31196177604407 54.89029456772927 39.206935943526666
53.352944212750714 54.81398761150349 39.197051703727595
53.40424614250808 54.796270253510514 39.208330696403614
53.481401577277694 54.691251656721036 39.21143456595442
53.56375745609809 54.60607505055738 39.23263787575607
53.56389994608368 54.606013415288714 39.23268383729332
53.56410369089018 54.605926688497874 39.2327492063301
54.69786103969872 54.64459195664958 39.22367898049007
54.69783891260761 54.64455657857387 39.22368565772696
54.69783970496307 54.64455947410191 39.22368462778294
54.739668231134566 54.71861962453582 39.21766740628185
54.69807239901183 54.6448813953844 39.22363874692324
54.784604571247584 54.78388089453556 39.21589933782134
54.75117838942052 54.71166262930612 39.22498974232548
54.78480307009464 54.784012945551325 39.216009296399996
54.784776319256025 54.78394141660454 39.21599849498084
54.78488722086631 54.784067178213895 39.21605604250247
54.89881641996001 54.873127677098026 39.196496258636785
54.89876472262303 54.87313914020946 39.19650421493777
53.311401992941654 54.89102931258496 39.20715674739676
53.36796213638702 54.91278055975634 39.20215928970317
53.39771112783709 54.91736293137891 39.20671770051549
53.43005993665547 54.93441863307243 39.20073233147028
53.59022929998383 54.99665416844226 39.224859883778
53.63969170441214 54.99714107894697 39.22737131255258
53.639718856847935 54.997133601295005 39.227371742334924
53.6398319627141 54.9971105735097 39.22739318484237
54.531200612466684 54.956247095982945 39.16262652559577
54.5705097093952 54.84069611216738 39.190766523559205
54.53049119915252 54.956215363411786 39.16262606644906
54.613467842917146 54.911902186337976 39.18520678372395
54.78452776435249 54.78402121611822 39.215842479706225
54.784700590824144 54.78416086550611 39.21593637214285
54.78490821552863 54.784313735913805 39.2160502833634
54.80245233867298 54.8383568248715 39.219527601460406
54.78506480764625 54.78427153186948 39.216147971203526
54.802530167476434 54.83841537444765 39.21956172015239
54.89908600419324 54.873537236005056 39.196349048783
54.899562538111226 54.87413919837667 39.19611631254181
53.368015273066305 54.914259373811014 39.20233494388764
53.40936959417401 54.96693232401354 39.210295050798855
53.504214865854664 54.99241654117047 39.21259994134909
53.590092395285794 54.996673535234535 39.22483842226131
53.63961756151001 54.99716110468701 39.227369188285685
53.67281894407131 54.99291652331553 39.23683497738286
53.67295304012749 54.99289244308109 39.23685814001526
53.71291857169664 54.9917927372133 39.242820085169086
54.3579649404477 54.958458483866984 39.17776102970436
54.357958806960276 54.95845736591024 39.177760228542574
54.3578011277079 54.958471300315026 39.17778016876179
54.546766739810025 55.006315735739214 39.192112668343256
54.46876704509936 54.955571930469816 39.17061503135147
54.548240877900795 55.00683700235181 39.192318051103456
54.54979655586356 55.00738008640573 39.19253180475823
54.65811742271493 54.95965937004716 39.205041228178686
54.80236634207583 54.83932585571141 39.219332800043446
54.80246373310756 54.83940640728565 39.21937438720997
54.8025803856024 54.83951342544148 39.21942259810199
54.80270319473474 54.83963565511196 39.21947190004154
54.80261960976084 54.83888024925783 39.21954050577435
54.80276064606048 54.83969651376249 39.21949440494451
54.900470758316885 54.875318697248346 39.19566548425457
53.40761068129959 54.96636167280253 39.21031265491304
53.410268887144206 54.96726479866855 39.21024790542132
53.50453185054306 54.99246140018709 39.21264557677271
53.58996680184049 54.99669749945973 39.22481768689195
53.63952463145624 54.99718558890379 39.227365035401206
53.63990786934874 54.997102167315575 39.22742463075046
53.71304663711014 54.991804460024966 39.24283809303723
53.713083798404206 54.99178637085397 39.24284629012382
53.71334910343782 54.991777043352386 39.242888243746016
54.35623686748223 54.958624696546224 39.17799238618231
54.35627427880115 54.958609494175235 39.17797635495154
54.270375314816306 54.97137051225094 39.189940174921404
54.35802495949045 54.95848022431044 39.17777912896366
54.547212592559916 55.00754472694269 39.192631309199996
54.54883916948157 55.00823034268805 39.192904994027586
54.55052417118999 55.00889696984474 39.193169923783316
54.63322735288057 55.00727494496918 39.19252378863564
54.669743509487645 54.99372668208022 39.20697800388711
54.80259984654797 54.84054621080863 39.21927639506382
54.802722513675775 54.84074128725196 39.21931454750285
54.80284535581704 54.84090236212383 39.21935796412084
54.80294894587769 54.84098982869749 39.21940192664222
54.80290215600512 54.840564888753406 39.219440646323314
54.802966829378725 54.84099545865895 39.21941095543342
54.91534965401718 54.93186942095441 39.18183334197765
53.43721295705372 54.99071985760567 39.203575450804934
53.50489809031029 54.9925133279648 39.212697127983915
53.589865257891375 54.996725068903416 39.22479953774473
53.63941531396627 54.99721362619243 39.227358300130035
53.639834397179186 54.99712235635775 39.22742335927596
53.71297932602453 54.991844714829575 39.24282220985465
53.71348081449013 54.99179999239196 39.242905258071005
53.71349844437067 54.99177263557531 39.24291174303022
53.748155562756615 54.988507574087166 39.24432879719354
53.74816197211942 54.988504229915996 39.244328906463146
53.74817711470605 54.988499979433385 39.244327429870665
54.22629125500908 54.971777701945044 39.211142619452495
54.226165536023146 54.97175069535793 39.211193733988885
54.225158689315315 54.97157579058589 39.211588351109086
54.27033347424282 54.97143005017881 39.18997904579112
54.22712653124632 54.971917050678655 39.210817295803295
54.32731965888282 54.97152502765613 39.18772439729134
54.46205407870819 55.00152331864713 39.19027493935347
54.522725775863876 55.0160830118218 39.18718164805144
54.54959415820272 55.00997972925672 39.193641877687725
54.551374370744384 55.01078481902275 39.19396472855865
54.63213293442111 55.00925261175544 39.19335483120241
54.63318058167194 55.00823059349918 39.192935274858144
54.732473827544084 54.99707461381735 39.21343107649771
54.79812829326967 54.90211009256784 39.20598456524473
54.8089308283714 54.89482972305103 39.213070148129425
54.80896059029919 54.89455788944733 39.21313637628312
54.82418728157359 54.9516034779099 39.199162329845464
54.915329367996684 54.932701245730115 39.18167227627667
53.50528451175457 54.992568201743694 39.21275050924524
53.589791904248884 54.9967543976502 39.224784836836676
53.63929803869699 54.997242870241536 39.22734905582921
53.63974000650313 54.99714651943799 39.2274174327418
53.71291573506102 54.99189241531748 39.24280586730369
53.71344073438519 54.991847795464665 39.24289250489308
53.7480524974014 54.98856681716492 39.244324441864705
53.74831318213147 54.988475249047774 39.24430776343938
53.74834391349104 54.98845626518046 39.244309688978134
53.748473731445735 54.98842196621129 39.244296012838404
54.11249910516776 54.97333380484815 39.23824132898743
54.11250576279177 54.9733253370396 39.23824613956121
54.11228219725558 54.97336572858678 39.23826749858006
54.17676634537352 54.975407401307265 39.221828384191824
54.176691671393456 54.97536647950291 39.22187634613503
54.22526808548329 54.97160788657658 39.21154081047876
54.22500450411469 54.971548971141004 39.211648793986285
54.2265889789624 54.971843181826046 39.21102102866066
54.27029629630519 54.97148201845833 39.19001198374914
54.32704345968402 54.97156453696859 39.18775881370216
54.44053481111325 55.01196043041992 39.20029671199913
54.52401675075243 55.01769869016857 39.18798119900899
54.550478290659456 55.01203213361977 39.19450641824454
54.576658141192894 55.02204578901794 39.18941158805795
54.630871367700664 55.01159975942673 39.19434190180539
54.63197085297695 55.010471535484704 39.1938775738247
54.72893409929726 54.9998078404695 39.21377988728891
54.73374825804463 54.99630004155044 39.21319597484202
54.82374616891924 54.951855275054484 39.19909927023865
54.82400985420601 54.95187832095064 39.19906652940388
54.82427645775942 54.951928580238075 39.19902248588551
54.82423757884612 54.95168739595128 39.19912381266265
54.82439570370719 54.95195967539703 39.198999289897486
54.91528753937747 54.933524799572815 39.18151851189042
53.58973585043999 54.99678359673923 39.22477245634896
53.63918172034 54.997270939214715 39.227337620808974
53.6396335409935 54.99717219316808 39.22740692365642
53.712860655888136 54.99194236477613 39.24279051839387
53.71338700315192 54.99190043989847 39.242876989934416
53.747955393060806 54.98863107374818 39.244316327544084
53.74822275776985 54.98853496742771 39.24430026333665
53.748475994656346 54.98844857810741 39.24428284357204
53.748539571800265 54.98840549588335 39.24428863695363
53.74868995829099 54.988379331492254 39.24426634562277
53.74871689367858 54.98836059503094 39.24426903010533
53.7488539227497 54.988329135825225 39.244252339335716
53.74885761040231 54.988326534152264 39.24425272421336
53.85769399052977 54.980228351019136 39.2455667125352
54.110296852863385 54.97372571334854 39.23845620521903
54.11031066027077 54.97371529341291 39.238460827808005
54.10990238114802 54.97378609734314 39.23850205299083
54.11102643894693 54.97361476841801 39.23837085606817
54.11106749456927 54.973583308261226 39.23838495871968
54.111759494468345 54.97350392156591 39.23828463198778
54.11182758270994 54.97344794195962 39.2383108729164
54.11241411715251 54.973406166888196 39.23820670962161
54.17694405750102 54.97549957739831 39.221718150627375
54.2255913290708 54.971679326084384 39.21140867381917
54.22688147394416 54.971908720101496 39.21090114283848
54.274957720379746 54.97352454363858 39.1884829833338
54.373694112696995 55.02042882570357 39.207994314608634
54.50458826078911 55.057591324670895 39.19197938725033
54.506311160869586 55.05868168198144 39.19281394300869
54.508171945670284 55.05984422177872 39.193716691473234
54.7350045077668 54.99556268734301 39.212950546813346
54.824064372877345 54.952233321328734 39.19891762614527
54.82433106316873 54.95225990030003 39.198883184967904
54.82456713826635 54.952292864900066 39.19884886784628
54.82455505586621 54.95222508239313 39.19887744727714
54.82460074345467 54.95229834769169 39.19884366209834
54.937165303402026 54.98180572563938 39.16004217585984
54.915245560593036 54.93396522248267 39.18144142148498
54.93699676693966 54.981776234137854 39.16010646447354
53.63907551282912 54.99729555186923 39.22732472003346
53.66538554142089 55.000566799333555 39.23464551435116
53.666710907570675 55.00051755696258 39.234844499182046
53.71332661628033 54.99195077455742 39.24286077423866
53.7478764477048 54.988691399847845 39.24430588805066
53.74813806023137 54.98859572871036 39.244290945253766
53.74839027629547 54.98850691528301 39.24427491320407
53.74860876015963 54.98843270577938 39.24425972999622
53.74878150825223 54.98837610133813 39.24424674112238
53.92590953808315 54.984357833744 39.22693133971114
53.863226416469985 54.98017680262277 39.24559537519209
54.04112116417467 54.98545220121178 39.22229889028788
53.93123977981671 54.98426986817093 39.227123568646235
54.109089474771324 54.973961779375 39.238558114049475
54.10910393005224 54.97392109968306 39.23858527304835
54.109603860483276 54.973886284341646 39.23849589647101
54.10963861645692 54.97383193421002 39.23852861512429
54.110237696353195 54.97379386421865 39.238418776240344
54.11094535426824 54.97368975832194 39.23833336494032
54.11165256727362 54.97358456329638 39.238248872940666
54.11228890318465 54.973488985191736 39.23817354280251
54.177155813637 54.97560383546683 39.22159098156391
54.22592426169835 54.97175213384651 39.21127285188692
54.22714514483263 54.97196879577915 39.21079271640555
54.32114669804868 55.026745333893714 39.18695442745981
54.497922616974506 55.11232570229301 39.1902666651774
54.49975292442251 55.1120848368292 39.19110037919242
54.50189342156952 55.11180560404303 39.192080421224574
54.82412463947135 54.95257618559886 39.19877313818021
54.82438512997967 54.95258025697068 39.19874838102717
54.82461506712299 54.95258401276613 39.198726461953925
54.82476738736827 54.95258387285672 39.19871300828599
54.93737500424092 54.98187145693254 39.15993366970455
54.93688768362667 54.981781345106114 39.16012430999894
53.66660364456841 55.00054274447902 39.234826144874106
53.713267021345885 54.99199294647489 39.24284580863589
53.71372383266993 54.991952765033915 39.24292138118332
53.748069253213544 54.98864935071876 39.24428135070491
53.74830918626532 54.988562616759936 39.24426716667422
53.748522763958874 54.98848722827545 39.24425367661977
53.74869653132869 54.988427123746455 39.244242115721356
53.92579382509507 54.98438925143773 39.22681145002683
54.040927668015726 54.98548983529464 39.22216489058888
54.10916049763924 54.97399998637381 39.23851306441482
54.109644775740236 54.97393346871334 39.23845107090602
54.11023754470395 54.97385084551048 39.238376091789135
54.110893210264095 54.97375716655754 39.23829487291676
54.111549596097845 54.973660804038104 39.238215499568035
54.11214641922901 54.97357071324223 39.238145182520384
54.177378849933405 54.97570752222059 39.22146163178211
54.2262437956898 54.97182112861411 39.21114281057732
54.32084182269821 55.026520061040785 39.18699900992636
54.38840426789936 55.07401826972607 39.17757397991558
54.497582534208355 55.112375664454824 39.190122444939256
54.82443482750744 54.95286607831302 39.19862797988765
54.854404508143034 55.027473969301965 39.176495439351136
54.854930137333966 55.02822714536734 39.17629268603922
54.8248064950572 54.952648402229 39.19868335197505
54.910495278099944 55.0291322188144 39.1654741351457
54.911613912478856 55.029008093154005 39.16519935203615
54.911616263960596 55.02884571503463 39.16522600715149
54.91153725715354 55.02901208161477 39.165218940603545
54.951855623532694 55.039008998011795 39.146554127716534
53.71321100665963 54.99202615882352 39.24283263067844
53.713627157310384 54.991988927220405 39.2429015631884
53.74802021614774 54.98869162278547 39.244272584921205
53.748241085141494 54.98861005044332 39.24426034998446
53.74844152139774 54.988537091439426 39.24424873983067
53.74860984993959 54.98847645915134 39.24423868560236
53.92566059228267 54.984419549695744 39.226696452242436
54.04077101308495 54.98552991169903 39.222024432347695
54.04270719824797 54.9854182912257 39.22248357429708
54.10974504840692 54.97396536069834 39.23840399934724
54.11027994173562 54.97389384428664 39.23833406193723
54.11086927140627 54.97381156483614 39.23825961954152
54.111461364646146 54.97372598021256 39.23818701671747
54.11200777229949 54.97364346549766 39.23812266517967
54.17759921494459 54.975802797971056 39.221339207727766
54.22653388267325 54.971882864225556 39.21102507433631
54.874214702126665 55.223050096395426 39.16501597836026
54.87063029102194 55.161781230372256 39.1828711438163
54.9063250555015 55.11743977528562 39.15912423689727
54.9105737235278 55.029327110947534 39.165420665169265
54.93144372039918 55.19601122983326 39.1390796184938
54.91109475570604 55.02975494769993 39.16521109741046
54.93155299844298 55.19624429969482 39.13905230647775
54.94593654653002 55.183054127427795 39.134706123894084
53.747988620157614 54.988722744886516 39.24426509062332
53.74818864897705 54.98864742434796 39.24425469681317
53.787097093428144 55.11456647625141 39.22692793133095
53.78813408969309 55.117454359171475 39.22656170903373
53.9459489763452 55.2328810406739 39.204835737826556
53.98269947969247 55.18758533753001 39.19650496291722
54.070773408926 55.065213974468406 39.20575985060344
54.071280073809575 55.06411409040179 39.206106707232465
54.11034633607598 54.97392377404442 39.23829628697324
54.11086653879812 54.973852951146654 39.238229222984586
54.11139237647194 54.9737780511619 39.23816391402431
54.208351797430794 55.13250101930828 39.17114111602628
54.85659908047498 55.257359433051576 39.17092556227158
54.90021185018699 55.25326087800174 39.168067968435686
54.90078609232873 55.25247592339052 39.16767710321849
54.901337223635714 55.25171357165998 39.16730056787596
54.931778113321094 55.196722139516005 39.13900513978781
54.94608785412841 55.1835409656518 39.13471538815033
53.84674898476722 55.359825600898844 39.19057897985702
53.84828983522124 55.35980490403064 39.19027450517612
53.9355225012672 55.31815437265035 39.17062077304513
53.93724628187466 55.316850739486426 39.17007512864944
54.0706569390734 55.15191993706066 39.17662061922315
54.09988965748438 55.24027654417633 39.140669589277124
54.87155877904053 55.29115552140752 39.169613106294406
54.89990288367081 55.25544921757858 39.16855349984849
54.90057392127356 55.254384272747956 39.16807373431943
54.911159672207084 55.27547514948871 39.16097056660618
54.91806105924978 55.29270737204133 39.15850807685786
54.91419004351282 55.2971258729394 39.1613956990389
54.91528931817129 55.29588213158654 39.16056933466163
54.916290484160186 55.294752465185326 39.159814949275216
54.917249000146 55.29367297202351 39.159091518770396
54.9141940792908 55.297175201148555 39.161361571591726
54.91533853322012 55.2958814882061 39.16050058365471
53.81448900412302 53.74454849957299 39.229070199321285
53.81502166771406 53.74451099433055 39.229042542104466
53.85494064755699 53.748644312634674 39.22793031624538
53.86145158266142 53.751770106423386 39.22770238588758
53.89181501406435 53.752645280682835 39.225340135938424
53.892155903953054 53.752590086304735 39.22531896568465
53.94697347627324 53.7587642738428 39.22069930033952
54.0178550355038 53.76463976191586 39.21248819204777
54.07595843405861 53.77032296350754 39.205640310475005
53.62485122321054 53.77757832832517 39.22888032227729
53.68737005737579 53.74643473180046 39.23145840803173
53.688790792752286 53.74650472375167 39.2314276225092
53.814512850966274 53.744547474096976 39.22906822456487
53.81499998819817 53.74451320712427 39.22904289431079
53.86134258938557 53.75172927517022 39.227703192041425
53.861505049346576 53.751791685367394 39.22770042661059
53.89175413948057 53.75266162454594 39.22534629091434
53.89206712478595 53.75261086466106 39.22532682301386
53.94706126193151 53.758811653651065 39.220690893579246
54.01816618617754 53.764703223442694 39.21245413794004
54.0822003172798 53.77928634109933 39.20584715608579
54.10898865949113 53.77592894452391 39.20239164752559
54.1329816278231 53.810159960224006 39.20439331586593
54.15687186384866 53.81055765695016 39.20231030012417
53.589700318618554 53.80726198756052 39.22758793905363
53.62422545732102 53.77853529455975 39.22878411719335
53.68750596012967 53.746459958748105 39.23144202519149
53.68878346178691 53.74652166848341 39.231415232276966
53.814548067480146 53.744545625233414 39.22906568520693
53.81498833371891 53.74451468568411 39.22904275795647
53.86140017081083 53.75175241058223 39.22770118719162
53.861545701072444 53.751808248432965 39.227698779268884
53.89170480736587 53.75267361652817 39.22535082026402
53.945975039674806 53.75871735352684 39.22081927814881
53.94713209340772 53.75885129962991 39.22068418058852
54.08169308107131 53.779216118763266 39.205899336585105
54.082299310494506 53.77930458321789 39.205837627068455
54.133043960956634 53.81025250745483 39.20440024599555
54.133403911252785 53.810684227328906 39.204423426619115
54.157015017659475 53.81107861852051 39.20236478583325
54.19346199462559 53.80716048685268 39.19674960230789
54.22756778619002 53.8236323703814 39.18974772361176
54.281203010924294 53.82840329865445 39.192920453792986
54.320496965414065 53.824537544139716 39.18191287307047
53.54887369210829 53.82231951153469 39.22623418987341
53.549222661074594 53.82264952939222 39.22617587673416
53.54952922386899 53.82293905583467 39.2261248273847
53.58952559968675 53.807584918269455 39.227543818792725
53.6242150639185 53.778778362653085 39.22872586064735
53.71634660065153 53.76855468001068 39.220899824636746
53.77308925654913 53.76410994276711 39.22233223913041
53.821298992861934 53.747559692728004 39.22881596374431
53.861444977484595 53.751770482434026 39.22769955731786
53.86157232273413 53.751819286707715 39.2276975070656
53.89166665042548 53.752681175360834 39.22535369528593
53.94614028280294 53.75876227963671 39.22080126188377
53.947176272101636 53.758881672977274 39.22068027317208
54.09924509240459 53.80400113087879 39.20764293445225
54.10779611132139 53.80823703538198 39.20721134147141
54.13342215669791 53.81072112269356 39.20442706279198
54.13376549432728 53.811134161603846 39.20444937752804
54.157136435246045 53.81151971112182 39.202410901815554
54.206392728780834 53.8248406814768 39.19397857808095
54.24591303348387 53.84898781233869 39.186148851988406
54.28562639668925 53.836513948133714 39.19216333438652
54.32004622228641 53.82477450720583 39.18182228895841
54.3208366370312 53.82443905365177 39.18196720154175
54.49604249829996 53.85248918216864 39.18117179272825
54.49788831135379 53.85358114088757 39.180931386887856
54.58104170574998 53.91133213406671 39.18235077321489
54.5815582118865 53.91189257492567 39.18250854993273
54.58209742824007 53.91247433549873 39.18267338434223
53.5435434091866 53.85162424369839 39.220437859450115
53.54407809110414 53.85143424547233 39.220483210415374
53.544580807405666 53.851256134924334 39.22052588755264
53.54502280445364 53.8510999758048 39.22056344112562
53.58565266350489 53.84276309031536 39.214239765569914
53.61700789443219 53.829350021470546 39.217157624745404
53.744442343476805 53.85933845692057 39.212529397920974
53.74459409453439 53.859333374131786 39.21258939470044
53.801488315635126 53.844901598529944 39.21997926029273
53.86147687419617 53.75178341567985 39.2276983280439
53.861585544342645 53.75182496476806 39.22769667745632
53.861556693247515 53.751813982929285 39.22769706608262
53.89164589222504 53.75268424435757 39.225354877549144
53.946241023067415 53.758787887838466 39.2207901900939
54.00042870814987 53.92583291663689 39.19651698276908
54.05670522734091 53.88395820130519 39.20476981925548
54.000429480283216 53.92605482278192 39.19647868935444
54.108381798146496 53.808668968327055 39.20720664756189
54.133726310219956 53.811098626364966 39.20444873320133
54.16249701204232 53.87807966051943 39.197925593868064
54.16273264416462 53.87866305862967 39.197886814594355
54.208888738908925 53.941395240418174 39.18773645135089
54.21750160956525 53.89907794775448 39.18855874900257
54.28486116380971 53.83680502029797 39.19216805561012
54.35518198706799 53.90820235509733 39.187439638854585
54.38971532220832 53.984682743970495 39.19324981340667
54.443765437138254 53.937810715660746 39.18748260008346
54.52910459532424 53.90052866121088 39.18936907626998
54.58158135673786 53.912449605433224 39.18249633995991
54.58210954087292 53.91301982839897 39.18265778867081
54.63942159736887 53.964465396098404 39.191923347026076
54.66896327593762 54.01050058567988 39.202477937849046
54.67577218273625 53.98135984026101 39.19235691366969
54.67624379947406 53.98146268082067 39.19238979562318
53.42704584227964 53.9705577285706 39.22392973170739
53.428849213288316 53.970496052104195 39.223778724596315
53.54392294251137 53.851493332628316 39.22047033108106
53.544387785875784 53.85132846624353 39.220509780738254
53.57569480538281 53.91182379272743 39.215632844590374
53.61364803548876 53.89934902068269 39.21326675785732
53.67748172720735 53.96267740593514 39.20588904399596
53.732358923993544 54.03092686256487 39.19712462796838
53.732485689440594 54.030980657846456 39.197138464089434
53.78950338275008 54.04004187264004 39.19809248946642
53.75093701199685 54.044315770553254 39.19676080615188
53.87419958934193 53.85224323971023 39.21699857713008
54.05664640668228 53.88413552782277 39.20475730754363
54.08224320860015 53.970414113654044 39.19682980561771
54.14181332068377 53.967634172057004 39.19707235451038
54.142444998166596 53.96720277754075 39.196998607272164
54.142097905665366 53.96757299256618 39.19701556026957
54.184706075897765 53.949814291705316 39.18871382573387
54.20932798717112 53.94240820417221 39.1874784391956
54.20981050416879 53.94285069904562 39.18731936107413
54.31375091868575 54.026812042158724 39.17782249448521
54.3571710015313 54.061158221522646 39.18480679805372
54.38970180211021 53.99010480873061 39.19319995683538
54.44473572020826 54.038352852906854 39.18628749924653
54.52699431231899 53.99625258783064 39.18888154309252
54.59979982624658 54.001149468289896 39.19189238390535
54.60013021811966 54.00123212168481 39.19200224402331
54.66837868811521 54.01158363309274 39.20252869810324
54.66884295974149 54.01142560691828 39.202526603897184
54.66935064223935 54.01127205369252 39.202525361669394
54.66986907678353 54.01112707877802 39.20252473710618
54.67036228316445 54.011001294119225 39.20252480351629
54.708948701489454 53.98974468326686 39.18883286425837
53.362496992874455 54.0365986264242 39.226825873338434
53.39971886814915 54.044064450711645 39.2256947554921
53.400608291357244 54.04518327418201 39.22564038452848
53.48412530802998 54.07991328521282 39.21585305851439
53.543874470873746 54.05994039939826 39.205458166478294
53.583630541619755 53.9767856928578 39.20509657295461
53.62626784280503 54.03299939150705 39.19550987377545
53.73228104991328 54.03093595243189 39.197112921034304
53.73241359949772 54.0309903541404 39.19712752914915
53.73251377917218 54.031014050478106 39.19713989569938
53.73246498264733 54.031011717391145 39.19713317114023
54.14225673522236 53.9675666090827 39.19697894957934
54.18478211363896 53.950510793728654 39.188559100739056
54.18957789902676 53.96842652699419 39.190334342647475
54.189568583170136 53.968365857408024 39.19034277852395
54.27946028095104 54.01637370438435 39.18249578516378
54.3570201500584 54.06105228419722 39.18477364050462
54.35763928466504 54.061493011066474 39.18491558236407
54.43524735481543 54.11844018569422 39.20489155403065
54.436508689232284 54.1193779178723 39.20523384911083
54.43787123163371 54.12039134249879 39.20560406448693
54.590997998431035 54.08483241737167 39.2112500513446
54.629230912726534 54.049551940963454 39.202727638437985
54.62935541136494 54.04941079004347 39.20273337736105
54.6687054650707 54.01240535956347 39.202578008397126
54.66919841347409 54.012250351383756 39.20257648043999
54.66969873868985 54.012086452029514 39.2025745719034
54.67016880199407 54.0119270227828 39.2025724825056
54.71298112490436 54.029618407989126 39.19098892918896
54.75139296086423 54.0092761949373 39.176597388269506
54.76277009576266 54.018869619567255 39.17457843814222
53.40334899993641 54.08702907050114 39.22444813328244
53.404167838450846 54.08717485750591 39.22442271163674
53.404874602311985 54.087300878092194 39.224401803083325
53.48368486974725 54.08003434997071 39.21592137611589
53.5294549970832 54.06299059414838 39.205535896083006
53.58933796414311 54.064065462522194 39.19645246132291
53.62838829666317 54.06011836060314 39.19756181683098
53.7323373004097 54.031000668397574 39.197115951801706
53.73243044179948 54.03101082219644 39.19712835356617
53.73236386332065 54.03101151382812 39.19711888357772
54.18960526506898 53.96860910921683 39.19030798469876
54.28153273362882 54.06925293242181 39.18247238864538
54.34582682064454 54.078310013609766 39.186308231941645
54.345390945948054 54.07825019310963 39.18624859953351
54.35807371415122 54.06180327949771 39.185016188337414
54.436207633796506 54.11915588461005 39.205153954742414
54.437560937689085 54.1201622563464 39.20552147638538
54.43901889095994 54.121246887396175 39.20591786070683
54.59412021379451 54.12665484626815 39.21377112041098
54.59483944437958 54.12596380997572 39.21359564312544
54.59559593357137 54.12524509156851 39.21341483279798
54.62935884254873 54.050532238911345 39.20278528477343
54.65799328936889 54.05708638014285 39.20356355537579
54.669508136018536 54.013047655140184 39.202624222254755
54.66996014952565 54.01284219668196 39.20261937429876
54.71817487920961 54.059507794201245 39.19331136744832
54.75760113398428 54.03788704353573 39.179227907530304
54.8067142426052 54.08311094357975 39.18237793134169
54.95656992947798 54.14698951895386 39.17577413020419
54.95683851537753 54.14689966483407 39.17577815863805
53.36597303050827 54.098524112928246 39.225499088404135
53.40349902898315 54.08705582633711 39.22444372071236
53.40430731852631 54.08719976228046 39.224418775918046
53.40500725932996 54.0873245892719 39.224398196016764
53.483262786201564 54.08014706991872 39.21598543109741
53.545479491008415 54.08713169517025 39.20763547953178
53.54676382203253 54.08700650272954 39.20739620139361
53.62792345153508 54.06055348894184 39.19757054310004
53.73234665647871 54.03101151206852 39.197116449850235
53.62799362644703 54.060513719794585 39.19756737398718
54.34586326433594 54.07831508079156 39.18631308140143
54.43593591143404 54.118955448552654 39.20508180799388
54.437289934369595 54.11996250075993 39.20544967229677
54.43625268473944 54.11919117020602 39.20516799316826
54.43871932921566 54.12102576752956 39.205838172410594
54.511310913487705 54.127249056467974 39.20914114297858
54.59334495308953 54.12747257992025 39.213994000215976
54.59407019048123 54.126772275970296 39.2138154387675
54.59486207946038 54.12601397817431 39.213623414241475
54.59565129340481 54.12526524208778 39.21343527911094
54.657216758824234 54.057927692478344 39.20358099930117
54.65799396357124 54.05715374808234 39.203572435510026
54.7172957362792 54.06032145203468 39.193416304949636
54.718265447756195 54.06043982224513 39.193169783960876
54.806311201312454 54.083064980188084 39.18233875114863
54.89068410183704 54.14536499146706 39.175572950886455
54.95648955849052 54.14715138422191 39.17580091755024
54.95675647940008 54.147069982939655 39.17580655851525
54.95701764386955 54.14698711128878 39.17581140881678
54.98396161480787 54.1402230354402 39.16999191856826
55.02469660619856 54.145476503272484 39.171564934966824
55.07632151007757 54.15369555331745 39.16576715155523
55.12311831381315 54.17304606016356 39.15868565149805
53.32089383186656 54.113104684910596 39.225988855905186
53.36587152644037 54.098768176742645 39.22550664881666
53.402806512302874 54.10516691437688 39.22439952225316
53.40362827431781 54.10490315005322 39.224375247831716
53.40434058221681 54.10468075994474 39.22435511540997
53.470930729834635 54.09343019699284 39.21316267908356
53.54534706942091 54.087305735387915 39.20765002677022
53.54659177981036 54.087181732816575 39.20741829807154
53.63361144996979 54.09115370373947 39.19673403751982
53.54673225256731 54.087167631374754 39.20739215287426
54.43798787752157 54.12048266131248 39.2056403696586
54.4398854484417 54.12189510256808 39.20615704516052
54.43908000031317 54.121295747357586 39.205937911059394
54.51171556587614 54.12804011035939 39.20942376550521
54.5925743440616 54.12829142584967 39.214218329121245
54.59327394141172 54.12761345602496 39.21404495814535
54.594073693976114 54.126842049567706 39.213848444144325
54.594900889135985 54.12604916304515 39.21364749705565
54.59567970156884 54.12530735144361 39.21346047874928
54.62735354620192 54.11508066396395 39.200549622152906
54.71740858225482 54.06122002709343 39.1932737146262
54.71837533131335 54.06131441813834 39.19303098709169
54.83536292483792 54.15391550966558 39.17098559294582
54.891255727417295 54.14555228247262 39.175602404259635
54.956411606492935 54.14731118609271 39.17582748108447
54.9566754601907 54.147235440855155 39.1758340362388
54.95692989366156 54.147156008118124 39.17583903177332
54.979945843259316 54.173763457648036 39.17633082828362
55.02469910639988 54.145630137221524 39.171589924914656
55.07272815388821 54.17188328304085 39.16917219335053
55.12312714405411 54.17314578760751 39.158692536757485
55.12312845489177 54.173152360234376 39.15868963364083
53.3105017338826 54.15000734548904 39.22235176445279
53.33579346545674 54.13206939794577 39.22369306143871
53.40253848534864 54.10530741317478 39.22441536951203
53.40334744511766 54.10504331579142 39.224390826537395
53.4040527958159 54.10481767485514 39.2243701012528
53.44887435876993 54.14206552658126 39.21633991789538
53.569832680621154 54.16003918790184 39.213879626686825
53.54656670971233 54.08720579720866 39.20742161038581
53.57053594398468 54.16057950429381 39.2138501186852
54.44033126582151 54.122227474260015 39.20627897059381
54.512073654998915 54.128736234865514 39.20967253954396
54.44204880435217 54.123506731138676 39.2067474568172
54.58599905741568 54.15232989604452 39.21011620824592
54.592526189325795 54.12840721355567 39.214262262569015
54.59330092473867 54.1276557643163 39.21406996373926
54.5941361140473 54.126848021153926 39.21386374416667
54.60379708632819 54.14681419523231 39.21044596778645
54.6046197196474 54.1462277660761 39.21021068824914
54.68709935602219 54.1192808436512 39.190162325271885
54.746644024566535 54.131479542441056 39.18176530933122
54.83546659715371 54.15427315176876 39.170974781226036
54.89842760688563 54.17403654519502 39.17470817587951
54.956340637241965 54.147460754470515 39.175852511509746
54.95659759581589 54.1473884854541 39.17585920578538
54.97994922586985 54.17443403877255 39.17635802495878
54.979962444660124 54.17445365322878 39.17634982799543
55.07134547815339 54.17194537419642 39.16935373133319
55.10945103498983 54.18266789611476 39.16154962038679
55.109537147697694 54.18260844297136 39.16155970688073
55.12313687347148 54.17324527747208 39.15869516748349
55.12313837784252 54.17325209530708 39.15869148995403
53.310525451419835 54.150313236796876 39.22230294639414
53.33556879576811 54.13284797316201 39.22361279177872
53.37200578447167 54.138791408460435 39.22259105616454
53.40307992676756 54.10517280546881 39.22440507977606
53.44913720644959 54.14319008319093 39.21618171740949
53.532429039405315 54.20504648036203 39.2156264297489
53.570632715020146 54.16098311038562 39.21392245050825
53.53418208298055 54.2061126143051 39.215671143816884
54.51215904062968 54.128899584604895 39.20973096159038
54.58577566554335 54.15274835359506 39.2102140195843
54.55714938427673 54.1540535611725 39.20467099610023
54.58621236543345 54.15252031855877 39.21003331442377
54.58676570962234 54.152219803780795 39.209804136219766
54.60225869629407 54.14811617963663 39.21082154983023
54.60318993213745 54.14745879578338 39.210553181114406
54.60403738680314 54.14685332668829 39.210311224604354
54.69456894185377 54.14836402285945 39.18910035142993
54.797206745799 54.183232825720225 39.167251652632615
54.84048932447357 54.19786582009064 39.168294313889625
54.89817389808728 54.174123763734144 39.17469303922989
54.95722788914581 54.18747126666891 39.177132367706704
54.95748538501442 54.18770209115772 39.177147121535654
54.95772253229898 54.18792156138471 39.17715979970132
54.979977781243775 54.174964894787166 39.1763618180915
54.97997503453815 54.17509128264358 39.1763692635795
55.02677870471214 54.200729081929765 39.17406035179182
55.109406856386826 54.18276492283893 39.161548830263364
55.10947238383308 54.18274662953558 39.16155828164694
55.10943745806098 54.18277005667071 39.161554145532854
55.12314471837181 54.17332940039269 39.15869915000094
55.12314629776594 54.173338601969824 39.15869626360349
53.25889637240556 54.28396150724074 39.22923961468981
53.30122978305815 54.23080298604536 39.23075456910483
53.30186396390987 54.229273352501856 39.23059631710787
53.380195907350384 54.18788457667911 39.21545327443667
53.428243034022216 54.15845961790476 39.2178286848384
53.49843382170626 54.20612090088555 39.206780300325924
53.56717616511901 54.26592123852516 39.205463229730476
53.56757614379929 54.26598596220789 39.20550639664427
54.58571942913619 54.152875354515366 39.210239028042366
54.58603788408094 54.152884018157835 39.210110366625244
54.58581131823555 54.15299054403282 39.21020390919543
54.586551860637286 54.15262058695591 39.20989777282314
54.60174357032854 54.14866483692772 39.21091196011546
54.60265141430792 54.14802943915321 39.210648615612875
54.62402681145855 54.19552617374136 39.19706274740016
54.75766840760185 54.220753407739224 39.165202026012075
54.787478044586535 54.2233453313722 39.16425448476807
54.8400578945359 54.198198707781664 39.16825144548447
54.957202998513225 54.18759892917268 39.17711112938675
54.95745176761585 54.18782089067242 39.177125520600896
54.98525846235845 54.23999815588465 39.17767883086033
54.98528969896252 54.24016062234069 39.1776718897546
54.98519495865975 54.23966805448296 39.177693094242784
55.109454105475834 54.182784187412295 39.16155778432089
55.10949151115007 54.18281949702766 39.16156619499532
55.10945602136624 54.182841417684614 39.161561867863654
55.12315378550572 54.17341825216309 39.15869975829399
53.227212790546304 54.34142213282047 39.23257863900956
53.25863216925577 54.28537138491441 39.229547755730565
53.285859014098236 54.339829190451994 39.23861370457642
53.346998937806646 54.26903278381327 39.2226217649049
53.38273244820919 54.1894210976285 39.21511016974213
53.55234355909059 54.28500089115457 39.20270948900293
53.58804536832444 54.28548214002494 39.21160604671808
53.553208923563965 54.285557424073616 39.20276343732265
54.56280725876314 54.270754529441454 39.214043806753715
54.56270148341352 54.27096928129213 39.21407483351865
54.56340231940128 54.26970623595325 39.21385835982116
54.6211013196384 54.195134011108905 39.198175028734326
54.622762997612476 54.19544899586126 39.19754937477623
54.62436436658783 54.19577405003294 39.19694785527936
54.73228282753303 54.23757884770923 39.16311554676755
54.78742857872067 54.2234442798988 39.16424094319217
54.838765655202266 54.305028622800755 39.182174253795935
54.9646301049978 54.34340113027559 39.18907584631515
54.985345200876054 54.240449412438394 39.17765964892522
54.96474680132033 54.34313595079225 39.189019935197045
55.131806897619384 54.26119683991787 39.151612445805576
55.13180000917869 54.26117834314799 39.15161470726353
55.13186824700128 54.26136739036254 39.15159096006893
53.254042401637435 54.397090938949844 39.24188900967358
53.27252955890907 54.42311517984125 39.245412363374804
53.27279411790151 54.42354580299147 39.24540362757962
53.27301501725676 54.42390850307652 39.24539408694409
53.343052234549376 54.35864813644364 39.23376883277524
53.55299217991792 54.28543715524471 39.20276488428915
53.55368793245469 54.285886749052295 39.20280993401768
54.53133755195424 54.36905906894345 39.21759866090369
54.531337346539004 54.369071620394315 39.21759783728905
54.53133837182849 54.36902046948835 39.21759990723182
54.531337174404456 54.36912463966998 39.21758960231446
54.623189418456796 54.1956935017017 39.19739968137024
54.65780210978366 54.25670222341927 39.184821534793265
54.74279673911941 54.38955074132403 39.18895371597329
54.857288946203894 54.403277823585775 39.19247825950505
54.87423284918174 54.507598717661445 39.21639370484856
54.964356669814535 54.34417330028408 39.18921634564771
54.87428763531702 54.50755078016522 39.21639227062869
55.13202927088564 54.266508344183734 39.15123485452996
55.132026218908564 54.266499375442734 39.15123612968339
55.132108604369 54.26675673388226 39.15119850589976
53.26841874775232 54.43117516545201 39.249321469991486
53.268710395935926 54.431618326681004 39.249330226029315
53.268952924882214 54.4319905975738 39.24933745884762
53.2733278919999 54.4244142798629 39.245386251212764
53.27346906277396 54.42464906101402 39.24537801654645
53.467755231499055 54.346821817750495 39.22172983467345
53.57596587801358 54.31874480596946 39.20720995003545
54.53126474512442 54.374102664756734 39.21720113632378
54.53126482759093 54.37409306200669 39.21720227713764
54.53126495621744 54.374108077584594 39.217198732116955
54.5312660212413 54.37405733437365 39.21720045800639
54.61026428910944 54.50175377488119 39.22287629343372
54.76252843822911 54.47757066650546 39.20024787247224
54.842470766085114 54.53770960536619 39.2334155176377
54.843392428868015 54.53709161911398 39.23320632671235
54.874167173469935 54.50773820386928 39.216444827306226
54.84394441305503 54.53671889770396 39.233080662427845
55.103442756308695 54.30676731669568 39.15123120806376
55.10336951874547 54.306769886933054 39.151245075710136
53.26906768655669 54.432452742629515 39.249337176748796
53.26928291184544 54.43274439238294 39.2493440967493
53.279795816388685 54.454948615491766 39.245309108380084
53.279831568701 54.454938152218595 39.24530769643773
53.4655096159391 54.434239060967215 39.220996215961335
53.62347406166553 54.428757859292034 39.22405434959886
54.508105504469725 54.46343547823527 39.210356476857555
54.5079335837453 54.46343106263916 39.21036030272383
54.50840480175833 54.463441778046786 39.21034898829767
54.5788402785648 54.507666955007906 39.21909566016543
54.66049581831177 54.54906865788139 39.233953535638136
54.758176481230535 54.58256339322601 39.241445642882226
54.81485767562624 54.56997636509758 39.24059360013588
54.81522814545018 54.569909224730935 39.240531785372305
54.842959884264815 54.537484861219035 39.23331952452547
55.10344164986469 54.3068144228104 39.151239472233996
55.06893726317029 54.360654077063415 39.157196964785655
53.27966090912463 54.455024162496464 39.245334887606106
53.27975107532385 54.45500938159713 39.24533790880223
53.2798109943832 54.45499288344804 39.2453361309447
53.27984633641047 54.45497635306953 39.24533122663803
53.46914676074918 54.51431843981666 39.234519555801654
53.57670006403498 54.53138030612435 39.22303695533361
53.62275084039816 54.48782272496035 39.22531037821735
53.57684802985814 54.53142708266463 39.22307758298987
54.50780526050166 54.46344450644369 39.21037315041814
54.507804389605525 54.46344367494534 39.210372686822275
54.507798443421535 54.46344424514986 39.21037325066695
54.50813515409516 54.463453987556974 39.21036641085335
54.57861290960831 54.50748797259128 39.21906645253233
54.65889904674492 54.54856882949384 39.233736082208225
54.701788359579496 54.588854393630065 39.23827228609272
54.75515207660207 54.589567421456536 39.24451638776175
54.803796201096134 54.582427744912984 39.24443329444826
54.81212238652177 54.57702708854477 39.243660636745616
54.81217885229998 54.577018663775775 39.24365233520409
55.06794528291289 54.4151383545983 39.15406999594968
55.02212168229062 54.45877822461159 39.160209802198025
53.279663359799976 54.45507808084433 39.245365773043595
53.279754704965995 54.45505682206881 39.245365269926566
53.27981475538105 54.45503408790678 39.245359972421646
53.347343970233155 54.47646980306655 39.23318657377121
53.47127575360881 54.51510192674307 39.23457900292948
53.598288576205135 54.567905111315724 39.23192931312685
53.59849143931404 54.567751020458914 39.231972655050555
54.507818944454144 54.463461311074795 39.21038266693363
54.507652752032136 54.46345515056902 39.21038523595314
54.50815378734343 54.46347135674401 39.210376078339586
54.62084330024288 54.55417225193743 39.22690349801711
54.70080104918674 54.58903157456545 39.238116449989455
54.70170391057093 54.588874417454825 39.23826304759759
54.755115283238446 54.589578288253776 39.24451144491736
54.80377624906677 54.58245507090874 39.24444681073187
54.8040261903606 54.58248878720332 39.24441358038487
54.80406200542262 54.58249356594474 39.24440879964329
55.029177328293784 54.4674345191803 39.15660479447582
55.02212822003298 54.45878939386741 39.16020743706686
53.279746281101396 54.455096334776925 39.24538661108382
53.27980587699838 54.45506874109654 39.24537850040764
53.44106331752057 54.52679060208055 39.225737598921526
53.56534889061568 54.60536795144715 39.23315588141745
53.566174841999114 54.605012121554864 39.23342193984914
53.59839085305268 54.56824815916861 39.232152487922804
54.50750369611371 54.46346276503281 39.210395383295705
54.50750232066391 54.46346124283886 39.21039452638144
54.50748348023896 54.46346182238629 39.21039558042787
54.50782921895353 54.463475962531476 39.21039102634468
54.62066046854787 54.5540308476278 39.226871551750506
54.622205929880266 54.55538194561265 39.22708412182219
54.70062150012707 54.589068219575054 39.23809182684492
54.70158152044153 54.58890126135945 39.23824782995314
54.75506957893272 54.589598497030074 39.244503738193465
54.80377118445625 54.58248892391359 39.244459983071074
54.80403685503652 54.58252444800006 39.24442454782053
54.80410410361195 54.58253305154458 39.244415437545484
54.993321602150154 54.49475772960025 39.17703576848172
53.27972782513922 54.4551253798837 39.245400747647366
53.35874585959868 54.513832090826206 39.2397198586692
53.45636477333253 54.566912178280106 39.23186639204477
53.56503239772342 54.60550810136598 39.23305298230905
53.56590519727999 54.605132546091596 39.23333401741267
53.56674511174427 54.604769484629585 39.23360487740296
53.59838547328402 54.56829798443934 39.23217322474382
53.63279917316746 54.59874288148116 39.24122895324612
54.50751841640501 54.46347409951902 39.21040159568672
54.45748754426383 54.45951800547758 39.21265947088108
54.62050887134579 54.553916179448265 39.22684411192099
54.62198903971769 54.55521269208012 39.22704678067656
54.67995922134285 54.591625880284084 39.22933169130354
54.70043462130057 54.58910579678237 39.23806572481217
54.701425152286916 54.58893374208936 39.238226862066725
54.755019121366985 54.589628956817066 39.244493327163156
54.80378519912955 54.582527759758776 39.24447149064808
54.80405940952308 54.58256421796173 39.244434841155126
54.80416024024977 54.582576451983826 39.244420940453786
54.95163509404149 54.53240291057348 39.197679075176254
53.455071849188826 54.56607478955745 39.23199843240747
53.563839082743755 54.60602316827179 39.232668344559976
53.56466867316942 54.60566868505651 39.232934847339884
53.5655628215752 54.60528453428107 39.23322260910214
53.56644352261286 54.604904223830786 39.2335065269004
53.63342987147775 54.59877537937284 39.241238839501705
53.633484380697666 54.59874221349644 39.241260856576275
53.70313950654639 54.586955475426684 39.25030963405023
54.507026858303604 54.50733089405118 39.204589808511656
54.45715340200769 54.45945430861696 39.21265333822858
54.45689809094871 54.45940554401541 39.21264875405166
54.507318376685305 54.50764449579779 39.20454278141291
54.62174183909097 54.555014224645284 39.2270062719801
54.673968896851406 54.59956163448903 39.22711061294629
54.67991909828426 54.59163952251586 39.229346707073574
54.700256666597596 54.58914092534458 39.23804031956758
54.70124703925234 54.58896908603124 39.23820158892458
54.75496720075803 54.58966732493972 39.24448097393703
54.79044182385873 54.591826007594335 39.24265830965467
54.80409299135071 54.58260469103928 39.244443384480356
54.80422411338508 54.582619694812806 39.244424980034424
54.91348352492096 54.564819108723896 39.21325495698156
53.56346209136407 54.6061884665136 39.23254618602139
53.56428326143994 54.60583833297228 39.23280979606803
53.565172707878965 54.60545686739303 39.23309587849855
53.566062058858336 54.605073301459065 39.23338246501138
53.6332793588366 54.59888461363239 39.241167659059506
53.704191779653726 54.58707852787383 39.250270008081856
53.704190274576526 54.58707698943809 39.25027072148188
53.7042266979453 54.587081059255254 39.2502694412213
54.31032646121197 54.58290194650423 39.212282833618715
54.31066627849003 54.58260908212425 39.212286078743105
54.23752924959077 54.65420080696478 39.20812447155133
54.50732138988472 54.508280143149804 39.20439325900201
54.62092833654936 54.593162665377676 39.21769370298714
54.62224856618591 54.59322597564394 39.218133023997055
54.673996889766556 54.59957687913135 39.22709183257123
54.674051125399245 54.599590536485366 39.22709651351841
54.70009736816189 54.589171604755805 39.23801693381192
54.7010603975762 54.589004745330726 39.23817394860776
54.75491757185256 54.58970995951947 39.24446777435156
54.79050154993563 54.59188689781022 39.24262828139527
54.80413390802788 54.582642410520045 39.2444495979741
54.80430242496247 54.582660213997656 39.24442540938181
54.91347968211146 54.56482149179779 39.21325707436365
54.91347715946305 54.56482268713903 39.213256416211294
54.913457253760896 54.56483379938889 39.21326054672671
53.56310995748461 54.60634260200644 39.23243214801517
53.56390888893857 54.60600258959628 39.23268845949701
53.564770349163624 54.605633755061234 39.23296538349103
53.5656390312027 54.60525962685378 39.2332451788604
53.63313889848615 54.59901379524749 39.24108520652359
53.70432717003165 54.58713327507626 39.250246151874684
53.70549315361223 54.58721782184128 39.250227214018764
54.237553076345385 54.65439421958881 39.2080667741629
54.23754901589409 54.654361190825774 39.208076702970985
54.23755205065038 54.65438582918522 39.208069348747614
54.237560224951025 54.654452793245056 39.20804869431723
54.47289532907615 54.59854237306445 39.21162091078246
54.620954152227185 54.59316410980297 39.217702510100196
54.62224892185543 54.593226243655174 39.21813340570373
54.67403160936284 54.599596663121105 39.22706627349666
54.674086679181734 54.599611413209026 39.22706874357303
54.69996627086877 54.589196007711635 39.23799697797851
54.70088069188826 54.5890377658303 39.238146231719405
54.75487341540797 54.58975297452119 39.244454843725165
54.79055743706116 54.591949175299824 39.24259605018573
54.7907194969026 54.59200091559882 39.24260304704645
54.80438739534388 54.58269442009984 39.24442234357228
54.9134287318269 54.56484957443192 39.21326564838451
53.56356488265017 54.60615301264798 39.23257709227072
53.56438646724912 54.60580175188923 39.23284107276575
53.56521533790911 54.60544526794432 39.233107920815094
53.63301841929912 54.59914875140062 39.24100027588553
53.70449399743568 54.5871874698244 39.250223150149445
53.70568431558317 54.58727435697149 39.25020353947741
53.70559681740732 54.587228514138246 39.250223999645
53.70680112543759 54.58734772985788 39.250189067637436
53.70679927386132 54.58734640179816 39.25018967314857
53.706831445164525 54.58734942074193 39.250188819876065
54.237580383199386 54.6546162080643 39.20800018917659
54.237569743186825 54.65452959033699 39.20802630415085
54.237577790314276 54.65459503683475 39.208006642344166
54.237585940146374 54.65466172208615 39.207986160307314
54.237591148493664 54.654704550967 39.207972771553635
54.33539389405302 54.62415244175452 39.20413885159298
54.62097907484002 54.593165546765775 39.21771105714662
54.62221819357583 54.59322504349569 39.218123467419055
54.6740698733682 54.599619165630244 39.2270362977703
54.67412506150004 54.59963498730061 39.22703608366644
54.67419196614222 54.59965689658997 39.227028766948976
54.700717254723386 54.58906664399602 39.23812005519951
54.75354161281092 54.65483508874863 39.23958030065653
54.79988523610899 54.6553178975581 39.242590280302856
54.800053069735256 54.655651481780836 39.24256520888579
54.80019272600906 54.65589971594882 39.242546545723116
54.80441496501645 54.582702425348906 39.24442022932484
54.80022182748759 54.65594409405796 39.24254320740435
54.915400180966344 54.660034527409636 39.210229488173695
53.56404588209887 54.60595007132344 39.232730964848024
53.564823617033 54.605615965854156 39.232981253815026
53.632923625772435 54.599277012685064 39.240920464812255
53.70467759475444 54.58723628384842 39.25020305581724
53.705770568897435 54.5873172253675 39.25018448976292
53.70680934411308 54.58738599928816 39.250170774697956
53.7742566812655 54.5829676734503 39.250627535641556
53.774309182204284 54.58294678852826 39.25063488768126
53.77455596519037 54.58286524108684 39.250655942414
54.23760451839676 54.65481282216867 39.20794076041885
54.237598071121546 54.65476028814865 39.207956652891504
54.237602426921555 54.65479587438824 39.20794578313144
54.237609383569406 54.65485238097085 39.20792888612327
54.237586785108306 54.65466826222813 39.20798456402294
54.2376140487557 54.65489048722977 39.20791725505235
54.237617844980136 54.65492170316978 39.20790749759229
54.23762073958811 54.654945713129194 39.207899764198544
54.33675421820735 54.64660034217626 39.197033859549634
54.6210027545544 54.5931669423019 39.21771920967804
54.62216145011671 54.593222597881876 39.21810487447541
54.67410929304539 54.59964289082811 39.227004012190896
54.67416309081943 54.59965918805584 39.227001542647855
54.715148397859025 54.66009513511979 39.23278075395594
54.75139991811291 54.71194029075457 39.22502632411849
54.78489174846296 54.78384681055843 39.21607525104512
54.78509035601982 54.78397420268654 39.21618562356171
54.803392244759294 54.735623223975814 39.22997003384814
54.80349082933894 54.735092470720225 39.23006265902481
54.80354553903707 54.7347190814172 39.23011884398815
54.91538002646228 54.66426887831875 39.209952228378675
54.91538415228502 54.66230522558364 39.210082441257924
54.915372014258274 54.66409117306563 39.20996663918097
53.56448057118142 54.605764697157625 39.23287051514222
53.61551000579475 54.728840533001225 39.23873419293728
53.68132038627719 54.851054533592475 39.24632495236
53.73258485835099 54.792853852128005 39.22561726442332
53.749238005345305 54.85681235290949 39.24432053666315
53.74937205151507 54.85764631841751 39.24431005051452
53.76146267034237 54.85042699576175 39.24806028736277
53.77482850289256 54.582775487752386 39.25067894705763
53.77264939683775 54.92188426526982 39.223328076712185
53.761533510870635 54.848214035852436 39.248098821072276
53.8112049450897 54.84611801126959 39.24779155720604
54.11155722861612 54.973368800726334 39.23843265453444
54.11156257795227 54.97336919856312 39.23843112063868
54.111288239761464 54.9734142144824 39.23846074059848
54.11200737756541 54.973296792805165 39.23838266056235
54.20858000908692 54.77255734175774 39.215679096111415
54.20840346798641 54.77310223451093 39.21575515189778
54.209666661838334 54.76921509843254 39.21520429287626
54.20900032078397 54.77126795545925 39.21549352266501
54.20959083323895 54.769453574248836 39.21523443795759
54.21013206418009 54.76779103306037 39.2149967362427
54.23764655780023 54.65515594562763 39.20783632119891
54.30925056525878 54.76781459226437 39.192031770728356
54.34649226654622 54.85868045327462 39.18107195332162
54.54399568856611 54.715737980051486 39.19555261744693
54.59565220976631 54.714234928119836 39.21286143796293
54.7850187237585 54.784150522487174 39.21612919797716
54.78522321289664 54.78427639874013 39.216243234456044
54.78539210306922 54.78437689886151 39.21633767750913
54.8026697690283 54.83783122641972 39.2197276564128
54.834793236447936 54.8192614242659 39.21393726853983
54.80337424534629 54.73635905502131 39.22991436841476
54.83500375137347 54.81935155833101 39.213896291094514
54.898595193634634 54.872972068281285 39.196576407094284
54.876834717306295 54.744494107509695 39.216265371057105
53.69723223016902 54.98549882390307 39.23607159143146
53.71315668581782 54.99175492577962 39.24286180982761
53.71350574511545 54.991721588002164 39.242919920684145
53.7483894294559 54.98840255730844 39.24432470240589
53.74855546752856 54.988346748508036 39.244312884815194
53.748709127907304 54.98829915530757 39.24430002105475
53.74884005267787 54.98826266178402 39.24428713225325
53.85684608469345 54.98023229765195 39.24558076625058
53.811318219821004 54.84587629870589 39.24779102932573
53.8626884764195 54.980178335991184 39.245608819360235
53.917855994234216 54.84545512643967 39.24709256144286
54.06775053357777 54.91244567845318 39.22202270458777
54.0672580867672 54.91137699260027 39.221595657558055
54.11004725158136 54.97363344128559 39.23858303750594
54.06823787908037 54.91236105154361 39.22200714165044
54.11048270096818 54.97355095240633 39.23854429664442
54.11062046369375 54.97353087829961 39.238527524857545
54.11098117348189 54.97346235819886 39.23849557541641
54.1110886834159 54.97344805514886 39.23848146504352
54.11150741755355 54.97337333617028 39.23844076002944
54.11202275792745 54.973291545768305 39.238383041640176
54.11248711584071 54.97322396998969 39.23832644274126
54.18100332480803 54.97159710622063 39.22183719027766
54.224601225760416 54.97145214807195 39.21181638925346
54.225629465333775 54.97163592419534 39.21141155085614
54.22655954665517 54.97180227226545 39.21104531810824
54.35639116922832 54.95856081107031 39.17792514141895
54.35787124064984 54.95844268201701 39.17775000347152
54.468713768772545 54.95556669194093 39.17061229740072
54.80257311932101 54.83845821457166 39.219578949423784
54.80268563420016 54.83860690631771 39.21961853999339
54.80277924844712 54.838780776478316 39.21964385743617
54.80284949138438 54.83896206240415 39.21965513026689
54.84732056454003 54.852397709060966 39.21522922961087
54.89839451637409 54.87292052854632 39.196628924500175
53.71310956868825 54.99177497924378 39.24285181517487
53.71351004674657 54.99173761862036 39.24291836335449
53.74832799314443 54.988425864361155 39.24432781237315
53.74851828040888 54.988361457730456 39.24431448138252
53.748693974010884 54.988306771780024 39.24429990065164
53.74884385451894 54.98826435143208 39.244285451415074
53.85643919219784 54.980236931238885 39.2455747280541
53.86292578576029 54.98017693137895 39.24560628592135
53.99850187729092 54.97261543675042 39.24337958081
54.10980771915702 54.973677653617415 39.23860522020395
54.11028604178263 54.97358882526062 39.23856132890572
54.1108418046893 54.97349111155785 39.23850621125801
54.111435388275304 54.97339198163819 39.23844341923413
54.11201522849473 54.973300650856785 39.23837795466831
54.11253315118916 54.97322525429027 39.23831484626715
54.180892027211726 54.971599301429606 39.22186601362751
54.22465995198074 54.97146831157042 39.21179124833587
54.225789848189095 54.97167018477337 39.21134641131346
54.226799111388914 54.97185037524687 39.210949113420575
54.35631808522457 54.958591096544325 39.17795701666745
54.80281275713547 54.83975503917043 39.21951431282876
54.80289823661048 54.83986207960131 39.2195452906532
54.84683796782787 54.85317520632987 39.21524995385982
54.84758664141462 54.85322802773612 39.21504824842351
54.84754369862307 54.85277792217556 39.215120028192835
54.847946415323335 54.85325688266332 39.21495085164344
54.89950187508437 54.87426390426582 39.196100587906685
54.898450432080125 54.87299360170117 39.196601066015546
54.84954779941354 54.85341500024953 39.21451333291337
53.713503181207415 54.99176308763566 39.2429137893058
53.748250127886536 54.98846061537388 39.244329277432676
53.74846503213578 54.988387399623804 39.24431444852617
53.7486632159806 54.988325014908526 39.24429833328995
53.74883139544173 54.988276492992355 39.24428255831752
53.85606334876364 54.980241268991634 39.24556888120544
53.863118139312895 54.9801759270715 39.24560360621817
54.0492933825179 54.97627932902523 39.22778984224932
54.109576593630635 54.973730408432516 39.238619056617566
54.11008524712402 54.97363813328164 39.238570743346244
54.110691009167 54.973534230345244 39.23850871662444
54.111342988374524 54.97342693014936 39.238438561246525
54.11198191455635 54.97332687463607 39.23836598954737
54.11255062088168 54.97324358233571 39.23829707024451
54.18080629619645 54.97161658917968 39.221876011459145
54.22478508506636 54.97149868349711 39.211739128140955
54.226005590004874 54.971716560654 39.21125868451003
54.22709234682355 54.97191007325024 39.21083106403669
54.803020305761464 54.84099876656233 39.21944000971354
54.84690063439601 54.85410492301215 39.21510845561481
54.84764653461054 54.85405010546194 39.21492196737248
54.84831005994262 54.854015027390574 39.214754231189396
54.84828015208757 54.85364709797261 39.21481155585019
54.84889896229009 54.85399484284857 39.214603884860836
54.84888941444208 54.85389645837065 39.21461961649089
54.89989573156076 54.91391113618796 39.19065773529479
54.849404511232166 54.85363552957678 39.214520875753244
54.91504694054265 54.93182284566598 39.18192200812837
53.74839583447208 54.98842559945005 39.24431227320779
53.748615403544875 54.988355267210906 39.24429499683906
53.748799995737656 54.9883005801348 39.24427836189352
53.748943537203786 54.98826168928803 39.244263699076036
53.86323710315082 54.980175520827046 39.24560094635117
54.0488564294301 54.97636373607019 39.22772952864912
54.10937322275868 54.97378892954105 39.238622158983176
54.10990294509212 54.97369648518453 39.23856910591461
54.110540396848876 54.973589999169405 39.23850169580577
54.111237235400054 54.97347769014484 39.238424933622866
54.11192409012884 54.97337094045043 39.23834630969574
54.11253573219901 54.973280681600144 39.23827269564086
54.1766432894333 54.975338379222656 39.22190861104211
54.22498879493598 54.97154543700894 39.21165523782736
54.8242265062668 54.95161760798228 39.19915311638888
54.82918185975727 54.89240508292349 39.212151953159115
54.86286539090041 54.912765470400956 39.20064909437605
54.86340350239438 54.91243661367172 39.20055465942011
54.86387788374473 54.91214485946932 39.20047182365809
54.914587056450245 54.93254548778598 39.181898012891615
54.915142259004966 54.93265630921728 39.18173031131525
53.748552515572676 54.98839675672862 39.244289801218706
53.74875238597103 54.988335226749115 39.244272890351986
53.74890635790848 54.9882911323195 39.24425829194224
53.863272526064875 54.9801757828305 39.245598367564995
53.93125628270475 54.9842399844302 39.227240285615395
54.109218339672196 54.97384930159273 39.238612673572845
54.10975217621582 54.97376033961608 39.23855605939319
54.11040633758864 54.973655196578946 39.23848378271608
54.1111280505581 54.97354186247976 39.23840204334647
54.11184718722725 54.97343118852717 39.238318904731514
54.82451268994843 54.95199538162092 39.19897442306051
54.824708820812106 54.95206647676952 39.198928174616405
54.86310501954502 54.91306939426852 39.200505740739416
54.86358708127918 54.9127482885044 39.20042710335743
54.91464975919723 54.93339918987509 39.18171081745983
54.915213740465646 54.933504822193115 39.18154185266233
53.863237000444386 54.98017663347545 39.24559575909687
53.93125437917164 54.98426252748441 39.2271519370085
54.10912056710869 54.973908217591344 39.238591087926494
54.10964728377708 54.97382546372065 39.23853146407067
54.824758278687 54.95232919249217 39.1988171715425
54.8801792165669 54.95283809498309 39.188067976846874
54.88130860056361 54.95321416911213 39.18767579006501
54.91470050622246 54.934215306368564 39.18153427391918
54.82479723375468 54.952584007064374 39.19871030651725
54.880648236883744 54.95308089239918 39.18788174522057
54.91111785164217 55.027340745152586 39.16561053566227
54.93642236669251 54.98169311444193 39.16030849075749
54.91057225011946 55.02911685979765 39.16545637292837
54.91110134105301 55.02904421500192 39.16532874718028
53.86158638969548 53.75182534489751 39.227696607161626
53.90517869369903 53.84326963739249 39.21629610677887
53.94504136680568 53.95047199617382 39.21110629116639
53.99111374808193 53.95456879148742 39.20563967639117
53.78950800214102 54.0400462661853 39.19809184597263
53.82402800940018 54.03709420465611 39.19507397496023
53.941414645892934 54.045123757876766 39.20073123778154
53.94200806759848 54.04516564331647 39.20077109419149
53.98507478178071 54.027747316763886 39.19607597406595
54.0028625637556 54.05101917040021 39.201677893022186
54.003320587190046 54.05111834539623 39.201668839968356
54.07196662134979 53.9995394111889 39.205852622157394
54.141522993219894 53.96819397589174 39.19704226522548
53.75092689632928 54.044356075053386 39.19675417274124
53.78953796969118 54.040074100778284 39.19808776522674
53.82065610206401 54.03903419377429 39.19547347085101
53.941458721942695 54.04527130456875 39.200772912186515
53.94205800096336 54.045319592894984 39.200814767391975
53.94264482284531 54.045365299216265 39.20085532953148
54.00295672616562 54.0511873802365 39.201718849842216
54.034501581888094 54.071367602319626 39.202256194498375
54.03493933721533 54.071348991674896 39.20219203123352
54.099572981427556 54.0023002415668 39.201236052343354
54.14145972115561 53.96907681070239 39.19690105293336
54.18953329934355 53.96813538210837 39.19037497862315
53.73246340675391 54.03105206998845 39.197129876884944
53.750930239757714 54.044405207670906 39.19674385133272
53.77354400704479 54.0655361538543 39.197008704525274
53.82424502483795 54.100867208359524 39.20150948996942
53.900268854677435 54.0529581874996 39.19852770354054
53.94210770615915 54.0454704672338 39.2008576053067
53.94269389027194 54.04551993480675 39.20089914483141
54.00305264590175 54.051351609575335 39.20175850871383
54.03447362380512 54.07138358650378 39.202258057556975
54.03491499592647 54.071365125522874 39.202193318334196
54.03532762649155 54.07134883249541 39.202132648959534
54.10409717244565 54.04116391411064 39.19328287051442
54.15189205647849 54.034161345136575 39.187709858395436
54.21598069641024 54.03587844795493 39.17908916506691
54.28161345980678 54.069263459536785 39.18248006751134
53.73817004535126 54.06215070471079 39.19626436549841
53.76698158851401 54.08043655048429 39.202531746818444
53.78240417252603 54.0958695099569 39.20256972232232
53.79258460068576 54.11203987805635 39.20052804103928
53.823891026178416 54.10155939310574 39.201589448295664
53.888276362042 54.09400654744996 39.20601190327589
53.94215456771377 54.04561207851138 39.20089782318787
54.00270584943122 54.05141085044647 39.20180427408248
54.034010376514246 54.071418812418386 39.202323611251884
54.034453460176536 54.07139984749243 39.2022586862921
54.03489225141995 54.07138170758175 39.20219429343353
54.070019559678094 54.09469684406513 39.1962718045709
54.0700521179348 54.09480694379201 39.19626303155971
54.11070379421761 54.06639587782488 39.192073533134725
54.2803800033352 54.0691024810879 39.18236967936818
54.344894534896014 54.078182362924444 39.18618006396743
54.34595981168561 54.078328560190755 39.1863258135628
54.43606235924601 54.11904965965821 39.20511632926193
53.61488548043607 54.14655286000399 39.206155968915105
53.730991727124234 54.183474771219736 39.207493255283
53.77247762321143 54.1235371370226 39.19979263817429
53.81373091943233 54.16824769243835 39.21054743710831
53.81389860358942 54.16866428372066 39.210623037707435
53.814064001413755 54.16907272352346 39.210697007341544
53.877306778441515 54.161745315205124 39.21505644773336
53.878791983941554 54.16065406279395 39.21501290162495
53.94180105929355 54.12848519830007 39.20758744629275
54.034006922727585 54.0714338473287 39.202321868662125
54.034441916596556 54.071415685975936 39.20225806002167
54.034871866753605 54.07139804925985 39.2021949437983
54.0701217481054 54.09504344189922 39.1962438323247
54.07015111733354 54.095142654012605 39.19623596231663
54.22694584252764 54.18068759086716 39.19245457236498
54.22714178133033 54.1809820891639 39.192477080261256
54.28670141722604 54.18802381330899 39.19684093405118
54.349032117063665 54.13370735072904 39.19367312186712
54.437096849057696 54.11982040903003 39.20539874643274
54.438403444574135 54.12079237383332 39.205753914275114
53.572016959878695 54.161736538860055 39.21379242534963
53.615793947851316 54.14909313330831 39.20640881904453
53.73032151691086 54.18484281466188 39.207710712142635
53.772479650369576 54.22845868587855 39.21832038684774
53.81414323894283 54.169284902778 39.21073645288014
53.81431864591249 54.169719416596216 39.21081522838754
53.847515195607485 54.23784364928629 39.2179574059693
53.847829231492454 54.238385835730114 39.21798839878789
53.87769703599636 54.16202642137724 39.21512273566167
53.95185283205505 54.19185640966589 39.21502441419504
54.01143550301608 54.20139426692647 39.21081223989049
54.0115816847304 54.20195895567136 39.21081417044851
54.0629649771803 54.180953382028314 39.1983149919841
54.063109254810854 54.18062225254032 39.198262477294655
54.12299473160202 54.177341255614635 39.19502806235483
54.200268750556184 54.244356902577834 39.1967556941696
54.26114491983397 54.22830033056834 39.19207216641858
54.26157495208997 54.22811291269744 39.1919816183943
54.34795476758268 54.1350294862808 39.19370829821522
54.438090106177754 54.12056042325326 39.20566989223521
54.439445916361265 54.12156930155811 39.206038744477475
54.44094262569283 54.122683269542975 39.206446176035215
53.53501321375275 54.206613599424756 39.21569309171746
53.62637567885107 54.24140868330447 39.210046709701594
53.65368352338836 54.32087086799049 39.21729540110043
53.71499524273628 54.26530313572236 39.216783219340954
53.77186628472282 54.2290878330696 39.21838495377875
53.77365348242232 54.22849334383117 39.21838064087448
53.84773015453566 54.238232168820026 39.21799043891832
53.84804031422699 54.238770238191236 39.21802279924833
53.84835788523971 54.23931622471145 39.21805257564347
53.889166155297275 54.294350743677256 39.21948859251161
53.96685577421861 54.25859854628586 39.21545981654815
54.03820767334705 54.26951742193961 39.21043494069671
54.038272196507336 54.269536365285305 39.21043088556027
54.038338506172224 54.26955638228354 39.21042673816871
54.03840224033145 54.2695761252832 39.21042277022142
54.13117695909018 54.25858762152095 39.20095058218335
54.20019054333021 54.2443687716634 39.196756572759114
54.260938113236406 54.228402145056364 39.19212299719706
54.261375384008076 54.228212232326406 39.19203133648269
54.26181484671351 54.22801817250786 39.19193722394689
54.37151674080705 54.209416232158446 39.20261573615609
54.44037221230158 54.12225963429361 39.20629182022112
54.44184787143849 54.123358155944956 39.20669374486066
54.557021028559824 54.15419492538445 39.204634539029925
54.97998186659403 54.17508798924618 39.17636443586947
55.0267584647722 54.2008057453989 39.17405659718671
55.1093897399192 54.18280171979044 39.161548471750066
53.58955239732339 54.28574947367305 39.211753854322424
53.653507181709244 54.32117768680104 39.21725924563571
53.65367336993222 54.32115802093786 39.21728299768796
53.65383058067381 54.32115244441843 39.217304967707065
53.7283455296552 54.29128570713971 39.22124555353214
53.773074512013565 54.229116199395236 39.218445888980995
53.84827026739814 54.239180084017406 39.21805421216053
53.84859053649599 54.23973358390907 39.218086195094855
53.8891340870409 54.29433855221078 39.219491524176775
53.88951630870609 54.29473097717713 39.219450966072394
53.92034534192981 54.274999698265255 39.21827380563114
54.03822360187736 54.269534801100534 39.210434402778766
54.03829033926587 54.26955444096181 39.2104302101763
54.03835850453814 54.269574772910204 39.210425937783846
54.03842349296872 54.269594406723826 39.210421873600886
54.1309884617542 54.25863500048304 39.20096983803971
54.20009806882912 54.24438155326541 39.19675642095869
54.22299273405595 54.269655334393725 39.1962663520468
54.26118368471302 54.22830641119268 39.192078330566424
54.26162516245935 54.22811182284576 39.191984011784484
54.371078597546784 54.2095023306716 39.20257215919568
54.41180244383967 54.21323401248002 39.20029774433356
54.45549067505581 54.16608651585087 39.19910046443065
54.50103784088718 54.19088474774371 39.194299500813756
54.565520345465096 54.17414789627413 39.20162219502349
54.98530295677786 54.24022953092806 39.17766890602488
54.98533692263183 54.24040615113915 39.177661325428126
54.985370324556015 54.24057995408309 39.17765396230339
54.98540199627425 54.24074484138367 39.17764705003477
55.06473923568031 54.21157989222813 39.16626381965655
55.10941163514367 54.18287000756564 39.16155653341595
53.58826062463858 54.285648234215884 39.211619495108216
53.65331318236777 54.32152413670643 39.21721912860839
53.6534880145615 54.32149658821244 39.21724437881525
53.65366126470289 54.32147741622855 39.21726908925198
53.653825798754305 54.3214687100309 39.2172921926158
53.70487020638365 54.32533811778376 39.21768279652915
53.76237713988212 54.28911844177652 39.2193253129806
53.83777023786706 54.29901714859308 39.21895043466013
53.83841055592956 54.29873281495084 39.218988272128236
53.88951194261152 54.29474842897712 39.21945093091443
53.88989562481919 54.29514017482711 39.219410267338546
53.94918507001796 54.304641908956384 39.21520658690931
54.03824283818727 54.26955362029666 39.21043367407105
54.03831035343657 54.26957354059208 39.210429434480005
54.03837884622072 54.26959371689514 39.21042513232328
54.03844366847398 54.269612779583596 39.2104210595392
54.13078852394577 54.258684181468254 39.20098926173161
54.22246151172668 54.27037723186098 39.19622487870223
54.22272910658305 54.270110550802684 39.19623267592114
54.22299236882267 54.26985765677094 39.196239068136315
54.28374076213434 54.30708550058442 39.20289265206655
54.39262433966481 54.28961588498544 39.21338736810346
54.39575195844998 54.288745627546206 39.213801764270485
54.460626314510776 54.360034574093504 39.218793359794184
54.5096816098344 54.36714373775046 39.219897794453026
54.53140569909607 54.36431078047126 39.2179756229752
54.964990212459355 54.34258448495669 39.18890341735184
54.98547295348101 54.241114118477 39.17763145572211
54.98550316328749 54.24127130686877 39.17762479249093
55.007202931611175 54.28905149216382 39.172003956002214
55.00732124402883 54.289188467187145 39.17197772060152
55.05355094705567 54.27492137813415 39.16838737387734
55.08198786933397 54.237490010979435 39.16275705605492
53.58879228193843 54.286070179773915 39.211652009248326
53.65329294129418 54.32184969481707 39.217203858208194
53.653470771501546 54.32182962623881 39.2172292368219
53.65364798801133 54.32181367693822 39.217254372732974
53.65381722089321 54.32180248545397 39.217278221558296
53.7051366397951 54.32570211243513 39.21766569074765
53.76635871995697 54.31528301152947 39.218909195216725
53.83748087146833 54.29955254007051 39.218895202717704
53.83813501252647 54.299263933633604 39.218933682200245
53.8899024873439 54.29516868200316 39.219409051443684
53.89027907102816 54.29555096594956 39.21936919050321
53.948894504590974 54.304822218237874 39.21521798913097
53.99613414231183 54.28830022945051 39.2123633707698
54.03833089758158 54.269592361052176 39.210428609623996
54.0383981458602 54.26961193217002 39.21042437693789
54.03846140509518 54.26963003701406 39.210420384193455
54.153474211012565 54.28483465420959 39.20045022748496
54.222199922434584 54.27084660590775 39.19618907575723
54.222461975522364 54.27058021563301 39.196197418057636
54.22272496103462 54.27031828123033 39.19620506030007
54.2853047386574 54.30941609561344 39.2030480583028
54.335202719176195 54.33721990215969 39.19443522440376
54.45778008532343 54.36591881711534 39.2183312985507
54.458874697967175 54.36419814534223 39.21846857669833
54.50904143480324 54.37193707646509 39.219570083081216
54.53133522227358 54.36920808155554 39.217588137294825
54.87439617911558 54.50745577538824 39.21638941122938
54.964060156978206 54.34520358157754 39.18938084607609
54.96444775888712 54.344324070496505 39.18919521967419
54.964832562570926 54.34344835532224 39.18901077265629
55.007339603267305 54.28936910579923 39.17198215511044
55.0074527164391 54.28949418243554 39.17195675888812
55.00756171083758 54.289611574961356 39.17193212039526
55.06295129128266 54.3162004982064 39.16159265748822
53.63968483164497 54.35429496088402 39.2126870229985
53.639887094365506 54.35429470485232 39.21272236147182
53.6400957834565 54.35429583477762 39.212758615374725
53.653634401939954 54.32214520774838 39.217239794559184
53.653804402512016 54.322133321709785 39.21726377622752
53.70540249917717 54.32606026329379 39.217648641417604
53.75540497373136 54.35888716463408 39.21192934871118
53.83719252693534 54.300071699706976 39.21884150981498
53.83784526135546 54.29978497283981 39.21887978856812
53.89027903367365 54.29557050480186 39.219368749583566
53.91786684741537 54.33703934888982 39.21181564912642
53.944613861395496 54.334705790647135 39.21236469481817
53.98947950338633 54.32345032436349 39.20979830733036
54.03181157228832 54.30476905725409 39.20784576013708
54.03192671429749 54.3046089227867 39.20785606233332
54.053200854407244 54.30224927175921 39.20547819279256
54.10909958130516 54.32123233318063 39.19876470562209
54.159589320916425 54.31089866550724 39.195950809428076
54.25907472630054 54.339891423739424 39.201270570278524
54.2608873501025 54.34139969076588 39.20143854945414
54.35670122552844 54.37883315549194 39.20265021360926
54.420889819334455 54.45278850209268 39.207460484657915
54.42121259303009 54.45285782221281 39.20745536639771
54.45603215237103 54.45923847565925 39.21263499331037
54.50748885188557 54.46340232947614 39.21035986673336
54.50777416235012 54.46341026402378 39.21035387964998
54.87407220189189 54.50793619839468 39.216516517989604
54.874252669758846 54.50776765060288 39.21650538506154
54.874419165554436 54.50760666643607 39.216491809944586
54.92006035134572 54.450148769724755 39.20899037648874
54.98084013910997 54.37078819451267 39.18599531459724
54.9815666938352 54.369787614638625 39.185697243758526
54.98226020141714 54.36883981178816 39.185413392679706
54.982909545069006 54.36795841239797 39.185148168679056
55.06298053729313 54.316201329646006 39.161586866514824
53.62347519932386 54.42880210027566 39.224062925348655
53.623480759045975 54.42901729952913 39.224104404398716
53.6415595815926 54.42228110268196 39.22823510908574
53.641746442819134 54.42204055727399 39.22820792680513
53.64192744858548 54.42178304711629 39.22817747855297
53.73838359469551 54.42663792252578 39.22895898027801
53.79161910333563 54.49713387931115 39.24081614889593
53.79190949316917 54.49742630263417 39.24088092450124
53.879305626211476 54.48238098875518 39.242570380856726
53.90025601819838 54.565184818935386 39.25262450858832
53.93330797718607 54.48863545435776 39.23943488281006
53.93987770715506 54.56382460196646 39.249270348494974
53.94647377228405 54.48482744370897 39.236511771696335
54.00138137426565 54.49487265318575 39.22933924413259
54.04223230634534 54.42769988033666 39.211423711083015
54.086283135448326 54.5468231957266 39.224919630415386
54.13663474029209 54.469962110737804 39.21029477829001
54.13705770405308 54.46889373573177 39.21012846324824
54.23227162793704 54.425619121219476 39.20292519964943
54.270615873881894 54.41272335928419 39.19400489333867
54.42063322494788 54.45273347890806 39.207466535328635
54.42093535229818 54.452798395584075 39.20746246734896
54.42127177181442 54.452870661190545 39.20745748318562
54.45621161496338 54.45927337191528 39.21263755470039
54.50748638545541 54.463417605818464 39.21036907800649
54.50778934571457 54.4634269974143 39.21036329728659
54.84365328691368 54.53701870446854 39.23316196426278
54.863066229923135 54.53604220007732 39.22942426636906
54.863383930863506 54.5356547074488 39.22933654081301
54.896971029476816 54.52947759303113 39.2212283492088
54.89723697753391 54.52942531197718 39.22115049787194
54.94568184469742 54.44981174221238 39.20164519676083
54.974104795527936 54.4139762718998 39.18507931224265
54.98204465408722 54.36925434245339 39.1855125455391
55.063008996204026 54.316202135191986 39.16158130156576
53.62277251095611 54.488757983132906 39.2255273073834
53.64028129776048 54.48220339001572 39.229563331844695
53.64047649219266 54.48156806281048 39.22952880667078
53.68898764959759 54.50547399401414 39.242549482669006
53.74235379185538 54.574276712351555 39.25415601186734
53.81513597107762 54.5717279108644 39.24933410928284
53.815567919855624 54.571655940319864 39.2492857818409
53.8376693703366 54.57243571433992 39.254233278898596
53.90021047050084 54.565196710132554 39.25262828752222
53.939737084554366 54.56387180079766 39.2492938840336
53.93984816679114 54.56383434718042 39.249275765620624
53.939953324351656 54.56379900206224 39.24925830462233
53.981990696141224 54.560191215012935 39.243235447936996
54.02956060968231 54.56474747320091 39.23959286394043
54.08609443047315 54.54708193493386 39.225034923272005
54.08642777463132 54.546890329323304 39.22492827623606
54.08672752360434 54.54671082167475 39.224829741361695
54.199722004258376 54.507110753504605 39.21703014632697
54.28385346249699 54.50571181317531 39.20342415974597
54.4206875661815 54.45274519453847 39.207466737479166
54.420996324070806 54.45281154942465 39.207462899569144
54.42134218612437 54.45288585675992 39.20745809152154
54.45641356630232 54.45931246824143 39.212640621668896
54.50748765011615 54.46343338370707 39.21037844842512
54.815513669292926 54.569863386632846 39.24048323127725
54.862634141237734 54.536578601843445 39.22954675052701
54.862981230097034 54.53615560765617 39.22945102580496
54.8968537470689 54.529851060920784 39.2212737770547
54.89714227242417 54.52977984295107 39.22118885754477
54.91363585510514 54.53441943195011 39.21633350593966
54.94011505996313 54.50639841045548 39.20055706535542
54.95141294177781 54.49398185130729 39.19719336644239
55.02211823789506 54.45877342586412 39.16021104959994
53.59869906061694 54.56759004237685 39.23201544742928
53.66765237628479 54.55587317174519 39.241044180293514
53.66903642066509 54.55626143279759 39.24125401869526
53.705207633785534 54.58700571985865 39.25032410978452
53.742258117865305 54.57429718898612 39.25415568050045
53.775820120976405 54.582387573157334 39.250812487073006
53.81547683585117 54.571669313902085 39.24929928045545
53.83762878467145 54.572442020466525 39.25423330293502
53.90016670760038 54.5652099819967 39.25263226395319
53.93969237655905 54.563886747400474 39.24930153182096
53.93981202710806 54.56384640366305 39.249282019025685
53.939925899881416 54.56380812961898 39.24926310980039
53.982003505239646 54.560191454811985 39.243233998300134
54.02968397175859 54.564761662616974 39.239579815395714
54.08589124290107 54.54736287837164 39.22515992219777
54.086245483008234 54.547157972533 39.22504611871062
54.149794813628766 54.56400286539541 39.219962736433295
54.15076404127689 54.56444963849973 39.21992266362754
54.23769246565063 54.54276055849232 39.22177256054873
54.345190448379974 54.502360032270964 39.21042202754335
54.421072909554596 54.45282798919104 39.20746149579904
54.421420169047124 54.45290261258043 39.20745704148668
54.45662855872854 54.45935389267596 39.212644096626235
54.507493662634445 54.46344871687568 39.21038737494043
54.812428321238016 54.577046821697394 39.24362903724551
54.83166886228221 54.57650219044953 39.23995883067312
54.85952950903847 54.543804686416266 39.23269210005218
54.88728832848591 54.535674271589286 39.22391953446014
54.89703587215821 54.530169661203416 39.22123168530996
54.913644837941916 54.53485996465946 39.216342299074384
54.91367719490765 54.53489021192548 39.21633462990338
54.940321869416294 54.50665709997928 39.200458294294464
54.99354200107837 54.494542890253946 39.17691220679146
53.59841915388918 54.56822560804917 39.232158029914224
53.66790268013395 54.55624738863086 39.24125095292737
53.70405202133699 54.58695190120682 39.25032843005487
53.705254664821425 54.5870361362669 39.2503103283544
53.74214358749798 54.57431881794991 39.2541552274883
53.7756255625833 54.5824547200751 39.25079356733917
53.81538128130448 54.57168525085465 39.24930994228812
53.837575853154384 54.572452471688635 39.254233221127905
53.90012889448189 54.56522381126527 39.25263614174943
53.93964501081149 54.56390270406433 39.24930929560324
53.93977088848768 54.56386026082989 39.24928876682171
53.93989155866253 54.563819700214275 39.24926873409045
53.98201799756765 54.560191839237746 39.24323203720568
54.029811348795306 54.56477688194334 39.23956674806087
54.08298211891058 54.57960282065896 39.23077362824283
54.08328492456984 54.57975521303044 39.23073004873411
54.147120190972984 54.59685784029429 39.22567076195182
54.148182158013086 54.597092669013634 39.22559088884644
54.23606731087759 54.544207101840314 39.22187876593965
54.35623894597646 54.50685132072791 39.214474685040756
54.42115797097068 54.452846187983326 39.207458511632204
54.421500496305086 54.45291980848015 39.207454458715105
54.456843355689145 54.45939510543543 39.21264775428805
54.81235572720121 54.577134211629556 39.243655376414104
54.831600655703156 54.576582401147775 39.23998428504862
54.83166154054918 54.576518296700705 39.23996575786988
54.85645468174474 54.57572436403527 39.234302419596595
54.89390211541346 54.56246116680312 39.22286927180339
54.913651333582294 54.53531116427611 39.21635201008965
54.913684097729146 54.535312595916 39.216343506474175
54.91371419898705 54.535313456015686 39.21633568248082
54.95488120088398 54.50046574858679 39.19596556869156
53.63357506820006 54.598694846491696 39.2412928914183
53.70405729834334 54.58698542207861 39.25031237098687
53.70532041659966 54.58707529116769 39.25029268504293
53.706537459037236 54.58715749256789 39.25027583301588
53.77539794650104 54.58253558337505 39.250769558531
53.836180130849414 54.57253761086187 39.25424074132991
53.83751299120307 54.57246680146916 39.254233026519834
53.900101071891655 54.565237075643424 39.25263957305639
53.93959879593024 54.5639184017102 39.249316512162004
53.93972763011335 54.56387496330474 39.2492954964832
53.93985222645933 54.56383307870475 39.24927482390935
53.98203320213358 54.560192354439465 39.24322966226474
54.029933346723645 54.56479207220405 39.23955467098683
54.08312929720677 54.57969454833193 39.23074512766988
54.083433031000816 54.579847652592065 39.23070131312358
54.147357367522616 54.5969388456739 39.225642147841164
54.14845276016405 54.59717808999093 39.22556088344049
54.190127382417906 54.619240843493564 39.219763011300884
54.28295673580925 54.57574855086215 39.21259079830294
54.3569156947828 54.506685856660894 39.214458255935654
54.421578569038985 54.45293646286625 39.20745055945907
54.45704639553554 54.45943391111653 39.212651373304624
54.804314200859864 54.58259402134203 39.2443993130794
54.831527224073355 54.576668449218545 39.2400115174391
54.831594525806636 54.57659663584748 39.2399905044675
54.856366720121095 54.57579713470848 39.23433201122367
54.89389694240663 54.562475450885685 39.22287043681173
54.89415769313184 54.562475780638735 39.22279532219589
54.913688138499246 54.535718945064716 39.21635272374281
54.913719268202314 54.53569977896399 39.21634412552853
54.91375159873803 54.535688170623246 39.216335405345994
53.70410415784269 54.5870282610374 39.25029259840349
53.7054012604908 54.58712145455117 39.25027194586139
53.70663156424037 54.58720453327577 39.25025491906374
53.77515111814725 54.58262550496275 39.25074170931116
53.83610852984711 54.572554971985966 39.25424046685974
53.83744492813919 54.57248384872018 39.25423273796994
53.900085808391054 54.565248637407606 39.25264225734836
53.9395578683839 54.56393244051411 39.24932252110081
53.9396858964185 54.563889277015434 39.249301628280065
53.93981092010782 54.56384724253762 39.249280902137755
53.98204792239039 54.5601929639452 39.243227048820934
54.03004027317211 54.56480604598899 39.23954455752948
54.08328256888629 54.579793469976266 39.230714039407374
54.146465816695155 54.596777798532244 39.2256955837029
54.147605213101215 54.59702524656403 39.22561158568615
54.14871356976475 54.59726417841259 39.22553054572626
54.21312276984447 54.634773684870396 39.2115478650874
54.23748497580793 54.6538403771676 39.208233148677024
54.28252958220706 54.57655078076329 39.21254838276773
54.35764984158941 54.50648548486892 39.2144396846962
54.80434600442273 54.58263232829618 39.24440739570433
54.83145393834303 54.57675403687098 39.240038533743416
54.83152682607937 54.57667534668282 39.24001526391258
54.85628221729209 54.57586971216504 39.23436054004314
54.8938951218694 54.5624893358835 39.22287064524982
54.89415062459217 54.56248879041735 39.22279706219371
54.91341460196594 54.564858653667585 39.21327519188033
54.91344670707845 54.56484020130897 39.213265589388605
54.91348111404657 54.564820485664704 39.2132556297519
53.70549303688968 54.58717215231178 39.250249225557106
53.706706584593896 54.58725355456211 39.25023269335148
53.77490165018691 54.58271842313299 39.25071190916167
53.77562058345547 54.582475928531004 39.250777250283
53.837376860668485 54.572502210502414 39.25423238265991
53.90008322478752 54.56525772198171 39.25264404555135
53.9009046809106 54.565237565225246 39.252612253618
53.939649161242336 54.56390200487074 39.24930666753696
53.939771079475534 54.5638610063818 39.24928647878883
54.029046017052416 54.56470768150404 39.23966115395591
54.08312323370795 54.57974030553391 39.230725769777166
54.08343255988852 54.57989310871187 39.23068244173174
54.146717675009015 54.596868811235254 39.22566331448754
54.14785149022907 54.59711245299066 39.2255807067113
54.21293365035666 54.63484720894745 39.21150135694785
54.23750753771834 54.65402349650684 39.20817855079753
54.23751411467833 54.65407712358228 39.208162287361745
54.237521909881295 54.654140797619434 39.20814285106862
54.80437783728006 54.58266703012427 39.244414168274375
54.8238071300526 54.58177331685758 39.24043698079973
54.83146287449132 54.576749281932585 39.24003841875392
54.85620414958315 54.575938894471605 39.234386976837435
54.88264397860418 54.57512023330622 39.22677945399888
54.894146608337465 54.56250114991277 39.222797937803016
54.91339458602105 54.56486964262983 39.213278319514906
54.91342764853208 54.56485069276438 39.213268723453
53.705589295757484 54.58722444656917 39.2502258195731
53.70676231391644 54.58730189766871 39.25021043360165
53.77466378368014 54.58280880255374 39.250682046925064
53.77536182885456 54.58257248042317 39.25074619882385
53.83731347867044 54.57252026284563 39.25423200330485
53.900090772960986 54.565264253953146 39.25264501046897
53.90086614479402 54.56524526406513 39.252615008834525
53.93961911908545 54.5639125284515 39.249310469064625
53.939735715750444 54.56387331192337 39.249291182617775
54.029170411807186 54.56472310714564 39.23964879456015
54.08327648211531 54.5798415068836 39.23069373510371
54.08357251671299 54.579988429821356 39.23065198465683
54.14697294153082 54.59695963226412 39.22563114560171
54.195883524158006 54.629189455651314 39.216086232103606
54.23753564384821 54.65425206501204 39.208109900603084
54.237540405995404 54.65429077277463 39.208098296578626
54.23754631555773 54.65433896570718 39.20808367265436
54.804407714601396 54.58269600901768 39.24441922512291
54.82379418322765 54.581802691759236 39.24045022602432
54.823807199580045 54.58177324619511 39.24043692205089
54.856137109488884 54.57600154625021 39.23440980170158
54.85645214310891 54.575916478421206 39.23431045074273
54.8830080265159 54.57499697525202 39.22666731003703
54.91337566998263 54.56487988362351 39.213280475518175
54.91340935932436 54.56486062533824 39.21327097972787
53.77444706003625 54.58289267534901 39.250653598710116
53.775117388252575 54.582664870550914 39.25071590702369
53.83725766688198 54.57253706068868 39.254231623442934
53.83842055332554 54.57248022434922 39.25422464129008
53.93568291033742 54.573957146745336 39.24548263545684
53.935769982446054 54.573942911658904 39.24546298057351
53.94456461592708 54.57027203543851 39.246263846486215
54.029287325827525 54.56473746685704 39.239637079627016
54.08341700956652 54.57993573456437 39.23066376814681
54.10195878851952 54.59420507842674 39.22376544123003
54.14721996037857 54.59704629805196 39.22560047670606
54.23756593267346 54.65449879279184 39.208035342199494
54.23756995856312 54.654531337258256 39.20802578456498
54.23757485322021 54.6545711053907 39.20801388121334
54.81880683981589 54.65540517868407 39.239000237577976
54.818825530208414 54.655154039932086 39.23900257071292
54.84327417010876 54.65408559477547 39.23343705389021
54.843702689314824 54.653449703259234 39.23334430066203
54.88284706132207 54.57505314590952 39.22671665709213
54.915359075962854 54.65989531597734 39.21025168779429
54.915392409634805 54.66000438222441 39.21023394145781
53.77489558067623 54.582749666451605 39.25068763988722
53.8372105965047 54.57255194676416 39.254231266532145
53.896494498919736 54.57578158595966 39.24719553766415
53.9356893335313 54.57401126070013 39.24544615241507
53.935769630833285 54.57399797365173 39.245428128141526
53.94458057565034 54.57029555597666 39.24624823926348
54.05900363965166 54.58582703535115 39.230712223597585
54.101953121757056 54.59424886594597 39.22373483931968
54.11931417293209 54.71143271844799 39.23284056398205
54.16767599274849 54.74394091341787 39.22329576903904
54.23759940975886 54.65477147766882 39.20795295531033
54.803565592875486 54.73456633615471 39.23014040175049
54.84734354237453 54.74771610178553 39.225863342737725
54.847977689042544 54.74847748464299 39.22561550390155
54.84855515585337 54.7491953317272 39.22538781281466
54.87626122479868 54.74167369355111 39.216628835056646
54.87674179273821 54.74142540389988 39.216500745698895
53.81185232575575 54.84444463233061 39.24782176879572
53.97106282265317 54.713720529505196 39.244567934790965
53.99029282027354 54.7840658557366 39.22541467619994
54.06789556374204 54.91166349460681 39.22172767353462
54.068945335096316 54.91268702020797 39.22215672473511
54.11109981563821 54.973447042167216 39.23847965307512
54.835774501941515 54.819686349911635 39.2137425333062
54.8480639403511 54.85193804279096 39.21509792078584
54.84863635557268 54.852120385260505 39.21492458424471
54.849151871282864 54.85228432730689 39.2147685148438
54.87661758608023 54.74458474334483 39.21632470065994
54.84750823824281 54.85243986471274 39.21517477301297
54.84815917533348 54.852579713048144 39.214986750368695
54.848744813053926 54.85270464247288 39.214817709240826
54.84927572455446 54.852818456209214 39.21466438930477
54.89834740094667 54.87286767796331 39.196650433810596
54.848245318018186 54.85328229524832 39.21486973981949
54.848834461689734 54.85333816626325 39.21470908793145
54.84937408653864 54.85339531702185 39.21456113438978
