ply
format ascii 1.0
element vertex 13938
property float x
property float y
property float z
end_header
74.61152331617939 80.3393860926015 48.13790796171936
74.61152351659196 80.33938640552066 48.137908739174485
74.61152441058809 80.33938780793686 48.13791220334524
74.6115248665509 80.33938851995245 48.13791397209819
74.6115253422112 80.33938926532356 48.13791581572164
74.61152485613104 80.33938850114814 48.13791393317946
74.6115255757704 80.33938962883835 48.13791672244855
74.61152430309684 80.3393876362897 48.13791178861758
74.61152600460738 80.33939029532186 48.137918387857184
74.61152604959686 80.339390365041 48.13791856269562
74.61152734474291 80.33939240679739 48.13792357533346
74.61152757490254 80.33939276636623 48.137924468065044
74.61152804681609 80.339393500502 48.13792630034617
74.6115281287627 80.33939362800893 48.137926618501666
74.61152860335923 80.33939436767777 48.13792846039415
74.61152869500499 80.33939450522489 48.13792881920086
74.6115288233577 80.33939470421466 48.137929317956
74.6115293131004 80.33939549615906 48.137931201635155
74.61152955452255 80.33939587341916 48.137932137994085
74.61153005699722 80.33939665549626 48.13793408869746
74.61153012493182 80.33939676131325 48.13793435238508
74.61153032528232 80.33939706819581 48.13793513312032
74.61153033434822 80.33939708146735 48.13793516881334
74.61153086217273 80.33939790383131 48.13793721743694
74.61153082650415 80.3393978433066 48.13793708193345
74.61153094893086 80.33939802976963 48.13793755964091
74.61153092287417 80.33939798649396 48.13793746009593
74.61153044729528 80.33939727414378 48.137935597289385
74.61153098227824 80.33939811022015 48.1379376721796
74.61153151134545 80.33939893817636 48.13793972345914
74.61153103160846 80.33939818508082 48.137937864826775
74.61153177219146 80.33939934587659 48.13794073510202
74.61153041379885 80.33939721851205 48.13793546932229
74.61153233485676 80.33940022225062 48.137942919113485
74.61153235661374 80.33940025594825 48.137943003676696
74.61153272906179 80.33940083277795 48.13794445129129
74.61153275699691 80.33940087484862 48.13794456057605
74.61153309663561 80.3394014009661 48.137945880608626
74.61153308982647 80.33940138802313 48.13794585556432
74.61153325897337 80.33940164534756 48.13794651574881
74.61153325836221 80.33940164423589 48.13794651347132
74.77416015624607 80.50229441409982 48.6738762705733
74.77417124700071 80.5023057139289 48.673912821480215
74.77419050996333 80.50232534244076 48.673976315414826
74.7741907919278 80.5023256300291 48.67397724600687
74.77419183023868 80.50232669321177 48.67398069097452
74.77419128049937 80.50232613346881 48.673978880810125
74.77419762241925 80.50233259975785 48.67399980235336
74.77419478765033 80.50232971269278 48.673990465013745
74.7741928567607 80.50232775149172 48.673984128068696
74.77418648445888 80.5023212656975 48.6739631562949
74.77418545121716 80.50232021434135 48.67395975706522
74.77419255779765 80.50232744704093 48.6739831434456
74.77417590460858 80.50231049310027 48.673928318316754
74.85463657930126 80.58653067104126 48.94328743988187
74.85463658468765 80.58653066939746 48.943287445668986
74.85463658345418 80.58653066775024 48.94328744563832
74.85463659057599 80.58653066867083 48.94328745131068
74.85463658990187 80.58653066727504 48.94328745161093
74.77421402983376 80.50234930616969 48.67405383004893
74.85463658567747 80.58653066419906 48.9432874498647
74.85463658742471 80.58653066504439 48.943287450860055
74.85463658487771 80.58653066278207 48.943287450068055
74.85463659280765 80.58653065979341 48.9432874589517
74.85463657382431 80.58653065482314 48.94328744544167
74.85463658522933 80.58653065502014 48.943287455342606
74.85463658524228 80.58653065484603 48.94328745546536
74.85463659248005 80.58653065967611 48.94328745873872
74.85463657211216 80.58653065065585 48.943287446602255
74.85463656746879 80.58653064866166 48.943287443795654
74.8546365583745 80.58653064616922 48.94328743739469
74.85463654460723 80.58653064188803 48.943287428029635
74.854636543541 80.58653064159694 48.94328742727846
74.85463658266812 80.58653066637754 48.943287445825376
74.8546365807066 80.58653066444651 48.94328744533616
74.85463658912208 80.58653066589207 48.94328745181008
74.8546365780476 80.58653066219938 48.943287444435974
74.85463657642256 80.58653066052547 48.943287444078116
74.85463658401889 80.5865306613851 48.94328745020667
74.85463658294964 80.5865306600017 48.94328745015158
74.85463658406798 80.58653066363004 48.94328744881369
74.85463659342342 80.58653065972018 48.94328745953992
74.85463659148964 80.58653065704743 48.943287459549595
74.85463659094329 80.58653065680085 48.94328745922701
74.8546365889094 80.58653065268196 48.94328746007376
74.85463658615846 80.58653065187464 48.943287458171696
74.8546365787414 80.58653064737388 48.94328745453003
74.85463654631619 80.58653064172022 48.94328742963946
74.85463656221921 80.58653064262958 48.94328744303921
74.85463655240417 80.58653064019984 48.943287435964436
74.85463657756472 80.58653064704966 48.943287453702936
74.854636522155 80.58653063421224 48.94328741320062
74.85463650500876 80.58653063083602 48.943287400285946
74.85463654341964 80.58653063837104 48.94328742923541
74.85463657535104 80.58653065918061 48.94328744399637
74.85463657407252 80.58653065785036 48.94328744372332
74.85463658188036 80.58653065864668 48.94328745007833
74.85463658060195 80.58653065730635 48.94328744981183
74.85463660188219 80.5865306570347 48.943287468694564
74.854636600605 80.58653065566354 48.94328746844884
74.85463660398807 80.58653065237122 48.94328747352928
74.85463659765689 80.58653065328647 48.9432874673776
74.8546366052683 80.58653065211638 48.943287474817836
74.85463658202494 80.58653064720909 48.943287457522224
74.85463659015102 80.58653064849834 48.94328746384169
74.85463658877632 80.58653064604937 48.943287464199756
74.85463655565015 80.58653063902327 48.94328743957088
74.85463656187346 80.58653063951587 48.943287444727105
74.85463655427067 80.58653063798106 48.9432874390248
74.85463657817094 80.58653064389881 48.943287456251554
74.65937258580446 80.49435181069992 48.77837178430069
74.85463649021757 80.5865306278709 48.94328738917882
74.65926014442952 80.49429943781331 48.77827664661361
74.85463650294743 80.58653063023806 48.94328739885623
74.85463651550751 80.58653063171485 48.94328740895395
74.85463653967828 80.58653063556284 48.943287427742554
74.85463658783236 80.58653065699204 48.94328745636966
74.85463659305734 80.58653065522816 48.943287462091675
74.85463659210035 80.58653065435817 48.94328746180686
74.85463659927332 80.58653065432188 48.943287468136354
74.85463659782563 80.5865306529981 48.94328746771043
74.85463659224145 80.5865306559061 48.943287460940695
74.85463660608266 80.5865306498435 48.943287476987805
74.85463659653885 80.58653064474017 48.94328747186185
74.85463659680028 80.58653064490616 48.9432874719855
74.85463659592891 80.5865306445088 48.94328747147361
74.85463660548167 80.58653064968507 48.94328747656077
74.85463653091008 80.586530633288 48.94328742148906
74.85463653118774 80.58653063334312 48.943287421697924
74.854636529369 80.58653063307119 48.9432874202729
74.85463654706894 80.58653063618245 48.94328743384385
74.85463655421921 80.58653063718238 48.94328743949049
74.85463657402647 80.58653064123864 48.9432874543096
74.26208023141027 80.32712346866431 48.48067268500826
74.65910318049521 80.49422632717025 48.778143837749695
74.65921784921015 80.49427973755876 48.77824086020499
74.6593226617714 80.49432855715816 48.77832954329675
74.84407012977834 80.59578135569492 49.037880203955915
74.8862075846869 80.60771581338119 49.070195530843364
74.88621002433412 80.60771758046357 49.070205771779015
74.85463660801088 80.5865306497794 48.943287478724045
74.88620810834988 80.6077161936249 49.07019773961195
74.88620690426217 80.60771532358325 49.07019270874072
74.84406887200457 80.59578238977485 49.03789000707492
74.88620376260491 80.60771305054337 49.07017954921383
74.84406615088224 80.59578449351206 49.0379103005844
74.88620639033537 80.6077149515785 49.07019055413589
74.2525432219233 80.33562915398007 48.51921428052576
74.26207946157653 80.32712486271923 48.48067788523366
74.25254341096918 80.33562884350434 48.51921335460118
74.26207967631004 80.32712457408654 48.48067658315015
74.44484813297727 80.42488113335955 48.742419891420056
74.65915642788202 80.49425112873152 48.77818889093191
74.64590164637588 80.50354008596379 48.870455097531504
74.84406655555671 80.59578411948766 49.03790686320088
74.84406307668321 80.59578682813546 49.03793293869755
74.84406861805188 80.59578253279065 49.03789153538629
74.84406403630408 80.59578609996765 49.037925876200305
74.84406504318852 80.59578533451236 49.03791845609747
74.8440659968762 80.59578461033351 49.03791143374765
74.88621436053293 80.60772072918243 49.07022406269874
74.87289640436825 80.6169816156604 49.16244989926003
74.88621280952817 80.60771960470899 49.07021754024996
74.87289739520983 80.6169822878189 49.16245367625997
74.8862128484742 80.60771962948255 49.07021766524979
74.88621258170281 80.60771943580289 49.07021654035606
74.87288854616676 80.61697974232575 49.16244658784419
74.87288745309097 80.61697906541997 49.1624429189915
74.87288500498643 80.6169786382568 49.162443092956224
74.87289308557885 80.61697947123568 49.1624380724704
74.87289411264919 80.61698122283397 49.16245011643551
74.88620686633334 80.60771529657963 49.07019255477904
74.25254137042897 80.33563268674975 48.5192248191504
74.25254186680093 80.33563175466861 48.51922203873099
74.25254159322914 80.33563230785947 48.51922368911749
74.25254215854676 80.33563123504376 48.51922048882497
74.25254181884935 80.3356319199714 48.51922253222472
74.25254232656252 80.3356309678946 48.51921969216457
74.25254201406791 80.33563159768198 48.5192215710585
74.44480310340981 80.42486029136295 48.74236794340493
74.44483692851182 80.42487789662056 48.74241264329285
74.62194580033972 80.51149722296097 48.955792253526624
74.62197234423297 80.51151214487193 48.95583023350471
74.81830328325798 80.60302806115973 49.12223225142004
74.81830191902772 80.60302876550482 49.1222392337757
74.84405901297376 80.59578999263908 49.037963401214554
74.84405748870103 80.59579117857828 49.03797482034099
74.84406131611397 80.59578821797078 49.03794626552224
74.84405856902754 80.5957903555236 49.03796684689909
74.84406393466426 80.59578619753135 49.03792676438576
74.87288117178703 80.61697724087287 49.16243775116256
74.84406589568965 80.59578468909922 49.03791219205603
74.87287371587175 80.61697588445142 49.16243785361657
74.81830205746688 80.60302907426401 49.122241750050634
74.8728737848601 80.61697593711236 49.162438161761045
74.87287571557282 80.61697553395362 49.16243232172501
74.8489643823478 80.62496133800548 49.247845360312596
74.84896107760281 80.62496047022239 49.247842901076964
74.84896636132461 80.62496185411828 49.24784682921823
74.84896043764198 80.62496029781275 49.24784242021906
74.84405885153579 80.59579013321382 49.037964713282875
74.8489682376788 80.624962349448 49.247848228295425
74.84406028246826 80.59578903574604 49.03795410209749
74.87287872228333 80.61697553391427 49.16242806489761
74.84405894271693 80.59579007022646 49.03796408474431
74.87288501476868 80.61697743570164 49.16243381211742
74.8728862239844 80.61697824428454 49.16243833126842
74.87289243766743 80.61698014829327 49.1624442071645
74.872893769217 80.61698102887001 49.162449107921276
74.62196253858617 80.51150679019602 48.95581651596152
74.6219644789464 80.51150788151459 48.95581929334349
74.44491237260756 80.42491841190756 48.742515978501814
74.6221099830143 80.5115895155794 48.95602716362518
74.62206370130477 80.51156352174178 48.95596098942347
74.81829904596779 80.60303023033678 49.122253781549034
74.84895386457636 80.62495857013904 49.247837527079525
74.81830408296481 80.60302799804603 49.12223112484982
74.84405852955507 80.59579038618813 49.037967142289226
74.87288120495283 80.61697728996559 49.16243808252317
74.25253973634122 80.33563585183637 48.51923426117917
74.25253994732209 80.33563550245245 48.51923321920246
74.25254016937325 80.33563512673503 48.519232098643414
74.2525404026154 80.33563472400795 48.5192308974828
74.25254063643723 80.3356343174147 48.519229684774885
74.44481557993507 80.42486937671572 48.74239197990679
74.62204218215349 80.51155145740324 48.955930264218786
74.62209013774945 80.51157845616635 48.95599896029459
74.62207387484537 80.5115692624956 48.95597558893961
74.62211020794865 80.51158974862832 48.956027696915825
74.62210078527312 80.51158426501303 48.95601384454311
74.62213952164136 80.51160602399816 48.95606923615156
74.84895773260435 80.6249595955378 49.247840415777844
74.25253817378425 80.33563875603488 48.519242924314
74.25253839938786 80.33563838458386 48.519241816538695
74.25253834548354 80.3356384931054 48.51924214029894
74.25253839701762 80.33563841533072 48.51924190839416
74.44496149927247 80.42494531202253 48.742584775519646
74.44495916769662 80.42494412975694 48.742581785426836
74.44494197898791 80.42493547617454 48.742559923352715
74.62201090075143 80.51153398731432 48.9558857338649
74.62203040515513 80.51154496488336 48.95591366722209
74.62205285155768 80.5115574273985 48.95594547502287
74.84895389057995 80.6249585773511 49.24783754683731
74.8489569220533 80.62495937830269 49.24783980794217
74.25253934982861 80.33563655285731 48.51923635221181
74.25253851220529 80.33563824025042 48.51924138634011
74.25253946826874 80.33563639251943 48.519235874243265
74.25253869482015 80.3356379516728 48.51924052578922
74.25253960729 80.33563618866245 48.5192352664309
74.25253889345308 80.33563762709646 48.519239557822566
74.25253981766325 80.33563583682677 48.519234217121806
74.25253910462962 80.33563727341581 48.51923850300813
74.2525401242562 80.33563528603102 48.51923257421518
74.25253933178709 80.33563688266247 48.519237337568256
74.2525404857038 80.33563462124475 48.519230591215
74.25253960542048 80.3356363868028 48.51923585850102
74.44481813205945 80.4248707032248 48.74239534724422
74.62202053111726 80.51153943850666 48.95589958750606
74.62206813791134 80.51156623984603 48.95596778184276
74.62205142469433 80.51155679557502 48.955943771216745
74.62208699564235 80.51157685248512 48.955994787146764
74.62203715814933 80.51154871191528 48.955923232003634
74.25253651696202 80.33564187699385 48.51925223425715
74.25253711045713 80.33564074938538 48.51924887050677
74.25253677155753 80.33564143633757 48.51925091996414
74.25253730268624 80.33564043823102 48.51924794258545
74.25253699652875 80.33564105784056 48.51924979112758
74.25253741196947 80.33564029651802 48.51924752018279
74.25253719963575 80.3356407252752 48.51924879933162
74.25253743080864 80.33564033948286 48.519247648755616
74.25253737302373 80.33564045590705 48.519247996092886
74.25253743213072 80.33564036561039 48.51924772684352
74.44491883494452 80.42492567201163 48.742535868488716
74.44490829834444 80.42492026324537 48.74252216374035
74.44489256727711 80.42491242468402 48.7425023920742
74.44495344814885 80.42494148182679 48.74257518528029
74.62200753122347 80.51153225800519 48.95588123971639
74.62202927746384 80.51154433204364 48.95591205586787
74.62206358692468 80.51156357844414 48.95596106577841
74.25253838091496 80.33563850501942 48.519242176246976
74.25253754152799 80.33564019638195 48.519247222219576
74.25253842533544 80.33563849464514 48.51924214568039
74.25253771978564 80.3356399146452 48.51924638206818
74.25253853541001 80.33563834818546 48.51924170910134
74.25253791841376 80.33563958769187 48.51924540699851
74.25253874300677 80.3356380000676 48.51924067087482
74.25253814578625 80.33563919643038 48.51924424004228
74.25253903291221 80.33563748163374 48.51923912450975
74.25253842378217 80.33563869213734 48.51924273581683
74.25253952569398 80.33563654544565 48.51923633178281
74.44494521184275 80.42493987982805 48.742572121366415
74.4449290361965 80.4249316335733 48.742551248663716
74.44488412103092 80.42490926067825 48.74249481918662
74.62199964249552 80.51152784285385 48.955869991062016
74.62200447688477 80.51153062827211 48.95587704260748
74.62202973469064 80.51154475057052 48.95591303041316
74.44498405799375 80.4249590722932 48.74262046761994
74.62201440555373 80.51153607094835 48.955890973549806
74.25253563143363 80.33564367889167 48.519257610083415
74.25253553539808 80.3356438741703 48.51925819268176
74.2525353672545 80.33564417358599 48.519259085760716
74.25253597054873 80.33564306430797 48.51925577688171
74.25253579309735 80.33564342490581 48.51925685269578
74.25253616707418 80.33564274201822 48.51925481572722
74.25253601815103 80.33564304414222 48.51925571708705
74.25253625701632 80.33564263780275 48.51925450518671
74.25253621424139 80.3356427244812 48.519254763783636
74.2525362577308 80.33564265627976 48.51925456040718
74.44486840287786 80.42490191194167 48.74247647177076
74.25253774590837 80.33564000785876 48.51924666086679
74.25253735881121 80.3356407781988 48.51924895903492
74.4448649917924 80.42489806849372 48.74246594020037
74.62200805117736 80.51153255074922 48.95588198457185
74.62204163615841 80.51155138903368 48.95592995619877
74.2525349380443 80.33564494275244 48.51926138001035
74.25253524721967 80.335644387096 48.51925972260411
74.25253639114348 80.33564244527018 48.5192539311664
74.25253741834412 80.33564044545169 48.51924796529273
74.25253658769068 80.3356421228803 48.51925296971299
74.25253745873354 80.33564044131043 48.519247953312444
74.25253679041865 80.33564178579833 48.51925196441663
74.25253761455036 80.33564019893086 48.51924723054993
74.25253702681292 80.33564137452522 48.51925073774933
74.25253791329541 80.33563966177836 48.519245628335725
74.25253730089999 80.33564087928468 48.51924926053657
74.25253837217724 80.33563879467927 48.51924304173105
74.25253677800826 80.33564187532892 48.51925223183315
74.2525368937101 80.3356416193156 48.519251467937835
74.25253663719965 80.33564212889942 48.519252988183354
74.25253762455809 80.33564019491884 48.51924721865892
74.25253704566506 80.33564133619082 48.51925062338168
74.25253752723691 80.33564040753583 48.51924785305573
74.25253717329066 80.33564108788113 48.51924988262314
74.44488918704019 80.4249111869493 48.74249944443014
74.44489903288746 80.42491622478724 48.74251220312516
74.44497998800716 80.42495715997445 48.742615689238264
74.25253623303573 80.33564295932622 48.51925546573756
74.2525363727518 80.33564265409072 48.51925455498992
74.25253610238441 80.33564319085676 48.51925615632658
74.25253701834787 80.33564141969894 48.519250872655945
74.25253779978324 80.33563988725382 48.519246300998375
74.25253390716509 80.33564697323426 48.51926743747709
74.2525336214324 80.33564755712779 48.519269179491225
74.25253336909535 80.33564802006092 48.51927056037464
74.25253456154849 80.33564571181626 48.519263674468434
74.25253394151713 80.33564697848725 48.51926745350988
74.2525351529572 80.33564457956061 48.51926029681087
74.2525342461157 80.3356464309972 48.51926582046195
74.25253452489737 80.33564593654614 48.51926434565422
74.25253477683604 80.33564549805159 48.519263037795014
74.25253501349468 80.33564509092466 48.51926182352001
74.25253523774853 80.33564470919455 48.5192606850152
74.25253626544816 80.33564269993386 48.51925469093098
74.25253547493523 80.33564429853328 48.51925946018399
74.2525363947891 80.33564251240745 48.51925413182347
74.25253571956077 80.33564387045169 48.51925818336953
74.25253658729974 80.3356421937823 48.51925318158047
74.25253598849802 80.3356433880642 48.51925674451431
74.25253691430949 80.33564159795233 48.51925140430083
74.25253729254412 80.33564089584031 48.519249309926906
74.25253326390788 80.33564821298962 48.51927113586152
74.25253651143429 80.33564225855783 48.51925337440302
74.25253594775823 80.33564340177313 48.51925678508155
74.2525359188712 80.33564346414974 48.519256971194785
74.25253553437052 80.33564425153453 48.51925932032189
74.25253565763289 80.33564398188389 48.51925851574903
74.2525353902603 80.33564451173339 48.519260096446885
74.25253680369586 80.33564169842447 48.519251703453406
74.2525366992577 80.33564193012707 48.51925239481282
74.25253618785382 80.33564293018728 48.5192553782222
74.25253713756533 80.33564108246348 48.519249866084785
74.2525370148275 80.33564135237796 48.51925067145116
74.25253712255558 80.33564116599739 48.51925011555645
74.25253474143099 80.33564576652468 48.51926383970761
74.25253473845397 80.33564577136237 48.51926385413462
74.25253470836697 80.3356458291475 48.519264026515685
74.25253516522177 80.3356449703074 48.51926146457101
74.25253526005179 80.33564474547606 48.51926079365053
74.25253586026558 80.33564361595425 48.51925742424842
74.252536517618 80.33564233847493 48.519253613273975
74.25253314491621 80.33564860401742 48.51927230317859
74.2525330131667 80.3356488727145 48.519273104818986
74.25253285071912 80.3356491680552 48.51927398577659
74.25253369065128 80.33564756321866 48.51926919836859
74.25253331882527 80.33564832129957 48.51927146005297
74.25253411804624 80.33564676513544 48.519266817691346
74.2525335990907 80.3356478220021 48.519269970777586
74.25253445340128 80.33564615582475 48.51926500020987
74.25253387489776 80.33564733098726 48.519268506209016
74.25253474251676 80.3356456407763 48.51926346395351
74.25253414164416 80.3356468578229 48.51926709489315
74.25253500611484 80.33564517731915 48.51926208161424
74.25253443479892 80.33564632676591 48.51926551083912
74.25253531610089 80.33564461761468 48.519260412119465
74.25253564117295 80.3356440259848 48.51925864737177
74.25253598330178 80.33564339820038 48.5192567747527
74.25253178504839 80.33565108327757 48.519279698481846
74.25253163195353 80.33565139663682 48.519280633374336
74.25253147772267 80.33565168215733 48.51928148506731
74.25253249415019 80.33564970984915 48.51927560129541
74.25253199884779 80.33565072277291 48.51927862330136
74.25253315900389 80.33564842737269 48.519271775461654
74.25253234111993 80.33565009892122 48.51927676243568
74.25253268763211 80.33564946454574 48.51927487016388
74.25253433066932 80.33564654999034 48.519266176866864
74.25253446407527 80.33564626128222 48.51926531544509
74.25253418605973 80.3356468110523 48.51926695556607
74.25253516507635 80.33564489681058 48.51926124494435
74.25253462381487 80.33564596355754 48.519264427337156
74.25253505559914 80.33564513195091 48.51926194652723
74.25253472785795 80.33564576060394 48.51926382188246
74.25253590898365 80.3356434333177 48.51925687896498
74.25253578073502 80.33564371280124 48.519257712872005
74.25253374147982 80.33564771678876 48.51926965776773
74.25253390254198 80.33564737156064 48.51926862772167
74.25253366723673 80.33564785086931 48.51927005770533
74.25253458667406 80.33564605369338 48.51926469632059
74.25253526738035 80.33564472808811 48.51926074176308
74.25253254949097 80.33564988703364 48.5192761313038
74.25253246969929 80.33565004917786 48.51927661504776
74.25253233333262 80.33565029686113 48.51927735384899
74.25253302373011 80.33564899033846 48.519273456409366
74.2525327845749 80.33564947472418 48.519274901526785
74.25253347197743 80.3356481467008 48.51927093980886
74.2525331109444 80.3356488743785 48.51927311074696
74.25253387835397 80.33564738849319 48.51926867808358
74.252533482379 80.3356481761922 48.51927102803749
74.25253433492993 80.33564652642156 48.51926610647957
74.25253140879008 80.33565192780671 48.51928221844982
74.25253117253007 80.33565241027463 48.51928365786475
74.25253089649007 80.33565292387604 48.519285189924815
74.25253197897058 80.33565083770672 48.51927896655547
74.25253151216721 80.3356517899349 48.51928180746779
74.25253257494985 80.33564969425869 48.51927555549722
74.25253183836577 80.33565119636982 48.51928003694825
74.25253215870066 80.33565061367517 48.51927829885475
74.25253016018179 80.3356542560906 48.519289163689024
74.25252995538443 80.33565467613735 48.51929041688274
74.2525297767379 80.33565501325577 48.51929142252338
74.25253100450243 80.33565260383358 48.51928423462076
74.2525303793957 80.3356538843577 48.51928805500893
74.2525307753192 80.33565314957099 48.51928586316846
74.25253399504805 80.3356471311048 48.519267910089
74.25253344968009 80.33564822407757 48.51927117081033
74.25253388016512 80.33564737616499 48.519268641261846
74.25253323659982 80.33564866320617 48.51927248094403
74.25253462856371 80.33564589593331 48.51926422530698
74.252534540449 80.33564609005084 48.519264804513185
74.25253469707745 80.33564580326933 48.519263949075494
74.25253278810582 80.33564957523686 48.51927520191603
74.25253294867508 80.33564923213011 48.519274178204256
74.25253272613332 80.33564969050772 48.51927554576591
74.2525340533548 80.33564704760329 48.5192676611373
74.25253220202391 80.33565065576201 48.51927842504317
74.2525320469354 80.33565096772931 48.51927935575674
74.25253176964668 80.33565149076318 48.51928091599096
74.25253280620015 80.33564948950618 48.5192749459101
74.2525325041439 80.33565008800721 48.51927673141534
74.25253345793548 80.33564822503114 48.5192711737405
74.25253097132492 80.33565289382584 48.5192851008593
74.252530699175 80.33565344942812 48.51928675846562
74.25253039141812 80.3356540208689 48.519288463052895
74.25253152251388 80.33565184019298 48.519281957751446
74.25253103056602 80.33565284311199 48.51928494989376
74.25253205376625 80.33565082726857 48.51927893609485
74.25253135425748 80.33565225153103 48.51928318527871
74.25253166939525 80.33565167650126 48.51928147003883
74.2525297760302 80.33565512169417 48.519291746555055
74.25252950806617 80.33565567110978 48.51929338571499
74.2525293077236 80.33565605056556 48.51929451765724
74.25253064614456 80.33565341403707 48.51928665219086
74.2525299339281 80.33565487209987 48.51929100225358
74.25253032242571 80.33565414933824 48.519288846274264
74.25252897125428 80.33565661862865 48.51929621187064
74.2525285594542 80.33565746510772 48.51929873731812
74.25252831255912 80.33565793452745 48.5193001376381
74.25252903657498 80.33565656342017 48.519296047533516
74.25252804304695 80.33565844622527 48.51930166407364
74.25253307512502 80.33564892621371 48.5192732652923
74.25253254718108 80.33564998427345 48.51927642185585
74.25253295701387 80.33564917718336 48.51927401409236
74.25253233029802 80.33565043047366 48.51927775308397
74.25253323702097 80.33564863658528 48.51927240139886
74.25253187940694 80.33565134560348 48.51928048329341
74.25253203838807 80.33565100688178 48.51927947266968
74.25253183765003 80.33565142818694 48.51928072966351
74.2525330844143 80.33564894031234 48.51927330751299
74.25253319215224 80.3356487298508 48.51927267965894
74.25253152255502 80.33565202955825 48.519282523618344
74.25253140121615 80.33565226951328 48.51928323947271
74.25253111430254 80.33565282918767 48.519284909103064
74.25253244459697 80.33565020788001 48.519277089040564
74.25253050837227 80.3356539079743 48.51928812684113
74.25253025088608 80.33565443283833 48.51928969273783
74.2525299456539 80.33565500166517 48.51929138953874
74.25253106509405 80.33565284039284 48.519284942105735
74.25253058351575 80.33565382072818 48.519287866864275
74.25253159547928 80.33565182666335 48.51928191803498
74.2525309430005 80.3356531504581 48.519285867458066
74.25252936322522 80.33565604185085 48.51929449215815
74.25252907733432 80.33565662772989 48.519296240103955
74.25252887464008 80.33565701148969 48.51929738488454
74.25253024628698 80.33565430514244 48.519289311108516
74.25252949604132 80.3356558402798 48.519293891115964
74.25252987780316 80.33565512831368 48.5192917673302
74.25252858908046 80.33565748256903 48.519298789786035
74.25252815612444 80.33565837172222 48.51930144254669
74.2525278844733 80.33565888808502 48.51930298290131
74.25252862446564 80.33565748454005 48.51929879602169
74.25252761982293 80.33565931689841 48.51930426170687
74.25252717035103 80.33566024154597 48.519307020371386
74.25252687421994 80.33566080462258 48.519308700078255
74.2525276607715 80.33565931280253 48.51930424986763
74.25252610212996 80.3356622738529 48.519313082926985
74.25252587783147 80.33566270324162 48.51931436384608
74.25252664313278 80.33566124451599 48.51931001232143
74.25253221278976 80.33565065998204 48.51927843775874
74.25253179497088 80.33565149990454 48.5192809435549
74.25253167214038 80.33565176006451 48.519281719771655
74.2525317034957 80.33565168379705 48.51928149217356
74.2525313804917 80.3356523364108 48.51928343917521
74.25253108216155 80.33565292605704 48.51928519825662
74.25253197282255 80.33565114574081 48.51927988697128
74.25253093689945 80.3356532111732 48.51928604882893
74.25253094255476 80.33565317943236 48.51928595403531
74.25253044197804 80.33565418454972 48.51928895266252
74.25253013785762 80.33565472785081 48.51929057319758
74.25252989434996 80.33565522048154 48.51929204291045
74.25252950909223 80.33565595333582 48.51929422908056
74.2525308042249 80.33565343232628 48.51928670838805
74.25253031103955 80.33565442793227 48.51928967866526
74.25252902623357 80.33565680147176 48.51929675878471
74.25252870824502 80.33565745190002 48.5192986993046
74.25252843094134 80.33565797666414 48.51930026470903
74.2525298120148 80.33565526269791 48.519292168257934
74.25252910738857 80.33565670199857 48.51929646232935
74.25252947172702 80.33565602333658 48.519294437893606
74.25252830825411 80.33565813287962 48.51930073031743
74.25252782809366 80.33565911714331 48.51930366682856
74.25252743613044 80.33565986211175 48.519305889133065
74.25252827214024 80.33565827720513 48.51930116124192
74.25252738898457 80.33565987103871 48.51930591534812
74.25252687960392 80.3356609170881 48.51930903620341
74.2525264429162 80.33566175007758 48.51931152109771
74.25252735188693 80.3356600222852 48.519306366944434
74.25252632905318 80.33566189114595 48.519311941529295
74.2525258342978 80.33566290968169 48.51931498031047
74.25252547030377 80.33566360837078 48.519317064595114
74.25252635917217 80.33566190983171 48.51931199766098
74.25252482123486 80.33566482770624 48.51932070190345
74.2525246297771 80.33566522273662 48.51932188047298
74.25252451984421 80.33566543487689 48.51932251332193
74.25252524120415 80.33566404847133 48.51931837747669
74.25252396237832 80.33566651016353 48.51932572107492
74.2525311917131 80.33565270590097 48.51928454145093
74.2525306876419 80.33565371590522 48.519287554647036
74.25253106535061 80.33565297309319 48.51928533864707
74.25253045963099 80.3356541841022 48.519288951497714
74.25253071902563 80.33565363727375 48.51928731998503
74.25253025596653 80.33565457349671 48.519290113106685
74.2525297924806 80.33565548953636 48.51929284591185
74.25252933480525 80.3356563604453 48.51929544391302
74.25252920006201 80.33565663309597 48.51929625733837
74.2525290032599 80.33565701140154 48.51929738587809
74.25253021761162 80.3356546177701 48.51929024503083
74.25252973000498 80.33565560071862 48.51929317753918
74.25252802801317 80.33565884163754 48.51930284550848
74.25252799507305 80.33565890885328 48.51930304604244
74.25252795703494 80.33565898132582 48.5193032622352
74.25252877839866 80.33565737345015 48.51929846556413
74.25252840778941 80.33565812892274 48.51930071946609
74.25252943863926 80.33565609079989 48.519294639165935
74.25252879160261 80.33565740776316 48.51929856822825
74.25252726540018 80.33566026921433 48.519307103979585
74.25252711741811 80.33566057222367 48.51930800799421
74.25252696924146 80.33566085487661 48.5193088511773
74.25252812137924 80.33565858552726 48.519302081105195
74.25252755900695 80.33565973571243 48.519305512623944
74.25252630976593 80.3356620870131 48.519312526636384
74.25252614902037 80.33566241703424 48.51931351124365
74.25252600067945 80.33566270082112 48.519314357813634
74.25252726712651 80.33566019605779 48.519306885388104
74.2525266319481 80.33566149836068 48.51931077075773
74.25252626058605 80.3356621125233 48.519312602386066
74.25252561363874 80.33566344253897 48.519316570452744
74.25252507214003 80.33566448374427 48.51931967651891
74.25252488930023 80.33566477379512 48.519320541469966
74.25252443783967 80.33566570431037 48.51932331764902
74.2525241425505 80.33566627433476 48.51932501812571
74.25252503644508 80.33566455245513 48.51931988149377
74.22843792702972 80.36854791126112 48.60049586715432
74.22843567376222 80.36855045096907 48.60050133148934
74.2284330344775 80.36855340979875 48.60050769515981
74.22843219760577 80.36855436901293 48.60050976139582
74.22843183403576 80.36855477892409 48.600510643363194
74.22843511444124 80.36855108138981 48.60050268787726
74.22842913665082 80.36855782002951 48.6005171866104
74.2525303903477 80.33565431648925 48.51928934642325
74.25253000029419 80.33565510040444 48.51929168512812
74.25252986997332 80.33565537526424 48.519292505198095
74.25252985861731 80.33565538533313 48.51929253517525
74.25252956698034 80.33565597470795 48.51929429351113
74.25252925912771 80.33565658363294 48.51929611010883
74.25253013825414 80.33565482658696 48.5192908682475
74.25252969302025 80.33565567635483 48.519293403195924
74.25252913526445 80.33565680469171 48.51929676947216
74.25252852519374 80.33565801037746 48.519300366373216
74.25252773711108 80.33565950047462 48.51930481142051
74.2525276675668 80.33565964231515 48.51930523459266
74.25252759901107 80.33565977435445 48.51930562848612
74.25252855463539 80.3356578920007 48.5193000129243
74.2525280998833 80.33565881818348 48.51930277612478
74.2525285088742 80.33565804100792 48.51930045774453
74.2525270603732 80.33566075727667 48.51930856041717
74.25252680998122 80.33566127019901 48.51931009069871
74.25252661294718 80.33566164615263 48.519311212207995
74.25252723633565 80.33566046226633 48.519307680578855
74.25252616913127 80.33566244845915 48.51931360534492
74.2525258713341 80.33566305979926 48.519315429257894
74.25252565412832 80.3356634753486 48.519316668891065
74.25252634785141 80.3356621508944 48.51931271790043
74.2525250291729 80.33566464487154 48.51932015758395
74.25252483614638 80.3356650419557 48.51932134227529
74.25252471044612 80.3356652840627 48.51932206451757
74.25252535980343 80.33566403931854 48.51931835128511
74.25252498000508 80.33566466867475 48.51932022823286
74.2525242520257 80.33566616773236 48.51932470064335
74.22843766247703 80.36854827744673 48.60049666537503
74.22843516082347 80.36855107991741 48.600502692442205
74.22843431430533 80.36855204959949 48.60050478113888
74.22843388260821 80.36855253636168 48.60050582846556
74.22843694713012 80.36854908337422 48.60049839932248
74.22843406152202 80.36855228779743 48.6005052865252
74.22843148975281 80.36855523448843 48.600511633813504
74.22843016471525 80.36855672889376 48.600514849257735
74.22842850435077 80.36855860197065 48.60051887954584
74.22842642673632 80.36856094634886 48.600523924020926
74.228425346514 80.36856216530602 48.60052654689612
74.22842250351762 80.36856537252604 48.60053344785217
74.22842212682819 80.36856579741894 48.600534362083266
74.25252941973386 80.3356562606373 48.519295146494
74.25252884282743 80.3356574135577 48.519298586044286
74.25252928614191 80.33565654200225 48.519295985970885
74.25252870601675 80.33565770132178 48.51929944461172
74.2525286650896 80.33565777078883 48.519299651795095
74.25252839295406 80.33565832090862 48.51930129301856
74.25252807417604 80.33565895144814 48.51930317409865
74.25252734302016 80.33566036782315 48.51930739940377
74.25252732681744 80.33566040050984 48.519307496920646
74.2525272984945 80.33566045590685 48.51930766218275
74.25252848747571 80.335658084748 48.519300588240725
74.25252795635112 80.33565915970289 48.51930379525969
74.25252669821167 80.33566156481764 48.519310969993796
74.25252649808814 80.33566197400494 48.5193121907827
74.25252632757415 80.33566230249046 48.51931317070577
74.25252695941519 80.33566108992108 48.51930955344763
74.25252592207605 80.33566302481853 48.51931532522341
74.25252558006511 80.33566372668525 48.51931741921828
74.25252536100069 80.33566414590892 48.51931866981304
74.25252603410513 80.33566286164339 48.51931483871378
74.25252490636595 80.33566497133981 48.519321131945155
74.25252459973359 80.33566560166793 48.51932301251219
74.25252440878468 80.33566596882395 48.51932410779176
74.25252509441529 80.33566465582926 48.519320190965715
74.25252405037031 80.3356666589641 48.519326166584754
74.22843603822932 80.36855017169465 48.600500750632136
74.2284356288768 80.36855059301742 48.60050165103507
74.2284334829889 80.36855305031494 48.6005069439371
74.22843226262593 80.3685544259876 48.600509903806426
74.22843599016319 80.3685502258513 48.6005008671504
74.22843080729048 80.36855606684327 48.6005134342848
74.22842859785376 80.36855855947647 48.60051879768997
74.22842566401229 80.36856185695918 48.6005258910053
74.22842507204281 80.368562535345 48.600527352292545
74.22842472357165 80.36856292858039 48.600528198433096
74.2284279577595 80.36855928141382 48.600520351053746
74.22842352984884 80.36856424778635 48.60053103278666
74.22842192667727 80.36856608550048 48.60053499141888
74.22842093446647 80.3685672054519 48.600537401306795
74.2284214797685 80.3685665393966 48.600535960420274
74.22841866171306 80.3685697707852 48.60054292133373
74.22841698817457 80.36857165979362 48.60054698606433
74.2284152864159 80.3685735805106 48.60055111900266
74.22841287861738 80.36857629825556 48.60055696698281
74.22841179113499 80.3685775257343 48.60055960824429
74.25252847503198 80.3356581021876 48.51930064023257
74.25252801915961 80.33565902700944 48.51930339935534
74.25252797799362 80.3356591133956 48.51930365709448
74.25252792002487 80.33565921643095 48.519303964421056
74.2525276647191 80.33565973309507 48.51930550583582
74.25252734596262 80.33566036329 48.519307385886414
74.25252868840452 80.33565769460134 48.51929942435741
74.25252852294699 80.33565804413529 48.51930046722731
74.25252820694229 80.33565865312775 48.51930228394702
74.25252683281452 80.33566140103824 48.51931048189919
74.25252702067179 80.33566100649378 48.51930930474654
74.25252678405116 80.33566149747375 48.519310769593886
74.2525279414719 80.33565918981071 48.5193038850833
74.25252664784921 80.33566172671786 48.51931145329628
74.25252638722156 80.33566225444173 48.51931302770818
74.25252598635257 80.33566304480487 48.5193153855753
74.25252564145909 80.33566366635526 48.51931723953852
74.25252533078292 80.33566430263679 48.51931913785626
74.25252508735309 80.3356647719829 48.51932053799016
74.252525805625 80.33566339109201 48.51931641859377
74.25252465783089 80.33566555268479 48.51932286670721
74.25252434701775 80.33566619105827 48.519324771274796
74.25252414870151 80.33566657208078 48.5193259079186
74.25252483050481 80.33566526519508 48.519322009310116
74.22843557992451 80.36855074004015 48.60050198134289
74.22843496298306 80.36855144627128 48.60050350249519
74.22843463473156 80.36855181597873 48.60050429790165
74.22843722234252 80.36854890297705 48.60049803094331
74.22843589261717 80.36855033754453 48.600501107731006
74.22843255346598 80.36855416093083 48.60050934307239
74.22843086643526 80.3685560622049 48.600513433745554
74.22842805275147 80.36855922206689 48.60052023062851
74.2284274007722 80.36855996888364 48.600521839269646
74.22842705717684 80.36856035644905 48.6005226731844
74.22843002569402 80.36855700993884 48.60051547286997
74.22842678568135 80.36856062429516 48.60052324366298
74.22842458763824 80.3685631425376 48.60052866802033
74.22842332327994 80.3685645692932 48.60053173802524
74.22842163185433 80.36856647800974 48.600535845090135
74.22841955705778 80.36856882056873 48.60054088585749
74.2284184792146 80.36857003753877 48.60054350456306
74.22841570060623 80.36857317473789 48.60055025525335
74.22841254986045 80.36857671937288 48.60055788073882
74.22841195236086 80.36857740470558 48.60055935708136
74.22841157066688 80.36857783573855 48.60056028459917
74.2284152207867 80.36857371640122 48.60055142080377
74.22840986118473 80.36857974008586 48.60056437850071
74.2284083783263 80.36858144146063 48.600568043679246
74.22840751983613 80.36858241113704 48.60057013030902
74.22840467094024 80.36858562908375 48.6005770549648
74.22840333049867 80.36858714341608 48.60058031367356
74.2284007741574 80.36859003145285 48.60058652848301
74.25252752138539 80.33566001539117 48.519306347999986
74.25252700236808 80.33566104868659 48.519309430649365
74.25252741545198 80.33566023743958 48.51930701049582
74.2525268580646 80.33566135083628 48.51931033213106
74.25252677413681 80.33566150579881 48.51931079437412
74.25252653563753 80.33566198873378 48.519312235162765
74.25252629071821 80.33566249355418 48.519313741287434
74.25252569183138 80.33566367920939 48.51931727844192
74.25252568612527 80.3356636895042 48.51931730914934
74.25252563261131 80.33566379884041 48.51931763534786
74.25252553812685 80.3356639390326 48.5193180533506
74.25252516167228 80.33566470792385 48.51932034729344
74.25252482563764 80.33566536689392 48.51932231316181
74.25252441044321 80.33566612735603 48.519324581537894
74.22843816696859 80.36854790264606 48.60049588846938
74.22843735910206 80.36854881207262 48.60049784498236
74.25252459895691 80.33566580380253 48.51932361652878
74.22843454172792 80.36855197130862 48.6005046397901
74.22843385529268 80.36855275700569 48.60050633209134
74.22843353251653 80.36855312074637 48.600507114691084
74.22843605654515 80.36855027831706 48.60050099940713
74.22843152709237 80.36855538039424 48.600511976351825
74.22842980322753 80.36855732345465 48.60051615697181
74.2284280683454 80.36855925188524 48.60052030199815
74.22842659403297 80.36856094057201 48.60052393941252
74.22842595270667 80.3685616635479 48.6005254949575
74.22842908607613 80.36855813201387 48.60051789667263
74.22842397111447 80.36856389798496 48.600530302626865
74.22842213761528 80.36856596661158 48.60053475371386
74.22842118367488 80.3685670429112 48.60053706960365
74.22841830916458 80.36857028694033 48.600544049952944
74.2284165558282 80.36857224233123 48.60054825392359
74.22841520192831 80.36857379429874 48.60055159702611
74.22841443868487 80.36857465645949 48.600553452305036
74.22841825831253 80.36857034432221 48.600544173423486
74.22841425646673 80.3685748221582 48.60055380277581
74.2284118655944 80.3685775636478 48.60055970836177
74.22841064998572 80.36857893745415 48.60056266474716
74.2284083433308 80.36858154415424 48.600568274257526
74.22840677598901 80.36858331587115 48.60057208699442
74.22840460390053 80.36858577147967 48.6005773715106
74.22840281813966 80.36858778998716 48.600581715324495
74.22840073068144 80.36859015004518 48.60058679423337
74.2283987556647 80.36859238329097 48.600591600286435
74.22839665342586 80.36859476001145 48.60059671504601
74.22839454184134 80.36859714764194 48.60060185333645
74.22839239617095 80.368599573869 48.60060707469678
74.22839020287252 80.36860205393309 48.60061241191424
74.25252610480771 80.33566289516725 48.519314939581704
74.25252595626364 80.3356632060049 48.519315866983526
74.2525256272729 80.33566385760669 48.51931781090265
74.25252529289375 80.3356645195267 48.51931978560235
74.25252516619983 80.33566474718408 48.51932046465621
74.25252456828147 80.33566594445207 48.51932403652179
74.22843746319509 80.36854874695352 48.60049771282072
74.22843685218315 80.36854944585029 48.60049921809356
74.22843659286657 80.36854973867139 48.600499848197956
74.25252442404425 80.33566622097386 48.51932486142219
74.2284347726628 80.36855178787985 48.60050425683091
74.22843277861038 80.36855403363455 48.60050908843586
74.22843042384225 80.36855668610207 48.60051479512967
74.22842898113142 80.3685583122847 48.600518293970595
74.22843263856714 80.36855419136549 48.600509427785994
74.2284271140737 80.36856039054251 48.60052276148848
74.22842568092665 80.36856203191518 48.600526296964375
74.22842515302335 80.36856262721454 48.60052757783074
74.22842807493326 80.36855933389108 48.600520492050435
74.22842314273859 80.36856489425394 48.60053245568593
74.22842133825031 80.36856692976188 48.60053683545212
74.22841888195286 80.36856968042038 48.600542750937166
74.22841781443671 80.36857090364825 48.6005453858309
74.22841735620116 80.36857142076883 48.60054649854339
74.228420500848 80.36856787415958 48.60053886746342
74.228418132173 80.3685704888984 48.60054448485341
74.22841490403937 80.36857418869417 48.60055245451673
74.22841354020315 80.36857572937484 48.6005557699124
74.22841174767251 80.36857775435128 48.60056012746783
74.22840974460166 80.36858001768232 48.60056499801742
74.22840839962339 80.36858153801566 48.60056826977279
74.22840597009338 80.36858428496971 48.60057418131572
74.22840480050488 80.36858560759184 48.60057702767963
74.2284021624203 80.36858859166585 48.60058344971303
74.22840096379973 80.3685899473708 48.60058636731134
74.22839823122831 80.36859303817378 48.60059301901372
74.2283969671251 80.36859446834369 48.60059609692812
74.22839420334807 80.36859759503567 48.60060282595683
74.22839276629743 80.3685992207956 48.60060632479498
74.2283900287891 80.36860231773767 48.60061298979337
74.22838840860975 80.36860415060242 48.600616934336074
74.22838570524468 80.36860720887974 48.60062351611732
74.22838389311238 80.36860925882925 48.60062792784211
74.22838125954684 80.36861223866161 48.60063434087898
74.17782869566496 80.43281663241348 48.72122877776634
74.25252556213249 80.33566397894367 48.51931817284858
74.4246395480394 80.43498938425361 48.770682687410584
74.25252541078379 80.33566429534227 48.51931911684041
74.42464733531315 80.43499317578885 48.77069203615392
74.42464987956106 80.43499441395075 48.770695089396085
74.22843599891456 80.36855045753103 48.600501402387245
74.22843567906334 80.36855082340905 48.6005021904127
74.22843559706988 80.36855091657918 48.60050239098854
74.42464299874585 80.43499106342333 48.770686828219525
74.22843355318771 80.36855322129875 48.60050734988626
74.22843234392487 80.36855458727194 48.60051028931461
74.22843198420007 80.368554940739 48.600511041907694
74.22842918309593 80.36855814836139 48.60051795097744
74.22842856946197 80.36855884022657 48.60051943960138
74.22843134320804 80.36855571448051 48.600512714462
74.22842691506186 80.3685607049793 48.600523451735796
74.22842479138436 80.36856309948095 48.60052860378117
74.22842214444032 80.36856608353895 48.6005350242578
74.22842086411515 80.36856752687922 48.60053812973068
74.22842455429218 80.36856336682185 48.60052917899782
74.22841810392099 80.3685706204435 48.60054478305564
74.22841712365407 80.36857174358266 48.60054720233635
74.22841677361359 80.36857213831493 48.60054805165622
74.22841966644341 80.36856887707937 48.60054103481008
74.22841444270415 80.36857476749944 48.60055370880441
74.22841273141326 80.36857669829007 48.60055786331482
74.2284116331871 80.3685779374087 48.60056052954877
74.22840875664173 80.36858118554592 48.60056751901297
74.22840631514822 80.36858392800058 48.600573418138005
74.22840540836133 80.3685849676842 48.60057565776248
74.22840482180536 80.3685856307166 48.600577084607764
74.22840859935506 80.36858136324497 48.6005679014068
74.22840319347176 80.36858745077882 48.6005809982576
74.22840190772334 80.36858892545118 48.60058417498184
74.2284009824482 80.36858997207175 48.60058642741576
74.22839936902909 80.36859177719668 48.600590309212166
74.22839811184225 80.36859321967722 48.60059341667391
74.22839713366395 80.36859432639794 48.6005957984887
74.22839528831607 80.36859639536566 48.60060024832875
74.22839410753917 80.3685977507049 48.60060316814577
74.22839321324741 80.36859876278196 48.600605346314865
74.22839061832128 80.36860168711335 48.60061163811927
74.2283898008188 80.36860262579563 48.600613660377455
74.22838924152296 80.36860325903493 48.600615023262996
74.22838521685088 80.36860781689006 48.600624833044705
74.2283851512606 80.36860789109146 48.60062499273502
74.20242943474707 80.4939247324902 48.87306233472308
74.20242974424589 80.49392628891937 48.87306592823025
74.20243162578052 80.49393574508456 48.8730877625277
74.20243228347871 80.49393907011624 48.87309543410676
74.2024338773443 80.49394712482291 48.8731140190397
74.20243485084406 80.49395205204362 48.873125385527
74.43721134867661 80.43707557046953 48.77877932035427
74.61727028153393 80.52439484183232 48.99426764851236
74.6172918636393 80.52440514850926 48.994293217909316
74.42475250358385 80.43504438830243 48.77081830636862
74.43728292430659 80.43710891167069 48.77886263398028
74.42480740362507 80.43507112254893 48.770884222533226
74.42473787312377 80.43503726399109 48.770800740521096
74.42472306181566 80.43503005093831 48.77078295623115
74.42477276563947 80.43505425578057 48.77084263536787
74.42478775557495 80.43506155458574 48.77086063174508
74.42468653262833 80.43501226544109 48.77073910266267
74.22843120141384 80.36855592455709 48.60051317410382
74.22842874874966 80.36855868377376 48.6005191099282
74.22842816398939 80.36855935269638 48.60052055065122
74.22842791383722 80.3685596356853 48.6005211596768
74.22843047900636 80.36855673768682 48.60051492343227
74.22842589421687 80.36856191364737 48.60052606109368
74.22842428240477 80.36856373161572 48.60052997275402
74.22842371304854 80.36856433028092 48.60053125426309
74.22842121655606 80.36856718939032 48.60053741269789
74.22842049188782 80.36856800677697 48.60053917144547
74.22842357968904 80.368564524346 48.600531678465096
74.22841876401237 80.36856995579929 48.60054336511227
74.22841659691635 80.36857240024987 48.60054862477969
74.2284136896544 80.36857567860324 48.60055567858532
74.22841247925825 80.3685770438729 48.60055861619843
74.22841624200933 80.36857280052946 48.60054948604437
74.22841103611587 80.36857867161642 48.600562118561285
74.22840837836932 80.36858167106489 48.6005685726407
74.22840808954224 80.36858194771106 48.60056916041927
74.22840525293623 80.36858519965175 48.60057616549751
74.22840436709006 80.36858620081229 48.600578319966374
74.2284082188092 80.36858185113576 48.6005689601086
74.22840199239494 80.36858888467833 48.60058409557643
74.22840048197406 80.3685905925131 48.60058777090881
74.22839845923049 80.36859288054742 48.60059269499406
74.2283966521223 80.36859492512977 48.6005970952161
74.22839466555502 80.36859717309085 48.60060193318816
74.22839276033804 80.36859932910798 48.60060657329883
74.22839070656157 80.36860165311685 48.60061157493716
74.22838875802844 80.36860385836592 48.60061632103566
74.22384623997955 80.4478278489745 48.78104182505248
74.22384515743576 80.44783936668856 48.78106798133369
74.22838500343966 80.36860806082576 48.6006253584038
74.2024339827913 80.4939437615343 48.873107430381744
74.20243469642638 80.49394731868802 48.873115652747956
74.20243319790146 80.4939416513888 48.873102003354774
74.20243661153276 80.49395683373054 48.87313765620702
74.20243694566157 80.49395849485052 48.873141497218754
74.2095230850989 80.52553089603965 48.951614634810156
74.20952335170479 80.52553278614354 48.951618909652254
74.20952541326693 80.52554743042805 48.95165202704406
74.20952616614093 80.5255527828454 48.95166413075793
74.20952782288245 80.52556455973962 48.951690762664114
74.20952901166473 80.52557305927763 48.951709977240554
74.20953029159614 80.52558221467768 48.95173067399145
74.61728283013113 80.52440086642359 48.99428257085917
74.61729536329005 80.52440688361241 48.99429747486376
74.61730442753495 80.52441118060497 48.9943081587255
74.61731697351989 80.5244172041162 48.99432307826804
74.61734860615671 80.5244323354987 48.99436059842472
74.61731710471567 80.52441731569131 48.99432331859113
74.42483787327026 80.4350859626162 48.77092081098739
74.42474727837272 80.43504184793886 48.770812040638745
74.42475916049469 80.43504763411336 48.77082630705938
74.42475726409123 80.43504671067305 48.770824030198355
74.42483335699131 80.43508376346996 48.7709153886964
74.22842507215404 80.36856289074677 48.60052817107355
74.22842373439072 80.36856440343051 48.60053142644379
74.22842138761105 80.36856703416336 48.600537084436496
74.2284203791092 80.36856818881063 48.60053957146066
74.2284200458761 80.3685685648602 48.60054038062333
74.22842269119161 80.36856558046016 48.60053395907934
74.22841797605494 80.36857090037108 48.60054540600709
74.22841629407816 80.36857279886911 48.60054949115186
74.22841509398727 80.36857411569045 48.600552318919334
74.2284129690723 80.36857654995796 48.60055756236362
74.22841232461246 80.36857727712521 48.600559127026926
74.2284154677995 80.36857373145678 48.600551497863904
74.22841033432712 80.36857952338222 48.60056396043536
74.22840835543339 80.36858175737412 48.6005687675421
74.22840734699273 80.36858285051949 48.60057111289093
74.22840475908937 80.36858581704935 48.600577503115446
74.22840430058257 80.36858633514638 48.60057861803094
74.2284075806581 80.36858263206076 48.6005706496994
74.2284016301379 80.36858935338675 48.600585113224085
74.22840044596947 80.36859069237019 48.60058799477938
74.22839826391237 80.36859316023933 48.60059330583099
74.22839661122643 80.3685950298073 48.60059732935264
74.22839468365828 80.36859721068102 48.600602022892645
74.22839277053814 80.36859937624857 48.60060668364949
74.22385024233742 80.44783286449183 48.78105389692918
74.22384898470176 80.4478460038087 48.781083732351135
74.22384770897732 80.44785933278239 48.781113998436155
74.20243779228804 80.493958862605 48.87314352171663
74.20243885951652 80.49396422031785 48.87315589447692
74.2095229130277 80.52552689525689 48.95160592784839
74.20952408499127 80.52553526721533 48.95162485490329
74.20952503167877 80.52554199827054 48.95164007611366
74.20952659330581 80.52555307732679 48.9516651326114
74.20952726542903 80.52555784595397 48.95167591735779
74.2095269071139 80.52555638488897 48.951672480304055
74.20952941545875 80.52557303424172 48.95171027533864
74.20952961721954 80.52557445769405 48.95171349560785
74.20953207398286 80.52559178029666 48.951752685709295
74.20953254904236 80.52559513083426 48.951760265747126
74.2095346048369 80.52560966303724 48.95179313838956
74.20953568110757 80.52561729362371 48.95181039641916
74.2095372128993 80.52562815263514 48.95183495628968
74.19277280618235 80.59426533152107 49.09432424083872
74.19277112448381 80.59426601847464 49.09432491573273
74.19157558707039 80.61184172041885 49.14105974400978
74.19157467039017 80.61184268541008 49.14106171131705
74.61745439461968 80.52448280059434 48.99448583606089
74.76294353246725 80.60852372997796 49.192514515444586
74.61739564783754 80.52445480912311 48.99441634590264
74.61744274226936 80.52447728341394 48.99447211332124
74.61740802927042 80.52446075412642 48.994431070622284
74.61732358847739 80.5244204954964 48.99433114501542
74.61737248322888 80.52444382809901 48.994389042859055
74.61739866662094 80.52445633924904 48.99442007594681
74.61729760635576 80.52440817085534 48.99430050722917
74.42485272893143 80.43509319986588 48.77093865355512
74.42480535874036 80.43507013357477 48.7708817804899
74.22841967747584 80.36856903272205 48.60054139526676
74.2284171936285 80.36857183640835 48.60054742818918
74.22841602136069 80.36857315994533 48.600550276201
74.22841954378076 80.36856918373053 48.60054172021903
74.22841474067653 80.3685746059036 48.6005533876436
74.22841232425544 80.36857733489734 48.60055926005904
74.22840966336284 80.36858033740202 48.600565720639565
74.22840834348561 80.36858182750761 48.6005689270635
74.22841218281403 80.36857749455918 48.600559603617654
74.22840699937709 80.36858334496641 48.600572192345794
74.2284043691641 80.36858631521241 48.60057858387309
74.22840130502348 80.36858977656965 48.600586032363594
74.2284004339183 80.36859076160465 48.60058815221182
74.22840421506854 80.368586489395 48.600578958713264
74.22839809930097 80.36859340158853 48.60059383360317
74.22839661461632 80.36859508122825 48.600597448395966
74.22385381894557 80.44783993511155 48.78107060041506
74.22385269323237 80.44785179655993 48.78109753564815
74.22385147676047 80.44786459388615 48.7811265957973
74.22385026239996 80.44787767464197 48.781156303985895
74.20952405123599 80.52553191487402 48.95161765532001
74.20952500463603 80.52553872007425 48.95163304096176
74.20952603024861 80.52554604769074 48.95164960686529
74.2095270203778 80.52555310889196 48.95166557204301
74.20952815801988 80.52556121847672 48.95168390802844
74.20952912839013 80.52556814056615 48.951699558458365
74.20953042183709 80.5255773447668 48.951720371357055
74.20953133789808 80.52558384998264 48.9517350828574
74.20953289587476 80.52559492062036 48.951760118170185
74.20953364137115 80.52560020740012 48.95177207506964
74.20953571140947 80.52561482233679 48.95180513707208
74.2095360740953 80.52561738024986 48.95181092393605
74.20953861072654 80.52563525811473 48.951851371218964
74.20953883360835 80.5256368279833 48.9518549230453
74.19158769623947 80.61182936936336 49.14103486126969
74.191585181914 80.61183201575085 49.14104025606787
74.19158042390144 80.6118370229882 49.14105046306793
74.19157605408148 80.61184162155209 49.14105983689741
74.19157286032808 80.61184498210449 49.14106668684612
74.19156619808322 80.61185200122904 49.141081000909224
74.19156523918521 80.61185301183977 49.141083062102226
74.17187764203368 80.64193770325345 49.207549592212175
74.17187505952158 80.64194030073031 49.20755471445171
75.29240691369469 82.40839048752358 49.46387269702803
75.29240129817131 82.40838650151214 49.463863332490284
75.29240010863963 82.4083856563027 49.46386134882525
75.29239312363967 82.40838069456404 49.463849700599646
75.29239073376291 82.40837900123918 49.46384571514083
75.29238712773859 82.4083764380427 49.46383970174819
75.29238568472014 82.40837541613834 49.46383729529927
74.76294157902927 80.60852354068112 49.19251351058662
74.7629400218448 80.6085233901316 49.192512710220576
74.76294196363882 80.60852357830997 49.1925137091075
74.76294039575535 80.60852342672447 49.192512903239376
74.76293892648971 80.60852328215552 49.192512143311845
74.76293845398888 80.60852323575577 49.192511899100666
74.76293343392956 80.60852274266436 49.1925093042663
74.76293317030502 80.6085227167795 49.192509168018404
74.61736308698755 80.52443950714284 48.994378199193804
74.22841907734158 80.36856971770099 48.60054287034234
74.42486444062395 80.43509890649646 48.77095272201723
74.42483741494793 80.43508574667953 48.77092027471644
74.61736046244293 80.52443825638504 48.99437509429514
74.2284140629267 80.36857542125837 48.60055514975919
74.22841210297494 80.36857763516853 48.6005599138519
74.22841170916735 80.36857803705001 48.60056077213346
74.22840909281729 80.36858103351273 48.60056722643605
74.22840826879272 80.36858196437868 48.60056922956841
74.22841157926848 80.36857822656414 48.60056118644488
74.22840645532781 80.36858401270268 48.60057363731982
74.22840440835532 80.36858632473422 48.60057861253247
74.2284033835078 80.3685874424255 48.60058101161461
74.22840093450274 80.36859024914574 48.600587057503766
74.22385869698503 80.44783310258919 48.7810557295949
74.22840374808804 80.36858707052914 48.60058021739775
74.22385699425155 80.44784960148311 48.78109317477456
74.22385624703605 80.44785712734293 48.78111025963432
74.22385487851835 80.44787119992205 48.78114221092798
74.22385384884147 80.44788200674981 48.78116675068814
74.20952596629235 80.52554283793108 48.951642685943405
74.20952692140428 80.52554961770154 48.9516580186853
74.2095278882066 80.52555648947458 48.95167355838841
74.20952887968738 80.52556353421947 48.95168948954539
74.20952996046687 80.52557118179467 48.951706787838106
74.20953094369445 80.52557813478218 48.951722515551594
74.20953219432718 80.52558699063047 48.95174254608847
74.20953307064029 80.52559321504594 48.95175662238158
74.20953443023635 80.52560287212533 48.95177846153062
74.20953527874906 80.52560888726985 48.951792066012445
74.20953683534515 80.52561992769017 48.951817035492056
74.20953757436914 80.52562517271043 48.95182889743734
74.20953933043612 80.52563763695487 48.95185708598729
74.20953995169384 80.52564204848859 48.95186706266445
74.20954191657125 80.52565600894648 48.951898633248604
74.19159228184164 80.61182488162024 49.14102596674424
74.19158549202992 80.61183203784078 49.14104056240578
74.19158537531509 80.61183216022178 49.14104081153773
74.19157839957862 80.61183950975716 49.14105579950048
74.19157653394717 80.6118414764261 49.14105981094211
74.1915710563112 80.61184724697743 49.141071578416145
74.19156718991893 80.61185132281753 49.14107989200408
74.19156356180136 80.61185514887103 49.14108769714128
74.17187698291195 80.64193850785186 49.207551235628095
74.17187591959556 80.64193957766483 49.20755334543973
74.1718676285478 80.64194792086992 49.20756979993655
74.17186495756718 80.64195060865305 49.20757510079129
74.17185894676896 80.6419566565993 49.20758702830487
74.17185229365838 80.64196335187931 49.20760023288491
74.13034113618409 80.67932643162152 49.27792845047249
75.29242454683958 82.40840300870127 49.463902102248966
75.2924249228967 82.40840326995827 49.46390272948235
75.29242334427266 82.40840214678335 49.46390009699647
75.29241851390478 82.40839871170594 49.4638920419255
75.29241324601193 82.4083949665452 49.4638832572211
75.29241092345953 82.40839331786317 49.46387938409684
75.29240553525213 82.4083894899367 49.46387039870082
75.29240028667778 82.40838576824947 49.46386164601543
75.29239976674141 82.4083853992834 49.463860778959216
75.29239392163633 82.40838125230758 49.463851031527064
75.2923898145306 82.4083783425432 49.463844182339244
75.29239244844018 82.40838020925483 49.46384857474784
75.2923920322502 82.40837991698072 49.46384788063925
75.2923870311549 82.4083763646581 49.463839540780995
74.76294299442458 80.60852368658715 49.19251425516636
74.76294338431893 80.60852372477879 49.192514456501314
74.7629399375054 80.60852338379198 49.19251267029242
74.76294088473776 80.60852347926907 49.19251316450314
74.76294093361491 80.60852348394769 49.19251318953681
74.76293472593375 80.60852287192652 49.19250997653658
74.76293620073703 80.60852301913263 49.19251074327312
74.7629361105336 80.60852301026031 49.19251069662465
74.61737638370607 80.52444585628346 48.99439395109992
74.76293071139182 80.60852248012054 49.19250790619718
74.76292960220594 80.60852237120609 49.192507332931555
74.76292494628522 80.60852191411819 49.192504926763405
74.7629212812325 80.60852155432111 49.19250303269952
74.22840991409237 80.3685801333244 48.60056529350605
74.31980052568025 80.45081152855279 48.789062188842955
74.22840813930155 80.36858215877027 48.6005696551863
74.61732824210432 80.52442304188749 48.99433722064026
74.22840601677154 80.36858455672761 48.60057481538965
74.22386231975628 80.44783873991621 48.781069164632946
74.22386002628939 80.44785220170264 48.781099579122255
74.22385983766154 80.44786095852788 48.78111956222232
74.22385974150544 80.44786186621008 48.78112162188071
74.22386163291159 80.44784488288698 48.781083098396955
74.22385792748567 80.44787961374415 48.781161903599155
74.22385733064341 80.44788580993415 48.78117597270126
74.20952800350648 80.52555475553208 48.951669950138466
74.20952870585651 80.52555977399399 48.95168129556946
74.20952968822633 80.5255667556871 48.95169708393321
74.2095305856668 80.52557311982582 48.95171147747365
74.20953155412533 80.52557998971592 48.95172701459178
74.2095325535296 80.5255870602664 48.95174300784352
74.20953360301324 80.52559447480964 48.951759780459355
74.20953461538043 80.52560162656822 48.95177595869268
74.20953580860109 80.52561004276797 48.95179499888543
74.2095367743811 80.52561683755772 48.95181037304181
74.20953822255117 80.52562703565164 48.95183344648019
74.20953901239295 80.5256326013771 48.95184603862377
74.20954072835333 80.52564469465445 48.95187339880013
74.20954133164395 80.52564895754429 48.951883041902136
74.20954323936716 80.52566244656774 48.95191355438121
74.2483306559491 80.60032213879695 49.12495179437489
74.19159236901024 80.61182516564531 49.141026827503794
74.19159119946448 80.6118263938278 49.141029329123796
74.19158500003476 80.61183290290879 49.14104258625123
74.19158381065697 80.61183415352397 49.14104513477035
74.19157679464361 80.61184154916859 49.141060219516106
74.19157667647244 80.61184167318477 49.14106047205824
74.19156947486091 80.61184926155073 49.14107594770809
74.19156781037869 80.61185101892728 49.14107953431241
74.17188267930085 80.64193291383518 49.20754025842362
74.17187824059121 80.64193737993884 49.2075490662763
74.17187459598644 80.64194104688218 49.207556297998366
74.17186709860141 80.64194859172336 49.207571178075995
74.17186632395511 80.64194937132869 49.20757271565057
74.17185795655752 80.64195779444972 49.207589328993336
74.17185489960598 80.64196087117783 49.20759539714528
74.13034141241215 80.67932635423179 49.27792839961865
74.13034025422931 80.67932711373663 49.277929597554476
74.13034000621167 80.67932727632191 49.27792985395372
74.13033862745368 80.67932818373325 49.27793128741337
74.13033796817622 80.67932861651013 49.27793197031704
74.13033710994058 80.679329179472 49.277932858359534
75.2924402703095 82.40841417486534 49.463928322854656
75.29243544233181 82.40841074803183 49.463920271637576
75.29243590363589 82.40841106226486 49.46392104118209
75.2924315604933 82.40840796900619 49.463913798697035
75.29243097428478 82.4084075516441 49.463912821151595
75.29242569168339 82.40840379135219 49.46390401201356
75.29241942131769 82.40839933329337 49.46389355559587
75.29241944924449 82.4083993524055 49.4638936021814
75.29241930344203 82.40839924877369 49.463893359041634
75.2924114036057 82.40839363983544 49.463880185176365
75.29241139827585 82.40839363441697 49.46388017632117
75.2924112281699 82.40839351359793 49.46387989265123
75.29240509142329 82.40838916127777 49.46386965883927
75.29239950597393 82.40838520696005 49.46386034424485
75.29240052310067 82.40838592815464 49.46386204043763
75.29239712212389 82.40838351669453 49.46385636886081
75.29239900685917 82.4083848548777 49.46385951186862
75.29239371320698 82.40838109929896 49.463850684048936
75.29239680079596 82.40838329132009 49.46385583295451
74.76294391135615 80.60852378123698 49.192514737766594
74.76294430600954 80.60852381989554 49.192514941560425
74.76294357911752 80.6085237484946 49.19251456583014
74.76293983671142 80.60852338099292 49.192512631581735
74.76293846342057 80.60852324615911 49.19251192184384
74.76293818063702 80.60852321828882 49.19251177549755
74.7629335941681 80.60852276801639 49.19250940521654
74.76293130785857 80.60852254354573 49.19250822362787
74.76292808706211 80.6085222273733 49.19250655917423
74.76292374518343 80.6085218011714 49.19250431540672
74.70579420318235 80.60596981701732 49.180753864768114
74.49692971777499 80.5374403101167 49.00245519700263
74.70583141325312 80.60597223781399 49.180766115749336
74.31237443070815 80.52941736074038 48.96756378755899
74.31235075781541 80.52941369769124 48.967555036550145
74.31230445874026 80.52940582072878 48.96753627199226
74.31229950441292 80.5294051941203 48.96753476452497
74.31234019988437 80.52941196649786 48.96755090805047
74.20953165281206 80.52557827877197 48.95172344106486
74.20953219430893 80.52558214248752 48.95173217657562
74.2095332653384 80.52558976377676 48.95174941015546
74.20953406028337 80.52559540527946 48.95176216882004
74.20953505829308 80.52560247349444 48.951778155862065
74.20953602551117 80.52560931038474 48.95179362131796
74.20953704394334 80.52561649305305 48.95180987094457
74.20953808573196 80.52562384167034 48.95182649585284
74.24834914136532 80.60033209959605 49.12497706548329
74.24834808365033 80.60033152878499 49.12497561902245
74.24834668680766 80.6003307748874 49.124973708753785
74.24834590277717 80.60033035177648 49.12497263656702
74.24834423361834 80.600329450929 49.124970353902036
74.248343780287 80.60032920639009 49.12496973401552
74.2483416996798 80.6003280843776 49.12496688916472
74.24834158329853 80.60032802170738 49.124966730084594
74.24833684049148 80.60032546797237 49.12496024732168
74.24833920875295 80.60032674285975 49.12496348424975
74.19490780838186 80.6132713390254 49.14579418533968
74.24833898954446 80.60032662507024 49.12496318475512
74.19490559142658 80.61327428250118 49.14580045679554
74.19490148821205 80.61327930295795 49.14581089712222
74.19490513655124 80.6132748559711 49.145801660367084
74.19489924524524 80.61328228210859 49.14581724527126
74.19489877205179 80.61328287849085 49.14581849681539
74.19489281361581 80.61329039864847 49.14583428497562
74.19489190513345 80.61329154769753 49.14583669888815
74.17188172947108 80.64193400310944 49.20754246013088
74.17187885866238 80.64193689198234 49.20754815757741
74.1718737854035 80.64194199778217 49.2075582275035
74.17186818477657 80.64194763546409 49.2075693468882
74.17186569682755 80.64195013982126 49.20757428629285
74.17186264506846 80.64195313333197 49.207580159097446
74.17185754748681 80.6419583460715 49.20759047294633
74.1718564528662 80.64195944807018 49.20759264650877
74.13034178532672 80.67932621200549 49.27792824551776
74.13034106487126 80.67932668457232 49.277928990954706
74.13034039391256 80.67932712515037 49.27792968625951
74.13033909221072 80.67932797053378 49.27793101399446
74.13033898992961 80.67932804816903 49.277931143694545
74.1303389607143 80.67932806743944 49.277931174165715
74.13033754767737 80.67932899727867 49.277932642964714
74.13033670042435 80.67932955414902 49.277933522161575
74.13033600664856 80.67933000991198 49.277934241569326
74.13033481788388 80.67933075117146 49.27793538444061
74.13033442005356 80.6793310531707 49.277935888989035
74.13033432903161 80.67933111286439 49.27793598314415
74.1303326533004 80.6793322104173 49.277937713345445
74.13033198352294 80.67933264860176 49.277938403763756
75.29245336807291 82.40842347976042 49.46395016473903
75.29244938493167 82.4084206400349 49.463943522638445
75.2924449493278 82.40841749139783 49.46393612575671
75.29244514425977 82.40841761791124 49.463936451067404
75.29244097444085 82.40841464743323 49.4639294976247
75.29244100848229 82.40841466984644 49.463929554428034
75.29244035045971 82.40841420103482 49.46392845713389
75.29243651061726 82.40841146569034 49.46392205394696
75.29243105831495 82.40840760957751 49.463912961316204
75.29243195594644 82.40840822135182 49.46391445873277
75.29242656839936 82.40840439653427 49.46390547438467
75.29242694401884 82.40840465380045 49.46390610096246
75.29242419491507 82.40840269815732 49.46390151659865
75.29242048210338 82.40840006118461 49.46389532508487
75.29241463833036 82.40839590695776 49.463885580039296
75.29241221350279 82.40839419114653 49.46388153624907
75.29240837995535 82.40839146888808 49.46387514338605
75.29240392399419 82.40838831666949 49.46386771233706
75.29240019454504 82.4083856896612 49.46386149263935
75.29240244167585 82.40838726784924 49.46386524033126
75.29240245900169 82.40838728987978 49.46386526902789
74.76294435663286 80.60852382720755 49.19251497213834
74.76294281288278 80.60852367794534 49.192514178655664
74.76294475121821 80.60852386590255 49.19251517597836
74.76294319686599 80.6085237156132 49.19251437704234
74.76294149824793 80.60852354879393 49.19251349908757
74.76294132893874 80.60852353217125 49.1925134115871
74.7629364073041 80.60852304900078 49.19251086810527
74.76293620559628 80.60852302920013 49.19251076386639
74.76293272706678 80.60852268773199 49.192508966229894
74.7629311198796 80.60852252997647 49.19250813569167
74.76292599264883 80.60852202673652 49.19250548617431
74.70580694554627 80.60597066230976 49.18075811174522
74.70579383442889 80.60596980947508 49.18075379551557
74.76292545173499 80.608521973648 49.192505206659426
74.50879630316741 80.59593457465606 49.13794370612705
74.35120984369358 80.60417536867654 49.14083003930156
74.35116777590923 80.60417663384018 49.140832449728514
74.35116292109177 80.60417679521228 49.14083276328786
74.35120082115185 80.60417564008071 49.140830556411274
74.24836529776601 80.6003408114001 49.12499915592699
74.24836443873956 80.60034034851049 49.124997981562565
74.24836284320844 80.60033948860013 49.12499580024786
74.24836173560628 80.60033889154917 49.12499428594015
74.2483604195604 80.60033818204862 49.12499248660066
74.24835921356168 80.60033753179921 49.12499083767879
74.24835802480632 80.60033689070366 49.12498921225426
74.24835687755015 80.60033627185116 49.12498764349732
74.24835567377158 80.6003356224038 49.12498599739362
74.24835470008472 80.60033509699244 49.12498466587307
74.24835336992616 80.60033437902129 49.12498284676384
74.24835269141681 80.60033401265935 49.124981918772356
74.24835119119501 80.60033320178397 49.124979866475684
74.24835090995367 80.60033305000178 49.12497948186524
74.2483444254602 80.6003295532245 49.124970615572806
74.24834912762876 80.60033208728966 49.12497704400551
74.24834896550209 80.60033199985087 49.12497682232221
74.19490442883871 80.61327618746773 49.14580473236266
74.19490309939266 80.61327786999932 49.145808267670404
74.1948983700554 80.61328384441539 49.145820814106
74.19489678981533 80.61328583877442 49.145825001112165
74.19489200793015 80.61329187763323 49.1458376816566
74.194890163881 80.61329420807505 49.14584257622458
74.17188171260915 80.64193415720045 49.20754281892949
74.17187851959812 80.64193736895912 49.20754915263451
74.17187351376342 80.64194240509352 49.2075590844387
74.17186866003098 80.64194729086124 49.20756872076713
74.17186542232423 80.64195054994026 49.207575148735785
74.17185789588895 80.64195812746887 49.20759009466269
74.17185715457175 80.64195887380896 49.207591566741016
74.17184891488772 80.64196717360834 49.207607938948456
74.13034173975016 80.67932634222966 49.27792851977969
74.13034085163935 80.67932692592373 49.277929441305325
74.13033976425079 80.6793276413836 49.27793057140424
74.13033946896104 80.67932783585755 49.27793087871032
74.13033805632186 80.6793287664629 49.27793234942258
74.1303376291032 80.67932904756702 49.27793279344563
74.1303365717811 80.6793297440016 49.27793389401137
74.13033538399482 80.67933052530546 49.27793512796738
74.13033499633897 80.67933078016591 49.277935530391886
74.13033337525482 80.6793318470016 49.277937215657396
74.13033303536056 80.67933207008177 49.27793756764073
74.13033162435185 80.67933299661549 49.27793902987033
74.1303306473203 80.67933363748338 49.27794004079277
74.13032976447839 80.67933421610586 49.27794095320974
74.13032816946506 80.67933526259492 49.277942604152685
74.13032786435448 80.67933546289139 49.277942920218436
75.29246057508176 82.4084285860698 49.46396218345265
75.2924574646256 82.40842636579502 49.4639569966558
75.29245379503854 82.40842376473496 49.46395087711866
75.29245400827567 82.40842390035039 49.46395123303378
75.29245007591098 82.40842110360266 49.46394467546913
75.29245021008224 82.40842119274495 49.4639448993382
75.29244771170036 82.40841941260773 49.46394073313192
75.29244607718978 82.40841824817268 49.46393800748085
75.29244205493572 82.40841538160646 49.46393130013645
75.2924369724213 82.4084117854288 49.463922824221356
75.29243813869745 82.4084125898819 49.463924769594016
75.29243305316567 82.40840898411635 49.46391628879722
75.2924340352341 82.40840966567188 49.4639179268237
75.2924289545253 82.40840605518756 49.463909454234
75.29242934218824 82.40840632478205 49.46391010081942
75.29242696700446 82.40840463498564 49.463906140001946
75.29242173646304 82.40840093905196 49.46389741712742
75.29242341378436 82.40840211098347 49.463900214631956
75.29241736868414 82.40839781585682 49.46389013380946
75.29241368792879 82.40839522358976 49.463883995310766
75.29241503573263 82.40839616592686 49.46388624321985
75.29241124223073 82.40839347298805 49.46387991711934
75.29240692323933 82.4083904191047 49.46387271446092
75.29240350031894 82.40838801069188 49.46386700591509
75.29240548268768 82.40838940029889 49.463870312098535
75.29240566708413 82.40838954098403 49.463870619403494
74.76294569825208 80.60852396574523 49.1925156783542
74.76294609713452 80.6085240049038 49.19251588449356
74.76294277168108 80.6085236761317 49.19251416156962
74.76294366534627 80.60852376617946 49.19251462777555
74.76294120070413 80.60852352424342 49.192513354104534
74.76293770524278 80.6085231787825 49.19251154332364
74.76293867942475 80.6085232767615 49.19251205119065
74.76293906740369 80.60852331486959 49.19251225173274
74.76293415098611 80.60852283234061 49.19250971119085
74.76292673861654 80.60852210200683 49.19250587552743
74.76292851334999 80.60852227906678 49.192506798037556
74.76292781891186 80.60852221091989 49.19250643920745
74.76293404383269 80.60852282182395 49.19250965581984
74.70581940102161 80.60597148862298 49.18076226326904
74.70580301202034 80.60597042271142 49.18075686838692
74.50881677235446 80.5959355133245 49.13794799572537
74.35120676515349 80.60417770451618 49.14083538135053
74.35116753110995 80.60417896621661 49.14083781768045
74.3511627116813 80.60417913164899 49.14083814101263
74.35120037093996 80.60417790905356 49.14083577590489
74.24837122866478 80.60034401033782 49.125007265663925
74.24837045399646 80.60034359292547 49.12500620663579
74.24836889045602 80.60034275027004 49.125004069064275
74.24836787465796 80.60034220274768 49.12500268029362
74.24836661922038 80.60034152558868 49.12500096363632
74.24836567009659 80.60034101319202 49.12499966557392
74.24836445732755 80.60034035870359 49.124998007071326
74.24836359076434 80.6003398909569 49.12499682196556
74.24836231965381 80.6003392046743 49.12499508350878
74.24836167410325 80.60033885600035 49.124994200535255
74.24836025018367 80.60033808679108 49.124992252853275
74.24835989264547 80.60033789363666 49.12499176379559
74.24835756319007 80.60033663535194 49.12498857754822
74.248358301523 80.60033703328207 49.12498958695625
74.24835827853475 80.6003370208229 49.12498955548975
74.24835655600646 80.60033609099247 49.12498719974043
74.24835615530033 80.60033587495232 49.12498665187503
74.19489719902907 80.61328572856121 49.14582502610088
74.19489513348509 80.61328834538534 49.14583052622507
74.1948911862289 80.61329334475572 49.1458410331915
74.17188650918365 80.64192946439653 49.207533617393295
74.17188189122021 80.64193410958002 49.20754277790675
74.17187785304372 80.64193817216939 49.20755078976242
74.17187378722564 80.64194226330734 49.20755885821523
74.17186854997604 80.64194753378366 49.20756925277839
74.17186559926377 80.64195050379081 49.207575110529646
74.17185836154562 80.64195779112391 49.20758948426725
74.17185740009661 80.64195875925029 49.20759139386117
74.1718553935244 80.64196067852924 49.20759513906616
74.1718493540594 80.64196686623372 49.20760738661675
74.13034230636356 80.67932606883043 49.277928155936536
74.1303413810142 80.67932667799056 49.2779291183466
74.13034041680632 80.67932731364037 49.27793012322909
74.13034003690225 80.6793275640013 49.27793051895745
74.13033906917912 80.67932815140308 49.27793141304372
74.13033867243024 80.67932846480446 49.27793194388869
74.1303383725761 80.6793286625488 49.277932256543295
74.13033722845502 80.67932941695258 49.27793344926127
74.13033623976506 80.6793300681426 49.277934478301674
74.13033569443165 80.67933042725606 49.277935045745124
74.13033437125937 80.67933126988528 49.27793635758226
74.13033413161753 80.6793314577592 49.27793667499466
74.1303339799301 80.67933155761278 49.2779368327512
74.13033245302992 80.67933256228734 49.27793841969944
74.13033165488183 80.6793330874371 49.27793924919489
74.13033071125164 80.67933370836818 49.27794023002176
74.13032924048741 80.67933467499712 49.277941756115865
74.13032887032347 80.6793349182294 49.27794214009164
74.13032742996151 80.67933580736826 49.27794350446286
74.13032700062652 80.67933614830896 49.277944082979396
74.13032668248843 80.67933635772505 49.277944413824876
74.13032508497957 80.67933740958934 49.27794607581198
74.08268650905475 80.71876519383139 49.338246148999396
74.0826796261147 80.71877159059161 49.338256278863696
75.29246609298173 82.4084325057025 49.46397138513324
75.29246466978046 82.40843148236354 49.463969012044295
75.29246300064682 82.40843030083262 49.46396622850442
75.292462778081 82.40843012669995 49.46396585767569
75.29246049722292 82.40842850738449 49.4639620540862
75.29246038052277 82.40842841251052 49.46396185971784
75.29245755554052 82.40842640185379 49.46395714884112
75.29245753638739 82.40842638178806 49.46395711703151
75.29245484884238 82.40842446561567 49.46395263540927
75.29245409915691 82.40842393118652 49.463951385267755
75.29245057630644 82.40842141954646 49.46394551072803
75.2924462052809 82.40841833542571 49.463938221161584
75.29244682433915 82.40841874556176 49.463939254103636
75.29244249204962 82.40841568136656 49.46393202928661
75.2924431153036 82.40841610158246 49.463933069082316
75.29243876898843 82.40841302143494 49.463925820996835
75.2924392693706 82.40841336067484 49.46392665576368
75.29243488689895 82.40841024865783 49.46391934750815
75.29243515398329 82.4084104291907 49.46391979308479
75.2924308673812 82.40840737791976 49.463912644850176
75.29243061111882 82.40840719569202 49.463912217509495
75.29242383930399 82.4084023980146 49.46390092453805
75.29242401831107 82.40840251422709 49.46390122327192
75.29242023056673 82.40839981962762 49.46389490688874
75.292416281434 82.40839703559764 49.46388832086503
75.29241634332344 82.40839706822845 49.46388842430069
75.29241366380862 82.40839516346986 49.463883955954515
75.29240950299658 82.4083922229338 49.46387701705705
75.29240640598553 82.40839004676882 49.46387185198452
75.29240811237638 82.40839123992214 49.463874697954026
75.2924084636516 82.40839149907089 49.46387528354857
74.76294413985406 80.60852381500999 49.19251487723549
74.76294260212478 80.60852366629956 49.1925140867902
74.762944528068 80.6085238531344 49.1925150778863
74.76294297983215 80.60852370340561 49.19251428203593
74.76294413358855 80.60852381676474 49.19251487846567
74.76294165432908 80.60852357344349 49.19251359733438
74.76294194685283 80.60852360222378 49.19251374862727
74.76293557669456 80.6085229746836 49.19251045247361
74.76293706529923 80.60852312318372 49.19251122622779
74.76293696507096 80.60852311335282 49.19251117444678
74.76293159638406 80.60852258652439 49.19250840036443
74.76293049050656 80.60852247801907 49.19250782896756
74.70583168378712 80.60597230350675 49.18076635731693
74.70581369175999 80.60597113351112 49.18076043530698
74.50883705861983 80.59593644330434 49.13795224444287
74.35120597094433 80.6041799743652 49.14084059874921
74.35116729798482 80.60418126119893 49.1408430996627
74.35116251433813 80.60418143051932 49.14084343237576
74.35119989740309 80.60418018001178 49.1408409996915
74.24837711928438 80.60034718745845 49.12501532027382
74.24837655183879 80.60034688140792 49.12501454437171
74.248375020131 80.60034605499602 49.12501244981771
74.24837439678525 80.60034571843978 49.12501159728404
74.24837309257359 80.60034501335005 49.12500981304112
74.24837267404665 80.60034478676486 49.12500924029463
74.24837135336895 80.6003440714338 49.12500743278814
74.24837118680102 80.60034398120915 49.12500720481718
74.24836831962693 80.60034243297434 49.125003283352115
74.24836977219636 80.60034321481166 49.12500526865473
74.24836372676307 80.60033995724827 49.12499700404028
74.24836963603525 80.60034314125055 49.12500508240589
74.24836816504747 80.60034234606921 49.12500307004234
74.24836774450509 80.60034211914046 49.125002494949115
74.24836637132069 80.60034137826645 49.12500061717485
74.24836569101527 80.60034101165547 49.124999687123506
74.24836438319511 80.60034030726092 49.124997899399936
74.24836345670208 80.6003398087603 49.124996633211936
74.19489014396274 80.61329504284888 49.14584483972107
74.17188592640255 80.6419301706287 49.20753505818491
74.1718818341424 80.64193428903843 49.2075431806888
74.17187742664268 80.64193872452303 49.20755192846967
74.17187389876952 80.6419422749115 49.207558930686574
74.17186847959715 80.64194772934357 49.20756968840358
74.17186581318077 80.6419504135871 49.20757498269926
74.17185870729054 80.6419575693377 49.20758909735978
74.17185777141952 80.64195851199231 49.207590956825115
74.171854989199 80.64196122917551 49.207596282616514
74.17184984979652 80.64196649489388 49.207606705312465
74.13034282948942 80.67932581864866 49.277927825075324
74.13034188182618 80.67932644333236 49.27792881258145
74.13034103650045 80.67932700122574 49.277929694961514
74.13034056563185 80.67932731194283 49.2779301863703
74.13033942813645 80.67932803948239 49.27793132126061
74.13033922690867 80.67932819665215 49.27793158646068
74.13033909886471 80.67932828119734 49.277931720206624
74.13033780428128 80.67932913547392 49.27793307127603
74.13033707263537 80.67932961825025 49.27793383478658
74.13033632650156 80.67933011056074 49.27793461335785
74.1303349326246 80.67933103023282 49.27793606776606
74.13033478929731 80.67933112486025 49.277936217455434
74.13033322323822 80.67933215941247 49.27793785440991
74.13033264433119 80.6793325412985 49.277938458290464
74.13033156382483 80.67933325411494 49.27793958550331
74.13033026345028 80.67933411193872 49.27794094199564
74.13032984511672 80.67933438796874 49.27794137853208
74.13032835698823 80.67933532539595 49.27794283070986
74.13032802902906 80.67933558449306 49.277943269592825
74.13032779984185 80.67933573557615 49.277943508431036
74.13032613160684 80.67933683364714 49.27794524317896
74.13032527493303 80.67933739699801 49.277946132804956
74.08600795905022 80.72020760175728 49.34300551398343
74.06419737696099 80.73641973734055 49.36402066851345
74.06419556173307 80.73642144425999 49.364023383616924
73.9331618812783 80.7827476630429 49.405782023001976
73.93309887723976 80.78277150776225 49.40580335446832
73.93307092433966 80.78278209405256 49.40581283273595
73.93298270881482 80.782815654551 49.40584304566458
75.2924642833878 82.408431214789 49.46396836755469
75.29246377993438 82.40843084534576 49.46396752823119
75.29246291756841 82.40843022084277 49.46396609038533
75.29246171525851 82.40842935480433 49.46396408564819
75.29246014348335 82.40842822648756 49.463961464785285
75.29245808523709 82.40842675339255 49.463958032664664
75.29245563024148 82.4084249990022 49.46395393891185
75.29245401845297 82.40842387172772 49.4639512507284
75.29245275971265 82.40842295024567 49.463949152197216
75.29245034222555 82.40842124343972 49.463945120571594
75.29244968135164 82.40842075400965 49.46394401889745
75.29244661971734 82.4084185833024 49.46393891321604
75.29244634357048 82.40841837397598 49.463938452977466
75.29244282717684 82.40841587419932 49.463932589058444
75.29244269418993 82.408415773427 49.46393236741589
75.29243922022621 82.4084132984323 49.46392657436131
75.29243888968828 82.40841306306251 49.46392602316597
75.29243413091984 82.40840967859198 49.463918087499735
75.29243025919254 82.40840694274483 49.46391163069488
75.29242840429 82.40840561061148 49.46390853774163
75.29242663409296 82.40840435054375 49.46390558580387
75.2924210358445 82.40840038304778 49.46389624994795
75.2924189005246 82.40839886329466 49.46389268913576
75.2924152481277 82.40839627194147 49.46388659831551
75.292411656166 82.40839372328897 49.463880608281926
75.2924088946676 82.40839178604818 49.46387600270022
75.29241032164897 82.40839278043669 49.46387838273072
75.29241083734681 82.40839315624706 49.46387924252005
74.76294572239865 80.60852397712156 49.19251570781276
74.7629458316063 80.60852398785755 49.192515764278745
74.76294552198885 80.60852395764039 49.19251560460679
74.76294459111485 80.6085238663578 49.192515123730544
74.76294441885132 80.60852384955285 49.192515034906506
74.76294001974323 80.60852341792136 49.19251276191894
74.7629399851174 80.60852341455329 49.192512744083345
74.76293465255058 80.60852289130601 49.192509988733974
74.76293340165805 80.60852276859973 49.192509342460994
74.70584394904256 80.60597311724497 49.18077044557962
74.7058262120978 80.60597196397833 49.18076460797732
74.70580804489832 80.60597078262083 49.180758628403
74.35120633913246 80.60418220222718 49.14084573335894
74.35116697469752 80.60418360200589 49.140848486089716
74.35116541457887 80.60418366084176 49.14084860292249
74.35119941295193 80.60418244772067 49.14084621586522
74.24838311550062 80.60035042029733 49.12502351859264
74.24838287055971 80.60035028795133 49.1250231835396
74.24838142165457 80.60034950357132 49.12502120076077
74.24838130568968 80.60034944076634 49.125021042052225
74.24837798502328 80.60034764661683 49.12501649977129
74.24838013173773 80.60034880270568 49.125019434145884
74.24837342421625 80.60034518595445 49.125010263067736
74.2483799860901 80.60034872372765 49.125019234760316
74.24837877642472 80.60034806817391 49.12501757899422
74.24837840289301 80.60034786592185 49.12501706780819
74.24837736796542 80.60034730567548 49.12501565155635
74.24837672004166 80.60034695558691 49.12501476526373
74.24837563506472 80.60034637046901 49.12501328174437
74.24837475087081 80.60034589390305 49.125012072910664
74.24837366773276 80.60034531072102 49.125010592425205
74.22869687811527 80.63041333224763 49.19144121584013
74.22869023195797 80.63041609883769 49.191446256656654
74.22868348109083 80.63041891553148 49.19145139069461
74.17188157942864 80.6419346589213 49.20754395564164
74.17187721988648 80.6419390467838 49.20755260975713
74.17187379627686 80.64194249316895 49.20755940722516
74.17186852540108 80.64194779992948 49.207569874327596
74.17186593099463 80.64195041245652 49.20757502748265
74.17185901925227 80.6419573748415 49.20758876158896
74.1718580901908 80.6419583108991 49.20759060814592
74.171855127161 80.64196121929739 49.20759631476314
74.17185031092261 80.64196615155512 49.20760607649842
74.17184843134967 80.64196804555702 49.207609812898205
74.13034235958503 80.67932621926636 49.27792852041698
74.13034160261438 80.67932671923006 49.277929311434534
74.1303410660664 80.67932707367198 49.27792987225771
74.13033979257406 80.67932791470926 49.277931202851406
74.13033971735787 80.67932796432413 49.277931281305996
74.13033837422115 80.67932885371414 49.277932690005116
74.13033782676752 80.67932921574065 49.27793326308827
74.13033694826841 80.67932979653804 49.277934182383014
74.13033577248873 80.67933057382909 49.27793541265963
74.1303354674391 80.67933077545385 49.27793573175951
74.13033458455394 80.67933128584248 49.277936489703066
74.13033398296227 80.67933175914433 49.27793729030229
74.13033354167153 80.67933205140723 49.27793775325071
74.13033242116678 80.67933279304138 49.27793892769271
74.13033122852093 80.67933358125343 49.27794017509886
74.13033076411917 80.67933388824262 49.27794066097995
74.13032938685438 80.67933475543494 49.27794200407193
74.13032907468212 80.67933500600282 49.27794243075357
74.13032878337226 80.67933519846827 49.277942735304535
74.13032727665508 80.67933619333155 49.27794430912803
74.13032631923312 80.6793368238935 49.27794530554789
74.08601541643431 80.7202014349239 49.342996083508226
74.08599916192324 80.72021528590467 49.34301733672739
74.06419824884688 80.73641892220135 49.36401936151093
74.06419198565325 80.73642480905173 49.36402873121637
74.06418768610712 80.73642885464119 49.364035160626216
74.06418542729827 80.73643097865066 49.364038539224715
73.9331506543262 80.7827560516393 49.405794037339675
73.93306014678954 80.7827894363176 49.40582295639429
73.93305739034851 80.78279135630439 49.405825629217816
73.89511405140915 80.82539439815517 49.4726135927137
73.8950720673701 80.825402136435 49.4726119401073
73.89502993424321 80.82540996186509 49.47261038775845
73.89498860031536 80.8254176191829 49.47260882986079
73.89498396059562 80.82541847888416 49.47260865528939
73.84397080941362 80.8507040139129 49.50007341294554
75.29245945024333 82.40842777743826 49.463960307859494
75.29245985024292 82.40842805053815 49.46396097512361
75.2924599250305 82.40842809225208 49.463961100069895
75.29245986267352 82.40842803558085 49.463960996332546
75.29245946619679 82.4084277413762 49.46396033541916
75.29245874996036 82.408427219884 49.46395914127571
75.29245746850597 82.40842629781145 49.463957004553016
75.29245562823526 82.40842497991352 49.46395393592241
75.29245326320051 82.4084232903511 49.46394999217016
75.29245033570056 82.40842120272593 49.46394511041794
75.29244728744148 82.40841902913182 49.463940027290874
75.2924439201748 82.40841662969528 49.463934412169614
75.29244035936787 82.40841409313866 49.46392847429223
75.29243868447554 82.40841291562725 49.4639256809856
75.29243629541749 82.4084112010712 49.463921697331806
75.29243280330172 82.40840871430794 49.46391587398408
75.29243239884372 82.40840842686477 49.463915199510424
75.29242534580645 82.40840342421235 49.46390343767591
75.29242363207474 82.4084022026662 49.463900579932094
75.29242004378742 82.40839965765309 49.46389459600518
75.29241649085239 82.40839713751143 49.46388867103683
75.29241346670173 82.4083950021502 49.46388362768755
75.29241517473923 82.40839620803301 49.46388647616995
75.29241586970775 82.40839670619083 49.463887635012824
75.29241096024124 82.40839322435373 49.46387944784643
74.76294625190997 80.6085240313572 49.19251598570824
74.76294533106218 80.60852394180824 49.19251551142635
74.76294349832938 80.60852376343293 49.19251456719782
74.76294544699182 80.60852395255688 49.192515570145815
74.76294388070531 80.60852380105828 49.19251476497125
74.76294567874339 80.60852397444037 49.19251568827718
74.76294301655197 80.60852371651495 49.19251431893251
74.7629421970082 80.60852363611617 49.192513895505016
74.76294218233869 80.60852363494166 49.19251388842467
74.76293766852632 80.608523192094 49.192511556242586
74.76293637642337 80.6085230653811 49.192510888746
74.70585604708282 80.60597391992387 49.18077447821567
74.70583984743797 80.605972866843 49.18076914729923
74.7058206935076 80.60597162145442 49.18076284337295
74.35120863547124 80.60418437222286 49.14085075776845
74.35116687507721 80.60418412501939 49.14084968926778
74.3511988942326 80.60418474209298 49.14085149302844
74.35117201615277 80.60418580881606 49.14085362809212
74.28140923996189 80.61982034212095 49.17236860700525
74.35116650291808 80.60418603668363 49.14085408690235
74.28141195294319 80.61982213728523 49.172372570131394
74.24838306120958 80.60035038644537 49.12502344184249
74.28141179235925 80.61982203220401 49.17237233673059
74.28141086733919 80.61982142716045 49.17237099252189
74.28141063176707 80.61982127315558 49.17237065027632
74.28140984944702 80.6198207619241 49.17236951391012
74.28140946102991 80.61982050818345 49.1723689497942
74.2814087156552 80.61982002143267 49.1723678674321
74.28140820606411 80.6198196887954 49.172367127593105
74.28140749534042 80.61981922495933 49.172366095835514
74.26901728835509 80.61737863275118 49.165070786460305
74.26901673123234 80.61737838673992 49.16507015359943
74.22870542459489 80.63041465740264 49.19144507715866
74.22869928373731 80.63041722990911 49.19144976916579
74.22869259522164 80.63042006612096 49.19145495224064
74.228686696462 80.63042258961325 49.191459570280685
74.17187690919737 80.64193946867282 49.20755348554651
74.17187384344854 80.64194255619938 49.207559575774255
74.17186831227349 80.64194812771225 49.20757056614946
74.17186626663566 80.64195018826744 49.20757463080345
74.17185903139037 80.6419574788034 49.20758901313638
74.1718586435307 80.6419578698049 49.20758978455183
74.17185601637458 80.64196043603742 49.2075948146754
74.17185107014377 80.64196550549542 49.207604849555864
74.17184863358956 80.64196796201523 49.2076096961692
74.13034290337423 80.67932595057131 49.27792815694936
74.13034205867629 80.67932650994385 49.27792904296014
74.1303416701337 80.67932676748471 49.27792945105293
74.13034051897884 80.67932751378746 49.27793062226767
74.13034040221328 80.67932760792544 49.27793078280409
74.13033964682761 80.67932802155292 49.2779313791045
74.13034028255156 80.67932768711353 49.277930908196424
74.13033905511129 80.67932849945666 49.277932194565324
74.130338436326 80.67932890884211 49.277932842744946
74.13033763983749 80.67932943531467 49.27793367598166
74.13033649084352 80.67933019570211 49.27793488005102
74.1303361957742 80.67933039120715 49.277935189790306
74.13033513359392 80.6793310423153 49.27793618556869
74.13033474104529 80.67933135588814 49.27793671869223
74.13033437678301 80.67933159719874 49.27793710097434
74.13033320173155 80.67933237532971 49.277938333479966
74.1303321531724 80.67933307058856 49.27793943532835
74.13033164186302 80.67933340992681 49.27793997332235
74.13033036191172 80.67933421625158 49.27794122243377
74.13033006687108 80.67933445641643 49.27794163327782
74.1303297249818 80.67933468293599 49.27794199214866
74.13032837176246 80.67933557957278 49.27794341271354
74.13032724078202 80.67933632879118 49.277944599608276
74.13032660830922 80.67933674748386 49.27794526269523
74.08600467282601 80.72021076910553 49.3430104366266
74.08600431926604 80.72021107634203 49.3430109090723
74.06419549098877 80.736421517046 49.36402348559993
74.086003957787 80.72021138447268 49.34301138189164
74.0641912881304 80.73642547156719 49.364029770481835
74.06418806994122 80.73642849783386 49.36403458398766
74.0330992572715 80.77098601212411 49.421558383594466
74.03308910136272 80.77099688577827 49.42157538565744
74.03308326382856 80.77100313688834 49.42158515999353
73.8951379239257 80.82539134760819 49.47261693252827
73.89511258090265 80.82539601508469 49.472615928523396
73.89509017596345 80.82540014994802 49.472615056032424
73.8950497550584 80.82540769721312 49.47261363763844
73.89498779799321 80.8254179936621 49.47260920128973
73.89500918235674 80.8254152933284 49.47261225039016
73.84400304528108 80.85070364198702 49.50008492608812
73.8439832058842 80.85071017449079 49.50008936957184
73.84393864308966 80.85072476764171 49.500099204088826
73.84389077652352 80.8507397749498 49.50010854642328
73.84388400303048 80.85074188073992 49.50010983576872
75.2924571114843 82.40842606355903 49.46395640879142
75.29245701500736 82.40842599413185 49.46395624792399
75.29245697776386 82.40842596860305 49.46395618579784
75.29245820118425 82.4084268344603 49.46395822604491
75.2924572727542 82.40842616435188 49.46395667800353
75.29245839073442 82.4084269633815 49.463958542255284
75.29245694020958 82.40842591611184 49.4639561236926
75.29245814933898 82.40842678562124 49.46395813982963
75.29245614650016 82.40842534077487 49.46395480033074
75.2924570543361 82.40842599912028 49.46395631397152
75.29245467389788 82.40842428475044 49.463952344811915
75.29245499099264 82.4084245218806 49.46395287336133
75.29245248589622 82.40842272251297 49.4639486962494
75.2924513297699 82.40842190411213 49.463946768229235
75.29244980780214 82.408420813253 49.463944230383575
75.29244813267965 82.40841961943062 49.463941437018704
75.29245272396594 82.40842299379166 49.46394909119584
75.29245397799178 82.40842387441458 49.46395118262142
75.29245515083397 82.40842469604377 49.463953138691366
75.29245616849917 82.40842540637138 49.46395483600891
75.29244674746042 82.40841863330256 49.46393912706257
75.29244272435139 82.40841577297311 49.46393241815444
75.29243866192766 82.40841288433018 49.4639256436927
75.2924351110199 82.40841035635587 49.46391972229197
75.29243253647965 82.40840851977175 49.463915429130914
75.2924336609714 82.40840932195007 49.463917304271106
75.29243013679364 82.40840682326186 49.46391142723785
75.29242573454415 82.4084036936702 49.46390408607181
75.29242376656696 82.40840229580377 49.463900804260426
75.29242378023679 82.40840230303675 49.46390082710625
75.29242126747532 82.40840052691738 49.46389663663354
75.29242128167414 82.40840053535722 49.463896660344744
75.29241806368151 82.40839824697204 49.46389129405259
75.2924213620464 82.40840059126424 49.46389679439789
75.2924156663666 82.40839654726814 49.46388729621191
74.76294632802764 80.60852404568371 49.19251603796795
74.76294672438155 80.60852408470753 49.19251624301451
74.76294521279075 80.60852393668289 49.19251546253235
74.76294501124087 80.60852391692947 49.19251535843493
74.76294367897317 80.60852378651121 49.19251467062952
74.7629406135495 80.60852348585772 49.19251308697264
74.76293949304916 80.60852337604236 49.19251250825542
74.76293541599675 80.6085229761285 49.192510401894566
74.70585586928934 80.60597392488691 49.18077447209417
74.70583343284846 80.60597246638184 49.180767088821
74.63677619075904 80.61926211622375 49.21053983768422
74.35119830058642 80.60418712455412 49.140856972142345
74.35117994382074 80.60418790469802 49.14085854915989
74.35116596967141 80.6041885095238 49.14085977485861
74.28141733226771 80.61982569695752 49.17238042845932
74.28141687885777 80.61982540055482 49.17237976974634
74.28141620686594 80.61982496142234 49.17237879363998
74.28141569960299 80.61982463006464 49.17237805694009
74.28141504240607 80.61982420093013 49.17237710265516
74.28141447899776 80.61982383316942 49.17237628468875
74.28141383919694 80.61982341571503 49.17237535598587
74.28141321712044 80.61982300995622 49.17237445314208
74.28141259550378 80.6198226046745 49.172373551143465
74.28141191156148 80.61982215888355 49.17237255883333
74.22870811723612 80.63041825501742 49.191453030284116
74.22870112111084 80.63042129354326 49.191458603987584
74.22869630398768 80.6304234107015 49.191462494687386
74.22868805657478 80.63042708008169 49.19146925041715
74.22868456535541 80.63042864503625 49.191472134903734
74.1718677439576 80.64194881155981 49.20757195965978
74.17186691567143 80.64194964625719 49.20757360633339
74.17186190279973 80.64195466148784 49.20758348570679
74.17185962463165 80.64195699713987 49.20758810936439
74.17185792041064 80.6419586113059 49.207591252480434
74.1718584549765 80.64195817614142 49.2075904353912
74.17185203521801 80.64196464817695 49.20760320432227
74.15161449943795 80.6716438987547 49.26518298527682
74.15161433563377 80.67164387346439 49.26518295354512
74.13034249394701 80.67932630901608 49.2779287840482
74.13034220805605 80.67932649853066 49.277929084358476
74.1303411691816 80.67932716221964 49.27793011910428
74.13034096592612 80.67932732271662 49.277930390923245
74.1303408038978 80.67932743004805 49.2779305609523
74.13033964837393 80.6793281956149 49.27793177380684
74.13033903987856 80.67932859858792 49.27793241210262
74.13033827602032 80.67932910452528 49.277933213542184
74.13033718655056 80.67932982597392 49.27793435626061
74.13033685461087 80.67933004594593 49.277934704788564
74.13033582444848 80.67933068444138 49.27793568642753
74.1303354542759 80.67933097662771 49.277936181211686
74.13033516239662 80.67933117004891 49.27793648766978
74.13033394342922 80.67933197773334 49.27793776730676
74.13033306500893 80.67933256045687 49.27793869099696
74.13033241098684 80.67933299471423 49.27793937961714
74.13033097948188 80.67933393201793 49.277940857000566
74.13033086356356 80.67933402342788 49.2779410117431
74.13033077193877 80.67933408433308 49.277941108369305
74.13032923886912 80.6793351023326 49.27794272270316
74.13032837319149 80.67933567709437 49.277943634106386
74.1303275553415 80.67933622010148 49.2779444951562
74.0860113638384 80.72020524481232 49.34300199028539
74.08601034280932 80.72020611519434 49.34300332587325
74.07647983532362 80.73431342107858 49.365743688272005
74.07647581871569 80.7343166302548 49.36574857193604
74.0331026082506 80.77098267008503 49.42155317972558
74.03309356747229 80.77099234873545 49.421568313184665
74.03308603296219 80.77100041540058 49.42158092620601
74.03307105281621 80.77101646052745 49.42160601494895
73.99475057502092 80.81440919178355 49.488321201108306
73.89515714178505 80.82538912800256 49.47262004113681
73.8951095820184 80.82539765616197 49.47261774610646
73.89511522786371 80.82539693221692 49.47261853154107
73.8951083304664 80.82539821923376 49.472618288006814
73.89507353251618 80.82540472106562 49.472617074870875
73.89503761389136 80.82541152639033 49.47261599002425
73.84399396506696 80.85071212385428 49.500097004643784
73.8440046179459 80.85071407599106 49.500104604578006
73.84398530462553 80.85072047863119 49.500109009534484
73.84395996885452 80.85072884708252 49.500114731903096
73.84388822319531 80.85074245483119 49.500112482072055
73.84390929703565 80.8507452007827 49.500125475664575
73.83862104605308 80.86208422381927 49.51835055679323
73.83859889171791 80.86208832125673 49.51834980435888
73.81627771163753 80.88451523375528 49.5492803599428
73.81627171875682 80.88451443461726 49.5492768038758
75.29245370316582 82.40842363710232 49.46395072516874
75.29245230803872 82.40842263675017 49.4639483988351
75.29245180371377 82.40842228419852 49.46394755770518
75.29245285026809 82.40842301019514 49.46394930329624
75.29245295410225 82.40842307249136 49.463949476681734
75.29245253672742 82.4084227652838 49.463948780881445
75.29245144187792 82.4084219784026 49.46394695528896
75.29244949962165 82.40842059207186 49.46394371650577
75.29244682099221 82.40841868488954 49.4639392496976
75.29244548798827 82.40841773119712 49.46393702690985
75.29244586905827 82.40841800436408 49.4639376623344
75.29244427956934 82.40841698864021 49.46393500940809
75.29244615775076 82.40841831412806 49.46393814164875
75.29244784862296 82.40841950558993 49.46394096155109
75.29244941106313 82.40842060464678 49.463943567303176
75.29245094443814 82.40842168151578 49.46394612461711
75.29244435396271 82.40841692611198 49.463935135793086
75.29243854851055 82.40841280969418 49.46392545443814
75.29243636496204 82.40841125081582 49.46392181329777
75.29243731372335 82.40841192878626 49.463923395376355
75.29243423567257 82.40840972995392 49.46391826265067
75.29243467397414 82.40841004466697 49.463918993496925
75.29243401036167 82.40840958716235 49.46391788657303
75.29243190127033 82.4084080803998 49.46391436961346
75.29243217499466 82.40840828195226 49.463914825934246
75.29243375426594 82.40840939804178 49.4639174596516
75.29242821331408 82.40840545830451 49.46390821960476
75.29242664863901 82.40840434601127 49.46390561036064
75.29243066369779 82.40840719676129 49.463912305921966
75.2924238374449 82.4084023404476 49.463900922571895
75.29242275069313 82.40840156617776 49.463899110344954
74.8489336404156 80.6249535456822 49.24782278072687
74.84893420773653 80.62495369401641 49.247823202224836
74.76294796652316 80.60852421153436 49.19251689415383
74.76294785860962 80.60852420097314 49.19251683844665
74.76294458156035 80.60852387971741 49.19251514574984
74.76294336366661 80.60852376037187 49.19251451675895
74.76294282731686 80.60852370802286 49.192514240152235
74.76293852703348 80.6085232862596 49.1925120185505
74.7629371450871 80.60852315080182 49.192511304765134
74.63683307072574 80.61925970918205 49.21054053230833
74.6367885872941 80.61926164267666 49.21054014509414
74.43976424867061 80.60923085395929 49.16773698048909
74.35118286016572 80.6041900318167 49.1408634822467
74.28142268119242 80.61982923573085 49.172388241592806
74.28142213636212 80.61982887976558 49.17238745026593
74.28142158594267 80.61982852029496 49.17238665096801
74.28142101490502 80.61982814747746 49.172385821848096
74.28142044466809 80.61982777534601 49.17238499405465
74.28141985346622 80.61982738964846 49.17238413594296
74.28141928873524 80.61982702148238 49.17238331651586
74.28141874828262 80.61982666928715 49.172382532460304
74.28141815695005 80.61982628421228 49.17238167486936
74.28141773161704 80.61982600751134 49.172381058298555
74.22870919239314 80.63042252263509 49.191462203196906
74.22870557703277 80.63042416111143 49.19146522811576
74.22869645009254 80.6304283856393 49.19147305135424
74.22869481844205 80.63042913916307 49.191474446320406
74.22868408189329 80.63043308037784 49.19148147086345
74.22868396479741 80.63043423722458 49.19148390702306
74.17186531493932 80.64195128765088 49.20757685574346
74.22868301538017 80.63043468379949 49.19148473591626
74.17186053902893 80.64195618478428 49.20758655039131
74.17185795396887 80.6419587912525 49.20759169293697
74.17185301060394 80.64196377453703 49.20760152451926
74.1516150259151 80.67164399885715 49.26518317076906
74.1516149013221 80.6716439796885 49.265183146933694
74.15161465149146 80.67164394142314 49.26518309989903
74.13034274035633 80.67932622967918 49.27792871536586
74.13034183356937 80.67932679318531 49.27792958278824
74.13034152037392 80.67932703969895 49.27792999983221
74.13034127444564 80.67932720304394 49.27793025889163
74.13034025228406 80.67932788162844 49.27793133487704
74.13033958195085 80.67932832586429 49.2779320387432
74.130338901883 80.6793287765157 49.277932752750175
74.13033781803225 80.67932949465103 49.27793389049762
74.13033750563669 80.67932970187303 49.277934218961136
74.13033642438573 80.67933038484543 49.27793527828391
74.130336129219 80.6793306172152 49.2779356714263
74.13033589542653 80.67933077262848 49.277935917993574
74.13033469781533 80.67933156878543 49.277937181149014
74.1303338552048 80.67933212886948 49.2779380697099
74.13033321578034 80.67933255381207 49.27793874381534
74.13033181292954 80.67933347774574 49.27794020383117
74.13033173511589 80.67933354058846 49.277940311059204
74.13033164851356 80.67933359818939 49.27794040246635
74.1303301404311 80.67933460014312 49.2779419917253
74.1303293827847 80.679335103418 49.27794278993391
74.13032848826361 80.67933569765343 49.27794373243574
74.08601867374946 80.7201991787388 49.342992710170265
74.08601575404612 80.72020166767904 49.34299652941472
74.08600791794146 80.7202082137606 49.34300655145684
74.0764847544221 80.73431015924277 49.36573885129323
74.07648176502806 80.734312551703 49.36574249285396
74.07647161638319 80.73432067110993 49.3657548508784
74.03309714670233 80.77098875294375 49.42156271171858
74.0330897900613 80.77099663104437 49.42157503006612
74.03307584251405 80.77101156997428 49.42159838910264
74.03307381296193 80.7710137439081 49.42160178835293
73.99475050180783 80.81440934930988 49.488321445234675
73.99474989672923 80.81441065120359 49.48832346274913
73.99474959303032 80.81441130467024 49.48832447636102
73.99474940929811 80.81441170000569 49.4883250895874
73.89515257347064 80.82539155298635 49.472622676663136
73.89509946432145 80.8254009204588 49.47261983680017
73.89511518734716 80.82539861048355 49.472621501488476
73.89509225397428 80.82540295756249 49.47262081240158
73.8950781168374 80.82540563616311 49.47262038560939
73.84402870074115 80.85071719429908 49.50011941735766
73.84397435215357 80.8507304854449 49.500123169000446
73.84398590198755 80.85073169051309 49.50012974183658
73.83870706747055 80.86207593090842 49.518367508669016
73.8386803991552 80.86208112715288 49.518367089127125
73.81632727284307 80.88452286889162 49.549311852154744
73.81633970247965 80.88452499013772 49.54932016923762
73.81633572944567 80.88452446578687 49.54931782276521
73.81631748396316 80.88452206536617 49.54930706236135
73.81630043651784 80.88451978954073 49.549296941468654
73.80304853329152 80.90451654299329 49.58205472788794
73.67478652997809 80.89377431016251 49.503292488829075
73.80303827279074 80.90451272669424 49.58204393984005
73.67479791541662 80.89377545377621 49.50329950226623
73.67474133447453 80.89378079887044 49.50328143073309
75.29244824651212 82.4084197485421 49.4639416258735
75.29244670140993 82.40841864220651 49.46393904942943
75.29244611127037 82.40841822846689 49.463938065199216
75.29244764557737 82.40841930172903 49.463940624153395
75.29244806948498 82.40841959233177 49.46394133127619
75.29244784154021 82.40841942124209 49.46394095133911
75.29244706148545 82.40841885901625 49.46393965067907
75.29244507146814 82.40841744144295 49.46393633219516
75.29244367980435 82.40841644507292 49.46393401160626
75.29244445891057 82.40841699865177 49.463935310845244
75.29244291274651 82.40841589621445 49.46393273253662
75.26759392903938 82.41136503516188 49.46590641445414
75.26762399538266 82.41136951563493 49.46592101235325
75.29243934394258 82.40841345871883 49.463926779211555
75.29244141275001 82.40841491915523 49.463930229350524
75.29244338920962 82.40841631269043 49.463933525516026
75.29244533540208 82.40841768315555 49.46393677123952
75.29243991526965 82.40841377278633 49.46392773381014
75.29243659698815 82.40841141883143 49.46392220016136
75.29243688337176 82.40841162457792 49.4639226776896
75.29243632683188 82.40841122419477 49.46392174970234
75.29243419005968 82.40840971790252 49.46391818617606
75.29243437677749 82.40840985208246 49.46391849751657
75.29243343926909 82.40840917979122 49.46391693425008
75.29243138144982 82.40840771489951 49.4639135026822
75.29243450662469 82.40840993575348 49.46391871422317
74.76294755996817 80.6085241732336 49.19251668708682
74.76294547258662 80.60852396921037 49.19251561003442
74.76294795913108 80.60852421257066 49.19251689365575
74.76294600882076 80.60852402356647 49.192515890387
74.84893490988895 80.62495388055731 49.24782372702982
74.76294758758569 80.60852417881011 49.19251670676159
74.76294723997898 80.60852414324671 49.19251652440878
74.76294598664006 80.60852402219939 49.192515880452135
74.76294586164968 80.60852400996998 49.19251581593535
74.76294461482125 80.60852388812 49.192515172624894
74.7629415840665 80.60852359104467 49.19251360721401
74.76294079151401 80.60852351343895 49.192513198005564
74.6368330586549 80.61925977503914 49.21054073188224
74.63681112038198 80.6192607293995 49.21054054336878
74.63671639344594 80.61926484648106 49.21053971796904
74.4521860071348 80.61125243279014 49.175672894644975
74.28142747495845 80.6198324115696 49.17239524817617
74.28142722033544 80.61983224548425 49.17239487862824
74.2814264898951 80.61983176902781 49.17239381849609
74.28142620115516 80.61983158076109 49.1723933995051
74.28142544333289 80.61983108683339 49.17239230002287
74.28142514385468 80.61983089171747 49.17239186560258
74.2814244025537 80.61983040915275 49.1723907906871
74.28142416432678 80.61983025422717 49.1723904454023
74.28142345841789 80.61982979568737 49.172389422795916
74.28142332396233 80.61982970846408 49.17238922813442
74.22870465456629 80.63042934358398 49.19147609260848
74.22870461406194 80.6304295976629 49.19147662583977
74.22869445217356 80.63043139535885 49.191479180548306
74.22870443238372 80.6304296775595 49.19147677267907
74.22869388390666 80.63043464242591 49.19148598886967
74.22869155864672 80.63043575024359 49.191488048798924
74.19878841113186 80.65821445677025 49.245348819351435
74.19878151208289 80.65821598635334 49.24535112691393
74.19877287614761 80.65821790092 49.24535401515209
74.15161552892012 80.67164409424927 49.265183346893565
74.15161543871685 80.67164408038278 49.26518332968726
74.15161517423545 80.67164404002426 49.265183280563555
74.15161516027128 80.67164403791242 49.265183278054266
74.13034254408673 80.67932638383024 49.27792897596436
74.13034206643195 80.67932675860338 49.277929609316004
74.13034170036597 80.67932700215002 49.277929995847785
74.13034085796535 80.67932756312757 49.27793088652567
74.13034003714654 80.6793281098262 49.277931754595414
74.13033960862724 80.67932839510573 49.27793220748455
74.13033838977114 80.67932919935902 49.27793347940483
74.13033833656132 80.67932924325777 49.27793355482518
74.13033729356013 80.67932987877181 49.27793452393691
74.13033826394941 80.67932929152879 49.277933631409994
74.13033696490109 80.6793301550909 49.277935001488544
74.13033643761835 80.67933050550833 49.27793555737202
74.13033554297586 80.67933110018336 49.277936500814285
74.13033450329684 80.67933179190591 49.2779375986547
74.13033409960356 80.67933206079758 49.27793802562208
74.13033275916068 80.67933293114399 49.27793939242659
74.13033262034668 80.67933304576695 49.277939589409115
74.13033242575676 80.67933317519467 49.27793979479989
74.13033105372529 80.67933408716249 49.277941241601084
74.1303302796102 80.67933460167947 49.27794205784501
74.12413794139327 80.6948717175327 49.305422997944504
74.12413665071693 80.6948729081155 49.3054248442607
74.12413639273774 80.6948731469254 49.30542521473514
74.08601098553551 80.72020580004678 49.34300288196448
74.0764898929292 80.7343067033379 49.36573371542313
74.07648701010149 80.73430901263927 49.36573723081095
74.07647732827544 80.73431676999687 49.36574903994894
74.03309988393391 80.77098605114338 49.42155850743386
74.03309372301743 80.77099265030145 49.42156882613865
74.03307909906324 80.77100831597333 49.42159332173417
74.03307825990264 80.77100921501454 49.42159472752731
73.99475023618317 80.81440992079956 49.4883223296615
73.99474973815448 80.81441099236378 49.48832399024941
73.99474950503053 80.81441149396835 49.488324768055534
73.99474922943958 80.81441208694828 49.488325687574644
73.9947490714843 80.8144124268489 49.48832621593354
73.99474873594102 80.8144131488063 49.48832733468943
73.99474850705663 80.81441364129941 49.488328098774616
73.99474824322328 80.81441420899225 49.48832897951691
73.89514462564199 80.82539460651086 49.472625189204436
73.84407168505116 80.85070554542406 49.50011437080242
73.84408405594405 80.85070835260834 49.500124184452346
73.8440595601443 80.85071708900452 49.50013089750962
73.83878238692625 80.86206824011619 49.51838156020346
73.83875297729533 80.86207481874848 49.51838266004616
73.8387103634054 80.86208254753055 49.518380931561985
73.8387138028352 80.86208269258427 49.51838248733179
73.83871081591562 80.86208325954914 49.518382412660216
73.81637845605637 80.88453163441783 49.54934616262927
73.81636358677258 80.88452968451571 49.54933740622916
73.80310281448516 80.90454069410721 49.58211875119766
73.80308023221674 80.90453116421925 49.58209302406967
73.80309319206576 80.90453714390988 49.58210868452376
73.80309191283061 80.90453667324837 49.582107348531885
73.8030821845255 80.90453303271072 49.58209708111889
73.80307655243118 80.90453093388408 49.582091152393545
73.80307073753085 80.90452876312537 49.5820850245517
73.67473446287953 80.89378695224072 49.50328761200895
73.67472575200483 80.89378779865463 49.50328486560264
73.67465968397507 80.89379430834434 49.503264172351585
75.2924398465944 82.40841377058486 49.4639276183477
75.29243964130737 82.4084136234394 49.46392727603652
75.29243948267364 82.40841351164855 49.463927011479996
75.29244412625248 82.4084168159757 49.463934755021526
75.29244124077486 82.40841474932266 49.46392994352496
75.29244256711625 82.40841568074623 49.463932155555796
75.29244348346941 82.4084163211333 49.46393368388395
75.29244375844362 82.40841650727998 49.4639341426176
75.29244323614165 82.40841612931291 49.46393327176406
75.2924412361552 82.4084147072055 49.46392993660421
75.29244009888458 82.40841389266981 49.46392804022007
75.29244126022442 82.4084147182229 49.46392997686479
75.29243948924561 82.40841345603492 49.463927023654904
75.26751861917823 82.41135378142089 49.465869854449025
75.26754831942853 82.41135821022468 49.465884274169255
75.26757824262764 82.41136267033106 49.46589880242408
75.26760788451341 82.4113670871773 49.46591319429544
75.29243496440685 82.40841032312477 49.463919476369426
75.29243744236068 82.40841207263517 49.46392360883471
75.2924367495661 82.40841151588226 49.4639224548297
75.2924354884461 82.40841062976682 49.46392035158301
75.29243397089567 82.40840954774978 49.463917820988705
75.29243358121936 82.40840927967407 49.46391717098632
75.29243288237554 82.40840877928056 49.46391600567053
74.84894056357945 80.62495537744856 49.247827947292706
74.84894117499903 80.62495553746554 49.247828401716106
74.7629472028912 80.60852414384496 49.19251651323475
74.84893739661925 80.6249545447338 49.24782558941037
74.84893750472742 80.62495457236795 49.247825669059964
74.84893567508303 80.62495409053795 49.247824306051264
74.76294482155907 80.6085239136314 49.19251528929941
74.76294477485195 80.60852390909116 49.19251526524644
74.63683254282624 80.61925983272177 49.21054083516492
74.63685258284343 80.61925899567986 49.21054111354569
74.63671552824074 80.61926491927704 49.210539817989
74.63683213886743 80.6192598848539 49.21054093731854
74.63674781078714 80.61926355434642 49.21054021589291
74.28143022719648 80.61983423253238 49.172399268470514
74.63671460798446 80.61926499854077 49.21053992998414
74.28143324079561 80.61983622393063 49.17240366804694
74.28142927393448 80.61983361121848 49.17239788543162
74.28143296698426 80.6198360454529 49.17240327077421
74.2814323143891 80.61983562045015 49.17240232430211
74.28142827710579 80.61983296201768 49.172396439694744
74.28143206263957 80.61983545659106 49.17240195927784
74.28143138397819 80.61983501498331 49.172400975373336
74.28142700504685 80.61983213128336 49.172394592488004
74.28143113386957 80.6198348524134 49.172400612950206
74.28143049883803 80.61983443980185 49.17239969290726
74.28142534143495 80.6198310419336 49.17239217377487
74.28143019179234 80.61983424024979 49.172399248005604
74.28142955795073 80.61983382881104 49.1723983300877
74.28142926028605 80.61983363582831 49.172397899253085
74.22870448997902 80.6304347311542 49.191487485051184
74.22869952263669 80.63043702857051 49.1914917390711
74.22869321234708 80.6304399775932 49.191497207771405
74.1987941251625 80.65821323159855 49.24534702049496
74.19878791379314 80.65821460876164 49.245349098166656
74.19877539765965 80.65821738435095 49.24535328624866
74.19877250606376 80.65821802550686 49.245354253584374
74.15161563444667 80.6716441238305 49.265183426304475
74.15161570591255 80.67164413968749 49.26518346155135
74.15161518991493 80.67164404446305 49.26518329255574
74.15161567353012 80.67164413482519 49.26518345588781
74.15161544323081 80.67164410023929 49.265183415582946
74.15161532325601 80.67164408219 49.26518339444539
74.13034142978324 80.67932726216533 49.277930462633364
74.13034049671406 80.67932788407501 49.27793145042876
74.13034020791386 80.67932807651917 49.27793175606102
74.13033913521866 80.6793287706081 49.277932844397995
74.13033896455359 80.67932890636456 49.27793307488271
74.13033880251722 80.67932901431061 49.277933246299455
74.13033764417841 80.67932978590032 49.27793447152035
74.13033703811462 80.67933018956141 49.277935112468015
74.13033627496293 80.67933069776957 49.27793591936576
74.13033518519384 80.67933142315825 49.277937070868134
74.13033485149673 80.67933164535265 49.27793742363568
74.1303336213156 80.67933243821037 49.277938664663836
74.13033340488987 80.67933260950078 49.277938954987
74.13033321661702 80.679332734766 49.2779391537988
74.13033189453719 80.67933361515654 49.27794055160406
74.1241395047384 80.69487092166578 49.30542186868527
74.12413873843416 80.69487162894782 49.305422965580604
74.12413751743817 80.69487275712893 49.30542471543081
74.1241372190799 80.69487303403663 49.305425145124076
74.1241360739775 80.69487374252226 49.305426187337666
74.07649454598992 80.73430359502242 49.365729100867156
74.07649221099693 80.73430546752084 49.365731951708
74.07648230033666 80.73431341121186 49.36574404506882
74.07647576544879 80.734318649892 49.365752020505994
74.03309656785484 80.77098981987945 49.42156441955413
74.03308350056147 80.77100381992693 49.421586310869614
74.0330815793107 80.77100587832663 49.42158952950779
74.03307595243609 80.77101172905355 49.421598662332045
73.99474956087336 80.81441137375597 49.488324579452055
73.99474943898396 80.81441163602034 49.488324986099045
73.99474905174255 80.8144124692322 49.48832627803858
73.99474867158294 80.81441328720834 49.488327546427186
73.99474853483225 80.81441358144939 49.48832800266406
73.99474803282659 80.81441466161067 49.48832967811672
73.99474757855351 80.81441563908355 49.48833119495282
73.99474754091733 80.81441572006072 49.488331320392774
73.99474752384383 80.81441575679816 49.48833137739719
73.94410629888141 80.83893033583256 49.515901812205385
73.94408858452549 80.83894114667794 49.51591493155282
73.83879167792352 80.86206882839102 49.51838612468139
73.83881075474457 80.86207010002279 49.51839561416806
73.83879312141443 80.86207419066542 49.518396543002396
73.83878252919399 80.86207662295844 49.518397055028515
73.81643533256073 80.88454054869706 49.549382612100814
73.81642298477735 80.88453897562783 49.54937543433121
73.80315378271091 80.90456338767423 49.582178895858014
73.80313127014146 80.90455381945941 49.58215312927835
73.80314631624341 80.90456075342597 49.582171296118936
73.80314460610072 80.90456011398 49.58216949212853
73.80313625278441 80.9045570370993 49.58216076206439
73.80313098561741 80.90455510072684 49.582155263917045
73.80312565816124 80.90455312345244 49.58214966995937
73.80311623185382 80.90454963242857 49.582139785322255
73.80311449737596 80.90454899682469 49.58213797836807
73.67474443144923 80.8937879216437 49.50329370412125
73.80310418280523 80.90454526072082 49.58212730946698
73.80310179117498 80.90454441077082 49.5821248643434
73.67471558866512 80.89379450802008 49.50329036839273
73.6746670210384 80.89379941691948 49.50327534444009
73.67465056059858 80.89380108900598 49.503270265293786
73.5609359198602 80.90036544976772 49.46049214952603
75.26741571158752 82.41133840464786 49.46581989667615
75.26743315795395 82.41134100805984 49.465828366753406
75.29243475975767 82.40841014954053 49.46391913566414
75.29243346830225 82.40840922468739 49.46391698217653
75.29243220549691 82.408408333241 49.463914876202736
75.29243548077913 82.40841064397836 49.463920338401195
75.29243713675399 82.40841181000178 49.46392310012163
75.29243858696694 82.4084128291596 49.463925518726555
75.29243982141475 82.4084136943883 49.46392757753365
75.2924406062643 82.40841424078806 49.46392888657723
75.29244049135653 82.40841415100795 49.463928695120856
75.29243640180798 82.40841125630521 49.463921875159315
75.29243541239516 82.40841054712213 49.463920225337134
75.29243480644277 82.40841011361644 49.46391921490941
75.26744642101252 82.41134298715036 49.465834805877634
75.26747637176818 82.41134745557468 49.4658493468808
75.26750604972636 82.41135188184516 49.46586375565954
75.26753532066726 82.41135624615998 49.46587796701715
75.26756474338609 82.41136063129471 49.46589225233579
75.26759449438306 82.41136506358433 49.46590669730544
75.29243133313351 82.40840771712183 49.46391342137284
75.29243377947382 82.40840940130956 49.46391750198356
75.292432581631 82.408408541854 49.463915504627025
75.29243548231356 82.4084106064619 49.46392034173843
75.29243252114867 82.40840851255255 49.46391540349089
74.84894325982965 80.62495608882867 49.247829957300176
74.84894075996456 80.62495543203318 49.247828096632816
74.8489403121705 80.62495531803252 49.247827767207376
74.84894092958547 80.62495547967912 49.24782822615093
74.84893939277521 80.6249550725693 49.24782707874937
74.84893898817089 80.62495496866512 49.24782678014359
74.76294636628197 80.60852406762051 49.19251609201701
74.84894009550172 80.6249552580732 49.247827602721706
74.84893996863713 80.62495522473945 49.24782750829303
74.63686717921354 80.6192584241387 49.210541432839136
74.63683207703792 80.61925995197949 49.210541133726
74.63677044522473 80.61926263560309 49.21054061180719
74.63671496526264 80.61926504927038 49.210540135604774
74.47833608134857 80.62986843108496 49.21519713500797
74.2814377220357 80.61983919613834 49.17241022126876
74.28143731679492 80.61983893271125 49.17240963402756
74.28143690770733 80.61983866693271 49.172409041361576
74.28143647866764 80.61983838824634 49.17240841984497
74.28143608112671 80.61983813041442 49.172407844353714
74.28143565263146 80.61983785235445 49.17240722389947
74.28143522385737 80.61983757450665 49.172406603435974
74.28143488138286 80.6198373529961 49.17240610826964
74.254861983801 80.64904930658523 49.23100972002694
74.25485643116036 80.64905054040202 49.23101180932301
74.19880612324653 80.65821061131487 49.245343114712085
74.19880255576362 80.65821140250934 49.24534430862259
74.19878819668635 80.65821458669711 49.245349113126025
74.19878822975103 80.65821458102306 49.24534910653209
74.19877286056405 80.65821796427613 49.24535418181799
74.19878795491192 80.65821464195767 49.24534919845961
74.19877334655737 80.65821788292197 49.245354090408654
74.19876887595053 80.65821887497603 49.245355588086326
74.15161597854022 80.67164419974702 49.26518359409587
74.15161581984495 80.67164417614019 49.26518356732406
74.15161572002603 80.67164416119311 49.26518355004786
74.13034090906638 80.67932768681159 49.2779311894962
74.13034080051821 80.67932775929648 49.27793130471721
74.1303398523126 80.67932835601184 49.27793222867018
74.13033955345364 80.67932859069128 49.2779326253789
74.13033931047403 80.67932875273632 49.27793288282285
74.13033825655609 80.67932945507053 49.27793399827512
74.13033764378032 80.67932986269726 49.27793464517853
74.1303368815899 80.67933036975796 49.27793544991153
74.13033589654056 80.67933102576924 49.27793649150385
74.13033548324431 80.67933130104021 49.277936928589256
74.13033422768736 80.67933212491367 49.27793822840336
74.13033408631429 80.679332233693 49.27793841100649
74.13033400822961 80.67933228573011 49.27793849365301
74.13033263105362 80.67933320460203 49.27793995376682
74.12414027687313 80.69487080520786 49.30542178483948
74.12413944835268 80.69487157810639 49.30542298482638
74.12413829737176 80.69487266558772 49.30542467543958
74.12413805326936 80.69487289618543 49.30542503392395
74.12413695776084 80.69487355822514 49.30542600399738
74.12413660112988 80.69487426759852 49.305427165844264
74.07649640592442 80.73430272212443 49.365727888843686
74.07648796482215 80.73430949992296 49.36573820953659
74.07648035111524 80.73431560879742 49.36574751078311
74.07647563214562 80.73431939395044 49.36575327376714
74.03308670195061 80.77100060428737 49.42158130165142
74.03308537074895 80.77100203082283 49.42158353229553
74.03307755697614 80.77101026457478 49.42159639490052
73.99474941551503 80.81441168646867 49.48832506245026
73.99474930164743 80.81441193147246 49.48832544232013
73.99474890600628 80.8144127827554 49.488326762188976
73.99474861134868 80.81441341675804 49.48832774523206
73.99474838807446 80.81441389716699 49.4883284900813
73.99474814432814 80.81441442165352 49.48832930437439
73.9947478762385 80.81441499847114 49.488330197987736
73.99474775786315 80.81441525317868 49.4883305930785
73.994747369368 80.81441608910058 49.48833188969799
73.94411696899286 80.83892434534616 49.51589482953611
73.9441015579636 80.8389336299296 49.51590603033595
73.94409997249201 80.8389347288167 49.51590743615181
73.9440914849262 80.8389399197519 49.515913741637924
73.94408271547351 80.8389452806289 49.51592025220392
73.91646609207541 80.87277257688397 49.565180833687265
73.83879302826043 80.8620768984897 49.51840149602111
73.91645304449267 80.87277972026337 49.565188984433874
73.81647878665078 80.88454769123936 49.54941113372881
73.80320242842585 80.90458505418778 49.582236312214846
73.80317705652573 80.90457409511666 49.582206964915486
73.80319754455037 80.90458351801531 49.582231669117604
73.80319513172147 80.90458263356493 49.58222915500551
73.80318772378381 80.90457989952453 49.58222140351355
73.80318200491723 80.90457776485155 49.58221537728677
73.80317656781534 80.90457573658054 49.58220965012286
73.80316829703035 80.90457269155183 49.58220100886044
73.80316582685472 80.90457178005667 49.58219842442526
73.80313811683922 80.90455994462155 49.5821666069986
73.80315621377997 80.90456833391806 49.58218854405932
73.80315495530866 80.90456788066913 49.58218724690033
73.80314605820286 80.90456468474575 49.58217809109618
73.80314126028347 80.90456298988028 49.582173203836525
73.80313640219302 80.90456127832958 49.58216826330428
73.80312772971415 80.90455827790274 49.582159540101166
73.80312721899854 80.90455810405288 49.58215903138674
73.67463601952878 80.89380835228567 49.50327458345872
73.56091746313928 80.90037118698721 49.460492317481624
73.56090613193787 80.9003747092055 49.46049242044179
73.56087213669545 80.9003852763742 49.460492729350406
73.56085365256772 80.90039102202661 49.46049289730819
75.29243603284104 82.40841098210613 49.46392126011204
75.29243571708173 82.40841075637032 49.46392073357904
75.29243562047616 82.40841068917517 49.463920572450235
75.29243704924106 82.40841169994448 49.46392295515022
75.292435818023 82.40841082108456 49.46392090205016
75.29243571177098 82.40841074236585 49.463920724929096
75.26734306414501 82.41132754208688 49.46578463017124
75.26737526114707 82.41133234592944 49.46580026167614
75.26740620008232 82.41133696256837 49.46581528231986
75.26744087112992 82.41134214466231 49.465832113596726
75.26743689007876 82.4113415407431 49.465830182302945
75.26745184146546 82.41134377107191 49.46583744120247
75.2675570811729 82.41135946381362 49.465888536000335
75.26755553986598 82.41135922959911 49.465887788339145
75.2675371975644 82.41135649649058 49.46587888269319
75.26758896949114 82.41136422290889 49.46590401744449
75.26758418702494 82.41136349766484 49.46590169732974
75.29243092725565 82.40840742523775 49.46391274460065
75.29242768150738 82.40840509754021 49.4639073324181
75.29242961973179 82.40840646621932 49.46391056477593
75.29243141854852 82.40840773488193 49.46391356467665
75.29243304862607 82.40840888283864 49.46391628320397
75.29243481218015 82.40841012320571 49.46391922436595
75.29243360101898 82.40840924995175 49.46391720488711
75.29243220126149 82.40840825361938 49.463914870684434
75.29243290549678 82.40840875927874 49.4639160449621
75.29243092479473 82.408407348325 49.4639127420123
75.26746640389815 82.41134594337353 49.4658445112657
75.26749611637133 82.41135037373927 49.46585893695931
75.26752592039632 82.41135481610942 49.46587340734891
75.29243012744473 82.4084067931919 49.463911412119934
75.2924288403437 82.40840587622654 49.463909265797064
74.84894756481917 80.62495723017956 49.24783317244999
74.84894821944437 80.62495740164685 49.24783365913644
74.84895023332612 80.62495792919282 49.247835156421914
74.84894772762745 80.62495727019726 49.24783329070465
74.84894754643653 80.6249572225889 49.2478331558391
74.63688644713038 80.61925764942548 49.21054179242718
74.63683199636817 80.61926001927584 49.210541327988594
74.63678771849237 80.61926194794403 49.21054095511971
74.63671584152195 80.61926507461767 49.21054033711005
74.47835105601759 80.62986780136899 49.21519751623234
74.28144209456897 80.61984209567562 49.17241661494917
74.28144178509353 80.61984189493651 49.17241616692032
74.28144140396819 80.61984164820572 49.17241561564883
74.28144115949326 80.61984149020407 49.17241526229883
74.28144077327067 80.61984124084356 49.17241470432698
74.28144058506061 80.61984111960405 49.172414432699114
74.2548719304496 80.64904711570966 49.231005990405464
74.25486872240664 80.64904782854316 49.23100719749456
74.25485613472858 80.64905062568226 49.2310119339444
74.2548554654527 80.64905077440977 49.23101218578141
74.19880300776963 80.65821132337545 49.245344214255425
74.19880346544971 80.65821124269364 49.24534411720893
74.19879982163037 80.65821205159847 49.24534533877029
74.19878987498058 80.65821425989725 49.24534867385904
74.19878117726171 80.65821619088975 49.245351590114744
74.19877588056598 80.65821736678014 49.24535336594457
74.15161629791626 80.67164426763229 49.265183738394676
74.15161628473011 80.67164426567282 49.26518373617925
74.15161590271596 80.67164420019797 49.26518363335771
74.15161604633191 80.671644230928 49.26518369914898
74.13034073226109 80.6793278164469 49.27793140336148
74.13034119450646 80.67932757846265 49.27793107270931
74.13034031190948 80.67932816740432 49.27793200859506
74.1303396690512 80.67932859549326 49.277932688277076
74.13033900347753 80.67932903812383 49.27793339065163
74.13033808978517 80.6793296465241 49.27793435658835
74.13033766673163 80.67932992852266 49.277934804510735
74.1303364099817 80.67933076591902 49.27793613439826
74.13033629414757 80.67933084315074 49.27793625708492
74.1303351237319 80.67933159152412 49.27793742431777
74.13033490098957 80.67933177264251 49.277937734044585
74.13033462233022 80.6793319585171 49.27793802937023
74.12414160748426 80.69487017352373 49.305420901988164
74.12414086859022 80.69487086793652 49.30542198094246
74.12414026339127 80.69487143799869 49.30542286689169
74.12413897217269 80.6948726603007 49.305424767466775
74.12413889690812 80.69487273140757 49.3054248780096
74.12413792089431 80.69487319659048 49.30542552873608
74.12413754871754 80.69487402910866 49.30542689922096
74.12413688471108 80.69487466113415 49.30542788251394
74.07649388094018 80.7343053741434 49.36573204504607
74.07648362135905 80.7343136311902 49.36574462182617
74.0764825342315 80.73431450536441 49.36574595318765
74.03309476248424 80.77099209523676 49.421568007606844
74.03309087370491 80.77099635180484 49.421574671409836
74.0330840363089 80.77100349156622 49.42158581914764
74.03308708155758 80.77100041562329 49.4215810259276
74.03307598182262 80.77101231129484 49.42159962703528
73.99474907162623 80.81441242636603 49.48832620838088
73.99474881511163 80.81441297829542 49.48832706406803
73.99474843194196 80.81441380274342 49.48832834230846
73.99474829744506 80.8144140921341 49.48832879098892
73.99474794950584 80.81441484079238 49.488329952258
73.9947477780128 80.81441520977641 49.48833052397612
73.99474767827161 80.81441542438722 49.48833085680728
73.9947472615051 80.8144163211334 49.48833224750082
73.99474690002508 80.81441709894345 49.48833345460933
73.99474675550131 80.81441740990161 49.48833393646385
73.99474659545989 80.81441775426543 49.488334470768095
73.9441115726604 80.83892816757056 49.51589975910674
73.94409476570694 80.83893844907679 49.51591224953471
73.94408143863703 80.83894619079842 49.51592142880524
73.91647601725687 80.87276861508467 49.56517708384757
73.91646484349407 80.87277460677453 49.56518385463618
73.91646466808294 80.87277493355148 49.56518434829029
73.91646264195782 80.8727760379383 49.565185605859014
73.88084871336986 80.91529169319419 49.62902540179013
73.88084441221068 80.91529244632245 49.629025480225465
73.88084557460672 80.91529455269229 49.62902970819919
73.88084473364344 80.91529518168102 49.62903060971144
73.86643405717035 80.938446648283 49.66635966724362
73.86643442468716 80.93844716805935 49.66636071320333
73.86643467976276 80.93844753118668 49.666361443047045
73.86643513420861 80.93844818548853 49.66636275539129
73.80321564517561 80.9045938802606 49.582257069379835
73.80319838632357 80.90458688520546 49.582237912889354
73.80320572982941 80.90459029477846 49.58224682397351
73.8032052583367 80.90459012763853 49.58224634267473
73.80319548909162 80.90458659794287 49.58223625341769
73.80319222339216 80.90458543977394 49.58223291890741
73.80318602087016 80.90458325995012 49.58222662057299
73.80317974609588 80.90458110846518 49.58222034314716
73.80317737869142 80.90458030422256 49.58221798788311
73.80313540401119 80.90456189116546 49.58216894050132
73.80317048817277 80.90457812822717 49.58221142188708
73.80316871999023 80.90457758453232 49.5822097627546
73.80316474998007 80.9045764745835 49.582206231965905
73.67462142597404 80.89381502558942 49.50327797952373
73.78722491626212 80.91821381426703 49.59570711967457
73.78722492616771 80.91821430127247 49.59570791454064
73.58308704011168 80.93458653440659 49.521022355033864
73.5183255513203 80.95468800296747 49.52151642025106
73.51832834946046 80.95469237450656 49.52152413187018
73.51832896765157 80.95469334066365 49.521525836081594
73.51833373074763 80.95470078473818 49.52153896676231
73.53074271021833 81.02796987735483 49.63953874265417
75.29243095828402 82.40840736957134 49.4639127979105
75.29243016013613 82.40840679972496 49.46391146697279
75.292429794868 82.40840654375316 49.46391085777914
75.29243059220744 82.40840710008875 49.463912187629504
75.29243074323465 82.40840720080539 49.4639124396157
75.29243066258297 82.40840714052595 49.46391230518078
75.18253387750381 82.4279660473749 49.457325720872376
75.1828629764153 82.427935992133 49.45739708929636
75.26733584720736 82.41132644374326 49.46578112961036
75.26736731104009 82.41133113738043 49.46579640528689
75.26739808128237 82.41133572740742 49.465811344247044
75.26742847677352 82.41134026062448 49.465826101401476
75.26746512434295 82.41134574787212 49.46584389073487
75.2674583074268 82.41134470891336 49.46584058442748
75.26749454118543 82.4113501328766 49.46585817308873
75.26748780144167 82.4113491059394 49.4658549041722
75.26752514617472 82.41135469789401 49.465873031872256
75.26751641777233 82.41135337165784 49.465868797858334
75.26754395727366 82.41135747644978 49.465882168787736
75.26757108430115 82.41136151868041 49.46589533961564
75.29242354995526 82.40840214044339 49.463900443067615
75.29242545392341 82.40840348504395 49.46390361829436
75.29242746154169 82.40840490102883 49.46390696641386
75.29242931821045 82.40840620885888 49.46391006282779
75.29242870860763 82.40840575948064 49.463909046580355
75.2924283659003 82.40840550937992 49.463908475214
75.29242626346641 82.40840402246437 49.46390496905161
75.2924255191179 82.4084034976032 49.46390372769354
74.84895582620194 80.62495940315796 49.24783932405008
74.84895652635046 80.62495958660367 49.247839844638925
74.84896400534616 80.62496155456053 49.24784541447224
74.84896475022134 80.62496174977558 49.24784596837074
74.84895867887305 80.6249601506301 49.24784144517413
74.84896288314263 80.62496125852198 49.24784457793601
74.848963420633 80.62496139913043 49.247844977349374
74.84896359827655 80.62496144526615 49.247845109001126
74.84895688453011 80.62495968172041 49.24784011230733
74.84895687818596 80.62495967995821 49.247840107484166
74.63683072293779 80.6192601431584 49.210541526362704
74.63683262240315 80.61926006333495 49.21054155126447
74.63671494923723 80.619265181225 49.21054053663633
74.63683068020097 80.6192601478547 49.21054153466681
74.63671693518121 80.6192650975564 49.210540562027084
74.29519786365515 80.63600830674109 49.20462665112356
74.29519782946258 80.63600830377734 49.204626634313044
74.63671492013611 80.61926518518841 49.210540544630604
74.29519740203901 80.6360082669145 49.20462642433678
74.29519738233115 80.63600826523052 49.20462641466892
74.25488261907324 80.64904475419945 49.23100197771509
74.2548827716042 80.64904472554618 49.23100192385344
74.25486930551547 80.64904770684498 49.23100698339227
74.25488091743229 80.64904513754185 49.23100262151863
74.2548700201815 80.64904755901772 49.231006721880405
74.25485558113134 80.6490507503122 49.23101214333771
74.25486557999999 80.6490485457296 49.23100839264968
74.25485698503012 80.64905045584304 49.231011626873915
74.25484951382627 80.64905211631576 49.231014438301145
74.19880514201391 80.65821091326686 49.245343670406335
74.19879331374477 80.65821353898345 49.245347635511855
74.19879115111641 80.65821401912723 49.24534836066124
74.19877680253246 80.65821719061823 49.24535313370351
74.19877733915222 80.65821708639264 49.24535299396811
74.15161631164985 80.67164427152258 49.26518374890924
74.19877453058018 80.65821770979645 49.24535393530003
74.15877204823047 80.67319882025078 49.2689618257865
74.15161644398604 80.6716443090906 49.26518385058728
74.15161632689927 80.67164429202661 49.26518383240287
74.13033999507796 80.67932845710808 49.277932521767525
74.13033980245052 80.67932858624181 49.277932727376154
74.13033868317424 80.67932931788548 49.27793387975663
74.13033858577394 80.67932940168009 49.277934025595776
74.13033750516243 80.67933007484385 49.27793506300358
74.13033838660888 80.67932953522742 49.277934238252556
74.13033730456522 80.6793302591947 49.27793539001449
74.13033625139988 80.67933088202997 49.27793632585188
74.13033672441532 80.67933064677787 49.277936006231656
74.13033594498734 80.67933116720158 49.27793683345482
74.13033501546572 80.67933178676756 49.2779378175417
74.12414251857481 80.69486995481334 49.30542066378305
74.12414129907101 80.69487109972081 49.30542244251172
74.12414118288257 80.69487120907708 49.30542261245154
74.12413999844321 80.69487209343728 49.3054239500737
74.12413984402508 80.69487248005217 49.305424589275106
74.12413886466378 80.69487281156913 49.30542501050898
74.12413947707341 80.69487282807718 49.30542513052846
74.12413847072463 80.69487378787234 49.30542662406061
74.12413752157383 80.69487469918818 49.30542804310814
74.1241370724571 80.69487512840013 49.30542871113944
74.07648957627578 80.7343093334259 49.365738168862364
74.07648857830817 80.73431025513875 49.36573959510327
74.0764817445859 80.73431523259256 49.36574707814517
74.07648711755368 80.73431143117222 49.36574138646225
74.07647711213016 80.73431948836495 49.365753659717605
74.033088183913 80.77099944116209 49.421579520470864
74.03308127334917 80.77100684906702 49.42159110427512
73.99474882781556 80.81441295092932 49.488327020426546
73.99474874877195 80.81441312100495 49.488327284162054
73.99474835079477 80.8144139773231 49.4883286121785
73.9947482468032 80.81441420107198 49.488328958898435
73.99474808231525 80.81441455500999 49.488329508305476
73.99474818194344 80.81441434062816 49.48832917528843
73.99474772783965 80.81441531770368 49.48833069024057
73.99474748289504 80.81441584474052 49.48833150741167
73.99474719898112 80.81441645562673 49.488332454620256
73.99474677519727 80.81441736748147 49.48833386911389
73.99474668327238 80.81441756526802 49.48833417561674
73.99474659363412 80.81441775814183 49.488334474783215
73.9947461609208 80.81441868920618 49.488335918922225
73.94410920559676 80.83892986323654 49.51590195507559
73.94410659028654 80.83893173291565 49.515904374607985
73.94409252414965 80.83894030815699 49.51591477593704
73.91648422862943 80.87276542907242 49.565174134127155
73.91647305846845 80.87277164688489 49.565181282335345
73.88085332711148 80.91529377346575 49.62903063050264
73.88085156375035 80.91529569481428 49.62903362908237
73.88085076913879 80.91529655753351 49.62903497463695
73.8664382268393 80.93845196343638 49.66637058036889
73.86643878862732 80.93845272395319 49.66637212347798
73.86643918054452 80.93845325699583 49.66637320406559
73.86643984192413 80.9384541824705 49.6663750701229
73.86644004644357 80.93845444604527 49.66637561010824
73.86643768470908 80.9384514880611 49.66636951497132
73.86644006043633 80.93845446542063 49.66637564925255
73.86644082707016 80.93845553348585 49.66637780458963
73.86644102621268 80.93845581515517 49.666378371391474
73.86644156887394 80.93845657765594 49.66637990765185
73.8664419718269 80.93845714351397 49.66638104784974
73.86644237255645 80.93845770379441 49.66638217773212
73.8664432508152 80.9384589108521 49.666384619816114
73.86644338148871 80.93845909071435 49.666384983605255
73.80319980052873 80.90459058875055 49.582244975119714
73.8664444662688 80.93846057725929 49.66638799281139
73.86644484712686 80.9384610970746 49.66638904588012
73.8664456616517 80.93846220693486 49.66639129500687
73.86590470157455 80.96931774763608 49.716243532970914
73.86590439090804 80.96931799755762 49.71624376986913
73.8659013616108 80.96932043646595 49.71624608305052
73.82928049984312 80.98089422695084 49.71296877329749
73.72349088781195 81.00131523511378 49.689833687191
73.72345126234677 81.00132035909627 49.68982147922523
73.64334031517896 81.05235257295124 49.731940664412825
73.64331986424962 81.0523618693913 49.73194478101922
73.51753340238523 81.10298757951864 49.746309046838775
73.51752326662724 81.10300250948504 49.74632752219007
73.51751889124485 81.10300895010695 49.74633549065327
73.49845927149359 81.14542373721213 49.802845305281025
73.49845783128765 81.14542382835128 49.8028446676907
75.29242756456867 82.40840494850288 49.46390713874058
75.29242800522462 82.40840525520309 49.463907873708294
75.29242818008846 82.40840537305021 49.463908165440614
75.18191435983748 82.42802260566233 49.45719137582793
75.18223091369292 82.4279936968951 49.45726002358518
75.18254950166342 82.42796460148048 49.4573291126226
75.1828668814813 82.42793561620657 49.457397939695724
75.26732869014441 82.41132535531197 49.4657776579717
75.26735929342081 82.41132991999953 49.465792515934766
75.26738945288761 82.41133441809076 49.465807158486996
75.2674191175555 82.41133884181069 49.465821560898405
75.26744799442108 82.41134314779976 49.465835580863605
75.26747620307756 82.41134735358688 49.465849276491696
75.26750344529206 82.41135141500519 49.46586250294251
75.26752951763099 82.41135530179938 49.465875161435314
75.26755487370734 82.41135908110329 49.46588747227905
75.29241846671744 82.40839851380596 49.46389196654995
75.29242014646083 82.40839970043635 49.46389476783185
75.2924217359128 82.40840082180488 49.463897418565956
75.29242334290186 82.40840195390311 49.46390009857983
75.29242445900432 82.40840273843415 49.46390195996566
75.29242372841694 82.40840222001958 49.46390074162284
75.29242394114124 82.4084023649161 49.463901096488314
75.29242390583289 82.40840233359098 49.46390103773382
75.29242463620398 82.40840286032241 49.46390225554512
75.29242248393115 82.4084013277357 49.4638986664781
75.29242563105204 82.40840356582245 49.463903914583256
75.29242472555998 82.40840292530783 49.463902404525214
74.8489671022745 80.62496236996853 49.247847721388595
74.84897335669761 80.62496401678123 49.24785238039039
74.84897416329092 80.62496422826051 49.247852980278
74.84896846716687 80.62496272885997 49.247848737595326
74.8489682138192 80.62496266120414 49.24784854786729
74.84897216950766 80.62496370390316 49.24785149573308
74.84895764161892 80.62495988099155 49.24784067619515
74.84897197453833 80.62496365266513 49.24785135060192
74.84896876517321 80.6249628092516 49.2478489616265
74.84896572750391 80.62496201131798 49.247846700837826
74.84896413503655 80.62496159283708 49.247845515459524
74.6368288796762 80.61926030074193 49.210541747078835
74.6367911820842 80.61926194257109 49.210541428971666
74.29519791096901 80.63600831396504 49.204626677135245
74.63671295503003 80.61926534575696 49.21054075722289
74.47835166433741 80.62986781726332 49.215197563467086
74.29519743104346 80.6360082713577 49.20462644029551
74.29519827614253 80.63600837004759 49.20462687818447
74.29519809746597 80.6360083548371 49.204626790583305
74.2951978238592 80.6360083317246 49.20462665659784
74.25488455980663 80.64904434666862 49.23100126345143
74.2548746349502 80.64904655222942 49.23100499803381
74.25487147585159 80.64904725429871 49.23100618678165
74.25485923954488 80.64904997383192 49.231010791337575
74.25485815176506 80.64905021560462 49.23101120068046
74.21561142150976 80.66167656430987 49.25286076932673
74.21561154951421 80.66167658946013 49.25286080450847
74.19879165351793 80.65821391842346 49.245348221415306
74.21560946279635 80.66167717414581 49.252861737873474
74.19879328758634 80.65821358814485 49.24534776113584
74.19878670061578 80.65821505030777 49.245349969087926
74.19877852691707 80.65821686469607 49.24535270892875
74.15877318154648 80.67319904169538 49.26896227951842
74.158772972181 80.6731990040326 49.26896220976536
74.15877215324197 80.67319885450539 49.26896192735505
74.15877230395046 80.6731988844335 49.2689619897742
74.13033968438882 80.67932868481087 49.277932897359385
74.13034034418074 80.67932829602611 49.27793231426776
74.1303393192023 80.67932898670716 49.27793341636716
74.13033874036358 80.67932937660191 49.27793403840694
74.13033815059362 80.67932977377748 49.277934672007625
74.13033706683956 80.67933050214074 49.2779358329505
74.1303369070803 80.67933060934905 49.27793600372216
74.12414358292477 80.69486943781752 49.30541993752547
74.12414349261329 80.69486967657498 49.30542033302656
74.12414232742243 80.69487044802096 49.30542148009206
74.12414325954884 80.69486989503844 49.3054206723765
74.12414214397695 80.69487093439548 49.3054222858493
74.12414112566549 80.69487134489552 49.305422836559146
74.12414167435949 80.69487137165497 49.305422964596346
74.12414075609199 80.69487223226301 49.30542430139963
74.12413998922702 80.69487295395227 49.30542542289283
74.12413935933992 80.69487355054946 49.30542635060252
74.12413817313967 80.69487467938195 49.30542810678102
74.12413795175773 80.69487489012786 49.30542843465959
74.07649646889227 80.73430420150379 49.365730430373375
74.07649387798061 80.7343065562394 49.365734067775676
74.07649086737436 80.73430898359959 49.365737765852614
74.07648284955799 80.73431544702727 49.36574761266229
74.03308999040554 80.77099769996312 49.42157681500568
74.03308573391334 80.77100226435122 49.42158395251659
73.99474871625074 80.81441319093511 49.48832739088819
73.99474865920418 80.81441331367552 49.488327581036174
73.99474857663574 80.81441349137147 49.488327857970745
73.99474863366429 80.81441336862915 49.4883276662616
73.99474817496474 80.81441435560097 49.488329196858075
73.99474799320595 80.81441474668478 49.4883298032791
73.99474766687379 80.81441544884058 49.48833089200609
73.99474732228876 80.81441619027015 49.48833204162085
73.99474714439667 80.81441657303311 49.48833263510288
73.99474673222107 80.81441745990602 49.488334010673505
73.99474661981733 80.81441770175321 49.488334385386
73.9947465426616 80.81441786776695 49.48833464283011
73.99474608921835 80.81441884342868 49.48833615587706
73.99474564561633 80.8144197979332 49.4883376367961
73.99474556835736 80.81441996416295 49.4883378943412
73.99474549850187 80.81442011447041 49.48833812748479
73.9164935394879 80.87276167140465 49.5651705479972
73.91648381521358 80.8727659717083 49.56517491886913
73.9164822661993 80.87276792730707 49.56517773004943
73.88085802033166 80.91529515583099 49.62903459953642
73.8808575631548 80.91529573192415 49.62903552036467
73.8808554842219 80.91529844767575 49.62903988439246
73.8664397419783 80.93845386928528 49.666374504051404
73.866441888903 80.93845663994996 49.666380178747
73.86644212002236 80.93845694872121 49.666380806853496
73.86644303701877 80.93845817415588 49.66638329951264
73.86644398722028 80.93845945530295 49.666385901015914
73.86644409426678 80.93845959985205 49.666386194452116
73.86644509090064 80.9384609548037 49.66638894143659
73.86644540437266 80.93846138467184 49.666389811502256
73.86644600818796 80.9384622154077 49.666391491889854
73.86644657236738 80.93846299618286 49.66639306946412
73.86644691227136 80.93846346459404 49.666394016657634
73.86644778606228 80.93846467311502 49.66639645878051
73.86644797567199 80.93846491727747 49.66639695907674
73.8664446533168 80.93846072738744 49.66638833763797
73.86644799811333 80.93846494776226 49.666397020890244
73.86644911027705 80.93846646372657 49.666400092773586
73.86644969142361 80.93846725330621 49.66640169373774
73.8659098048753 80.96931368925901 49.716239719282534
73.86590691224602 80.96931601357952 49.716241920571804
73.86590686700359 80.96931605380126 49.71624196139663
73.86590431447965 80.96931806555179 49.71624383891296
73.86590668394817 80.9693162011015 49.71624210104784
73.86590381341135 80.9693185113025 49.71624429153069
73.86590173267902 80.96932018583948 49.71624587926854
73.86590063167057 80.96932107177366 49.716246719183175
73.82928087270007 80.9808946158533 49.71296969150251
73.86589750746998 80.96932358791425 49.71624910619705
73.82928145092828 80.98089516775384 49.71297102580707
73.72349261756091 81.00131555297143 49.68983540980882
73.64333176276338 81.05236508229483 49.731956210057895
73.6433460249844 81.05236870580899 49.73196954452019
73.64332214505964 81.05237954988411 49.73197433356783
73.53895270536782 81.10601973527874 49.761419744314665
73.53894925530273 81.10603181358493 49.761437031731234
73.51990065159748 81.14843333112509 49.8179314517803
73.51990057667705 81.14843336752648 49.81793145629949
73.50410459308611 81.1467603073846 49.80791059659747
73.50410175711154 81.14676041070764 49.807909242558054
73.50410124427216 81.14676042882778 49.807908996980686
73.4984564219456 81.14542408870082 49.80284423767531
73.49845455674996 81.14542421305411 49.802843419098586
75.18105143793987 82.42810138752378 49.457004247132744
75.18134900980786 82.42807421501706 49.45706877795533
75.18164887864086 82.4280468315913 49.45713380710875
75.18195106890593 82.42801923551232 49.45719933980702
75.18225590472055 82.42799139674169 49.45726544641878
75.18256264941374 82.42796338279527 49.45733196714562
75.18286886677731 82.4279354166755 49.45739837357675
75.2673211420755 82.4113242103954 49.465773996223675
75.26735069279412 82.4113286178504 49.465788343202846
75.26737983345457 82.41133296377795 49.46580249115243
75.26740830810984 82.41133721017002 49.46581631578433
75.26743613532118 82.41134135963036 49.46582982613475
75.26746309604789 82.41134537969144 49.46584291582839
75.26748919584571 82.41134927105176 49.465855587582055
75.26751397391725 82.41135296543732 49.46586761760908
75.26753743011781 82.41135646282072 49.465879005840044
75.29241259382674 82.40839433248436 49.463882173076854
75.29241382570476 82.40839520356985 49.46388422744367
75.29241507772664 82.40839608732378 49.46388631543558
75.2924163225741 82.408396967404 49.46388839143465
75.2924155236208 82.40839640169311 49.463887059058926
75.29241751984824 82.40839781349493 49.463890388104204
75.29241957669643 82.40839927340681 49.46389381813917
75.2924198238975 82.40839944294567 49.46389423049524
75.29241983279256 82.40839944316777 49.4638942454516
75.29241978404329 82.4083994065013 49.46389416419811
75.29241426238701 82.40839551232098 49.46388495568652
75.29241552348182 82.4083964039879 49.46388705877891
75.292414082831 82.4083953850077 49.46388465625323
75.29241556959768 82.4083964359644 49.46388713569773
75.2924170426763 82.40839748041378 49.46388959225115
75.292418654882 82.408398618871 49.4638922809108
75.29241963934743 82.40839930682074 49.46389392283994
74.84898033674816 80.62496585741359 49.24785758284834
74.84898117659608 80.62496607767397 49.2478582075343
74.84898375315515 80.62496675344933 49.24786012404437
74.8489811633919 80.6249660723164 49.24785819570329
74.84898177476474 80.62496623330068 49.24785865113097
74.84897064979424 80.6249633075106 49.24785036766005
74.84898163913157 80.62496619766998 49.24785855018301
74.84897713326187 80.6249650139922 49.24785519660193
74.63682769130321 80.6192603853269 49.21054183738544
74.8489751460741 80.62496449206022 49.24785371770063
74.84897193967802 80.62496364981824 49.24785133135036
74.63671131727331 80.61926545304406 49.21054085330475
74.84896812270973 80.62496264742626 49.24784849083014
74.63676993915837 80.61926294888264 49.210541497666256
74.29519848729926 80.63600840122878 49.20462699333963
74.63670922693274 80.61926559159548 49.21054098087781
74.47833545792744 80.62986854383419 49.215197185375374
74.25488662957449 80.64904389397739 49.231000489523446
74.47827034549991 80.62987137622908 49.21519559991641
74.254889898464 80.649043178632 49.23099926695874
74.25487266234674 80.64904699598969 49.231005743933466
74.2548825574348 80.64904481009204 49.23100202934615
74.25487592108686 80.64904628502397 49.23100452661946
74.2548585228237 80.64905013509139 49.23101106236765
74.25486781699355 80.64904808626363 49.23100757627654
74.25486191213373 80.64904939876517 49.23100979838567
74.25485231543207 80.6490515319963 49.23101340988896
74.21561302843203 80.66167638096495 49.25286045491638
74.21560290095965 80.66167921650595 49.25286498161422
74.21560117719372 80.66167969924197 49.252865752252134
74.21558951135054 80.6616829355435 49.252870921170484
74.21558974514275 80.66168290682143 49.25287087232546
74.15877342338547 80.67319909319761 49.26896239474989
74.21558831051141 80.66168330912164 49.25287151451235
74.15877404017334 80.67319921499671 49.268962647239974
74.1587737532792 80.67319916341042 49.26896255175741
74.15877332575855 80.67319908670115 49.268962410178766
74.13033912916148 80.67932918628757 49.27793378260289
74.13033881623754 80.67932939713856 49.277934119043195
74.13033770730803 80.67933013286397 49.27793528531994
74.13033762615909 80.6793301986924 49.27793539780531
74.13033678186025 80.67933071063956 49.27793617664376
74.13033751824484 80.67933027118276 49.27793551332407
74.1241441637486 80.69486957892764 49.305420266276656
74.1241436962757 80.69487002489774 49.305420960267575
74.12414291442504 80.69487076666098 49.30542211390588
74.12414212918152 80.69487150769075 49.305423265779396
74.12414158739286 80.6948720192592 49.305424061018314
74.12414050405394 80.69487304146847 49.30542564994277
74.1241402120102 80.69487331780238 49.30542607959895
74.12413888800687 80.69487452336139 49.30542794657947
74.12413883641685 80.69487463112185 49.30542812346219
74.12413781133118 80.69487519410066 49.30542893437777
74.1241387623245 80.69487470226865 49.305428234249064
74.07649889563054 80.73430305453672 49.36572883520047
74.07649449522467 80.73430660244595 49.365734240430186
74.0764880865365 80.73431177036989 49.36574211389812
74.07647934137137 80.73431882774591 49.365752866998406
74.07647704820019 80.73432067806166 49.36575568621318
74.03307985610863 80.77100868242597 49.42159399887884
73.99474856039676 80.81441352621653 49.48832790833016
73.99474846768595 80.81441372570177 49.48832821776266
73.9947480957145 80.81441452606738 49.48832945913571
73.99474782735459 80.81441510349072 49.48833035461533
73.9947476062034 80.81441557933545 49.48833109253638
73.99474716267287 80.81441653366494 49.48833257237271
73.9947470985111 80.81441667171956 49.488332786445014
73.99474682682678 80.814417256313 49.48833369370091
73.99474657915397 80.81441778920257 49.48833451927749
73.99474643135767 80.81441810720999 49.48833501236737
73.9947460423974 80.81441894412052 49.48833631005053
73.99474560411102 80.81441988716739 49.48833777242946
73.9947455019963 80.81442010688431 49.48833811314388
73.98320966234844 80.83561862086029 49.52209900940015
73.95559970121109 80.86944803870327 49.571365134490456
73.92691290843433 80.87227738053613 49.5678526573254
73.88086110879624 80.91529760198523 49.629040037826016
73.88085844311196 80.91529839010282 49.629040677591576
73.86644363401555 80.93845882411863 49.666384680022674
73.86644380492174 80.9384590498363 49.6663851402121
73.86644492621588 80.93846053182173 49.66638816122756
73.8664462511771 80.93846228480888 49.66639173395053
73.866446610017 80.938462762856 49.66639270693638
73.86644747659975 80.93846391834205 49.66639505833159
73.8664469819733 80.9384633328653 49.666393837569444
73.8664487020274 80.93846555651943 49.666398390326876
73.86644876047541 80.93846563570737 49.66639855097621
73.8664497331444 80.93846695719222 49.666401230455364
73.8664502208751 80.93846762008383 49.66640257445458
73.86645079635393 80.93846840231603 49.66640416038372
73.86645168104886 80.93846960971885 49.66640660643213
73.8664518572513 80.9384698495445 49.66640709254055
73.86591446104907 80.96930998325388 49.71623623443432
73.86591334840277 80.96931087876035 49.716237083570576
73.86591167290405 80.96931222721055 49.71623836215117
73.86590900245642 80.9693143769304 49.71624040085726
73.86590882769947 80.96931451760389 49.71624053426166
73.86590587058578 80.96931689797813 49.716242791631345
73.86590438467128 80.96931809371775 49.71624392532081
73.86590274916293 80.9693194098063 49.71624517309159
73.86589962435757 80.96932192258294 49.71624755420024
73.86589956534193 80.96932197242204 49.71624760310929
73.86589949774985 80.96932202684995 49.71624765473781
73.86589635547696 80.96932455695989 49.716250054591455
73.82928320597011 80.9808956870826 49.71297305231026
73.82928087798464 80.98089636241068 49.71297275244655
73.64335631370619 81.05238043044334 49.73199377213848
73.53894872156249 81.10603382230543 49.761439952489155
73.51990121948806 81.1484332370275 49.81793165847466
73.51990081692583 81.1484334483912 49.81793170365803
73.51990059502249 81.14843356009821 49.81793172220016
73.51990034484679 81.14843368601882 49.81793174307976
73.50410260158152 81.14676050467324 49.80790980530162
73.51989988518343 81.1484339243039 49.81793179061797
73.5198996680859 81.14843403267278 49.817931807540816
73.50410306230486 81.14676084081562 49.80791047672011
73.50409774478734 81.14676085478084 49.80790770791616
73.50410027641578 81.1467609815767 49.80790919681688
73.50409919717072 81.14676103054178 49.80790869386731
73.50409705689506 81.14676112790013 49.80790769678221
73.50409415100549 81.14676128293664 49.80790637225248
74.74218298635671 81.8412250227324 49.94941854825193
75.18083415687711 82.4281212097555 49.45695713142648
75.1811136448756 82.42809569038934 49.45701774028228
75.18112038461237 82.42809507313001 49.45701920218342
75.18113577709053 82.42809366760721 49.4570225401595
75.1814066774368 82.42806893099637 49.45708128697544
75.18169539526268 82.42804256602467 49.457143897905844
75.18198625427253 82.42801600482518 49.45720697329905
75.1822797754873 82.42798919934924 49.45727062622935
75.18257415268408 82.42796231511612 49.457334464895354
75.18286848867929 82.42793543415041 49.45739829471742
75.26731354417133 82.41132305925686 49.46577031009902
75.26734190875837 82.411327289903 49.46578408119191
75.26736996236785 82.4113314736654 49.46579770137928
75.26739738315635 82.41133556287261 49.465811014355374
75.26742406840539 82.4113395422361 49.46582397024525
75.26744934823668 82.41134331271513 49.46583624369014
75.26747321056729 82.41134687227037 49.46584782885925
75.26749549682681 82.411350197202 49.46585864877352
75.2675197581525 82.41135381458862 49.46587042790763
75.2675072504461 82.41135194934442 49.465864355331824
75.29240844331203 82.4083913735531 49.46387525186961
75.29241144275828 82.4083935038183 49.46388025377061
75.29241441483828 82.4083956150492 49.46388521002733
75.26751745642707 82.41135347221368 49.46586931027318
75.29240607025599 82.40838969462264 49.463871294411774
75.2924075301874 82.40839072650726 49.463873729105856
75.29240929975687 82.40839199453423 49.46387667982758
75.29240652092984 82.40839001598135 49.46387204593333
75.29241064050946 82.40839293958258 49.46387891582229
75.29240908818643 82.40839183906057 49.46387632711608
75.29241220559375 82.40839405096756 49.46388152577302
75.29240686463058 82.40839027109342 49.4638726188695
75.29240541215422 82.40838923423894 49.46387019681452
74.84898348930318 80.6249666875531 49.2478599312917
74.84898983467053 80.62496835847737 49.24786465821472
74.84899073567729 80.62496859485759 49.247865328476195
74.84898579851367 80.62496729456461 49.247861650379306
74.84899108971116 80.62496868725674 49.24786559133165
74.84899005165592 80.62496841443708 49.24786481860539
74.84899119201407 80.62496871360541 49.24786566691465
74.84898325471202 80.6249666278825 49.24785975876715
74.84898525208541 80.62496715354901 49.247861246372366
74.84897413534651 80.62496423115152 49.24785297033287
74.84898460697711 80.6249669841281 49.24786076628785
74.84897999006127 80.62496577158404 49.24785733038223
74.4783984983147 80.62986581553145 49.21519873106568
74.84897775843956 80.62496518557046 49.24785566969457
74.63674034208645 80.61926431785757 49.210541492253796
74.47826916818072 80.62987144164933 49.21519558212408
74.47839808824608 80.62986584139676 49.21519872722535
74.47830518985057 80.62986988276366 49.21519646540506
74.25487862043181 80.64904569619316 49.23100351833054
74.25489028562583 80.64904311096672 49.23099913365721
74.25488031561585 80.64904532691742 49.23100288546986
74.25486415021035 80.64904891151937 49.231008963044914
74.25487597189525 80.64904629241161 49.23100452008947
74.25486601228745 80.6490485062841 49.23100826814526
74.21561386157892 80.66167623332969 49.25286021225325
74.25486105758229 80.64904960770411 49.231010132770216
74.21561513786422 80.66167599709901 49.25285982526508
74.21560149361328 80.66167965456118 49.25286567734581
74.2156100451337 80.66167742175811 49.25286209971123
74.21560270646843 80.6616794759537 49.252865379100655
74.21559628534746 80.66168127585458 49.25286825231825
74.21559055246942 80.66168288276513 49.25287081746721
74.158775204689 80.67319944192175 49.26896311079409
74.15877500072556 80.67319940527403 49.26896304302835
74.15877430358054 80.67319927994484 49.26896281111287
74.15877426861745 80.67319927369559 49.26896279963891
74.13033854553399 80.67932961327715 49.2779344864551
74.13033828109005 80.67932982500253 49.27793484669464
74.124145618325 80.69486868817403 49.305418958167834
74.12414478101309 80.69486949756234 49.305420219350644
74.12414412113074 80.69487013582294 49.305421213943134
74.12414360535959 80.69487063199428 49.3054219867018
74.12414256892453 80.69487162944245 49.30542354023267
74.12414237256695 80.6948718175086 49.30542383300583
74.12414120513247 80.69487282203602 49.30542537904098
74.12414110225556 80.69487304160782 49.30542573979168
74.1241400529732 80.69487368188896 49.30542667951383
74.12414094357993 80.69487319370279 49.30542597658517
74.12413978012535 80.6948743139167 49.30542772140592
74.1241392430518 80.6948748304252 49.30542852581431
74.12413842318162 80.6948756235837 49.30542976180561
74.07649697107414 80.73430516340775 49.36573215281737
74.07649411832826 80.73430746456572 49.36573565882783
74.07648432631812 80.73431527872735 49.365747548483576
74.076483547751 80.73431600652444 49.365748676094256
74.03308682825204 80.77100133451935 49.421582520032246
74.07648216931405 80.73431711903172 49.36575037120593
74.03851464512951 80.77694835247729 49.43258373390699
73.99474827509663 80.81441414003609 49.488328858199495
73.99474803138348 80.81441466443246 49.48832967163139
73.99474764665862 80.81441549223771 49.48833095550029
73.99474755506014 80.81441568932811 49.48833126116021
73.99474723307137 80.8144163821614 49.48833233631375
73.99474706924241 80.81441673465291 49.48833288238069
73.99474699248806 80.81441689983745 49.48833313986104
73.99474697339255 80.81441694089 49.488333202192656
73.99474655548795 80.8144178400801 49.488334596491576
73.99474628398556 80.81441842426194 49.48833550233387
73.99474602467967 80.81441898219899 49.48833636740429
73.99474554920647 80.81442000525367 49.48833795362731
73.99474547771275 80.81442015908345 49.488338192132176
73.99474529730148 80.81442054729928 49.488338795310995
73.98320936656862 80.83561918859522 49.522099890838575
73.95560213238956 80.86944576159917 49.571362049471745
73.95559927930046 80.86944914264282 49.571366885209606
73.91997196843622 80.91198294152221 49.63523447023219
73.91997151319482 80.91198340260419 49.63523517403545
73.86644627031116 80.93846221123405 49.666391623469735
73.86644607333648 80.9384619879997 49.666391153584264
73.86644742486658 80.93846373863488 49.66639473648282
73.86644751561343 80.93846385888841 49.66639498149253
73.86644889479366 80.93846567785565 49.66639869098473
73.86645032971431 80.93846757072936 49.66640255104046
73.86645059635828 80.93846792494895 49.66640327239383
73.86645164250396 80.93846931588698 49.666406104503814
73.86645299761828 80.93847111840131 49.666409774322126
73.86645306852694 80.938471213513 49.666409967649756
73.86645417687373 80.93847270625994 49.66641299946551
73.86645484810235 80.93847361065207 49.666414836170745
73.86645537600785 80.93847432329594 49.66641628292638
73.86591582643047 80.969308914379 49.71623524209329
73.86591569575575 80.9693090229536 49.71623534744473
73.86591564220285 80.96930906610108 49.716235388390274
73.86591307743714 80.96931113153278 49.71623734771521
73.86591151286825 80.96931239150587 49.71623854296716
73.86591037039159 80.96931331165563 49.716239415918096
73.86590857043382 80.96931473283546 49.7162407441117
73.86590762719356 80.96931552163693 49.716241512970214
73.8659069935644 80.96931603186718 49.71624199696201
73.86590468718725 80.96931788892081 49.716243758405795
73.86590237401725 80.96931975088931 49.71624552412048
73.86590158607248 80.96932038508122 49.71624612548702
73.86589846944426 80.96932289485153 49.716248506266055
73.86589738024699 80.96932377186961 49.71624933814234
73.86589520570135 80.96932552248423 49.71625099842223
73.74919167108683 81.03192954479815 49.75510506854868
73.749183856802 81.0319334915041 49.7551072711594
73.62994955805246 81.09611588709339 49.79354773909232
73.51990145129314 81.1484333091161 49.81793188927579
73.51990136409071 81.14843335383014 49.81793189764372
73.51990096784237 81.14843356552004 49.817931946943865
73.51990059946414 81.1484337653399 49.81793199677743
73.51990056502684 81.14843378341195 49.817932000630606
73.519900152477 81.14843400905242 49.81793205890525
73.51989964832357 81.14843424192834 49.81793207331309
73.5198997019246 81.14843425130191 49.81793211701371
73.51989964235253 81.14843428290548 49.81793212413141
73.5198992183379 81.14843450865916 49.81793217586577
73.5041018598842 81.14676135934727 49.807910509863035
73.5198986973768 81.14843478258749 49.81793223486801
73.51989860604668 81.14843482999748 49.81793224439989
73.5040999652267 81.14676157189535 49.80790978883938
73.50409557801254 81.14676166480943 49.80790760855178
73.50409712890882 81.14676173758156 49.80790851439154
73.50409643837583 81.14676177589371 49.807908201521556
73.50409405960508 81.1467619102498 49.80790712677751
73.50409120620448 81.14676209205817 49.80790586399996
74.64251214529172 81.55633958291531 50.184502258050884
74.64251432558768 81.55633997782084 50.18450042130591
74.65974579729254 81.55064034155566 50.19317025924978
74.65975449572684 81.55064465355674 50.193159543073335
74.74185542609821 81.8401757260078 49.95035708960056
75.07644860408212 82.12424139915262 49.73204229440142
75.18144935839264 82.42806501924039 49.457090545323474
75.18146635918785 82.42806346102749 49.45709423314716
75.18160561189124 82.42805074505586 49.45712443124519
75.18174492171005 82.42803802380959 49.45715464174002
75.18202422761779 82.42801251836624 49.457215211605146
75.18230516909192 82.42798686253214 49.45727613634709
75.182585984363 82.42796121773736 49.457337033810006
75.26727841834175 82.41131780266666 49.46575325902263
75.26730609366956 82.41132193095422 49.46576669541125
75.26733334321449 82.4113259953998 49.465779925131244
75.26736028403437 82.41133001332835 49.4657930050347
75.26738648536424 82.4113339210439 49.465805725900985
75.26741131169635 82.4113376246509 49.46581777905552
75.26743358375539 82.41134094975745 49.465828591731835
75.26745863419181 82.41134468560152 49.465840753867774
75.26744569706646 82.41134275588016 49.46583447287194
75.26749472829549 82.41135008212827 49.46585827571597
75.26745527804374 82.41134418770808 49.46583912404558
75.26747116208044 82.41134656504518 49.46584683456568
75.2674948546303 82.4113500991845 49.46585833731963
75.26748203860014 82.41134818678465 49.46585211522676
75.29240228956624 82.40838701073469 49.46386498967792
75.2924037281608 82.4083880275997 49.46386738878779
75.26748899083893 82.41134923127416 49.465855489429096
75.26748018967915 82.41134791755124 49.46585121659052
75.292399988848 82.40838538265328 49.46386115286182
75.29240332708956 82.4083877448904 49.463866719914975
74.84899578504374 80.62496992467092 49.24786909012996
74.84900062535506 80.62497119934943 49.24787269596054
74.84900047366007 80.62497115931038 49.24787258285784
74.84899575342448 80.62496991611738 49.24786906633444
74.84899502136642 80.62496972321736 49.24786852085947
74.84899924379597 80.62497083600647 49.24787166727158
74.84899879636357 80.62497071849485 49.247871334290494
74.84899863525294 80.62497067589743 49.24787121408996
74.84899354496869 80.62496933918302 49.24786742606379
74.84899215592728 80.62496897439722 49.24786639236048
74.84898644192369 80.6249674740036 49.24786214029929
74.69139910098053 80.63321299237167 49.25075767041237
74.69128368269153 80.63321229364121 49.25074290866065
74.4783619317621 80.62986743645455 49.2151978638613
74.25488453292913 80.64904440796138 49.231001310848065
74.25488057861544 80.64904528694592 49.23100279895736
74.25487013072514 80.64904760947321 49.23100673084514
74.25486652405505 80.64904841126841 49.231008088185646
74.25485507689879 80.64905095620716 49.23101239631795
74.2156149707794 80.6616762307568 49.25286018305589
74.21560400349179 80.66167930566348 49.252865091535966
74.21560306693019 80.66167956825839 49.25286551071591
74.21559116501484 80.66168287170692 49.2528707867431
74.21559131181832 80.66168286878639 49.252870778970234
74.15877545319272 80.67319949465897 49.26896322840235
74.21558992282841 80.66168325881709 49.25287140152838
74.1587760061527 80.67319960387718 49.26896345486507
74.15877435079595 80.6731992899596 49.26896283343557
74.15877576067246 80.67319955988455 49.26896337380295
74.1525828352784 80.6887378634498 49.2964465167027
74.12414591473343 80.69486891236723 49.3054193866484
74.12414543603603 80.69486937720193 49.30542011127601
74.12414447867533 80.69487030629281 49.30542155954521
74.12414429852625 80.69487048073863 49.30542183141258
74.12414326268805 80.69487135452712 49.30542317318408
74.12414313969907 80.6948716124609 49.30542359664217
74.12414225096653 80.69487208086585 49.30542426596323
74.12414295365119 80.694871793251 49.30542387849468
74.12414191535737 80.69487280068397 49.30542544885266
74.1241413743031 80.69487332545107 49.30542626681303
74.12414064650208 80.69487403200776 49.305427368233495
74.12413972191646 80.69487492843105 49.30542876544757
74.12413933028385 80.69487530857249 49.30542935802433
74.07650021843837 80.73430303601023 49.36572900402321
74.07649985899114 80.73430336718874 49.36572951635068
74.0764921157428 80.73430930783157 49.36573851002795
74.07649932710186 80.73430379685209 49.36573017109532
74.07648931308314 80.73431188208738 49.36574249104305
74.07648530324639 80.73431512240339 49.36574742902986
74.03852258476013 80.77694238253049 49.43257475302963
74.03851192143723 80.7769508193678 49.432587511740934
73.9947479649324 80.81441480735319 49.488329890960316
73.99474761120041 80.81441556848915 49.48833107209905
73.9947475110375 80.81441578399713 49.48833140592703
73.99474739227594 80.81441603957121 49.48833180372736
73.99474745289564 80.81441590910038 49.48833159997215
73.99474703179247 80.81441681517985 49.48833300522702
73.99474681205069 80.81441728799277 49.48833373847545
73.99474653328468 80.81441788780573 49.48833466864212
73.99474613769833 80.81441873897566 49.48833598852616
73.99474601654056 80.81441899966613 49.48833639274621
73.9947455941457 80.81441990852683 49.488337802385395
73.9947454848799 80.81442014362055 49.488338166560254
73.99474535582233 80.81442042133993 49.4883385983832
73.994745418289 80.81442028690088 49.488338388698466
73.98320942797892 80.83561906930078 49.52209970490523
73.9775569420167 80.84776409633376 49.54028516621754
73.95560071886587 80.86944812396817 49.57136562376254
73.94231670697275 80.88950241909588 49.60421904258955
73.91997279207709 80.91198265058458 49.635234210767585
73.91997033374254 80.91198478548455 49.635237348878555
73.90555015211936 80.93514813315389 49.67258491475707
73.90554901725804 80.93514917218131 49.672586439174694
73.8664502168211 80.93846732004053 49.66640208055985
73.86645127867286 80.93846873049337 49.66640495294746
73.86645141713328 80.93846891428477 49.66640532728838
73.8664528198614 80.93847076527732 49.66640910170326
73.8664542760839 80.93847268733225 49.666413020834355
73.86645438361086 80.93847282957388 49.66641331074241
73.86645574417645 80.93847462866745 49.66641697783291
73.86645718769768 80.9384765438951 49.666420879067246
73.86645727283866 80.938476657415 49.66642111008059
73.86591929761295 80.96930615401521 49.71623264821412
73.8659177215866 80.96930742371669 49.71623385304818
73.86591689387612 80.96930809056306 49.71623448583618
73.8659144379494 80.96931006968265 49.71623636422539
73.86591375332311 80.96931062134325 49.71623688777416
73.86591188148279 80.96931212969491 49.716238319300096
73.8659095569376 80.96931400216417 49.71624009592064
73.86590917461547 80.96931431015699 49.71624038816499
73.86590649324093 80.96931647158296 49.71624244002433
73.8659049116043 80.9693177460532 49.71624364955886
73.86590365468905 80.9693187588677 49.716244610770865
73.86590111501434 80.96932078679671 49.716246522329484
73.8659007180101 80.96932112510089 49.71624685635771
73.86590003699123 80.96932167361854 49.71624737675734
73.86589760732681 80.96932363057928 49.7162492334146
73.86589491642242 80.96932579849033 49.71625129058758
73.86589444159043 80.96932618094928 49.71625165344926
73.74918498468355 81.03193293121454 49.75510696806812
73.7491931770194 81.03192887380516 49.75510478595231
73.63000016443495 81.0960906063323 49.793534255331274
73.62995628356819 81.09611259987811 49.79354602606337
73.51990144699928 81.14843337579782 49.81793197513643
73.5199016369732 81.14843342626868 49.81793215287931
73.5199014324684 81.14843353690156 49.81793218015089
73.5199012437365 81.14843363922245 49.817932205611754
73.519900596743 81.1484337900591 49.817932027947336
73.51990085729639 81.14843385414274 49.81793226491635
73.5199005687713 81.1484340142017 49.817932308657205
73.51990044808372 81.14843408088649 49.81793232660048
73.51990003379375 81.14843431384568 49.817932393558394
73.51989959118734 81.14843455577324 49.81793245587711
73.51989960075676 81.14843455742852 49.8179324636549
73.51989958984615 81.1484345634728 49.8179324652979
73.51989910351179 81.14843482589215 49.817932529254854
73.51989854354687 81.14843509767465 49.81793256265276
73.51989859964328 81.14843510137689 49.817932600293965
73.51989853348519 81.14843513711143 49.81793260904273
73.51989806341103 81.14843539166776 49.81793267206825
73.50409901116105 81.1467621272813 49.80790999927579
73.51989752502608 81.14843568810221 49.817932750727806
73.51989736538852 81.14843577411102 49.81793277154992
73.50409773469923 81.14676238600956 49.80790966129126
73.49483943086003 81.15008967012598 49.80691662040323
73.50409482636435 81.14676257793748 49.807908382669524
73.49484103921529 81.15008988862772 49.80691773742659
73.49484026544198 81.15008978827838 49.806917209614596
73.49483889890067 81.1500896115025 49.80691627836017
74.5312305682512 81.58981027998556 50.14479811575881
74.64250875860084 81.55632449976142 50.18453339263796
74.64251264476276 81.55632556518196 50.18452941217991
74.65972800061189 81.5506275072802 50.19319859277898
74.65973010335492 81.55062861255021 50.19319590180647
74.65973908949778 81.55063323673741 50.19318456033466
74.65974738646096 81.55063726458378 50.193174474748844
74.65975565945953 81.55064127823039 50.19316442239236
74.65976364477635 81.55064503884648 50.19315490082829
75.07623741958831 82.12397020327882 49.73227242467759
75.18175834193988 82.42803679290307 49.4571575530253
75.07733314847921 82.1253772092313 49.731078421893585
75.18205637066627 82.42800956721692 49.4572221850281
75.18206372977251 82.42800889149655 49.45722378159441
75.18214761048051 82.42800123180821 49.457241971828275
75.18233245213996 82.4279843525949 49.45728205631359
75.18260104421975 82.4279598249062 49.457340302904626
75.26727241364418 82.41131688997321 49.465750346282555
75.26729884212236 82.41132083285748 49.46576317723691
75.26732487748706 82.41132471667173 49.46577581739882
75.26735066570089 82.41132856301928 49.46578833765868
75.26737576316438 82.41133230638087 49.46580052255098
75.26739846515912 82.41133569528215 49.46581154401201
75.26742742782947 82.41134002363762 49.465825604202095
75.26741909684424 82.41133877328855 49.465821560646575
75.26742086371384 82.41133903771443 49.46582241833332
75.26743593054849 82.41134129582146 49.46582973170118
75.26746418492066 82.41134551681547 49.46584344826759
75.26744667069859 82.41134289759412 49.46583494609851
75.26745684586146 82.41134442639186 49.46583988450067
75.26744538815262 82.41134271281283 49.46583432244268
74.84900770839542 80.62497306312048 49.24787797091651
74.84900871397232 80.62497332704783 49.24787871908788
74.84901580983289 80.62497519437295 49.247884003783085
74.84901685730463 80.62497546932714 49.247884783158014
74.84901364635697 80.62497462604625 49.24788239358641
74.84901036106851 80.62497376327467 49.24787994872597
74.84900799832114 80.62497314198845 49.24787818956899
74.84900879795191 80.62497335264392 49.247878785340845
74.84899787391859 80.62497047967831 49.24787065146262
74.8490086668702 80.62497331822092 49.24787868779322
74.84900461762969 80.62497225487742 49.2478756744695
74.84899013550711 80.62496844708369 49.24786489227709
74.84900265329114 80.62497173907911 49.24787421271341
74.84899909308415 80.62497080425999 49.247871563422684
74.69129206750237 80.63321287332678 49.25074519913042
74.84899595866557 80.62496998128253 49.24786923102096
74.6913800759136 80.63321425485455 49.25075840978222
74.25488215745125 80.64904494279124 49.23100220938182
74.69130576842426 80.63321382007068 49.250748940709485
74.47833142445869 80.62986878670301 49.21519713876452
74.25486794537616 80.64904810147002 49.231007557444215
74.25487801716864 80.64904587503914 49.231003775513045
74.25487100796892 80.6490474333205 49.23100641341682
74.21561562339542 80.6616761013506 49.25285997212658
74.2548634303009 80.64904911806514 49.231009265318
74.21561777078603 80.66167565265873 49.25285924340149
74.21560328267891 80.66167953016385 49.25286544808363
74.21561076425078 80.6616776153852 49.2528623766443
74.2156052977492 80.66167914755441 49.252864822488135
74.2155973817549 80.66168136804633 49.252868366976344
74.21559285662667 80.66168263730565 49.25287039305327
74.21558337470545 80.66168529888803 49.25287464148832
74.16842852690706 80.67511140955645 49.2727038365845
74.15258238631375 80.68873871716659 49.29644788859792
74.15258237898928 80.68873873598062 49.29644791874422
74.1241451866993 80.69486994642085 49.30542104908851
74.15258233719189 80.68873876099192 49.29644795990916
74.1241450408709 80.6948702822377 49.30542160255145
74.12414421916819 80.69487067450152 49.30542215147158
74.12414474638538 80.69487057176198 49.30542205443909
74.12414393013141 80.69487137621873 49.30542331032779
74.12414326641272 80.69487202620216 49.305424324428685
74.12414275495843 80.69487252649338 49.30542510489201
74.12414171090734 80.69487355468773 49.305426709955135
74.12414155937543 80.69487370385636 49.30542694280549
74.12414042824669 80.69487466347796 49.305428417348345
74.12414034513668 80.69487490751517 49.30542882297326
74.12413922139893 80.69487563536653 49.30542990156384
74.12414005586368 80.69487519018209 49.305429263893984
74.12413903738101 80.69487618640144 49.30543081800897
74.07650094187858 80.7343030328292 49.3657291082488
74.07649574498694 80.73430723114211 49.36573550591267
74.07648734977631 80.73431401820886 49.36574584942521
74.07648526399802 80.7343157043919 49.3657484191637
74.0385177818097 80.77694644269332 49.43258093245629
74.0385168702832 80.77694721542646 49.43258210883787
73.9947477765478 80.8144152126774 49.48833051884584
74.03851505586313 80.77694865132926 49.43258428034969
73.99474747000788 80.81441587222197 49.488331540539534
73.99474726859157 80.81441630560661 49.48833221272585
73.99474699906708 80.81441688553768 49.488333112170835
73.99474665538797 80.81441762502439 49.48833425901838
73.9947465103316 80.81441793713833 49.488334743040795
73.99474605810977 80.81441891017856 49.48833625227489
73.99474601236497 80.81441900860155 49.488336404720854
73.99474581452591 80.8144194343156 49.48833706602584
73.99474598595543 80.81441906542622 49.48833649284079
73.99474549067538 80.81442013110247 49.48833814530289
73.99474529129802 80.81442056009564 49.48833881051296
73.98320963166427 80.83561867617215 49.522099093451324
73.97755643256527 80.84776503449508 49.5402866297485
73.97755583375756 80.84776613709236 49.54028835155816
73.94231892638003 80.88950010363672 49.60421559456556
73.94231793355735 80.88950131956696 49.604217423016365
73.91997187957895 80.9119838154572 49.63523607063813
73.94231684151077 80.88950260768799 49.60421935587843
73.9055532202834 80.93514535107292 49.672580832128034
73.90555064384189 80.93514770961518 49.67258429249341
73.90554642896109 80.93515156812599 49.67258995355357
73.90554204326433 80.93515558321883 49.67259584433817
73.90553952414155 80.93515788956739 49.67259922811786
73.86645312504339 80.93847112203403 49.66640984756573
73.8664554876498 80.93847417590624 49.666416100318145
73.86645566367278 80.93847441038488 49.66641657756835
73.86645673302516 80.9384758331201 49.666419474046954
73.86645621109751 80.93847519636572 49.66641815482667
73.86645801297196 80.93847753008964 49.66642293118939
73.86645810990669 80.93847765858233 49.66642319297023
73.88196684616143 80.96186955138737 49.70973897947688
73.88196683182139 80.96186952397272 49.70973895986276
73.88196683402262 80.96186966704296 49.70973912186203
73.88196683311318 80.96186967582683 49.709739132665725
73.86591785959897 80.96930734145158 49.71623379536152
73.8659160037456 80.96930883810074 49.716235216612105
73.8659155625505 80.96930919383244 49.71623555437396
73.8659132716701 80.96931104250723 49.716237310759546
73.8659117430893 80.96931227544582 49.716238481738046
73.86591082301942 80.96931301747868 49.716239186419855
73.86590894058958 80.96931450900927 49.71624058412353
73.86590829285021 80.96931505828002 49.71624112465655
73.86590724500694 80.96931590314696 49.71624192684507
73.86590560746731 80.96931722335032 49.71624318026641
73.86590306645462 80.96931926286248 49.716245110217265
73.86590287533635 80.96931942671777 49.71624527266444
73.86590245745785 80.96931976348871 49.71624559231018
73.86589995236717 80.9693217825074 49.71624750876506
73.8658975026597 80.96932375686707 49.71624938281403
73.8658969289669 80.96932421922 49.716249821662956
73.86589431312831 80.96932629417145 49.716251767740815
73.86589384340803 80.96932670646339 49.71625218282971
73.86589217138888 80.96932805384867 49.71625346162445
73.74920389331534 81.03192354934586 49.7551019046157
73.62996483178503 81.09610836249752 49.79354378427933
73.62997111016541 81.0961052524143 49.793542140082764
73.6299362173537 81.09612274199456 49.79355150085633
73.5199019167586 81.14843349272651 49.817932404217466
73.5199014141879 81.14843366453253 49.81793233861934
73.51990158016432 81.14843368995392 49.81793246916301
73.51990139472674 81.14843379298222 49.81793249748374
73.51990118620438 81.14843390927547 49.817932529911985
73.51990055223254 81.14843409069049 49.81793240036865
73.51990083967301 81.14843411846044 49.81793260490491
73.51990049851943 81.14843431555389 49.81793266701236
73.5199004398823 81.14843434890618 49.81793267699302
73.51990002345534 81.14843458927393 49.817932752521706
73.51989951371269 81.1484348386154 49.81793278548801
73.51989958513565 81.14843484134678 49.81793283078645
73.51989949977674 81.14843488854848 49.81793284352681
73.51989908229301 81.14843511828242 49.81793290434693
73.51989844900427 81.14843539533368 49.8179329019389
73.51989859163798 81.14843539628814 49.81793298643754
73.51989841387268 81.14843549568432 49.817933014422124
73.51989806172327 81.14843569175974 49.817933068763914
73.51989728049026 81.14843599894087 49.81793301995113
73.51989752246598 81.14843599538328 49.81793315644134
73.51989721791179 81.14843616336262 49.817933201324465
73.5198969313704 81.1484363199776 49.81793324165897
73.4948426603126 81.15009010908312 49.80691886374666
73.51989634574235 81.14843664840865 49.817933335151565
73.49484493647438 81.15009041835064 49.80692044465363
73.49484441921403 81.15009035118126 49.80692009164183
73.49484321002322 81.15009019551094 49.80691926912472
73.49484122790608 81.150089936364 49.80691791287085
73.49484216024506 81.15009006123675 49.80691855679795
73.49484190721613 81.1500900288585 49.80691838507707
73.49484113137393 81.15008992990722 49.806917859201036
74.53096749866233 81.58993162824049 50.14462552193639
74.53118769832622 81.58982922717283 50.144772224289916
74.53130322793817 81.58977553902386 50.14484909186469
74.64250728548832 81.55630978056789 50.184562881232246
74.64251109333557 81.55631122076835 50.184558206505784
74.65971462923181 81.55061697022762 50.19322130915394
74.6597248021471 81.55062289969615 50.193207360375126
74.65972378628555 81.55062179971793 50.1932095645212
74.65972424020238 81.55062203345108 50.19320899138739
74.65973271512405 81.55062644844128 50.1931982090786
74.65974093216796 81.5506304792514 50.19318815393386
74.65974905676583 81.55063443486307 50.19317825959472
74.65975676868344 81.55063801810854 50.19316914168276
74.65976447610565 81.55064160555716 50.193160019035524
75.07613479720567 82.1238384116574 49.732384255656896
75.0771810047451 82.12518182745495 49.73124421589389
75.18234647104137 82.42798306256 49.45728509824559
75.0782701488791 82.12658037781071 49.73005738850648
75.07883515434231 82.1273058914187 49.72944170870599
75.18261476084798 82.42795855537797 49.45734328059048
75.26726666984652 82.411316016352 49.46574756018646
75.26729187175293 82.41131977704096 49.465759795524015
75.26731669859915 82.41132348124766 49.46577184884977
75.26734128923465 82.41132714955233 49.465783787595
75.26736503900084 82.41133069277933 49.465795318044684
75.26738664317004 82.41133391845206 49.46580580643098
75.2673982403153 82.41133564781157 49.46581143693743
75.26740555395074 82.41133674509834 49.46581498676463
75.2674240921074 82.4113395146519 49.465823986415145
75.26743443379155 82.41134105711703 49.46582900733739
75.2674333169118 82.41134089697383 49.4658284641237
74.84901863553594 80.6249759402337 49.24788611064091
74.84901651388824 80.62497538305051 49.2478845317405
74.84901612488122 80.62497528482294 49.247884246418394
74.84901717819851 80.6249755613728 49.24788503020771
74.84901478094883 80.62497492794252 49.24788324210429
74.84901208163369 80.62497421898408 49.247881233238374
74.84901394840472 80.62497471325722 49.2478826267327
74.84901508869459 80.62497501265236 49.24788347525072
74.84901351989537 80.62497460072709 49.247882307846496
74.84901184022509 80.62497415975483 49.247881058007586
74.84901184830257 80.62497416188143 49.24788106402437
74.84900285635487 80.62497179845681 49.24787437024732
74.84900724773848 80.62497295405898 49.247877640740775
74.69131840723654 80.6332147365545 49.2507524915681
74.84900586314944 80.6249725905636 49.247876610479366
74.69138956262188 80.63321578528296 49.250763015303086
74.25487433117992 80.64904670463577 49.231005169557335
74.69132818248674 80.63321544528715 49.25075523767198
74.5204671238874 80.64179542171897 49.2474648537396
74.25485969595586 80.64904995866934 49.23101067773436
74.2548711127864 80.64904742911696 49.231006386841
74.25486252526807 80.64904933853099 49.231009618905986
74.21560713374181 80.66167874651984 49.25286417306408
74.21561681764017 80.6616761326914 49.252859992366986
74.21560891950034 80.66167834448345 49.25286352326807
74.21559423853651 80.66168234679924 49.25286992143092
74.21560402435644 80.66167971540004 49.25286571179032
74.21559583550126 80.6616820116175 49.25286937722255
74.15258464880044 80.6887375138341 49.29644589954772
74.21559053891593 80.66168349891211 49.25287175120803
74.15258450364618 80.68873802507915 49.2964467169016
74.15258311982957 80.68873887494985 49.296448114427164
74.15258204860436 80.68873953582123 49.296449200997955
74.15258012669986 80.68874072759523 49.29645116011622
74.15257958730612 80.6887410626697 49.296451710901536
74.12414367763527 80.69487208989162 49.30542449513976
74.12414363303786 80.69487221199407 49.305424697640106
74.12414262130181 80.69487294087116 49.30542579476571
74.12414349500361 80.6948723492624 49.30542491212526
74.12414248150637 80.6948733544267 49.30542648231117
74.1241415233415 80.69487382006633 49.305427136493876
74.1241419735608 80.69487385916314 49.30542727091547
74.12414129005086 80.69487453664277 49.30542832915705
74.12414037785729 80.69487544121529 49.30542974218838
74.12414005395763 80.69487576200164 49.30543024322672
74.1241388224293 80.69487693296452 49.30543206479117
74.12413879908253 80.69487701402983 49.30543220017171
74.07649380521299 80.73430912370723 49.36573845101126
74.12413868599732 80.6948771257276 49.30543237458775
74.07649242611203 80.7343104706126 49.36574054719879
74.03852999191803 80.77693690345681 49.432566525021464
74.07648862647306 80.73431354320097 49.36574522998173
74.03852632566473 80.77694004352418 49.4325713098808
74.03851732467304 80.77694716584293 49.43258208080434
73.99474744676142 80.81441592218516 49.488331615891425
73.99474705578113 80.81441676345285 49.48833292074451
73.99474698545595 80.81441691477062 49.48833315544125
73.9947466186197 80.81441770409957 49.48833438018285
73.9947465155918 80.81441792577172 49.488334723558076
73.99474631228044 80.81441836326113 49.48833540315455
73.99474644037265 80.81441808761913 49.48833497456454
73.99474602336404 80.8144189848867 49.48833636608704
73.99474580026433 80.81441946492477 49.48833711053851
73.99474551737403 80.81442007361181 49.488338054465544
73.98321078255036 80.83561645771105 49.52209564439657
73.98320992513291 80.83561811014732 49.522098213281325
73.97755640053475 80.84776509355405 49.540286720741065
73.9775560802602 80.84776568329734 49.5402876414516
73.95560186800319 80.86944775644153 49.57136538094685
73.97755579477607 80.8477662089636 49.540288462355036
73.94232239368606 80.88949639178335 49.60421005780536
73.94231673950611 80.88950306473437 49.604220071069236
73.90555650929866 80.93514236642027 49.67257645230633
73.9055515353843 80.93514692008668 49.672583133262634
73.90555007919295 80.93514825327537 49.672585089262455
73.90554362554352 80.93515415983974 49.67259375519514
73.90554340928587 80.93515435987496 49.67259404861226
73.90553743809437 80.93515981607074 49.6726020540638
73.9055430643566 80.93515467563239 49.6725945118798
73.90553619348603 80.93516096586632 49.672603740661856
73.90553462553623 80.93516240137198 49.67260584677699
73.88196688850044 80.96186949451669 49.70973887960089
73.8819668818488 80.96186954790238 49.70973894618559
73.88196687477891 80.9618696067228 49.70973901933608
73.88196685989205 80.96186954365328 49.709738959348286
73.88196686214266 80.96186972278026 49.709739162589756
73.88196686070405 80.96186973636836 49.70973917932847
73.88196684947522 80.96186984484393 49.709739312745796
73.88196683461601 80.96186978815557 49.7097392600413
73.88196683713466 80.9618699723342 49.709739468846536
73.86591831438663 80.96930700014164 49.71623348915928
73.86591655751559 80.96930841979774 49.71623483928799
73.86591492486697 80.96930972570973 49.71623607185594
73.86591443510305 80.96931013411233 49.71623646913816
73.86591407586802 80.96931042407604 49.71623674467651
73.8659121484211 80.96931197991887 49.71623822316424
73.86590996196207 80.9693137404062 49.71623989300615
73.86590980977742 80.96931386809783 49.716240017757485
73.86590964916927 80.96931399766885 49.71624014083535
73.86590731061256 80.96931588474663 49.71624193365725
73.86590500778465 80.96931774288066 49.71624369890176
73.8659047139903 80.96931797986178 49.71624392398029
73.86590209083442 80.96932009726555 49.71624593609594
73.8659000107427 80.96932177463782 49.71624752888527
73.865899225871 80.96932240746548 49.71624812974032
73.86589677801838 80.96932435211636 49.71624995572141
73.86589635366991 80.9693247247678 49.71625033101995
73.8658947646249 80.9693260059424 49.716251547434794
73.86589326137356 80.96932721769593 49.71625269776193
73.74921532386081 81.0319178351203 49.755098775991414
73.74922174006517 81.03191462728635 49.7550970193231
73.74918835838137 81.03193149060495 49.755106434099375
73.6299874318393 81.09609715443824 49.79353785179171
73.62988553703696 81.09614820282077 49.79356516003604
73.62989491141104 81.09614353339414 49.79356267709344
73.51990214191079 81.14843361096966 49.81793269230012
73.51990194772289 81.14843372717459 49.81793273297619
73.51990136791109 81.14843391523489 49.81793264384417
73.51990162704917 81.14843392557877 49.817932808771644
73.51990131535389 81.14843411661025 49.8179328800362
73.51990128476035 81.14843413543821 49.81793288713409
73.51990048846058 81.14843434920274 49.81793270573385
73.51990091863141 81.14843435735229 49.817932967559415
73.51990041374603 81.14843459389951 49.817932986405324
73.51990051846907 81.14843459454382 49.81793304837018
73.51990039319325 81.14843466535021 49.817933069097904
73.51990005303878 81.14843485667795 49.817933124147736
73.51989942789162 81.14843511872893 49.81793310661241
73.51989960247039 81.14843511920661 49.817933209120724
73.51989938992796 81.14843523855507 49.81793324325183
73.51989909877528 81.14843540271102 49.81793329088865
73.51989834318502 81.14843568800451 49.81793322803426
73.51989861338004 81.14843568611775 49.81793338320601
73.51989827066569 81.14843588252059 49.81793344348749
73.51989808815318 81.14843598684979 49.81793347523907
73.51989715739519 81.14843631004783 49.817933360396665
73.51989756580272 81.14843629211752 49.81793357496136
73.51989703381854 81.14843659318976 49.81793366350203
73.51989698708486 81.14843661965466 49.81793367130179
73.49484588292718 81.15009054713198 49.806921102382624
73.51989640429626 81.14843695390013 49.8179337741566
73.51989570446739 81.14843730210163 49.81793382720711
73.51989581852206 81.14843729430014 49.817933883425155
73.51989565986048 81.1484373864675 49.817933912978106
73.49484835753991 81.15009089093058 49.80692283632358
73.49484378566187 81.1500902852077 49.806919692000875
73.49484763574323 81.15009080050598 49.80692235036187
73.4948459296373 81.15009057846714 49.806921185019675
73.4948469989659 81.1500907215727 49.8069219233289
73.4948467768689 81.15009069444386 49.8069217751941
73.49484645231117 81.15009065481406 49.80692155874887
73.49484593731526 81.15009059244363 49.806921216331496
73.49484537359285 81.15009052373449 49.806920840637346
74.22876472359287 81.65021700248852 50.08144668065889
74.22945606899881 81.65001915403519 50.08170686409306
74.3110052854634 81.6552398456485 50.06968544815835
74.31112543704236 81.65520267868733 50.0697317312912
74.53116583278388 81.58983826352878 50.14476071248802
74.64961072294119 81.52772075539065 50.22386055464348
74.64961463737194 81.52772028931456 50.22385966184076
74.64961502282475 81.52771968684377 50.22385970709325
74.64961662890482 81.52771927812712 50.22385939281471
74.64961941182898 81.5277185603784 50.22385885053512
74.64962373562312 81.52771742402265 50.22385801307418
74.64962800101775 81.52771627876513 50.223857192726484
74.64963128784153 81.52771537793404 50.22385656496688
74.65972598416882 81.55061936106776 50.19321249249216
74.6597345557011 81.55062377860386 50.19320166359506
74.65974254293096 81.55062768110591 50.19319191454997
74.6597503826475 81.55063145963668 50.19318242845386
74.65975796248756 81.55063500615768 50.19317342733494
74.65976551032381 81.55063854649428 50.19316445018053
74.86499653819992 81.82989639362565 49.97660167157988
75.07710839613401 82.12508857668635 49.731323341021124
75.07861374496905 82.12702157354076 49.729682978745814
75.0781863568305 82.12647276655034 49.73014870010411
75.07852356936581 82.12690577509181 49.729781243621304
75.07927149086544 82.12786616768439 49.72896624245267
75.2672848022847 82.411318707629 49.46575636552075
75.26730858057074 82.41132225585129 49.46576790970581
75.26733187033956 82.41132573106177 49.46577921673651
75.26735434887959 82.4113290855268 49.46579012987553
75.26737607728778 82.41133232807015 49.46580067882892
75.2673872831155 82.41133399908163 49.46580611934682
75.26739445355884 82.41133507492185 49.465809599667175
75.26741247587546 82.41133776751258 49.4658183488794
75.2674224969703 82.41133926219024 49.46582321415019
75.26741952895141 82.41133882397159 49.465821772498536
74.84901894735313 80.6249760299042 49.24788635094493
74.8490168092574 80.62497546847742 49.247884759884684
74.84901642962049 80.62497537282532 49.24788448165738
74.84901748874549 80.62497565096224 49.247885269834285
74.84901596359948 80.62497524643051 49.24788413059848
74.84901827884254 80.62497585856678 49.24788585793084
74.84901556276532 80.62497514140479 49.24788383255853
74.84901930038902 80.6249761270069 49.24788661832478
74.84901932091546 80.62497613241376 49.24788663361751
74.84902030586125 80.62497639129148 49.24788736682633
74.69150454970877 80.63321763116302 49.25078036970828
74.84901662046857 80.62497542395295 49.247884624752466
74.69134573789353 80.63321665713697 49.25076002901079
74.69150774147704 80.63321784897713 49.25078123503818
74.69137741689065 80.63321714852442 49.2507647706549
74.25486571179482 80.64904864606689 49.23100843041867
74.69135068176611 80.63321699618761 49.25076137320174
74.25486632159128 80.64904851336591 49.23100820285584
74.21561082170389 80.6616780022099 49.252862961353806
74.25486474160755 80.64904886469562 49.231008797527025
74.21561086740672 80.66167799399 49.25286294785865
74.2155978566391 80.6616816384968 49.25286876586363
74.2155972606824 80.66168180565762 49.25286903269698
74.21561067477695 80.66167804802315 49.252863034109836
74.15258414223729 80.68873874717777 49.296447876668054
74.15258409415208 80.68873884314259 49.29644803079954
74.15258182363795 80.68874003070249 49.29644999505791
74.15258390131311 80.6887389622614 49.296448226640265
74.15258168122385 80.68874034101964 49.296450493021965
74.15257950048726 80.68874128485443 49.29645206692569
74.1525809877972 80.68874077563142 49.296451207213195
74.15257928730959 80.68874184284064 49.29645296086616
74.12414376671629 80.69487258605326 49.305425358488215
74.1241432861647 80.6948730667142 49.30542610995094
74.12414228179898 80.69487407159541 49.30542768101972
74.12414214303635 80.6948742108145 49.305427898737776
74.12414109102879 80.69487511038821 49.30542928226129
74.12414100086856 80.69487536810115 49.30542971025881
74.1241399543359 80.69487604104484 49.30543070634904
74.1241406891977 80.69487568003925 49.305430197970566
74.12413976006479 80.69487660358477 49.30543164096818
74.12413906711694 80.69487729719047 49.305432725422484
74.07649877384117 80.73430584457402 49.36573359193618
74.07649042931635 80.73431259551202 49.36574388129746
74.03853475054567 80.77693366474521 49.43256170696975
74.03852152896947 80.77694409965966 49.4325774833567
74.03852090862293 80.7769446253616 49.43257828364017
73.99474720389723 80.81441644472503 49.48833242530152
74.03851967998807 80.77694559814984 49.43257975485581
73.99474698437257 80.81441691704764 49.48833315690035
73.99474688939937 80.81441712144341 49.48833347558195
73.99474682350504 80.81441726318477 49.48833369379406
73.99474651968991 80.81441791689977 49.488334707723226
73.9947462407014 80.81441851719424 49.488335638744644
73.99474603888497 80.81441895143891 49.48833631222837
73.99474560704567 80.81441988061896 49.48833775330371
73.99474554672543 80.81442001040857 49.48833795458561
73.99474518119946 80.81442079691695 49.4883391749058
73.98321028625068 80.83561741382286 49.522097130585166
73.9832089421282 80.83562000456193 49.52210115831798
73.9832094446041 80.83561903591576 49.522099652323604
73.97755633992362 80.8477652052798 49.540286893353965
73.97755514468219 80.84776740609534 49.540290330253875
73.94232659544916 80.88949174853315 49.60420311778042
73.94231662794327 80.88950351819295 49.604220779579705
73.94231517948486 80.8895052283347 49.60422334583677
73.9055545092548 80.9351442154874 49.672579164598744
73.90555360786918 80.93514504870163 49.67258038679788
73.90554917739718 80.93514908711849 49.672586312376055
73.90555220509272 80.93514633307673 49.67258227117753
73.90554720006278 80.93515091563397 49.67258899450816
73.90554397121892 80.9351538718801 49.67259333178688
73.90554044944462 80.93515709640593 49.67259806267156
73.90553554413319 80.93516158757448 49.67260465192349
73.90553328163679 80.93516365898887 49.67260769101692
73.88196689730422 80.96186974493168 49.70973915908224
73.88196689476572 80.9618697649258 49.709739184058535
73.88196688011728 80.96186985558171 49.70973929988112
73.88196688069559 80.96186988135965 49.70973932892045
73.88196687993357 80.96186988801205 49.709739337162695
73.8819668672644 80.96187000279974 49.7097394789896
73.88196685975049 80.96187007627 49.70973956927783
73.8819668544528 80.96187012923562 49.70973963426987
73.86591744475297 80.96930773012376 49.71623420254207
73.86591639599105 80.96930857772729 49.7162350087339
73.8659154375883 80.96930935242936 49.71623574567471
73.8659133726794 80.9693110215824 49.716237333491506
73.86591201352437 80.9693121198427 49.71623837795235
73.86591117599284 80.9693127964518 49.716239021307956
73.86590890649481 80.96931463023087 49.716240765200766
73.8659074090219 80.96931583917066 49.716241914155304
73.86590644759123 80.96931661536242 49.716242651840645
73.86590459242072 80.96931808419288 49.71624402748324
73.8659039853692 80.969318604346 49.716244542966
73.86590249462672 80.9693198077123 49.71624568652527
73.86590133630898 80.96932074265503 49.71624657494414
73.86589899974912 80.9693226051377 49.71624832823376
73.86589865192975 80.96932291013907 49.71624863511454
73.8658973268717 80.96932397905859 49.716249650415406
73.86589574154948 80.96932525801853 49.716250865281424
73.86589296610975 80.96932748287651 49.7162529686315
73.86589279879 80.96932763284609 49.716253121627176
73.86589190019524 80.96932835788277 49.716253810395884
73.86588974150246 80.96933009968248 49.716255465098676
73.63000536605723 81.09608822437258 49.793533104982316
73.63001244544384 81.09608470035568 49.79353123236447
73.62998131701791 81.09610030482513 49.7935395851507
73.6299203414969 81.09613087179831 49.793555947287835
73.51990211809692 81.14843373916592 49.81793284828867
73.5199023289253 81.14843375639765 49.8179329941528
73.51990208513698 81.14843390715394 49.817933051671886
73.51990200272756 81.148433958323 49.817933071390954
73.51990131022215 81.14843413741514 49.81793290461211
73.51990168122674 81.14843416350632 49.81793315568744
73.51990125046709 81.14843438311587 49.81793319534361
73.5199013141806 81.1484343873718 49.81793323816352
73.51990124013781 81.14843442994041 49.817933251367656
73.51990088444863 81.14843463516877 49.81793331577323
73.51990034473066 81.1484348794815 49.81793332458341
73.51990045256306 81.14843488841089 49.817933399342124
73.51990032419008 81.14843496349971 49.81793342393753
73.51990000481872 81.1484351513923 49.81793348656309
73.51989933973755 81.14843540779758 49.81793343824265
73.51989957027939 81.14843541515086 49.81793358251967
73.51989927877575 81.14843559073668 49.81793364509854
73.51989910708535 81.1484356930511 49.81793368049536
73.51989823062448 81.14843598219004 49.81793355220301
73.51989866267286 81.14843597070349 49.81793378910254
73.51989810404268 81.14843626803778 49.817933857140446
73.51989818158803 81.14843626479346 49.817933898092605
73.51989702273626 81.14843661761232 49.81793368939965
73.51989808132052 81.14843632315831 49.81793391692643
73.51989763007062 81.14843658523583 49.81793400090389
73.5198968776629 81.14843692365609 49.817934010310054
73.51989708028647 81.14843691066365 49.817934111333315
73.51989680816776 81.1484370697151 49.81793416331296
73.51989649674697 81.14843725111106 49.81793422196872
73.51989553175244 81.14843762112673 49.81793414919014
73.51989594333526 81.14843758894142 49.817934346717095
73.51989533744279 81.1484379342893 49.81793445080254
73.51989540241581 81.14843792917127 49.81793448193508
73.51989529470751 81.14843799949949 49.81793451228066
73.51989488418867 81.14843826930178 49.81793463026354
73.49484798669994 81.15009086011963 49.806922618079156
73.4948531639074 81.15009155287102 49.80692619243658
73.49485008331031 81.150091147166 49.80692407864751
73.49485276872407 81.1500915064527 49.806925932577855
73.49485217404549 81.15009143285502 49.80692553401231
73.49485209672049 81.15009142328815 49.806925482193364
73.49485148744306 81.15009134864964 49.80692507538187
73.49485071894564 81.15009125293095 49.80692455909589
73.49484910035929 81.15009104361098 49.80692345620231
73.49485003471648 81.15009116858855 49.80692410119083
73.49484986661682 81.15009114839773 49.80692398975897
74.00144276918002 81.70540074666337 50.00916124335045
74.00144303386008 81.70540032000682 50.00916154240413
74.00144628691021 81.70539989672068 50.009161752781836
74.00146446126688 81.70539750988726 50.00916294394122
74.22910114711922 81.65011911253745 50.081573990689904
74.22977554529994 81.64992617031477 50.0818277717375
74.31117750766501 81.65518334462061 50.06975810668632
74.43433618642031 81.59998880148777 50.146232363680994
74.5313237692168 81.5897638177336 50.14486863149692
74.64960747010736 81.52772050198219 50.22386144984577
74.64961165603718 81.52771949944191 50.223860615739625
74.64961591141936 81.52771844845725 50.223859775405074
74.64962013523754 81.52771742556747 50.22385893644684
74.64962017488635 81.52771736607153 50.22385894050926
74.64962032134623 81.52771732839346 50.22385891194725
74.64962442169012 81.52771625961196 50.22385811564857
74.64962861541737 81.52771514195749 50.22385730708411
74.6496323733875 81.52771483777218 50.223856415690136
74.64963277148905 81.52771400932777 50.223856511763806
74.6496358737029 81.52771314745144 50.22385592204882
74.6496369028087 81.52771285835605 50.223855727182595
74.64964096071037 81.52771170690978 50.223854961551595
74.65974393883351 81.55062484696552 50.19319582722939
74.65975166107302 81.55062860516168 50.19318642532002
74.65975921376463 81.55063223133197 50.193177308923694
74.65976687104863 81.55063598511933 50.19316794264579
74.86495508556163 81.82983602599909 49.97665114962915
75.0771284421038 82.12511430362474 49.731301501089874
75.07785513281898 82.1260474339779 49.730509634903164
75.07819140335943 82.12647923297679 49.73014320488492
75.07926112925735 82.12785284884279 49.72897753728452
75.26730052630379 82.41132104089336 49.46576400137914
75.26732255852961 82.4113243295283 49.46577469772059
75.26734344897577 82.41132744873781 49.465784839593624
75.26736575809002 82.41133077524754 49.465795670878194
75.267376590435 82.41133239056997 49.46580093006661
75.26738361945131 82.41133344522113 49.46580434173791
75.26740626083415 82.41133683438589 49.465815332377716
75.26739022021644 82.41133443580507 49.465807545520825
75.2674034364401 82.41133641755374 49.465813960461674
75.2673875350739 82.41133403970595 49.4658062412173
74.84901974297298 80.62497624555542 49.2478869501482
74.84902641557332 80.62497800315447 49.247891921375626
74.84902753557515 80.62497829734404 49.24789275492547
74.84902189894376 80.62497681283884 49.2478885557437
74.84903346778273 80.62497985538107 49.24789716973068
74.8490270196748 80.62497815967485 49.247892368682685
74.84903087249651 80.62497917429232 49.24789523886481
74.84903040588993 80.62497905188872 49.247894891766734
74.84902977203177 80.62497888580157 49.2478944204567
74.69153000662223 80.63321933103596 49.25078718535026
74.69149881112533 80.63321918028699 49.25078328326666
74.69137305963638 80.63321846720297 49.250767310927316
74.52059684250202 80.64179822902342 49.24748712383145
74.2156170629625 80.6616764484201 49.252860465084574
74.21561275050632 80.66167765762611 49.25286239533299
74.21559744793583 80.66168176588957 49.25286896817933
74.2156045245473 80.66167996574947 49.252866079648335
74.21559987011204 80.66168127344153 49.2528681668983
74.21559128039505 80.66168368840684 49.252872021370735
74.1525838086505 80.68873958947705 49.29644922650207
74.15258174615369 80.68874088446145 49.296451354406834
74.15258146352609 80.68874106180482 49.296451645821605
74.15257917507519 80.68874238832414 49.29645383151097
74.15257914280764 80.68874253545462 49.29645406641332
74.12414316460658 80.69487344262909 49.30542673574388
74.15257868433183 80.68874282505931 49.296454542194596
74.12414304076107 80.6948738417507 49.30542740095102
74.12414210931644 80.69487431650543 49.305428074752
74.12414249903155 80.69487438951644 49.30542825821057
74.1241419095231 80.69487498492443 49.30542918993163
74.12414098585177 80.6948759114438 49.3054306388421
74.12414071599324 80.69487618234487 49.30543106251429
74.12413953078766 80.69487732207674 49.30543283751419
74.12413950232987 80.69487740688919 49.3054329785485
74.07649688593375 80.73430765120065 49.365736397812235
74.12413939471193 80.69487751495805 49.30543314756663
74.07649526811136 80.7343091890653 49.36573878464095
74.03853346282393 80.77693475592297 49.432563368073744
74.03853873463751 80.77693079659228 49.43255741260193
74.0385297331965 80.77693792360716 49.43256819128479
74.03852197502535 80.77694406632759 49.432577481362664
74.03851551647868 80.77694918040467 49.43258521580463
73.9947466325898 80.81441767391306 49.48833432848687
73.99474651752077 80.81441792150581 49.48833471251963
73.99474606693298 80.8144188910337 49.488336216442306
73.99474605485965 80.81441891701012 49.488336256670664
73.9947457757792 80.81441951752845 49.488337189035676
73.99474604683957 80.81441893426685 49.488336283438386
73.99474557777621 80.81441994354441 49.488337848862386
73.99474547220797 80.814420170738 49.48833820292414
73.99474541288407 80.81442029834042 49.48833839915207
73.9832105967844 80.83561681453729 49.52209619851912
73.98083570685665 80.85663134582833 49.55516540534106
73.98083502476307 80.85663234899678 49.55516694200391
73.9808330254769 80.85663528048644 49.555171432479206
73.9808329958139 80.85663534219685 49.55517152702427
73.94232247139175 80.88949680413305 49.604210720522865
73.98083295699267 80.85663539991765 49.55517161544212
73.94231970834731 80.88950019154738 49.60421581462579
73.94231385365644 80.88950685030949 49.604225784724896
73.94231641914497 80.88950407393128 49.604221640480674
73.90555658044262 80.93514235134 49.672576428556425
73.90555336694993 80.93514529357836 49.67258074528198
73.90555030461678 80.93514809747117 49.67258485903113
73.90554534959168 80.93515263456757 49.67259151565311
73.90554391520838 80.93515394803299 49.672593442707885
73.90553778183423 80.93515956093732 49.672601677808785
73.90553735715669 80.93515995333445 49.67260225340121
73.88196691238731 80.96186977942223 49.70973918618779
73.90553676933052 80.93516049159653 49.67260304311439
73.88196691584737 80.96186991675431 49.70973934058367
73.88196689659158 80.96186983135799 49.709739258620175
73.88196691110528 80.96186995548274 49.70973938881883
73.88196690210282 80.96187002978043 49.70973948127662
73.88196689409835 80.96187009916432 49.70973956728899
73.8819668885286 80.96187014876574 49.70973962865264
73.88196687580052 80.96187026653591 49.709739773942644
73.88196687503914 80.9618702736972 49.709739782767016
73.88196685757849 80.96187023827679 49.70973975654894
73.88196686235105 80.96187040357988 49.70973994189226
73.88196685456998 80.96187048524925 49.70974004178734
73.86591689661005 80.96930820764132 49.71623468096539
73.86591512237887 80.96930962414004 49.716236016020716
73.86591481823984 80.96930988688874 49.716236277832195
73.86591388997434 80.96931063671849 49.71623699075381
73.8659126423857 80.96931164446735 49.716237948883716
73.86591088669448 80.96931304549946 49.716239268889126
73.86591051458677 80.96931336514842 49.7162395862031
73.86590947942186 80.9693142015297 49.71624038155713
73.86590820877342 80.96931522813065 49.71624135776926
73.86590620125511 80.96931683101684 49.71624286859307
73.86590590207815 80.9693170930179 49.71624313198464
73.86590470464539 80.96931805999704 49.716244051172346
73.86590338249631 80.96931912784252 49.71624506634846
73.86590112024842 80.96932093596635 49.716246771937705
73.86590088434356 80.9693211469554 49.71624698689673
73.86589956027017 80.96932221636436 49.716248003565724
73.8658981998181 80.96932331490866 49.71624904775997
73.86589553145701 80.96932545259664 49.71625106775676
73.86589539803366 80.96932557711477 49.71625119790927
73.86589427399618 80.96932648441341 49.71625206007752
73.86589247226586 80.96932793880052 49.716253442170135
73.86588961195821 80.96933023456558 49.716255614590295
73.86588955754698 80.96933029309983 49.7162556804892
73.74923065713989 81.03191031536174 49.75509480952585
73.74916175295851 81.03194512853962 49.755114250893726
73.62993523496732 81.09612345245375 49.79355200163168
73.62994761749682 81.09611728389406 49.79354872111346
73.62989615368426 81.0961430838651 49.793562532199026
73.51990264476018 81.14843380205129 49.81793323895795
73.51990207364412 81.14843396632457 49.8179331233779
73.51990235468887 81.14843399440728 49.817933324596396
73.51990202869068 81.14843419376608 49.817933398549826
73.51990200087825 81.14843421106582 49.81793340524544
73.51990164374882 81.14843443328638 49.81793349132857
73.51990118968442 81.14843465836744 49.81793352463609
73.51990127145854 81.14843466481021 49.81793358089324
73.5199011743336 81.14843472304493 49.817933601388475
73.51990086061167 81.14843491288397 49.817933669890124
73.51990026669932 81.14843515641815 49.8179336460435
73.51990046591341 81.1484351609738 49.817933768331855
73.5199002128302 81.14843531948932 49.81793383070939
73.51990005249615 81.14843541950295 49.81793386968423
73.51989924013378 81.14843568843432 49.8179337520175
73.51989966283257 81.14843567644549 49.81793398279548
73.51989912506284 81.14843595367942 49.81793403636961
73.51989923846867 81.14843594917735 49.817934096581325
73.51989909301663 81.1484360359642 49.81793412671248
73.51989872805723 81.14843625278476 49.81793420107037
73.51989798239775 81.14843657122731 49.81793418794008
73.5198982212785 81.14843656071162 49.817934313403384
73.51989791403349 81.14843674117213 49.81793437325627
73.5198976590936 81.14843689022592 49.817934422011746
73.51989673492656 81.14843723896061 49.817934344856525
73.51989710967925 81.14843722109408 49.81793453986647
73.51989657776738 81.1484375502107 49.81793466561365
73.51989659076479 81.14843754925482 49.81793467193154
73.51989657164762 81.14843756138 49.81793467684399
73.51989607635637 81.14843788204533 49.81793481276145
73.51989512809229 81.14843824795307 49.81793474430204
73.519895611956 81.14843820706795 49.817934972479534
73.51989490694872 81.14843856495858 49.8179350353482
73.51989512736881 81.14843854425044 49.81793513653183
73.51989473315189 81.14843881460133 49.81793526475466
73.51989461309451 81.14843889615135 49.817935302764994
73.49485244124375 81.15009146937513 49.80692572002707
73.51989406381895 81.14843926356042 49.81793546912458
73.49485474843705 81.1500917848316 49.80692732644941
73.49485844579029 81.15009227936595 49.80692987870824
73.49485720984762 81.15009212103375 49.80692903956501
73.49485781506391 81.15009220197197 49.80692945731846
73.49485768770657 81.15009218630445 49.80692937215042
73.49485715113067 81.1500921202844 49.80692901330342
73.49485143870328 81.15009136357514 49.806925084813024
73.49485665817289 81.15009206152764 49.80692868743658
73.49485353938675 81.15009165171408 49.806926549293394
73.49485650817331 81.15009204864896 49.80692859832402
73.43046260008362 81.18886122854083 49.806921434193825
73.43047595534117 81.18885542345681 49.80692351643728
73.43043945838448 81.18887146519637 49.80691802238887
73.43041060514702 81.18888414716773 49.80691367889976
73.43034734869062 81.18891196452333 49.80690417191146
74.00138068896932 81.70540419244881 50.009160558238676
74.00139813462185 81.70540210828429 50.00916155286343
74.00140269967974 81.70540155914948 50.00916181583637
74.00142441446872 81.70539887847266 50.00916311603155
74.001445871483 81.70539611878755 50.00916448046032
74.00146554190279 81.70539573454074 50.00916418892149
74.22878562348919 81.65020759840817 50.08145603027545
74.22941512605678 81.6500277291486 50.081692817686104
74.2294450475184 81.65001902082258 50.081704141492864
74.22952564775441 81.64999598088558 50.081734463540755
74.23008678891048 81.64983558134904 50.08194556426835
74.43468056533032 81.5998844353946 50.146357062227786
74.64960760596229 81.5277203291753 50.22386145633557
74.64960848993668 81.5277192243532 50.223861493876164
74.64961099074362 81.52771863220676 50.223860993927126
74.64961270538421 81.52771822012068 50.223860652601644
74.64961684996095 81.52771720514797 50.22385983207995
74.6496210096545 81.52771615839886 50.22385901528261
74.64962426907512 81.52771531960342 50.22385837971112
74.64962512071305 81.52771509768881 50.22385821430372
74.64962921088275 81.52771401691949 50.223857423483615
74.64963327834643 81.52771291732046 50.22385664299435
74.64963697283453 81.52771267091154 50.22385575406423
74.64963731806883 81.52771180115634 50.22385587358595
74.64964126274748 81.52771088243222 50.223855081323194
74.64964134547526 81.52771066451012 50.22385511223798
74.64964259453532 81.52771030726005 50.22385487724529
74.64964534108668 81.52770951379895 50.223854362412766
74.64964929788515 81.52770835201781 50.22385362519428
74.64965320593674 81.5277071831521 50.22385290217773
74.65976054170635 81.55062970122873 50.193180765866586
74.6597681456784 81.55063352633641 50.193171309130896
74.86489157004478 81.82974631357965 49.976725265383386
75.07781859812988 82.12600051572664 49.73054944766598
75.07703720181067 82.12499712886984 49.731400928761666
75.07773803274124 82.1258970529457 49.730637241729575
75.07808151549204 82.12633811314286 49.73026295261478
75.07915646724024 82.12771843977522 49.72909159036868
75.26731376401179 82.41132300517407 49.465770429847964
75.26733413487773 82.41132604649222 49.46578031952238
75.26736058053658 82.41132999668123 49.465793158107495
75.26734485402308 82.41132764513578 49.46578552372128
75.2673521159196 82.4113287345161 49.46578904845747
75.26737304879403 82.41133185552837 49.465799211607596
75.26737953091242 82.41133282832999 49.46580235780003
75.26737858372894 82.41133268868413 49.46580189769555
74.84903391217799 80.6249799797378 49.24789750855828
74.8490342015898 80.62498005576884 49.247897723962325
74.8490377101663 80.62498097753354 49.24790033536567
74.84904356812021 80.62498251629525 49.24790469515105
74.84903960925193 80.62498147689809 49.24790174930696
74.84904016132282 80.62498162229687 49.2479021605905
74.69153707541963 80.63321981240361 49.25078909943403
74.8490400671084 80.62498159757507 49.24790209049933
74.84903821088605 80.62498111081538 49.24790070988631
74.69138019470927 80.63321896391321 49.2507692678963
74.69155269195402 80.63322086676216 49.250793307136796
74.69148466646456 80.63322053574097 49.25078479289402
74.21561446015158 80.6616772607432 49.25286175508032
74.69139583257022 80.63322005175965 49.25077355514928
74.48134645909342 80.65442275249875 49.269331772864284
74.21560172408167 80.66168083916983 49.25286746671161
74.21561039521967 80.66167852959407 49.25286377004194
74.21560458583687 80.66168016367988 49.25286637810501
74.15258383076235 80.68873978180186 49.296449531376794
74.21559749850714 80.66168215711593 49.25286955971413
74.15258392337245 80.68874013143795 49.29645008384297
74.15258146613178 80.68874113392232 49.29645176033584
74.15258231515244 80.68874113513698 49.296451733438275
74.15258148850039 80.68874165340384 49.29645258509033
74.15257942148602 80.68874295584214 49.29645472499361
74.1525790539519 80.68874318827233 49.29645510683038
74.15257667882943 80.68874460850061 49.2964574443766
74.15257667793776 80.68874470748959 49.29645760171137
74.12414180064287 80.69487538309568 49.305429855752436
74.15257628944916 80.68874495479444 49.29645800789713
74.12414170558421 80.69487572558478 49.3054304282513
74.12414066077157 80.69487637286639 49.305431380635966
74.1241411995165 80.69487623788136 49.30543123008861
74.12414051107606 80.69487693004805 49.3054323127529
74.12413969175401 80.69487774799154 49.30543359128694
74.07650168012319 80.73430447696413 49.36573169182563
74.03853991555421 80.77693014032697 49.432556462281205
74.0385387680333 80.77693104938166 49.432557837182216
74.03852650551072 80.77694070631675 49.43257243415562
74.03852554804756 80.77694152768194 49.43257368594287
73.99474675327791 80.81441741420252 49.48833392461269
74.03852302905956 80.77694352362802 49.43257670477911
73.99474655037396 80.81441785076363 49.48833460078703
73.99474638910169 80.81441819780855 49.488335140502926
73.99474636333696 80.81441825321085 49.488335225077336
73.99474609252141 80.81441883592137 49.48833612889008
73.99802399039584 80.82328719612212 49.503218077502886
73.99802385515768 80.82328799878162 49.50321934497887
73.99802357754996 80.82328965773743 49.50322196444131
73.99802352589234 80.82328996710865 49.50322245292206
73.98083607826892 80.85663140954807 49.55516550350397
73.98083585032794 80.85663189014014 49.55516623981201
73.98083447271031 80.85663350106924 49.55516870706964
73.9808355513842 80.85663232992243 49.55516691347474
73.98083381112176 80.8566348831033 49.55517082445549
73.98083300709155 80.85663606230526 49.5551726307651
73.94232365503493 80.88949581155946 49.6042092663517
73.94231685374997 80.8895038403993 49.60422131441154
73.90555936354835 80.93513982628006 49.6725727231466
73.90555452975732 80.93514425212757 49.67257921655704
73.90555322643637 80.93514544545903 49.6725809673608
73.90554736516111 80.93515081045096 49.67258883869576
73.90554706148652 80.93515109073282 49.67258924984051
73.90554257173673 80.93515518799745 49.672595261609146
73.90554673586283 80.9351513889078 49.67258968730881
73.90554066159075 80.93515695128903 49.67259784816789
73.90553852215064 80.93515891047191 49.672600722585855
73.8819669345088 80.96187006633014 49.70973949651676
73.88196692619576 80.96187013798672 49.70973958538457
73.88196692183769 80.96187017590566 49.70973963237762
73.88196690874976 80.96187027191829 49.70973975305206
73.88196690926225 80.96187029087478 49.70973977433532
73.88196689226751 80.96187027034725 49.70973976478611
73.88196690853864 80.96187029751154 49.709739782528075
73.88196689649929 80.96187041210189 49.709739923611934
73.88196687552794 80.96187028863272 49.709739799465936
73.881966890047 80.96187047515592 49.70974000110259
73.8819668835352 80.96187053956142 49.70974008018945
73.88196687044754 80.96187065779735 49.70974022630796
73.88196687093614 80.96187067271258 49.70974024298381
73.86591677432037 80.96930832054774 49.71623479823812
73.8819668701568 80.96187068095458 49.709740253060275
73.88196685790558 80.96187081266982 49.709740413925005
73.86591519530992 80.96930961796039 49.716236047196254
73.86591432762853 80.96931031815929 49.716236712443376
73.86591230679747 80.96931193730622 49.71623824259691
73.8659121035603 80.9693121143796 49.71623842002072
73.86591134657972 80.96931272606668 49.71623900175179
73.86590985939071 80.96931392771619 49.71624014448932
73.86590782642693 80.96931555918839 49.7162416881354
73.86590761447223 80.96931574280471 49.716241871429546
73.86590686564664 80.96931634819273 49.71624244737425
73.86590529802017 80.9693176157884 49.716243653494
73.86590314122495 80.96931934347862 49.71624528594511
73.8659029453254 80.96931951872743 49.71624546451669
73.8659018082419 80.96932043762246 49.71624633845402
73.86590040911096 80.96932156832943 49.71624741387346
73.86589802865424 80.96932347324619 49.71624921240945
73.86589784530211 80.96932364098856 49.71624938569131
73.86589648328476 80.9693247413426 49.71625043198941
73.86589508875349 80.96932586767231 49.716251502782
73.86589234600626 80.96932806593807 49.716253580719474
73.86589226933437 80.96932814545423 49.716253668675606
73.86589089902128 80.96932925248817 49.71625472130991
73.86588936999424 80.96933048784996 49.71625589604166
73.74918059213849 81.03193566745855 49.75510902603655
73.74919633107129 81.03192776324184 49.75510466086365
73.63001212074263 81.09608503172726 49.79353150292235
73.62997665600048 81.09610281145196 49.79354102090585
73.51990277364891 81.14843380819136 49.81793332230768
73.62988911314909 81.09614670198371 49.79356451795876
73.51990273395582 81.14843401507557 49.81793357330684
73.51990274212443 81.14843401553674 49.81793357868473
73.5199020245108 81.1484342121278 49.81793342044351
73.5199027327474 81.14843402140758 49.81793358099283
73.51990241657663 81.14843422491492 49.81793366617865
73.51990196876706 81.14843443685282 49.81793368571891
73.51990209139731 81.14843443872256 49.817933759757466
73.51990194541594 81.14843452986801 49.817933795355685
73.5199017165207 81.14843467230153 49.81793385053637
73.51990111827445 81.14843490697106 49.81793381241326
73.51990137295203 81.14843490117839 49.81793395335374
73.51990104583597 81.14843511752441 49.817934049166226
73.51990101051481 81.14843514072157 49.81793405929537
73.51990017569621 81.14843541207347 49.817933931731986
73.51990065090813 81.14843538423057 49.81793417214421
73.51990007175682 81.14843565182713 49.817934188798745
73.5199002717655 81.14843563912956 49.817934288686885
73.519900011353 81.14843580185591 49.81793435236761
73.51989981600381 81.14843592208534 49.81793439769926
73.51989901178405 81.14843623660846 49.81793434520216
73.51989933657012 81.14843621724626 49.81793450907206
73.51989892884721 81.14843645418082 49.817934585130345
73.51989877789948 81.1484365408428 49.817934611888994
73.51989786051084 81.14843688245861 49.817934529255396
73.51989822024515 81.14843686924458 49.817934721666866
73.5198977619684 81.14843714184765 49.81793481549224
73.51989765804672 81.1484372037864 49.81793483692978
73.51989714810475 81.1484375291976 49.81793497058705
73.51989641472346 81.14843786413998 49.81793498648716
73.51989667264216 81.14843785064214 49.81793511910813
73.51989622502529 81.14843816767277 49.81793527802927
73.51989623695846 81.14843816716504 49.81793528432003
73.51989621400254 81.1484381846702 49.817935294121874
73.51989580734192 81.1484384885112 49.817935459464174
73.51989468029485 81.14843888861209 49.81793533198872
73.51989538079971 81.14843881572168 49.81793564417367
73.51989444815344 81.1484392175763 49.81793563246468
73.51989490479076 81.14843916258141 49.817935826056
73.51989420667026 81.14843955201792 49.817935934747936
73.51989438249029 81.14843952880497 49.81793600658584
73.51989410035097 81.14843971145415 49.81793608398958
73.51989376996009 81.14843992487593 49.817936174015834
73.49485959164416 81.15009244658326 49.806930697715586
73.51989315916802 81.14844032631257 49.8179363495707
73.49486203537563 81.15009278046699 49.80693239872031
73.51989250859145 81.14844074351353 49.81793652280016
73.49486348454207 81.15009297836693 49.80693340724322
73.49486325188343 81.15009295033435 49.80693325284007
73.49486311927149 81.15009293982122 49.80693317581016
73.43042156196252 81.18887938600027 49.8069153887369
73.43048440279898 81.18885207862638 49.80692519458292
73.43037838017302 81.18889847640021 49.80690901033698
73.43042436115847 81.18887849075904 49.806916180154325
73.43033486954481 81.188917719838 49.80690259182306
73.43035995974391 81.18890681120655 49.80690650063502
73.43029047548235 81.18893735268661 49.80689604154684
73.43029234182467 81.1889365409388 49.80689633196731
73.43028807496864 81.1889384154446 49.806895688628806
73.38526337628797 81.22484581176495 49.80741992624184
73.3852017013673 81.22487524407508 49.80741029724054
73.92846171058353 81.71570884980474 50.00113569556093
73.92849384823508 81.71571157980036 50.00113437047321
73.9285090031706 81.71571287052217 50.00113374252814
74.00138455047977 81.70540003221257 50.00916343728265
74.00140319117459 81.7054009717189 50.009162223912526
74.00140619298992 81.70539737960675 50.00916471938579
74.00142673488992 81.70539578255176 50.009165274495174
74.0014274998199 81.7053947593589 50.009165987917754
74.0014353319709 81.70539382032182 50.00916643686581
74.0014483068876 81.70539225268267 50.0091671892358
74.22911678605031 81.65011127883412 50.081581332280905
74.22975788453714 81.64992800794182 50.081822519782
74.43422272403643 81.60002274200231 50.14619283318302
74.4342905380229 81.60000219269223 50.14621738099804
74.43441787065079 81.5999636867256 50.14626319806426
74.649605648277 81.52771883790376 50.22386231541586
74.6496096276336 81.52771792619251 50.223861512577976
74.64961327470405 81.52771748356989 50.22386068275978
74.64961367586746 81.5277169705347 50.22386070258307
74.64961490762666 81.52771667440607 50.22386045740532
74.64961778205492 81.52771597349911 50.2238598876192
74.64962183129367 81.52771496288909 50.22385909051435
74.64962528169764 81.5277148353285 50.223858235772624
74.64962585183902 81.52771393347427 50.22385830527051
74.64962896072251 81.52771312018092 50.22385770222035
74.64962986928258 81.52771287974022 50.22385752664112
74.64963388028188 81.52771180334196 50.223856755087766
74.64963784375473 81.52771071552417 50.22385599846039
74.64964180910627 81.52770960450735 50.22385524690159
74.64964561494745 81.52770880370983 50.22385446204491
74.64964574376675 81.52770847939199 50.22385450659036
74.64964696172902 81.52770812649531 50.22385427853479
74.64964963951533 81.52770734316252 50.22385377892181
74.64965348946423 81.5277061987629 50.223853064958774
74.6496572970188 81.52770504543821 50.22385236400815
74.64966107079043 81.52770388183791 50.22385167418369
74.65976920088309 81.55063102114829 50.19317484631694
74.86477296282318 81.82958295505112 49.9768611283869
75.07770498681269 82.12585461470951 49.73067325278572
75.07693528060545 82.12486623925736 49.73151199520779
75.07781240358133 82.1259925360616 49.73055620503709
75.07790137730412 82.12610678567768 49.730459251413635
75.07925738990652 82.12784802174887 49.72898161928565
75.26732502777855 82.41132467579973 49.465775899848026
75.26733538198948 82.41132622004633 49.465780926865094
75.26734248445129 82.41132728553633 49.46578437421175
75.2673660791228 82.41133081305212 49.465795828250556
75.26735094636958 82.41132855040247 49.465788482086566
75.26735691399179 82.41132944466841 49.46579137875884
75.26737602622372 82.41133230136785 49.46580065689673
74.84903584361675 80.62498048893016 49.24789894798844
74.84904519761363 80.62498294875408 49.247905912596075
74.84904594301221 80.62498314343574 49.247906466172545
74.84903976076303 80.62498151802376 49.24790186347664
74.8490528216661 80.62498495355035 49.24791158904728
74.84905408298707 80.62498528496823 49.24791252788718
74.84905106942907 80.62498449391481 49.24791028562319
74.84905049330553 80.62498434295415 49.247909857240614
74.84905222513666 80.62498479843796 49.24791114675943
74.84905038286571 80.62498431522556 49.247909776405166
74.84905072821834 80.62498440614691 49.24791003365092
74.69156618012606 80.63322179897287 49.250796991002915
74.84905065655732 80.62498438734718 49.247909980342754
74.84904738177767 80.62498352827997 49.247907544304724
74.69140705551266 80.63322086271087 49.2507767016277
74.69157605733837 80.63322248576073 49.25079969818897
74.69149624261608 80.63322213179644 49.25078978765366
74.21560701057582 80.66167958640656 49.252865448259485
74.69141907902886 80.63322173811815 49.250780087773556
74.48135839474139 80.65442452680122 49.26933664567697
74.21559430335066 80.66168315374115 49.25287114242901
74.21560339103044 80.66168071656489 49.25286724295013
74.21559722497074 80.66168245410375 49.252870015874784
74.15258154979404 80.68874181854676 49.296452845439646
74.1525827686396 80.6887414684323 49.296452247683845
74.15258166654215 80.68874215749668 49.2964533801047
74.15257907359721 80.68874326571384 49.296455229226495
74.15257997223604 80.68874322727089 49.2964551376238
74.15257920669133 80.68874371072913 49.29645593188623
74.15257697936575 80.68874513105885 49.29645826457535
74.15257676687595 80.68874526675017 49.29645848741886
74.12414159775292 80.694876280683 49.3054313630702
74.12414157703482 80.69487640164026 49.305431567185735
74.124140439407 80.69487731902491 49.30543296839643
74.12414135459436 80.69487662736663 49.30543192056966
74.1241403868378 80.69487760938793 49.30543345795985
74.07650078938849 80.73430538567146 49.36573311206338
74.12413986741198 80.69487813223004 49.305434275862325
74.07649932279527 80.73430690315939 49.3657354869426
74.03853843850153 80.77693133717447 49.43255827650066
74.03854032652066 80.77693009505845 49.43255643622226
74.0385349616426 80.77693434657161 49.43256286665764
74.03852408456116 80.77694296915361 49.4325759087811
74.03852154889195 80.77694497896533 49.43257894868697
73.99802424470913 80.8232867044498 49.50321728426284
73.99802423036674 80.82328684838276 49.503217510573464
73.99802400479344 80.82328785508571 49.50321910574972
73.99802421467679 80.82328694264783 49.50321765940809
73.99802391939659 80.82328870896714 49.50322044836681
73.99802372753811 80.82328928059508 49.50322136040673
73.99802383107108 80.82328923479614 49.50322127867446
73.99802359228048 80.82329064858617 49.5032235112413
73.99802347441356 80.82329047640158 49.50322325377218
73.98083774757646 80.85662983211844 49.55516308798305
73.98083668220559 80.85663139726111 49.55516548548171
73.98083539589504 80.85663328659597 49.55516837958034
73.98083469754624 80.85663431546408 49.55516995561182
73.98083289918749 80.85663696435827 49.55517401321647
73.98083265521844 80.85663732419937 49.5551745644254
73.94231892455512 80.88950163335753 49.604218023236754
73.94231755559804 80.88950331934551 49.60422055932502
73.90555818665702 80.93514091610314 49.67257432168974
73.94231549167772 80.88950575751728 49.604224218191796
73.90555702220908 80.93514199442704 49.67257590336523
73.9055525769268 80.93514604684428 49.672581849469864
73.90555454169285 80.93514426586376 49.67257923590961
73.90555090906986 80.93514759209597 49.67258411600659
73.90554720635798 80.93515098257419 49.67258909036011
73.90554457769734 80.93515338976478 49.672592622073054
73.90553931010419 80.93515821361603 49.67259969939087
73.90553810907895 80.93515931347929 49.672601313055864
73.88196694041417 80.961870279096 49.70973973527194
73.88196694149454 80.96187031656822 49.70973977728828
73.88196692489059 80.96187028557338 49.7097397554338
73.88196693993913 80.96187033030566 49.70973979429386
73.88196692893075 80.96187042915278 49.709739916506194
73.88196692313815 80.961870483125 49.70973998305709
73.88196691644843 80.96187054716951 49.70974006187673
73.88196690517798 80.96187065923175 49.709740199434734
73.88196690399069 80.96187067123878 49.70974021415688
73.88196688792037 80.96187068162642 49.70974023924467
73.88196689166122 80.96187080116444 49.709740373036894
73.88196688603253 80.9618708608338 49.70974044597609
73.88196687888069 80.96187093767101 49.70974053982199
73.88196686611775 80.96187107512104 49.709740707672864
73.88196686628913 80.96187108025799 49.70974071341364
73.8659141732823 80.96931045767298 49.71623685551454
73.88196686603476 80.9618710830932 49.70974071686862
73.86591395931121 80.96931065128771 49.716237054195695
73.8659127415084 80.96931163395664 49.71623798776366
73.86591159302327 80.96931256063554 49.716238868099694
73.86590943629149 80.96931429518638 49.716240511930195
73.86590930999746 80.96931440512799 49.716240622028195
73.86590884056405 80.96931478448136 49.716240982819144
73.86590699429574 80.96931627665052 49.716242402102615
73.8659048622186 80.96931799328907 49.71624403030994
73.86590472006418 80.96931811649486 49.71624415333716
73.86590419090624 80.9693185444886 49.71624456065284
73.86590234410085 80.96932003816403 49.71624598212197
73.86590010994959 80.9693218317893 49.71624767968588
73.8658999271568 80.96932199356773 49.7162478434244
73.86589897248265 80.96932276541267 49.71624857775745
73.86589736785095 80.96932406291606 49.71624981232391
73.86589493827142 80.96932600907432 49.716251651168484
73.86589477882737 80.96932615720976 49.716251805601516
73.86589342722343 80.96932724900628 49.716252843660826
73.8658919325481 80.96932845646342 49.716253991751714
73.86588926830393 80.96933058980702 49.7162560069021
73.86588914394521 80.96933071143263 49.71625613741688
73.86588752566226 80.96933201906313 49.7162573809796
73.74921813012016 81.03191683684432 49.755098648587186
73.62998482872442 81.0960987423002 49.793538858116456
73.6300002726332 81.09609105350927 49.793534771814464
73.62993175877429 81.09612540344997 49.79355316114285
73.62990988834733 81.09613636846304 49.79355903135098
73.51990304439228 81.14843405844923 49.81793381194033
73.51990268756626 81.14843425095634 49.8179338588244
73.51990275593911 81.14843425765797 49.81793390760428
73.5199026744776 81.14843431267269 49.81793393297276
73.51990244763897 81.14843446743751 49.817934005694894
73.51990190825569 81.14843467557121 49.817933966756115
73.51990214658325 81.14843467966128 49.817934111252086
73.5199018415481 81.14843489559759 49.817934219406936
73.51990185065034 81.14843489519855 49.8179342241897
73.51990103794886 81.14843513945397 49.817934073624656
73.5199018393053 81.14843490278395 49.817934227621464
73.51990152686577 81.14843512410711 49.8179343385941
73.51990095099937 81.14843536892634 49.8179343269811
73.51990120550288 81.14843535710905 49.81793445983618
73.51990087386633 81.14843557744952 49.81793455830418
73.5199008155236 81.14843561604437 49.81793457540404
73.51989996772812 81.1484359122816 49.81793447324598
73.51990040062663 81.1484358875548 49.81793469309568
73.51989986123695 81.14843618450378 49.81793477185077
73.51989993076343 81.14843618042167 49.81793480701328
73.51989889968766 81.14843653346368 49.81793467317962
73.51989984486119 81.14843623076369 49.81793482359814
73.5198993673788 81.1484365056844 49.8179349092874
73.5198987841255 81.14843683444413 49.81793500460135
73.51989881647532 81.14843683225133 49.81793502057318
73.51989773843314 81.14843719896608 49.81793487745133
73.5198987758606 81.14843685606746 49.81793502843351
73.51989824404983 81.14843716963364 49.81793513363229
73.5198975929865 81.1484374987681 49.81793518987237
73.51989776077068 81.14843748723513 49.81793527249923
73.51989750965151 81.14843765743775 49.81793535151064
73.51989728778207 81.14843780756865 49.81793542099169
73.51989688416461 81.14843811456613 49.817935592292756
73.51989601498063 81.14843846858928 49.8179355542311
73.5198965160981 81.14843841821359 49.817935779900125
73.51989578972675 81.14843877210856 49.817935825006785
73.51989611988742 81.14843873624494 49.817935970145456
73.51989556121092 81.14843908381395 49.81793610472716
73.51989569929745 81.14843906707137 49.817936163120216
73.51989546234957 81.14843923332127 49.817936245163125
73.51989517974948 81.14843943120108 49.817936342481545
73.51989397649301 81.14843989623921 49.817936256588716
73.51989465731532 81.14843980215375 49.81793652920034
73.51989374088797 81.14844024399434 49.81793657994514
73.51989405602416 81.14844019946369 49.81793670483077
73.51989358451647 81.14844049824 49.81793682561988
73.51989339438293 81.1484406174257 49.81793687261198
73.49486454833098 81.15009312364256 49.80693414757586
73.51989276025303 81.14844103351624 49.81793705396731
73.49486688743642 81.15009344352399 49.80693577634143
73.51989215497146 81.14844144774831 49.817937249694296
73.51989148020624 81.14844187638434 49.81793742396218
73.51989156143301 81.1484418639192 49.817937454843275
73.51989138753311 81.14844199292425 49.81793752432101
73.43049710002504 81.18884687504693 49.80692752260053
73.43043453426651 81.18887439136678 49.80691812240304
73.43036858597029 81.18890338898635 49.80690820700059
73.38528744713554 81.22483584777996 49.80742417885216
73.38533007899056 81.22481821186591 49.807431714312294
73.38525242171708 81.22485415602463 49.807419227945104
73.38527387561021 81.22484523066174 49.80742300371792
73.38522319767759 81.22486948702685 49.8074151150024
73.3852130430663 81.22487435134023 49.80741353557537
73.29814093140382 81.28319321576714 49.80068377995546
73.29812923949662 81.2832029443517 49.80068388957851
73.26430675793677 81.31050172104291 49.80136819082482
73.87083906521009 81.7227526664948 49.993488919453895
73.87085221628942 81.7227498312495 49.9934918710072
73.870871125796 81.72274564888103 49.993496203829935
73.8708849510546 81.7227426511905 49.99349932107528
73.92841078203709 81.71570388814119 50.00113837901949
73.92845791801332 81.71570789977216 50.00113642857096
73.92850743003328 81.7157125307223 50.001133996736144
73.92850416010987 81.71571183245251 50.00113451775053
74.00138136173346 81.70539696820879 50.00916573181421
74.00138812938631 81.70539621923226 50.0091660748658
74.00140918280314 81.70539372825394 50.00916725778933
74.00142996351519 81.70539120793316 50.00916846967617
74.00144957435238 81.70539005409273 50.00916873306329
74.00145031701555 81.7053887601283 50.00916964176706
74.22900993659536 81.65014032993918 50.081541782200034
74.22941569186514 81.6500243951368 50.08169440592516
74.23003337753677 81.64984790151601 50.081926748770286
74.43459003158803 81.59991150166039 50.14632557424366
74.6496053534157 81.52771786922611 50.223862622833586
74.64960704949297 81.52771749206724 50.22386227791418
74.64961094835213 81.52771660413084 50.22386149004092
74.64961485085456 81.52771568783645 50.223860708017895
74.6496178380863 81.52771497031759 50.22386011326461
74.64961883030796 81.52771472867613 50.22385991650785
74.64962278722456 81.52771374822248 50.22385913587462
74.64962669663997 81.52771275330647 50.22385837088896
74.6496301436341 81.52771246600042 50.22385755524281
74.64963064214236 81.5277117263125 50.22385760431949
74.64963224894869 81.5277113011345 50.22385729379317
74.64963457341828 81.52771067926366 50.22385684619843
74.64963847583994 81.52770961633978 50.223856099278706
74.64964233395352 81.52770854166627 50.2238553665382
74.64964618353969 81.52770744862886 50.22385464037929
74.64964991850769 81.52770655675387 50.22385389549757
74.64964999677741 81.52770634403419 50.22385392631142
74.64965062718073 81.52770615962673 50.2238538086917
74.64965377891741 81.52770522893874 50.22385322273464
74.64965751041241 81.52770410543893 50.22385253416253
74.64966121006916 81.52770297207557 50.223851856119055
74.64966487286245 81.52770183008694 50.223851189597234
74.64966849449965 81.52770068251064 50.22385053497162
74.86481077854762 81.82962959009059 49.97682112988839
75.07694032737362 82.12487270809416 49.73150649912692
75.07702099786081 82.12497629584696 49.731418593391275
75.07865838388396 82.12707884256139 49.7296343508261
75.09624059166464 82.1264711634832 49.72461328544001
75.07909198028075 82.12763561504374 49.729161866237376
75.0962396016346 82.1264697831011 49.72461443118272
75.26733668765488 82.41132641714937 49.465781560416005
75.26732213353132 82.41132424101873 49.46577449514626
75.26732833618168 82.41132516838533 49.4657775062182
74.84905622563882 80.62498585027971 49.24791412518934
74.84905624531262 80.62498585746464 49.24791414197106
74.84906306815344 80.62498765289789 49.24791922328521
74.84906438903083 80.62498800002481 49.24792020651877
74.84905752658338 80.6249861933693 49.24791509485921
74.8490614249061 80.62498722203115 49.24791800112473
74.84906173850092 80.62498730480546 49.24791823494162
74.84906202920475 80.62498738205139 49.24791845223589
74.84906115209134 80.62498715253196 49.24791780037705
74.84906145284687 80.62498723168972 49.24791802437956
74.69159075579958 80.63322352891205 49.25080377546229
74.84906139262516 80.62498721590009 49.24791797959064
74.84905856229688 80.62498647372432 49.24791587448788
74.48148740649775 80.65442314269296 49.269350073757025
74.69160043985437 80.63322421732536 49.25080646438016
74.69152504671854 80.63322389694288 49.25079713504822
74.21559992593338 80.66168179878959 49.25286896150096
74.4814976578036 80.65442400936047 49.269353004616974
74.4813880118509 80.65442605121733 49.26934324398158
74.15258178362767 80.68874235012399 49.29645368223537
74.15258311979562 80.68874187495709 49.29645288177377
74.15258199464208 80.68874257770193 49.29645403671725
74.15257928083665 80.6887438446782 49.296456142228664
74.15258044072337 80.68874355229303 49.29645563821309
74.1525794592234 80.68874417311704 49.29645665809757
74.1525767818909 80.68874530695844 49.29645855080446
74.1525775635808 80.68874537823729 49.29645863753281
74.15257695964021 80.68874576368745 49.296459270562345
74.15257452504689 80.68874731803695 49.29646182326141
74.15257439986627 80.68874739757925 49.29646195391342
74.12414030542618 80.6948781227004 49.305434325150756
74.12414028152855 80.69487826273767 49.30543456147713
74.03854626103725 80.77692556334797 49.43254960788347
74.1241400225305 80.69487852550904 49.305434972848744
74.03854500688524 80.77692666693717 49.43255129366045
74.03853336520389 80.77693573676565 49.43256498824783
74.0385401478717 80.77693051799851 49.432557118475664
74.03853162717337 80.77693727001028 49.432567330867585
74.03852065195066 80.7769457512303 49.43258012603771
74.03852482677134 80.77694265712454 49.43257547860127
73.99802427363223 80.82328758465646 49.50321865678544
73.99802408659475 80.82328869325181 49.50322040738818
73.99802396454234 80.82328941574393 49.5032215483038
73.9980237299845 80.82329080795185 49.503223746731855
73.99802364462947 80.82329131671443 49.50322455008067
73.98083758054014 80.85663075619236 49.555164504107
73.98083742840555 80.85663097976251 49.55516484657369
73.98083583947157 80.85663316870153 49.55516819947608
73.98083555872549 80.8566337550649 49.55516909783124
73.98083418674783 80.85663539964386 49.55517161667229
73.980835197005 80.85663429192374 49.5551699202011
73.98083360195047 80.85663665356765 49.555173537803775
73.98083250741279 80.85663764819532 49.55517506082268
73.980832715891 80.85663796890796 49.555175552665546
73.98083160685428 80.85663962070382 49.55517808292086
73.90556183204376 80.93513761311048 49.6725694745552
73.90556040032422 80.93513892426975 49.6725713982222
73.90555509427003 80.93514378183619 49.67257852505416
73.90555490508403 80.93514395730635 49.67257878242328
73.90554964409344 80.93514876673193 49.67258583884838
73.90555440892408 80.93514441167295 49.67257944904757
73.90554891878872 80.93514943949233 49.672586825611816
73.90554369243327 80.93515421178294 49.6725938277301
73.90554698157932 80.9351512135985 49.672589428490475
73.90554265830701 80.93515517277878 49.67259523720222
73.90553764992752 80.93515973934728 49.67260193769339
73.90553938590205 80.93515816950901 49.672599633857985
73.88196696152045 80.96187045314588 49.70973991721894
73.88196695286283 80.96187052745813 49.709740009410254
73.88196694886311 80.96187056300998 49.70974005339891
73.88196693695878 80.96187067216869 49.709740188153006
73.8819669362881 80.96187067850805 49.70974019596184
73.88196692106203 80.9618707000375 49.70974023311314
73.8819669241081 80.96187079924749 49.70974034420149
73.88196690481446 80.96187069944997 49.709740245780594
73.8819669197359 80.9618708433623 49.70974039830004
73.88196691164916 80.96187092627257 49.709740499866825
73.88196690183119 80.96187103073495 49.70974062753092
73.88196689921996 80.96187105927373 49.70974066234999
73.88196688392077 80.96187110250386 49.70974072440728
73.88196688687779 80.9618711983379 49.709740831703485
73.88196688273402 80.96187124523283 49.709740888797555
73.88196687411184 80.9618713440155 49.709741008976884
73.8659139388928 80.96931070082101 49.71623712450544
73.8659134603532 80.96931108697524 49.71623749137265
73.86591136996813 80.969312760669 49.716239072237784
73.86591119382884 80.96931291756763 49.71623923168435
73.86591032670545 80.96931361762475 49.716239897013736
73.86590878899479 80.96931485892422 49.716241076634404
73.8659064430647 80.96931675356078 49.71624287776913
73.8659064284805 80.96931676625091 49.71624289047361
73.86590637597898 80.9693168086576 49.71624293079101
73.86590402703229 80.96931870715333 49.71624473659442
73.86590179903453 80.96932050897745 49.71624645120685
73.86590162775144 80.96932064751915 49.716246583058144
73.86589926753098 80.96932255820514 49.716248402618355
73.86589696806557 80.9693244108888 49.71625016075973
73.8658968324078 80.9693245294128 49.71625027973333
73.86589620002283 80.96932504120676 49.71625076701672
73.8658942976283 80.96932658093965 49.71625223308705
73.86589176711804 80.96932861118583 49.71625415367827
73.86589163290954 80.96932873666077 49.716254284967114
73.86589035794618 80.96932976725815 49.716255265337935
73.86588878227224 80.96933104083374 49.71625647677746
73.74922794087564 81.0319119186845 49.755095941647305
73.74923968035415 81.03190603304114 49.75509270157818
73.74918372866777 81.03193430560887 49.75510849395404
73.6300145226728 81.09608398641899 49.79353103113158
73.62991425169403 81.09613419989284 49.7935578809155
73.62992781547393 81.0961274601049 49.79355430619366
73.51990334755362 81.1484340759757 49.81793401207588
73.51990329020325 81.14843411468476 49.81793402990617
73.5199030258886 81.1484343075115 49.81793413119871
73.51990263604756 81.14843448642921 49.817934140808276
73.51990277956597 81.1484344993947 49.81793424174013
73.5199025965146 81.1484346435417 49.81793432594364
73.51990252681708 81.14843469789926 49.81793435730609
73.51990226746874 81.14843490325956 49.817934478106146
73.51990176957347 81.14843511898178 49.81793447343388
73.51990200755672 81.14843511379482 49.81793460543509
73.51990169234493 81.1484353434125 49.81793472578184
73.51990170167286 81.14843534288343 49.81793473052404
73.51990086053246 81.14843561495834 49.817934600229734
73.51990168995601 81.14843535060344 49.81793473391719
73.51990132215093 81.14843559925563 49.81793484879764
73.5199007669403 81.14843587615871 49.81793489175569
73.5199009087172 81.14843587071877 49.81793496728051
73.51990073174977 81.148435980122 49.81793500899195
73.51990043113612 81.14843616602107 49.817935079921725
73.51989975785462 81.14843647960049 49.817935102582936
73.51989994905402 81.1484364676541 49.817935198325884
73.51989970899827 81.1484366119983 49.81793524952586
73.51989941497106 81.14843678932108 49.817935312933855
73.51989865794579 81.14843712772269 49.81793531962075
73.51989893854886 81.14843709913634 49.81793544548391
73.5198985462147 81.14843735347596 49.817935553587375
73.51989844207381 81.148437420313 49.8179355813882
73.51989743098017 81.1484377915671 49.81793548334964
73.51989801573825 81.14843772720668 49.81793573929458
73.5198972461417 81.14843807558599 49.81793575186788
73.51989761380084 81.14843803322948 49.81793591028438
73.51989705110026 81.14843836362405 49.81793601975836
73.51989720238291 81.1484383479645 49.817936087287244
73.51989692668656 81.14843855800795 49.81793620475352
73.51989677458695 81.14843867332246 49.817936268810215
73.51989633054453 81.14843900875945 49.81793645420922
73.51989535305066 81.1484394128211 49.81793641925424
73.51989586924266 81.14843935540283 49.81793664438719
73.51989514023498 81.14843974546741 49.8179367358872
73.51989537083757 81.14843971782092 49.817936833818166
73.51989500888703 81.14843996730202 49.81793695321346
73.51989481365335 81.1484401012709 49.81793701681997
73.51989352331769 81.1484405981588 49.81793692231931
73.51989428049345 81.14844048414824 49.81793721308232
73.51989328525937 81.14844095135463 49.81793725145414
73.51989369797803 81.14844088490393 49.817937404235614
73.5198930238315 81.14844130541033 49.81793756809117
73.51989312567406 81.14844128835935 49.81793760492544
73.5198929405684 81.14844141800504 49.81793766871304
73.51989254195064 81.14844169913351 49.8179378086502
73.43051282276765 81.18884003565154 49.80692996817152
73.5198919733862 81.14844211187157 49.81793802382355
73.43047183844709 81.1888581634797 49.80692392420562
73.43052203903068 81.1888363260941 49.8069317324448
73.43043017932641 81.18887659152045 49.806917782649165
73.43045830362968 81.1888643549651 49.80692215446514
73.43038761778888 81.1888954162042 49.80691150524572
73.4303921869258 81.18889342781881 49.806912215050794
73.430378311997 81.18889953032954 49.80691013078579
73.38535297627999 81.22481211924163 49.80743685892993
73.3852170946714 81.22487265024107 49.80741424359424
73.38530086004441 81.22483741119991 49.80742885905263
73.2981461324953 81.28319212328503 49.80068498536251
73.38525000111203 81.2248622431819 49.807421100941454
73.29813861773982 81.28320091793354 49.800686041169065
73.32023095170794 81.28769724703332 49.811845870796134
73.26430685051339 81.3105047004878 49.80136944024778
73.28639671547802 81.31500756279095 49.81253210896838
73.26430697570838 81.310515087759 49.801373686553255
73.28640089919462 81.31501833051797 49.81253821401761
73.2864034650742 81.3150276062667 49.812543052752304
73.28640494391769 81.31502925930045 49.81254432875505
73.28640754214085 81.3150363964458 49.81254830453976
73.28640902353547 81.3150404394284 49.812550560583205
73.2864134303023 81.31505211034766 49.812557125936735
73.28641798497519 81.31506411712157 49.81256388876314
73.87080376189091 81.7227575283656 49.9934833087376
73.87081810156681 81.72275449251381 49.99348648024658
73.87082254436623 81.72275354680468 49.99348746717191
73.87084144358849 81.72274939520973 49.99349177366548
73.870858068334 81.72274647168415 49.9934949491375
73.87086011317112 81.72274530016742 49.99349602269429
73.87086468662774 81.72274431597322 49.99349704762175
73.87087834836395 81.72274137072895 49.99350011370514
73.9284100227274 81.71570365131149 50.001138568594975
73.92840783895097 81.71570297014537 50.00113911385438
73.9284426263665 81.71570597194533 50.00113763660918
73.92845420296817 81.71570697391145 50.00113714223305
74.00137096785211 81.70539474826492 50.00916762757256
74.00138927741033 81.70539499798656 50.00916691959726
74.00139164643262 81.70539248467136 50.00916865786422
74.00140554657811 81.70539095374387 50.00916935713997
74.00141204192674 81.70539023780188 50.00916968430485
74.00143217974924 81.70538791734329 50.00917077108065
74.2290958148423 81.65011435295477 50.08157470911128
74.22968408777247 81.64994639108428 50.08179593303966
74.22969982833511 81.64994181601227 50.08180188744687
74.22971871078647 81.64993642637648 50.08180898761382
74.43419506986832 81.6000308390294 50.146183810588866
74.64960461261386 81.52771700267142 50.22386302023125
74.64960829647471 81.52771626721145 50.2238622510381
74.64960839023942 81.52771617453035 50.223862249156014
74.64960852317616 81.52771614502015 50.22386222210936
74.64961223749084 81.52771530566136 50.22386146996158
74.64961602297316 81.52771442079177 50.223860710443404
74.64961922204203 81.5277142506439 50.22385993037557
74.64961983849156 81.52771350424547 50.22385995079793
74.64962136799222 81.52771313196786 50.22385964744877
74.64962373783419 81.52771254713504 50.22385917935122
74.64962758532664 81.52771157591474 50.22385842458355
74.64963144527631 81.52771057877624 50.22385767282093
74.64963514166072 81.52770960283776 50.22385695795154
74.64963530041652 81.52770956060711 50.223856927324064
74.6496391074229 81.52770853022078 50.22385619709986
74.64964287135561 81.52770748710947 50.22385548097154
74.64964661042134 81.52770642872284 50.22385477487805
74.64965033482176 81.5277053544507 50.22385407634799
74.64965389137399 81.52770477969212 50.22385330136868
74.64965402714252 81.52770426892955 50.223853388739954
74.64965768803793 81.5277032702523 50.223852688416365
74.64965771072272 81.52770316953132 50.223852706694714
74.64965839668477 81.52770296311245 50.22385258008686
74.64966135971622 81.52770206473336 50.22385203481521
74.64966495727072 81.52770095430682 50.22385137748
74.6496684954543 81.52769984790221 50.22385073441515
74.64967193725005 81.52769876006809 50.22385011163712
74.86484099767303 81.82966689880273 49.97678914093072
74.8650888455383 81.82999871871415 49.976511046967445
75.07781594336055 82.1259970699331 49.73055235106641
75.07821732084696 82.12651247036987 49.73011497513286
75.07960935481388 82.12829996807275 49.72859808888248
75.07878663469394 82.12724352183076 49.72949459895638
75.07912054054151 82.12767228709086 49.72913074493839
74.84906650716712 80.624988558911 49.24792178559056
74.84906665236122 80.62498859924699 49.24792189598122
74.84907341556769 80.62499037899194 49.24792693288744
74.84907479555545 80.62499074171203 49.24792796018406
74.8490678781287 80.62498892049368 49.24792280747788
74.8490718814198 80.62498997692524 49.24792579207481
74.84907294515246 80.62499025679057 49.247926584230484
74.84907564437194 80.62499096672734 49.247928594089586
74.84907120113101 80.62498979992696 49.247925287572
74.8490733862798 80.6249903749252 49.247926914936656
74.69161285448315 80.63322512126018 49.250809960792225
74.84907296371165 80.62499026420073 49.24792660073213
74.84907162730839 80.62498991429896 49.24792560732604
74.48150582933175 80.65442473550866 49.26935540825181
74.69162608937945 80.63322608644637 49.25081369173587
74.69157628276818 80.63322587525926 49.25080752961572
74.15258219807407 80.68874270254173 49.29645422819419
74.41853265054596 80.68147205067518 49.31292052345668
74.41843053665706 80.68147837375943 49.31291982368349
74.15257957139318 80.68874433049804 49.29645690438486
74.15258077532947 80.68874397937854 49.29645630553821
74.15257985295253 80.688744554098 49.296457250149956
74.15257698158374 80.68874589805768 49.29645948334655
74.15257808895639 80.68874565730488 49.296459063163596
74.15257714218623 80.68874625165037 49.29646003979156
74.15257439810618 80.68874743131288 49.29646200757966
74.15257526545692 80.68874743101381 49.296461977654204
74.15257440375086 80.68874797683915 49.29646287428996
74.12414027023378 80.69487876069232 49.30543541286103
74.09145443596128 80.72614796760755 49.35399820469686
74.03854139417234 80.77692977742464 49.4325560357234
74.03854116540333 80.7769299736818 49.43255633482657
74.0385292057785 80.77693938714319 49.43257056302511
74.03854054000195 80.77693046981955 49.43255708531686
74.03852824304255 80.77694022468974 49.43257184110209
73.99802413703563 80.82328898587498 49.50322085967094
74.03852499546339 80.77694279997134 49.43257573648086
73.9980240354518 80.82329003089215 49.50322250253633
73.9980238556011 80.82329053007308 49.503223300195046
73.99802391564677 80.82329074687256 49.503223633056365
73.99802372376455 80.82329188881437 49.50322543624036
73.99802356551987 80.82329211632437 49.50322580727847
73.99802356801071 80.8232928179066 49.50322690328845
73.98083832598914 80.85663036890564 49.55516391150435
73.98083732344566 80.85663120584691 49.555165192957304
73.98083722314982 80.85663198782663 49.555166391379956
73.9808364121405 80.85663318088358 49.55516821891605
73.9808350347025 80.85663520845341 49.55517132476817
73.98083444796389 80.8566360739273 49.555172650511516
73.98083265113519 80.85663874309807 49.5551767391966
73.98083248464894 80.85663899085903 49.55517711872179
73.94521336670758 80.89916287454821 49.619029932239876
73.94521204567604 80.8991640037502 49.6190316142704
73.90555965803571 80.93513961111462 49.67257240569731
73.90556200645497 80.93513747539382 49.67256927179004
73.90555799907243 80.93514114572443 49.672574656701826
73.90555483951842 80.93514403958673 49.672578902419325
73.90555237797892 80.9351462940686 49.67258221007468
73.90554733177797 80.93515091608198 49.67258899123655
73.90554660600476 80.93515158086953 49.67258996657523
73.90554105120877 80.93515666384073 49.672597424187344
73.9055406148406 80.93515706853395 49.67259801776838
73.881966966059 80.96187058642207 49.70974006608556
73.9055394611134 80.93515812522114 49.67259956808306
73.88196696964573 80.96187069249413 49.709740184586664
73.88196695165476 80.96187064566685 49.70974014574383
73.88196696453926 80.96187073867205 49.70974024165021
73.88196695721955 80.9618708048981 49.70974032348484
73.88196693674928 80.96187069230169 49.70974021137606
73.88196694939738 80.96187087693377 49.70974041238365
73.88196694453416 80.96187092310416 49.709740469238874
73.8819669335018 80.96187103154463 49.70974060245469
73.88196693198901 80.96187104677875 49.70974062113889
73.88196691733167 80.96187110211827 49.709740696533686
73.88196691977193 80.96187117640011 49.709740779578226
73.88196690104562 80.96187111791623 49.70974072799308
73.88196691633446 80.96187121344578 49.70974082481556
73.88196690732934 80.96187131214646 49.709740945215444
73.88196689865718 80.96187140889032 49.70974106310151
73.88196689470333 80.9618714541442 49.70974111816074
73.88196688041269 80.96187154103383 49.70974122937739
73.88196688238308 80.96187160219353 49.70974129778368
73.8659133762603 80.9693111630561 49.71623756943697
73.88196687978348 80.96187163299322 49.70974133518185
73.86591310129918 80.96931141063641 49.716237822729255
73.86591155137741 80.96931266216018 49.71623901232421
73.86591078016376 80.9693132848222 49.716239604123196
73.86590854651335 80.96931507973417 49.71624130409877
73.86590845862163 80.96931516045531 49.71624138767925
73.86590783087343 80.96931566743987 49.71624186964239
73.86590602828085 80.9693171233846 49.716243253821034
73.86590381916339 80.96931890811207 49.716244950881524
73.865903559314 80.96931911801866 49.71624515046082
73.86590159168847 80.96932067918866 49.71624661495262
73.86590118752133 80.96932103683292 49.71624697689241
73.86589895132738 80.96932284631137 49.716248699508654
73.86589876889218 80.96932299396785 49.71624884010086
73.8658963506039 80.96932495200983 49.71625070500248
73.86589400414685 80.96932684284079 49.71625249954593
73.86589389056034 80.96932694452097 49.716252603196764
73.86589313458522 80.96932755629582 49.71625318564369
73.86589125543071 80.9693290769338 49.716254633332554
73.86588864340972 80.96933117376696 49.71625661775644
73.86588853928828 80.96933127479328 49.71625672569819
73.86588718383594 80.96933237089648 49.71625776869398
73.74925750718138 81.03189710334124 49.75508779386867
73.63002368668431 81.09607942750307 49.793528610138424
73.63003523260973 81.09607368135454 49.79352555740219
73.62998379463629 81.09609947107421 49.79353936449348
73.62994480290911 81.09611902065919 49.79354983084913
73.51990333897226 81.14843412251284 49.81793406873903
73.62985941349166 81.09616183700483 49.7935727558478
73.5199032963881 81.1484343385481 49.81793433017803
73.51990333022887 81.14843434258131 49.8179343552706
73.5199032885614 81.14843437594799 49.81793437517294
73.51990309176784 81.14843453288742 49.81793446830967
73.51990258143199 81.14843470049072 49.81793439261078
73.51990287846797 81.14843472022416 49.817934592096535
73.51990252243053 81.14843491210961 49.81793463861692
73.51990265145737 81.14843491652675 49.81793471976401
73.51990248102317 81.14843505412355 49.81793480264994
73.51990238798297 81.14843512867358 49.81793484714977
73.51990209534847 81.14843535420533 49.81793497525683
73.51990161106065 81.1484356024256 49.81793502159146
73.51990174305423 81.14843560273907 49.81793509903163
73.51990157572735 81.14843571388401 49.81793514867696
73.51990133607032 81.14843587237047 49.81793521885085
73.51990067239694 81.1484361595466 49.81793521212934
73.51990091027844 81.14843615244446 49.81793534153317
73.51990061143019 81.1484363393226 49.81793541479058
73.51990042834622 81.14843645381052 49.81793545967096
73.51989964795911 81.14843677217198 49.81793542616793
73.51989999285642 81.1484367467538 49.8179355937484
73.5198995246422 81.14843704797218 49.817935719695626
73.51989955387006 81.14843704553081 49.81793573351626
73.5198985174257 81.14843741244388 49.81793561493159
73.51989951357126 81.14843707260053 49.81793574587262
73.51989909102737 81.14843735670695 49.817935875794035
73.51989836459641 81.14843769292008 49.817935897434026
73.51989867586838 81.14843765982874 49.81793603522401
73.51989819778225 81.14843796994722 49.81793616720487
73.51989829369786 81.1484379595087 49.81793620934326
73.51989814160054 81.14843807012176 49.81793626717095
73.5198978463491 81.14843828297587 49.81793637695053
73.51989685915049 81.14843866423746 49.8179363061178
73.51989742769896 81.14843860434723 49.81793655852749
73.51989666886507 81.14843897316447 49.81793660446559
73.51989698065887 81.14843893877976 49.81793674084612
73.5198964718507 81.14843928645745 49.81793690467247
73.51989653476942 81.14843927918523 49.81793693175152
73.51989643263398 81.148439353322 49.81793697039619
73.51989603735618 81.14843963886825 49.81793711813679
73.51989493678546 81.14844008453716 49.817937066498146
73.51989555260117 81.14844000089289 49.817937315011854
73.51989471284364 81.14844042203318 49.81793738306528
73.51989505355965 81.14844037218514 49.81793751583142
73.51989448601664 81.14844076223507 49.81793770153463
73.51989452711766 81.14844075581708 49.81793771701399
73.519894458078 81.1484408048648 49.817937741723796
73.51989395951328 81.14844115474567 49.81793791444734
73.5198927683654 81.14844166169388 49.81793789115949
73.5198934077228 81.14844155410533 49.81793812168011
73.5198925059059 81.14844202043135 49.817938213398776
73.51989285372667 81.14844195931356 49.81793833537629
73.51989224074318 81.14844238051171 49.8179385358402
73.51989228739376 81.14844237203721 49.81793855183272
73.51989220135412 81.14844243474897 49.81793858472973
73.43053441761514 81.18883124846525 49.80693399692157
73.43047356606853 81.18885802077449 49.806924865204806
73.38536712664 81.22480620374014 49.807439340034534
73.43041577127548 81.18888346521615 49.806916210956786
73.38533095249785 81.22482477711893 49.80743411787083
73.38537928321432 81.2248045063466 49.80744257058045
73.38529354154815 81.22484394004395 49.80742870238993
73.38533170525824 81.22482787930778 49.807435359364135
73.32024285173402 81.2877023318365 49.811852061476856
73.32024891510319 81.28770498657624 49.81185524630098
73.32024433569485 81.2877158516754 49.81185898642519
73.32024736595282 81.28771708589626 49.811860533907435
73.28641102427855 81.31502993141731 49.81254706633632
73.28641118648943 81.31503011250157 49.812547206202574
73.28641146025942 81.31503086121845 49.81254762376738
73.28641522112997 81.31504089246177 49.812553255894194
73.28640982213132 81.31504132010514 49.812551244733086
73.28641968635331 81.31505220535655 49.81255969826034
73.28641606823112 81.31505495908029 49.812559361114744
73.28642434307974 81.31506390532144 49.81256637673379
73.28642229038432 81.31506865173105 49.812567489786595
73.28507399651286 81.33770209883998 49.820920008222885
73.28506903187272 81.33770148530755 49.82091770666047
73.28507488262719 81.33770237041725 49.82092050333945
73.28507052931485 81.3377018540479 49.82091849642887
73.28507595650085 81.33770267287062 49.8209210894915
73.28507206021555 81.33770223026852 49.82091930344892
73.28507684948316 81.33770295130483 49.82092159091794
73.23238687172444 81.36854062911027 49.814192490846274
73.2850773886204 81.33770317925213 49.82092192478866
73.2323571841211 81.3685531543132 49.81418634578354
73.23237555720995 81.36854619462997 49.81419051532748
73.23232724086817 81.36856579489385 49.81418015128334
73.23233109304756 81.36856433386606 49.81418102464008
73.23232178420255 81.36856810895846 49.81417902730894
73.7175983486298 81.73521100040244 49.966377036932165
73.71761636771711 81.73520771209687 49.9663820830049
73.77750571386676 81.73702359691755 49.97281685568697
73.8707895901906 81.72275912236366 49.99348135732518
73.87079437618588 81.72275667998564 49.99348361800568
73.8708031531768 81.72275483976367 49.993485544111806
73.87081275301756 81.72275285914097 49.99348762377187
73.87082472491429 81.7227523705716 49.993488550542956
73.87083117253827 81.72274889503827 49.99349175188316
73.87084408723067 81.7227461768473 49.99349459478816
73.87084928567872 81.7227450803074 49.993495741145686
73.87086745847257 81.72274111253353 49.99349986171517
73.8708841658849 81.72273792616775 49.99350326184489
73.87088523232055 81.7227372944306 49.993503839196194
73.87088780673473 81.72273674094338 49.99350441569473
73.92840532142792 81.71570217493961 50.00113975157199
73.92845315447377 81.71570671183721 50.001137344355875
73.92845055083218 81.71570606658821 50.00113784118426
73.92848060523505 81.71570865958974 50.0011365652821
74.00137485666272 81.70539109995718 50.00917013783949
74.00139497724166 81.70538897519137 50.009171084443324
74.00141303800729 81.70538903049925 50.00917052339919
74.00141487621822 81.70538680323767 50.0091720713633
74.00142597718417 81.70538561916842 50.00917260209985
74.00143434666418 81.70538472286373 50.009173004821704
74.22938072496035 81.65003160612773 50.0816824585085
74.22997056974522 81.64986313568465 50.081904299462295
74.43422777478995 81.6000208302871 50.14619599281379
74.43449497686852 81.59994003198995 50.14629212110687
74.64960604066552 81.52771567830538 50.223862970707344
74.64960971240693 81.52771487723925 50.2238622203206
74.64961197254587 81.52771437263681 50.22386176117337
74.64961344515112 81.52771403885833 50.22386146321043
74.64961717013921 81.52771317488592 50.223860714213245
74.64962087572279 81.52771228801868 50.223859975672475
74.64962452096034 81.52771154165559 50.22385921899749
74.6496246585128 81.52771136456644 50.22385922607634
74.6496251309877 81.52771124762958 50.2238591328329
74.64962842980577 81.52771042019694 50.22385848443466
74.64963220145373 81.52770945271152 50.223857748232604
74.64963533190635 81.52770950644887 50.22385693220269
74.64963597215004 81.52770846449714 50.22385701723432
74.64963921386071 81.52770759695424 50.223856393084745
74.64963972055624 81.52770745998669 50.22385629585396
74.64964341221031 81.52770644382917 50.223855591821035
74.64964706806165 81.52770541315866 50.22385490044631
74.64965072133597 81.52770436613591 50.2238542136452
74.64965434251891 81.52770330800095 50.22385353773642
74.64965795335965 81.52770223741751 50.223852867459506
74.64966148134597 81.52770141158354 50.2238521598816
74.64966153109145 81.52770116185073 50.22385220686962
74.64966251600958 81.52770086332795 50.223852025596116
74.64966505952637 81.52770009004934 50.2238515580268
74.6496685051404 81.52769903588235 50.22385092621391
74.64967185368471 81.52769799359476 50.22385031646372
74.64967240909938 81.52769781548075 50.22385021657787
74.86493791179032 81.82979734002194 49.97667997832143
75.07743198603387 82.12550403277741 49.730970746068735
75.07666687519824 82.12452156451582 49.73180447915278
75.07774941922182 82.12591164762195 49.730624841588835
75.07724181694697 82.1252598424804 49.73117797037125
74.84907688542361 80.62499129318331 49.24792951822845
74.84907715553165 80.6249913665138 49.24792972177967
74.84908385375525 80.6249931291604 49.247934710291915
74.84908529226013 80.62499350731898 49.24793578121125
74.84907832488116 80.62499167286009 49.24793059120175
74.8490838049531 80.62499311692429 49.24793467458947
74.84908498756941 80.62499342850484 49.24793555574092
74.84908679811643 80.62499390462078 49.24793690379647
74.84908866917212 80.62499439664755 49.2479382969031
74.84908001604454 80.62499212176014 49.247931854801195
74.8490879159912 80.62499420023727 49.24793773786942
74.69163308335446 80.63322661186405 49.250815698736744
74.84908737406607 80.62499405934749 49.24793733609275
74.84908736807705 80.62499405783416 49.24793733169891
74.41852809212902 80.68147260929256 49.31292101447343
74.69165081985443 80.63322796593786 49.2508208382425
74.69168131267996 80.63322834555773 49.25082518732333
74.15258012685122 80.6887445625782 49.296457254325944
74.41851354066648 80.68147434793029 49.31292249763723
74.65169326794654 80.64819435643749 49.274406080892724
74.4185686020136 80.68147108333913 49.3129231488215
74.15257738054329 80.68874629190537 49.29646009566801
74.15257825055039 80.68874625062136 49.29646000052274
74.41851116291915 80.68147463721388 49.312922749789955
74.41821100522617 80.68149321428967 49.31292067536057
74.15257458208765 80.68874804127145 49.29646297062477
74.15257547903647 80.6887479952101 49.29646286697297
74.15257525873507 80.68874813276626 49.2964630930452
74.15257810591312 80.68874638070497 49.29646021215111
74.09145416724883 80.72614821413094 49.35399858624243
74.10493734408035 80.72817420049896 49.35676036175458
74.03855237166783 80.77692137240948 49.4325433676113
74.03853968607872 80.77693142281122 49.432558568507076
74.03853964197289 80.77693146967354 49.43255864118785
74.03615336975218 80.79795544888628 49.46564215585723
74.03853900450731 80.77693197536951 49.432559406134615
74.03615261289866 80.79795634781668 49.46564352630579
73.99802389023594 80.8232916186199 49.50322499769776
73.99802405594474 80.82329095202752 49.503223939839984
73.99802382001079 80.8232923878534 49.503226206558296
73.99802360450752 80.82329321743603 49.50322752398677
73.9980237095146 80.82329305547228 49.50322726059686
73.98083945168909 80.85662947930726 49.55516254950795
73.98083794225268 80.85663131592057 49.55516536249975
73.98083858963524 80.85663075029474 49.55516449642136
73.98083757634849 80.85663223477286 49.555166770353615
73.98083604660125 80.8566340462514 49.555169544793586
73.98083660087548 80.85663366472467 49.55516896076295
73.98083560752538 80.8566351194093 49.55517118905683
73.98083417095111 80.85663671833575 49.55517363783862
73.98083451653386 80.8566367228024 49.555173645148386
73.98083360537744 80.85663806584932 49.55517570244304
73.98083239897724 80.85663918353934 49.55517741393216
73.98083227141012 80.85664003829649 49.55517872386573
73.98083158124035 80.8566410617708 49.555180291640994
73.90556196610137 80.93513753408939 49.672569357199784
73.90556115081827 80.9351382807854 49.672570452712485
73.90555632085986 80.93514270062303 49.6725769373867
73.90555590481685 80.93514308623554 49.672577502988624
73.90555144163469 80.9351471623281 49.67258348359214
73.90555484802047 80.93514405421853 49.672578923158895
73.90555033283712 80.93514819006602 49.67258499103815
73.90554634158224 80.93515182607914 49.67259032623538
73.90554746624635 80.93515081585555 49.672588843445624
73.9055445615559 80.93515347657465 49.67259274709876
73.90553972703113 80.93515790508498 49.67259924435135
73.90553856514775 80.93515896936685 49.672600805804535
73.88196697663247 80.96187089166199 49.70974040688509
73.88196697790578 80.96187092785087 49.709740447273674
73.8819669624455 80.96187094905439 49.70974048424412
73.88196697611235 80.96187094476703 49.709740468114134
73.88196696580218 80.96187104267258 49.709740588675174
73.88196694799177 80.9618710186543 49.709740575799024
73.88196696110899 80.96187108815245 49.709740644600174
73.8819669533549 80.9618711632598 49.709740736959965
73.88196693305987 80.96187107730327 49.70974065520834
73.88196694594448 80.9618712362506 49.70974082661429
73.88196694068687 80.96187128944739 49.70974089183812
73.88196693006421 80.9618714008752 49.70974102813784
73.88196692810787 80.96187142176214 49.70974105365839
73.88196691385214 80.96187150606386 49.70974116188337
73.88196691570596 80.961871560007 49.70974122212286
73.88196689767534 80.96187154740718 49.709741222500945
73.88196691327533 80.96187158688194 49.709741254888684
73.88196690284661 80.96187170458703 49.709741398216295
73.88196689593629 80.9618717876796 49.7097414990259
73.881966890421 80.96187185518745 49.70974158084658
73.86591277255005 80.96931170674243 49.716238125726
73.86591274746048 80.96931172904513 49.71623814836147
73.86591067980015 80.96931337806676 49.716239701331304
73.86591261976955 80.96931183224609 49.716238246521556
73.8659104975437 80.96931354705865 49.71623987730101
73.86590905368362 80.96931471361485 49.71624098660702
73.86590815703964 80.96931543798337 49.716241675378186
73.86590590373291 80.96931724983114 49.71624339219929
73.8659058536418 80.96931730058478 49.71624344768568
73.86590354970049 80.96931912930194 49.716245163660325
73.86590510209321 80.96931790798908 49.71624402541863
73.86590343212663 80.9693192578749 49.7162453095127
73.86590111355149 80.96932112851778 49.716247086501895
73.86590110336036 80.96932114285028 49.716247104415174
73.86589875761888 80.96932300523008 49.716248852323545
73.86590059962037 80.96932155025718 49.716247492118825
73.86589862167133 80.96932315012823 49.71624901473981
73.86589622606303 80.96932508178475 49.71625084888794
73.86589620107152 80.96932511018022 49.71625088165283
73.86589549642986 80.96932568030854 49.7162514243762
73.86589363327306 80.96932718810915 49.716252859919486
73.86589114421963 80.96932918865804 49.71625475493847
73.8658910814004 80.96932925474455 49.71625482855225
73.86588978127699 80.96933030647413 49.71625582958321
73.86588832308459 80.96933148602035 49.716256952232456
73.86600090518445 80.9755198922724 49.72324720335973
73.86600110146706 80.97551982967782 49.72324714719057
73.74922425803679 81.03191399208472 49.75509731754948
73.74918535341415 81.03193365274326 49.75510830159782
73.62995496153894 81.09611395720498 49.79354713650146
73.6299717408794 81.0961055945022 49.79354268699696
73.6299017950056 81.0961406669243 49.793561465610836
73.629884729866 81.09614922387067 49.7935660472624
73.5199036063049 81.14843438191504 49.81793456849939
73.5199032497316 81.14843455336644 49.81793458762801
73.51990338069669 81.14843456896119 49.81793468471865
73.51990321320051 81.14843470934201 49.817934773008446
73.51990315075338 81.14843476182855 49.81793480612242
73.51990292642046 81.1484349577174 49.81793493480414
73.51990245761343 81.14843513621636 49.817934897778215
73.51990269094367 81.1484351617651 49.817935067794956
73.51990238590601 81.148435381994 49.81793518163687
73.51990241008835 81.1484353839136 49.81793519829226
73.51990237828228 81.14843540768194 49.81793521122959
73.51990209182439 81.14843562235302 49.81793532854847
73.51990152495601 81.14843587312214 49.81793533007104
73.51990174083681 81.14843587537561 49.81793545903437
73.51990145826156 81.14843607176387 49.817935554390665
73.51990135278176 81.14843614417273 49.81793558879393
73.51990057312814 81.14843644558232 49.81793553325438
73.51990094201969 81.14843642455062 49.81793572064961
73.51990046426087 81.14843671478766 49.817935826474695
73.51990053066586 81.14843671011297 49.817935859030385
73.51990044290108 81.14843676831114 49.817935884939274
73.5199000803757 81.1484370114822 49.8179359956371
73.51989939827585 81.14843733159111 49.817936021805224
73.51989967073489 81.14843730679102 49.817936147933494
73.51989927713825 81.14843758428093 49.8179362859789
73.51989923209997 81.14843761548528 49.817936301048704
73.51989881991044 81.1484379221611 49.817936466921275
73.51989804036307 81.14843826624903 49.81793646800088
73.51989840827204 81.14843823417586 49.817936640190624
73.519897877797 81.1484385654337 49.81793676961375
73.51989798020558 81.14843855621118 49.81793681715257
73.51989781693126 81.14843867898122 49.81793688456828
73.51989753432159 81.14843888809764 49.81793699677182
73.51989708758452 81.14843922613873 49.81793718404933
73.51989629211326 81.14843961134657 49.81793723032846
73.51989661911117 81.14843957532264 49.817937373409066
73.51989610558661 81.1484399360149 49.817937551730026
73.51989614540821 81.14843993126374 49.81793756867165
73.51989608032216 81.14843998013993 49.81793759546123
73.51989565592152 81.14844029653204 49.81793776708403
73.5198951806383 81.14844066343673 49.81793797595336
73.51989427336318 81.14844110534175 49.81793803212431
73.51989468462867 81.14844104065814 49.81793818639949
73.5198940396479 81.14844144724033 49.817938348822445
73.51989419757567 81.14844142013958 49.81793840506725
73.51989390920417 81.14844163628092 49.81793852321786
73.51989366897428 81.14844181489414 49.81793861972933
73.5198931533882 81.1484422111013 49.81793884391149
73.51989197337079 81.14844274123121 49.817938857839145
73.5198926343357 81.14844261245145 49.817939072886276
73.43051790502943 81.1888387249237 49.80693175257219
73.51989212049708 81.14844301674707 49.81793930880692
73.43047693861502 81.18885684547519 49.806925711957405
73.43049619997106 81.18884846249483 49.806928703202274
73.38544226652745 81.22477825590818 49.80745363979722
73.38544363432598 81.22477768266563 49.80745387915759
73.3854394576355 81.22477971837131 49.80745324087789
73.38539444511224 81.224801723662 49.80744638362518
73.3853444077829 81.22482621107754 49.80743876921602
73.32026099584681 81.2877241068928 49.8118681960909
73.32026033865488 81.2877364084512 49.81187386229575
73.28641742995791 81.31504347090636 49.81255520658712
73.28642408698973 81.31505129834463 49.812561108765664
73.28642344035805 81.31505646388365 49.812562962898
73.28642889963271 81.31506270489001 49.812567730182906
73.28642941640447 81.31506949933842 49.81257072269751
73.28643399961862 81.31507456814961 49.812574655046774
73.28507930044108 81.3377029052627 49.8209225456179
73.28508282883406 81.3377034416611 49.820924233563176
73.28508089877019 81.3377032826046 49.820923380145125
73.28508394634318 81.33770374423845 49.82092483720314
73.28508245400724 81.33770365542526 49.82092419511363
73.28508497201231 81.33770403609934 49.820925398596344
73.2850842808379 81.33770407268582 49.820925141649184
73.28508554736953 81.33770426371225 49.820925746755535
73.28508563201379 81.33770436850112 49.82092583507292
73.28508568851161 81.33770442858555 49.82092588889283
73.28508595648886 81.33770461428392 49.820926092509566
73.2324004004011 81.36853816912357 49.814196794139775
73.23229939699212 81.36857768021815 49.81417445171357
73.23235709152465 81.36855585066016 49.814187556337686
73.23227008701366 81.36859010437661 49.814168411784145
73.23231610122181 81.36857266131233 49.81417884812504
73.2322793530946 81.36858786418375 49.81417110222592
73.19205013486598 81.4606236660374 49.82532902570395
73.16419118875294 81.55247648592493 49.837911581587676
73.71742212368315 81.73524313446825 49.96632769254438
73.71743601432357 81.73524060031697 49.96633158231444
73.71749731610967 81.73522941463459 49.96634874900028
73.71754773762387 81.73522021406504 49.966362868867535
73.71755829789112 81.7352182871137 49.96636582612541
73.71761914347547 81.73520718366251 49.96638286528768
73.77751716140858 81.73702076787306 49.972820612607705
73.777519236208 81.7370202547136 49.97282129387308
73.77752697468216 81.73701967644993 49.97282271383122
73.87080337865936 81.72275220795095 49.99348776765645
73.87081815555177 81.72275005402949 49.99349021613964
73.87082143454363 81.72274835601714 49.99349178574657
73.87082752814624 81.72274708608276 49.99349311652696
73.87083916640994 81.72274465877678 49.9934956597516
73.8708520405394 81.72274357369868 49.993497127165995
73.87085671358443 81.72274101442247 49.99349948131264
73.87086541277495 81.72273921012581 49.99350137384714
73.8708740337332 81.7227374109117 49.99350325873575
73.87089122731568 81.72273376865206 49.99350706330069
73.92839456798366 81.7157007669735 50.001140649100776
73.92840330092481 81.7157015220065 50.001140276907876
73.92844730248049 81.71570529317484 50.001138432004595
74.00137635818491 81.70538969562156 50.00917110397833
74.00137862386006 81.70538758983452 50.00917255228512
74.00138841783263 81.70538663196962 50.00917295814314
74.00139812885119 81.70538567937197 50.00917336260922
74.0014175235101 81.70538358528799 50.009174308110275
74.00143552824107 81.70538300663802 50.0091742043908
74.22908711318817 81.65011403147004 50.08157265335464
74.22928321860249 81.6500580586519 50.081646392031686
74.22965587506137 81.64995169099913 50.08178651805539
74.23022668710254 81.64978871298948 50.08200117635918
74.64960345595091 81.52771548858118 50.22386367925478
74.64960386221068 81.52771512342892 50.22386366238803
74.64960442335774 81.52771500859592 50.22386354589082
74.64960746863213 81.52771437229246 50.223862916814085
74.64961106487746 81.52771359311629 50.22386218055978
74.64961418607984 81.52771327219881 50.22386145654312
74.64961466014621 81.52771278640687 50.22386145114366
74.64961552659574 81.52771259042562 50.22386127573125
74.64961835928426 81.52771193993964 50.223860704590464
74.64962200363276 81.52771107505372 50.22385997650136
74.649625647866 81.52771018578154 50.223859254276505
74.64962856498346 81.52770946163068 50.223858679099045
74.64962932797927 81.52770927026042 50.2238585291263
74.649632980164 81.52770833493506 50.223857815880024
74.64963663884588 81.52770737824181 50.22385710607928
74.64963977940661 81.52770734635745 50.2238563079418
74.64964028123464 81.52770640379177 50.223856404707306
74.64964374493118 81.5277057427642 50.22385567419248
74.64964390667086 81.52770541240793 50.22385571173636
74.64964593697442 81.5277048489833 50.22385532563125
74.64964752214914 81.52770440544765 50.22385502504715
74.6496511192036 81.52770338537542 50.22385434622206
74.64965468401101 81.52770235689059 50.22385367768331
74.64965822479661 81.52770131819611 50.22385301775053
74.64966172669631 81.52770027532047 50.22385236879501
74.64966496781909 81.52769929419578 50.223851771971866
74.64966518145903 81.52769922983346 50.223851732558124
74.64966853625776 81.52769823685043 50.22385110940663
74.64967180855983 81.52769723026567 50.22385051067545
74.64967262751756 81.52769696849032 50.22385036318982
74.64967488026787 81.52769629816589 50.22384994558893
74.8646858099655 81.829457965736 49.97696397780013
74.86497915411431 81.82985140898055 49.97663440131226
74.84908590527893 80.62499366909387 49.24793623824392
74.84908839777897 80.62499432808983 49.24793809781599
74.84909217927455 80.62499532252866 49.24794091338326
74.84909508975359 80.62499609021393 49.24794308286432
74.84909700787478 80.62499659466414 49.24794451106344
74.84909073123826 80.62499494156327 49.247939835048655
74.84909970114578 80.62499730318831 49.24794651665442
74.84910014052703 80.6249974188602 49.247946843935345
74.8490876780835 80.624994139409 49.24793756257267
74.8491022631927 80.62499797710076 49.2479484244313
74.84910444708564 80.62499855144998 49.24795005052276
74.84909622905724 80.6249963916726 49.24794393311194
74.88984101867743 80.66071133395356 49.30605361094761
74.62869186652287 80.66025846714523 49.29435647166161
74.88984055470769 80.66071258581951 49.3060547903644
74.88984036441175 80.66071300247597 49.306055166700304
74.41849866433688 80.68147608978191 49.31292394663208
74.6286578859076 80.66026382688268 49.29436319923456
74.62863271302727 80.66026642907973 49.294365191166996
74.15257533928856 80.68874812050603 49.296463070827215
74.15257643700008 80.68874788364539 49.29646265715737
74.41848587852307 80.68147757333091 49.3129251664421
74.41842371220565 80.68148142005177 49.31292473525659
74.03855246946458 80.77692131198265 49.43254327879776
74.15257351037485 80.6887497606114 49.29646573923651
74.15257519062142 80.68874900559004 49.296464482372116
74.15257415734784 80.68874964625705 49.29646553554726
74.03616731478343 80.79794207111443 49.46562178119224
74.03617522940952 80.79793437653323 49.46561006136238
74.03616738565248 80.79794226923947 49.465622085029075
74.0361512162579 80.79795828129434 49.46564647569561
74.03615979541459 80.79794991114346 49.46563372665839
74.0361507091586 80.7979590637747 49.46564766975409
73.99802369922035 80.8232937877582 49.50322840583854
73.99802380087456 80.82329360986374 49.50322811788547
73.9980236266681 80.823294655456 49.50322976878266
73.9808390751821 80.85663045201191 49.55516403988823
73.98083976822889 80.85662977395967 49.55516300155273
73.98083879776466 80.85663120317976 49.55516519084722
73.9808372182428 80.85663315387693 49.555168178603836
73.98083787637293 80.85663255558516 49.55516726247207
73.98083688340515 80.85663401284137 49.55516949470797
73.98083527737177 80.8566359819784 49.555172510692174
73.98083591123569 80.85663544417588 49.55517168724103
73.98083492536755 80.8566368954953 49.55517391038701
73.98083326116034 80.85663891853024 49.555177008903655
73.98083387602543 80.8566384349186 49.555176268486555
73.9808328659881 80.85663991646908 49.555178537935916
73.94521779095807 80.89915909737853 49.619024298784865
73.98083174097249 80.85664157705529 49.55518108164293
73.9452162054052 80.89916045300177 49.619026317609965
73.90556088517862 80.9351385274846 49.67257081454592
73.90556132152639 80.93513814699176 49.67257025568577
73.90555945038666 80.93513986072719 49.67257276998714
73.90555474249973 80.93514417282465 49.672579096458854
73.90555390792639 80.93514493724949 49.67258021798038
73.90554882039615 80.93514959378633 49.67258704990126
73.90554848606081 80.93514990430732 49.672587505341255
73.90554364662647 80.93515432617826 49.672593993214235
73.90554740363683 80.93515089584572 49.672588960068076
73.9055427419189 80.93515516635127 49.67259522549586
73.90553823705247 80.93515927440544 49.672601253193484
73.90553978852654 80.93515787191274 49.67259919493162
73.88196699704186 80.96187104740379 49.709740568442676
73.88196698792052 80.961871137542 49.70974067913448
73.88196698573854 80.96187115910867 49.7097407056185
73.88196697321355 80.9618712413384 49.709740810050164
73.8819669745117 80.96187127622866 49.7097408489315
73.88196695897811 80.96187130930673 49.70974089955775
73.88196697272684 80.96187129410818 49.709740870867904
73.88196696239447 80.96187139907917 49.70974099953666
73.88196694453724 80.96187139241887 49.70974100657277
73.8819669577729 80.96187144601106 49.709741057065344
73.8819669497262 80.9618715275356 49.70974115701267
73.88196692956888 80.96187146348325 49.709741100226914
73.88196694284014 80.9618715986353 49.70974124407127
73.88196693675165 80.96187166224547 49.70974132189997
73.88196692747108 80.96187176241253 49.70974144420492
73.88196692381716 80.96187180296687 49.70974149363721
73.8819669109428 80.96187193500543 49.70974165538376
73.88196691147239 80.96187194961031 49.709741671670635
73.88196689448593 80.96187196962498 49.709741708532974
73.8819669107761 80.96187195797468 49.70974168181901
73.8819668992006 80.96187210241125 49.70974185669408
73.8819668928729 80.96187218409219 49.709741955409115
73.86591248427604 80.96931197446952 49.71623840477311
73.86591032107512 80.96931372047315 49.71624006386806
73.86591030257647 80.96931373867163 49.71624008345829
73.86590812763002 80.96931547411793 49.71624171843141
73.86591006761873 80.96931392865254 49.71624026422002
73.86590805461026 80.96931555651473 49.71624181322319
73.86590626670777 80.9693170021978 49.716243188772694
73.86590571997533 80.96931744410168 49.716243609112816
73.8659034093093 80.96931929759444 49.716245362234865
73.8659033908741 80.96931932840687 49.71624540271709
73.86590208065441 80.96932038815419 49.71624641127434
73.86590095235715 80.9693213004984 49.71624727936721
73.86589856164947 80.96932322256616 49.716249100442695
73.86589853849561 80.96932325423771 49.71624913966727
73.86589741395849 80.9693241642075 49.716250005968455
73.86589603311188 80.96932528154116 49.716251069653886
73.86589356103579 80.96932726783076 49.716252950732226
73.8658935243338 80.96932731286316 49.71625300435827
73.86589215201685 80.9693284234862 49.716254061789456
73.86589089146936 80.96932944364002 49.716255033074745
73.86600367153356 80.97551834291458 49.72324586471407
73.86600393173318 80.97551824781274 49.7232457803135
73.86600222924444 80.97551926235342 49.72324665418611
73.86600156919319 80.9755196557069 49.72324699299961
73.74919617826879 81.03192821078744 49.75510529042604
73.74921966470377 81.0319164068738 49.75509876249509
73.63000897402887 81.09608700609786 49.79353277914586
73.6300023589603 81.0960903229826 49.7935345550531
73.62988945638651 81.09614686488082 49.79356479027673
73.62992135946921 81.09613094138761 49.79355630502654
73.5199038602482 81.1484343912262 49.817934729026916
73.51990395811444 81.1484343941037 49.81793478994991
73.5199038421681 81.14843448123615 49.817934837757065
73.51990369132102 81.14843459408519 49.81793489927742
73.51990319945573 81.14843476563433 49.81793483958603
73.519903463703 81.148434786651 49.817935021638476
73.51990314452183 81.14843498048731 49.817935092251595
73.5199032191716 81.1484349888454 49.817935146889496
73.5199031205723 81.14843507011463 49.817935197049565
73.51990295989869 81.14843520007477 49.817935275511246
73.519902699943 81.1484354159562 49.81793540989942
73.51990230795957 81.14843563838988 49.81793547592595
73.51990240693692 81.14843564673006 49.81793554473647
73.5199022744593 81.14843574584333 49.8179355987737
73.51990207504511 81.14843589378272 49.81793567845435
73.51990143360955 81.1484361436012 49.817935635203526
73.51990174387231 81.14843614550446 49.81793581877932
73.51990133702608 81.14843641240275 49.81793593505695
73.51990138137457 81.14843641131122 49.81793595949
73.51990132251635 81.148436452276 49.81793597942965
73.51990098151407 81.14843669282794 49.8179360992164
73.51990035293662 81.14843699380629 49.81793613126577
73.51990058375362 81.14843697832444 49.81793624544233
73.51990026729965 81.14843719851183 49.81793635256725
73.5199001520462 81.14843727879231 49.81793639169854
73.51989926406003 81.14843761282374 49.817936316171924
73.5198997539601 81.14843757481094 49.817936551678315
73.51989912543348 81.14843789770094 49.81793661279451
73.51989934591879 81.14843787882238 49.81793671644072
73.51989901041446 81.1484381295874 49.81793685297016
73.51989892976184 81.14843819028522 49.81793688634184
73.51989851983286 81.1484385053073 49.81793706459405
73.5198977130685 81.14843886816831 49.817937074669146
73.51989811350705 81.1484388242427 49.81793725013472
73.51989753946549 81.14843917141751 49.81793737522775
73.51989769124059 81.14843915323473 49.81793743970024
73.51989745536807 81.14843932647074 49.817937531628615
73.5198972139964 81.14843950187873 49.81793762322626
73.51989676020524 81.14843984946096 49.81793781903124
73.51989590908242 81.14844025995887 49.81793786634927
73.51989631130736 81.1484402008877 49.81793802278643
73.5198956970172 81.14844058329501 49.81793817108239
73.51989586412827 81.14844055696817 49.817938233711715
73.5198955592019 81.1484407945062 49.81793837055652
73.51989538961995 81.14844092482109 49.81793844428982
73.5198949579604 81.14844128646462 49.817938671643645
73.5198937985664 81.14844179093114 49.81793866359706
73.51989450151741 81.14844165947771 49.817938899602034
73.51989353856794 81.14844213691327 49.81793897036916
73.51989402813513 81.14844204111868 49.81793912910911
73.51989326402895 81.14844248607282 49.81793927286685
73.51989356154485 81.14844242549586 49.81793936620566
73.51989298979208 81.14844283661947 49.81793957737899
73.51989306353337 81.14844282107961 49.817939599817294
73.51989291602737 81.14844293356504 49.81793966280549
73.51989252824364 81.14844322844723 49.8179398272912
73.43052180175827 81.18883759926749 49.80693298746673
73.38540826313948 81.22479592485286 49.807448799238
73.38546288172556 81.22477301402625 49.807458350740774
73.38537386965693 81.22481383780459 49.807443916559066
73.38541277950887 81.22479749070821 49.80745071266089
73.32027027950191 81.28772857953689 49.81187326719174
73.32027494679744 81.28773082131019 49.81187581339789
73.32027225655483 81.28774215604932 49.81188037511309
73.3202737126237 81.28774284564194 49.81188116479024
73.32027312351644 81.28774720933998 49.81188306218871
73.28643139400418 81.31506034927456 49.81256777534189
73.28643584909777 81.31507130489355 49.81257406725315
73.28644046195743 81.31508259632712 49.81258056061374
73.33052510454786 81.34359752676491 49.83945134747495
73.3305248569715 81.34359751166289 49.83945127345564
73.3305252195118 81.34359753071737 49.83945142122943
73.33052448537988 81.34359748853555 49.839451168284796
73.28508655738233 81.33770455977503 49.82092630408339
73.3305226216784 81.34359738328922 49.83945050248926
73.2850889667736 81.33770506625002 49.82092752964864
73.33052053059173 81.34359726540549 49.83944975284385
73.33051565072304 81.34359699132987 49.83944799025447
73.33051841954223 81.34359714648431 49.83944899491013
73.2324348974565 81.3685256888023 49.81420489450413
73.23240723512174 81.36853696564681 49.81419898636796
73.23237084058769 81.36855198141686 49.81419129611082
73.23233946424361 81.36856509274241 49.81418474301931
73.19211192633284 81.46060176509145 49.82534377533234
73.19197849513786 81.62850467148539 49.86478442456291
73.1919786067569 81.62850450853092 49.864784424901856
73.19197876350175 81.62850467924613 49.86478450658951
73.19197736023975 81.628506747456 49.864784506305114
73.19198043831096 81.62850680830695 49.864785441406624
73.19197644784457 81.62850893162523 49.86478467674067
73.19198181050967 81.62850900306233 49.8647862988612
73.19197565498072 81.62851119732605 49.86478489958087
73.19198308485986 81.6285112534011 49.864787138280875
73.14259195666742 81.65020695353812 49.85506989663753
73.19198377543273 81.62851356354788 49.86478781485437
73.17431706562799 81.65104766442374 49.86475123003609
73.1743016606099 81.65105442425016 49.86474819868016
73.17428680145642 81.65106094855798 49.86474527505874
73.17427295844256 81.65106703358053 49.86474255191867
73.63840458254387 81.74840891551347 49.94283622805899
73.6384082304717 81.7484085027389 49.942837509544034
73.63841167088178 81.74840811244377 49.94283871836063
73.63841405816044 81.74840784140571 49.942839557200244
73.6384198049038 81.748407188673 49.942841576549725
73.63841992479962 81.74840717338915 49.94284161906356
73.6384202938124 81.74840713129282 49.94284174877312
73.71744266215639 81.73523938112805 49.96633344534128
73.71746344771776 81.73523556903535 49.96633927042782
73.71751283824538 81.73522655762186 49.96635310134807
73.71752264012629 81.73522476920616 49.96635584619595
73.71756197444063 81.73521761248777 49.96636685654427
73.71758262978214 81.73521382226022 49.966372645594134
73.71764015815984 81.73520332635663 49.96638875530828
73.71764246311845 81.73520290325483 49.966389401349346
73.71765019021677 81.73520149319336 49.96639156523611
73.77753328625131 81.73701659088846 49.97282606571757
73.87081026224433 81.7227486197533 49.9934910825506
73.8708128059703 81.72274728857319 49.993492311907225
73.87081787439612 81.72274628957689 49.99349337061114
73.87082995201158 81.7227439085574 49.99349589382942
73.8708449432979 81.7227415820802 49.99349849670012
73.87084699596464 81.72274048680553 49.993499506460886
73.87085044887984 81.72273981845592 49.99350021742869
73.87086361894143 81.72273727152927 49.99350292727172
73.87087893645631 81.72273466137973 49.993505782817294
73.87088020841036 81.72273394723047 49.9935064383466
73.87088225613876 81.72273353747923 49.99350687124553
73.87089661802148 81.72273061160358 49.993509951201446
73.92840267152773 81.71570131967681 50.00114043957703
73.92840136816358 81.71570090119687 50.00114077596883
73.92842040380611 81.71570254286692 50.00113996845933
73.92844432671185 81.71570460625847 50.00113895341218
74.00138204425244 81.70538453359723 50.00917465047456
74.00140043122946 81.70538328905025 50.009175014388425
74.0014010954954 81.70538260141772 50.00917548950598
74.00140406337334 81.70538230280175 50.00917561849806
74.00141985293112 81.70538071577693 50.009176303564146
74.22935680887196 81.65003578087736 50.08167461525058
74.22982476220973 81.64990222720286 50.0818505683898
74.2299109864889 81.64987762272494 50.081882987525496
74.45010510521811 81.584504046455 50.156924859240746
74.64960537978617 81.52771381288201 50.22386358658885
74.64960797027148 81.52771327497686 50.22386305065345
74.6496088411134 81.52771309124637 50.223862871183
74.64961235664961 81.52771233460045 50.22386215024546
74.64961584113635 81.52771155345499 50.223861443135974
74.64961928012683 81.52771087731888 50.223860722574784
74.6496194022741 81.52771073823021 50.22386072451411
74.64961981812507 81.52771064165749 50.223860640926226
74.6496229996954 81.52770989437687 50.22386000343276
74.64962658319388 81.52770902789123 50.22385929133856
74.64962949939734 81.52770903394737 50.223858541686255
74.64963016091079 81.52770814040535 50.223858585752254
74.64963327029739 81.52770735364784 50.223857976224025
74.6496337584118 81.52770722890523 50.2238578808356
74.64963732567922 81.52770629897141 50.223857188086356
74.64964088116626 81.52770535032676 50.22385650283636
74.64964443741569 81.52770438408572 50.223855821600864
74.6496476433369 81.52770413537222 50.22385505857255
74.6496479838226 81.52770340277782 50.22385514649554
74.64965150345506 81.5277024520286 50.223854470948176
74.64965152142844 81.52770241030339 50.22385447631997
74.64965171103252 81.52770235660023 50.22385444052273
74.64965502408506 81.52770141079525 50.22385381679414
74.64965849801818 81.52770040088336 50.223853167127025
74.6496619322929 81.52769938411483 50.22385252927549
74.64966519103396 81.52769916829752 50.22385174482457
74.64966532077096 81.5276983773951 50.22385190076963
74.64966803467715 81.52769755272399 50.22385140178008
74.64966864582647 81.5276973734702 50.223851287867234
74.64967178371664 81.52769647921866 50.22385069674493
74.64967338347621 81.52769596956186 50.22385040823899
74.64967484826042 81.52769554638328 50.22385013367254
74.64967627904937 81.52769512529758 50.223849867327445
74.64967618530832 81.5276951827218 50.22384987763904
74.84910049849901 80.62499751481042 49.24794711239113
74.88984413269502 80.66071195023608 49.30605570164394
74.88984521373945 80.66071297609544 49.30605732831478
74.8491037306311 80.62499836492293 49.247949519073025
74.88984321335279 80.66071218178308 49.306055543210746
74.88984594383528 80.66071509160489 49.30606000547431
74.88984879565047 80.66071802478717 49.30606454847509
74.88984904396904 80.66071822629894 49.306064884254994
74.88984215014773 80.66071428786177 49.306057399707896
74.88984935260014 80.66071859094208 49.30606542828946
74.88985174806021 80.66072127435467 49.306069487975556
74.62865468890467 80.6602643321515 49.294363834389515
74.88984833292635 80.66072088056046 49.306067508104036
74.88985186479984 80.66072335312008 49.306071847255794
74.41848339422742 80.68147786624108 49.31292541224985
74.62861636773047 80.6602703680449 49.29437140278204
74.88985135204891 80.66072411902113 49.306072465420975
74.6287759836436 80.66025512092966 49.29436151181318
74.15257456992506 80.68874956418853 49.2964653911225
74.41846777127465 80.68147968263732 49.31292690963334
74.41878922814456 80.6814601680353 49.31292985072315
74.4186374998406 80.68146956977009 49.31292882310517
74.03616763864113 80.79794229331306 49.46562212378659
74.03616946158878 80.79794094350225 49.4656200711227
74.4184609636194 80.68148049203032 49.31292759594862
74.03616985192512 80.79794069749272 49.46561969745205
74.03615053805822 80.79795956371528 49.4656484338099
74.03615174653227 80.79795886866431 49.465647378873
74.03615097102391 80.79795964862737 49.46564856705774
74.03616568818707 80.79794488017443 49.46562606925324
73.99802354749852 80.82329562829723 49.50323129666825
73.98084058126425 80.85662938878556 49.555162412278804
73.98084017866154 80.85662997276958 49.55516330682359
73.98083854824641 80.85663191820497 49.555166286447076
73.98083886459975 80.85663189212154 49.55516624689284
73.98083827547403 80.85663275486826 49.55516756845299
73.98083659864426 80.85663479715869 49.55517069646603
73.98083706459211 80.85663452388997 49.55517027824625
73.98083630274064 80.85663564005861 49.55517198799994
73.98083460108111 80.85663773954603 49.55517520364671
73.98083516285271 80.85663731549474 49.55517455444783
73.98083428974257 80.85663859431187 49.555176513347085
73.9808325496819 80.85664075621864 49.55517982461382
73.98083319583311 80.85664020100727 49.55517897449624
73.9808322271624 80.8566416284548 49.555181161076334
73.94521533155275 80.89916120022245 49.61902743024994
73.94521939703633 80.89915772759954 49.619022253688186
73.94521420383442 80.89916216452036 49.61902886612677
73.90555896901273 80.9351403090542 49.672573427507004
73.90556045333861 80.93513896473925 49.67257145470822
73.90555796941005 80.93514123968909 49.672574792394315
73.90555368101616 80.9351451483687 49.6725805276163
73.90555410993383 80.93514477481833 49.67257997893727
73.90555237113776 80.93514636748458 49.6725823156078
73.90554723263725 80.93515107468116 49.67258922172488
73.90554674832913 80.93515151836377 49.67258987266864
73.90554141583276 80.93515639888292 49.67259703321667
73.90554107017569 80.93515672044501 49.67259750483374
73.88196700097312 80.96187115998976 49.70974069411888
73.90553972067536 80.93515795680509 49.67259931874299
73.88196700509263 80.96187127200626 49.70974081898855
73.88196698730312 80.96187120238767 49.709740753885676
73.88196699932676 80.96187133043748 49.70974089062277
73.88196699401038 80.96187138604033 49.70974095864964
73.88196698474191 80.96187148246491 49.70974107665975
73.88196698252337 80.96187150549011 49.70974110484373
73.88196697013956 80.96187160983123 49.70974123447564
73.88196697091114 80.96187163054711 49.709741257560545
73.88196695585906 80.96187168473864 49.70974133196506
73.88196696990786 80.96187164101927 49.70974127037428
73.88196695878618 80.96187176107776 49.709741416965315
73.88196694142053 80.96187178036588 49.709741453307174
73.88196695496077 80.96187180247698 49.709741467505765
73.88196694609536 80.96187189780824 49.70974158393314
73.8819669266102 80.96187187555333 49.709741574451
73.88196694005508 80.96187196396833 49.70974166464177
73.8819669331337 80.96187204056804 49.70974175802655
73.88196692473952 80.96187213652323 49.70974187478137
73.88196692031165 80.96187218938644 49.709741938942
73.88196690797088 80.96187233959647 49.709742121055676
73.88196690814445 80.9618723442264 49.709742126214145
73.88196689136828 80.9618723791655 49.709742179991395
73.88196690791355 80.96187234728532 49.70974212990599
73.88196689614536 80.96187250534369 49.70974232053541
73.86591108563091 80.96931313765799 49.716239534173276
73.86591006383517 80.96931396382159 49.716240320221246
73.86590789556334 80.96931571250566 49.71624198086993
73.86590786348488 80.96931574413932 49.71624201496656
73.86590569310327 80.96931747316374 49.71624364191254
73.86590743663731 80.96931608936595 49.71624234350247
73.86590556067067 80.96931760670601 49.71624378754788
73.86590353329328 80.96931924632074 49.71624534782749
73.86590317905303 80.96931953277638 49.71624562040046
73.86590091022265 80.96932134881048 49.716247335332596
73.86590082939908 80.96932143463681 49.71624743136564
73.86589916740581 80.96932277912737 49.71624871106456
73.86589834083661 80.96932344763829 49.716249347252415
73.8658959566175 80.96932535994074 49.71625115586461
73.86589587405501 80.96932544446754 49.71625124876206
73.86589435771378 80.9693266717106 49.71625241727028
73.86589331319004 80.96932751705562 49.716253222133304
73.8660062705204 80.9755168918881 49.723244610824025
73.86600649064684 80.97551682030424 49.72324454669564
73.866004813519 80.9755178211563 49.72324540871856
73.86600428517659 80.97551813652863 49.72324568034217
73.86600168612394 80.97551960830523 49.72324695124693
73.86600210063159 80.97551944336196 49.72324680577212
73.74925085284076 81.03190072488783 49.75509008232869
73.74925675146683 81.03189775882817 49.75508844045693
73.63000446523779 81.0960892709482 49.79353399403416
73.74923342566468 81.03190955003399 49.75509503145824
73.63004336624697 81.09606984522034 49.79352363729565
73.6299472662543 81.09611799926759 49.793549402093575
73.62996666851609 81.09610830913743 49.79354423509191
73.62989891019932 81.09614228832248 49.79356243037883
73.62988185052441 81.0961508431419 49.793567011230365
73.51990381977188 81.14843459079977 49.817934969880966
73.51990410427966 81.14843458414013 49.81793512707992
73.5199037763394 81.14843478900735 49.81793520719978
73.51990383794791 81.14843478865816 49.81793524268866
73.5199037630855 81.14843484482022 49.81793527342846
73.51990355869137 81.1484350013994 49.81793536165248
73.51990308286773 81.14843520605329 49.81793535519243
73.5199032829818 81.14843521752428 49.81793548717013
73.51990302320843 81.14843541255621 49.81793559403502
73.51990297599204 81.14843544713915 49.81793561231108
73.5199026882856 81.1484356759684 49.81793574766377
73.51990222391535 81.14843590362966 49.8179357783766
73.51990238470862 81.14843591418612 49.81793588619672
73.51990216590849 81.14843607874548 49.81793597658944
73.51990204954029 81.14843616635778 49.81793602478632
73.51990174005974 81.14843641596087 49.8179361749621
73.51990123547829 81.14843668228339 49.81793623344345
73.5199014157021 81.14843667483106 49.81793632873709
73.51990116608815 81.14843685786954 49.81793642563687
73.51990103383623 81.14843695471698 49.81793647680317
73.51990023567149 81.14843727183018 49.81793643127179
73.51990067840676 81.14843723240595 49.81793663738478
73.51990010848849 81.14843753753806 49.81793670916915
73.51990033036273 81.14843751309206 49.81793680624797
73.51990000071169 81.14843775971927 49.81793694070966
73.51989992896229 81.14843781378725 49.81793697049099
73.51989898106797 81.14843818384846 49.817936907751545
73.51989955493468 81.14843811197464 49.81793714738411
73.51989882485447 81.14843846504473 49.81793718923335
73.51989916390903 81.14843841997238 49.817937327358656
73.51989866391273 81.14843874945676 49.81793747221745
73.5198987579522 81.14843873667533 49.81793751015624
73.51989860830939 81.1484388500841 49.81793757312111
73.51989831311573 81.14843906921976 49.81793769125869
73.51989736796499 81.14843947978845 49.81793768380058
73.51989787182231 81.14843940564211 49.817937879567694
73.51989718161494 81.14843978541285 49.81793798006823
73.51989743283337 81.14843974635201 49.81793807490328
73.5198969872879 81.14844009236253 49.8179382734372
73.51989699867534 81.14844009065791 49.817938277823394
73.51989697776585 81.14844010768972 49.81793828819215
73.51989655545322 81.14844044205718 49.817938484854224
73.51989548111273 81.14844090857476 49.8179384761508
73.51989614627993 81.14844078968052 49.817938706750425
73.51989524112984 81.148441234485 49.817938768003785
73.51989571893085 81.14844114603198 49.8179389296066
73.51989500195296 81.14844156406036 49.81793906518413
73.51989527997709 81.1484415102367 49.81793915609798
73.51989475969313 81.14844189573208 49.81793936334347
73.51989482832852 81.14844188181817 49.81793938495693
73.51989469375523 81.14844198781493 49.81793944689326
73.51989434123001 81.14844226567108 49.81793960939116
73.51989386521299 81.14844265051721 49.817939841608215
73.51989273276412 81.14844318395546 49.817939887678676
73.51989335643773 81.14844304601257 49.81794006882156
73.46567689048457 81.1876543827353 49.81748471502386
73.51989285687037 81.14844344162461 49.817940301562764
73.46565288093682 81.18767228193076 49.817483893262754
73.46565658677402 81.18766961523774 49.81748410447619
73.46563726086038 81.18768392113586 49.81748335371155
73.38547575107805 81.2247710603532 49.80746171980301
73.40616162546753 81.25194360828418 49.8269731137532
73.32028680317146 81.28774895577777 49.811888221500524
73.28643286970254 81.31506213151883 49.8125691030002
73.32922623105878 81.31746154243939 49.828217984488234
73.28643909601453 81.31507520749116 49.81257698074286
73.3305451966931 81.34359865481882 49.83945860998493
73.33053822859712 81.34359826329836 49.83945609520161
73.33054398265784 81.34359858566165 49.83945818398158
73.33054089482432 81.34359841149058 49.839457078246795
73.33054326488116 81.34359854429121 49.839457938324145
73.33054276919127 81.34359851582713 49.83945776731184
73.33054247514599 81.34359849894825 49.839457665787464
73.33054274653215 81.34359851297395 49.83945777946739
73.33054302255474 81.34359852731617 49.83945789409998
73.33054274483436 81.34359851077026 49.83945780598661
73.33054251637537 81.34359849704295 49.83945773499936
73.33054187288096 81.34359846018863 49.839457511744044
73.23241780913439 81.36853296335406 49.81420138745179
73.33054142147152 81.34359843414683 49.83945735755839
73.23238883966599 81.36854515724468 49.81419537792553
73.33054169041935 81.34359844844778 49.83945746505311
73.23235773363454 81.36855815577528 49.814188881364714
73.33054389883281 81.34359857123368 49.83945827879193
73.19212496384861 81.46059608982519 49.825346629081764
73.23904562981903 81.52607778587206 49.8558112828584
73.2257768922787 81.61949243413729 49.873144175621846
73.22578195047811 81.61949267782603 49.87314574733785
73.2257880448042 81.61949297000396 49.87314764063949
73.22578808835391 81.61949297163628 49.87314765405209
73.22578860765466 81.61949299644492 49.87314781535875
73.23839423161473 81.63085565952757 49.87923623220137
73.23839686786525 81.6308549453747 49.87923688191519
73.23838925608771 81.63085758285895 49.87923512650992
73.2383937805723 81.63085635162456 49.87923624042055
73.23838437131442 81.63085950155775 49.8792340473645
73.23839007020041 81.63085794346884 49.87923544888575
73.17432428848389 81.6510446227762 49.86475266155172
73.23838645066466 81.63085951736772 49.87923468113331
73.1743083258438 81.65105162400751 49.86474952020586
73.23838213046194 81.63086129664006 49.879233743959254
73.17429177151459 81.65105888272564 49.86474626225707
73.18898820879508 81.6525566748468 49.86951561879858
73.17427425155513 81.65106656200328 49.86474281404106
73.188975500182 81.6525607165022 49.86951276232958
73.1889656297629 81.65256386726833 49.869510548959504
73.18895634283095 81.65256683557564 49.869508468106005
73.18894463683681 81.65257056132232 49.86950583829175
73.18895297474947 81.65256792682759 49.869507719940984
73.18895131110581 81.65256846747585 49.86950735110811
73.14069925542805 81.66771463656524 49.85674299476496
73.18894749536359 81.65256971784041 49.869506509703996
73.18894431072711 81.65257077054466 49.8695058114941
73.18894418146957 81.6525708635839 49.86950580532883
73.1889249652368 81.65257694655375 49.86950147370626
73.18894482584754 81.6525706733269 49.869505956629226
73.18894712112524 81.65256999262856 49.86950649423905
73.18894932730751 81.65256935231395 49.8695070171335
73.18894909801759 81.65256947719627 49.86950698849767
73.18894911431505 81.6525694821769 49.8695069966401
73.18894828436393 81.65256978537238 49.86950682739336
73.18894305283439 81.65257148130692 49.86950566570279
73.18893621885343 81.65257368014602 49.86950414087562
73.18893028146738 81.65257559658932 49.86950281878205
73.1889294219223 81.6525758897487 49.869502634312624
73.47032867072332 81.71037853955926 49.90760680655467
73.4703330938936 81.71038180873981 49.90760679481154
73.59296759267818 81.75025423147108 49.92857285457406
73.63838210375688 81.74841140675824 49.94282834350304
73.63838424273206 81.7484111688978 49.942829093945605
73.63838714616878 81.74841085303967 49.94283011097847
73.63838772401245 81.74841078108139 49.942830315483725
73.63838858559876 81.74841068486398 49.942830617858085
73.63839308979607 81.74841018184398 49.942832198612955
73.63839333423496 81.74841015441353 49.94283228442956
73.63839842579479 81.74840958231164 49.942834072123105
73.63839899871328 81.74840951784518 49.942834273301195
73.63840442680988 81.74840890548859 49.94283617971793
73.6384046951975 81.7484088751786 49.94283627398658
73.63841005739593 81.74840827273738 49.94283815668762
73.6384103747881 81.74840823274062 49.94283826912496
73.63841103124207 81.74840815841512 49.94283849974201
73.63841506040012 81.74840771449728 49.94283991238768
73.63841602281104 81.74840759247839 49.942840253495476
73.63841843733681 81.74840731809086 49.942841101968085
73.71743229011379 81.73524122722094 49.9663305513306
73.71748836958679 81.7352309980543 49.96634625476588
73.7174899799004 81.73523070270173 49.96634670605549
73.7174938351087 81.73522999935474 49.96634778562648
73.71752623975254 81.73522410882204 49.96635685502696
73.71754768346821 81.7352201747328 49.96636286485145
73.71760318581329 81.73521004995543 49.96637840687848
73.71760635336658 81.73520946864235 49.96637929466131
73.71761710160618 81.73520750734434 49.96638230456891
73.71766426912092 81.73519890028874 49.96639551325475
73.87080172819029 81.72274768946883 49.9934914974076
73.87080469246126 81.72274618993696 49.99349288649718
73.87081075215387 81.72274496898615 49.99349417461257
73.87082163783582 81.72274277999355 49.99349648494844
73.87083617220846 81.72274063544458 49.993498915098975
73.87083835022673 81.72273948976489 49.993499972660096
73.87084206030711 81.72273880337634 49.99350070988161
73.87085449298604 81.72273650547592 49.99350317847928
73.87086877088466 81.72273387551982 49.993506005895014
73.8708703832152 81.72273358682527 49.99350631820478
73.8708861156891 81.72273063386722 49.99350947999231
73.87089639611945 81.72272867599449 49.993511569838
73.87090167670237 81.72272765091628 49.99351265962204
73.92839982308354 81.71570039307669 50.00114118579551
73.92843587733756 81.71570351981671 50.00113964040418
73.92844168521486 81.71570402470857 50.00113939034636
74.00138519860725 81.7053818013809 50.00917652342697
74.00140376513454 81.70537986978968 50.00917737602584
74.00141576634883 81.70537867467984 50.00917788871489
74.00142199625677 81.70537806249133 50.00917814896016
74.22961828314911 81.6499599060368 50.08177347311832
74.22997048718788 81.64986033759938 50.08190549178212
74.23016800005674 81.64980296624911 50.0819801918654
74.45007487223195 81.58451149590991 50.15691497878923
74.64960347603692 81.52771319791853 50.22386422216541
74.64960678829105 81.52771253131901 50.22386353183895
74.64960921962636 81.52771272436155 50.223862861849724
74.6496101541965 81.52771183158086 50.22386283567607
74.64961211634717 81.5277114171025 50.22386243141986
74.649613619783 81.52771109474027 50.223862122815355
74.64961705922295 81.52771033229443 50.22386142278934
74.64962053100297 81.52770954130986 50.22386072129407
74.64962395877741 81.52770877498295 50.22386002518963
74.64962400143334 81.5277087249835 50.223860026208385
74.64962414612647 81.52770869095684 50.22385999722602
74.64962751381012 81.52770788248128 50.22385932662341
74.64963099795139 81.52770702001015 50.22385863906054
74.64963383732515 81.5277071108438 50.22385788883637
74.64963449768698 81.52770613384688 50.22385795316526
74.64963782921421 81.52770549659009 50.223857250873394
74.6496380003066 81.52770522762009 50.223857271330424
74.6496392334821 81.52770490584037 50.22385703192656
74.64964151394517 81.5277043041962 50.22385659078304
74.64964501959719 81.52770336567656 50.22385591589657
74.64964850348309 81.52770241346532 50.22385524987044
74.64965196868653 81.52770145099517 50.22385459109217
74.64965462927395 81.52770070457228 50.223854087060815
74.64965540540827 81.52770048638516 50.223853940133345
74.64965880175106 81.52769950777494 50.22385330288417
74.64966215884931 81.52769852017656 50.22385267785437
74.64966547129197 81.52769754982725 50.22385206015471
74.64966855509658 81.52769663067373 50.22385148886708
74.64966871782691 81.52769658528055 50.22385145797655
74.64967177579447 81.52769574214534 50.22385087512972
74.64967333572343 81.5276952498745 50.223850592683235
74.64967476788412 81.5276948477841 50.22385032144136
74.64967616787436 81.52769444724761 50.2238500580816
74.64967613710341 81.52769446834643 50.22385006092834
74.88984674712503 80.66071477709164 49.306060019419036
74.88985198389825 80.66072045159055 49.30606868160983
74.88985310834647 80.66072153010813 49.30607038631817
74.88984861679518 80.66071697208746 49.30606329962447
74.88985654536344 80.66072483796086 49.3060756094317
74.88985513116499 80.6607247636216 49.30607488802404
74.8898578982926 80.66072737813411 49.306079039176865
74.88986055293208 80.66073044091732 49.306083636896766
74.88986073608783 80.66073058507729 49.306083879600735
74.88985511869717 80.66072819123421 49.306078685571435
74.88986079974066 80.66073070130213 49.30608403731829
74.88986227556538 80.66073334893015 49.30608764181534
74.41878385674981 80.6814608830143 49.3129305365284
74.91812512420748 80.69433808654105 49.35595213548608
74.9181251220939 80.69433808987618 49.35595213821958
74.35494880271291 80.73987512945072 49.4034969692223
74.35531373713225 80.73982007518981 49.40344551134088
74.91812509427544 80.6943381337368 49.3559521741272
74.35533146799784 80.73981742471437 49.4034430505875
74.03615102895576 80.79795961712551 49.46564851926851
74.03615266883745 80.7979584628697 49.46564676459593
74.3548574435976 80.73989973029958 49.40352731031908
74.35473848117455 80.73992044088565 49.40354854505736
74.3553091048679 80.73982133303879 49.40344706668175
73.98084014852896 80.85663015221982 49.55516358183042
73.98084013344436 80.85663069720358 49.55516441711857
74.03614276452191 80.79796879627806 49.46566250914995
73.98084010806191 80.8566309788505 49.555164848770815
73.98083821061044 80.85663304406057 49.55516801161727
73.98083814353348 80.85663369187203 49.55516900444191
73.98083936244528 80.856632058911 49.55516650320256
73.98083811636893 80.85663386999339 49.55516927741591
73.98083617954387 80.85663607913142 49.555172660811046
73.98083606393331 80.85663682422646 49.55517380267919
73.98083769405687 80.8566344840948 49.55517021809584
73.98083605820632 80.8566368608824 49.55517385885487
73.98083412364389 80.85663913845839 49.55517734714938
73.98083425264574 80.85663946357958 49.55517784564272
73.98083386807211 80.8566400242938 49.55517870454556
73.98083596982151 80.85663698987716 49.555174056449346
73.98083198808992 80.85664231661087 49.55518221550728
73.98083239279269 80.85664217283419 49.55518199568058
73.94522388038204 80.89915389848355 49.61901654504688
73.9452134504605 80.89916280883976 49.61902982536164
73.94521739072877 80.8991594430804 49.619024808239686
73.94521279273093 80.89916337150413 49.61903066281131
73.90555743051941 80.93514174292469 49.672575530400756
73.90555934047237 80.93514000677033 49.6725729827815
73.9055568052317 80.93514232870528 49.672576389401996
73.90555203564871 80.93514668118955 49.67258277565013
73.90555323919605 80.93514559504123 49.67258118158699
73.90555115282055 80.93514750622606 49.67258398556521
73.90554664421276 80.93515161546159 49.672590015068934
73.90554653357944 80.93515173788383 49.6725901939958
73.90554547990759 80.9351527031474 49.67259161017168
73.88196702397126 80.96187136476901 49.709740909695824
73.88196702463465 80.9618713810662 49.70974092781042
73.88196701103378 80.96187142039338 49.709740984004654
73.88196702370854 80.9618713903975 49.70974093925458
73.88196701387301 80.96187149199409 49.709741063651904
73.88196699780812 80.96187148661951 49.709741070688466
73.88196701003696 80.96187153060545 49.70974111100913
73.88196700246621 80.96187160812948 49.70974120598537
73.88196698419159 80.96187155127477 49.70974115589463
73.88196699628907 80.96187167201097 49.709741284197506
73.88196699072299 80.96187172968209 49.709741354797416
73.88196698237604 80.96187181713915 49.70974146178365
73.88196697871159 80.96187185684123 49.70974151024879
73.88196696783456 80.96187197835133 49.70974165830099
73.88196696681725 80.96187198942343 49.709741671813134
73.88196695318209 80.96187208184095 49.709741788820686
73.8819669549534 80.9618721280864 49.70974184031454
73.8819669385823 80.96187217324211 49.70974190545658
73.88196695271455 80.96187215406829 49.70974187190041
73.8819669426301 80.96187227268118 49.709742015984716
73.88196692373357 80.96187227468502 49.709742033794065
73.88196693743325 80.96187233478895 49.7097420913612
73.8819669299948 80.96187242332053 49.70974219883176
73.8819669219328 80.96187252237486 49.7097423188622
73.88196691737177 80.96187258005575 49.7097423886481
73.88196690515454 80.96187273894898 49.709742580602054
73.8819669053247 80.96187274300338 49.70974258510438
73.86590995936102 80.96931406269638 49.71624042440548
73.88196690509494 80.96187274622011 49.709742588976
73.86590983564072 80.9693141793788 49.716240547109464
73.86590862585385 80.96931515781962 49.71624147823621
73.86590759089006 80.96931599504633 49.71624227510226
73.8659054420964 80.96931772707993 49.71624391927614
73.86590540072993 80.96931776851044 49.71624396429939
73.86590316898561 80.96931954538074 49.71624563552666
73.86590477375297 80.96931827579414 49.71624444719488
73.8659030670427 80.96931965675206 49.716245761809276
73.86590078764662 80.9693215000185 49.716247515770775
73.86590078371619 80.96932150620668 49.71624752377157
73.8658983561435 80.96932344483083 49.71624935129824
73.86590052449264 80.96932171599776 49.71624772351509
73.86589835790474 80.96932346962963 49.71624939330022
73.86601136861464 80.97551401197805 49.72324212366574
73.866011227103 80.97551409608604 49.72324219612118
73.86600877305324 80.9755154893418 49.72324339906522
73.86600913503975 80.97551534324049 49.72324327033613
73.86600709182346 80.97551656087481 49.723244319141045
73.86600693264884 80.9755166557458 49.72324440085732
73.86600437444449 80.97551810036326 49.72324564848537
73.86600481200136 80.97551792410849 49.72324549316696
73.8660025683516 80.97551924491859 49.72324663151623
73.86600271029775 80.97551918420947 49.723246578234935
73.86600179874364 80.9755197314693 49.723247049448275
73.8660005852774 80.97552046024093 49.72324767694023
73.63006013450962 81.09606146926619 49.7935191703052
73.74921621510799 81.03191836132967 49.755100070844776
73.6300068112738 81.09608825010936 49.79353353337949
73.63001725664714 81.09608303050024 49.793530748585034
73.62988742639818 81.0961480563126 49.79356552408916
73.62998327537566 81.09610007184595 49.79353987424304
73.62993440286917 81.09612458089045 49.79355299878361
73.51990437192585 81.14843456851133 49.81793526255342
73.62985112310538 81.09616634685482 49.79357536549719
73.51990434264557 81.14843471216899 49.817935435841434
73.51990425514475 81.14843477318625 49.81793546564022
73.51990372511925 81.14843499932034 49.817935456016144
73.51990394479213 81.148434995303 49.81793557888233
73.51990367382386 81.14843519180224 49.817935681158936
73.5199036310833 81.14843522263874 49.81793569708211
73.51990301299493 81.14843544663113 49.81793563323088
73.51990333948297 81.14843544746522 49.817935824858026
73.51990294237261 81.14843567362999 49.81793589283717
73.51990306313624 81.1484356725845 49.81793596192318
73.51990290203011 81.1484357982128 49.817936034391934
73.51990275662116 81.14843591113218 49.81793609917891
73.51990213566529 81.14843616287845 49.81793607043369
73.51990247514485 81.14843614702161 49.81793624752327
73.5199020461715 81.14843639615204 49.81793632734276
73.51990219641029 81.14843638695953 49.8179364028326
73.5199019821884 81.1484365595828 49.817936506583195
73.51990187790477 81.14843664320978 49.81793655655066
73.51990112877444 81.14843694556188 49.81793652007197
73.51990157271544 81.1484369001678 49.81793671897731
73.51990101506763 81.14843719207059 49.81793678039071
73.51990126749595 81.14843716249204 49.817936888497655
73.51990089616096 81.1484374442598 49.81793704520281
73.51990092407313 81.1484374405655 49.817937056595284
73.51989997664064 81.14843780780551 49.81793699038668
73.51990088308037 81.14843747192069 49.817937074225746
73.51990054105977 81.14843773463718 49.817937222790654
73.51989983656038 81.14843807483047 49.81793726250323
73.51990017868609 81.14843802786962 49.81793739991812
73.51989969144567 81.14843834625117 49.817937537507206
73.5198997996343 81.14843833062623 49.817937579934465
73.51989963858493 81.14843844862719 49.8179376423286
73.51989935794677 81.14843865474332 49.8179377517066
73.51989850257354 81.14843904145901 49.817937765028205
73.51989894446405 81.14843897634222 49.81793793660054
73.51989833291111 81.14843933310391 49.81793805250835
73.51989853647274 81.14843930118141 49.81793812899302
73.51989818102811 81.14843958659633 49.81793829980416
73.5198981226902 81.14843963229566 49.817938326321666
73.51989769424814 81.14843997183091 49.81793852625528
73.51989678380434 81.148440400879 49.817938563539215
73.51989730020127 81.14844030714131 49.817938740661404
73.51989656941599 81.14844071144486 49.81793884999357
73.51989688749262 81.14844065176715 49.81793895652227
73.51989635393316 81.14844102443716 49.81793913902473
73.51989646397634 81.14844100294185 49.81793917475484
73.51989626867424 81.14844115383265 49.8179392607463
73.5198959804214 81.14844137336618 49.81793938346146
73.51989552479165 81.14844174074746 49.81793960443112
73.51989453062076 81.14844222634011 49.817939667788764
73.51989503585925 81.14844211952868 49.81793982107421
73.519894301759 81.148442555596 49.81793997056513
73.51989455184665 81.14844250026493 49.81794004317909
73.51989412052808 81.14844283047901 49.8179402290817
73.51989404305989 81.14844288944069 49.817940262010964
73.51989360286568 81.14844326521097 49.8179405031051
73.46567661778928 81.18765520142686 49.81748524645579
73.38548164134414 81.22476857742848 49.80746274593021
73.46564995655062 81.18767498131301 49.817484249444135
73.40617363389129 81.25193338738515 49.82697306478061
73.40619759338072 81.2519129979926 49.82697296905931
73.40612611220178 81.25197894660755 49.8269760953704
73.41508294310296 81.28166603858821 49.84330069720533
73.36439460592611 81.3162920386305 49.83877925238731
73.36439648897898 81.31629326038875 49.838780359922325
73.3643939427136 81.31630628358542 49.838785657123196
73.36439445738431 81.31630658143274 49.83878594312599
73.33056892020922 81.34359998278791 49.83946723611183
73.33056765418364 81.34359991122254 49.83946678474333
73.33056616258062 81.34359982664397 49.839466256320705
73.33054365231764 81.34359856487134 49.839458093451
73.33056533034184 81.34359977897704 49.83946596761834
73.3305455776132 81.3435986715398 49.83945880771239
73.3305648505474 81.3435997510661 49.83946580671808
73.33054750086386 81.34359877814876 49.83945952052213
73.33056511967509 81.34359976507854 49.83946591812038
73.33054965888496 81.3435988980204 49.83946031714089
73.33056586555294 81.34359980580408 49.83946620253863
73.33055168902214 81.3435990107658 49.83946106684386
73.33056666357282 81.34359984950571 49.83946650517794
73.33055368832234 81.34359912184698 49.83946180453695
73.33056821009848 81.34359993511696 49.839467079846244
73.33055549757141 81.34359922231286 49.839462472827094
73.33056976380682 81.34360002120039 49.839467656223846
73.33055716416219 81.34359931483002 49.839463088771154
73.33057152490905 81.34360011895177 49.839468307256894
73.3305582348757 81.34359937390377 49.83946348918076
73.33057391397877 81.34360025188508 49.83946918623643
73.28543675979009 81.5284165195117 49.87025303360181
73.28543937413457 81.52841414055833 49.870253277991374
73.22578788503584 81.61949295031718 49.87314758792054
73.2258103135201 81.61949400392116 49.87315455013558
73.22578837406691 81.61949297957233 49.873147741335885
73.23841583892067 81.63084875785393 49.87924133781044
73.23841234833077 81.6308502399051 49.87924058991476
73.23840866818497 81.6308517864715 49.87923979806004
73.23840476680354 81.63085340537538 49.87923895427954
73.23840140566395 81.63085488150033 49.8792382443917
73.238397852147 81.6308564186 49.87923748894771
73.23839478921701 81.63085782642409 49.87923685516965
73.23839209189273 81.63085913509977 49.8792363114741
73.23839326673709 81.63085869013736 49.87923657447874
73.23839286314525 81.63085892214988 49.87923650071016
73.18901305691475 81.65254894393331 49.86952127936304
73.23839059414368 81.63086011924585 49.87923606350884
73.1889910321725 81.65255590257644 49.86951630876819
73.18901927478859 81.65254704804701 49.86952271287376
73.18896854254197 81.65256300951452 49.86951123387992
73.18901243464556 81.65254924569791 49.86952118527424
73.18900843800805 81.65255055063895 49.8695203019096
73.18899984712411 81.65255329541742 49.86951837654872
73.18900806327538 81.65255070081011 49.86952023134319
73.18900774833523 81.65255081708796 49.8695201676592
73.18897620688057 81.65256076354353 49.869513040954274
73.18900572748475 81.65255150236842 49.86951973221446
73.18895089739675 81.6525687561387 49.86950732735414
73.18900649893787 81.65255131074305 49.869519929284806
73.18900336433613 81.65255234334961 49.86951924047646
73.18901004149753 81.65255023529326 49.869520748085776
73.18901136991168 81.65254983146642 49.86952105488449
73.18897854825855 81.6525601815676 49.86951363889612
73.18901328017304 81.65254928244369 49.86952151002376
73.18895393179368 81.6525679599989 49.86950808381054
73.18901223253127 81.65254966255495 49.8695212952343
73.18900835117311 81.65255093227691 49.8695204384164
73.18900936254161 81.65255061250723 49.86952066656247
73.18900916235788 81.65255067767559 49.869520622231164
73.18898540172088 81.65255818729761 49.86951526099006
73.18900567911187 81.6525518222625 49.869519855545335
73.18896297077622 81.652565281085 49.869510201722036
73.18899942166554 81.65255383777108 49.8695184603134
73.18894036112118 81.65257243155528 49.869505102219165
73.1889946167791 81.65255539629968 49.86951739375858
73.24802885375595 81.64599726814708 49.883051737151796
73.18897010192896 81.652563190686 49.869511882786526
73.24803014304423 81.64599708936362 49.883052017078214
73.24804308165038 81.64599510545118 49.88305483588812
73.18894526433947 81.65257103808042 49.86950627740016
73.24806126013448 81.6459920538426 49.88305880965562
73.24806803471859 81.64599154081029 49.88306025891817
73.24808133814969 81.64598826137541 49.88306322004727
73.24809151515531 81.64598631988386 49.88306545652901
73.21425511031354 81.65501633624575 49.87469986932489
73.34676980550782 81.63528991744639 49.901673811436304
73.42478875548667 81.67747821624422 49.90659196677987
73.34677921141927 81.63529239279217 49.90167498164696
73.42479694004984 81.67748438040954 49.906591985616174
73.47033078660958 81.7103801020583 49.90760680116317
73.63838392992942 81.74841116076166 49.94282899408576
73.63838353682712 81.74841122859362 49.94282885061467
73.63838527892052 81.74841101142613 49.94282946721288
73.63838761885955 81.74841075233142 49.94283028790559
73.63839011449079 81.74841048316895 49.94283116155304
73.63839066999883 81.7484104137861 49.942831358200905
73.63839147083485 81.7484103247809 49.94283163915635
73.63839555297601 81.74840987037472 49.94283307144929
73.63839347829179 81.74841013643086 49.94283233542285
73.63839606432579 81.74840981331045 49.942833250898545
73.63840004806964 81.7484093678998 49.94283464911783
73.6383993329502 81.74840947607325 49.94283439162581
73.63840147171206 81.74840920834924 49.94283514887647
73.63840507847034 81.7484088031701 49.942836415222644
73.63840484051562 81.74840885696364 49.94283632544358
73.63840690854781 81.74840859736125 49.942837057820284
73.63841056378651 81.74840818542347 49.94283834149036
73.63841232885628 81.7484079863137 49.9428389614026
73.63841655493792 81.74840750870504 49.94284044585311
73.63841772845582 81.74840737585347 49.94284085811446
73.71745245620303 81.73523752982064 49.96633620256726
73.71745818267449 81.73523647984588 49.966337807332195
73.71746804096986 81.7352346816972 49.966340567851056
73.71751360698435 81.7352263698161 49.96635332739136
73.7175657672199 81.73521685333816 49.966367933855715
73.7175697498734 81.73521612669677 49.96636904912488
73.71762637803016 81.73520579385425 49.96638490701725
73.7176798489856 81.73519603995705 49.9663998801342
73.71768325401891 81.73519541479064 49.966400834537836
73.777511258726 81.73701365679088 49.97282586771618
73.8708132790876 81.72274206235538 49.993496728484345
73.87082752655674 81.7227398356271 49.99349921540163
73.87082986247589 81.72273867220025 49.9935002946943
73.87083373047095 81.72273792775323 49.993501087557036
73.87084599710164 81.7227355750339 49.9935035951133
73.8708600531136 81.72273307389212 49.99350630461319
73.87086150179654 81.72273282332006 49.99350657780448
73.87087143679346 81.7227330087961 49.99350684982399
73.87087699680896 81.72272996808374 49.993509647159584
73.87088509011639 81.72272855544495 49.99351118413525
73.87089195950918 81.72272733685067 49.99351250515342
73.92835666934559 81.71569640362512 50.00114326235811
73.92835622094142 81.7156961557057 50.00114347355493
73.92836927179545 81.71569730397655 50.00114289904077
73.92839802842784 81.71569982538425 50.00114164115337
73.92844111379507 81.7157038908356 50.00113949227702
73.92843878909696 81.71570335244195 50.00113990122941
74.00138082535989 81.70537966744263 50.00917818358866
74.00138838416126 81.70537897553103 50.00917846278538
74.00140647604849 81.70537708687935 50.00917929821759
74.18944490025204 81.65770383059768 50.077278868333735
74.20535907993398 81.64214664710158 50.088035272874976
74.2296171233563 81.64995891147453 50.08177361174626
74.22988451333373 81.64988259668765 50.08187415269466
74.45002010034375 81.58452502457112 50.156896916372006
74.64960416418575 81.52771255860615 50.223864198570624
74.64960485784218 81.52771192162051 50.22386417300608
74.64960640591211 81.52771161980485 50.223863848033915
74.64960817444565 81.52771126907523 50.22386347820111
74.64961147838491 81.5277105881494 50.223862793435686
74.64961422750108 81.52771048317929 50.223862113216704
74.64961483464253 81.52770987484097 50.22386210299493
74.64961652454308 81.52770950660977 50.22386175752422
74.64961821318624 81.52770913297796 50.22386141366826
74.64962161341856 81.52770836409331 50.22386072524219
74.64962499710443 81.52770757002793 50.223860047086156
74.64962819364794 81.52770701371851 50.22385936005928
74.64962840002913 81.52770675108616 50.22385936994596
74.6496294945812 81.52770648554433 50.223859152652935
74.64963183635754 81.52770591134401 50.223858689212186
74.64963526807072 81.52770504857631 50.223858015171615
74.64963870913078 81.52770416693477 50.223857343248696
74.64964183086431 81.52770378542084 50.22385663359407
74.64964215095954 81.52770326890872 50.223856675048715
74.64964388229478 81.52770281788703 50.22385633875567
74.6496456141163 81.52770236195917 50.2238560035117
74.64964902844177 81.52770143845262 50.223855348464625
74.64965241487188 81.52770050220846 50.223854703622195
74.64965548624843 81.52770027571546 50.22385396979723
74.64965577413402 81.52769956271754 50.223854066527025
74.64965860639421 81.52769875818989 50.22385353235215
74.64965910707811 81.52769861726526 50.22385343761053
74.64966239764738 81.52769767072913 50.223852819825346
74.64966562872212 81.52769675977592 50.22385220879096
74.64966860287375 81.52769588033787 50.223851656134414
74.64966878812506 81.52769583861283 50.22385161858807
74.64967177851409 81.52769502643768 50.223851045672184
74.64967330423508 81.52769454642558 50.223850769069344
74.64967469338576 81.52769453682016 50.22385041495649
74.64967369802986 81.52769448674603 50.2238506823133
74.6496739583863 81.52769473328333 50.223850556527736
74.64967561540789 81.52769427669197 50.22385024063376
74.88985334251063 80.6607218065165 49.306070798806346
74.88985806342073 80.66072663411259 49.3060782882355
74.88986342637254 80.66073248484751 49.30608720297913
74.91812722763899 80.6943347699712 49.355949420125015
74.88986012473914 80.6607289993992 49.30608184397579
74.91812691119937 80.69433526909333 49.3559498289717
74.91812608938008 80.6943365648129 49.3559508897223
74.91812576712508 80.69433707299494 49.35595130586227
74.91812467803938 80.69433879018672 49.355952711753254
74.9181246302503 80.69433886555346 49.35595277347581
74.91812323174803 80.69434107049176 49.35595457855686
74.91812441123298 80.69433921087717 49.35595305618965
74.91812315233481 80.69434119577116 49.35595468120047
74.35483224514795 80.73990655724272 49.40353574605659
74.35519592278466 80.7398521985364 49.40348528191278
74.91812246565733 80.69434227842777 49.35595556753458
74.35529988567254 80.73983685140576 49.403471166048476
73.98083998275402 80.8566314648152 49.55516559345129
73.98083994418286 80.85663202334538 49.555166449470825
73.9808398093708 80.85663221822435 49.555166747985155
74.35516774153164 80.73985989263996 49.40349481148682
73.9808379041048 80.85663462633457 49.55517043639159
73.98083839561963 80.85663426134147 49.5551698776182
73.98083775964751 80.85663518399738 49.555171290939626
73.98083577744109 80.85663785344582 49.55517537980157
73.98083676269088 80.85663663527478 49.55517351400631
73.98083568626117 80.85663820111247 49.555175912555455
73.98083378477664 80.85664028413817 49.55517910270287
73.9808335661507 80.85664120971938 49.55518052106791
73.98083507516638 80.85663908728374 49.555177269989436
73.98083352951974 80.85664133587156 49.55518071437492
73.94522355603931 80.8991541760191 49.61901695801117
73.94522503668932 80.89915291187677 49.61901507268244
73.94522304297436 80.89915461525912 49.61901761125418
73.98083332503097 80.8566416326897 49.55518116904013
73.94521217575567 80.89916389922803 49.61903144837393
73.94521530939576 80.89916122266621 49.61902745831995
73.90556162663918 80.93513793573499 49.67256994352846
73.90555634284831 80.93514276187503 49.6725770246114
73.90555820264356 80.93514107126842 49.672574543830045
73.90555573246033 80.93514333371125 49.67257786316385
73.90555070630292 80.9351479229833 49.672584596756096
73.90555231025466 80.9351464682502 49.67258246198544
73.9055499242893 80.93514865374814 49.67258566842371
73.90554524880872 80.93515291868763 49.672591926274876
73.9055459283991 80.93515231432026 49.67259103899343
73.90554415615198 80.93515393790254 49.67259342101324
73.88196703393012 80.96187158560255 49.709741154359875
73.88196703302495 80.96187159507792 49.709741165951776
73.88196702102633 80.96187167124683 49.709741263012
73.88196702253946 80.96187170812343 49.709741303991066
73.88196700813948 80.96187174845713 49.70974136199382
73.8819670205165 80.96187172932383 49.709741329925166
73.88196701139775 80.96187182629295 49.70974144843581
73.8819669949651 80.96187183343845 49.709741470109044
73.88196700711703 80.961871871333 49.709741503518615
73.88196699978293 80.96187194979588 49.70974159937544
73.88196698152866 80.96187192799974 49.70974158940791
73.88196699360282 80.96187201542303 49.709741679588674
73.88196698772757 80.96187207883747 49.70974175701821
73.88196696762388 80.96187200984568 49.70974169453305
73.88196697977862 80.96187216714955 49.70974186465662
73.8819669756854 80.96187221328026 49.709741920834176
73.88196696544999 80.96187233255868 49.70974206580444
73.88196696365603 80.96187235379057 49.70974209158656
73.88196695056698 80.9618724653102 49.709742230016474
73.88196695201152 80.9618725001925 49.709742268768515
73.88196693592006 80.96187256246799 49.70974235328205
73.88196695018847 80.96187252272935 49.709742296068654
73.88196693972455 80.96187265253396 49.70974245327837
73.88196692095508 80.96187266458293 49.70974248248443
73.88196693497426 80.96187271244517 49.70974252577325
73.88196692725772 80.96187281090889 49.70974264484383
73.8819669193328 80.96187291494556 49.70974277046621
73.88196691479297 80.96187297546348 49.70974284348293
73.86590965377528 80.96931435649248 49.716240736729645
73.86590965029767 80.96931435988851 49.71624074037091
73.8659075054204 80.96931607788784 49.716242363563225
73.865909606974 80.96931439492643 49.716240773713785
73.86590740542903 80.96931617579267 49.716242468688
73.86590605758865 80.96931726671434 49.71624350743686
73.86590516164527 80.96931799185607 49.71624419788411
73.8659029934014 80.9693197373481 49.71624585327096
73.86590296370102 80.96931977267172 49.71624589481832
73.86590197363019 80.9693205744537 49.716246658559506
73.86590065990774 80.96932163841304 49.71624767209285
73.86589835915441 80.96932349300288 49.71624943265488
73.86601381162276 80.97551265484452 49.72324095061115
73.86601125265 80.97551408611848 49.72324218731778
73.86601302224369 80.97551312485308 49.723241355468474
73.86601174449092 80.97551388583423 49.72324201095685
73.8660095639646 80.97551516010945 49.72324310959303
73.86600973160898 80.97551508836986 49.723243046633115
73.86600696512254 80.97551664151405 49.72324438838663
73.86600883942378 80.97551562114265 49.72324350549012
73.86600761472835 80.97551635259366 49.723244135456234
73.86600525839992 80.97551772247573 49.723245316822656
73.86600555729639 80.97551758540541 49.72324519705627
73.86600400240346 80.97551851747868 49.723245999668336
73.86600343840308 80.97551885576412 49.72324629095913
73.86600080680914 80.97552035661005 49.72324758650166
73.86600141824852 80.97552007248456 49.72324733844519
73.74924855215997 81.0319020875133 49.75509104853478
73.86599936230418 80.97552131228755 49.72324840574065
73.74920425945206 81.031924518966 49.75510362966142
73.63005579282849 81.09606378766168 49.79352048974579
73.62994906352012 81.09611725730267 49.793549092803616
73.62997879232404 81.09610240619732 49.793541171876214
73.62988975430511 81.09614704987628 49.79356507408109
73.62989486298142 81.0961444978401 49.793563712946515
73.51990432876906 81.1484347716319 49.81793550654379
73.62987958540872 81.09615215884654 49.793567815103685
73.51990461936731 81.14843476940814 49.81793567317523
73.51990427682048 81.14843498580652 49.817935760052464
73.51990433561512 81.14843498353252 49.81793579134856
73.51990366552747 81.14843522176932 49.81793571602983
73.51990426439232 81.14843503429394 49.81793581705534
73.51990401799492 81.14843521186197 49.81793590858271
73.5199036039219 81.14843543934279 49.81793596840734
73.51990373276048 81.14843543450166 49.81793603717553
73.51990356710888 81.14843556285302 49.817936110600336
73.51990343570877 81.14843566524387 49.81793616960978
73.51990286610143 81.14843590587445 49.8179361560985
73.5199031724878 81.14843589051239 49.817936314532275
73.51990278918345 81.14843612667627 49.817936403818685
73.51990291617994 81.14843611834635 49.81793646688859
73.51990273926111 81.1484362650511 49.81793655806024
73.51990262310682 81.14843636152489 49.81793661812511
73.5199019510271 81.14843663700559 49.817936590999366
73.51990235356533 81.14843660263013 49.817936780346
73.51990185178289 81.148436874724 49.8179368481089
73.51990205268268 81.14843685713393 49.817936942033526
73.51990175771803 81.14843709647171 49.8179370870765
73.51990172199112 81.14843712521305 49.817937104316
73.51990138759987 81.14843739903291 49.817937272047104
73.51990077356967 81.14843771036746 49.81793732630948
73.51990103838186 81.14843768177369 49.81793744294805
73.51990064579783 81.14843797660188 49.81793760456099
73.51990067279874 81.14843797376595 49.817937616559156
73.51990063187063 81.14843800590712 49.81793763526895
73.51990028207403 81.14843827731002 49.817937790807335
73.51989954791074 81.14843862934349 49.817937828900185
73.519899911641 81.1484385794989 49.817937975100826
73.5198993947449 81.14843890845822 49.817938109401965
73.5198995448518 81.14843888581319 49.817938166987624
73.5198992745383 81.14843911745254 49.81793831621384
73.51989918286586 81.14843919550466 49.81793836615279
73.51989815676555 81.14843962637222 49.817938338356626
73.5198988073247 81.14843951346612 49.8179385683672
73.51989797241758 81.14843992082933 49.81793862099377
73.51989843736669 81.14843983454556 49.81793877797154
73.51989777810631 81.14844021679406 49.817938899814706
73.51989805439891 81.14844016348478 49.8179389903998
73.51989758500922 81.14844051679731 49.817939184696044
73.5198976186082 81.14844051011677 49.81793919544968
73.51989755868236 81.14844055761357 49.817939223422556
73.51989716959972 81.1484408634085 49.81793940161178
73.5198961485331 81.14844133940763 49.81793943656115
73.51989669758112 81.14844122645124 49.81793960726835
73.51989593854555 81.14844165426094 49.817939731265305
73.51989621592332 81.14844159515134 49.8179398147971
73.51989572948473 81.14844196780186 49.81794002477106
73.51989574194778 81.14844196504305 49.817940028387916
73.51989571915506 81.14844198328285 49.817940039258545
73.51989526152234 81.1484423392673 49.81794024395636
73.51989408587214 81.14844287954702 49.817940273883
73.5198948264348 81.14844270565571 49.81794047559769
73.51989382119291 81.14844321307709 49.81794056142219
73.51989442173621 81.14844306724778 49.81794071861637
73.51989354595705 81.14844354993035 49.817940847204994
73.5198940361307 81.14844342769368 49.81794097125788
73.4656635876281 81.1876651497511 49.81748500636292
73.46567457368806 81.18765722459293 49.817485615226005
73.40622195985463 81.25189222861607 49.826972853040786
73.40623303846779 81.25188278577882 49.82697280045601
73.41510931530985 81.2816415521715 49.84329927620952
73.41511454610651 81.28163668179742 49.84329898927445
73.41505881769169 81.28170245844046 49.843307236076555
73.41505927617173 81.28170203080043 49.84330721064599
73.41505519303277 81.28170684113279 49.84330781150433
73.36440116410854 81.31631067636636 49.83878976898173
73.33057080196417 81.34360008748389 49.83946792855964
73.33059208883307 81.34360127951656 49.83947566278107
73.33057347892208 81.34360023631595 49.83946891500254
73.33059138885207 81.3436012392419 49.839475422312034
73.33057611502994 81.34360038290953 49.83946988597193
73.33059021518278 81.34360117253053 49.83947500858969
73.33057860598775 81.34360052139958 49.83947080388621
73.33058945042342 81.3436011287336 49.839474743230525
73.3305809783911 81.34360065328298 49.83947167831106
73.3305891130539 81.34360110888701 49.83947463293528
73.33058298490485 81.34360076464318 49.83947242023267
73.33058970228245 81.34360114090536 49.83947485960154
73.33058508202333 81.343600881166 49.839473193930026
73.33059041176871 81.34360117970628 49.83947512933993
73.3305867699698 81.34360097472339 49.83947381963662
73.33059213929808 81.34360127548804 49.83947576932798
73.33058815701257 81.34360105140718 49.839474336316336
73.33059506116432 81.34360143810999 49.839476843783984
73.33058939406439 81.34360111971506 49.83947479819869
73.36170087798219 81.35399610465203 49.85090742387547
73.36169830881165 81.35399695760869 49.850906552931505
73.36170190207616 81.35399730236117 49.85090767841331
73.3367294263329 81.43795314281223 49.86506092662586
73.33673545426284 81.43794653218458 49.865061235681964
73.2854094362475 81.5285583012539 49.8702771764313
73.28541233942985 81.52855349061288 49.87027695258668
73.23842334590735 81.63084672780501 49.87924318868382
73.23843219218526 81.63084433724998 49.879245370113196
73.23841933591112 81.63084834557456 49.879242311733805
73.23842840012723 81.63084589141475 49.87924454591844
73.23841525217131 81.63084999757207 49.87924141959459
73.23842450608464 81.63084748437103 49.87924369892777
73.23841107149713 81.63085168693382 49.87924050589173
73.2384205169461 81.63084911322099 49.87924283062283
73.23840668072967 81.63085343989603 49.87923954181129
73.23841664003307 81.6308507187324 49.87924199145577
73.23840218249953 81.6308552307054 49.87923855307616
73.23841320437838 81.63085220650608 49.87924126141512
73.23839740128473 81.63085710697482 49.87923749644182
73.23841026721094 81.63085356223283 49.87924065485521
73.23840781834 81.63085478686165 49.87924016888503
73.23840604755884 81.6308558265803 49.87923984977759
73.23840245750819 81.63085737750976 49.87923908615357
73.23840568357693 81.63085614146189 49.87923980537742
73.23840502860472 81.63085666013325 49.87923971543749
73.23839702611858 81.63085945314998 49.879237874149396
73.2384043324063 81.63085740645899 49.879239660685
73.18902322282679 81.65254591354235 49.86952365361779
73.23840361455044 81.63085816024065 49.87923960092778
73.23840365185949 81.6308587028244 49.87923972589586
73.23840048262291 81.6308601571836 49.879239069633535
73.23840383211878 81.63085888719509 49.87923981917078
73.23840411701313 81.63085912655478 49.8792399556896
73.18902857825833 81.6525443843818 49.8695249340239
73.27830904771672 81.63482334672777 49.889180130159076
73.27831865989724 81.63482270567447 49.8891822845074
73.27832151887259 81.63482286378117 49.889182884944425
73.27832581164816 81.63482217353116 49.88918389378888
73.27832988097789 81.63482187578546 49.88918480888314
73.18903162197002 81.65254357862248 49.86952568964
73.27833928547429 81.63482126777438 49.88918691446436
73.27834655567328 81.63482091656485 49.88918852845454
73.2783531084434 81.63482065214609 49.88918997714569
73.2783455549481 81.63482207389886 49.88918817803715
73.27835404586752 81.63482060464024 49.88919018551144
73.27836043368679 81.6348202932655 49.8891916039354
73.27833610360165 81.63482373116514 49.88918594096984
73.27836765838931 81.63481994329322 49.88919320793642
73.2480341442201 81.64599609546691 49.88305290805889
73.27837559041302 81.63481950427273 49.88919497531012
73.27837710263395 81.63481983833734 49.88919526394104
73.27838185673951 81.63481902348428 49.889196387034175
73.3467519690036 81.6352845573701 49.901671916749095
73.2481079803882 81.64598167929657 49.88306915091411
73.34676299664517 81.63528753268054 49.901673253084056
73.34677432462627 81.63529057957852 49.90167463041456
73.34677409507094 81.63529049575035 49.90167461325959
73.3467750345074 81.63529074630475 49.90167472851823
73.3467772898153 81.63529166874966 49.90167484891252
73.47023786508271 81.6768150527091 49.92058670511914
73.63838835476368 81.74841062464002 49.94283055665238
73.63838858375456 81.74841059574491 49.942830637782095
73.63838888429437 81.74841056296763 49.942830743075895
73.6383862005359 81.74841089615244 49.94282979349925
73.63839146669869 81.7484102822565 49.942831647604365
73.63839275264081 81.74841015328477 49.94283209553622
73.63839357116565 81.74841005058775 49.94283238539781
73.63839471846397 81.74840992389326 49.942832787713755
73.63839806346105 81.74840955446815 49.94283396069266
73.63839640097594 81.74840977122064 49.94283337008123
73.63839867959528 81.74840948592963 49.9428341768637
73.63840212157457 81.74840910233392 49.94283538464781
73.63840228605076 81.74840910611678 49.94283543726962
73.63840390173749 81.74840890310442 49.94283600949641
73.63840675228167 81.74840858367773 49.94283701014872
73.63840784643101 81.7484084791562 49.94283739007255
73.63840914946195 81.74840831477219 49.942837851717556
73.6384117965616 81.74840801684077 49.942838781252824
73.63841312831 81.7484078850734 49.94283924472619
73.63841441549155 81.74840772185387 49.942839700948284
73.63841717286755 81.74840741119233 49.942840669280706
73.63841819266392 81.74840731676427 49.94284102269803
73.71743166812848 81.7352412875434 49.96633038919834
73.7174674760897 81.73523475844735 49.966340415627954
73.71748402292775 81.73523174117692 49.96634504887578
73.71753493009122 81.73522245870492 49.96635930322118
73.7175374659071 81.7352219935583 49.9663600138925
73.71754275990642 81.73522102791006 49.966361496323344
73.71757139584989 81.73521582472742 49.96636951042614
73.71759108277995 81.73521221288149 49.96637502790645
73.71763447602461 81.73520429627914 49.96638717926214
73.71764500766528 81.7352023748483 49.96639012843626
73.77751248299555 81.73701183944313 49.97282754080511
73.8708190822465 81.72273894360727 49.99349960193767
73.87082097256538 81.72273856823267 49.993499999137825
73.87083707702645 81.72273527604196 49.99350346230795
73.87084967199299 81.72273286968829 49.993506029126365
73.87085271774706 81.72273228920915 49.99350664863715
73.87086252865774 81.72273228254585 49.99350707693447
73.87086825478858 81.72272927865961 49.99350985044953
73.87087740101067 81.72272759415026 49.993511661481136
73.87088331479515 81.72272652022151 49.9935128196381
73.87089565114138 81.72272521540901 49.99351444871904
73.8708982859265 81.72272370371091 49.99351583384705
73.87090372763595 81.72272269350434 49.99351691806335
73.92835478537374 81.71569551947988 50.001144005063146
73.92839630328264 81.71569930343986 50.00114205705276
73.92839564827139 81.71569910618038 50.00114221412319
73.92840676554157 81.71570008236344 50.001141726530236
73.92843572320446 81.71570262156183 50.0011404596985
74.00138982047054 81.70537764100496 50.00917938062535
74.00139180391659 81.70537580101475 50.00918064601558
74.00140265153316 81.70537479907473 50.00918105314483
74.00140929203815 81.7053741825544 50.0091813046529
74.20563699473661 81.64207800119576 50.08812848058721
74.23001776693772 81.649843891796 50.08192454919702
74.23014765673443 81.64980616544878 50.081973672861
74.44996756752806 81.58453800935294 50.15687954691049
74.64960320221175 81.52771125072877 50.223864758304785
74.64960635109347 81.52771065160766 50.223864093749484
74.6496091784098 81.52771038021582 50.22386343328497
74.64960958652672 81.5277100191131 50.22386341497284
74.64961030062778 81.52770987748393 50.22386326564386
74.64961287089939 81.52770935697426 50.223862730732606
74.64961615130103 81.52770866479923 50.223862054697655
74.6496189274827 81.52770842812286 50.2238613990466
74.64961942322748 81.52770794476648 50.223861387502424
74.6496204934729 81.52770770836565 50.223861169473395
74.64962276890184 81.5277071985621 50.22386070764769
74.64962608188482 81.52770642672284 50.22386004231389
74.64962940088019 81.52770563042112 50.223859381290396
74.64963244873906 81.52770516136334 50.22385871153536
74.64963273594657 81.52770481370752 50.22385872102735
74.64963380998431 81.52770454942588 50.22385850869611
74.64963611232079 81.52770397709028 50.2238580549282
74.6496394811995 81.52770312170888 50.223857395241694
74.6496428372464 81.52770224851426 50.22385674310937
74.64964590417917 81.52770185999319 50.22385604919138
74.64964619557921 81.52770136263776 50.223856093424835
74.64964837017415 81.52770078086164 50.22385567469003
74.6496495409252 81.52770046535855 50.22385544980052
74.64965285911124 81.52769955447931 50.223854816398514
74.64965614244232 81.52769863159916 50.22385419481048
74.64965913198473 81.52769853477291 50.223853450957414
74.6496594109832 81.52769770270487 50.223853578456094
74.64966257826747 81.52769702045242 50.22385292906934
74.64966264715412 81.52769678685871 50.223852967284884
74.64966344693474 81.52769656127052 50.22385281606132
74.64966581436538 81.52769593098229 50.223852359458114
74.64966875922192 81.52769511616563 50.223851798856415
74.64966883157874 81.52769517828074 50.22385176543034
74.64967178018033 81.52769467881384 50.22385112841718
74.64967028330518 81.5276948039364 50.22385148253001
74.64967169665232 81.52769466134997 50.223851154026164
74.64967071434356 81.52769474263715 50.223851386606
74.9181267454075 80.69433553030296 49.35595004260186
74.9181263437626 80.69433616371462 49.35595056132986
74.91812622234741 80.6943363552097 49.35595071817382
74.918126690509 80.69433561696779 49.35595011367484
74.91812617449914 80.6943364306911 49.35595078001447
74.91812593194157 80.69433681317058 49.35595109319287
74.91812512370142 80.69433808749724 49.35595213644878
74.91812467874617 80.69433878910395 49.35595271090279
74.91812377062517 80.69434022103245 49.35595388332262
74.9181222634557 80.6943425973644 49.355955828788815
74.91812224435986 80.69434262747555 49.35595585344379
74.91812070396459 80.69434505615067 49.35595784171315
74.91812221041846 80.69434268099039 49.35595589725548
74.91812058722157 80.69434524024656 49.35595799246246
73.98083975971491 80.85663234696466 49.555166945241595
74.3116439758683 80.77654752191515 49.459318586404116
74.9181203122707 80.69434567374805 49.355958347352605
74.31166259237935 80.7765438603947 49.45931455011666
73.9808375553681 80.85663573570976 49.55517213628705
73.98083764247194 80.85663606349549 49.55517263880816
73.98083721879074 80.85663668030902 49.55517358364318
74.31163524495759 80.77654929276397 49.45932056032592
73.98083539544233 80.85663903458469 49.55517718964613
73.98083603413988 80.85663840533326 49.555176226035755
73.98083515576577 80.85663969430091 49.555178200485884
73.98083310084094 80.8566425481165 49.55518257183378
73.98083433323549 80.856640897382 49.55518004337073
73.98083300585651 80.85664282985833 49.55518300353816
73.94522277224338 80.89915484683853 49.619017955961404
73.94522297962214 80.89915467074796 49.6190176918646
73.94522189794858 80.89915559490669 49.61901906914561
73.98083261680453 80.85664339647032 49.555183871474625
73.90556130361489 80.9351382393212 49.672570388683006
73.94521346009164 80.89916280405356 49.619029812959106
73.90556071373247 80.93513879389253 49.672571201856144
73.90555527451491 80.93514376257473 49.67257849206314
73.90555702225844 80.93514217447637 49.67257616168026
73.90555473742529 80.93514426712606 49.67257923190377
73.90554949320014 80.93514905744217 49.672586260414306
73.9055512901369 80.93514742472105 49.672583864549246
73.90554890037583 80.93514961378848 49.67258707622146
73.905543879364 80.93515419757057 49.672593801784345
73.90554507366036 80.93515311949437 49.67259221957717
73.90554313363269 80.93515489692015 49.67259482730225
73.88196703367838 80.96187161012124 49.709741182638936
73.8819670435991 80.96187178815825 49.709741378334904
73.88196704203241 80.96187180502463 49.70974139893222
73.88196703077384 80.9618718930002 49.709741508902695
73.88196703194997 80.9618719200933 49.70974153895696
73.88196701817596 80.96187197669552 49.709741615072225
73.88196703036203 80.96187193783169 49.709741560570095
73.88196702107984 80.96187204015953 49.709741685350366
73.88196700535543 80.96187207418669 49.70974173721994
73.88196701725573 80.96187208185259 49.70974173622612
73.88196700958346 80.96187216545374 49.70974183824366
73.88196699229626 80.96187218179134 49.709741871142924
73.88196700416465 80.96187222381987 49.70974190951839
73.8819669975619 80.96187229621167 49.709741997823755
73.8819669789004 80.96187228824445 49.709742004023866
73.88196699088316 80.96187237002212 49.70974208781578
73.88196698532235 80.96187243230389 49.709742163690294
73.88196696506803 80.9618723873312 49.70974212882922
73.8819669772364 80.9618725258067 49.70974227738425
73.88196697315142 80.96187257445798 49.709742336440954
73.88196696295304 80.9618726998015 49.70974248832496
73.88196696115294 80.96187272247202 49.70974251575928
73.88196694808632 80.96187284309363 49.709742664592
73.88196694955005 80.96187287645618 49.70974270158827
73.88196693346683 80.96187295069984 49.70974279979785
73.88196694773384 80.96187290013212 49.70974273018696
73.88196693731302 80.96187303633972 49.7097428946923
73.88196691845955 80.96187305857474 49.70974293562974
73.88196693258314 80.96187309917721 49.709742970520836
73.88196692490408 80.96187320231381 49.70974309491081
73.88196691702225 80.96187331117976 49.70974322602701
73.86590952514561 80.96931449154054 49.7162408870131
73.86590722710679 80.96931634907506 49.71624265398451
73.8659072242539 80.96931635195558 49.71624265712799
73.86590508572752 80.96931806459763 49.716244275067126
73.86590717734683 80.96931638993478 49.71624269330018
73.86590497075395 80.9693181758035 49.7162443936805
73.8659034969884 80.96931936877927 49.71624552969547
73.86590267799227 80.96932003177574 49.716246161063964
73.86590055621456 80.96932173779386 49.716247777557
73.86601596519053 80.97551145859552 49.723239916614766
73.86601491847121 80.97551208284432 49.723240454289865
73.86601403477232 80.97551260999357 49.7232409083265
73.86601194221049 80.9755138164888 49.723241949217126
73.86601212312264 80.97551375286892 49.72324189258693
73.866010832959 80.97551452463148 49.72324255722153
73.8660101493581 80.9755149335806 49.72324290940357
73.86600783608326 80.97551626106625 49.72324405494571
73.86600815275236 80.9755161296975 49.72324393941511
73.8660061678044 80.9755173202009 49.72324496453622
73.86600617573659 80.97551731711239 49.723244961808035
73.86600354351532 80.97551880835198 49.723246249489755
73.86600611733616 80.97551735225677 49.723244992065375
73.86600413240186 80.97551854480132 49.7232460188597
73.86600185326051 80.97551987559777 49.72324716627338
73.8660021451827 80.9755197431365 49.723247050458205
73.86600048702073 80.97552074127475 49.72324790978765
73.86600000988318 80.97552102841578 49.72324815699969
73.6300611496393 81.09606111397072 49.79351906500229
73.74921717050893 81.03191808286799 49.755100124705905
73.63000422471589 81.09608971024548 49.79353440533181
73.63001340673623 81.0960851264079 49.79353196221443
73.62998044509006 81.09610165706138 49.79354081475089
73.62992858813551 81.09612766373246 49.79355474179624
73.51990483914486 81.14843476856481 49.817935800308646
73.62984083020712 81.09617167565969 49.79357831133453
73.51990481220288 81.14843488727604 49.81793594190228
73.51990470017036 81.148434975129 49.81793599294815
73.51990421991026 81.14843520236022 49.81793601381855
73.51990441591403 81.14843519326047 49.817936116137446
73.5199041702246 81.14843538453644 49.817936226243646
73.51990412772301 81.14843541637111 49.81793624362905
73.51990353761433 81.1484356594082 49.81793622134329
73.51990385792638 81.14843563855716 49.81793638062942
73.5199034707499 81.14843587260957 49.81793646485809
73.51990358843399 81.1484358649775 49.81793652341858
73.5199034314735 81.14843599104304 49.817936598885915
73.51990329233607 81.14843610350614 49.81793666672798
73.51990270536155 81.1484363571223 49.81793666029053
73.5199030239282 81.14843633845705 49.81793682145471
73.51990261719891 81.14843658858143 49.81793691557189
73.5199027423584 81.14843658174634 49.81793697955077
73.51990255979338 81.14843673488399 49.81793707595244
73.51990243823472 81.1484368356866 49.81793713860014
73.51990174626923 81.14843712348028 49.81793711618718
73.51990213824214 81.14843709336638 49.817937305015846
73.51990163578508 81.14843737472245 49.817937384659245
73.51990184000236 81.1484373551503 49.81793747789317
73.51990153261241 81.14843760427493 49.817937628654846
73.51990149361146 81.14843763506695 49.81793764670131
73.51990115162926 81.14843791826152 49.8179378224261
73.5199005133201 81.14843824519976 49.8179378831984
73.51990082935627 81.14843820059053 49.81793800850511
73.51990037453886 81.14843850913854 49.81793815198324
73.51990049390757 81.14843849070614 49.817938197214225
73.5199002896793 81.14843866623849 49.817938310651655
73.51990014304157 81.14843878995819 49.81793838903416
73.51989923365645 81.14843918700545 49.81793838452849
73.51989980713165 81.14843908966553 49.81793859018502
73.5198990654629 81.14843946713609 49.81793865760716
73.51989947178802 81.1484393937762 49.81793879750163
73.5198988906329 81.14843974970069 49.8179389300386
73.51989912389577 81.14843970563156 49.817939007758724
73.51989871265326 81.14844003618728 49.8179392058295
73.51989874577745 81.1484400296103 49.817939216443314
73.51989868862937 81.14844007534988 49.81793924370849
73.51989832443614 81.14844036864653 49.81793941985926
73.51989739065883 81.14844081792782 49.81793947033985
73.51989790073674 81.14844071142298 49.817939626855626
73.5198971927511 81.14844112038608 49.81793975566731
73.51989745831803 81.14844106278007 49.81793983429942
73.5198969918183 81.14844142301249 49.81794003945229
73.5198970028604 81.14844142053343 49.81794004261069
73.51989698258349 81.14844143671871 49.81794005222676
73.51989653490077 81.1484417841601 49.81794025140965
73.51989550456483 81.14844228287343 49.81794031105069
73.51989610490557 81.14844214137604 49.817940473867296
73.51989526889194 81.14844259968547 49.8179405933619
73.51989566400545 81.14844250370055 49.81794069673127
73.51989502064303 81.14844291899283 49.817940871641134
73.51989524524234 81.14844286261939 49.81794092800003
73.51989476703008 81.14844323992264 49.81794114894025
73.51989483344212 81.14844322255985 49.81794116468585
73.51989467972635 81.14844335302075 49.81794124787136
73.51989439561447 81.14844359005228 49.81794139619123
73.47458895582328 81.21736476037354 49.833803858963144
73.41513578169697 81.28161789294583 49.84329819192739
73.41508445955151 81.2816789950676 49.843305983326395
73.36440241871877 81.31631146037704 49.838790493000744
73.4150336413573 81.28173975125193 49.843313793152966
73.36440171426877 81.3163251695083 49.83879663777816
73.41252491506069 81.34370505845203 49.864827512506835
73.3306020654708 81.34360183710358 49.83947930164625
73.41252165473438 81.34370517801952 49.864826663278
73.33060456068196 81.34360197576946 49.83948022190813
73.41251835941856 81.3437052988076 49.86482580489967
73.41248845049269 81.34370591981954 49.864817743267245
73.41251339258451 81.34370545084788 49.86482449401309
73.41248761412952 81.34370599468267 49.86481755059732
73.41250799896437 81.34370561103302 49.86482306768252
73.412486953208 81.34370606591767 49.86481740522418
73.41250186699888 81.34370578480997 49.86482144134804
73.36170622459561 81.35399352853516 49.85090928462134
73.41249598436428 81.34370595412679 49.864819882626506
73.36170671952182 81.35399461643281 49.85090937696982
73.36170761342117 81.35399471287619 49.85090965631357
73.36170716901097 81.35399571747308 49.85090945403223
73.36170789690279 81.3539957969608 49.85090968144107
73.36170752493655 81.35399681802504 49.85090950127736
73.3617084695093 81.3539969214861 49.85090979636314
73.36170782061224 81.35399793169827 49.850909528512375
73.36170922155652 81.35399808207791 49.85090996635412
73.33674232850873 81.43794122109215 49.86506209694973
73.33674482525373 81.43793943044977 49.865062441367606
73.30877093444239 81.52992427117252 49.8776387497353
73.30877867717783 81.52991024416839 49.877637881223684
73.23844090166115 81.63084199754837 49.87924752071669
73.30755530988752 81.60800963510859 49.89192094180897
73.23843726238147 81.63084350033273 49.87924673208143
73.29738992124022 81.62429421166878 49.89276249375223
73.2384335187231 81.63084504215183 49.87924591997533
73.29739161569634 81.62429438016822 49.89276291858342
73.23842967701677 81.63084662029387 49.8792450857498
73.23843496720622 81.63084518120482 49.879246388281764
73.23842568122569 81.6308482465043 49.8792442148749
73.2384314776763 81.63084666262397 49.879245640575085
73.23842157035088 81.63084991050104 49.87924331702189
73.23842788201145 81.63084817936794 49.87924486808795
73.23841720243256 81.6308516509613 49.87924235725047
73.23842519291175 81.63084944917482 49.87924431874416
73.23841257695649 81.63085346964408 49.8792413357732
73.23842287540079 81.63085062013657 49.879243861360465
73.2384077005574 81.6308553671908 49.879240254736075
73.23842103636618 81.63085166154085 49.87924352191173
73.23841995665937 81.63085249418141 49.87924336896037
73.23841696254797 81.63085386657497 49.87924274862633
73.2384197362855 81.63085279530148 49.879243365219374
73.29742510998736 81.6242977041978 49.89277116720265
73.23841174602094 81.63085587209096 49.87924158707925
73.29743274670884 81.62429846164976 49.892773038345155
73.23840627433347 81.63085796160064 49.87924036576206
73.27833995268851 81.63481877169058 49.889187347532655
73.27834633334086 81.63481849329402 49.88918876059165
73.27834326122817 81.63481932599468 49.889187999441184
73.27834931502352 81.63481831920576 49.88918942600283
73.27835404071627 81.63481806126904 49.88919047853928
73.2783332100889 81.6348209931352 49.88918563142836
73.27836040393237 81.63481779604948 49.88919188630091
73.27836682470613 81.63481752737968 49.88919330691783
73.2783743273011 81.63481713093569 49.88919497643315
73.27836576459339 81.63481863766562 49.8891929490893
73.27837530120405 81.63481707162492 49.88919519405867
73.27838320636658 81.63481656954161 49.8891969629125
73.2783553894023 81.63482038035642 49.88919050220969
73.27839012585659 81.634816243972 49.88919849803908
73.27839846669414 81.63481574659708 49.88920036063452
73.34674247807774 81.63528158871426 49.90167096532342
73.34674093595922 81.63528102017749 49.901670852704626
73.3467472397085 81.63528272124752 49.90167161645561
73.34674538091093 81.63528263280045 49.90167119002912
73.34675765462117 81.6352855409128 49.90167287382917
73.34676844083235 81.63528844888506 49.90167418197851
73.34676835317761 81.63528841741173 49.90167417516686
73.34676868839165 81.63528850742324 49.901674215998085
73.34677138098672 81.63528950749605 49.90167440903692
73.34677998069232 81.63529153493812 49.901675593756494
73.55905583061309 81.70769785984848 49.93562834424924
73.55912555827487 81.70772520175053 49.935638182345365
73.55908187150331 81.70770806698565 49.93563201937376
73.64476239203539 81.74394187081535 49.94571478315797
73.63839590216105 81.74840974526359 49.94283321382824
73.63839504343265 81.74840986527485 49.94283290690373
73.63839654841337 81.74840967489587 49.94283344021591
73.63839844326796 81.7484094688444 49.942834103937045
73.63840091545313 81.748409200174 49.94283496984575
73.63839908923575 81.7484094345991 49.9428343219133
73.63840123497275 81.748409164838 49.94283508190165
73.63840427077761 81.74840882905767 49.94283614657294
73.63840492843362 81.74840877408377 49.94283637312431
73.63840618908185 81.74840861531544 49.94283681969182
73.63840844740751 81.74840836271889 49.94283761234471
73.63841036009349 81.74840816169672 49.94283828070696
73.63841131625051 81.7484080406686 49.9428386195526
73.63841335970494 81.7484078110034 49.94283933704138
73.6384155445688 81.74840757837677 49.94284010120312
73.63841643649741 81.74840746487702 49.942840417425835
73.71743048348267 81.73524147156904 49.966330064735615
73.71744633767378 81.73523859720648 49.96633450027472
73.71746003641377 81.7352360847244 49.96633833932948
73.71748350286163 81.73523180673746 49.96634490988468
73.71749298248254 81.73523009783166 49.966347559796986
73.7175103446374 81.73522691305638 49.96635242560694
73.71754253232939 81.73522104403659 49.96636143834785
73.71756099786016 81.73521767671865 49.96636660888567
73.71761116384548 81.73520852820778 49.96638065596498
73.71761249104219 81.73520828466584 49.96638102793764
73.71761535192286 81.73520776286362 49.96638182903638
73.7176493028391 81.7352015865093 49.966391332280764
73.71766370464113 81.73519894307545 49.966395368821644
73.71769881345531 81.735192537824 49.96640520030975
73.81104575327097 81.72209369684035 49.98682235945955
73.8708222637023 81.72273797073784 49.993500557366126
73.87082849259343 81.72273510589085 49.99350323558496
73.87083725765409 81.72273338770357 49.993505058523844
73.8708439360492 81.72273206622936 49.9935064578537
73.87085464321737 81.72273132749314 49.99350754057083
73.87085942643427 81.72272894614434 49.993509749795045
73.87086736083738 81.72272740911023 49.99351138456343
73.87087455671039 81.72272600770727 49.99351287342277
73.87088640282641 81.72272481290763 49.99351438884197
73.87088969680246 81.72272299872836 49.99351605681181
73.87089674167758 81.72272165486004 49.993517490768554
73.87090438470113 81.72272020143612 49.99351904265189
73.92835365332965 81.71569507800515 50.00114436887539
73.92835295957111 81.71569480230356 50.001144596562355
73.92837039861641 81.71569634193511 50.001143824036134
73.9283930821604 81.71569834323812 50.0011428204225
74.00137645189348 81.70537531493146 50.00918143853127
74.00137802849756 81.70537393137455 50.00918238756668
74.00138620683776 81.70537329125875 50.00918261164938
74.00139524508944 81.70537257763061 50.009182863755285
74.20511367304078 81.64220672018116 50.08795519464632
74.20531557328019 81.64215686603053 50.08802284324814
74.20575992119957 81.64204750848981 50.08817023858201
74.20590679011357 81.64201136169896 50.08821896156749
74.44995024738805 81.58454227278239 50.15687390771289
74.64960431879979 81.52771034828827 50.22386468774241
74.64960477493422 81.52770998199236 50.22386465835308
74.64960541687628 81.52770986451978 50.223864521758045
74.64960790584297 81.5277094005565 50.2238639941777
74.64961105660176 81.52770878752557 50.223863332468895
74.64961392207766 81.52770821094242 50.223862735233936
74.64961424091808 81.5277081460981 50.22386266894449
74.64961745406028 81.5277074748226 50.22386200516571
74.6496206654828 81.52770677568265 50.22386134849501
74.64962365513327 81.52770628843054 50.22386069802752
74.64962388840642 81.52770605024912 50.22386069516449
74.64962451452467 81.5277059088421 50.223860568355896
74.64962716679446 81.52770530253807 50.223860032933715
74.6496304228933 81.5277045296629 50.2238593824424
74.64963369056518 81.52770373769066 50.223858733551
74.6496367468687 81.52770318365819 50.22385808196037
74.64963695848424 81.5277029221107 50.22385809024454
74.64963771072118 81.52770273470362 50.223857942083946
74.6496402558898 81.52770209289164 50.2238574426361
74.64964351380138 81.5277012385526 50.22385681117077
74.64964678636906 81.52770037280989 50.22385617867357
74.64964964987225 81.52770025091027 50.22385547315713
74.6496500483731 81.52769949264899 50.22385555233636
74.64965320424967 81.52769881268824 50.22385490532811
74.64965330264083 81.52769860473639 50.22385492983871
74.64965455816078 81.52769825984733 50.22385469023114
74.64965653340735 81.52769771554202 50.2238543136774
74.64965974229099 81.52769682292212 50.22385370395011
74.64966291155402 81.52769595266486 50.22385309903768
74.64966587536257 81.5276951096007 50.22385254033202
74.64966602554708 81.52769507364299 50.22385251040278
74.64966894295995 81.52769470860844 50.22385184922735
74.64966899913543 81.52769434305675 50.22385192227645
74.6496693730672 81.52769423155763 50.22385185301496
74.64967035155661 81.5276941031203 50.2238516326962
74.64967077171448 81.52769405226296 50.22385153706544
74.91812587885366 80.69433689687388 49.3559511617198
74.91812504570552 80.69433821047267 49.35595223712736
74.9181239559668 80.6943399286949 49.355953643862975
74.9181223281205 80.69434249532476 49.35595574515561
74.91812205603433 80.69434292436151 49.35595609644962
74.91812336025335 80.69434086799103 49.35595441289959
74.91812149430416 80.69434381007771 49.3559568216223
74.91812119750327 80.69434427797796 49.355957204615294
74.91812065853824 80.69434512779972 49.35595790040067
74.91811900924962 80.69434772819582 49.35596002928996
74.61654873016187 80.7402931503509 49.41517132708002
74.29976505972414 80.79851728769418 49.49297897578625
73.9808369348085 80.85663729835436 49.55517453055363
74.29955923702317 80.79856461982874 49.49303444741564
73.98083637006249 80.85663850053228 49.55517637240004
73.98083485581904 80.85664047132838 49.555179391050274
73.98083549071904 80.85663982494533 49.555178401176775
73.98083455007676 80.85664124660458 49.555180578922666
73.98083273465465 80.8566437020417 49.5551843399886
73.98083365121755 80.85664258466764 49.55518262859488
73.98083256072124 80.85664420793685 49.55518511515166
73.94522186146828 80.89915562619734 49.61901911559053
73.94522216584902 80.89915536703762 49.61901872799018
73.94522927842965 80.89914929046662 49.61900967162227
73.94522209054844 80.89915543160555 49.61901882386
73.90556060713922 80.93513889724541 49.672571353304164
73.9055607017823 80.9351388276016 49.672571250573654
73.90556028655361 80.93513920786145 49.672571808471915
73.94522007980484 80.89915714953884 49.61902138411402
73.90555453449316 80.93514446107014 49.67257951618592
73.90555544191386 80.93514364486762 49.67257831821408
73.90555431380427 80.9351446780816 49.672579834090484
73.9055487158349 80.93514979081306 49.67258733568265
73.905549872217 80.93514874635389 49.67258580283256
73.90554838319153 80.93515011042494 49.67258780411505
73.90554296122387 80.93515506103664 49.672595067883684
73.90554373755921 80.9351543664696 49.67259404831777
73.88196706242593 80.96187189954034 49.709741490402735
73.8819670431749 80.96187182916992 49.70974142563905
73.88196705255734 80.96187200541733 49.709741619727986
73.88196705203237 80.961872011059 49.70974162661837
73.8819670403295 80.9618720933313 49.70974173042375
73.88196704203969 80.96187212788764 49.70974176858449
73.88196702802166 80.96187218479861 49.70974184525358
73.88196703977916 80.9618721528352 49.70974179900392
73.88196703113933 80.96187224961153 49.709741916900605
73.88196701546755 80.96187228636006 49.70974197184279
73.88196702709956 80.96187229459835 49.70974197172461
73.88196701980296 80.961872376574 49.70974207157259
73.88196700276322 80.96187240610705 49.70974211937665
73.88196701429806 80.96187243795892 49.70974214637435
73.88196700778357 80.961872508894 49.70974223293939
73.88196698976517 80.96187252687672 49.70974226832256
73.88196700157944 80.96187257696829 49.70974231597418
73.88196699544025 80.96187264647831 49.709742400599474
73.88196697640623 80.96187264597101 49.70974241564657
73.8819669884757 80.961872726367 49.70974249778537
73.88196698307655 80.96187279008646 49.70974257517321
73.88196696258352 80.96187275455132 49.70974255131354
73.8819669747618 80.96187289331162 49.70974270018651
73.88196697107925 80.96187293956741 49.7097427561701
73.88196696035247 80.96187308134786 49.70974292730723
73.88196695932024 80.96187309496196 49.709742943742064
73.88196694576035 80.96187321743162 49.70974309509566
73.88196694761476 80.96187325629047 49.7097431380641
73.88196693110655 80.9618733310275 49.70974323718751
73.8819669453298 80.96187328750283 49.709743175676394
73.88196693563418 80.96187342361898 49.709743339481605
73.88196691621819 80.96187345271196 49.70974338873283
73.88196693009296 80.96187350078756 49.70974343238453
73.88196692318603 80.96187359654431 49.70974354769105
73.86590796646627 80.9693157829524 49.71624213758868
73.86590718530495 80.96931641423764 49.71624273799934
73.8659048706492 80.9693182837519 49.716244515347
73.86590486758192 80.96931828904377 49.71624452235571
73.86590263650366 80.96932007509247 49.71624620913657
73.86590463292413 80.96931847890544 49.71624470309047
73.86601812589852 80.9755102576845 49.723238878619654
73.86601668669492 80.97551111372537 49.723239616035244
73.86601615291534 80.97551143154269 49.72323988979778
73.86601414986959 80.97551257524199 49.72324087699097
73.86601431875009 80.9755125285906 49.72324083457045
73.86601280822953 80.97551343328817 49.72324161364119
73.86601246166737 80.97551364083215 49.72324179236643
73.86601027130985 80.97551488244994 49.72324286446947
73.86601064052832 80.97551473504689 49.72324273449447
73.86600867277161 80.97551589827638 49.72324373682901
73.86600880387826 80.97551584047613 49.7232436862004
73.8660080606338 80.97551628714409 49.72324407078128
73.8660068512587 80.97551701435638 49.7232446968937
73.86600452896411 80.97551835797238 49.723245855883945
73.86600498965561 80.97551813893142 49.72324566491361
73.86600291635887 80.97551937605155 49.72324673043792
73.8660030337384 80.97551931975934 49.723246681384765
73.86600010482829 80.97552098317828 49.72324811756441
73.8660024504785 80.97551967108382 49.723246983841975
73.86600092007822 80.97552059294267 49.7232477774743
73.749244002387 81.03190457630741 49.75509263322958
73.86599876984195 80.97552188942679 49.72324889357157
73.63006831129502 81.09605767144664 49.793517303837326
73.63005304377288 81.09606532869532 49.793521404690736
73.6299450363918 81.09611944526229 49.79355035748307
73.6299729597938 81.09610549439363 49.79354291578352
73.62988647857424 81.09614886239423 49.79356613847261
73.6298902876161 81.09614695873654 49.79356512267911
73.51990479450224 81.14843496862044 49.81793603937031
73.62987794792473 81.09615314776117 49.79356843733047
73.51990512091284 81.1484349455475 49.81793619927078
73.5199047495891 81.14843516450475 49.817936272746294
73.51990487016613 81.14843515339444 49.8179363283856
73.5199041625952 81.14843541268326 49.81793625909157
73.51990472392765 81.14843527287543 49.81793640138393
73.51990460584088 81.14843536903079 49.817936459899144
73.51990410768185 81.14843561336409 49.81793649298828
73.51990433711828 81.14843559036245 49.817936596394034
73.51990404585803 81.14843582112098 49.817936732229526
73.51990405180504 81.14843582072336 49.81793673517299
73.51990339636522 81.148436094705 49.817936715770884
73.51990404385757 81.1484358275232 49.81793673954636
73.51990374516394 81.14843606145682 49.81793687525173
73.51990332118609 81.14843631122837 49.81793695883597
73.51990346934551 81.14843629747784 49.817937027072134
73.51990326355784 81.1484364687654 49.81793713397444
73.51990317267496 81.14843654384086 49.817937180429446
73.51990252297998 81.14843682622154 49.81793717551014
73.51990291662706 81.14843678256284 49.81793734736624
73.5199024268613 81.14843705759654 49.81793742603725
73.51990264792023 81.14843702975288 49.81793751813773
73.51990232706612 81.1484372883063 49.81793767353743
73.51990238179428 81.14843728071168 49.81793769540964
73.51990152002311 81.14843763120048 49.81793765699
73.519902298906 81.14843735217138 49.81793774173832
73.51990206582813 81.1484375502285 49.81793786819033
73.5199014004226 81.14843787974812 49.81793791657144
73.51990175180737 81.14843782359898 49.81793804721313
73.51990127576777 81.14843812948715 49.817938174782284
73.5199014242211 81.14843810511911 49.81793822911965
73.51990119129714 81.14843829666526 49.81793834703318
73.51990106705982 81.1484383986377 49.81793840966802
73.51990022989821 81.14843877522195 49.817938420190856
73.519900724778 81.14843869273224 49.81793859966253
73.51990007936263 81.14843904263265 49.81793868671741
73.51990040069504 81.14843898614826 49.817938799377785
73.51989992345214 81.1484393128565 49.81793895383542
73.5199000672094 81.14843928637137 49.817939002626865
73.51989980352764 81.14843951798456 49.81793915568837
73.51989971417166 81.14843959589784 49.81793920679509
73.51989936740654 81.14843990778044 49.81793941774603
73.51989853327156 81.14844032565495 49.81793948475271
73.51989900820361 81.14844022677653 49.81793963086565
73.51989834737543 81.14844061534976 49.817939760175435
73.51989863022068 81.14844055376503 49.81793984361774
73.51989815630287 81.14844090688172 49.81794003501207
73.51989823432609 81.14844088915389 49.81794005704964
73.51989807956933 81.14844102077271 49.817940141162126
73.51989783355167 81.14844122896656 49.81794027349629
73.51989678038733 81.14844172672689 49.817940318552886
73.51989742991942 81.1484415724249 49.81794049310649
73.51989655873624 81.14844203246129 49.817940594366455
73.51989700971372 81.14844192256665 49.8179407119021
73.51989632948109 81.14844234013293 49.81794086830991
73.51989659499147 81.148442273749 49.81794093527655
73.51989610084672 81.1484426463936 49.817941140745795
73.51989616128324 81.14844263089282 49.81794115547187
73.51989602754499 81.14844274296003 49.81794122594002
73.51989573020495 81.14844298957962 49.81794137924669
73.51989451559444 81.14844355877413 49.81794142475577
73.51989533111981 81.1484433424444 49.817941613975705
73.47459139763706 81.2173608820649 49.83380309184001
73.474597968898 81.21735044262267 49.833801025829175
73.4151479624494 81.28160640980454 49.84329747080473
73.41516854251006 81.28158700974826 49.84329625293283
73.41510012909863 81.28166405052593 49.84330499123162
73.41511994559741 81.28164515285881 49.84330373730848
73.41505151041598 81.2817225791522 49.84331261328926
73.4150712739636 81.28170354245614 49.84331129189361
73.41255114034728 81.34370456473982 49.864834610208504
73.41257671610272 81.34370408242035 49.864841531642924
73.41255024207544 81.34370463912764 49.86483439984846
73.41257424765737 81.34370418577642 49.864840895988664
73.41254938430546 81.34370471315663 49.864834200679994
73.41257154650745 81.34370429397899 49.86484019761977
73.41254895650438 81.34370477881717 49.86483411772369
73.41256736758594 81.34370442993023 49.864839099260905
73.4125490655378 81.34370483363443 49.864834179638194
73.4125621478936 81.3437045853785 49.86483771916937
73.4125495132288 81.34370488121448 49.86483433271712
73.41255588865732 81.34370476000245 49.864836057507254
73.41255025544311 81.34370490837759 49.86483455703242
73.4125483651037 81.34370495800286 49.86483405342359
73.41254272852106 81.34370512107574 49.86483256037596
73.41253734767183 81.34370527918139 49.864831136453816
73.41253322806598 81.34370541373352 49.864830053987404
73.41253050061206 81.3437055222598 49.8648293484018
73.33674864026409 81.43794383821393 49.865064599364686
73.30878960210194 81.52989144150895 49.877636881537846
73.30757600825675 81.60800399747704 49.89192448085139
73.2974044668728 81.6242956530602 49.892766028240885
73.29740622218849 81.62429582756964 49.89276646739714
73.2974086692722 81.62429607065243 49.892767075159554
73.29741156564165 81.62429635825774 49.89276779211272
73.29741521180941 81.62429672018749 49.89276869178692
73.29741939518514 81.62429713543388 49.892769723830504
73.29741930025068 81.62429712588735 49.892769697668285
73.2974204250805 81.62429723749973 49.89276997428692
73.29742007608343 81.62429720351003 49.892769902700614
73.29742580286481 81.62429777108488 49.89277129610777
73.29742057766533 81.62429725381925 49.89277003805016
73.29743201033494 81.62429838691108 49.89277282006627
73.29742099318165 81.62429729558598 49.89277015217697
73.29743864462054 81.62429904502056 49.892774447475446
73.29744560793608 81.62429973571348 49.892776154356426
73.29745034120116 81.62430020539489 49.892777318774066
73.29745013725349 81.62430018494777 49.89277726394158
73.29745325260876 81.62430049393004 49.89277802691234
73.29745084919196 81.62430025628157 49.8927774543987
73.29746078324553 81.6243012407862 49.892779870420966
73.27835284861811 81.63481773045841 49.889190258811084
73.29746837788636 81.62430199393854 49.892781728453386
73.29747587124898 81.62430273699547 49.89278356055555
73.27839381885292 81.63481386396245 49.88919957250481
73.27839885386068 81.63481300507243 49.88920076148201
73.27840368769147 81.63481270392023 49.889201842418935
73.2783854745282 81.63481532675729 49.889197597503205
73.27840926432432 81.6348125212306 49.88920307040831
73.27837639972292 81.634816885665 49.88919545329989
73.27841594643819 81.63481220772687 49.88920455276796
73.3467336627474 81.63527850847646 49.90167023888667
73.3467371080749 81.635279645883 49.90167055516784
73.34673470375179 81.63527879396929 49.90167036278362
73.3467427944199 81.6352810078026 49.90167132814963
73.34673988336442 81.63528063442007 49.90167077471227
73.34675209628938 81.63528355065434 49.901672439203296
73.34676214882583 81.63528627241334 49.9016736527299
73.34676558410845 81.63528742222374 49.9016739604328
73.34676308008194 81.63528652147704 49.901673766648344
73.3467731050566 81.6352892087856 49.90167498999179
73.34678383854641 81.63529209463867 49.9016762955973
73.47018727744992 81.67563995687787 49.920841059195816
73.47016190104753 81.67563043083572 49.92083725497258
73.55907587937493 81.70770569526616 49.93563117891486
73.55907286644518 81.70770453490714 49.93563074904273
73.64476339832268 81.7439420312166 49.94571509093836
73.6447644596427 81.74394224130133 49.94571540609829
73.64476441326157 81.74394222456885 49.94571539407015
73.6447651527144 81.74394236547911 49.945715614913325
73.63839704281976 81.74840961235421 49.942833615416035
73.64476681272245 81.74394268254136 49.94571611051839
73.64476799370193 81.74394291419597 49.945716461700286
73.64476794814004 81.74394289811877 49.94571644980148
73.64476866416393 81.74394303404387 49.945716663767705
73.63840143466527 81.74840913960853 49.942835152658404
73.64477055951062 81.74394339328074 49.94571723027569
73.63840721388891 81.74840848557457 49.9428371828712
73.6447712490044 81.74394352293268 49.94571743659982
73.64477289391299 81.74394383169924 49.945717928947246
73.64477439431579 81.74394412190168 49.94571837606372
73.64477433766136 81.74394410191388 49.94571836126718
73.64477549971026 81.74394431902084 49.945718709323074
73.71742938599864 81.73524165021236 49.96632976229752
73.7174392562814 81.73523984005917 49.966332528397345
73.71745412801116 81.73523712990473 49.96633669222426
73.71747846197033 81.7352327054002 49.966343503045586
73.7174873145504 81.73523108171946 49.96634598397723
73.71750118249997 81.73522855410721 49.966349866849605
73.71752576423552 81.7352240846639 49.96635674699536
73.71753546873568 81.7352223044982 49.966359466729685
73.7175511934804 81.7352194380525 49.966363869576725
73.71757064491433 81.73521590689963 49.96636931256374
73.71758379508171 81.73521349430413 49.966372998046424
73.71760819018192 81.73520904599613 49.96637982885463
73.71763269415577 81.73520457737534 49.96638669025255
73.71767560789394 81.73519675060986 49.96639870679877
73.71768195782073 81.73519559241728 49.96640048489754
73.81105718483852 81.72209188973744 49.98682498199187
73.87082108046891 81.72273439993786 49.993503510075726
73.870829862055 81.72273271720923 49.99350530389947
73.87083603868486 81.72273152916841 49.99350656936973
73.87084727333377 81.72273040802823 49.99350799648363
73.87085122456344 81.72272845345739 49.99350981086521
73.87085864380131 81.72272702446475 49.99351133255589
73.87086605250857 81.72272560570292 49.9935128451869
73.87087793716748 81.7227242223828 49.993514520846475
73.87088095237753 81.72272262882912 49.99351599122002
73.87088762831618 81.72272132302098 49.99351737726604
73.87089560644743 81.72271976846937 49.99351902865378
73.87090758747485 81.72271836583927 49.99352072470844
73.87091012939625 81.72271691251225 49.99352205673492
73.94403576089896 81.70021629235217 50.01181737819924
73.94406802457094 81.7002116801871 50.01182093337029
73.94411933020976 81.70020438470172 50.01182658775152
73.94412454882082 81.70020359578814 50.01182716174067
73.94414973476175 81.70019999199117 50.011829936924514
74.00138175301191 81.70537080594633 50.00918452671473
74.00139694428765 81.7053709894773 50.00918395632212
74.20502690147265 81.64222766575452 50.08792809050924
74.2053125529082 81.64215737171136 50.08802281554388
74.20559705064625 81.64208735908969 50.088117168183196
74.20597789300291 81.64199379989574 50.08824280472162
74.20617097636433 81.64194610950545 50.08830755384483
74.44998959800483 81.5845324818374 50.15688723797798
74.45017158538809 81.58448737403567 50.15694803019356
74.6496063406884 81.52770873342784 50.223864555362894
74.64960899584686 81.52770825214783 50.22386398928636
74.64960943143038 81.52770817184822 50.22386389674221
74.64961250935193 81.52770757773933 50.22386324919379
74.64961442802762 81.52770798096257 50.22386266044856
74.64961560722267 81.5277069556101 50.22386260323121
74.64961748373 81.527706573726 50.22386221314984
74.64961877529001 81.52770630681398 50.22386194563875
74.64962192592716 81.52770562946812 50.22386129934915
74.64962508433713 81.52770492635692 50.22386065722992
74.64962786689111 81.52770429173864 50.223860095155516
74.64962826444415 81.52770419995497 50.22386001511645
74.64963144103737 81.52770344916091 50.22385937974059
74.64963459752813 81.52770267430667 50.22385875527898
74.64963777603289 81.5277018773057 50.22385813046815
74.64964060739064 81.52770157423873 50.223857476545305
74.6496409592234 81.52770105944184 50.223857509446745
74.64964409634533 81.52770031414093 50.22385688288364
74.64964415335757 81.52770022509998 50.22385688956008
74.64964463916459 81.52770009974799 50.22385679490945
74.64964737717436 81.52769938852308 50.22385626259258
74.64965058064351 81.5276985352777 50.22385564483372
74.6496537713571 81.52769767321267 50.22385503245769
74.64965670217121 81.52769732904753 50.22385436285073
74.64965693749637 81.52769680964444 50.22385442674634
74.64965891125783 81.52769627300151 50.22385404874032
74.6496600862918 81.52769596067145 50.223853821992776
74.6496631846567 81.52769515781485 50.22385321914424
74.64966607101395 81.52769436127372 50.22385266917894
74.64966621112276 81.52769434652599 50.22385263676011
74.64966911500247 81.52769363193556 50.22385206269161
74.6496705808563 81.52769318460238 50.223851793629976
74.6496704314863 81.52769341836847 50.22385177602259
74.64967040854718 81.52769345496142 50.223851773152795
74.91812192631254 80.6943431288924 49.35595626389639
74.91812106071114 80.6943444936531 49.355957381181824
74.91811913319454 80.69434753271986 49.35595986919566
74.61650682935326 80.74030159802132 49.41518111798708
74.29983881299269 80.79850050571264 49.49295939658408
74.61650219980567 80.74030243238683 49.41518212296777
74.29980563295871 80.79850820084178 49.49296844720097
74.91811906553212 80.69434763943445 49.35595995659788
74.299492545541 80.79858031219537 49.493053014818074
74.29941557352994 80.79859810528265 49.4930739134478
74.29934953116957 80.79861339164584 49.49309187761801
73.98083389741495 80.85664260923866 49.55518266658572
73.9808336636537 80.85664309257338 49.55518340708966
73.98083225896687 80.85664502848924 49.55518637242519
73.98083328388901 80.85664368487804 49.55518431441832
73.94523141430253 80.89914746707343 49.61900695198415
73.94522221752175 80.89915532386692 49.61901866215639
73.9452269858291 80.89915125056208 49.619012590706475
73.94522209836524 80.89915542621807 49.61901881385474
73.90556029304469 80.93513920329985 49.672571801734506
73.90556069910878 80.93513884709839 49.672571278625114
73.94521708929031 80.89915970582697 49.61902519184672
73.90556071004181 80.93513884433548 49.67257127433626
73.90555436039318 80.93514463895129 49.67257977656575
73.90555475909831 80.93514428996926 49.67257926403279
73.90555847146113 80.93514089473454 49.67257428256828
73.90555482560455 80.93514423411774 49.672579181926224
73.90554840355765 80.93515009625023 49.672587783173356
73.90554882112447 80.93514973041495 49.6725872459005
73.90555319362602 80.93514572892042 49.67258137501753
73.90554887767422 80.93514968248854 49.672587175459974
73.88196706405206 80.96187192830466 49.709741522000954
73.88196707272613 80.96187206827967 49.70974167514185
73.90554756167168 80.93515088805974 49.67258894420097
73.88196707465295 80.96187210085982 49.70974171086209
73.88196705242113 80.9618720180842 49.7097416343426
73.88196706135834 80.96187217128045 49.70974180240494
73.88196707213739 80.96187212684289 49.7097417426765
73.88196706385241 80.96187221361886 49.70974184883204
73.881967049676 80.96187227113704 49.709741926326416
73.88196706060009 80.96187224806128 49.70974189093685
73.88196705298057 80.96187233155219 49.709741992784814
73.88196703769674 80.9618723758498 49.70974205605167
73.88196704868683 80.96187237912014 49.70974205077256
73.88196704192296 80.96187245470746 49.70974214286889
73.88196702549939 80.96187249167531 49.70974219867942
73.8819670365424 80.96187251421374 49.709742215417634
73.88196703027008 80.96187258302486 49.70974229935204
73.88196701307777 80.96187261632693 49.709742351596645
73.8819670243847 80.96187264703777 49.70974237747508
73.88196701806677 80.96187271671172 49.70974246243481
73.88196700040963 80.96187274567112 49.709742510089
73.88196701198757 80.9618727855163 49.70974254620315
73.88196700597345 80.96187285574793 49.709742631551975
73.88196698745423 80.96187287812441 49.709742672376905
73.88196699914968 80.96187293643051 49.70974272953123
73.8819669937723 80.96187300073832 49.70974280757484
73.88196697400465 80.96187299753181 49.709742820133854
73.88196698587437 80.96187309998243 49.70974292768783
73.88196698188588 80.96187315156156 49.70974299001754
73.88196696012244 80.96187311028197 49.70974296062387
73.8819669719232 80.96187328426718 49.709743150137186
73.8819669701862 80.96187330824812 49.709743179020045
73.88196695747996 80.96187344355418 49.70974334436965
73.88196695889583 80.96187347091279 49.70974337453106
73.88196694318856 80.96187356492543 49.709743495066235
73.88196695710411 80.96187349663191 49.70974340544896
73.881966947207 80.96187363947396 49.70974357712037
73.88196692871472 80.96187369668066 49.70974365780165
73.88196694211568 80.9618737138251 49.709743666428075
73.8819669352454 80.96187381360973 49.709743786316196
73.86590726027379 80.9693163629434 49.71624269573885
73.8819669271574 80.96187393047674 49.70974392676241
73.86590749961576 80.96931619539183 49.71624255455018
73.8660208435823 80.97550873676053 49.72323756448889
73.86602073082678 80.97550880351739 49.723237622007844
73.8660185323137 80.97551007793089 49.72323872120164
73.8660187505277 80.97550997974868 49.723238635312384
73.86601626192659 80.97551138538884 49.72323984926379
73.86601785156586 80.9755105138526 49.72323909542814
73.8660167177793 80.97551118798992 49.72323967615735
73.86601475092587 80.97551234961692 49.723240677155694
73.86601483418274 80.97551231357492 49.723240645548515
73.86601252197732 80.97551361573966 49.723241770303524
73.86601440995966 80.97551256729864 49.723240864054716
73.86601296254803 80.97551343447641 49.72324161080421
73.86601098965032 80.97551459064141 49.723242607473516
73.86601115832948 80.9755145194319 49.723242544922655
73.86601012418224 80.97551514151284 49.72324308050982
73.86600929906349 80.97551563806165 49.72324350801028
73.86600707268002 80.9755169146165 49.723244609648084
73.86600751404853 80.97551671686779 49.723244436612575
73.8660055146433 80.97551790089848 49.72324545678373
73.8660056724654 80.97551783032478 49.72324539502232
73.86600475023539 80.97551838669031 49.72324587396512
73.8660036812853 80.97551903140008 49.72324642896529
73.86600121340052 80.9755204570235 49.723247658789404
73.86600164511833 80.97552026062867 49.723247487102284
73.86599946546627 80.97552156981132 49.72324861433762
73.86599950453471 80.97552155166878 49.723248598497605
73.63005740179688 81.09606315220582 49.793520244164775
73.86599930955506 80.97552166918412 49.72324869966434
73.74921682893465 81.03191844537542 49.75510052184106
73.63000110695832 81.09609143353764 49.79353541641643
73.63001325736063 81.09608536401895 49.793532179339266
73.62996961624283 81.09610725362333 49.793543903410466
73.62993456622527 81.09612483414065 49.79355331956532
73.62982837099163 81.09617805220047 49.79358179688027
73.62985738960856 81.09616354770978 49.793574056295725
73.51990525741337 81.14843511782476 49.817936507226605
73.5199053100728 81.14843511322077 49.81793653185478
73.5199047030221 81.14843535873263 49.817936502962084
73.51990524651507 81.14843516996822 49.8179365699672
73.51990507663888 81.14843531916027 49.81793666854472
73.51990465303007 81.14843555473392 49.817936733529315
73.51990482376989 81.14843553517376 49.817936807243356
73.51990461027913 81.14843570692247 49.81793691026163
73.5199045387146 81.14843576470261 49.81793694507019
73.51990398012431 81.14843603050821 49.8179369713497
73.51990426810275 81.14843599402084 49.81793709104637
73.51990391274948 81.14843623812206 49.81793720716211
73.5199040005775 81.14843622659802 49.81793724314247
73.51990323929984 81.14843653449972 49.8179372069295
73.51990388184792 81.14843632933136 49.81793730999969
73.51990371969892 81.14843646722267 49.817937398110736
73.51990315978387 81.14843674689911 49.81793744199876
73.51990348179919 81.14843669935328 49.81793756690299
73.51990307460851 81.14843696448952 49.81793768064456
73.51990323168462 81.14843693969746 49.81793773945188
73.51990300075843 81.14843714536873 49.817937877249754
73.51990294402016 81.14843719503492 49.81793790995761
73.51990222112728 81.148437525134 49.81793792555992
73.51990265961737 81.14843745374891 49.817938086841224
73.51990210982046 81.14843776564734 49.81793817933409
73.51990232848645 81.1484377298054 49.817938259438876
73.51990200358541 81.14843798900387 49.81793841333183
73.51990196590518 81.14843801866353 49.81793843064839
73.51990114597089 81.14843838538097 49.81793843814877
73.51990163009108 81.14843830368969 49.81793861239977
73.51990101092784 81.14843864320034 49.81793870100556
73.51990129643349 81.1484385925639 49.81793880050897
73.51990087075784 81.1484389006119 49.81793896033014
73.51990098530652 81.14843887932986 49.81793899897205
73.51990077690354 81.14843906948849 49.81793912935605
73.51990066187814 81.14843917347213 49.81793920003173
73.5198997628398 81.14843958620483 49.817939222350226
73.51990034937695 81.14843946865328 49.81793940884466
73.5198995954747 81.14843986062138 49.817939488340045
73.51990003174691 81.14843976907989 49.81793962161595
73.51989942229929 81.14844013741045 49.81793975408331
73.51989970244547 81.14844007630622 49.817939836587314
73.51989924406932 81.14844041605373 49.8179400193342
73.51989937411162 81.1484403863864 49.817940055905225
73.51989911211871 81.14844061923506 49.81794021158953
73.5198990096761 81.14844070950971 49.81794027144079
73.51989795701108 81.1484411999457 49.81794030708258
73.51989863357473 81.14844103866284 49.817940488159415
73.5198977529171 81.14844149440553 49.817940578200584
73.51989823527153 81.14844137610706 49.81794070290948
73.51989754485919 81.14844178971461 49.817940848130846
73.5198978399362 81.14844171526653 49.817940921664515
73.51989733314754 81.14844208532944 49.81794111633413
73.51989743576843 81.14844205875977 49.81794114100846
73.51989721124255 81.14844225184243 49.81794126585888
73.51989703461365 81.14844240288248 49.81794136294482
73.51989586605691 81.14844295399574 49.81794141136736
73.51989664532259 81.14844274632284 49.81794159089999
73.51989561816796 81.14844326574635 49.81794167984249
73.51989628596097 81.14844308428161 49.817941829056274
73.474602706302 81.21734286658234 49.833799503220554
73.5138023268731 81.2150519622001 49.843525317779665
73.4777229014545 81.28069200291242 49.86038839563371
73.47773272459692 81.28069078112935 49.86039060093867
73.4777026713585 81.28074748526691 49.860402820288876
73.47771162722528 81.28074584613333 49.86040464281663
73.47768207470091 81.28080390691372 49.86041748267019
73.47768968771811 81.28080242196911 49.86041899913197
73.41260903170064 81.34370347052143 49.86485027563499
73.41262138852339 81.343703236215 49.86485361897111
73.41260987828518 81.3437035086016 49.86485053553771
73.41261592301436 81.34370339358446 49.86485217080868
73.41261102944792 81.34370352664745 49.86485086972394
73.41260929541869 81.34370357290022 49.86485040817451
73.41260374147011 81.34370373257968 49.864848936444055
73.41259826839519 81.34370389095332 49.86484748672501
73.412593836877 81.34370403002973 49.86484631907362
73.41255071931008 81.34370491282895 49.864834690087434
73.41258865235764 81.34370418313972 49.864844947546345
73.412551423162 81.34370495422877 49.86483491172095
73.4125847395699 81.34370431265069 49.86484392039996
73.41255204293364 81.34370499673011 49.86483511032441
73.41258078163042 81.34370444278166 49.86484288090247
73.41255230478265 81.34370504605724 49.86483521210839
73.41257677849386 81.34370457340655 49.864841828969304
73.41255162190879 81.34370511476467 49.86483505911824
73.41257480386058 81.34370466621735 49.86484132625043
73.3367519219148 81.43794269107742 49.865065327619284
73.336755054533 81.43794171187719 49.86506604926014
73.30879765771328 81.52987698775485 49.87763600989604
73.35888931506986 81.51753132428772 49.88673459289778
73.30758832350888 81.60800064389397 49.89192658683422
73.30760337384253 81.60799654380413 49.89192915983051
73.29741267276263 81.62429646639717 49.892768026196265
73.29742372467736 81.62429756180681 49.8927707167706
73.29741439813387 81.62429663794235 49.8927684581439
73.29742620454576 81.6242978081504 49.89277133276656
73.297415903311 81.62429678767396 49.892768836729765
73.29742876728334 81.62429806267892 49.89277196829972
73.29741745015093 81.62429694150407 49.89276922477042
73.29743205417466 81.62429838899048 49.89277278031855
73.29741868481801 81.62429706441829 49.89276953737178
73.2974358491038 81.62429876564921 49.89277371586421
73.29744017127821 81.62429919455963 49.89277477962871
73.29744549287577 81.62429972254701 49.892776087129576
73.29744844090416 81.62430001531945 49.89277681770443
73.29744794476704 81.62429996578643 49.89277668894394
73.29745178434915 81.62430034667831 49.89277763107361
73.29744919424117 81.62430009056455 49.89277701396861
73.29745798779273 81.62430096203506 49.892779152486014
73.2974498777038 81.62430015887044 49.89277719291971
73.29746426564404 81.62430158472591 49.892780691104164
73.29747140738816 81.62430229304422 49.89278244009846
73.2974777370183 81.62430292088762 49.89278399177809
73.34628675133045 81.61932713156841 49.90288757816203
73.34628723532543 81.61932724515316 49.90288768871103
73.29747848282474 81.62430299533756 49.89278418512421
73.34628959680943 81.61932778284462 49.90288822529985
73.29747929680363 81.624303076476 49.892784393544574
73.34629223001552 81.61932828251494 49.90288880670754
73.34629512769256 81.61932874314486 49.90288943139349
73.34760841610361 81.62015559368942 49.90311279609091
73.34629571695642 81.61932880529527 49.90288955308752
73.34761452056351 81.62015485402372 49.90311379829224
73.34673142660102 81.6352776661881 49.901670084293386
73.34674249111158 81.63528032311737 49.901671585003015
73.34673435973589 81.6352786752396 49.901670333715884
73.34675103281909 81.63528266992216 49.901672599532986
73.34675683360685 81.63528436277451 49.901673240246055
73.34675524791912 81.63528381976015 49.90167310419213
73.34676017401065 81.63528516207057 49.901673694696115
73.34675990102897 81.6352854121348 49.901673503955685
73.3467689451129 81.6352875709561 49.90167473693225
73.34676284338175 81.63528643762879 49.90167374769844
73.346778400475 81.63529014306602 49.90167587250603
73.34678410346712 81.6352918218732 49.901676495357904
73.3467822087422 81.63529116503935 49.901676336679856
73.4701505159062 81.6756259363228 49.920835703168564
73.47014530743749 81.67562420370716 49.92083476602929
73.55910017462898 81.70771519575852 49.93563461274902
73.64476418663628 81.7439421536882 49.94571533278576
73.6447641479182 81.74394214208114 49.94571532219942
73.64476454508298 81.74394221806823 49.9457154407456
73.64476434709547 81.74394220141869 49.94571537674479
73.6447660550383 81.74394250779224 49.94571589124614
73.64476761898109 81.74394280716038 49.945716358019155
73.64476787304842 81.74394287230203 49.945716430033585
73.64476774285679 81.74394283072846 49.945716395024284
73.64476934849344 81.74394313631743 49.945716874647914
73.64477106122395 81.74394346264965 49.94571738617843
73.64477104464763 81.74394345757305 49.9457173816709
73.6447712563165 81.74394349755492 49.94571744496916
73.64477121354075 81.74394351014658 49.945717427401135
73.64477329062717 81.74394388147991 49.94571805339406
73.64477425446012 81.74394407464065 49.94571833905677
73.64477415068544 81.7439440429689 49.94571831081235
73.71744514907111 81.73523872987766 49.96633418650184
73.71745833430165 81.73523634091659 49.96633787499961
73.71746855125517 81.73523446682233 49.96634073833468
73.71748310505883 81.73523181555474 49.966344812932675
73.71750821943316 81.73522724730212 49.9663518426031
73.71751400553802 81.73522618591639 49.96635346418752
73.71752219138243 81.73522469451693 49.966355756002855
73.7175565137239 81.7352184440063 49.96636536470553
73.71755959013082 81.73521787964225 49.96636622689218
73.71756435549375 81.73521701113752 49.96636756113108
73.71760207063622 81.73521014117577 49.96637812002278
73.71760586643374 81.73520944470499 49.96637918385478
73.71761261280216 81.7352082147923 49.96638107283128
73.71764444294861 81.73520242121877 49.96638998313469
73.71765280486485 81.73520088654962 49.966392326780635
73.71767074263532 81.73519761535267 49.9663973495673
73.71768460116536 81.73519510714995 49.96640122579402
73.71770052810061 81.73519218312902 49.96640568994708
73.81109544608111 81.72208582283122 49.98683378812412
73.87082913251083 81.72273057845325 49.99350707154805
73.87083922486718 81.7227299738072 49.99350801498266
73.87084367317824 81.72272780553939 49.99351003053819
73.87085217320188 81.72272619260903 49.99351175351821
73.87085814250116 81.72272505605665 49.99351296674478
73.87086968910273 81.72272374967426 49.99351456312097
73.87087262472303 81.72272225311795 49.993515948473174
73.87087852186883 81.72272113915206 49.99351713959176
73.87088680635357 81.72271958865599 49.993518800766985
73.87089924012827 81.72271781126048 49.99352083157318
73.87090093217947 81.72271690254578 49.99352166886658
73.87090424557806 81.72271628848952 49.99352232815298
73.94402448318782 81.7002178053425 50.011816133054865
73.94407750880343 81.70021024784842 50.01182197656534
73.94408013194898 81.7002098516179 50.01182226508999
73.94408924527629 81.7002085486565 50.011823269293295
73.94413496930935 81.70020200926714 50.011828307602315
73.94418623244198 81.70019470735294 50.011833956992035
73.94418962211613 81.70019418824803 50.01183432965419
74.20491741646121 81.64225438086822 50.087892715928476
74.20530701455421 81.64215850811601 50.08802190738836
74.20574432054316 81.64205099404536 50.08816651430705
74.20587529256775 81.64201865336776 50.08821039959153
74.2061268335847 81.64195674814094 50.08829383451494
74.20642786332564 81.64188266116528 50.0883936943642
74.6496038457484 81.52770876547862 50.22386518781518
74.64960473207758 81.52770800295582 50.22386514285308
74.64960639342718 81.52770772887914 50.22386478218018
74.64960777674041 81.52770749647735 50.2238644828713
74.64960962864109 81.52770799288929 50.22386388896206
74.64961079542505 81.5277069536555 50.223863838250224
74.64961325824025 81.5277064964238 50.22386331576891
74.64961386197771 81.52770638247699 50.223863188132356
74.64961690872036 81.5277057807592 50.22386255040395
74.6496192955907 81.52770580497995 50.22386193221531
74.64961998135311 81.52770515027703 50.22386191291512
74.64962163844918 81.52770480684464 50.22386156992762
74.64962310751653 81.52770449820697 50.223861266857206
74.64962619660221 81.52770381573356 50.22386063758651
74.64962838407206 81.52770407245364 50.22386001492978
74.64962929455191 81.52770310873217 50.2238600119102
74.6496322914104 81.5277024917151 50.223859390640946
74.64963239364066 81.52770237718072 50.223859391815466
74.64963285560718 81.5277022668575 50.22385929968577
74.6496355021867 81.52770162694885 50.223858773763794
74.64963860194113 81.52770084815086 50.22385816480248
74.64964172172668 81.52770005299132 50.2238575546165
74.64964485091028 81.52769924240113 50.22385694571123
74.64964777954366 81.5276987565722 50.22385631055825
74.64964799409294 81.52769842432285 50.223856335005834
74.64964956135368 81.5276980128348 50.22385603135018
74.64965113396477 81.52769759840604 50.22385572702536
74.64965426289024 81.52769676899439 50.22385512268956
74.6496573619229 81.52769593612915 50.223854526849536
74.64966031299393 81.52769541577548 50.22385389420019
74.64966044091983 81.52769511986153 50.223853932178926
74.64966103124686 81.5276949616263 50.2238538185795
74.64966346508123 81.52769438125624 50.22385333299583
74.64966623653444 81.52769364417027 50.223852798285954
74.64966638301829 81.5276937129293 50.22385274425166
74.6496691720017 81.52769329260182 50.22385212925645
74.64966779158014 81.52769339113169 50.22385245985366
74.64966913249448 81.52769329588304 50.22385213860767
74.64966822552452 81.52769336066103 50.223852355808006
74.64967046055835 81.52769319371525 50.223851822314174
74.64966995137303 81.52769328104557 50.22385193205997
74.29976308697888 80.79851811938924 49.49298013811564
74.29961107921628 80.79855347701216 49.49302177507609
74.29957656637669 80.79856148250607 49.493031191348095
74.29965038508254 80.7985441797179 49.49301075077814
74.29929082951757 80.79862720161316 49.49310821657386
73.98083381338992 80.85664304893214 49.555183340400674
73.98083242952976 80.85664531111148 49.555186805835234
73.94522760361768 80.89915072440051 49.619011804016864
73.945227489243 80.89915082216503 49.619011949646854
73.9452208410752 80.8991565012496 49.61902041471234
73.94522731058211 80.8991509748017 49.61901217713377
73.94521976753624 80.89915741913495 49.61902178160827
73.90556036958021 80.93513916660923 49.67257174682
73.94521572564464 80.89916087236979 49.61902692809953
73.90555992153469 80.93513958702451 49.67257236330444
73.90555469530442 80.93514436574188 49.67257937463951
73.90555702370641 80.93514224214292 49.672576258718344
73.90555453050654 80.9351445264059 49.672579610041524
73.90554880328484 80.9351497644495 49.67258729526
73.90555155970382 80.935147247977 49.672583602963684
73.90554875059507 80.93514982153573 49.6725873787274
73.88196708146894 80.96187222505391 49.709741847460364
73.90554589186735 80.93515244059624 49.67259122124706
73.88196708554186 80.96187229718647 49.70974192670363
73.88196707035334 80.96187233525609 49.70974198276157
73.88196708041217 80.96187235028782 49.709741991713145
73.8819670745644 80.96187241123954 49.70974206630045
73.88196705895297 80.96187244673088 49.709742119753656
73.88196706930128 80.96187246670023 49.709742134120816
73.88196706344124 80.96187253044394 49.70974221191486
73.88196704731338 80.9618725637191 49.709742263254675
73.88196705788911 80.96187259021924 49.709742284912465
73.88196705195368 80.96187265479944 49.709742363726136
73.88196703541394 80.96187268719004 49.70974241439138
73.8819670462529 80.96187271885555 49.70974244174707
73.88196704034594 80.96187278449945 49.70974252175522
73.88196702332337 80.96187282160574 49.70974257821606
73.88196703440488 80.96187285121499 49.70974260301832
73.88196702837959 80.96187291958356 49.70974268624321
73.88196701091128 80.96187295255542 49.70974273833636
73.88196702232216 80.96187298903345 49.709742770732525
73.88196701643612 80.96187305993749 49.70974285674602
73.88196699820709 80.9618730862348 49.70974290182184
73.88196700975524 80.96187314135774 49.70974295545255
73.88196700447222 80.96187320622295 49.70974303405687
73.88196698507946 80.96187321213779 49.709743056751485
73.88196699676094 80.96187330631193 49.709743154983954
73.88196699285893 80.96187335831155 49.70974321772408
73.88196697154213 80.96187333358247 49.70974320691302
73.8819669829737 80.96187349694452 49.70974338456659
73.88196698161148 80.96187351627255 49.70974340781443
73.88196696890653 80.96187364989467 49.709743571234974
73.88196697063654 80.96187368013511 49.709743604437975
73.88196695487927 80.96187377226892 49.70974372286307
73.88196696838605 80.96187371399861 49.709743645057365
73.88196695949463 80.96187384990405 49.70974380796105
73.88196694058608 80.96187390170309 49.70974388279268
73.88196695354246 80.9618739398077 49.70974391578225
73.88196694802691 80.96187402517498 49.70974401805108
73.86602303313254 80.97550746516944 49.723236467830574
73.88196693833532 80.9618741775454 49.70974420046312
73.88196693644933 80.96187420684824 49.70974423556157
73.86602076871272 80.97550878459174 49.72323760555497
73.86602169031934 80.97550832365025 49.72323720486611
73.8660218279419 80.97550825505286 49.72323714522395
73.86601938177247 80.97550967043527 49.72323836611512
73.8660214192152 80.975508497164 49.72323735382624
73.86601973979127 80.97550949289581 49.723238211707766
73.8660170377507 80.97551103365566 49.723239541715685
73.86601859894937 80.97551017065604 49.72323879558165
73.86601767892434 80.9755107174002 49.72323926658139
73.86601563282186 80.97551192889134 49.72324031042076
73.86601571482431 80.97551188908608 49.72324027575905
73.8660132749855 80.97551328996879 49.72324148460551
73.86601542043354 80.97551206456903 49.723240426908845
73.86601370694308 80.97551308777727 49.72324130815976
73.86601181012792 80.97551422226488 49.72324228517665
73.86601184076076 80.97551420827577 49.72324227295039
73.86600945240383 80.97551556845984 49.723243447156406
73.86601168553003 80.97551430162368 49.723242353320465
73.86600997665445 80.97551532991632 49.72324323862611
73.86600795446418 80.97551651858723 49.723244263164545
73.86600816352409 80.97551642495269 49.72324418123
73.86600698420429 80.9755171362692 49.72324479356713
73.86600622687948 80.97551759263115 49.72324518644389
73.86600385645389 80.97551895641948 49.723246363162225
73.86600423453731 80.97551879445474 49.723246221029086
73.86600214204908 80.97552005127336 49.723247303178255
73.86600217500765 80.97552003698003 49.72324729064511
73.86600199779261 80.97552014369347 49.7232473825166
73.86599999695 80.97552134923768 49.72324842036228
73.74923331809681 81.03191015185176 49.755095928742264
73.74924107160017 81.03190625194327 49.75509376875719
73.6300778253241 81.09605304621483 49.79351490766794
73.63003596667183 81.09607404230769 49.79352615347341
73.62994351799142 81.09612036570587 49.79355093820875
73.6299642951714 81.09610999604736 49.7935454128338
73.62988633954832 81.09614909085279 49.79356634850737
73.62989184427187 81.09614634228066 49.79356488327598
73.62986799618321 81.09615830606361 49.7935712921868
73.6298163644237 81.09618420793495 49.79358516760531
73.51990521101122 81.14843531243903 49.81793673805062
73.51990541604185 81.1484353036543 49.81793684605459
73.5199051566122 81.14843551400786 49.81793697342424
73.5199051866827 81.14843551180309 49.81793698805011
73.51990459399754 81.14843575987919 49.81793697093852
73.51990514778474 81.14843554567386 49.81793701023662
73.51990494222682 81.14843572836844 49.817937132389496
73.51990452988133 81.14843596808129 49.81793720943205
73.51990469021428 81.14843595110932 49.817937280503045
73.51990447252422 81.14843615121428 49.8179374186484
73.51990444711208 81.1484361752938 49.817937435729206
73.51990383989536 81.14843644999813 49.81793744542536
73.51990423046531 81.14843639589937 49.8179376016507
73.51990376709168 81.14843665791133 49.81793767846648
73.5199039968524 81.14843662525753 49.8179377692705
73.51990368747676 81.14843687220183 49.817937915984096
73.51990374981226 81.14843686300159 49.81793794016781
73.51990298250627 81.14843718899702 49.817937924414736
73.51990365953753 81.14843694360734 49.81793799430645
73.51990346555652 81.14843711549524 49.81793810889407
73.51990288461471 81.14843741797534 49.81793817073127
73.51990318450717 81.14843737117093 49.817938283708216
73.51990277752638 81.14843765643 49.81793842423902
73.51990286184783 81.14843764260682 49.81793845512631
73.51990199139098 81.14843801421975 49.81793843963171
73.51990273666766 81.14843774482732 49.81793851753966
73.51990251600493 81.148437924396 49.817938626735724
73.51990186928059 81.14843826172955 49.81793869637322
73.51990219034661 81.14843820397027 49.81793880718867
73.51990174299053 81.14843850926016 49.817938950703216
73.51990188254979 81.14843848287661 49.81793899717954
73.51990164191639 81.14843870207116 49.81793914723375
73.51990157005147 81.14843876688687 49.81793919119053
73.51990072528909 81.14843916059151 49.817939219965794
73.51990131476326 81.1484390393029 49.81793940322182
73.51990057398976 81.14843942107608 49.81793947686818
73.51990104866336 81.14843931857835 49.81793961803403
73.51990041684245 81.14843968436784 49.81793973407807
73.51990075530179 81.14843960891197 49.81793983159194
73.51990025386907 81.14843995080972 49.817939992062676
73.51990046758891 81.14843990137086 49.81794005126254
73.51990008565156 81.14844021985067 49.81794025043136
73.51990015412323 81.14844020355568 49.81794026879391
73.51989906065174 81.14844069746694 49.81794028522855
73.51990002576458 81.14844031518251 49.81794034181772
73.51989978439222 81.14844052386435 49.81794047750931
73.51989887222712 81.1484409807089 49.8179405506245
73.519899411488 81.14844084776712 49.817940689135874
73.51989868214142 81.14844126449171 49.81794081576787
73.51989900412173 81.14844118284752 49.81794089546467
73.51989848735504 81.14844154867657 49.817941078700954
73.51989860645511 81.14844151762644 49.81794110705421
73.51989836582844 81.14844172247908 49.817941238106506
73.51989821022343 81.14844185397027 49.8179413215549
73.519897115832 81.14844238127708 49.81794138170832
73.5198978509487 81.14844218254612 49.81794154732766
73.51989688955894 81.14844268006803 49.81794164562331
73.5198975182357 81.14844250687926 49.817941782978096
73.51989665210186 81.1484429829844 49.81794190847888
73.51989719537548 81.14844283039682 49.81794202329735
73.51380256911575 81.21506302514511 49.84352971412468
73.5138028044776 81.21507389863619 49.84353403297541
73.47774308163119 81.28069001608938 49.860393113433545
73.47775041068051 81.2806893070114 49.86039483132228
73.47772354311482 81.28074466278585 49.86040742491478
73.47772881015746 81.28074414511404 49.860408656583324
73.47770360868002 81.28080119166052 49.86042230385622
73.47770584946457 81.28080087105135 49.86042279190909
73.47769063490223 81.28083815898486 49.86043205080895
73.47768214556638 81.28085901059414 49.86043723347312
73.4126555656899 81.34370263771282 49.864862894387635
73.41261139876191 81.34370353287204 49.86485097718493
73.41264924669156 81.34370280982415 49.864861214478495
73.41261256378391 81.34370356412056 49.86485132279381
73.41264478949833 81.343702947577 49.86486003884872
73.4126137290538 81.3437035950084 49.864851668266944
73.41263965380958 81.34370309811743 49.864858679596765
73.41261434048654 81.34370363694921 49.86485186420468
73.41263524649189 81.34370323510156 49.86485751756248
73.41261581210424 81.34370366035841 49.86485229161365
73.41262903316758 81.34370340564519 49.8648558664936
73.4126169637073 81.34370368978801 49.8648526324104
73.4126233752059 81.3437035657336 49.864854365729954
73.41261834195048 81.3437037002652 49.864853026177656
73.41261656469447 81.34370374685561 49.86485255265788
73.41261175810988 81.34370389052133 49.864851282088864
73.41260832885027 81.34370400827956 49.86485038429622
73.39935309017423 81.437035182556 49.88216849751504
73.35889829346546 81.51753037876931 49.886736168779635
73.35648025203584 81.60301077464302 49.902045967733905
73.34752272618533 81.61196085160454 49.901872441110996
73.34752534689773 81.61195903252383 49.901872627283865
73.34752386360088 81.6119605531494 49.901872605112985
73.34751745725299 81.6119645567687 49.901872074928775
73.34752079820534 81.61196365760387 49.90187255284144
73.3462924630933 81.61931926149305 49.90288732234811
73.3462974223629 81.61931866931326 49.902888157587775
73.29744355990938 81.62429952938841 49.89277558155198
73.34629669477569 81.61931953264443 49.9028881665929
73.29744499159955 81.62429967181828 49.89277594184503
73.34629633061778 81.61932035761176 49.9028882376594
73.29744639192967 81.62429981112285 49.89277629412411
73.34629597644717 81.61932119098137 49.902888312033504
73.29744758403214 81.62429992980904 49.89277659615728
73.3462962179835 81.619321956237 49.90288848724791
73.34629664302116 81.61932270368533 49.902888694062945
73.34629570771831 81.61932363336523 49.90288867512325
73.34629718887265 81.61932303655192 49.90288885343162
73.34629777010979 81.61932336749602 49.902889019150095
73.34629272162411 81.61932483966405 49.902888316166255
73.34629883047141 81.61932404162665 49.90288933339758
73.34628953239942 81.61932609092014 49.90288792650531
73.34629995247651 81.61932470814884 49.902889657985085
73.34630171951574 81.61932529210517 49.902890090270056
73.34630319850018 81.61932592660379 49.902890476776314
73.3463038437415 81.61932567807666 49.90289055639593
73.34630435745447 81.61932576779158 49.90289066850724
73.34629986672454 81.61932722534871 49.90289006826864
73.34630682113593 81.6193262600369 49.902891216676174
73.34629633637452 81.61932857401956 49.902889630758295
73.34762611778773 81.62015272640451 49.90311556683615
73.34762977419075 81.62015297011712 49.90311629587631
73.34762988998024 81.62015293175925 49.9031163103252
73.34763003685507 81.62015293763213 49.90311633887585
73.3467510585102 81.63528238895097 49.901672742864406
73.34675730417447 81.63528389901353 49.90167358497095
73.34675393627394 81.63528336829704 49.90167299276855
73.34676584055958 81.63528623494187 49.901674603453785
73.34677457207854 81.63528862137926 49.90167564662478
73.3467781901027 81.63528978476057 49.901675993875855
73.34677553328639 81.63528888341642 49.901675761790074
73.34678350561117 81.63529105855714 49.90167671610898
73.34678115798572 81.63529080117354 49.9016762484899
73.47017925222887 81.67563639770566 49.92084023999504
73.5591092397936 81.70771872959843 49.9356358964928
73.55909894720577 81.70771469294468 49.935634444433134
73.55912413301334 81.70772456528661 49.9356379987975
73.55915973376574 81.70773853292259 49.935643020074124
73.64476558703154 81.74394238709121 49.945715758754574
73.64476703710649 81.74394266556558 49.94571619133416
73.6447675465427 81.7439427754037 49.94571634053291
73.64476740956243 81.74394273679141 49.94571630251304
73.64476861582932 81.74394296724446 49.945716662638205
73.64476773191785 81.74394282740246 49.94571639204413
73.64477023355164 81.74394327587356 49.94571714570101
73.64477088708314 81.74394341194758 49.94571733821749
73.6447707508568 81.74394337395945 49.94571730031174
73.64477208928594 81.74394362739912 49.94571770041608
73.71745497486519 81.7352368976906 49.966336946974124
73.71745633755286 81.73523664764619 49.966337328891534
73.71745802976196 81.73523633967898 49.966337802587205
73.64477408361172 81.7439440233135 49.945718292368504
73.71748623751289 81.73523120531648 49.9663456988904
73.71748411048605 81.73523161250537 49.96634509892624
73.71749836053135 81.73522899794308 49.96634909270238
73.71751725630554 81.73522555741249 49.96635438252446
73.7175341612341 81.73522248806506 49.96635911304554
73.71754119903113 81.73522119675845 49.96636108549406
73.71755107549808 81.73521939793767 49.966363850502674
73.71758293361145 81.73521359656921 49.96637276924767
73.71758415217205 81.7352133729672 49.966373110771805
73.71758603295638 81.73521303030225 49.96637363734064
73.7176258325443 81.73520577818263 49.96638478036167
73.71762795919878 81.73520539053976 49.9663853758088
73.71767153706803 81.7351974481848 49.96639757706811
73.7176732961177 81.73519712528332 49.9663980701018
73.71767734780167 81.73519638650087 49.9663992045989
73.81103713564463 81.72209492638964 49.98682058668227
73.81105081901015 81.72209275404983 49.98682374006904
73.81108870832762 81.72208681663525 49.9868323521056
73.87083020305762 81.72273005424617 49.99350755862427
73.87083730995383 81.72272658134614 49.99351078615342
73.87085036277773 81.72272425069467 49.99351330901888
73.87085120510297 81.72272409581373 49.993513475592394
73.870860950091 81.72272364343856 49.9935142759737
73.87086516382709 81.72272152497473 49.9935162395287
73.87087311381134 81.72272010815294 49.9935177738481
73.87087883452293 81.72271911360853 49.99351885691017
73.87089085483677 81.72271748158478 49.99352074761899
73.8708924806672 81.72271663532032 49.993521529527385
73.87089545130551 81.72271611521538 49.99352209501626
73.87090578015697 81.72271432814837 49.99352404326968
73.94403162848226 81.70021668780805 50.01181691803855
73.94403743020382 81.70021585901074 50.01181755735099
73.94409140924063 81.70020814463886 50.01182350541355
73.94413826155929 81.70020144489112 50.01182866807259
73.94414489613926 81.70020049588604 50.01182939913039
74.20501562402926 81.64223000226956 50.08792614898141
74.20551673863565 81.64210672978423 50.08809214580404
74.20558078045804 81.64209091872529 50.088113593596546
74.20571215999405 81.6420585863161 50.08815716905386
74.20613351066326 81.64195488890043 50.08829693462374
74.45005095989455 81.58451718972908 50.156908145930934
74.64960329282472 81.52770721185898 50.223865701396576
74.64960460813035 81.52770700863896 50.223865412554204
74.6496062073511 81.52770675524141 50.2238650628739
74.64960838224164 81.5277069378738 50.223864461170805
74.64960912814755 81.5277062622624 50.223864431442344
74.64961077294038 81.52770598393093 50.2238640760354
74.64961214988014 81.52770574658672 50.22386377954425
74.64961410826186 81.52770615145778 50.2238631802175
74.64961514544163 81.52770519477653 50.223863143006376
74.64961758379818 81.5277047322869 50.223862628058384
74.64961817507611 81.52770461870233 50.22386250353186
74.64962119519703 81.52770400994706 50.22386187431752
74.64962359320509 81.52770400031069 50.22386126137194
74.64962420877848 81.52770337189453 50.22386125379062
74.64962659495743 81.52770284771927 50.223860766988636
74.64962722585801 81.52770270716661 50.2238606387486
74.6496302523528 81.52770201749237 50.2238600272596
74.64963327520907 81.52770130074984 50.22385942318047
74.64963584703078 81.52770117749344 50.2238587928247
74.64963631644704 81.52770056716167 50.22385881841569
74.64963922663401 81.52770000147407 50.22385820710245
74.64963936905936 81.52769980999845 50.22385821637319
74.64964045002984 81.52769954395686 50.223858002684324
74.64964245838935 81.5276990477621 50.22385760612392
74.64964554598934 81.52769827124706 50.223856999734835
74.64964862795838 81.52769748166318 50.22385639791731
74.6496513636693 81.52769722098276 50.22385575839293
74.64965169875566 81.52769668018658 50.22385580181154
74.64965368851264 81.52769615914852 50.223855415967975
74.64965476424254 81.52769588507196 50.2238552055461
74.649657804434 81.52769511161597 50.22385461058859
74.64966080942597 81.52769436177788 50.22385401901133
74.64966105814143 81.52769429293495 50.223853971670366
74.64966374164572 81.52769372818022 50.22385341829333
74.6496651821789 81.52769331617586 50.22385314727539
74.64966658911915 81.52769300965767 50.22385285963766
74.64966796086901 81.52769270504804 50.22385258057201
74.64966793032609 81.52769278612492 50.22385256900988
74.29953480671259 80.7985712188189 49.493042667990736
73.98083385725097 80.85664294838489 49.555183186348586
73.94523250445042 80.89914653967689 49.61900556375089
73.94522861039138 80.89914986679008 49.619010522001474
73.94522741580963 80.89915088707444 49.61901204306079
73.94523244398043 80.89914659061026 49.61900564077613
73.9452207705845 80.89915656427155 49.619020504354026
73.94521954611352 80.89915761031325 49.619022063462005
73.94521588837772 80.89916073504003 49.619026720824564
73.90555864825089 80.93514076471322 49.672574090772926
73.90555804681779 80.93514132104585 49.67257490681629
73.90555397647836 80.93514504312748 49.67258036784612
73.90555665349116 80.93514259828419 49.67257678067598
73.90555334206536 80.93514563386715 49.67258123423335
73.90554845618608 80.9351501007202 49.672587788022355
73.90555057344969 80.9351481712075 49.67258495683122
73.90554811180567 80.93515042720097 49.67258826665833
73.88196709019543 80.96187238781462 49.70974202664644
73.88196709966749 80.96187244220594 49.70974208114409
73.88196709535175 80.96187248797399 49.70974213708914
73.88196707934254 80.96187250540582 49.70974217019193
73.88196708908166 80.96187255362395 49.709742217402386
73.88196708437897 80.96187260336858 49.70974227821806
73.8819670682241 80.96187262526895 49.70974231655664
73.88196707824245 80.96187267042544 49.70974236003245
73.88196707339212 80.9618727239613 49.7097424253101
73.88196705688192 80.96187275278827 49.70974247187094
73.8819670671756 80.96187279166664 49.70974250793263
73.88196706192133 80.96187284960719 49.70974257858501
73.88196704526976 80.96187288022283 49.70974262730985
73.88196705586523 80.961872918247 49.70974266214576
73.88196705045021 80.96187298061452 49.70974273799874
73.88196703340172 80.96187301343934 49.70974278957884
73.88196704428381 80.9618730521058 49.709742824914784
73.8819670388618 80.961873117045 49.709742903717945
73.88196702130558 80.9618731517755 49.70974295789681
73.88196703233655 80.96187319571312 49.70974299914568
73.88196702715915 80.9618732586326 49.7097430754355
73.88196700881272 80.96187328314201 49.70974311856065
73.88196702007298 80.96187334804371 49.70974318362385
73.88196701564749 80.9618734061724 49.70974325381117
73.88196699597323 80.96187341302667 49.70974327781251
73.88196700715461 80.9618735220208 49.70974339342355
73.88196700441932 80.96187355944551 49.70974343851836
73.88196698266955 80.96187353437068 49.70974342766696
73.88196699352969 80.96187371643441 49.70974362720196
73.88196699368507 80.96187371859254 49.7097436295453
73.88196698005025 80.9618738358044 49.70974377494056
73.88196699348497 80.96187372135233 49.70974363286939
73.88196698292292 80.96187388349475 49.70974382718447
73.88196696626287 80.96187396030552 49.70974392880687
73.88196697922689 80.96187394048499 49.709743895469416
73.88196697197826 80.96187405423589 49.7097440316587
73.88196695224056 80.96187409177737 49.70974409084708
73.88196696453117 80.96187417443466 49.709744175393325
73.88196696110302 80.96187423056915 49.70974424247857
73.88196693789291 80.96187422848863 49.709744259153226
73.88196694948523 80.96187440150058 49.70974444772334
73.88196695026619 80.96187441334312 49.70974446064111
73.86602258982253 80.97550787440551 49.72323681431337
73.88196694924162 80.96187443052328 49.70974448115256
73.86602288239678 80.9755077294144 49.72323668820884
73.86602031201497 80.97550920556236 49.723237961989604
73.86602198257798 80.97550826347552 49.72323714831066
73.8660208486954 80.9755089365053 49.723237728134166
73.86601798280856 80.9755105641282 49.723239133407986
73.86601921583168 80.97550990685875 49.723238564057965
73.86601879740388 80.97551015576045 49.72323877846743
73.86601662027634 80.97551143317538 49.72323987959395
73.86601685861521 80.97551131327963 49.72323977540465
73.86601421042431 80.97551283567157 49.72324108902272
73.86601609042579 80.97551177150616 49.723240170078526
73.86601483033336 80.9755125237582 49.7232408179737
73.86601284586631 80.97551370278036 49.72324183366941
73.8660129875964 80.97551363115635 49.723241771444265
73.86601038056227 80.97551512993343 49.723243064683956
73.86601247735854 80.97551393729032 49.72324203504617
73.8660110280727 80.97551480722709 49.72324278410406
73.86600894902121 80.97551603819821 49.72324384472891
73.86600917121748 80.97551592729566 49.723243748311845
73.8660063965825 80.97551750944534 49.72324511404834
73.86600828321114 80.97551646170757 49.723244208409554
73.8660071724042 80.97551713040771 49.72324478411328
73.86600482159022 80.97551851159146 49.72324597460981
73.86600511697071 80.97551836812156 49.72324584968321
73.86600388492474 80.97551910936131 49.723246487856706
73.86600294877961 80.97551967233858 49.723246972564155
73.86600042102467 80.97552115116542 49.7232482474886
73.88094367964996 81.01376869504251 49.76244238505562
73.88094521637677 81.01377348820955 49.762447190884785
73.88855030437705 81.05918491524521 49.80558697207051
73.63004627462846 81.09606889789413 49.7935234124168
73.88855402553 81.05919014046148 49.805592169267825
73.62999105525476 81.09609664019061 49.79353829618134
73.629992834598 81.09609575172294 49.79353782253803
73.62998558226971 81.09609938981582 49.793539771351575
73.62991995099318 81.09613231461599 49.79355740881465
73.62982866317208 81.09617806617024 49.79358189302718
73.6298480062396 81.09616840925534 49.79357674576238
73.51990565011634 81.14843531028649 49.81793699143752
73.51990566533193 81.14843531034931 49.81793700039981
73.51990564463358 81.14843533036401 49.817937014844695
73.51990545831208 81.14843551076879 49.81793714518854
73.51990509404328 81.14843572173112 49.81793721218612
73.51990525388992 81.14843571429229 49.81793729560662
73.51990503189694 81.14843592560482 49.81793744609321
73.5199050381973 81.14843592502972 49.81793744900765
73.51990446518599 81.14843617363582 49.81793744407909
73.51990502969252 81.1484359323576 49.817937453755576
73.51990480542565 81.1484361447273 49.8179376043162
73.51990439826676 81.14843637901934 49.81793767720177
73.51990461079484 81.1484363572709 49.81793777240139
73.51990432550315 81.1484365882721 49.81793791204143
73.51990439469537 81.14843657976319 49.81793794114251
73.51990429274639 81.14843667838244 49.81793801234005
73.51990415152852 81.14843681443092 49.81793811022335
73.51990359741966 81.14843709670546 49.81793816094256
73.51990391367585 81.14843705153382 49.817938285632344
73.51990350292235 81.14843732299751 49.81793840567993
73.51990365087323 81.14843729976836 49.81793846123338
73.5199034271763 81.14843749615031 49.81793859093973
73.51990335056915 81.1484375625131 49.81793863417934
73.5199026650945 81.14843789743176 49.81793867800393
73.51990305952386 81.14843782642646 49.817938814076946
73.5199025513572 81.14843813493897 49.81793892637611
73.51990277730191 81.14843809125672 49.81793900033841
73.51990243495432 81.14843837182701 49.81793917237229
73.51990250573463 81.14843835731065 49.81793919443905
73.51990161201337 81.14843875819722 49.817939204161874
73.51990238105927 81.14843847924335 49.81793928326952
73.51990222558035 81.14843862945398 49.81793939159839
73.51990147797287 81.14843900434911 49.817939452142056
73.51990198775437 81.148438893789 49.81793960311084
73.51990133798365 81.14843925463339 49.81793970212709
73.51990173801042 81.14843916511444 49.817939816932196
73.51990119195534 81.14843950910212 49.8179399541332
73.51990147782857 81.14843944287003 49.817940033183774
73.51990104020396 81.14843976672071 49.817940206973816
73.5199012088041 81.1484397264568 49.81794025200272
73.51990088283382 81.1484400277413 49.81794046104393
73.51990089110274 81.14844002570658 49.81794046317284
73.51989991338789 81.14844049238731 49.817940511071384
73.51990087593072 81.14844003905515 49.81794047200869
73.51990050937806 81.14844034498125 49.81794066351907
73.51989973735674 81.14844076608523 49.81794077105181
73.519900122221 81.14844066810433 49.81794086579517
73.51989955776963 81.14844103982617 49.8179410290142
73.51989972824903 81.14844099514396 49.81794106928463
73.51989941646926 81.14844125089282 49.81794122626307
73.51989932442676 81.1484413265794 49.81794127285127
73.51989828759234 81.14844183326827 49.81794133926925
73.5198989567615 81.14844165066664 49.81794148777946
73.51989807947385 81.14844211975586 49.81794159747395
73.5198986325146 81.14844196518605 49.817941715365194
73.51989786191845 81.14844241016047 49.81794185536259
73.51989832931548 81.14844227661675 49.817941951140185
73.51989763742338 81.14844270302893 49.81794211246665
73.51989801614553 81.148442591853 49.81794218613979
73.51380308183698 81.2150876836652 49.843539491284446
73.51380322405623 81.21509484095738 49.843542323836346
73.47776191042595 81.28068987389402 49.86039812819066
73.47776505515598 81.28068993657729 49.86039899669069
73.47774291105408 81.28074433928596 49.86041251980043
73.47774315731996 81.28074431090486 49.86041257589268
73.47774155335773 81.28074823798674 49.860413550589264
73.47772067631927 81.28079982180105 49.860426405187624
73.4776834050181 81.28085879197589 49.86043749403075
73.47769756901259 81.28085659970006 49.86044051967525
73.41266625846282 81.34370243369817 49.86486578676965
73.44918980395947 81.34397120689773 49.873081926078754
73.4126680810817 81.34370244968824 49.8648663087125
73.44918693244651 81.34397137528427 49.87308122114017
73.41266930288796 81.34370247789363 49.864866668564815
73.44918438177243 81.3439715255008 49.87308059932826
73.44917804987111 81.34397188912695 49.873078992875726
73.44918180631967 81.34397167691216 49.873079969684554
73.44917796504238 81.34397189941893 49.87307900806806
73.44917877053743 81.34397185390455 49.87307921746287
73.44917795446376 81.3439719013331 49.87307901423462
73.41266805228784 81.34370265252312 49.86486641618914
73.41266282761593 81.34370280301366 49.8648650318715
73.41261870452367 81.34370370565814 49.864853131268106
73.41265711562212 81.34370296227443 49.86486351543319
73.41261947591806 81.34370374144932 49.864853368710214
73.41265344468009 81.34370308332262 49.86486255151287
73.41261978006864 81.34370378654509 49.86485347998552
73.41265101446234 81.34370318095657 49.86486192335417
73.39936514214341 81.43702248347307 49.8821689452619
73.43479239059228 81.42316728603848 49.8865055208496
73.35890092074139 81.51752893743749 49.88673641335241
73.3589104558456 81.51752382279332 49.88673732260794
73.35648160703069 81.60301038341376 49.902046157066096
73.35649504409014 81.60300650896144 49.902048035502986
73.34753561410399 81.61195750806208 49.90187430587309
73.34753219244558 81.61196065651279 49.9018741938478
73.34630875315781 81.6193173375975 49.90289006952419
73.34630876375414 81.61931808449214 49.90289019806109
73.34630676564723 81.61931908298426 49.90288999028152
73.34630884817939 81.61931823427165 49.902890239363344
73.34630919538918 81.61931878564042 49.902890398276625
73.34630415037196 81.61932017688646 49.902889682237415
73.34630951154215 81.61931951083209 49.90289058077987
73.34630140783955 81.6193213034522 49.90288935572008
73.34631040662748 81.61932016980654 49.902890861280255
73.34629864549292 81.61932244871656 49.90288902863268
73.3463113212986 81.61932083131288 49.90289114590445
73.34631237874738 81.6193214783582 49.90289145501367
73.34631204974625 81.61932230954784 49.90289153376666
73.34631308266967 81.61932186718703 49.90289165368343
73.34631357843344 81.6193221094139 49.902891788247
73.34630928906844 81.61932347116145 49.90289120976395
73.3463149848592 81.61932271473928 49.902892156122576
73.34630644760196 81.61932465611078 49.90289087447398
73.34631628223966 81.61932333026718 49.902892505155265
73.34631819061218 81.61932386868524 49.90289295638772
73.34763602648852 81.62015084415475 49.903117065810484
73.34763681413126 81.62015057011133 49.90311716163763
73.34763766704971 81.62015064549973 49.90311733517417
73.34763303980695 81.620151878055 49.90311670145666
73.34764063879874 81.62015094330425 49.90311794639935
73.34764391423857 81.62015120112375 49.903118606885485
73.34676952449598 81.63528686066122 49.901675229212366
73.34676906515362 81.63528670694181 49.90167518805612
73.34677057533469 81.63528711520328 49.90167537066736
73.34677233871163 81.6352878044541 49.901675480380845
73.34677899502786 81.63528941433076 49.90167637759886
73.3467752174514 81.63528877653643 49.90167573406919
73.3467871689234 81.63529166022413 49.9016773483725
73.55901240284945 81.70768075106395 49.93562223491601
73.55900501357245 81.70767785308065 49.93562119244567
73.55902307305969 81.70768493210447 49.93562374108974
73.5590604868793 81.70769960899693 49.93562901856018
73.55913954653903 81.70773058764381 49.935640178439
73.64476649148699 81.74394253233571 49.945716035140556
73.64476715817413 81.74394266960688 49.94571623188868
73.64476703109702 81.74394263532331 49.94571619626233
73.64476807895724 81.74394283521681 49.94571650916445
73.64476736263455 81.74394272404965 49.94571628937547
73.64476965932695 81.74394313676859 49.94571698106223
73.64477047317433 81.74394330074793 49.945717222069284
73.6447703409646 81.7439432664325 49.945717184691404
73.71746479603092 81.73523505098973 49.966339709629736
73.64477069312548 81.74394335833694 49.9457172841376
73.71748408885769 81.73523154448661 49.96634510917326
73.71747539540698 81.73523314994291 49.96634267035412
73.7174904656291 81.73523038433163 49.96634689412436
73.71750948231062 81.7352269239036 49.96635221731446
73.71752717638536 81.73522370943101 49.9663571690807
73.71752999970886 81.73522319117356 49.96635796041157
73.71753363643724 81.7352225294504 49.96635897840211
73.71750674088184 81.73522746005644 49.96635144147744
73.71755983424006 81.73521776162782 49.96636631189655
73.717556625755 81.73521836561385 49.96636540920687
73.71756999089469 81.73521591254976 49.966369155171
73.717588600318 81.73521252458708 49.96637436473265
73.7176046957107 81.73520960231806 49.966378868699124
73.71761076531939 81.73520848819969 49.96638056990172
73.71762060300505 81.73520669632522 49.96638332407967
73.71765062868708 81.73520122920156 49.96639172970512
73.71765234122236 81.73520091480651 49.96639220970884
73.71765540199391 81.73520035716685 49.96639306663994
73.71762899308182 81.73520520077118 49.966385665585946
73.71769368931334 81.73519338123802 49.96640378611557
73.71769523487352 81.73519309746746 49.9664042193248
73.71769894161196 81.73519242169652 49.96640525720908
73.81107813400554 81.7220884019025 49.98683005904611
73.811086879401 81.72208700736354 49.98683208390443
73.81111292484744 81.72208292932764 49.98683799867061
73.87084125200184 81.7227245714802 49.993512646652576
73.87084591871846 81.72272218557379 49.99351485469127
73.8708550356775 81.72272067083772 49.99351652165208
73.87085157308695 81.72272390580324 49.99351365127973
73.87085921769382 81.7227199653765 49.99351729524999
73.87087145866181 81.72271824671924 49.99351926833984
73.87087256535435 81.72271766614227 49.9935198043906
73.87087483051319 81.72271728882964 49.99352021937054
73.87088156958305 81.72271766995749 49.99352018911858
73.87088559844459 81.72271553743028 49.9935221565383
73.87089288229157 81.72271440594042 49.99352342214219
73.87089828901337 81.72271355417044 49.993524371577294
73.94399693621311 81.70022155182696 50.011813092912234
73.9439979740792 81.70022139674089 50.01181320711053
73.94400102789099 81.70022096084745 50.01181354362969
73.94403924333335 81.70021558674541 50.011817756820115
73.94405032691472 81.70021392163854 50.01181897614744
73.94408730275065 81.70020863843128 50.01182305062053
73.94410264260625 81.70020644601317 50.01182474094789
73.94414636998957 81.70020027154251 50.01182956119969
73.94415478075258 81.70019899067681 50.01183048605914
74.20515081703525 81.64219653217634 50.08797180579087
74.2052798077176 81.64216478938664 50.08801458185406
74.20583189721611 81.64202891838434 50.08819770568024
74.20633277559068 81.64190568204583 50.08836371428913
74.20637981481454 81.6418940661128 50.08837947846024
74.44999224158528 81.58453170524533 50.1568887221961
74.64960489781996 81.52770597095142 50.22386558650642
74.64960717269969 81.52770596782187 50.223865003594746
74.64960771171182 81.52770552719986 50.22386497072495
74.64960864333233 81.52770537773827 50.22386476746151
74.64961059666715 81.52770505710471 50.22386434301388
74.64961286675322 81.52770511591966 50.223863746511284
74.6496135115904 81.52770455600402 50.223863715032394
74.6496147638275 81.52770433647984 50.223863446272304
74.64961648453122 81.5277040315288 50.22386307775809
74.64961842766182 81.52770438220239 50.223862495311536
74.64961941675153 81.52770347059669 50.22386245965398
74.6496217827391 81.52770300722969 50.22386196348345
74.64962239278822 81.52770288593267 50.22386183598614
74.64962532016344 81.52770226220899 50.22386123414867
74.64962736730945 81.52770255528557 50.22386063879583
74.64962825935422 81.52770161236768 50.223860635528624
74.6496309307883 81.52770124747558 50.223860037429276
74.64963120868235 81.52770093655238 50.22386004052217
74.64963283783646 81.52770055761805 50.22385971319787
74.64963418589082 81.527700242102 50.22385944282118
74.6496371635966 81.52769952613791 50.22385885013997
74.64964016135066 81.52769879024366 50.22385825708349
74.64964269909672 81.52769870000249 50.22385762757119
74.64964317408312 81.52769804067268 50.22385766345634
74.64964611175063 81.52769741202142 50.22385706015717
74.64964619885987 81.52769728300653 50.22385706867588
74.649646890494 81.52769711008202 50.2238569325989
74.64964924141312 81.52769653406466 50.22385646724716
74.64965226903206 81.52769578160073 50.223855870492805
74.64965506090716 81.52769538180704 50.22385524984277
74.64965527455342 81.52769503055413 50.22385527906883
74.64965633403415 81.52769474740963 50.22385507498558
74.64965824435365 81.52769429534277 50.22385469302103
74.64966117743612 81.5276936144308 50.223854103402125
74.64966146935015 81.52769353433308 50.22385404767064
74.64966402857587 81.5276930110433 50.22385351625857
74.64966543193763 81.52769261636604 50.22385325063192
74.64966668229897 81.52769270783197 50.22385290794557
74.64966541444615 81.52769270334542 50.223853234308976
74.64966585768813 81.52769287087212 50.223853080504995
74.64966758768907 81.527692509258 50.223852723162636
73.94522323732384 80.89915445804407 49.61901736343397
73.94521833606322 80.89915864575741 49.61902360413855
73.90556069541853 80.93513888770747 49.672571336996555
73.9452172800673 80.8991595474246 49.619024948746926
73.90555991437745 80.93513960595996 49.67257239068384
73.94522141937671 80.89915601076491 49.61901967822261
73.90555853594014 80.9351408800137 49.67257425953209
73.90555471475196 80.93514438551153 49.67257940242505
73.90555117284548 80.93514763590392 49.672584171018734
73.90555111122633 80.93514769277178 49.67258425443823
73.90554740219744 80.93515108621605 49.67258923323489
73.90555100603564 80.935147789234 49.67258439595854
73.90554666862496 80.93515176691037 49.67259023162678
73.88196709889633 80.9618725566859 49.709742212849775
73.88196710845942 80.96187262142384 49.709742279118885
73.88196710471831 80.96187267424372 49.70974234266605
73.88196708824933 80.96187267234187 49.70974235401047
73.88196709746391 80.9618727629614 49.70974245019859
73.88196709501896 80.96187279162888 49.70974248502852
73.88196707734866 80.96187279182631 49.70974249976281
73.8819670866879 80.96187288859062 49.70974260288398
73.88196708453681 80.96187291365692 49.7097426333495
73.881967066268 80.96187292446676 49.70974266072577
73.88196707583904 80.96187301199862 49.70974275308602
73.8819670732878 80.96187304052997 49.70974278784736
73.88196705495332 80.96187306163155 49.70974282706095
73.8819670649532 80.96187313214327 49.709742899582096
73.88196706134742 80.96187317242581 49.70974294866366
73.88196704337244 80.9618731985314 49.709742993311366
73.88196705381242 80.96187325865574 49.709743053578265
73.88196704957747 80.96187330985998 49.70974311568109
73.88196703147298 80.96187333354119 49.70974315765935
73.88196704217677 80.96187340215823 49.70974322743325
73.88196703824217 80.96187345262068 49.709743288440166
73.88196701922793 80.96187346634986 49.70974331977092
73.8819670299498 80.96187356502756 49.709743423947586
73.88196702732945 80.9618736013626 49.70974346770041
73.88196700659715 80.96187359446323 49.709743476823384
73.88196701690842 80.96187375382164 49.709743650812854
73.88196701704214 80.96187375590308 49.70974365308617
73.8819670040986 80.96187387867697 49.70974380428204
73.88196701686695 80.9618737586154 49.70974365633545
73.88196700658135 80.96187391603753 49.709743845019126
73.88196699103577 80.9618740111822 49.70974396671766
73.88196700340896 80.96187396389641 49.70974390241928
73.88196699568354 80.96187408172561 49.709744043669446
73.88196697758802 80.96187414269355 49.70974412833135
73.88196698979512 80.9618741724592 49.7097441523885
73.88196698470848 80.96187425322168 49.70974424903297
73.88196696374749 80.96187427270601 49.70974428855142
73.88196697560886 80.9618744016334 49.709744426426525
73.88196697387163 80.96187443026103 49.709744460629764
73.8819669612482 80.96187458271828 49.709744645548426
73.88196696331121 80.9618746137701 49.709744679406995
73.86602342628655 80.97550746374777 49.72323645695516
73.88196696068425 80.96187465883217 49.709744733157166
73.86602378595819 80.97550728825894 49.7232363041883
73.86602122462132 80.97550874924667 49.72323756531576
73.8660226059494 80.97550799007384 49.723236908752014
73.86602185074838 80.97550843957308 49.72323729594957
73.86601892957646 80.97551009010606 49.72323872137285
73.86601987596165 80.9755096130493 49.72323830685907
73.86601991425857 80.97550959375987 49.72323829009776
73.8660175930375 80.97551094387786 49.7232394543925
73.86601979562155 80.97550966448277 49.72323835101375
73.86601797393831 80.97551075230986 49.72323928791796
73.86601522654342 80.9755123229439 49.72324064353998
73.8660167160748 80.97551150436146 49.72323993559375
73.86601602448715 80.9755119181261 49.72324029192131
73.86601388943683 80.97551317417549 49.723241374490925
73.8660141925318 80.9755130195579 49.72324124023375
73.86601143735565 80.97551459908757 49.72324260334152
73.86601313932314 80.97551365212962 49.72324178489311
73.86601226644741 80.97551417673706 49.72324223657842
73.86601005356043 80.97551547796624 49.72324335811348
73.86601041694288 80.975515292737 49.72324319726877
73.86600746444284 80.97551698213083 49.72324465532793
73.86600911847826 80.97551607360782 49.723243869576294
73.86600838671055 80.9755165137282 49.72324424850533
73.86600595580512 80.97551794197362 49.72324547956597
73.88095066506386 81.01377037142782 49.762444618076614
73.86600319765553 80.97551954746204 49.72324686403084
73.88095185205626 81.0137744272803 49.76244867493644
73.88095267197912 81.01377729353041 49.762451540278235
73.88855660376969 81.05919160216547 49.80559397211723
73.88855983495594 81.05919544460977 49.80559790627856
73.88855294000183 81.05918805428537 49.805590185117225
73.88856119984669 81.05919743653772 49.80559987534225
73.8885628984422 81.05919990588521 49.80560231783734
73.88856281694072 81.05920061099397 49.80560288666963
73.88856651329223 81.05920501276483 49.80560739233164
73.88856873437334 81.05920813248527 49.805610495178755
73.88857035238426 81.05921040438483 49.805612754911934
73.6299376653495 81.09612346168558 49.79355268501209
73.62996381835623 81.09611039000458 49.79354570933867
73.62988379075 81.09615052655558 49.79356720433867
73.62988999824503 81.09614742385428 49.79356554853452
73.62752920885842 81.14098581076578 49.83039305306943
73.62750304042471 81.14098762002175 49.830390711874315
73.51990559851559 81.14843550488467 49.81793721920657
73.62746388677088 81.14099032483854 49.83038720672465
73.51990554591261 81.14843569802937 49.817937444464654
73.51990556193982 81.1484356969903 49.81793745244032
73.5199055400186 81.14843571706702 49.81793746625379
73.51990533215361 81.14843591044725 49.81793760122098
73.51990496402775 81.14843613266417 49.81793768088234
73.51990513472924 81.14843611817597 49.817937761295305
73.51990490611053 81.1484363272505 49.817937904949716
73.51990496900113 81.14843632050885 49.817937932715466
73.51990487582178 81.14843641954579 49.81793800958405
73.51990476395451 81.14843653789337 49.817938101137685
73.51990424740478 81.14843680105675 49.81793814844845
73.5199045783044 81.14843675388911 49.81793827903833
73.51990416848366 81.14843701230718 49.817938382342234
73.51990437270129 81.1484369795526 49.81793845810702
73.51990408549807 81.1484372256559 49.817938616644824
73.5199041448968 81.14843721549708 49.81793863784446
73.51990340174676 81.148437553517 49.81793865212241
73.51990405587226 81.14843729648543 49.8179386932197
73.51990386116051 81.14843747116541 49.817938811080964
73.51990329952407 81.14843778179437 49.8179388949826
73.5199035953786 81.14843772537705 49.81793899286426
73.51990319534622 81.14843800911292 49.817939135431246
73.51990333102094 81.14843798244034 49.81793917925772
73.519903100744 81.14843820839673 49.81793934431619
73.5199030624272 81.14843824467802 49.817939370036264
73.51990231376416 81.14843861098669 49.817939418585205
73.51990280344597 81.14843850776546 49.8179395675503
73.51990218999865 81.14843884988349 49.81793966294692
73.51990259090714 81.14843876164629 49.81793977996519
73.51990205981907 81.14843909313495 49.817939909336474
73.51990234028835 81.14843902951723 49.81793998869817
73.51990192471897 81.14843933891943 49.817940156211435
73.51990210776816 81.14843929585868 49.81794020596572
73.51990178192567 81.14843958951874 49.81794040497762
73.5199018234236 81.14843957944447 49.81794041584332
73.51990174845149 81.14843964677122 49.81794046131452
73.51990148425048 81.14843988014336 49.81794061640396
73.51990071997811 81.14844029221786 49.81794071649276
73.51990113127701 81.14844018745161 49.81794081767011
73.5199005528348 81.14844055645294 49.817940969119576
73.51990076151654 81.1484405014877 49.81794101805593
73.51990038161279 81.14844082028779 49.817941218835884
73.51990039010899 81.14844081798117 49.817941220737104
73.51989937442652 81.14844131305915 49.8179412841116
73.51990037299609 81.14844083337975 49.81794123115702
73.51990002629114 81.14844113434954 49.81794142768145
73.51989918413221 81.14844158771648 49.8179415370402
73.51989969643184 81.14844144377682 49.817941645244
73.51989898764474 81.14844186370311 49.81794178811633
73.51989936083544 81.14844175570211 49.817941862769004
73.51989878425692 81.1484421424069 49.817942038766574
73.51989903666988 81.14844206650956 49.81794208548311
73.51989857961512 81.14844241858744 49.817942285341246
73.52304705723743 81.21174088980952 49.84452001668729
73.52304418969531 81.21178134462173 49.84453495691197
73.51380355532923 81.21511482438189 49.84355017928314
73.47777580098617 81.28069346310016 49.86040315052601
73.47775475685015 81.28074629922068 49.86041640859928
73.4777236604591 81.28079982084004 49.86042720769269
73.47773319966556 81.28080017870482 49.86042990225424
73.47770422586152 81.28085591534963 49.86044206557058
73.47771135735192 81.28085500056926 49.86044365664961
73.44919945629628 81.34397066150925 49.87308443538533
73.44920390161636 81.34397041031923 49.873085590928724
73.44919964427027 81.34397065671777 49.87308452373841
73.44920082930264 81.34397058972482 49.87308483157438
73.44919973852932 81.34397065307805 49.87308455966384
73.44919735832804 81.34397079130919 49.873083966231434
73.44919493273669 81.3439709340694 49.87308337430402
73.44919269460111 81.34397106609691 49.87308283015534
73.44917791466311 81.34397190737783 49.87307902959785
73.44919082747126 81.343971177112 49.87308238212209
73.44917761494312 81.34397192945656 49.87307898651859
73.44918960001738 81.34397125202584 49.873082100672626
73.44917724406179 81.34397195532237 49.87307892335633
73.44918851540383 81.34397131868178 49.87308185509103
73.44917661018948 81.34397199613196 49.873078792392896
73.4491873609841 81.34397138898618 49.87308158935818
73.44917584947058 81.34397204397786 49.8730786275666
73.4491863929459 81.34397144856041 49.873081370731
73.43480345739682 81.42316170933668 49.88650734553148
73.43481508222331 81.42315596377243 49.886509283216256
73.39816427938851 81.51522243781321 49.89647601389869
73.43238303834644 81.50870643382193 49.90182786928133
73.35650354805036 81.60300403698977 49.90204922093817
73.35651362398539 81.60300110818302 49.90205062552286
73.35649807361065 81.60300618839389 49.902048552723116
73.35650865748772 81.60300310772274 49.902050027399895
73.34753687495026 81.61195938581241 49.901874861889944
73.34754621566937 81.61195684848457 49.90187619408202
73.34631180821965 81.61931697314623 49.90289058411661
73.34632192458062 81.61931576499543 49.90289228788434
73.34630940081341 81.61931800762474 49.902890305219515
73.3463213972023 81.61931655817442 49.90289232277378
73.34632143913203 81.61931728574518 49.902892453947885
73.34632160214232 81.61931800662293 49.902892606829916
73.3463199854641 81.61931895980159 49.902892463329906
73.34632197011017 81.61931814634903 49.902892699919235
73.3463230772978 81.61931856861723 49.90289298033025
73.34631736751012 81.61932005692051 49.902892155325446
73.34632456578728 81.61931913377084 49.9028933568813
73.34631470107917 81.61932117739376 49.90289184213245
73.3463264066154 81.61931965822947 49.90289379300653
73.34632788764745 81.61932022919316 49.90289416913505
73.3463272167634 81.6193210896977 49.90289418835835
73.34632869055213 81.61932043792889 49.90289435596672
73.34632984173932 81.61932074120978 49.902894624519575
73.3463247020577 81.61932220198024 49.90289390240066
73.34633164537 81.61932126879431 49.902895054157085
73.34632214125031 81.61932333187104 49.90289361072907
73.34765075467149 81.62014843801524 49.90311936728767
73.38184273506245 81.61366098669879 49.908470589348006
73.34765203137015 81.62014956107109 49.90311981643711
73.38184258292208 81.61366112719642 49.90847058533623
73.38184193684278 81.61366172355129 49.9084705682737
73.34764948006124 81.62015051653174 49.90311951874515
73.38184111781695 81.61366247806082 49.90847054650663
73.38227769117772 81.62962831577892 49.907249726492765
73.38227759752596 81.629630988759 49.90724946904564
73.38227783544801 81.62962933713793 49.90724962117939
73.4701468519889 81.67562389825602 49.92083561930582
73.47015268213524 81.67562621423662 49.92083640383679
73.55906212659231 81.7077002191849 49.93562925732683
73.5591714521921 81.7077430733799 49.93564468581723
73.64476672304974 81.74394255739121 49.94571610870494
73.64476653761005 81.74394251090447 49.94571605589806
73.64476772927117 81.74394273878909 49.94571641161145
73.64476695814457 81.74394261637337 49.9457161756409
73.71748276701783 81.73523171844695 49.966344754242975
73.71747943827751 81.73523234293779 49.96634381820331
73.71749008601046 81.73523038881899 49.96634680249381
73.71750012636743 81.73522856472552 49.96634961234807
73.64477024916997 81.74394324279771 49.94571715869545
73.71751620323536 81.73522564513078 49.966354111286876
73.71751428052204 81.73522601311032 49.966353568974675
73.7175248210522 81.735224078448 49.96635652326829
73.71753617072932 81.73522201507653 49.966359699862146
73.71749586536009 81.7352293935206 49.96634840749368
73.71755462794799 81.73521866069788 49.96636486548449
73.71754684145563 81.73522010003623 49.96636268078784
73.71756090686596 81.73521751845912 49.9663666230193
73.71757794295723 81.73521441916947 49.96637139163201
73.71759667686108 81.73521101426228 49.966376634745586
73.71759863361473 81.73521065504102 49.96637718319893
73.71760103446141 81.73521021828545 49.96637785522148
73.71757724135276 81.73521458184126 49.96637118730763
73.71762616456223 81.73520564495968 49.966384889795094
73.71762504500798 81.73520586694968 49.966384572268716
73.71763715606942 81.73520364363867 49.96638796683723
73.71765593778849 81.73520022356726 49.966393224799646
73.7176704084117 81.73519759774484 49.96639727377809
73.71767710628367 81.73519636799571 49.966399151141566
73.71768879746651 81.73519423837328 49.96640242426106
73.71771372306567 81.73518970267666 49.966409401495795
73.81104083013614 81.72209409322876 49.9868218175477
73.81105751991164 81.72209148504678 49.98682560000315
73.81111384230685 81.72208270678796 49.98683832839555
73.81112304619785 81.72208123886142 49.98684045983585
73.81114834882868 81.72207728238516 49.98684619782928
73.87085065154616 81.72271976995364 49.993517090572894
73.87085439062227 81.72271785948215 49.99351885871856
73.87086145636142 81.72271674791685 49.99352009816538
73.87086125735627 81.72271891494253 49.99351826673134
73.87086715880457 81.72271585369813 49.99352109604832
73.8708782188362 81.72271414563535 49.993523009347
73.87087979275996 81.72271390012494 49.993523283676396
73.87089073831815 81.72271278013582 49.99352469736688
73.87089249396345 81.72271183991974 49.9935255638985
73.87089563432474 81.72271139312045 49.99352607503643
73.87090103467288 81.72271206270402 49.99352574446372
73.87090449931813 81.72271017202607 49.99352748413588
73.94398806558843 81.70022271171126 50.01181211278585
73.94401264811094 81.70021920446774 50.01181482173161
73.94406055241265 81.70021236600424 50.01182010059696
73.9440634793629 81.70021194806415 50.011820423132626
73.94410627718537 81.70020589769823 50.01182514073908
73.94411418994272 81.70020470319383 50.01182601109598
73.94414588590935 81.70020017254119 50.01182950371973
74.20500913978915 81.6422311988542 50.087925634617605
74.20534377464156 81.64214899983412 50.08803599220399
74.20554384045059 81.64209961582276 50.088102955767354
74.20590604758092 81.6420104800742 50.08822307825457
74.20606859607402 81.64197047690759 50.08827699211919
74.6496039160072 81.52770516487477 50.22386603126968
74.6496062600114 81.52770481720019 50.223865513058776
74.64960659868059 81.52770476601569 50.223865438413654
74.64960934337871 81.52770433856764 50.22386483648428
74.64961194879659 81.52770392268218 50.223864267523254
74.64961216152582 81.52770388769747 50.22386422131427
74.64961500738089 81.52770340612423 50.223863606381315
74.64961761051788 81.52770309257075 50.22386301352152
74.64961785728755 81.52770289110745 50.22386299841054
74.64961825210523 81.5277028182006 50.22386291455682
74.64962073374093 81.52770235247554 50.2238623892789
74.64962265670799 81.52770264125081 50.22386182681547
74.649623598004 81.52770177737206 50.22386179200109
74.64962641799781 81.52770119841071 50.22386120700436
74.64962644955325 81.52770116812114 50.223861206155334
74.64962656640151 81.527701142676 50.223861182263875
74.64962933362605 81.52770053869938 50.22386061679121
74.6496322118105 81.52769987776556 50.22386003647737
74.64963441586146 81.52769997670644 50.22385944731672
74.64963511101874 81.52769919556593 50.22385945585761
74.64963780915755 81.52769875208702 50.22385886970939
74.64963802449117 81.52769849626765 50.22385887566911
74.64963923880993 81.527698209195 50.22385863279928
74.64964098876679 81.5276977959295 50.22385828269497
74.64964394762569 81.5276970751105 50.22385769601084
74.64964691411765 81.52769634792035 50.22385710889267
74.6496497324031 81.52769581855259 50.22385651246849
74.64964987844796 81.52769561454141 50.22385652380984
74.64965054657932 81.5276954477169 50.223856392303404
74.64965284806642 81.5276949041461 50.22385593187118
74.64965580698299 81.5276942401492 50.223855331576985
74.64965760429588 81.52769375250166 50.2238549871193
74.64965872131529 81.52769364820902 50.223854725481374
74.64966136310025 81.52769325366714 50.223854142083056
74.64966014581066 81.52769330445847 50.223854442247784
74.64966155502505 81.5276930280296 50.22385414682742
74.64966417104807 81.52769268650582 50.22385355735367
74.64966294500117 81.52769274925069 50.22385385690525
74.64966416280193 81.52769277208296 50.22385353899418
74.64966294556291 81.52769283348805 50.22385383660648
73.90555938760593 80.93514009003626 49.6725731008423
73.90555444337689 80.93514463425734 49.67257976736519
73.9055518142168 80.93514704736506 49.67258330758226
73.90555045268476 80.93514829882935 49.67258514351904
73.90555399271204 80.93514504872886 49.67258037539999
73.9055474342807 80.93515107185772 49.67258921168154
73.90554719133189 80.93515129492374 49.67258953893416
73.88196711636381 80.9618727372838 49.70974240528149
73.8819671077936 80.96187277313204 49.709742453362125
73.88196711024727 80.96187285347447 49.709742543334656
73.88196709704559 80.96187283249536 49.70974253015414
73.88196710707837 80.96187290747218 49.709742607760546
73.88196710331866 80.96187297377453 49.70974268675957
73.88196708630024 80.9618729433937 49.709742665948426
73.88196709516211 80.96187309135269 49.70974282807626
73.88196709552957 80.96187309838257 49.70974283582335
73.88196707540887 80.96187307335674 49.70974282369049
73.8819670843702 80.96187320715475 49.70974296952325
73.88196709507426 80.96187310462693 49.70974284334659
73.88196708559313 80.96187322690773 49.70974299113507
73.88196706439527 80.96187322081711 49.70974300156628
73.88196707350289 80.96187334887398 49.70974314070566
73.88196708412835 80.96187324464698 49.709743012648104
73.88196707425085 80.96187336001003 49.709743152841625
73.88196705316153 80.96187337219551 49.70974318410872
73.88196706285605 80.96187347974188 49.70974329928296
73.88196706124589 80.96187349785495 49.709743321343325
73.88196707338759 80.961873369346 49.709743164239526
73.88196704158217 80.96187351358385 49.70974335549692
73.88196705190275 80.9618736047897 49.70974345144826
73.88196704898424 80.9618736411764 49.70974349550504
73.88196702951385 80.96187364131285 49.709743511647474
73.88196704020197 80.96187375906634 49.709743637692455
73.88196703793388 80.96187379074902 49.7097436758294
73.8819670275269 80.96187393856192 49.70974385361076
73.8819670279613 80.961873946223 49.70974386202554
73.88196701490328 80.96187405883789 49.70974400168399
73.8819670274336 80.9618739543783 49.70974387179612
73.88196701769553 80.96187410717977 49.70974405473987
73.88196700196947 80.96187418368662 49.70974415524743
73.88196701425423 80.96187416317404 49.70974412167536
73.88196700747767 80.9618742737957 49.70974425389426
73.88196698879 80.96187431736085 49.70974431911723
73.88196700064191 80.96187438693016 49.70974438903875
73.88196699710026 80.9618744461314 49.70974445972841
73.88196697525034 80.96187445137943 49.709744483677035
73.88196698652938 80.9618746170377 49.70974466408485
73.88196698699369 80.96187462401123 49.70974467168789
73.88196697283024 80.96187475235037 49.709744830257236
73.8819669864101 80.96187463415126 49.709744683776734
73.8819669766409 80.96187480808713 49.70974489094365
73.8660242601428 80.97550705130098 49.72323609819449
73.88196697171568 80.96187489891804 49.7097449989833
73.86602479537055 80.97550678551835 49.723235867059635
73.86602210130624 80.97550831351762 49.723237186408134
73.86602307282904 80.97550781310088 49.723236752120584
73.86602296640093 80.9755078766461 49.72323680685004
73.86602082255887 80.97550913270521 49.723237889644764
73.86602107455201 80.97550900559646 49.72323777920428
73.86601854234021 80.97551046674135 49.72323903974129
73.86602029531265 80.97550947068028 49.72323817977336
73.86601910190222 80.97551018259713 49.72323879295071
73.86601622891561 80.97551181589495 49.72324020305277
73.866017382124 80.97551120968555 49.72323967753826
73.86601710439766 80.9755113757753 49.723239820574975
73.86601489005537 80.97551267066788 49.723240936950575
73.86601523816447 80.97551249675661 49.72324078576272
73.86601249465427 80.97551406380306 49.723242138347324
73.86601400622185 80.9755132360487 49.72324142233676
73.86601327022794 80.9755136777341 49.72324180265336
73.8660110906835 80.97551495922906 49.72324290718478
73.88095679207794 81.01377162961919 49.762446369767346
73.86600857631657 80.9755164199522 49.72324416693529
73.88095803601922 81.01377548117823 49.762450232280486
73.88095900045778 81.01377846194546 49.76245322167404
73.88095832481383 81.01378121418989 49.76245584775785
73.8809615890863 81.01378582792981 49.762460626560696
73.88095546834907 81.01378121521427 49.76245560412714
73.88856780419044 81.05920377260918 49.805606652370514
73.88856920076609 81.05920579991611 49.80560865809672
73.88856945386368 81.05920686630358 49.80560960382162
73.88857247365402 81.05921045390969 49.80561327772081
73.88856663328241 81.0592043365231 49.80560685628214
73.88857392897467 81.05921254532399 49.80561535018239
73.88857571891464 81.05921511492664 49.805617896923366
73.88857619634082 81.05921649023506 49.80561915089558
73.88857947443454 81.05922037577778 49.805623131605195
73.88857277808357 81.05921327723041 49.805615698570804
73.88858157687865 81.05922332842147 49.805626068350264
73.88858333512349 81.05922578892762 49.80562851702196
73.88858218389248 81.05922525402629 49.8056278101208
73.88858784343984 81.05923195579128 49.80563467727943
73.8862427238974 81.10408532877555 49.84247680588152
73.88624308568001 81.10408517819485 49.84247676242943
73.62752708841393 81.14098607314818 49.83039297868197
73.88624223340426 81.10408553337474 49.84247686516142
73.65234650095337 81.13104196900257 49.82772620690148
73.62752428198817 81.14098643900628 49.83039289874912
73.62754830503914 81.14098489263101 49.83039516210458
73.62752270821595 81.1409866575718 49.8303928672736
73.62750653923875 81.14098777234277 49.83039141757218
73.51990548808976 81.14843589397668 49.81793767039065
73.62746678179599 81.14099052469325 49.83038786416931
73.51990543546908 81.14843608328101 49.817937890549175
73.51990550420251 81.14843607530666 49.81793792009093
73.51990540636129 81.14843618586956 49.81793800951321
73.51990532145267 81.14843628082942 49.81793808580525
73.51990484067022 81.14843652732291 49.817938131897144
73.51990516030747 81.14843648345048 49.81793826028164
73.51990477981603 81.14843672215972 49.81793835458259
73.51990501793391 81.14843668475538 49.81793844396802
73.51990471277173 81.14843692166384 49.81793857984093
73.5199048408968 81.14843689993516 49.81793862581345
73.51990464486276 81.14843710324298 49.817938780840564
73.51990461654245 81.14843713254561 49.817938803145964
73.51990399224113 81.14843744662053 49.81793885504618
73.51990437678955 81.14843737319327 49.81793898214361
73.51990389738575 81.1484376668672 49.81793909156329
73.51990410976838 81.14843762515142 49.817939160217435
73.51990379754861 81.14843788913606 49.8179393278531
73.5199038466337 81.14843787904697 49.81793934312667
73.51990308535818 81.14843823999801 49.817939377215694
73.5199037673093 81.14843795470622 49.81793939710028
73.5199035760492 81.14843813879982 49.817939529450626
73.51990297226305 81.14843847157532 49.81793961810432
73.51990334911596 81.14843838965457 49.81793972945552
73.51990285814395 81.14843870258333 49.81793985764103
73.51990312400497 81.14843864342457 49.817939934387056
73.51990273697783 81.1484389379741 49.81794009887345
73.51990290571828 81.14843889862905 49.81794014520191
73.51990260961408 81.14843917666298 49.81794034085986
73.51990266364965 81.14843916357404 49.817940355046844
73.51990255803025 81.14843927019105 49.81794043470113
73.51990238621137 81.14843944115086 49.81794056099156
73.51990163203702 81.14843984297049 49.817940653383346
73.51990208531424 81.14843972735717 49.81794076468262
73.51990147705615 81.14844009761887 49.817940900403286
73.51990175383308 81.14844002462254 49.81794096518182
73.51990131775312 81.14844035259311 49.81794114533288
73.51990143200916 81.14844032156162 49.8179411708841
73.51990121211779 81.1484405183956 49.81794130341018
73.51990109116362 81.14844062552399 49.817941374793534
73.5199002055361 81.1484410847075 49.81794146649429
73.51990076458506 81.14844092753675 49.81794158444485
73.51990002421792 81.1484413505208 49.81794171294081
73.5199004430428 81.1484412298503 49.81794179743373
73.51989983893179 81.14844161585721 49.81794195643988
73.51990009514446 81.14844153975415 49.817942005101145
73.5198996490446 81.1484418815122 49.81794219767619
73.51989975448222 81.14844184924948 49.81794221644979
73.5230473888428 81.21173862471795 49.84451905752428
73.5230460085397 81.21175807627594 49.844526242205205
73.51380357114925 81.21511570472532 49.84355052633474
73.52304242618263 81.21180864208078 49.84454491513816
73.47777872648747 81.2806936647478 49.86040400980592
73.52303877197565 81.21186028442395 49.844563982447184
73.47776055788066 81.28074606248836 49.86041788453112
73.47776856313423 81.28074569984778 49.86041990839862
73.47774224453558 81.28079873616083 49.860431819122866
73.47774817345649 81.28079778128084 49.86043307230511
73.47772373602704 81.28085178567933 49.86044583579249
73.47772746800423 81.28085081040457 49.86044649060875
73.44921857498743 81.34396958162867 49.8730894082752
73.44921924106272 81.34396954401208 49.87308958156173
73.44921862087583 81.34396958009597 49.87308942738527
73.44921601930545 81.3439697315816 49.87308878145925
73.44919981978012 81.34397065230854 49.87308460667012
73.44921384189897 81.34396986038792 49.8730882545222
73.44919968682143 81.34397066555394 49.8730846109345
73.44921134682997 81.34397000682719 49.87308764286201
73.44919948493174 81.34397068248951 49.87308459589282
73.44920926900963 81.34397012964635 49.873087139374135
73.44919914831749 81.34397070698334 49.873084545460486
73.44920782870123 81.34397021650655 49.87308680204331
73.4491986120068 81.34397074283976 49.87308444364889
73.44920676002542 81.34397028229756 49.873086560846225
73.44919808886995 81.34397077758578 49.87308434278289
73.44920557851552 81.34397035417466 49.87308628835542
73.44919748981785 81.34397081643027 49.87308422088793
73.44920445629407 81.34397042246941 49.8730860297039
73.44919682057342 81.34397085903007 49.87308407931715
73.44920379765095 81.34397046449664 49.873085891068314
73.43482630387285 81.42315137707146 49.88651133306336
73.43483382049372 81.42314827876395 49.88651270125905
73.43239295547042 81.50868613040271 49.90182664837337
73.4324002318493 81.50867123246726 49.901825752403184
73.39203628167522 81.59733724400094 49.90762767777868
73.39203628824396 81.5973373117632 49.90762768848193
73.3920362310551 81.59733808870482 49.90762780121038
73.39203623894687 81.5973381484697 49.90762781080865
73.38176071929769 81.60546368539549 49.907230695508616
73.38176129506276 81.60546292271488 49.9072306749046
73.38175888007952 81.60546656766914 49.907230836905356
73.38175953050118 81.60546569990592 49.90723081258078
73.34632681722195 81.61931589757492 49.902893233342326
73.38185336844738 81.61365133213617 49.90847088502127
73.34632474725039 81.61931687793334 49.90289300893332
73.3818522941211 81.61365230506806 49.90847085491693
73.34632259104144 81.61931788324893 49.90289277248383
73.38185127970564 81.61365322662458 49.90847082675808
73.38185037555857 81.61365405297433 49.90847080212002
73.38185043765654 81.61365399708005 49.908470803891845
73.38185039265198 81.61365403820813 49.90847080266509
73.38184909900454 81.61365520186526 49.90847076568401
73.38184950940686 81.61365484689102 49.908470778729594
73.34633206460981 81.61931892411017 49.902894736013394
73.38184866906326 81.61365561871924 49.908470756181224
73.34632969182012 81.61931999275713 49.902894469435466
73.38184783039446 81.61365638933853 49.908470733708256
73.38184685516048 81.61365727866678 49.908470706948705
73.38184731207468 81.61365686726339 49.90847071997319
73.38184703840955 81.6136571196669 49.90847071272741
73.38184553811794 81.6136584649897 49.90847066944893
73.3818462054974 81.61365788541082 49.90847069044705
73.38184421060191 81.61365966108353 49.90847063168215
73.38184533696993 81.61365868203418 49.90847066704144
73.38184284873535 81.61366088781503 49.90847059290921
73.38184452637469 81.61365942835012 49.908470645458905
73.38184333475009 81.613660506551 49.9084706119789
73.38184434230227 81.61365959878779 49.908470640646925
73.38184378690234 81.61366011286304 49.908470626110685
73.3818420020261 81.6136617076763 49.908470574095354
73.38184299404614 81.61366084324088 49.90847060503697
73.38227798628965 81.62962823245724 49.90724972325316
73.55901538468461 81.70768187382555 49.93562266614647
73.55908549806162 81.70770936211451 49.935632559763846
73.55905379247528 81.70769692878837 49.93562808650323
73.55912600033243 81.70772523284973 49.93563827688672
73.5591352706181 81.7077288803295 49.93563958206147
73.7175172760729 81.73522536874414 49.96635442998568
73.55918555820963 81.707748600723 49.935646676977086
73.71752649013908 81.73522370189151 49.96635700698366
73.71751452087457 81.73522590345229 49.9663536511892
73.71752828228476 81.73522337693176 49.96635750838358
73.71753891668774 81.73522144846122 49.96636048368164
73.71749769428855 81.73522899242515 49.96634893492211
73.71755258151113 81.73521896894127 49.96636430717305
73.71754941465112 81.73521956340285 49.9663634165769
73.71755964790535 81.73521768494922 49.9663662847905
73.71757044914244 81.73521572196799 49.966369307729806
73.71753267217866 81.73522263736108 49.96635872378905
73.7175859476607 81.73521290753942 49.96637364479272
73.71758258935046 81.73521353728393 49.966372700504586
73.71759378600248 81.73521148179066 49.96637583878695
73.71760797941778 81.73520890010857 49.96637981159664
73.71756580348799 81.73521661955188 49.9663679954771
73.71762578480347 81.73520566431085 49.96638479476371
73.71761421611653 81.73520779386853 49.96638155089833
73.7176290560033 81.73520506914369 49.96638571042534
73.71764945841656 81.73520135685862 49.96639142144403
73.7176610044313 81.73519926441129 49.96639465149027
73.71766598167787 81.73519835034422 49.96639604662737
73.71767327575363 81.73519702299916 49.966398088413435
73.71764402424306 81.73520238263426 49.96638989193214
73.71769695343423 81.73519271443516 49.96640471631653
73.71768881727374 81.73519421751695 49.966402433713995
73.71770282559939 81.73519164499793 49.96640636026738
73.81105448179119 81.72209179099582 49.98682517121904
73.81106557550933 81.72209013185478 49.986827570768014
73.81108244866823 81.72208743146756 49.98683149255451
73.81112136036487 81.72208136179061 49.986840293971824
73.81114612828505 81.72207755086555 49.98684581540802
73.81116028162324 81.72207528846565 49.98684910086986
73.81119725989434 81.72206951525723 49.98685747284193
73.87085925449156 81.72271534265982 49.993521185375286
73.87086308230438 81.7227133346759 49.993523039369634
73.87086889488788 81.72271267965623 49.99352384078827
73.87087019290365 81.72271431144172 49.993522524085435
73.87087469762625 81.72271200238987 49.99352466049621
73.87088144037293 81.72271118539646 49.99352563823908
73.87088066631651 81.72271345706051 49.99352369400984
73.87088641266284 81.72271053363059 49.99352640071756
73.87089532752199 81.7227093414472 49.993527787646045
73.87089814281306 81.72270898137069 49.993528211829144
73.94397621206673 81.70022430930575 50.011810804248626
73.94397720328705 81.70022416161682 50.011810913324894
73.94397989526911 81.70022377779887 50.01181120998227
73.94402075945173 81.70021799222286 50.01181571423261
73.94402693279561 81.70021706927946 50.01181639348519
73.94404705685594 81.70021419732274 50.01181861109717
73.94406429558305 81.70021182572316 50.01182051293358
73.94407657832987 81.70020998285024 50.01182186424227
73.94412088584048 81.7002036547434 50.01182674667925
73.94412561430387 81.70020297917917 50.01182726772342
74.20511036407177 81.64220621808244 50.08795949338682
74.20529362852352 81.6421609912676 50.08802079254218
74.20563372726302 81.6420773032093 50.0881335542016
74.20579899724453 81.64203663372083 50.088188356640515
74.20614846867579 81.64195075752579 50.0883037413487
74.20631190932718 81.64191040665817 50.08835847639082
74.649604602238 81.52770409316699 50.223866111621945
74.64960561150927 81.52770395756562 50.22386588511963
74.6496068747935 81.52770456475315 50.223865415726124
74.64960823527277 81.52770357488596 50.22386530350688
74.64960990771293 81.5277033214262 50.22386493505573
74.64961092224205 81.5277031658186 50.2238647119911
74.64961230138604 81.5277037766545 50.223864211998816
74.64961364098416 81.52770272508495 50.22386411989993
74.64961574164748 81.52770236958362 50.22386366599504
74.64961639988232 81.52770225706975 50.223863524033405
74.64961916166519 81.52770175407338 50.22386293579632
74.64962161268107 81.52770151615739 50.22386236386885
74.64962192813043 81.52770122086487 50.22386235358648
74.64962289285641 81.5277010326853 50.2238621510929
74.6496247494682 81.52770066924028 50.22386176170434
74.64962753673105 81.52770007461275 50.223861188853604
74.64962992327438 81.52769991625912 50.22386061443163
74.6496303588906 81.52769946160727 50.22386061144664
74.64963254845128 81.52769897196302 50.22386016682862
74.64963320178165 81.52769882737195 50.22386003380007
74.64963606611684 81.52769817574548 50.223859454812654
74.64963891884909 81.52769749615847 50.223858885492
74.64964129547094 81.52769741248713 50.223858295747064
74.6496417999914 81.5276968039922 50.22385831189198
74.64964415666354 81.52769625165715 50.22385783939797
74.64964472045645 81.52769612508925 50.22385772502963
74.64964764821711 81.52769545148578 50.2238571350275
74.64965057078464 81.5276947864946 50.22385654429719
74.64965200018776 81.52769442211142 50.223856264741
74.64965345953541 81.5276941059594 50.223855965962215
74.6496563450928 81.52769350093897 50.223855370378914
74.6496566947385 81.52769340742068 50.22385530304634
74.64965917413359 81.52769295272338 50.22385477570481
74.64966055248429 81.52769258804871 50.223854509316745
74.64966174139514 81.52769271847802 50.22385417307421
74.64966056358955 81.5276926782793 50.22385448487891
74.64966091211244 81.5276928617433 50.22385435156364
74.64966265325431 81.52769253764843 50.22385398238602
73.90554873899282 80.93514987415675 49.6725874545675
73.90554630254515 80.93515211084346 49.67259073594647
73.88196711876911 80.9618727537654 49.70974242217704
73.88196712115024 80.96187270982082 49.70974236990816
73.88196711795639 80.96187279140344 49.70974246593755
73.90554770971885 80.93515081888891 49.67258884056194
73.88196711551238 80.96187290678618 49.70974260005035
73.88196711185356 80.96187302585115 49.70974273937648
73.88196710650313 80.96187310860874 49.70974283852182
73.8819671075664 80.96187314891097 49.70974288379239
73.88196710595129 80.96187318888761 49.70974293088925
73.88196710259152 80.9618732761295 49.70974303353441
73.88196709349386 80.96187336992026 49.70974314838871
73.88196709535988 80.9618734069847 49.70974318929309
73.88196708262143 80.96187348434121 49.70974328832049
73.88196709302207 80.96187344399186 49.709743233583495
73.88196708635007 80.96187354202408 49.70974335130241
73.88196706262073 80.96187351663939 49.709743341721534
73.88196707174934 80.96187363235995 49.709743466719374
73.88196708190043 80.96187360023417 49.70974342160276
73.88196707543247 80.96187368152886 49.709743519990695
73.8819670514342 80.96187367641215 49.70974353383626
73.88196706074906 80.96187379274627 49.70974365938366
73.8819670711338 80.96187373248188 49.709743581858206
73.8819670633147 80.96187382565259 49.70974369495284
73.88196703980996 80.96187382045083 49.70974370829579
73.88196704952647 80.96187395663232 49.709743856237424
73.88196706032143 80.96187386155715 49.70974373851899
73.88196705093328 80.96187397547429 49.70974387665524
73.88196703787605 80.9618741059989 49.70974403681856
73.8819670492714 80.96187399721582 49.709743902912464
73.88196703955144 80.96187413114481 49.70974406423352
73.88196702562583 80.96187423547755 49.709744195121736
73.8819670375574 80.96187416022296 49.70974409916342
73.8819670292028 80.96187429269983 49.70974425770084
73.8819670129834 80.96187436297257 49.70974435147578
73.88196702484673 80.96187436392115 49.70974434282144
73.88196701902443 80.96187445988116 49.70974445747013
73.88196699995078 80.96187449006023 49.70974450768378
73.8819670115384 80.96187459068787 49.70974461338217
73.88196700917165 80.96187463288149 49.709744663634524
73.88196699780255 80.96187478281072 49.70974484462889
73.88196699974078 80.96187481141364 49.70974487578606
73.88196698443079 80.96187492270467 49.70974501577775
73.88196699732576 80.96187485532216 49.709744928041474
73.88196698954283 80.96187499587164 49.70974509535216
73.8660250617735 80.97550665707672 49.72323575517045
73.8949181142405 80.98237626395257 49.73175225803881
73.86602559711537 80.9755063991004 49.7232355304332
73.86602299663019 80.97550786203334 49.7232367941224
73.86602379914186 80.97550746851309 49.72323645165379
73.86602385303006 80.97550744217128 49.72323642872515
73.86602167165863 80.97550871306288 49.72323752460798
73.86602367326665 80.97550754944874 49.72323652112202
73.86602197679697 80.9755085623345 49.72323739348913
73.86601947602243 80.97550999652385 49.72323863114876
73.86602097774458 80.9755091588585 49.72323790725531
73.86602005380925 80.97550971118615 49.72323838292955
73.86601718580016 80.97551133557045 49.72323978560044
73.86601811220973 80.9755108717589 49.72323938243982
73.86601812312341 80.9755108664461 49.723239377814295
73.86601582809297 80.97551220495836 49.723240531946615
73.86601808275675 80.97551089066161 49.72323939866562
73.86601619645648 80.97551202174114 49.72324037262854
73.86601347389208 80.97551357695491 49.72324171499417
73.88096416248058 81.01377736803437 49.762452596988076
73.88096483038782 81.01377958079345 49.762454812036765
73.88096427006442 81.01378225162182 49.762457368601005
73.88096728517449 81.01378652020568 49.762461789474514
73.8809615800781 81.01378212188185 49.76245701170824
73.88096846416549 81.01379009604224 49.76246537754496
73.8809695629196 81.01379341777903 49.762468710949676
73.88857514110268 81.05921212331955 49.80561527383452
73.88857803078072 81.05921556667207 49.805618798037635
73.88857252503293 81.05920975754405 49.80561270933305
73.88857921956675 81.0592172907975 49.8056205040519
73.88858097645044 81.05921982568536 49.80562301437227
73.88858226634974 81.05922211088924 49.80562521070188
73.88858435549822 81.05922459564299 49.80562775469058
73.88857954321203 81.05921966794871 49.80562255761845
73.88858519660467 81.05922582598134 49.805628970467325
73.88858747112333 81.05922911098104 49.80563222311807
73.8885895180489 81.05923232931086 49.80563536856822
73.88859130857094 81.05923445948247 49.8056375494086
73.88858612259365 81.0592291030222 49.80563191035462
73.88859243611553 81.0592360336507 49.805639116610436
73.88859529843288 81.0592400117452 49.805643080026165
73.88625197965547 81.10408147341928 49.84247569178869
73.88625368837819 81.10408076224581 49.84247548658554
73.8862494671676 81.10408252150427 49.84247599548533
73.88624825844458 81.10408302525475 49.84247614120253
73.88623934209076 81.10408673941936 49.84247721459276
73.88624300153532 81.10408521625803 49.84247677504685
73.75081697220138 81.12691126860693 49.839203339006424
73.88623756702039 81.10408748125668 49.84247743028253
73.6275215254663 81.14098680501883 49.830392826871545
73.7508093762749 81.12691247591354 49.83920310455785
73.75078631927137 81.12691558143459 49.83920207287652
73.62751819518964 81.14098720543723 49.83039269842003
73.62756290821531 81.14098431761138 49.83039690151277
73.62751417637443 81.14098764740513 49.830392502336025
73.6275293525739 81.14098666621932 49.83039392790694
73.51990538341414 81.14843627093862 49.81793810885557
73.62751178173043 81.1409879005598 49.83039237534242
73.62749680208142 81.14098895329366 49.83039105215804
73.51990533634877 81.14843645351587 49.81793832334118
73.56188749281372 81.1524286491447 49.82661246123759
73.56188034214122 81.15242785215462 49.826611503044106
73.56188618816098 81.1524286827779 49.82661244748519
73.56188157847924 81.1524282562807 49.82661190830622
73.56188462868883 81.15242868844825 49.826612399981336
73.51990463522283 81.14843712900569 49.81793880935581
73.5618827533575 81.15242861182251 49.82661226778808
73.56188223343453 81.15242858880448 49.8266122295424
73.51990455490632 81.14843733739909 49.81793903864917
73.5618797626236 81.15242848492825 49.82661205274718
73.51990446652279 81.14843755072776 49.81793926977525
73.5199046573526 81.14843751025703 49.817939327502174
73.51990437295449 81.14843776615842 49.8179395006613
73.51990439356359 81.14843776159798 49.817939506644265
73.51990369312375 81.14843811357954 49.81793956434757
73.51990436172414 81.14843779138502 49.817939527538016
73.51990411762444 81.14843801992356 49.8179396879521
73.51990358951925 81.14843833623053 49.81793979894535
73.51990387954382 81.14843827063034 49.81793988125585
73.51990348109558 81.14843856141394 49.817940034086845
73.51990365585654 81.14843852046394 49.817940081801716
73.51990336619448 81.14843878988941 49.81794026981111
73.51990341746512 81.14843877746685 49.81794028326769
73.51990330819866 81.14843890411679 49.81794038734131
73.51990319781724 81.14843903222413 49.817940492695584
73.51990247470408 81.1484394188981 49.817940583142146
73.51990293770254 81.14843930095836 49.817940697031275
73.51990233437131 81.14843966252229 49.817940824100766
73.51990267517093 81.14843957251551 49.81794090369749
73.51990218866253 81.14843990791874 49.81794106427081
73.51990240218137 81.14843984972426 49.81794111175047
73.51990203901123 81.14844015424747 49.817941303375655
73.51990211263303 81.14844013363063 49.81794131901624
73.51990115443076 81.14844060796958 49.81794138845001
73.51990196213256 81.14844027808616 49.81794142262363
73.51990180949535 81.14844042312043 49.81794152575111
73.51990098701691 81.1484408643644 49.81794163052904
73.5199015142067 81.14844071225343 49.81794173659341
73.5199008148141 81.1484411215835 49.81794187090584
73.51990119261556 81.14844100978098 49.817941943211366
73.51990063822215 81.148441378016 49.81794210767901
73.51990086169558 81.14844131042781 49.81794214851915
73.51990045705814 81.14844163279749 49.81794233959615
73.51990048388956 81.14844162436076 49.8179423440733
73.52304591785932 81.2117595830734 49.84452678711271
73.52304798193695 81.21173271025982 49.84451674861002
73.52304504336635 81.21177411403359 49.844532041991066
73.52304215716654 81.2118131445814 49.84454654199346
73.52304152451975 81.21182376294892 49.84455037737273
73.52303833501176 81.21186767037332 49.84456664805085
73.52303793618061 81.21187444389403 49.844569091265036
73.47777724557241 81.28074591562012 49.86042232157532
73.4777806378187 81.28074602529404 49.860423273493396
73.47775957171403 81.2807971495765 49.8604359126747
73.4777605366436 81.28079706694899 49.860436142690546
73.47775216597975 81.28081854294146 49.8604415808636
73.47774038713948 81.28084878440119 49.86044924087737
73.44923303385019 81.3439687644009 49.87309316540202
73.44921878401104 81.34396957541799 49.87308950054373
73.44923142774732 81.34396886110045 49.87309278816277
73.44921874286739 81.343969583601 49.87308952952709
73.4492299516453 81.34396895034227 49.873092443959315
73.44921872075619 81.34396959031193 49.87308956077132
73.44922810226473 81.34396906034974 49.87309200050825
73.44921859372207 81.34396960285218 49.87308956406734
73.4492259760406 81.34396918568083 49.873091482926256
73.44921839150871 81.34396961948305 49.87308954675377
73.44922405176048 81.34396929948304 49.87309101704157
73.44921823556578 81.34396963297361 49.8730895379073
73.4492215092174 81.34396944774267 49.87309038720059
73.44921805156444 81.34396964771256 49.873089519483855
73.4492191372643 81.34396958618953 49.873089800530266
73.44921797916867 81.3439696537483 49.87308951383821
73.44921680443167 81.34396972218569 49.87308922240233
73.4492154657582 81.34396980215436 49.87308890371192
73.43484619734188 81.42314681907624 49.886515634879956
73.43241112462877 81.50864895104453 49.901824414852264
73.43483610803243 81.42318723842041 49.886520576176885
73.43241206054613 81.50864703685917 49.90182429997406
73.43236477169809 81.50874428057678 49.901830198224815
73.4323681663999 81.50873732997513 49.90182978019284
73.3920362483542 81.59733823036034 49.9076278238543
73.39203625340897 81.59733827435716 49.90762783086328
73.39203619891022 81.59733905566814 49.9076279444528
73.39203620626577 81.59733909700145 49.90762795123403
73.38176015928963 81.6054648597443 49.907230788851635
73.38176073109494 81.60546409507869 49.90723076716401
73.38185398322022 81.61365080254683 49.90847090476262
73.38185474169089 81.6136501492129 49.90847092912226
73.38185281341413 81.61365185722495 49.908470871545624
73.38185370863249 81.61365108520302 49.908470900214226
73.38185161533062 81.61365293686087 49.90847083747599
73.38185272813011 81.61365197616325 49.90847087301643
73.38185181352566 81.61365281039582 49.90847084793836
73.38185068617572 81.61365382887249 49.90847081611913
73.38185162780347 81.61365298087837 49.908470842945995
73.38185099441283 81.6136535622147 49.90847082591249
73.381849439915 81.61365495117533 49.908470780610315
73.38185018858222 81.61365430281805 49.90847080433406
73.38184816640475 81.61365609806938 49.90847074432991
73.38184937567641 81.61365504976179 49.90847078255118
73.38184851951863 81.61365583444027 49.90847075942344
73.38184876338111 81.6136556147425 49.90847076636325
73.38184861339418 81.61365575297106 49.908470762382294
73.38184725722145 81.61365697191812 49.908470723525625
73.38184781306984 81.6136564890821 49.908470741003924
73.38184597664328 81.6136581260089 49.908470687120854
73.38184701649902 81.61365722197249 49.908470719747264
73.38184467505691 81.61365929900128 49.90847065011593
73.38184628122048 81.61365790164115 49.90847070041973
73.38184509633845 81.61365897283625 49.9084706670454
73.38184616932848 81.61365800571771 49.90847069753845
73.53127176319929 81.65010413808952 49.93901160731939
73.47105682042101 81.66049488297577 49.922284727294
73.6193084190693 81.69614224135854 49.95262780072429
73.55903730207598 81.70769046214089 49.93562575990282
73.7175724239577 81.7352152684785 49.96636988185088
73.71757375476045 81.73521502408705 49.96637025487674
73.71757476890522 81.73521484031806 49.96637053858322
73.71755860845767 81.73521780609707 49.96636600923113
73.71758438049918 81.73521310026051 49.96637322705456
73.71754482491454 81.73522033829568 49.9663621454673
73.71759269965939 81.73521159635732 49.96637555352474
73.71753051480599 81.73522296696036 49.96635813415935
73.71759551055852 81.73521109835775 49.96637633730052
73.71759887694645 81.73521047982058 49.96637728097775
73.71760096894155 81.73521010163076 49.96637786601019
73.71758144513032 81.73521368226564 49.96637239453675
73.71760985321139 81.73520849463762 49.966380350725515
73.71756643323349 81.73521643935744 49.96636818661867
73.71761978182491 81.73520669694572 49.96638312792563
73.71761603296554 81.73520739718676 49.96638207444351
73.71762548629505 81.73520566130664 49.96638472419117
73.7176345757769 81.73520401080258 49.96638726774745
73.7176000478823 81.73521033238106 49.96637759387937
73.71765184705173 81.73520087222718 49.966392101398
73.71764747413897 81.73520168684226 49.96639087304458
73.71765870155454 81.73519962535327 49.96639402002845
73.71767444145542 81.73519676161852 49.96639842587908
73.71763141565361 81.73520463587579 49.966386371824285
73.71769291462896 81.73519340368844 49.966403596114375
73.71769510395043 81.73519300159421 49.96640420979391
73.71769847360999 81.73519238839067 49.96640515304373
73.71767732253426 81.73519626753051 49.96639922552038
73.71772071508835 81.73518834200816 49.96641137873203
73.71772158911087 81.73518819843437 49.96641161988548
73.81105413444186 81.72209162109826 49.98682543740881
73.81108441255103 81.7220869107285 49.9868322666304
73.71770598403504 81.73519106492698 49.96640724559244
73.8111213896531 81.72208118311956 49.9868405684616
73.81112673559043 81.72208032555666 49.98684181407691
73.8111374607285 81.72207865790512 49.986844231807
73.81109506715407 81.72208541124363 49.98683442660152
73.81118740011078 81.72207090336464 49.98685547325999
73.81117583131561 81.72207280309375 49.98685271011188
73.81119825210041 81.72206921449147 49.98685792188973
73.87086837158493 81.72270904063262 49.99352687931865
73.8708670589994 81.72271126152977 49.993524954591585
73.87087178552436 81.72270877847825 49.99352724692365
73.87087786185332 81.72270832156798 49.99352789305965
73.87087839912371 81.72271006665765 49.99352644827166
73.8708825284601 81.72270790588371 49.99352844378086
73.87088852046358 81.72270729786955 49.993529213389465
73.87088935367873 81.722708996503 49.99352782042999
73.87089349385961 81.72270680516812 49.99352984211366
73.87089989473336 81.72270609409145 49.99353071603221
73.87089981371442 81.72270809006882 49.993529033564
73.94394433476276 81.70022874281084 50.011807288614946
73.94397911852651 81.70022378793198 50.01181112190936
73.94399276787637 81.70022184280474 50.01181262609644
73.9440407323197 81.70021500748513 50.011817911877756
73.94404147949967 81.70021489583159 50.01181799409123
73.9440441874805 81.70021450952125 50.011818292506476
73.94408373374483 81.70020891007842 50.01182265147813
73.94408983660577 81.70020799468733 50.01182332290202
73.94411485178622 81.70020442287091 50.01182607945584
73.94412664929666 81.70020282346505 50.011827381579536
74.1320999675434 81.6525476344622 50.07989881170634
74.20554781218206 81.64209826405192 50.08810580752956
74.20558349896926 81.64208945733054 50.088117743302504
74.20565549028754 81.64207174254832 50.08814161196641
74.20587590374382 81.64201765168636 50.08821409178525
74.20607415701096 81.64196871920103 50.088280431787055
74.41037542546799 81.59212905036517 50.152571450316955
74.64960461977229 81.52770305690171 50.22386635506008
74.64960621375813 81.52770348246 50.22386584427589
74.64960716916515 81.52770273475731 50.22386577804476
74.64960869800828 81.52770253223501 50.22386543424865
74.64960978620934 81.52770238435176 50.223865190434076
74.64961150536183 81.52770269758477 50.22386467441112
74.64961240077443 81.52770198895175 50.22386461422481
74.64961392770813 81.52770175123362 50.223864279339566
74.64961506875193 81.52770156915214 50.2238640301495
74.64961670014978 81.5277019962372 50.2238635094013
74.64961773730087 81.52770110997264 50.22386345534963
74.64962007155522 81.52770069816275 50.22386295498526
74.6496204522824 81.52770062923571 50.22386287379448
74.64962316382625 81.52770011509136 50.223862301114394
74.64962531618119 81.52770011472903 50.223861748976546
74.64962588784792 81.52769956789751 50.22386173314031
74.64962782652978 81.52769917646279 50.22386132939204
74.6496286631805 81.52769900937064 50.223861154713056
74.64963142374017 81.52769841369175 50.22386058896505
74.6496333368716 81.52769867998562 50.22386003440403
74.64963419599131 81.52769779231565 50.22386002636572
74.64963676116591 81.5276974083586 50.22385946009061
74.64963699373968 81.52769715573558 50.22385946086231
74.64963814408647 81.52769689261109 50.223859228675764
74.64963981698054 81.52769651582162 50.22385888961602
74.64964266091991 81.52769586671369 50.22385831525891
74.64964496874745 81.52769583924952 50.22385772971624
74.64964552247841 81.52769522338207 50.22385773499927
74.64964672919571 81.5276949446768 50.223857492077755
74.64964839655346 81.52769460061826 50.22385714660726
74.64965127823237 81.52769402284527 50.2238565454998
74.64965147647759 81.5276939738551 50.22385650635789
74.64965415343914 81.52769352089328 50.22385592791196
74.6496566105773 81.52769313521532 50.22385538976724
74.64965551313992 81.5276931577734 50.22385566593687
74.64965691626418 81.52769291013634 50.2238553651903
74.64965940251197 81.52769262966433 50.223854794405426
74.64965829303085 81.52769266301678 50.22385507108244
74.64965942136932 81.52769271860119 50.22385476828822
74.64965831918859 81.5276927507251 50.22385504338611
73.88196711808808 80.96187281511091 49.70974249297302
73.88196711478906 80.96187298968323 49.70974269555623
73.88196711408166 80.96187313274052 49.70974285992884
73.88196711409165 80.96187319424644 49.70974293034112
73.8819671140507 80.96187304975253 49.70974276493813
73.88196711166533 80.96187331935099 49.70974307557027
73.88196710470329 80.96187334842327 49.70974311457242
73.88196710848605 80.96187344842417 49.70974322596146
73.88196710266537 80.96187355038776 49.709743347482586
73.88196710433414 80.96187358157053 49.70974338181479
73.88196709167038 80.96187361909008 49.70974343516997
73.88196710187144 80.96187363668807 49.709743446942966
73.88196709821557 80.96187371859656 49.70974354372481
73.8819670808305 80.96187374814143 49.70974359182593
73.88196708996924 80.96187385163014 49.70974370281074
73.88196708945945 80.96187385962611 49.70974371238418
73.88196706998446 80.96187390533737 49.70974378071076
73.88196707916977 80.96187399818602 49.70974387947512
73.88196707864371 80.96187400485573 49.70974388754347
73.88196705896738 80.96187407130272 49.709743979776476
73.88196706851217 80.96187413074534 49.70974403999784
73.88196706649092 80.9618741553708 49.70974406985201
73.88196704766678 80.96187423485654 49.709744176313926
73.88196705782674 80.96187425925791 49.70974419591013
73.88196705385229 80.96187431121507 49.70974425866109
73.88196703595824 80.96187438720723 49.7097443603594
73.8819670465249 80.9618744142212 49.70974438261294
73.88196704255796 80.96187447298092 49.70974445314627
73.88196702368822 80.96187452391949 49.70974452696086
73.88196703438464 80.96187460701549 49.709744613318314
73.88196703243636 80.96187464062346 49.709744653397024
73.8819670110322 80.96187465932744 49.70974469238587
73.8949194466401 80.98237783607809 49.73175386939019
73.89491970458228 80.98237814295399 49.73175418287525
73.89491930571614 80.98237767318597 49.731753701028296
73.89491976720929 80.98237821819743 49.73175425943648
73.89492010159495 80.98237862001545 49.73175466826355
73.89491916708076 80.98237751337177 49.73175353566444
73.89492028193794 80.9823788369214 49.731754888873624
73.89492047627192 80.98237907095192 49.7317551267798
73.89491898225646 80.98237729879692 49.73175331428206
73.89492074055416 80.98237938925021 49.73175545033658
73.8949208578037 80.98237953036435 49.731755593822584
73.89492122716 80.98237997520752 49.7317560460169
73.89492133278408 80.98238010089933 49.731756174403365
73.86602243669113 80.97550834522035 49.72323720411828
73.89492135955471 80.98238013306172 49.73175620712956
73.89492184357852 80.98238071424196 49.73175679863169
73.86602031786879 80.97550958300977 49.7232382713157
73.87886158689088 80.989823460693 49.738255828086366
73.87886077611319 80.98982388163864 49.738256172871345
73.88097071467969 81.013780938003 49.76245663950158
73.88097134009172 81.01378182566856 49.76245755870012
73.88096882423442 81.01378164423446 49.762457166308565
73.88097152777503 81.01378244907605 49.762458182710844
73.88097329176199 81.01378797671238 49.762463724245876
73.88096695497772 81.01378257896346 49.76245791775743
73.89506770394476 81.03118117254145 49.77997525658924
73.89316111529509 81.03189517526474 49.78044138840902
73.8931589819262 81.03189518737747 49.78044129775634
73.89316219792332 81.03189817476046 49.78044447854276
73.89315530721552 81.03189386561516 49.780439781789056
73.88858502139072 81.05922287528315 49.80562647284941
73.88858632627283 81.05922474804972 49.805628329032544
73.88858717833729 81.05922646663082 49.80562995398829
73.88858941312971 81.05922912834174 49.80563267844003
73.88858505198864 81.05922468133812 49.80562798418451
73.88859036017598 81.05923049664742 49.805634033189094
73.88859241810006 81.05923345123855 49.80563696144974
73.88859455626351 81.05923672948126 49.80564017751768
73.8885959317586 81.05923836783158 49.80564185446927
73.88859255810668 81.05923516064425 49.80563841711615
73.88859655784239 81.05923926634873 49.80564274503605
73.88859914869683 81.0592429920679 49.80564643660514
73.88860225604114 81.05924746633428 49.80565086894134
73.88860302754483 81.05924838267528 49.80565180736707
73.88859943908086 81.05924492668333 49.80564811400209
73.88860354399935 81.05924910070335 49.80565252270465
73.88626408810352 81.10407643079978 49.842474235137914
73.88625771644001 81.1040790856844 49.842475002787594
73.88625900622779 81.10407854884185 49.84247484786974
73.88624876223673 81.10408281556415 49.842476080691945
73.88625598985432 81.10407980595832 49.842475211511726
73.88625360115503 81.10408080149506 49.84247549949406
73.88624557168528 81.10408414648234 49.84247646633192
73.88624867272674 81.10408285572223 49.84247609383959
73.88624233115323 81.10408549822898 49.84247685799599
73.88624359142091 81.10408497365022 49.84247670660466
73.75080462546035 81.12691323108777 49.83920295796583
73.88624044251688 81.10408628603915 49.84247708625577
73.88623796912027 81.10408731686947 49.84247738444456
73.75079163936661 81.12691527057508 49.83920254310542
73.88623241499668 81.10408963174088 49.84247805411972
73.75077807860183 81.1269173830926 49.83920210002961
73.75080516903355 81.12691389955928 49.83920340675646
73.62750971883742 81.14098811758501 49.830392264888815
73.62760572465723 81.14098185812779 49.83040123096844
73.62759699770322 81.14098247170617 49.830400460365844
73.62750486337 81.14098861360364 49.83039199017307
73.62756903142818 81.14098446038766 49.83039801323196
73.62749953539476 81.14098914104838 49.8303916719461
73.62754303570732 81.14098632446309 49.830395753986394
73.5618951519914 81.15243017900224 49.82661409588168
73.62751432905486 81.14098837066996 49.83039324692518
73.56188307640794 81.15242870800463 49.826612365212114
73.56189622617698 81.152430484945 49.82661440734694
73.56189536624926 81.15243044602269 49.82661434332435
73.56188468678491 81.15242918060004 49.82661284468745
73.56189285717599 81.15243033399653 49.82661415790666
73.56188646325755 81.15242968247317 49.82661335610425
73.56189009865251 81.15243019423632 49.82661393912443
73.56188786614746 81.15243007075352 49.82661375272954
73.561887130674 81.15243003144047 49.8266136925536
73.51990427143353 81.14843798580512 49.81793973249365
73.56188456818528 81.15242992855335 49.82661351355564
73.5199041694036 81.14843820458705 49.81793996288302
73.56188245337295 81.15242989069033 49.82661340815555
73.5618785784698 81.15242961111925 49.82661302593924
73.56188057992884 81.1524298903615 49.82661334466367
73.56187957512603 81.15242991136391 49.82661332966315
73.56187891106386 81.15242992254232 49.82661331731889
73.51990324855642 81.14843901951569 49.81794050546322
73.56187786784669 81.15243004352996 49.82661339097063
73.51990312302827 81.14843925263143 49.817940741135324
73.56187687425184 81.1524301761506 49.82661347676143
73.51990299266697 81.1484394870935 49.81794097577118
73.51990326519275 81.1484394126154 49.81794103610531
73.51990285903298 81.14843972324564 49.817941210736954
73.51990303295791 81.14843967434436 49.81794124742696
73.51990272017423 81.14843996132089 49.81794144520228
73.51990278969598 81.14843994126912 49.817941459199126
73.51990188445961 81.14844040163365 49.81794154102225
73.51990264723278 81.14844008133473 49.81794156167919
73.51990250253361 81.14844022199243 49.81794166363906
73.51990172591691 81.14844065012639 49.81794177780629
73.5199022068032 81.14844050658459 49.817941868206105
73.51990156143376 81.14844089893694 49.817942011544886
73.51990190133085 81.14844079508842 49.817942072271926
73.51990139209748 81.14844114674563 49.81794224112381
73.51990156853996 81.14844109138778 49.81794227072669
73.52304815652344 81.21173265861357 49.84451660697573
73.52304751317074 81.21174170668472 49.8445199499226
73.52304482650494 81.21177771872156 49.84453334551329
73.52304413002508 81.21178937686241 49.84453755781126
73.52304109034411 81.21183105611178 49.844553011426385
73.52304066871862 81.2118381692728 49.84455557915395
73.5230373003784 81.21188526488636 49.844572993438945
73.5230371481027 81.21188786239108 49.8445739298821
73.4777983852832 81.28072945603941 49.86042211506637
73.47779112400224 81.28074715738111 49.86042650006496
73.47777121031729 81.28079724382124 49.86043907765722
73.47774176625681 81.28084856039983 49.86044953170209
73.47775297012421 81.28084649004039 49.86045180461406
73.44923637381085 81.34396857556405 49.873094032887195
73.51707668409765 81.34760423716041 49.88837845087292
73.44923643110518 81.34396857834525 49.87309408854669
73.51707623929352 81.34760428021187 49.88837833106907
73.4492364257035 81.34396858452358 49.87309412692234
73.51707723145324 81.3476043742892 49.888378493943534
73.44923639078614 81.34396859208258 49.87309415568053
73.51707550790054 81.34760439096647 49.888378112137346
73.44923632336815 81.34396860116858 49.87309417389406
73.51707285284157 81.34760438532618 49.888377541179665
73.44923624090006 81.34396861072038 49.873094185590176
73.51706777476751 81.3476043115613 49.88837648373422
73.44923614059113 81.34396862087111 49.87309418987695
73.51706064919559 81.34760418119748 49.88837501466532
73.44923600309433 81.34396863277716 49.873094182153174
73.4492361905744 81.34396862216474 49.87309423076216
73.44921784950265 81.34396966309158 49.8730894937889
73.56176007821173 81.37467056668088 49.907139396082684
73.56177638871526 81.3746761262415 49.90714409723965
73.44921739843377 81.3439696928773 49.87308940564212
73.56180974462714 81.37468620911137 49.907153582260975
73.43484734276127 81.42314632382501 49.88651583905149
73.62307471873156 81.44318127207904 49.93244610931846
73.496100159688 81.49169331237074 49.91181386257348
73.49608596784579 81.49176713501303 49.91182263931453
73.49609880862378 81.49170703492268 49.911815751915995
73.49609290474409 81.49176621517647 49.91182388446914
73.45443302642458 81.5795488569753 49.91739728386091
73.45444973124586 81.57954534145632 49.91740006400486
73.45442067098998 81.57955197150275 49.91739531592563
73.45444529963521 81.57954678240984 49.917399413780466
73.3920361686287 81.5973399680368 49.90762807961141
73.4544383711767 81.57954875951364 49.91739834984792
73.3818553524543 81.61364962298772 49.90847094872656
73.45452387219706 81.58773482858089 49.91863678782002
73.38185422715253 81.61365063796134 49.90847091681212
73.4442357085104 81.59586285597264 49.91823755514707
73.38185307774354 81.613651674284 49.90847088417748
73.38185415610378 81.61365074319568 49.90847091860663
73.38185190207344 81.61365273386481 49.908470850758405
73.38185324502109 81.61365157316942 49.90847089352826
73.38185216809684 81.61365254675663 49.90847086319397
73.38185306638225 81.61365173723227 49.90847088873393
73.38185245126917 81.61365230176243 49.9084708721891
73.38185098730247 81.61365361109405 49.908470829642035
73.38185160172766 81.61365307895338 49.90847084910831
73.3818497729192 81.61365470536691 49.90847079510414
73.38185077735993 81.61365383449768 49.90847082683949
73.38184998275838 81.61365456433799 49.908470805520764
73.38184889599711 81.61365554814377 49.90847077503209
73.38184978611599 81.6136547458517 49.90847080032809
73.38184924358772 81.61365524609619 49.908470785951295
73.38184765812349 81.61365666396307 49.908470739861244
73.53127759843507 81.65010308466758 49.93901240618354
73.38184638646656 81.61365781004632 49.90847070371309
73.61931638696811 81.6961306830939 49.95263248099194
73.61938335214182 81.69614990732411 49.95264362675741
73.61935942183624 81.69614059204294 49.9526402361642
73.7176193426971 81.73520667328124 49.96638302846821
73.71758670544843 81.7352126462656 49.96637388486617
73.7176295925806 81.73520481600184 49.96638589585416
73.71763561459214 81.73520373075203 49.96638757915528
73.71763908150787 81.7352030941445 49.966388550922055
73.71764225497323 81.73520251832701 49.96638943887106
73.7176223777893 81.73520616225835 49.96638386870871
73.71765122165841 81.73520089564838 49.966391946812266
73.7176089783911 81.73520862388455 49.966380112627405
73.71766008674338 81.73519929164972 49.96639442626981
73.71765797266185 81.73519969253823 49.96639383082299
73.71766447225235 81.73519849828057 49.96639565281664
73.71766907196597 81.73519766577586 49.9663969393597
73.71764486296063 81.73520210150343 49.96639015582193
73.7176774865188 81.73519614414055 49.96639929261704
73.71763125296681 81.73520460212609 49.96638634063738
73.71768710337827 81.7351944029567 49.96640198260043
73.71767818923827 81.7351960460201 49.966399482583455
73.71768980820985 81.73519391163477 49.966402739545345
73.71770277768132 81.73519155564007 49.96640636907349
73.71766361469 81.73519872311913 49.966395397181664
73.71771947885844 81.7351885207446 49.966411043154594
73.71770842366497 81.73519055527824 49.9664079433864
73.71772170822946 81.73518811521365 49.966411667172416
73.81101505062772 81.72091655250188 49.987081972848
73.8110397527674 81.72091304704989 49.987087447230024
73.81104712953376 81.72091197487788 49.98708912820585
73.8110611319361 81.72090997699374 49.98709225106791
73.81106521808181 81.72208984994131 49.98682800943877
73.81115582540022 81.72207562452235 49.98684864533678
73.81114819228395 81.7220768961071 49.986846794297364
73.81116762976805 81.72207378994044 49.98685130500138
73.81120319736584 81.72206826460842 49.98685931507423
73.81122913819817 81.72206427256636 49.9868650989787
73.81123643211042 81.72206310641388 49.98686679248728
73.81124988205805 81.72206101982324 49.98686981716658
73.81120339093204 81.72206839417714 49.98685911305488
73.87087953609606 81.72270425507088 49.993531385851306
73.8708744500613 81.72270740544471 49.993528516691555
73.87088044146424 81.72270423920709 49.993531438202396
73.87088704569453 81.72270403427186 49.993531895125955
73.87088591030808 81.72270614555227 49.99353007024081
73.87089029619678 81.72270382982582 49.99353220714633
73.8708962352635 81.72270336492126 49.993532854093175
73.87089679418946 81.7227050458801 49.99353146418382
73.87090071369803 81.72270295372115 49.99353339293519
73.94394107972865 81.70022909622466 50.011806927185674
73.94395150741185 81.70022767730579 50.01180807798928
73.94396183790795 81.7002261423036 50.01180921488563
73.94399142264135 81.70022192994598 50.0118124752759
73.94399695415213 81.7002212193901 50.011813086772406
73.9440088596252 81.70021944588258 50.011814396888596
73.94404725590391 81.70021397341044 50.011818628221235
73.94405584009513 81.70021274936083 50.011819574198896
73.94410043119957 81.70020640610043 50.01182448851007
73.94410313281591 81.70020600091851 50.011824785737275
74.13197877124009 81.6525748015105 50.079863156674904
74.13225239991824 81.65251238214657 50.079945042864225
74.13247604199677 81.65246066051952 50.08001287244009
74.20572873951386 81.6420535175988 50.088166720124086
74.20586423739651 81.64202017749632 50.088211637645315
74.20627605329746 81.64191888762205 50.088347990541166
74.20633928686887 81.64190328054906 50.088369149449164
74.40603160078427 81.58505496270165 50.15537227868653
74.64960490232647 81.52770283117454 50.22386633657335
74.64960617801317 81.5277018078047 50.22386625412498
74.64960833365672 81.5277015597948 50.22386576039554
74.64960870299603 81.52770151643203 50.22386567601002
74.64961039552225 81.52770188799843 50.223865152861634
74.64961126033833 81.52770118489276 50.22386509920295
74.64961291207692 81.52770094979593 50.223864731669636
74.64961383540613 81.52770081364854 50.2238645273479
74.64961556802156 81.52770113628354 50.223864005621266
74.64961642640054 81.52770040508553 50.22386396033549
74.64961842731597 81.527700074182 50.22386352613742
74.6496190527796 81.52769996911043 50.22386339080316
74.64962057826435 81.52770051146297 50.22386286964989
74.64962168196564 81.52769949490566 50.22386282969745
74.64962411544121 81.52769921937329 50.223862271270356
74.6496243464448 81.52769900213976 50.22386226397763
74.64962506023443 81.52769886910276 50.22386211267279
74.64962705524107 81.52769849166314 50.22386169112495
74.64962892076363 81.52769875589995 50.22386114927098
74.64962976275591 81.52769794798996 50.22386112654364
74.64963233244224 81.5276975078565 50.22386057255173
74.64963247057358 81.52769737258821 50.22386056947599
74.64963299282286 81.52769726096301 50.22386046219121
74.64963522037998 81.52769679228211 50.223860002808834
74.6496379630861 81.52769618014841 50.223859445578455
74.64964026383079 81.52769603299429 50.22385889049002
74.6496407192053 81.52769555882671 50.22385888710503
74.64964211232275 81.52769524726516 50.22385860422045
74.64964352869977 81.5276949636575 50.22385830867998
74.64964640282284 81.52769444611671 50.22385769509998
74.64964657454611 81.5276944061476 50.22385766060435
74.64964928718794 81.5276939857804 50.223857065205436
74.64965162133241 81.52769364449505 50.22385654799555
74.64965062472866 81.52769363663707 50.22385680557187
74.64965204174652 81.52769340667137 50.2238564970326
74.64965445844183 81.5276931708515 50.22385593340917
74.64965343596948 81.52769317627738 50.22385619444425
74.64965462429664 81.5276931823863 50.22385588809637
74.64965348735407 81.52769326524697 50.223856159973764
74.64965720279426 81.52769264402704 50.22385535534531
74.64965573938045 81.52769301483052 50.223855642091394
74.64965808801918 81.52769243983775 50.223855177079585
73.88196711444837 80.96187324923349 49.70974299300501
73.88196711751462 80.96187339887499 49.70974316181775
73.88196711640275 80.96187346919622 49.70974324324415
73.88196711482232 80.96187332610552 49.709743080711725
73.88196712013483 80.96187342342306 49.709743187772446
73.88196712025368 80.96187348737631 49.7097432608974
73.88196711415486 80.96187361060444 49.70974340699348
73.88196711446938 80.9618736159853 49.709743412895996
73.9123985933119 80.98219779068125 49.73038383041661
73.91239875340172 80.98219791973003 49.73038396187612
73.88196710075981 80.96187376814332 49.70974359836385
73.9123990318261 80.98219814902791 49.730384197059195
73.91240169354006 80.98220033889761 49.73038644242486
73.88196708987883 80.96187386636446 49.709743719754854
73.91240072241187 80.98219962451127 49.73038573725235
73.92535579598896 81.00270560727503 49.752397865692416
73.88196707910114 80.96187401090351 49.70974389409223
73.91251432513869 80.98839004259756 49.73737882833093
73.92535568574912 81.00270559465355 49.75239785635118
73.92535533834781 81.0027055033267 49.75239777360445
73.8819670682702 80.9618741773539 49.70974409356044
73.89492099594595 80.9823796598836 49.73175574046574
73.92535479445718 81.0027052015552 49.752397479854125
73.92535391777228 81.00270471263495 49.75239700377779
73.88196705730265 80.9618743533413 49.709744304060095
73.89492123814449 80.98237995291257 49.73175603779582
73.92535338339854 81.00270440133123 49.752396699850046
73.89492166849283 80.9823804648168 49.73175656075972
73.88196704589366 80.96187451445141 49.70974449788865
73.89492142009523 80.98238017427006 49.73175626190846
73.89492168423325 80.9823804846404 49.73175658055875
73.8949217852327 80.98238060860626 49.73175670562806
73.89491958971068 80.98237800188394 49.73175404058048
73.89492148440459 80.98238025544745 49.731756342913
73.89492182986865 80.98238066269337 49.73175676047532
73.89492205519122 80.98238093439524 49.7317570365333
73.8949214550321 80.98238022506126 49.7317563099963
73.89492219417446 80.98238110140126 49.73175720645435
73.89492244870272 80.98238140699422 49.73175751748528
73.89492138940528 80.98238015174512 49.73175623314189
73.89492272417029 80.98238173775992 49.73175785412363
73.90585420511762 80.9974087722618 49.74724047952859
73.89492137671618 80.98238014195758 49.73175622095868
73.90585465984626 80.99740941219596 49.747241117316676
73.90585469383376 80.9974094606295 49.74724116554418
73.89492137632483 80.98238014719306 49.73175622396059
73.90585497415856 80.99740987099028 49.74724157338232
73.90585519075378 80.99741016139373 49.74724186385321
73.90585516028437 80.99741015728647 49.747241856957515
73.90585523839974 80.9974102294565 49.74724193161466
73.90585563624121 80.9974107956365 49.747242495440425
73.9058552189648 80.9974102719733 49.74724196893925
73.90585576866935 80.99741098267577 49.747242681803684
73.90585617790083 80.99741155874104 49.74724325592558
73.90585509233136 80.99741013673005 49.74724183104419
73.9098756099248 81.02065704854772 49.770980269621525
73.92206450881491 81.0387645733539 49.78895821563633
73.92206487084337 81.0387674987377 49.78896118425837
73.92206491879976 81.03876785866362 49.78896154994639
73.8950727329754 81.031183794508 49.7799781726994
73.92206498272323 81.03876837091752 49.78896206984025
73.92206534513967 81.0387712706543 49.788965012897606
73.89506919877067 81.03118310194249 49.779977279462734
73.92206571818076 81.03877425962048 49.788968046449114
73.92206578312877 81.03877478001958 49.78896857461068
73.89316916769262 81.03190464581115 49.78045136869925
73.8885946054558 81.05923391681922 49.805637845822844
73.88858931846903 81.05922831420213 49.805631978797216
73.88859618557544 81.05923618394827 49.80564009298052
73.88859740164094 81.05923794184156 49.80564183331516
73.88859878445675 81.05924029781693 49.805644109688544
73.88860038351623 81.05924220437664 49.805646060802495
73.88859705949866 81.05923898272285 49.80564262266688
73.8886010468322 81.05924316250326 49.80564700947434
73.88860338227 81.0592465179004 49.805650334593466
73.8886063919391 81.05925080647806 49.80565459008304
73.88860660569317 81.05925111025361 49.80565489164383
73.88860478843394 81.05924969934519 49.805653303858165
73.888610280273 81.05925623685226 49.805659996122955
73.88861389242906 81.05926124416959 49.80566498707332
73.88861419163614 81.05926165879646 49.805665400368866
73.88626621227027 81.10407554667178 49.84247398000548
73.88626919373299 81.10407430570656 49.84247362189503
73.8862633339025 81.1040767475094 49.84247432803166
73.88626444406354 81.10407628541904 49.84247419467822
73.88625462122933 81.10408037690027 49.84247537696035
73.88626176875789 81.10407740046594 49.8424745172646
73.88625936793213 81.10407840110418 49.84247480674817
73.88625159983727 81.10408163731819 49.84247574220658
73.88625455429482 81.10408040752857 49.842475387286356
73.88624848337457 81.10408293737012 49.84247611892404
73.88624956173084 81.10408248849922 49.84247598937543
73.88623899405955 81.10408689023197 49.84247726131182
73.88624687849469 81.10408360684383 49.84247631291174
73.88624415959589 81.10408474004183 49.84247664073952
73.88623563518769 81.1040882912987 49.842477667242704
73.8862388589657 81.10408694935971 49.84247727993172
73.8862322343856 81.10408970983437 49.842478078223515
73.88623360468375 81.10408913942022 49.842477913585
73.62760489129924 81.14098196152366 49.830401202008986
73.88622996943529 81.10409065457338 49.842478351928385
73.88622803107447 81.10409146247282 49.842478585659045
73.62760137776246 81.1409823688986 49.8304010514705
73.7508255149242 81.12691203991496 49.83920482116846
73.62759763764308 81.14098279292193 49.83040088163934
73.69235895033925 81.15011489726686 49.84433953846291
73.62759449503274 81.14098318677647 49.83040077636356
73.69233330423424 81.15011737420406 49.84433780522794
73.56189685772759 81.1524306581623 49.82661458447939
73.69232825609258 81.15011784920165 49.844337458111326
73.62756445437398 81.14098532766144 49.8303981523904
73.59385355530469 81.15424359359133 49.832857510849664
73.59387444782794 81.1542457147238 49.83286123334505
73.59385987732493 81.15424447275093 49.83285885979889
73.59386523415597 81.15424501607761 49.832859813747135
73.56188835178281 81.15243020323044 49.82661388828927
73.59386193880766 81.15424475445397 49.8328592950005
73.56189920440835 81.15243173113323 49.826615628898026
73.56189025013292 81.15243072629937 49.82661442288534
73.5618969618341 81.15243166699672 49.82661549555219
73.56189203592966 81.15243123136554 49.82661493748916
73.56189498990724 81.15243164400329 49.82661540834886
73.56189352408674 81.15243165639535 49.82661537005106
73.5618932531507 81.15243165744546 49.826615361856376
73.56188021180847 81.15243010315503 49.82661352367795
73.56189211566056 81.15243175589725 49.826615412054494
73.56188166239244 81.1524305684064 49.82661399115626
73.56189160075749 81.15243194249477 49.826615562551126
73.56188314405716 81.15243104039409 49.82661446574309
73.56189116936574 81.15243214506616 49.82661573023512
73.56188465375882 81.15243151795083 49.82661494628566
73.56189058600211 81.1524323313283 49.82661587812072
73.56188618137361 81.15243200046304 49.82661543189049
73.56188998332425 81.15243251989966 49.82661602743218
73.56188781299059 81.15243249975714 49.826615936100794
73.56188911885167 81.15243267752702 49.82661614007502
73.51990257298824 81.14844020106987 49.817941677026305
73.56188847520627 81.152432687998 49.82661612778304
73.56188728164815 81.1524327083201 49.82661610580331
73.51990242026164 81.14844044145323 49.817941906457825
73.56188556321051 81.15243275836704 49.82661609285891
73.56187740591761 81.15243194222988 49.8266150834846
73.56188347188412 81.15243276120651 49.82661602486756
73.56187948440864 81.15243251097989 49.82661566525259
73.56188169513229 81.15243280834521 49.82661600733978
73.52304745186916 81.21174272441206 49.844520318004896
73.52304834104646 81.21173240728659 49.84451639462207
73.52304657835721 81.2117572174551 49.84452556010393
73.52304386325281 81.2117938950074 49.8445391880401
73.52304328027134 81.21180373689218 49.84454274051248
73.52304022237814 81.21184589312566 49.844558359096766
73.52303991157571 81.21185128590477 49.84456029945112
73.55875626034621 81.28323631808696 49.876545557458236
73.5587619451979 81.28324321806822 49.87654862718398
73.47779244966787 81.28074677031802 49.86042671811932
73.55877224294291 81.28328674868055 49.87656510524769
73.55877319503233 81.28328788372214 49.8765656121284
73.47777564323067 81.28079556943187 49.860439670710825
73.5587756604895 81.28329752870322 49.8765692839008
73.55878477443748 81.28333336383338 49.87658292084248
73.55877657764846 81.28335669834898 49.8765902043192
73.55879759318809 81.28338052946327 49.87660096255437
73.51710641584971 81.34760524844218 49.88838432409313
73.51715372519824 81.34760685518233 49.888393670924756
73.51710869135826 81.34760538343592 49.88838474198198
73.51715276001349 81.34760688248485 49.888393447253776
73.51711075186898 81.3476055133379 49.88838511618087
73.64285939399817 81.37719194228237 49.92329551312014
73.51711320238766 81.34760566871346 49.88838556072072
73.64288095468278 81.37720138020936 49.9233026004549
73.51711583303926 81.34760583894435 49.88838603605286
73.64290191918964 81.37721061257176 49.92330952189647
73.64288075202478 81.37720407912468 49.92330404726083
73.64292186756404 81.37721948638887 49.923316156147465
73.64290807347106 81.37721574362425 49.92331286801961
73.64294040318272 81.37722784838436 49.92332238387473
73.64293561611092 81.37722749530768 49.92332175625404
73.64295985795218 81.37723656360262 49.923328887071314
73.56180171338993 81.37468271961815 49.90715119197243
73.64296285176664 81.37723913277532 49.92333055452449
73.6429806708912 81.37724579374373 49.92333579350445
73.56184405296273 81.37469513883048 49.907163193515586
73.62317049213733 81.44315721211512 49.93246531935997
73.62318670146722 81.44316092083739 49.932469706068375
73.62308745381888 81.44318406855464 49.93244953867455
73.62318203111563 81.44320458287213 49.93247496980355
73.62319866707311 81.44320822153063 49.93247944750002
73.49610174160746 81.49169309452279 49.911814145251185
73.62319280206728 81.4432520418145 49.93248445091045
73.62321404510581 81.4432565208355 49.93249014422238
73.62320269788742 81.44329984921063 49.93249377525294
73.62323273878609 81.44330598134594 49.93250179700341
73.58279403593234 81.52368986289443 49.9370505165997
73.58286254230528 81.5236635603412 49.93706164384025
73.45448140763921 81.5795391727539 49.917405421303755
73.58281403458227 81.5236848505003 49.93705392413105
73.45456494219934 81.58772350936371 49.918643223703825
73.58153621825502 81.53106155644434 49.938060526664664
73.45454999614466 81.58772763754263 49.91864088171006
73.45458564132323 81.58771782565799 49.918646467674876
73.4442611442927 81.59585465981438 49.91824127748956
73.45457800280593 81.58771994220484 49.91864527084535
73.44423952201197 81.5958620159348 49.91823818614668
73.45457136351352 81.58772178384906 49.9186442306068
73.38185332786007 81.61365150155255 49.908470896164644
73.44428868506554 81.59584654403642 49.91824545017995
73.4442953550153 81.59584427500836 49.91824640381376
73.4442927500278 81.59584523299392 49.91824604483417
73.44558437754633 81.59668083023043 49.918466250512225
73.44560013038772 81.59667561248376 49.91846854752281
73.44556197595487 81.5966884856607 49.918463038923505
73.44559088069349 81.59667890883647 49.91846725302618
73.44553898247008 81.59669634084881 49.9184597418922
73.44558183055575 81.59668213949334 49.91846598772186
73.38185011057584 81.61365445339632 49.90847080954792
73.59366893245932 81.63230248950066 49.94877931537555
73.59375592202169 81.63233844914554 49.94879831041892
73.59374531743438 81.63233029298827 49.94879561036092
73.59378175903932 81.63234345520999 49.94880337392637
73.5937870681988 81.63236385699871 49.948806388671876
73.59391061348806 81.63238755909059 49.94883057693019
73.61935142581736 81.69613737807774 49.95263912779751
73.71766366097704 81.7351985689715 49.9663954431524
73.71766296499992 81.73519870937173 49.96639524521687
73.71766954399436 81.73519750157118 49.96639708923216
73.71767550806806 81.73519641944947 49.96639875799501
73.71764953875788 81.73520117434525 49.966391481969694
73.7176877535518 81.73519419736492 49.9664021843719
73.71769679733968 81.7351925600349 49.96640471403657
73.71769793062317 81.73519235189625 49.96640503170207
73.71769896295898 81.73519216464035 49.96640532054063
73.71768404256355 81.73519490297389 49.96640113871338
73.71770932079488 81.73519028751957 49.966408218189585
73.71767101518164 81.73519729617007 49.9663974869342
73.71771986972148 81.73518837562705 49.966411169328914
73.71771763407199 81.73518879826243 49.966410539937414
73.71772468103117 81.73518750342487 49.96641251537284
73.71773070692758 81.73518641115535 49.96641420119158
73.71770505611602 81.73519110970076 49.96640701395721
73.8110031912258 81.72091808021304 49.98707962742472
73.71769220340246 81.73519347161721 49.966403410957284
73.81102178459211 81.72091544958359 49.987083733553966
73.81102662151217 81.72091474592875 49.987084836921476
73.81103361049566 81.72091375156386 49.987086390465095
73.81100076577007 81.7209185157281 49.98707892354501
73.81106366110191 81.72090948129758 49.98709306075283
73.7177232213248 81.73518783726807 49.96641209131273
73.8110856546877 81.72090636522111 49.987097925754085
73.81109106098455 81.72090557834541 49.987099159715235
73.81110016307076 81.7209042825204 49.98710118445602
73.81106382514673 81.72090954729829 49.98709293446583
73.81113394846588 81.72089948189759 49.987108683081914
73.81114638674389 81.72089773836399 49.98711140030911
73.8111567820911 81.7208962279611 49.98711376822564
73.81117691756462 81.72089335839118 49.98711825272963
73.81117403581746 81.72207276763112 49.986852789454915
73.81126388004799 81.72205868173748 49.98687322121893
73.81125438085355 81.72206024237596 49.98687095121268
73.81127283335736 81.7220572954125 49.98687523056992
73.87088457729342 81.7226995114941 49.99353559325084
73.87088787739492 81.72270034853972 49.993535031325465
73.87088901157824 81.72269974813497 49.99353558523938
73.87089002025765 81.72269979335195 49.99353559066158
73.87088131154121 81.72270378684411 49.99353185620774
73.87089598600194 81.72269994314689 49.993535721684495
73.87089286218946 81.72270248893679 49.99353344562921
73.87089784999935 81.72269988362596 49.9935358520606
73.94391620627914 81.70023251814831 50.01180418305974
73.9439229066888 81.70023163143593 50.01180492313564
73.94393329891633 81.70023008992308 50.0118060668912
73.94395809384847 81.7002265652872 50.01180879956179
73.9439693933927 81.70022501929174 50.011810046376674
73.94397891862825 81.70022360308269 50.011811094630986
73.94400530070848 81.70021984811443 50.011814002106455
73.94401434849016 81.70021862789073 50.01181500089244
73.94402456804242 81.70021710453759 50.011816125460165
73.94405623464105 81.70021259325661 50.01181961522117
73.94405822717218 81.70021239255033 50.011819836850506
73.94407015650647 81.7002106089198 50.011821149430844
74.13214003413023 81.65253715594673 50.07991251534646
74.13219286238541 81.65252503241257 50.079928417546576
74.13272225381971 81.65240371571824 50.08008755176214
74.2056788771201 81.64206558973922 50.088150997517815
74.20584087029171 81.64202573112208 50.08820469487266
74.20593836489962 81.64200188468101 50.08823642929601
74.20613712934322 81.64195283467971 50.088302904884856
74.40606347683024 81.58504615901975 50.15538161345996
74.64960532025168 81.52770080411278 50.223866714342165
74.64960728357481 81.52770092025742 50.22386618282829
74.64960773037853 81.52770056114315 50.22386615411462
74.64960846906055 81.52770048576969 50.22386598262661
74.64960891188653 81.52770134478702 50.223865663483274
74.64961020858999 81.52770029583539 50.2238655817634
74.64961246443096 81.52770002523502 50.223865067731566
74.64961272615028 81.527699992469 50.22386500842248
74.64961425046522 81.52770045920889 50.223864505660444
74.64961523145284 81.52769963387288 50.223864451440726
74.64961735397574 81.52769931784081 50.223863982483984
74.64961778439987 81.52769925175454 50.2238638878629
74.6496192688921 81.52769976961049 50.22386338308806
74.64962032584035 81.52769881982317 50.223863339155535
74.64962268626157 81.52769855810271 50.22386279616718
74.64962289816262 81.5276983610275 50.22386278895245
74.64962355133846 81.52769824615925 50.22386264885209
74.64962552173954 81.52769789403132 50.22386222756115
74.64962763408049 81.52769792231123 50.223861678836656
74.64962816967387 81.52769740039874 50.22386166629356
74.64962997931667 81.52769705662186 50.223861284249935
74.64963085125038 81.52769689392554 50.22386109946672
74.64963353100212 81.52769635624018 50.223860540575856
74.64963579026849 81.52769619979847 50.223859998351564
74.64963620514462 81.5276957840263 50.22385999138545
74.64963788014879 81.52769541797849 50.22385964921428
74.64963890759982 81.52769520677936 50.22385943613516
74.64964165835055 81.52769466333966 50.223858860405045
74.64964427257527 81.52769410293638 50.22385832376182
74.6496443908464 81.52769408724964 50.22385829717047
74.6496472309654 81.52769365932159 50.22385767087407
74.64964735387748 81.52769363428179 50.223857645329815
74.649649669797 81.52769362151291 50.223857054195
74.64964875361544 81.5276935976609 50.22385729496433
74.64964989478123 81.52769363148627 50.223856994085104
74.64964928560529 81.52769361668354 50.223857153921614
74.64965127671773 81.52769340965881 50.22385669259941
74.64965245387641 81.52769317433038 50.223856446883325
74.64965099100831 81.52769348162408 50.2238567486848
74.64965246517623 81.52769319215837 50.223856439718645
73.88196712040319 80.96187351033183 49.7097432870573
73.91240063880747 80.98219941660497 49.730385479147884
73.91240115834933 80.98219984111789 49.730385913472844
73.91239699782943 80.98219644990706 49.73038244658167
73.91240488732313 80.98220288792578 49.73038903067017
73.92535839870408 81.00270751114479 49.7523997468481
73.92535898045185 81.00270795847857 49.752400189847535
73.92536135438168 81.00270988923718 49.75240210650888
73.92536148493019 81.00270998931506 49.752402205603644
73.92535943060659 81.00270863771465 49.75240087708201
73.92536148392814 81.00270999440649 49.752402210902304
73.92536169818877 81.00271037134186 49.752402593472794
73.92535814019993 81.00270792128711 49.752400179669436
73.92536147697197 81.00271030061896 49.752402527785165
73.92536123228739 81.00271027152259 49.752402505932665
73.92535701832242 81.00270735597834 49.75239963285371
73.92536073312502 81.00271002858194 49.75240227151279
73.92536036262395 81.00270988876004 49.7524021393957
73.9253558321911 81.00270675092433 49.752399047100795
73.92535983853145 81.00270964801373 49.75240190808406
73.92535949569913 81.00270951694249 49.75240178408461
73.92535440178486 81.0027059600493 49.75239827741545
73.92535906362839 81.00270937771803 49.75240165465763
73.92535887273831 81.00270933037265 49.75240161212355
73.9058546528384 80.99740934193838 49.74724105165975
73.92535848606649 81.00270928206909 49.75240157518817
73.92535841891994 81.00270927516954 49.75240157031345
73.90585474102528 80.99740949123756 49.7472411986373
73.92535752071109 81.00270888643607 49.752401198562886
73.92535819073157 81.00270939157733 49.7524016983689
73.9058548461706 80.9974096649417 49.747241369898966
73.90585682916426 80.99741232324317 49.74724402885051
73.92535813656178 81.0027093876331 49.752401696113495
73.90585743367467 80.99741313431502 49.74724484006794
73.90585705436763 80.99741266023086 49.747244363258176
73.90585760256835 80.99741337231762 49.74724507724922
73.90585791263717 80.99741381131346 49.747245514582076
73.9058572990717 80.9974130249692 49.747244725301165
73.92206409418485 81.03876088831785 49.78895448149807
73.92206428442296 81.03876243214836 49.788956048041086
73.92206436610805 81.03876327571102 49.78895690113018
73.92206451932677 81.03876433289162 49.78895797683644
73.92206465639168 81.0387654404424 49.78895910075737
73.92206464072245 81.03876555752328 49.78895921566204
73.92206500847196 81.03876828160982 49.788961983979675
73.92206504420949 81.0387685694591 49.78896227609837
73.92206532155868 81.03877086416409 49.7889646038611
73.92206545456648 81.03877185696076 49.78896561264584
73.92206557691026 81.0387730032466 49.78896677334642
73.92206564721623 81.03877340249309 49.78896718120097
73.92206587743246 81.0387752479174 49.78896905413933
73.92206582705114 81.03877510852345 49.78896890839337
73.92206628788603 81.03877854615214 49.78897240141897
73.92206631843 81.03877877410577 49.788972633044146
73.91748774383274 81.06610701746592 49.814157770697136
73.92206636527753 81.0387791495027 49.78897301404019
73.91748773433167 81.06610836782464 49.814159096385325
73.88860022860176 81.05924129945689 49.80564527186416
73.91558121266308 81.06682496676777 49.814627692101254
73.91558109172183 81.06682642838409 49.814629075342864
73.91558065239687 81.06683053357008 49.81463293125819
73.9155806956297 81.06683120865311 49.8146335991239
73.88860843707697 81.05925252110329 49.80565648258704
73.9155805672001 81.06683272934319 49.8146350375111
73.91558028208938 81.06683613115943 49.81463825585429
73.88860701890974 81.05925160096267 49.80565539419519
73.88861770346206 81.05926425777669 49.80566836247125
73.9155798859259 81.06684117042808 49.81464303099398
73.88861640643785 81.05926349908447 49.805667436062066
73.91557985837277 81.06684152272453 49.81464336486684
73.8886216927074 81.05926976055893 49.805673851733104
73.88861460070959 81.05926214267974 49.80566589629402
73.88627950571808 81.10407001068415 49.84247238090661
73.8862798083669 81.10406988470828 49.8424723445504
73.8862715615835 81.10407332009332 49.84247333744569
73.88627915044437 81.10407015891484 49.84247242387354
73.88627475109382 81.10407199246067 49.84247295428635
73.88626882997237 81.10407445976946 49.84247366778066
73.88627021809572 81.10407388194923 49.84247350101205
73.88626039163768 81.10407797497999 49.842474683763456
73.88626688222782 81.10407527238772 49.842473903309916
73.88626542455171 81.1040758799654 49.842474079099745
73.88625748120404 81.10407918916938 49.84247503564535
73.88626082112572 81.10407779885577 49.84247463435723
73.88625452179136 81.10408042377473 49.842475393434654
73.88625601245909 81.10407980324914 49.842475214329696
73.88624527804173 81.10408427446716 49.84247650636128
73.88625236903937 81.10408132183272 49.84247565367877
73.88625077322911 81.10408198695649 49.842475846102275
73.88624205715934 81.1040856180353 49.842476895665385
73.88624569814081 81.10408410235804 49.842476458171305
73.886238800309 81.10408697658949 49.84247728930221
73.8862404185837 81.10408630293172 49.84247709485463
73.88622876057096 81.10409115880188 49.84247849800876
73.88623657440965 81.10408790507043 49.84247755831328
73.88623455179193 81.10408874804088 49.842477802165064
73.88622524729576 81.10409262420674 49.842478922544274
73.88622905489049 81.10409103917277 49.84247846503148
73.7508588634551 81.12690813435378 49.83920664877706
73.88622357620443 81.10409332276164 49.84247912574196
73.8191967198475 81.13138273150363 49.84907125965646
73.81919383383595 81.13138387701373 49.849071511605096
73.69232601425355 81.15011884907699 49.84433767767311
73.69237699120559 81.150115929317 49.844342071963744
73.69232296977493 81.15012008056593 49.84433791598362
73.69235203549783 81.15011840463134 49.84434041620476
73.69231997758526 81.15012133038061 49.844338168901
73.6923246418703 81.15012106055124 49.84433856970118
73.59386640589182 81.1542453745601 49.8328602471244
73.69231947019674 81.15012155521171 49.844338217898546
73.59390168484808 81.15424893785797 49.83286651561926
73.59387226819481 81.15424620476847 49.83286151202799
73.59389396020076 81.15424839315644 49.83286536392373
73.59387820051661 81.15424704349518 49.832862790728925
73.59388611929035 81.15424784147089 49.83286419603277
73.56189377630466 81.15243172992699 49.826615444709056
73.59388169969775 81.15424753897625 49.83286354568166
73.59387879493153 81.15424734564294 49.83286312337927
73.56189534181539 81.15243220196828 49.82661592217244
73.59387567737934 81.15424727236717 49.83286279600299
73.56189679953144 81.15243265910978 49.826616382595574
73.59387379149454 81.15424732595483 49.83286268978139
73.56189825583516 81.15243311836187 49.826616844869804
73.59387261707853 81.15424745459225 49.83286271296656
73.56189977224584 81.15243358848238 49.82661731894895
73.62662885150908 81.16156695539776 49.84055227978943
73.5619013701923 81.15243407320803 49.826617808917504
73.6266257876346 81.16156675290432 49.84055184938824
73.62661793694684 81.1615662364189 49.840550732669115
73.62662145535376 81.16156646726073 49.84055123682717
73.56188972119897 81.15243303936919 49.82661648591183
73.62661900190777 81.16156630587184 49.84055088772154
73.62661357556459 81.16156594897535 49.8405501152977
73.56189171115126 81.15243359006752 49.82661704845364
73.56190064004122 81.15243479610285 49.82661843461355
73.56189375286746 81.15243414700389 49.826617618353396
73.56189880457538 81.15243482696174 49.82661840045966
73.56189578184073 81.15243470044534 49.82661818467925
73.56189708296316 81.15243487494024 49.8266183855474
73.52304644083046 81.21175952152728 49.844526392518844
73.56189646797284 81.15243488178855 49.826618370963025
73.55579173960646 81.21908723730104 49.85221714643711
73.5230430086261 81.21180840409491 49.84454442170744
73.55577638880055 81.21912871174995 49.85223053848
73.55876713352373 81.28321898264687 49.87654068689558
73.5587817203964 81.28323686253364 49.876548625164375
73.5587823569249 81.28326716333288 49.87655935736777
73.55879397962528 81.2832809369387 49.87656551612706
73.55879746658536 81.28331529351958 49.87657799722449
73.55880760599196 81.28332678401406 49.87658318518524
73.55878808391745 81.28333699906466 49.87658457363793
73.55881254888615 81.283363547398 49.87659667750714
73.55882144500859 81.28337336128331 49.876601135159646
73.55880377100065 81.28338717256848 49.87660399759572
73.6429007050991 81.37720350260734 49.92330555128408
73.64292450163252 81.37721244022131 49.92331257060194
73.64284468120417 81.37718377514221 49.92328973930527
73.64292472568476 81.37721379772393 49.92331332800326
73.64294290997891 81.37722062315696 49.9233186895263
73.64286898168113 81.37719420910673 49.9232976168942
73.64294979645989 81.3772245149647 49.92332142953183
73.64295850785153 81.37722778468105 49.92332399798417
73.64289341102777 81.37720470395593 49.92330553927333
73.64296673763779 81.37723173135441 49.92332689010423
73.64297145809624 81.37723398199549 49.9233285418604
73.64291846958507 81.37721545330066 49.92331365711877
73.64298609227971 81.37724082245435 49.923333588251666
73.64294401878865 81.37722639920952 49.9233219263608
73.6430030967786 81.3772485572417 49.923339336032214
73.64297059042175 81.37723774839893 49.92333050765396
73.64302015239912 81.37725632801028 49.92334510800261
73.64299735379261 81.37724917646027 49.92333914922778
73.6430406861945 81.37726540641401 49.92335190663633
73.6430238780876 81.37726051801809 49.923347722066865
73.64306239720389 81.37727493451911 49.923359056618715
73.64305043626089 81.3772718774336 49.923356307686106
73.64308662578644 81.37728541043742 49.923366950437625
73.62326248109339 81.44317839081508 49.93249023338902
73.64311112499274 81.37729599499751 49.923374927883195
73.62327423415721 81.44322486470116 49.932499803739105
73.6233109047038 81.44323300099163 49.9325096907722
73.62328566777082 81.44327164702656 49.93250934331459
73.62332382977121 81.44327979509187 49.93251958589693
73.62329700491934 81.44331905543147 49.932518951370355
73.62333761342161 81.44332732501228 49.93252979209127
73.62330827592008 81.44336697813338 49.932528618786094
73.62335122076941 81.44337526611139 49.932540016464245
73.58291108005739 81.5236475392746 49.937069683811316
73.58299579049039 81.5236149473775 49.937083438962624
73.58162340781107 81.53102340840582 49.93807387109396
73.58171856927616 81.53098175040414 49.93808843514277
73.58155259727795 81.53105585381644 49.93806306588989
73.58166156082073 81.53100813991479 49.93807974197935
73.45459400776168 81.58771553647931 49.918647778984266
73.58161377215902 81.53103051352493 49.93807246031177
73.45457907406191 81.58771966129356 49.91864543892717
73.58288313869322 81.53187889133403 49.93828903565216
73.45462148448215 81.58770800026883 49.91865208526693
73.58285503863796 81.53189239696101 49.93828476021122
73.4546248689602 81.5877070685667 49.918652615648256
73.4456525176271 81.59665826115929 49.9184761865596
73.44566868607771 81.5966529061916 49.918478544275004
73.44563147590696 81.59666545867361 49.91847317151411
73.59377420610292 81.63228601996515 49.94879618976935
73.5936856246295 81.63228693481487 49.94878067196076
73.59386628544001 81.632322459238 49.94881613068004
73.59372157297003 81.63231274107386 49.948789637117116
73.5939689575834 81.63236099764734 49.94883815231739
73.6920675531957 81.67023658197891 49.96282118116258
73.69205248697429 81.67021649161518 49.962818083045704
73.69207944776657 81.67024232767521 49.9628241119872
73.69210063509306 81.67028096336719 49.96282797107197
73.69213837740074 81.67029885110482 49.962837287263014
73.7176758667378 81.73519634068435 49.96639886145273
73.71772004427902 81.7351882757196 49.966411233629344
73.7177215506669 81.73518801373905 49.96641165255173
73.71772628572113 81.73518714397949 49.96641297984033
73.71773054416465 81.73518637186956 49.966414171240714
73.71770948453245 81.73519022996102 49.96640827031318
73.8109875291178 81.72092018575961 49.98707636967699
73.81100545813169 81.72091764139076 49.987080343179684
73.81099821624586 81.72091869895169 49.987078683843805
73.81101298416446 81.72091656932876 49.9870820184472
73.8110291639015 81.72091426526801 49.98708561872837
73.71773038174379 81.7351864562316 49.96641411335907
73.81105163410666 81.72091107306106 49.987090604829405
73.81106494331219 81.72090919118878 49.98709354193133
73.81107110708857 81.72090830030592 49.987094937411584
73.81107922372203 81.72090714476876 49.98709674295287
73.81104397594771 81.72091223173635 49.98708877665369
73.81110648759454 81.72090326856622 49.98710279820418
73.81112775881162 81.72090024376239 49.987107523589245
73.81113375326696 81.72089937590847 49.987108883365536
73.81114431461086 81.72089786935169 49.98711123815035
73.81110729228628 81.72090321990386 49.98710285715932
73.81117533868546 81.72089345921965 49.98711812731096
73.81118872415196 81.7208915761931 49.987121063701565
73.81119711868428 81.7208903565919 49.98712297569399
73.81121315137509 81.7208880723479 49.98712654530089
73.81116854388472 81.7208945180864 49.98711644909872
73.81124493743336 81.72088356162207 49.987133589596255
73.81124806368983 81.72088315680378 49.98713421169585
73.81125992852044 81.7208814307286 49.987136918279276
73.87089366665053 81.72269388886457 49.99354071450303
73.8112780889397 81.72205645548883 49.98687645029355
73.87089724402978 81.72269461812064 49.99354025519436
73.87089390378726 81.72269710756477 49.99353801721142
73.87089835416754 81.72269470428597 49.993540230542834
73.94388725620149 81.70023648346617 50.01180098875679
73.94390652400124 81.70023377681548 50.01180311307205
73.94390959216904 81.70023332195994 50.01180345075704
73.94391572976926 81.70023245281045 50.01180412726887
73.87089941116503 81.72269904483606 49.99353662489555
73.94394602926504 81.7002281585363 50.01180746691813
73.94394006802068 81.70022908547429 50.01180681188136
73.94395248626591 81.70022724214321 50.01180817858608
73.94398310544082 81.70022289318088 50.01181155323996
73.94398617312646 81.70022252432071 50.011811892986074
73.94399635536598 81.70022100979746 50.01181301352828
73.94402502329545 81.70021693225692 50.01181617298734
73.94403052380233 81.7002162167079 50.011816780835574
73.94404044276736 81.7002147376676 50.0118178723143
74.13179831462823 81.65261487199795 50.07981055431801
73.94407404438564 81.70021002756357 50.01182157721142
74.13197588927352 81.65257413585432 50.07986398760174
74.13247028748283 81.65246070553366 50.08001277283092
74.1322210103429 81.65251852456436 50.07993695223011
74.13257706598819 81.65243620367649 50.080044911518456
74.20593469732617 81.6420024701921 50.088236512588836
74.20596592743193 81.64199476471488 50.088246951912595
74.2060213185568 81.641981135803 50.088265312332794
74.20629579637712 81.64191368026967 50.08835596778826
74.4059805165724 81.58506684869363 50.155355645437055
74.64960563611042 81.52769961438572 50.22386691795718
74.64960567396324 81.52770051815973 50.22386669200836
74.6496068977129 81.527699521414 50.22386661651531
74.64960889041778 81.5276993611744 50.22386614359071
74.64960929498002 81.52769932517641 50.22386604840602
74.64961117036685 81.52769950235432 50.22386552485094
74.64961169897832 81.52769907308708 50.22386549193287
74.6496126308604 81.52769897000364 50.223865277505865
74.64961285786842 81.52769988093364 50.22386500131381
74.64961415904153 81.52769879178979 50.22386492806356
74.64961642907555 81.52769860672882 50.223864389924074
74.64961661010021 81.52769845204631 50.223864380488365
74.64961702611438 81.52769839298375 50.2238642878839
74.64961794679755 81.52769910514291 50.22386388127522
74.64961909829776 81.52769808406322 50.22386383014114
74.64962134127275 81.52769791080523 50.22386329612015
74.64962160084863 81.52769767718486 50.22386328541742
74.6496223020038 81.52769756467846 50.223863132442
74.64962415755991 81.52769725942133 50.22386272940227
74.6496262247034 81.52769725506523 50.223862200082465
74.64962671718914 81.52769680708765 50.22386218090972
74.6496280902316 81.52769656253359 50.22386188714353
74.64962932393708 81.52769634405409 50.22386162288807
74.6496311293838 81.52769661829862 50.22386109405319
74.64963193601992 81.52769585023127 50.22386107086433
74.64963452769207 81.52769535496073 50.22386052442368
74.64963455450112 81.52769532886191 50.22386052378975
74.64963463984876 81.52769531207355 50.2238605059091
74.64963720856798 81.52769480884771 50.22385996726081
74.64963923089387 81.52769487077637 50.22385943358047
74.64963985954569 81.52769426209473 50.223859417921986
74.64964136622145 81.52769395180897 50.22385910559679
74.64964255526057 81.52769375694433 50.2238588471512
74.64964483322659 81.52769367929687 50.22385828127686
74.64964527920712 81.52769328434536 50.22385826134882
74.64964536540228 81.52769326758072 50.22385824324505
74.6496476432096 81.52769328437478 50.22385765481533
74.6496477310291 81.5276929934735 50.223857701884754
74.649648151293 81.52769305461213 50.22385757943063
74.64964951016539 81.5276928544554 50.223857278677514
74.64964957699735 81.52769294747155 50.22385723927554
73.91240122331861 80.98219989419536 49.73038596777441
73.92535871672214 81.00270764178104 49.752399871232925
73.9253622171483 81.00271048635308 49.75240269493683
73.92536312246082 81.00271121289943 49.75240341577447
73.92536017664062 81.0027088447567 49.752401066070675
73.92536273040882 81.00271102126699 49.75240323080641
73.92536264275975 81.0027109758368 49.75240318677794
73.92536216789291 81.00271074481465 49.75240296386505
73.92536354948658 81.00271197254054 49.75240418693278
73.9253645021375 81.00271277903592 49.75240498885095
73.92536584545958 81.00271386921783 49.752406070975105
73.92536437797422 81.00271299655923 49.75240521796688
73.92536559356384 81.00271393355297 49.75240614598111
73.92536239035499 81.00271172283172 49.75240396772709
73.92536565364398 81.00271403374404 49.75240624756472
73.93755221308874 81.02081689045406 49.77037953137031
73.9253608092599 81.00271079686422 49.75240306341695
73.93755167280798 81.02081673221703 49.77037937943519
73.93755153522754 81.02081669205327 49.77037934084842
73.92535924559562 81.00270989982232 49.752402188431546
73.93755049329476 81.02081638391783 49.770379045498075
73.93755083659298 81.02081648763749 49.77037914453918
73.9375491116714 81.02081597410874 49.77037865290042
73.93755066457787 81.02081643698996 49.77037909595494
73.93754985409824 81.02081619839856 49.77037886707593
73.93754769472571 81.02081555418532 49.7703782505514
73.93754947140012 81.02081608564035 49.77037875892468
73.93754875392571 81.02081587414796 49.77037855608965
73.92206418895233 81.03876149974579 49.788955104437434
73.94156660884073 81.04405820621436 49.79411238119579
73.94156569986072 81.04405973517079 49.794113953125965
73.92206449085609 81.03876397917996 49.78895761987907
73.94156460114164 81.04406162501887 49.79411589543912
73.92206479034684 81.03876622583394 49.78895990251907
73.92206478264914 81.03876638475661 49.788960060245856
73.92206510706484 81.03876878050013 49.788962495017685
73.92206516611598 81.03876925655517 49.78896297812678
73.92206507250675 81.0387687806371 49.788962490677875
73.92206548727911 81.03877187518975 49.78896563508958
73.92206556154004 81.03877243005533 49.78896619888093
73.92206576606486 81.03877418552604 49.78896797865016
73.92206565809138 81.03877320618443 49.788966986546555
73.92206596738042 81.03877569020005 49.78896950752062
73.92206603619219 81.03877643439954 49.78897025970319
73.92206624998133 81.03877795688756 49.788971807981184
73.92206638974534 81.03877907696591 49.78897294476363
73.91748842623225 81.06610634635621 49.81415731432382
73.91748841760099 81.066106875992 49.814157832817926
73.91748771666101 81.06611014113658 49.814160835747764
73.91748823174709 81.06610814337952 49.81415902418591
73.91748769570037 81.06611180021049 49.814162461736146
73.9155811313386 81.06682709499549 49.81462973392859
73.91748708530001 81.06611594714529 49.81416635925121
73.91748694762366 81.06611687630429 49.81416723225338
73.91558087806222 81.06683373762623 49.814636107048166
73.91558094566128 81.0668347586338 49.814637117787356
73.915580386279 81.06683740411168 49.8146395218274
73.91558073770625 81.06683739226293 49.81463961311046
73.91558056000525 81.06683964972443 49.81464175218177
73.91558013210287 81.06684397646197 49.81464582647112
73.91558019113924 81.06684465638794 49.8146465036594
73.91557961187357 81.06684779481384 49.81464938032894
73.91558001137413 81.06684709041781 49.81464881350051
73.91557980909249 81.06684981462068 49.81465139839189
73.88628469914451 81.10406784878488 49.84247175690136
73.88628624335455 81.10406720596164 49.842471571355475
73.88627687782457 81.10407110714621 49.84247269874745
73.88628288066162 81.10406860758627 49.84247197689257
73.8862816188406 81.10406913351657 49.84247212905272
73.88627434772994 81.1040721628391 49.842473004789724
73.88627720335562 81.10407097407204 49.84247266164634
73.8862660539118 81.10407561797231 49.84247400347573
73.88627174833482 81.10407324742172 49.842473319193004
73.88627276482379 81.10407282426402 49.84247319704434
73.88626330803069 81.10407676358994 49.842474335526305
73.88627048427432 81.10407377482288 49.84247347206708
73.88626785530602 81.10407487060259 49.84247378910402
73.88626047623042 81.10407794502518 49.84247467794285
73.88626327128978 81.10407678145086 49.84247434206051
73.8862514529527 81.10408170399367 49.84247576442313
73.88625757370893 81.10407915593883 49.84247502888886
73.88625838718002 81.10407881729091 49.842474931131974
73.88624838622006 81.10408298332852 49.84247613515247
73.88625653913613 81.10407958754217 49.84247515396832
73.886253024746 81.10408105232897 49.842475577744054
73.88624521926582 81.10408430443658 49.84247651796777
73.88624776251928 81.10408324567877 49.842476212337104
73.88623540877484 81.1040883912853 49.84247769918446
73.88624198129651 81.1040856551397 49.842476909343155
73.88624221677075 81.1040855571112 49.84247688104512
73.88623203294601 81.10408979941985 49.84247810716023
73.88624167530847 81.10408578277863 49.84247694632606
73.88623640557256 81.1040879790925 49.84247758168773
73.88622857579108 81.1040912414484 49.84247852494053
73.88623064925544 81.10409037825889 49.842478275761636
73.81919505046838 81.13138339414171 49.84907140553423
73.88622543686785 81.10409255071366 49.842478904244004
73.88622480222504 81.10409281522294 49.84247898076465
73.69240322404195 81.15011441266793 49.84434432657836
73.81919855366588 81.13138200413889 49.849071101862364
73.69240067218047 81.15011558143294 49.8443445910066
73.81918356117309 81.13138795498205 49.849072410940565
73.69239807587601 81.1501167708604 49.84434486018567
73.69240430891378 81.15011640638942 49.8443453939459
73.69231704090737 81.15012259351701 49.84433843442012
73.69239753049469 81.15011705127337 49.84434493120624
73.69237446140812 81.1501192318928 49.84434334966801
73.69231371238403 81.15012387694031 49.844338665140064
73.69234912103086 81.15012179398472 49.844341691419416
73.69231033006467 81.15012517670654 49.8443388975047
73.69232296643648 81.15012443104725 49.84433997640642
73.59388407551477 81.15424787698802 49.832864059765775
73.62668177677007 81.16157043451695 49.84055982427304
73.62667908492783 81.16157025727104 49.84055944227134
73.62664744287079 81.16156817981687 49.840554916583244
73.62667501930757 81.16156998895327 49.84055886891409
73.62664983040207 81.16156833484872 49.84055526814285
73.62667307414517 81.1615698597574 49.84055859940541
73.62665218284054 81.16156848761996 49.84055561442909
73.62667108804078 81.16156972791457 49.84055832380046
73.62665459826945 81.16156864457794 49.840555969425495
73.62666876678803 81.161569574134 49.84055799987143
73.62665718709594 81.16156881297265 49.84055634891625
73.62666618283558 81.16156940316532 49.84055763802125
73.62666004545667 81.16156899913052 49.84055676656571
73.6266624956868 81.16156915988552 49.84055711768651
73.62662126644526 81.16156645357452 49.84055121732219
73.62666091825467 81.16156905603067 49.84055689376095
73.62665683854874 81.16156878744444 49.84055631454645
73.6266243392737 81.16156665394229 49.84055166489108
73.6266513853242 81.16156842843633 49.8405555403079
73.6266275127524 81.1615668609962 49.84055212639924
73.62664575448719 81.16156805783997 49.84055474023921
73.62663062530814 81.16156706412545 49.84055257875321
73.62664003468372 81.16156768147607 49.84055392701532
73.5557940352808 81.21908709818544 49.85221726733236
73.58777818166467 81.22089499496393 49.85846139827835
73.58778003677433 81.22089460152158 49.85846148472646
73.55578063841662 81.21912828820642 49.852230704125915
73.5877742577529 81.220902332293 49.8584635062017
73.58774912132397 81.2209361754713 49.85847237537338
73.55879298056418 81.28325064236071 49.87655474515796
73.55881052201589 81.28327208591695 49.87656427095332
73.558807907625 81.2832976223556 49.87657295973132
73.55882270481756 81.28331534203461 49.87658086539586
73.55882275385632 81.28334461375054 49.87659116918428
73.64297725071035 81.37722994260747 49.92332687634917
73.64295852706628 81.37722404634667 49.923321970164864
73.64299619386321 81.37723825066719 49.923333111906246
73.64298238164875 81.37723424105059 49.923329677252255
73.64301533753677 81.37724666037397 49.923339420908604
73.64300720471002 81.3772448287412 49.92333768588914
73.64303242404733 81.37725432921954 49.92334514035723
73.64303332527723 81.37725593574257 49.923346094620484
73.64304763584092 81.37726132220988 49.92335032215878
73.64297643447966 81.37723585249114 49.92333001053855
73.64305986360762 81.37726721244488 49.92335463352716
73.64306268686798 81.37726827407023 49.923355466990415
73.64300342982254 81.37724733400893 49.923338702258704
73.64306498898888 81.3772693854603 49.923356280013934
73.64307501125651 81.37727422822144 49.9233598218582
73.64303034488739 81.37725878616033 49.92334737072514
73.64308945387522 81.377280981676 49.923364803569406
73.64305784556504 81.3772704696367 49.9233562181082
73.64310454237378 81.3772879908156 49.923369982910685
73.64308463146683 81.37728188054132 49.923364852419276
73.64312284383412 81.37729620779034 49.923376110581586
73.64311144896095 81.37729330682866 49.92337349795869
73.64314381597275 81.37730542979298 49.923383027093735
73.64313767170609 81.37730451040565 49.92338196842644
73.6431679276216 81.37731583093903 49.92339086966973
73.6431640849044 81.3773157906061 49.92339049783718
73.64319240339242 81.377326375067 49.92339882303027
73.62336490280154 81.4432458926062 49.93252438253289
73.62339632145019 81.44325342581499 49.93253293560193
73.62337670439538 81.44329167007868 49.932533862766576
73.62341077633008 81.44329923989025 49.93254305063989
73.62338819324208 81.44333790197784 49.93254333512024
73.71965378032272 81.47030546934509 49.9545595834844
73.62339969217896 81.4433846757356 49.93255288894264
73.71962078865423 81.47032503687532 49.95455597296693
73.5830817993336 81.5235818388636 49.9370974039289
73.71958684705459 81.47034516954898 49.9545522505352
73.58179928245781 81.53094640084734 49.938100787580325
73.64219676731113 81.52908136500264 49.94556210266342
73.58173154399937 81.53097747504799 49.93809045196005
73.6421610899516 81.52910805397026 49.94555596556559
73.58166194374714 81.53100939122342 49.938079831997044
73.6421273399996 81.52913339762614 49.94555014509724
73.58290602741681 81.53186858783835 49.93829253393568
73.73086678737894 81.5673842079658 49.96857441404201
73.7309052968348 81.56746911962566 49.968588136864355
73.73093122146547 81.56754970249023 49.968599101796656
73.73091586935367 81.56749070967926 49.968591777425495
73.73094815165862 81.56755605564089 49.96860285100036
73.66325750876616 81.62154779628735 49.95645637167317
73.73099340714606 81.5676443051842 49.96861812718976
73.66330427943909 81.62157470136516 49.95646781076468
73.66338595860157 81.62161735441565 49.95648823225709
73.59401253670094 81.63236949129276 49.94884669799054
73.78538622311366 81.65716010451594 49.983233567950386
73.78538397619572 81.65715891349525 49.98323306722361
73.78538838465283 81.65716110432736 49.98323402312755
73.78544596588517 81.65719165086844 49.98324685959251
73.78549593903476 81.65721473095684 49.98325737662114
73.81098900267293 81.72091991756336 49.987076803876676
73.81104586918869 81.72091175279968 49.987089579273444
73.71773284180358 81.73518593937278 49.96641481766302
73.81106011642372 81.72090972862728 49.98709274099056
73.81105611507208 81.72091032255555 49.987091806679736
73.81106679783943 81.72090877770205 49.987094226749285
73.81107679172098 81.72090735749136 49.98709644517654
73.81103856876811 81.72091286711188 49.98708781871349
73.81108912902107 81.72090561883907 49.98709915723753
73.81101954572512 81.72091562103718 49.987083503830846
73.81110552919996 81.72090329652194 49.98710278264203
73.81110488498814 81.7209034113325 49.98710259726272
73.8111154672631 81.72090188227439 49.98710499226591
73.81112804980431 81.7209000929524 49.98710778758263
73.81108581947355 81.72090617333936 49.98709826922512
73.81114966784699 81.72089702472607 49.987112579272704
73.81116856474237 81.72089434284868 49.98711676756024
73.81117207001078 81.72089383562542 49.98711756222575
73.81117715805648 81.72089311173795 49.98711869318453
73.81114894470336 81.7208971818414 49.98711231973925
73.81120761670455 81.72088877430832 49.98712547076722
73.81122806317272 81.72088586568599 49.98713001493735
73.81123420097819 81.72088497915614 49.98713140344606
73.81124680810065 81.7208831794454 49.987134216780994
73.81120895529976 81.72088863999238 49.987125666056656
73.81127981651494 81.72087848338694 49.98714155359232
73.94384539157724 81.70024225971558 50.01179637051825
73.94385312996278 81.70024111484577 50.01179722226884
73.94386592911363 81.70023931056119 50.01179863324652
73.81126796175482 81.72088026070482 49.98713875328829
73.94388719811353 81.70023631492526 50.011800978004736
73.94388278266658 81.70023700893694 50.0118004930071
73.943892694748 81.70023553964585 50.01180158394298
73.94391012084935 81.70023308112675 50.01180350494677
73.94387041323648 81.70023884303473 50.01179913162588
73.94393209227147 81.7002299830306 50.01180592705532
73.94393285498177 81.70022986979893 50.01180601099588
73.9439344277988 81.7002296474624 50.01180618436794
73.94391990900202 81.70023179153621 50.011804586212456
73.94395974535354 81.70022606712166 50.01180897509454
73.94396724581387 81.7002250495713 50.01180980292372
73.94397383920722 81.70022406972794 50.01181052853947
73.94399067161625 81.70022168294818 50.011812383800546
73.9439549019646 81.70022688339013 50.01180844444441
73.9440127816572 81.70021856609833 50.01181482120981
73.94401590563457 81.70021810116232 50.0118151649928
73.94402457899402 81.70021686976372 50.01181612092883
73.9440006632195 81.70022036902947 50.01181348760169
74.13183764773797 81.65260507324365 50.07982338259305
74.13185352453641 81.65260140455474 50.079828193940656
74.13187722678794 81.65259597036582 50.07983532202521
73.94404499697937 81.70021405873784 50.01181837346179
74.13232492376656 81.65249333548824 50.07996994956547
74.13208143688786 81.65254974025908 50.07989598130381
74.13239477335118 81.65247731829507 50.07999095940053
74.13288409469207 81.65236507576239 50.08013818735351
74.13263779998101 81.65242216144719 50.0800633271127
74.13296388498813 81.65234677095141 50.0801621976104
74.20620573460945 81.64193557285162 50.088327209587895
74.20624032986152 81.64192706113407 50.088338675198145
74.64960585989996 81.52769865122826 50.223867090985124
74.64960620667514 81.52769837982501 50.22386706694981
74.64960669840244 81.52769835501533 50.2238669467245
74.64960769220271 81.52769888395568 50.22386656519325
74.64960849748864 81.52769825324934 50.2238665094858
74.64960969412094 81.52769816726737 50.22386622304077
74.6496095313386 81.52769913086905 50.22386603425408
74.64961082945086 81.52769807859194 50.223865952968396
74.64961298091737 81.52769788821772 50.22386544652073
74.64961320395386 81.52769786789248 50.223865394159816
74.64961495076328 81.52769812961127 50.22386488336627
74.64961558777068 81.52769759642001 50.22386484750217
74.64961689969306 81.52769743442363 50.223864549664675
74.64961800381141 81.52769728919401 50.223864301131314
74.64961996528803 81.52769734034365 50.22386378564192
74.64962043376241 81.52769693811717 50.223863761683276
74.64962154629247 81.52769677326529 50.2238635156866
74.64962290658065 81.52769656690842 50.22386321605367
74.64962487568899 81.52769662150449 50.22386269778163
74.64962539806626 81.5276961626044 50.223862673552986
74.64962672000966 81.52769594401292 50.223862386685354
74.6496279242377 81.5276957467169 50.22386212492451
74.64962975972065 81.52769593528494 50.22386160888226
74.64963046471512 81.52769529745065 50.223861580611796
74.64963229117699 81.52769497098294 50.22386119011153
74.64963304037559 81.52769484256488 50.223861028616746
74.6496356097505 81.52769434994315 50.2238604872631
74.64963799206646 81.52769401596439 50.2238599559458
74.64963818341676 81.52769382984168 50.22385995138324
74.64963871516255 81.52769372687213 50.223859839591
74.64964082169034 81.52769336195114 50.22385938643524
74.64964337770509 81.52769293212454 50.223858833485
74.6496434424612 81.52769287261756 50.223858831108316
74.6496435157774 81.52769285899396 50.223858815557335
74.64964615754265 81.52769252514061 50.223858217643745
74.64964627569887 81.52769250380553 50.223858192433326
74.64964761051709 81.52769250938678 50.22385784862685
74.64964857871193 81.52769273552225 50.22385754611423
74.64964811895327 81.52769254697454 50.22385770918535
74.64964803544292 81.52769276775327 50.22385767778786
74.6496497573913 81.52769261367465 50.22385727285656
73.9253631993905 81.00271127624899 49.75240347869381
73.92536274282655 81.00271105815425 49.75240326853289
73.92536303568389 81.00271145794858 49.75240367209603
73.9253634249807 81.00271193865397 49.75240415608189
73.92536346054189 81.00271213619999 49.752404359163705
73.92536439234739 81.00271271117897 49.752404922376606
73.92536380859758 81.002712416903 49.752404637718826
73.9253633100557 81.00271176178614 49.752403977054215
73.92536664921575 81.0027147078825 49.7524069111704
73.93755288280224 81.02081709347306 49.77037972511775
73.93755314299909 81.02081717365334 49.77037980141902
73.93755342406104 81.02081726013724 49.770379883739594
73.93755191501526 81.02081680737957 49.77037945087523
73.93755321083553 81.02081720095777 49.77037982635273
73.9375528880505 81.02081710883998 49.77037973748611
73.93755298057133 81.02081713686718 49.77037976423667
73.93755150138635 81.020816696445 49.77037934259702
73.93755294596832 81.02081712679156 49.77037975455215
73.9415703045194 81.04405630159465 49.79411035568029
73.94156813725766 81.04405792673707 49.79411205806395
73.94156961519043 81.04405763765482 49.79411172653394
73.94156884828556 81.04405909165224 49.794113218835754
73.94156627171634 81.04406066706028 49.794114881620516
73.94156770633549 81.04406110804807 49.79411529041246
73.94156716947604 81.04406201574976 49.79411622355353
73.941564353797 81.04406341509367 49.794117714359956
73.94156574986432 81.04406447949547 49.79411875536128
73.9415654335846 81.04406503869855 49.794119329856656
73.9220652206642 81.03876966566455 49.788963393790624
73.94156372031762 81.04406799443683 49.7941223675157
73.94156380741171 81.04406812389578 49.79412249630196
73.92206592824044 81.03877517862213 49.78896899151231
73.9415636650094 81.04406839428529 49.79412277380905
73.94156211461377 81.04407131187125 49.794125768559354
73.92206622036457 81.03877758795397 49.78897143567245
73.9415614824706 81.04407252732388 49.79412701579709
73.92206645648679 81.03877935728131 49.78897323337408
73.92206649490527 81.0387798657892 49.7889737462227
73.92206677173908 81.03878188479784 49.7889757985671
73.91748902379163 81.06610551127966 49.814156671286156
73.91748835382359 81.06610963406223 49.814160527241945
73.91748833908045 81.06611025764185 49.81416113633496
73.91748765875724 81.06611341621313 49.81416404057437
73.91748812844004 81.06611171509563 49.81416250729066
73.91748762492738 81.06611515824196 49.81416574433143
73.91748694203473 81.06611726057373 49.81416760864032
73.91748700257386 81.06611944989257 49.8141697806513
73.91748689503387 81.0661201945884 49.81417048117668
73.91748618415599 81.06612422680918 49.81417423581186
73.91748617422577 81.0661253368391 49.81417532492851
73.91558061911667 81.06684047369964 49.814642569203116
73.9155809154041 81.06684153082529 49.81464368188307
73.91558080437296 81.06684304810673 49.81464512205053
73.91558037314769 81.06684690564968 49.81464873997771
73.91558046090962 81.06684801802211 49.81464984529081
73.91557987723998 81.06685054033986 49.81465212269082
73.91558016182319 81.06685242142437 49.814654031664574
73.91558011334223 81.06685313392555 49.81465470902368
73.88628975680062 81.10406574336403 49.842471149176646
73.88629249820781 81.10406460215766 49.84247081976873
73.88628221794215 81.10406888411661 49.84247205706207
73.88628743350313 81.10406671289421 49.84247143030723
73.88628844672041 81.10406629110227 49.84247130855482
73.88627975911663 81.10406991012368 49.84247235452614
73.88628621516571 81.10406722128688 49.84247157770814
73.88628394045764 81.10406816945401 49.842471852061976
73.88627723629068 81.10407096281024 49.842472659711106
73.88627966135851 81.10406995325421 49.84247236828405
73.88626902231847 81.10407438478197 49.842473648866545
73.88627463788187 81.10407204699955 49.84247297401012
73.88627509446835 81.10407185692259 49.84247291914092
73.88626629751586 81.1040755216398 49.8424739783966
73.88627404862021 81.10407229286133 49.84247304527928
73.88627022182551 81.10407388794411 49.84247350679731
73.88626346090945 81.10407670509724 49.84247432140839
73.88626529538118 81.10407594140347 49.84247410095243
73.88625453476386 81.10408042371303 49.842475396284925
73.88626110981883 81.10407768594736 49.84247460567218
73.88625998471068 81.10407815488082 49.84247474133442
73.88625145434717 81.10408170876835 49.842475768678355
73.88625463310017 81.10408038543729 49.842475386665825
73.88624828289446 81.10408303175923 49.84247615204262
73.88624912063233 81.10408268300151 49.842476051363285
73.88623865231176 81.10408704376792 49.8424773116853
73.88624718124838 81.10408349130891 49.842476285202075
73.88624343708778 81.10408505182083 49.84247673664909
73.88623529422895 81.10408844451743 49.842477717530684
73.88623777736456 81.10408741075565 49.84247741909893
73.88622505533499 81.1040927098518 49.842478950346546
73.88623190915666 81.1040898565079 49.842478126623774
73.88623231340448 81.10408968821218 49.842478078038184
73.88622149920008 81.10409419311534 49.84247938004599
73.88623133136858 81.1040900975117 49.84247819644678
73.88622641204341 81.10409214780957 49.842478789583026
73.8191965602295 81.13138279572894 49.84907127750499
73.81920490091817 81.13137948535007 49.84907055022285
73.8191873457479 81.13138645332991 49.84907208285928
73.81919099975424 81.13138500307659 49.849071764259605
73.69239560567523 81.15011797954267 49.84434515277735
73.81918190286187 81.13138861378584 49.84907255836579
73.81917520014579 81.13139127420013 49.84907314344616
73.69239264629907 81.1501192027072 49.844345396789535
73.81916033790102 81.13139717331336 49.849074441009165
73.69238951195742 81.1501204450023 49.84434563003442
73.69241784433136 81.15011874549788 49.84434803597807
73.62668302350876 81.16157051564787 49.840560006827104
73.69238619549702 81.1501217077126 49.84434585230985
73.69239628282102 81.1501211008153 49.844346708051425
73.6266858406382 81.16157069886252 49.840560419962245
73.69238434119816 81.15012241167574 49.84434597562057
73.69237415753489 81.15012351439299 49.844345343828
73.62668847085794 81.16157086984232 49.84056080614948
73.6923540684114 81.15012582016347 49.84434415930109
73.62669127313981 81.16157105216865 49.84056121665458
73.62671052357842 81.16157231509283 49.840563975621166
73.6266941757467 81.16157124113872 49.84056164117588
73.62670679462406 81.16157206902344 49.840563449569636
73.62669725619106 81.16157144184545 49.84056209077691
73.62670311970264 81.16157182654132 49.840562931013714
73.62669967083869 81.16157159931765 49.840562442350574
73.62669824975714 81.16157150572731 49.84056224079136
73.62666328373984 81.16156921031579 49.84055723806502
73.62669498158427 81.1615712900268 49.840561779963245
73.62666648388125 81.16156941906402 49.84055770371576
73.62669156661299 81.16157106475475 49.840561297749574
73.6266696956553 81.16156962864797 49.840558170608915
73.62668732189412 81.16157078512057 49.8405606961869
73.62667279949306 81.16156983121188 49.84055862167475
73.62668375497447 81.16157055000964 49.840560191436836
73.62667585417202 81.1615700306135 49.84055906532774
73.62668020400496 81.1615703160103 49.840559688590965
73.58775712241433 81.22093457617241 49.85847278260046
73.58781761581142 81.2209051697795 49.85846976414492
73.5878022339943 81.22092565053859 49.85847511084116
73.55881791974065 81.28328127977306 49.8765683411994
73.6036259223576 81.3104229099197 49.89537963552618
73.64299178941644 81.37723430382368 49.923330568046836
73.64304037120331 81.3772526758137 49.923344966415684
73.64301557982087 81.37724442767129 49.923338230821486
73.64305586399156 81.3772596592964 49.923350168644134
73.64303989397027 81.3772547683662 49.923346059018726
73.64307163491969 81.37726676703815 49.92335546366242
73.6430646315762 81.37726528741956 49.923354022609985
73.64308813717578 81.37727417137259 49.923360986301134
73.6430906921719 81.37727633986887 49.92336239626334
73.64310293495345 81.3772809634804 49.92336602133989
73.64311282841744 81.37728570488935 49.923369496429856
73.64311513062206 81.37728680704319 49.923370304446586
73.64313035554069 81.37729379423686 49.92337548429631
73.64308804525669 81.37727913518432 49.92336367282029
73.643144813687 81.3773005118419 49.92338044795855
73.64311579405312 81.377290886563 49.92337257966284
73.64316050693408 81.37730770012273 49.923385779628106
73.64314330099836 81.37730254556516 49.923381414329405
73.64317653875798 81.37731502928689 49.923391218616615
73.64317024745355 81.3773139884123 49.92339008060304
73.64319568204097 81.3773235284693 49.92339757616037
73.64319702377651 81.37732536680463 49.92339869639068
73.69770722996432 81.39953007692853 49.939020412236474
73.69771233206436 81.39953237447793 49.93902219328046
73.69773405814738 81.39953920036093 49.93902768397133
73.69774383910683 81.3995429832145 49.93903065830506
73.6977677429369 81.39955049052705 49.939036697400795
73.71976084121063 81.4702419894833 49.95457121502744
73.71977592628322 81.47023304791114 49.9545728408349
73.7197266398393 81.47026226988491 49.95456749327046
73.71974598971195 81.47025080026134 49.954569579274654
73.7196918581481 81.47028289646843 49.95456369887045
73.71971645001007 81.47026831826429 49.954566356384746
73.71965651658849 81.47030385618815 49.954559838266704
73.71968604628978 81.47028635029733 49.95456303170772
73.71962083478174 81.47032501986392 49.95455593054696
73.71965404852621 81.47030532965579 49.95455952391204
73.719585064869 81.47034623859597 49.954552000339206
73.71961899458313 81.47032612413503 49.95455567025732
73.64218778926113 81.52908936868027 49.945560359298426
73.73089373059419 81.56726156142611 49.96857059282536
73.73086835862294 81.56731673753289 49.968569744118284
73.73092156032665 81.56733989836513 49.96858176135045
73.73089007007457 81.56739387999556 49.96857963895191
73.73095292450637 81.56742013953757 49.96859375518933
73.73091088755349 81.56747134148395 49.96858938406863
73.73099030570299 81.56750291814532 49.96860710210892
73.7310242696825 81.56758469408865 49.96861971290224
73.73101590432795 81.56755330242332 49.96861577740929
73.73103376698859 81.5675882697285 49.96862181695188
73.73104504731118 81.5676626478467 49.96862948659029
73.73107824698204 81.56767442935019 49.968636788778745
73.78532999721727 81.6571301498886 49.98322101053347
73.78544222383245 81.65718198111144 49.98324462891546
73.7855505004088 81.65723585219817 49.983268118208144
73.7856139527162 81.65726908976042 49.98328218653049
73.78556249971821 81.65724180390046 49.98327071798011
73.81113468648698 81.72089900300938 49.98710952824122
73.81109050162513 81.72090535404085 49.98709958897207
73.81114556071907 81.72089746373518 49.98711193108184
73.81107368149969 81.72090778352008 49.987095783846094
73.81115799315428 81.7208957032211 49.987114679458024
73.81115663569733 81.720895916892 49.987114340303314
73.81116533353975 81.72089466039947 49.98711630830867
73.81117437107697 81.72089337614395 49.98711831435518
73.81114047897842 81.72089825910444 49.98711066967175
73.81118808415653 81.7208914389108 49.98712133740513
73.81112352383812 81.72090071731995 49.987106817178855
73.81120404413033 81.72088918088758 49.987124861928805
73.81120433045838 81.72088916353333 49.98712488297757
73.81121372500425 81.72088780428737 49.987127012460704
73.81122630682864 81.72088601558463 49.98712980667585
73.81118704435154 81.72089166816917 49.98712095813328
73.8112476123611 81.72088299322103 49.987134526349294
73.81126500655292 81.720880526457 49.987138378213984
73.81126889409592 81.72087996433442 49.98713925878381
73.94384577088567 81.70024195816195 50.011796406229074
73.81124745494421 81.7208830682408 49.987134395494174
73.94386285062302 81.70023956505553 50.011798289457815
73.94387424425602 81.70023799150107 50.011799546293304
73.94387844110653 81.7002373708043 50.01180000823858
73.94388467237033 81.70023649346085 50.01180069519913
73.94386015462872 81.70024007635122 50.01179799548082
73.94390301227914 81.70023391730969 50.011802717216256
73.94391004855785 81.70023296853017 50.01180349395616
73.9439159997458 81.70023208695304 50.01180414896554
73.94392540996523 81.70023075989376 50.01180518633508
73.94389614821597 81.70023502814661 50.01180196404617
73.94394608174139 81.7002278471636 50.01180746522377
73.94394567996413 81.7002279668371 50.01180742248287
73.94395438459097 81.70022667492299 50.01180838048528
73.94396998446256 81.70022447092485 50.01181010009372
73.94399300207232 81.7002212213036 50.0118126374344
73.94399377232573 81.7002211067711 50.01181272220069
73.94399530064892 81.70022089055608 50.01181289066403
73.94398005926251 81.7002231453911 50.01181121306925
74.13163763262095 81.6526500308986 50.07976438251406
73.94402561796791 81.70021665505851 50.01181623378615
74.13178172286518 81.65261701183323 50.07980769450049
74.13204197240455 81.6525573681246 50.07988593054529
74.13217719525191 81.6525266108124 50.079926283046575
74.13230506088728 81.65249706312785 50.079965033677595
74.13247544605758 81.65245800201843 50.08001627065106
74.13277377545717 81.65238971983091 50.080105840812365
74.13283385114636 81.65237583415991 50.080124051226576
74.13291088189052 81.65235817464425 50.0801472154442
74.1324448921166 81.65246573418287 50.080006151431846
74.13330808111476 81.65226712175593 50.080266650904406
74.13301449622308 81.65233506924584 50.08017754374109
74.13334468441141 81.65225872731432 50.08027766190669
74.40606832181271 81.58504293722083 50.15538161408713
74.20626201762862 81.64192171013461 50.088345924489154
74.40613202916576 81.5850265748438 50.15540119856548
74.64960773766921 81.52769712047078 50.22386697545949
74.64960791363208 81.52769711534398 50.223866931539774
74.64960976313601 81.52769726476659 50.22386642126613
74.64961011427397 81.52769699016932 50.223866396875664
74.64961061924537 81.52769696154961 50.223866274163896
74.64961155531115 81.52769750079696 50.223865904979405
74.64961238825748 81.52769684356855 50.22386584852087
74.64961370293355 81.5276967358082 50.22386553700032
74.6496133307366 81.52769776212426 50.223865386937575
74.64961469222636 81.52769664921286 50.22386530389865
74.64961695385324 81.52769647341272 50.223864765700434
74.64961703175541 81.52769641002769 50.22386476087877
74.64961717385155 81.52769639455342 50.22386472812387
74.64961857662695 81.5276968261477 50.22386426495392
74.64961941300982 81.52769614185645 50.2238642140887
74.6496210259837 81.5276959369347 50.22386384928145
74.64962181342088 81.52769583184117 50.22386367239526
74.64962357101935 81.52769602159736 50.22386317605138
74.64962423215599 81.5276954832733 50.223863135224576
74.64962551094521 81.52769529404391 50.22386285240371
74.64962668475185 81.52769511469815 50.22386259415326
74.64962847573494 81.52769527254287 50.223862096879095
74.64962914027251 81.52769470851675 50.2238620613292
74.64963057543275 81.52769447042043 50.22386175008053
74.649631637406 81.52769429419911 50.22386151977532
74.6496333384725 81.52769456193545 50.223861019278154
74.64963413564998 81.5276938426851 50.223860986836115
74.64963627955689 81.52769344107197 50.22386053286905
74.64963665284704 81.52769337722799 50.223860452370204
74.64963921211528 81.52769293514594 50.223859901517464
74.64964149312203 81.52769249440945 50.22385942173568
74.64964176138105 81.52769246147163 50.2238593607898
74.64964439121414 81.52769211814953 50.223858768203094
74.6496444792095 81.52769210223448 50.22385874943419
74.64964659759532 81.52769216448482 50.22385819103101
74.6496458198861 81.52769212752807 50.22385839940826
74.64964712203131 81.52769196230211 50.223858104851956
74.64964841912374 81.52769179131758 50.22385781296984
74.64964848225445 81.52769189196442 50.22385777269179
73.92536399280336 81.00271256796432 49.75240478772865
73.93755301792639 81.02081713296172 49.77037976304865
73.93755329934704 81.02081722273938 49.77037984798157
73.93755354636588 81.02081729894927 49.77037992048969
73.93755317038027 81.02081718079901 49.770379808430874
73.93755367190968 81.02081733777956 49.77037995741786
73.93755392640855 81.02081741735549 49.770380032955146
73.93755451132729 81.02081759713644 49.77038020411449
73.93755454911452 81.02081760862882 49.77038021507579
73.93755460338018 81.02081762548816 49.77038023109699
73.94157239590035 81.04405597293989 49.79410996796278
73.94157102368973 81.04405749567204 49.79411154576436
73.94157159685211 81.0440585330899 49.79411258107028
73.94156933971371 81.04405973941267 49.79411386176796
73.9415705831251 81.04406095649932 49.794115061371826
73.94157045056173 81.04406125503266 49.79411536711553
73.94156752946324 81.04406242477901 49.79411662822859
73.94156880955775 81.04406379102114 49.794117977885904
73.94156907574212 81.0440641106731 49.79411829453301
73.9415656384265 81.04406529566037 49.7941195846431
73.9415669584898 81.04406668290186 49.79412095451153
73.94156867135078 81.04406483297396 49.79411903647768
73.94156735745588 81.04406712769988 49.79412139437754
73.94156504266545 81.04406966417169 49.79412402334391
73.94156676170941 81.04406813995615 49.79412243492589
73.94156555370665 81.04407024916733 49.794124602212406
73.9415630804701 81.04407261914335 49.794127066768446
73.94156477857568 81.04407159413512 49.7941259843397
73.94156372885561 81.04407346192846 49.79412790303513
73.94156106767922 81.04407549407637 49.794130030484794
73.94156269231426 81.04407542433285 49.794129917176335
73.94156199878165 81.0440767339539 49.79413126137132
73.91748901493396 81.06610602125674 49.81415717037176
73.93507548915994 81.07211548336522 49.81977946145872
73.93507506862967 81.07211589305837 49.819779848782915
73.91748829549951 81.06611269490244 49.81416352117031
73.91748828341994 81.06611348654661 49.814164296406496
73.91748760502297 81.06611654353674 49.81416710128257
73.91748799117372 81.06611551180256 49.81416620160241
73.91748757990256 81.06611835754589 49.814168878458446
73.91748689229236 81.0661204648287 49.814170746228804
73.91748688223365 81.06612322780228 49.81417346152689
73.91748688168741 81.06612333395967 49.81417356580478
73.91748616090727 81.06612721064633 49.814177164461825
73.91748683642366 81.06612365035504 49.814173863561024
73.91748615282489 81.06612846622778 49.81417839732893
73.91558083894253 81.0668435409785 49.81464561053208
73.9174855307821 81.06613302358595 49.81418269515336
73.91748543955225 81.06613369411592 49.81418332758508
73.91558060378411 81.06684977955005 49.81465159677942
73.91558072168522 81.06685123608347 49.81465304494277
73.91558012804632 81.06685330148493 49.814654875953806
73.91558037497563 81.06685588114334 49.814657451935766
73.9155804108349 81.06685630374771 49.81465787259447
73.88629458338364 81.1040637341398 49.84247056922136
73.91558028392511 81.0668582822847 49.81465975580266
73.88629807741339 81.10406227963178 49.84247014938128
73.88629231626072 81.10406468026645 49.842470843586376
73.88629426110853 81.10406387063749 49.842470609878106
73.88628496560453 81.10406774269612 49.842471728876234
73.88628998817315 81.10406565180631 49.842471125305444
73.88629016761939 81.10406557710317 49.842471103741175
73.88628250741236 81.10406876845609 49.84247202627786
73.88628977284856 81.10406574165856 49.84247115135717
73.88628569078966 81.1040674432295 49.84247164373405
73.88627996376054 81.10406982983253 49.84247233398213
73.88628137502852 81.10406924231988 49.842472164384844
73.88627190373788 81.10407318776276 49.84247330467644
73.88627815659883 81.10407058385576 49.842472552559045
73.88627656352833 81.10407124787324 49.8424727446816
73.8862691025766 81.10407435645472 49.84247364342072
73.88627172382851 81.1040732652029 49.84247332839759
73.88626048754064 81.10407794555009 49.84247468090585
73.88626627415158 81.10407553650793 49.842473985450724
73.8862668922644 81.10407527917897 49.842473911163374
73.88625748279252 81.10407919907692 49.84247504418314
73.88626549829841 81.10407586018917 49.84247407925986
73.8862615632782 81.10407750030524 49.842474553766294
73.88625440178328 81.10408048437881 49.842475416647694
73.88625607411839 81.10407978815354 49.84247521565221
73.88624505928507 81.10408437647627 49.84247654168568
73.88625216315724 81.10408141824936 49.842475687263715
73.8862505971432 81.10408207095193 49.842475876092465
73.88624181701391 81.10408572896765 49.84247693357587
73.8862450668811 81.10408437597017 49.84247654296652
73.8862385388347 81.104087096417 49.842477329789055
73.88623972988525 81.10408660054736 49.84247718662819
73.88622846056575 81.10409129495983 49.84247854336548
73.88623663790793 81.10408788935736 49.8424775595371
73.88623434222609 81.10408884624745 49.84247783640447
73.88622501394582 81.1040927325889 49.84247895986839
73.88622905418265 81.10409105050029 49.84247847422846
73.88622153547527 81.10409418349042 49.84247938020964
73.88622398723533 81.10409316272894 49.8424790854977
73.81917791463093 81.13139019684819 49.84907290681468
73.8191986719352 81.13138195849147 49.8490710973668
73.81920133391253 81.13138090197174 49.849070865278314
73.81916843948514 81.13139395788957 49.84907373482636
73.8191944494142 81.13138363456233 49.84907146633462
73.81918624617454 81.13138689057499 49.84907218247128
73.81915879447314 81.13139778631725 49.84907457750248
73.81917189173068 81.13139258815065 49.849073435783204
73.81914900315797 81.13140167278833 49.849075432829416
73.81915659728364 81.13139865875712 49.84907477082709
73.69238282852956 81.1501229905005 49.84434607837182
73.81913908532114 81.13140560946323 49.84907629913473
73.81914148800068 81.13140465586322 49.84907608968179
73.69237932577761 81.15012429314717 49.84434629845193
73.72880723197233 81.15277584910922 49.84796890145437
73.69244568411892 81.1501202701998 49.844351913385836
73.69237567275374 81.15012561597348 49.84434651106028
73.69242411151808 81.15012267634059 49.844350608277026
73.69237212831322 81.15012695009008 49.844346741322866
73.69240378613917 81.15012502070874 49.84434941525812
73.6923684840156 81.150128302932 49.84434696913843
73.69238280943142 81.15012742798231 49.84434817822021
73.62670059498019 81.16157165959339 49.840562576862155
73.6267376545755 81.1615740913128 49.84056788573553
73.62673630842502 81.16157400268752 49.84056769462734
73.62670368774053 81.16157186122986 49.84056302751562
73.6267335372825 81.16157381962768 49.84056730483994
73.62670682909094 81.1615720661239 49.8405634847241
73.62673061516179 81.16157362672168 49.84056689307069
73.62671010354188 81.16157227983878 49.84056396048875
73.62672687286837 81.16157338008227 49.84056636332123
73.62671330389178 81.16157248875288 49.8405644252783
73.62672378383212 81.1615731763538 49.84056592688003
73.67449109592151 81.25280767044976 49.8836835612629
73.67450004440826 81.25281684413048 49.88368821397482
73.58780742640832 81.22092467302042 49.8584753963752
73.67451802170766 81.25285399879812 49.88370488965369
73.71392140238692 81.31969099468364 49.91167202274513
73.64304471628142 81.3772532203505 49.92334565773152
73.64310065391847 81.37727440876864 49.92336225501736
73.64306892101172 81.37726347958062 49.923353431736714
73.64311526781454 81.37728102054855 49.92336717540968
73.6430933709652 81.377273844844 49.92336128563932
73.64313053253355 81.37728789745123 49.92337229900602
73.64311796593758 81.37728427434354 49.92336918762228
73.64314600593413 81.37729487159879 49.9233774944008
73.64314306523048 81.37729491433984 49.92337724981123
73.6431614001163 81.37730183980095 49.92338267935381
73.64316869605754 81.37730577339694 49.92338547933384
73.64317662584656 81.37730876527577 49.923387825769815
73.64311791172315 81.37728785586704 49.923371127120596
73.73954058653734 81.40431562413161 49.945427555792705
73.73954421821335 81.40431776922159 49.94542904414348
73.6431442708363 81.3772990341706 49.923379596285514
73.73955355989226 81.40432304672821 49.945432711048035
73.64317107554044 81.37731039093647 49.9233882029165
73.7395630909099 81.40432841846909 49.945436443713845
73.64319778202635 81.37732170893509 49.92339677955624
73.73957196889586 81.40433348307394 49.945439961589884
73.69773406601064 81.39953717250971 49.93902624888845
73.73958231984906 81.40433924803988 49.94544396904564
73.73958460386991 81.40434124343932 49.945445339666215
73.73959356951896 81.40434543958489 49.94544827471652
73.7395989067844 81.40434887510432 49.94545065234705
73.73960598258297 81.40435218202488 49.94545296554504
73.73961313136732 81.4043564726183 49.94545594107251
73.73961930445422 81.4043593540156 49.94545795671465
73.73962716449145 81.40436398905514 49.94546117285647
73.73963412205195 81.40436723268478 49.94546344200014
73.7198209146593 81.47020637980913 49.9545776966277
73.71983511964842 81.470197959666 49.95457922865843
73.7197881248094 81.47022582318318 49.9545741286413
73.71980668703885 81.470214819984 49.95457613180101
73.71975460344595 81.47024570070873 49.95457047928342
73.71977912954628 81.47023116211997 49.954573126794166
73.71972058653243 81.47026587437496 49.954566765475846
73.71974996859564 81.47024845703149 49.95456993825256
73.719686274457 81.47028622598721 49.95456300613613
73.71971762186585 81.47026764378253 49.95456639034538
73.71965181325608 81.47030666878227 49.95455921792616
73.7196837412687 81.4702877420995 49.95456266622091
73.73093753122136 81.56728121683973 49.96858052983285
73.73098300429082 81.56730161214291 49.96859084548322
73.73095992370301 81.56735635323739 49.968590408737775
73.7310114089024 81.56737849455828 49.968602018172824
73.73098231743081 81.56743225769259 49.968600344510904
73.73104171386736 81.56745672344442 49.9686136583924
73.73100379317994 81.56750824399069 49.96861010842834
73.73107706847563 81.56753712924517 49.96862643765081
73.73111139489725 81.56761739239599 49.96863900714573
73.73110388957917 81.56759089900986 49.96863559945065
73.73111844255638 81.56762003309089 49.968640567561664
73.73113293020958 81.56769380911014 49.968648814338934
73.85002263056333 81.61834413972969 49.99289482558419
73.78550021080726 81.65720873732516 49.98325682792873
73.78559335733614 81.65725167758218 49.983276416512545
73.78555661703206 81.65723866827834 49.98326940385957
73.78569425393346 81.65730198125271 49.983298323772885
73.81120309010447 81.72088921618486 49.98712483283131
73.78574475688862 81.65732703266085 49.983309266068595
73.81121976217102 81.72088683133913 49.98712856211168
73.81118825621428 81.7208913535714 49.987121486519236
73.81123194259766 81.72088510380247 49.987131259712
73.81117281726871 81.72089358094928 49.987117998596275
73.81124790646385 81.72088283321402 49.98713480698215
73.81125132305932 81.72088235677869 49.987135548833265
73.81125842211478 81.72088133443671 49.98713714928117
73.94384955550821 81.7002411351647 50.0117968163229
73.81123632351739 81.72088452791407 49.9871321471534
73.94385953256379 81.70023975908349 50.011797916940345
73.81122094862354 81.72088675890521 49.987128650284575
73.94386952724066 81.70023837967369 50.01179901947957
73.94386403891339 81.70023922301112 50.0117984161605
73.94387296586626 81.70023790116834 50.01179939870687
73.94388234689453 81.70023659591095 50.01180043329355
73.94385219673143 81.70024097737172 50.01179711276993
73.94389403003913 81.70023497349995 50.01180172184685
73.94390150167622 81.70023395677967 50.01180254641902
73.9439045420334 81.70023350613752 50.011802881045384
73.94390820037704 81.70023299479746 50.01180328444859
73.94388887411408 81.70023582760575 50.0118011565897
73.94392292321993 81.7002309359406 50.01180490790263
73.94393716242053 81.70022894971143 50.01180647814944
73.94393930937386 81.70022863145182 50.01180671444549
73.94394244212567 81.70022819068026 50.011807059820775
73.94392442542892 81.70023083876409 50.01180507632552
73.94395919718116 81.70022583866863 50.01180890714157
73.94397198394009 81.7002240617391 50.011810317383265
73.94397563946049 81.70022351903694 50.01181071969378
73.94398192307006 81.70022263191197 50.0118114123658
73.94395921625144 81.70022595778698 50.01180891224095
74.1316444468311 81.65264750767855 50.07976766166102
74.1315856995198 81.65266133168286 50.07974953986725
74.13176999279848 81.65261876274903 50.07980536793366
74.13194436753454 81.652578835013 50.07985774320039
74.13221953893138 81.65251586064944 50.07994035098093
74.13224898088995 81.6525090584279 50.07994927187039
74.1322804068968 81.65250185925979 50.07995871528311
74.13190599035318 81.65258830207884 50.07984534642283
74.13260327672396 81.65242790277239 50.080055726958946
74.1325138087149 81.6524488238336 50.08002829758984
74.13273332545144 81.65239809535198 50.08009482595275
74.13301080406137 81.6523344883155 50.08017826031626
74.13310258600333 81.65231371790905 50.08020551375261
74.13324757657395 81.65228020350864 50.080249466278666
74.13343346955526 81.65223758569037 50.0803053685859
74.40600023884903 81.58505975844642 50.155360183841736
74.40606744308252 81.58504236481774 50.15538074307892
74.62624087383807 81.51844586980553 50.219988123230024
74.13337117956684 81.65225260148789 50.08028569558631
74.64960728609287 81.52769573655732 50.223867422434544
74.64960735505389 81.52769567745926 50.22386741888118
74.64960744695493 81.52769568162849 50.22386739430482
74.64960592391179 81.5276969548802 50.22386748043008
74.64960937896831 81.5276957644846 50.22386687878864
74.64960803737561 81.52769701604478 50.22386692354951
74.649609542993 81.52769576563178 50.22386683643074
74.64961170816062 81.527695744269 50.223866286030145
74.64961173177633 81.52769572422469 50.22386628476693
74.64961176988488 81.52769572300198 50.22386627528205
74.64961351641706 81.5276959411874 50.22386577497542
74.64961394005734 81.52769560095047 50.223865747688166
74.64961461873642 81.52769555520572 50.22386558450599
74.64961526291874 81.52769618325934 50.223865268961546
74.64961618772539 81.52769543568812 50.22386521055003
74.64961775595594 81.5276952994267 50.22386484079482
74.64961847943461 81.52769523097257 50.22386467155196
74.64962053177348 81.52769519721988 50.22386415306398
74.64962079293797 81.52769497684677 50.2238641387841
74.64962130816333 81.52769492008196 50.223864020175526
74.64962218545377 81.52769551890347 50.22386365181718
74.64962315295391 81.52769470572068 50.223863598150146
74.64962509050812 81.52769446093036 50.22386315960506
74.64962553921995 81.5276944025061 50.22386305845872
74.64962723653261 81.52769465111766 50.22386256350048
74.64962793587655 81.52769405673232 50.22386252628414
74.64962948294995 81.52769382107807 50.223862185737886
74.64963034933805 81.52769368653165 50.22386199564236
74.64963205599979 81.52769391382604 50.22386150338578
74.64963277485975 81.52769327792926 50.223861471094295
74.64963463914002 81.52769295253361 50.22386107063458
74.6496352223943 81.52769285413967 50.22386094453216
74.64963679520125 81.5276932388506 50.223860448954895
74.64963768952626 81.52769242025823 50.22386041535653
74.64963982253802 81.52769203753269 50.22385995966575
74.6496401807105 81.52769199200269 50.223859878663816
74.649642501735 81.52769186645489 50.22385931320271
74.64964274749244 81.52769167599075 50.22385929571978
74.64964281824919 81.52769166514537 50.22385928016075
74.64964486183541 81.52769175742574 50.223858733763734
74.6496451521052 81.52769144326194 50.223858734456755
74.64964541849753 81.5276915660714 50.22385863672572
74.64964669224031 81.52769141285718 50.22385834658263
74.64964757242605 81.52769165800599 50.223858062101186
74.64964675658331 81.5276915190138 50.22385830467526
74.6496467940427 81.52769173439025 50.22385824353343
74.64964868458372 81.5276915573478 50.223857800841046
73.93755381000517 81.02081738120161 49.77037999859691
73.93755455197697 81.02081760898972 49.7703802155047
73.93755515776374 81.02081779278633 49.770380390881506
73.93755419955171 81.02081750015952 49.77038011197722
73.94157238161894 81.04405609037045 49.79411008723457
73.94157238528186 81.04405675732278 49.79411076241638
73.94157249201226 81.04405838321942 49.79411240580474
73.9415719754769 81.04406018940875 49.79411424811541
73.9415721497698 81.04406084348261 49.79411490577395
73.94157052114745 81.04406142527516 49.79411553762826
73.94157170621229 81.04406235908276 49.794116451950146
73.94157137665565 81.04406348139506 49.794117596933106
73.94156993599552 81.04406583387052 49.7941200166347
73.94157015785026 81.0440662996407 49.79412048238903
73.94156817809102 81.04406845808644 49.79412271980595
73.94156976697198 81.04406708537516 49.794121288204025
73.9415686590443 81.04406926396445 49.79412352310482
73.9415663170556 81.04407139232757 49.79412573958273
73.94156787728528 81.04407065948693 49.79412495659208
73.94156694133594 81.0440723615342 49.79412670448257
73.94156439452246 81.04407439006746 49.79412882526708
73.94156592713114 81.0440742452806 49.7941286383969
73.94156523148467 81.04407554242249 49.79412997001247
73.94156243442805 81.04407728817903 49.79413181106649
73.94156386415885 81.04407826087082 49.794132758328324
73.93508044494743 81.07211074939018 49.81977503890117
73.93507512048706 81.07211584798532 49.81977980923607
73.93507597542822 81.07211509485165 49.81977914210839
73.93507611161401 81.07211497569064 49.8197790370578
73.9350712806147 81.07211964747056 49.8197834342244
73.93507498186284 81.07211607792107 49.8197800800035
73.9350717395072 81.07211924136841 49.81978307334373
73.93506642390932 81.07212435482464 49.81978787094782
73.93506815830577 81.07212273659219 49.81978638128116
73.9350673199487 81.07212355465403 49.81978715541406
73.935062568452 81.07212816923635 49.81979150990313
73.93506288665213 81.0721278837394 49.81979125378069
73.91748616850454 81.06612982924364 49.81417974299306
73.93506073401744 81.07212998305764 49.81979323969133
73.93505819544018 81.07213245907906 49.819795582134844
73.91748544088301 81.06613385403118 49.81418348531254
73.93505356061377 81.0721369758039 49.819799853002635
73.93505374730319 81.07213680802514 49.819799702317596
73.91558082641139 81.06685252998146 49.814654331402316
73.93505227193643 81.07213825006542 49.81980106826447
73.93504919838126 81.07214125469997 49.81980391463495
73.9189288407859 81.08433144063825 49.82845919258102
73.91892889794322 81.08433142484843 49.828459201782465
73.88629918209139 81.10406181978603 49.84247001665538
73.91892851125803 81.08433196648635 49.82845985943386
73.91892830586096 81.08433225390995 49.828460208297024
73.88629698264623 81.10406273771052 49.842470282864326
73.88629925130928 81.10406179330793 49.84247001026765
73.88629464665789 81.1040637125415 49.842470565534526
73.88629526406719 81.10406345552002 49.842470491343775
73.88628747327189 81.10406670120152 49.842471429544446
73.8862938210185 81.10406405707654 49.84247066543216
73.88629103700544 81.10406521763092 49.842471001290804
73.88628495239875 81.10406775308351 49.84247173450168
73.88628668130518 81.10406703333858 49.84247152673344
73.8862772688135 81.10407095426228 49.84247265992501
73.88628258520905 81.10406874079652 49.842472020832965
73.88628217194004 81.10406891307132 49.84247207068731
73.88627455049985 81.10407208842902 49.84247298868374
73.88627772831957 81.10407076546322 49.842472606764154
73.8862717483047 81.104073257547 49.84247332754864
73.8862728491662 81.10407279924037 49.84247319524034
73.88626331186865 81.10407677233728 49.84247434360898
73.88627023461653 81.10407388906607 49.84247351058458
73.88626788851586 81.1040748669837 49.84247379354244
73.88626029283779 81.104078031807 49.84247470860018
73.88626259837106 81.10407707195262 49.84247443148787
73.88625127834463 81.10408178735236 49.84247579421796
73.8862572891623 81.10407928487277 49.84247507173659
73.88625750150686 81.10407919646752 49.84247504621345
73.88624811280735 81.1040831078652 49.84247617685857
73.88625701425492 81.10407939955219 49.84247510496742
73.88625196268619 81.10408150503399 49.84247571410384
73.88624496299059 81.10408442182796 49.84247655760537
73.88624691691865 81.1040836083349 49.842476322736545
73.88623523075393 81.104088476323 49.84247772960268
73.88624177972808 81.10408574972604 49.84247694238121
73.8862420128292 81.10408565267593 49.84247691436048
73.88623190394249 81.10408986403434 49.84247813167366
73.88624137831071 81.10408591717507 49.842476990900565
73.88623694585526 81.10408776486446 49.84247752559065
73.88622855525736 81.1040912608648 49.84247853638408
73.8862322902337 81.104089705813 49.842478087392465
73.88622516453023 81.10409267521067 49.84247894615778
73.88622752317433 81.10409169318287 49.842478662610645
73.81918945195633 81.13138561822284 49.84907190296898
73.88622169161494 81.10409412379181 49.84247936582507
73.8862223054953 81.10409386819883 49.84247929202487
73.8191801561146 81.131389308076 49.84907271524102
73.88622066283415 81.10409455289468 49.84247949013477
73.81919664690867 81.13138276296712 49.8490712773277
73.81917066325619 81.13139307606907 49.84907354444483
73.8191817326756 81.13138868268342 49.84907257928509
73.81916106281864 81.13139688674771 49.84907438297475
73.81916656409709 81.13139470332108 49.84907390329871
73.72880459911252 81.15277666821304 49.84796896442201
73.81915253237034 81.1314002726645 49.849075127807616
73.8191505574071 81.13140105654865 49.84907530015698
73.72880007056553 81.15277806758812 49.84796906706854
73.81913554411081 81.13140701552247 49.8490766104816
73.72879545970281 81.15277948340832 49.84796916622095
73.72881121406185 81.15277676550026 49.8479700910002
73.72879076528667 81.15278092099857 49.84796926485356
73.72880032377468 81.15277926766083 49.84796982335585
73.62673850917187 81.1615741470685 49.840568010031205
73.72878598475634 81.15278237719474 49.84796936066655
73.72878930149209 81.15278180223261 49.84796955370973
73.62674174988223 81.16157435843337 49.840568481759135
73.72878356628411 81.15278311278192 49.84796940848082
73.72877784497655 81.15278442167292 49.847969264508876
73.62674500712723 81.16157457094724 49.84056895548065
73.72876700086542 81.1527869417797 49.84796901502186
73.6267483569602 81.16157478962208 49.840569441963936
73.72875633409129 81.15278943850085 49.847968780241445
73.62675169212697 81.16157500740498 49.84056992593411
73.71090848035674 81.2554867407132 49.88731598343428
73.7139372322559 81.31965389326007 49.911660988450876
73.71394050703996 81.31965870589858 49.91166343474593
73.71392345690334 81.3196939506613 49.91167353349901
73.71394151512722 81.31970956024226 49.911682884563504
73.71394170172215 81.31971974254114 49.91168677599378
73.71392841563112 81.31976129931842 49.91169998203378
73.71394405445112 81.31978226425969 49.911710900216534
73.64314228736656 81.37729124180268 49.92337518512806
73.73953626181292 81.40430983642881 49.945423609428765
73.7395267022115 81.40430611902366 49.945420988747045
73.73954498388052 81.4043147626424 49.94542703227674
73.73954022772124 81.40431333188383 49.945426009977595
73.73955360710272 81.40431965035869 49.945430427987006
73.73955388168044 81.40432061060058 49.94543107711698
73.73956285666614 81.40432484375341 49.94543403716868
73.73956789007605 81.40432805892219 49.94543626278804
73.73957138751801 81.40432970633894 49.94543741481069
73.73954795161829 81.40431952759616 49.94543027376295
73.73957512946615 81.40433189416324 49.94543893329292
73.739578812583 81.40433405382024 49.9454404320903
73.73956222290245 81.40432712151643 49.94543556066398
73.73958819516085 81.40433933016247 49.94544409873032
73.73957657389363 81.40433475189843 49.9454408730915
73.73959768391373 81.40434466114552 49.945447803455586
73.73959091436942 81.40434237392687 49.945446179768936
73.7396085520412 81.40435064517351 49.94545196475978
73.73960504860058 81.40434990399592 49.94545142200045
73.73962020641717 81.40435700495148 49.945456388677016
73.73961892711222 81.40435732171937 49.94545658545161
73.73963360624035 81.40436419145502 49.94546139059281
73.73963302953251 81.4043648403621 49.94546181959707
73.73964637971913 81.4043710825487 49.945466185941555
73.73964707186899 81.40437233386587 49.945467036077986
73.73965960568155 81.4043781868734 49.94547113039813
73.73966113446859 81.40437983700306 49.94547225929308
73.73967289946309 81.4043853212593 49.94547609592689
73.71987771895394 81.47017270678298 49.9545838310316
73.7198970565241 81.47016124421822 49.95458591678068
73.71984616452596 81.47019141910322 49.954580390533074
73.71986588342915 81.47017973120916 49.95458251415447
73.71981401856216 81.47021048245381 49.954576884438964
73.71983539820798 81.47019781114389 49.95457918256259
73.71978138543341 81.47022983632782 49.954573317766894
73.71980463670802 81.47021605621592 49.95457581488666
73.71974840056832 81.47024940128944 49.95456970126611
73.71977341226234 81.47023457722591 49.95457239029692
73.71971508763733 81.47026916228992 49.95456604215908
73.71974199106754 81.47025321623468 49.95456893818478
73.73102377136682 81.56732017223636 49.96860011388158
73.7310637570219 81.56733867752604 49.96860922681239
73.73104605030646 81.5673936078182 49.968609845387455
73.73109235203322 81.56741396603442 49.96862031888418
73.73106836055891 81.56746780828504 49.9686196393541
73.73112200714726 81.56749029383829 49.96863169301145
73.73109012684246 81.56754228489547 49.968629348267456
73.84996515564987 81.61818136851352 49.992873197291814
73.85000805961735 81.61828359457968 49.99288759148445
73.84999879065006 81.61826024169514 49.992884366610326
73.85001001648526 81.61828655083227 49.992888093045764
73.850045542684 81.61837809275335 49.9929006381676
73.85005593164362 81.61839346417612 49.992903271587124
73.8500836339556 81.61847415044848 49.99291389892568
73.8501030848924 81.61850234070054 49.99291877588816
73.78571802938822 81.65731294026949 49.98330332346437
73.94388132336002 81.70023636620107 50.011800311256934
73.94387337725381 81.70023755841126 50.01179943705155
73.94388276542666 81.7002361690111 50.01180047038031
73.94388933239841 81.70023527121631 50.011801195010484
73.94386220011503 81.70023921368283 50.01179820684396
73.94389685773896 81.70023424502989 50.01180202545629
73.943850959522 81.70024087845863 50.011796969654924
73.94390477621518 81.70023316221128 50.0118028992115
73.94389872492374 81.70023408328859 50.01180223379142
73.94390693589921 81.7002328656722 50.011803137489565
73.94391367118529 81.7002319393412 50.0118038805564
73.94388744682139 81.70023575501205 50.0118009925082
73.94392333281826 81.70023060628581 50.01180494636624
73.9438761900635 81.70023742377819 50.01179975357928
73.94393326661367 81.70022923357104 50.01180604214747
73.94392460157229 81.70023053048801 50.011805088769364
73.94393432579493 81.70022908680569 50.01180615897421
74.1312939389157 81.65272620907837 50.07966437536748
73.94391352251809 81.70023217474643 50.01180386944384
74.13138540134155 81.65270542227663 50.079691647456016
74.13143028961912 81.65269535346707 50.07970486191088
74.13148460815671 81.65268281063263 50.079721311640796
74.13151231662036 81.65267649179194 50.0797296012101
73.94395024942166 81.7002270091381 50.01180791850475
74.13164565063107 81.65264608676365 50.07976948904576
74.13182996029596 81.65260397928039 50.079824726630804
74.13184988532285 81.65259937777559 50.07983076141406
74.13186464250188 81.6525960030846 50.079835188308806
74.1315489789873 81.6526688719625 50.07973962123345
74.1320682665991 81.65254944815617 50.079896259043295
74.132189596793 81.65252183703372 50.07993248341308
74.1322696474855 81.65250334607474 50.07995673381731
74.13234382475484 81.65248636427516 50.079979009815496
74.13189925571305 81.65258890444474 50.07984452631777
74.13259945443757 81.65242785595225 50.08005575898801
74.13252662975917 81.65244491009284 50.08003340027326
74.1327138267877 81.65240165921443 50.08009012233794
74.13291667744548 81.65235519201921 50.08015107513987
74.13313102781245 81.65230618880686 50.08021535766238
74.13318099279088 81.65229464203657 50.0802305007782
74.13323928294506 81.65228128598636 50.08024802031096
74.13283600685605 81.6523743663742 50.08012594554734
74.40596360863013 81.58506808639147 50.15534811008551
74.13342008839494 81.65224032718136 50.080301762152814
74.40603714837253 81.58504922469588 50.15537073674362
74.62624001801719 81.51844305229255 50.219986505775495
74.6262408783965 81.51844444034428 50.219987432365016
74.62624130325656 81.51844361693648 50.219987159270254
74.62624280372985 81.51844425086759 50.21998790996554
74.62624432187889 81.51844551219112 50.21998896970104
74.62624457610022 81.51844499161147 50.21998879278927
74.64960965267011 81.52769420887618 50.22386718076057
74.64961082100126 81.52769454630916 50.223866800270415
74.64961111629958 81.52769427614001 50.22386678914711
74.64961156991313 81.52769429412947 50.22386666846042
74.64960964533084 81.52769567395039 50.22386683210984
74.64961304734035 81.52769453055642 50.22386623283295
74.64961326821603 81.52769433209409 50.22386622364749
74.64961362866157 81.52769433290459 50.22386613097493
74.64961514024108 81.52769457643043 50.223865684886604
74.64961545610868 81.5276943021646 50.22386566946608
74.64961600497743 81.52769428038322 50.22386553385556
74.64961706359641 81.52769470661325 50.22386516026841
74.64961766571727 81.52769419616085 50.223865127914564
74.64961874269231 81.52769412378493 50.22386486891433
74.64961887513918 81.52769490418716 50.22386464821369
74.64961991029688 81.52769403427601 50.22386459076074
74.64962180938767 81.52769386871718 50.22386414312719
74.64962218801462 81.52769383123253 50.22386405495237
74.6496240456633 81.5276939420927 50.2238635518155
74.64962448114878 81.52769357418738 50.22386352810907
74.64962533237846 81.52769347893722 50.223863332500684
74.64962575420148 81.52769421856775 50.22386304731053
74.64962682046817 81.52769330868904 50.22386299143868
74.64962902801894 81.52769302395721 50.22386249317762
74.64962917583361 81.5276930046522 50.22386245987209
74.64963070413924 81.52769337271826 50.223861979694874
74.6496315280738 81.52769264989985 50.22386194124152
74.64963360585281 81.52769231724795 50.22386148774106
74.64963390444399 81.5276922706908 50.22386142227151
74.649635420102 81.5276926640883 50.223860939278474
74.64963629096536 81.52769186015519 50.223860908192215
74.64963867455583 81.52769145943253 50.22386039251705
74.64963869627304 81.52769143859094 50.22386039193169
74.64963874876075 81.52769143049807 50.22386038040134
74.64964049154162 81.52769171726757 50.223859864647764
74.64964118305521 81.52769113674636 50.22385982612332
74.64964197307826 81.52769101511142 50.223859652531374
74.64964372777078 81.52769094818385 50.223859218347215
74.64964388018235 81.52769092515454 50.22385918475335
74.64964507400416 81.52769100420777 50.22385885954307
74.6496458978134 81.52769126832331 50.22385858498801
74.64964555322662 81.52769106887615 50.223858721117544
74.64964541471907 81.5276912705328 50.22385870840572
74.64964697825454 81.527691180128 50.22385832888344
73.93755528614884 81.02081783339231 49.77038042935183
73.9415726307573 81.04405763560766 49.7941116452142
73.94157256022665 81.04405840736983 49.794112428464004
73.94157277220364 81.04405605729386 49.794110043480785
73.94157234303775 81.04406077181864 49.79411482813644
73.94157147253796 81.04406334959344 49.79411746096643
73.94157119274348 81.04406568110856 49.7941198289393
73.94157118088654 81.04406587805244 49.794120028653275
73.94157114604678 81.04406598279837 49.79412013562233
73.94157032046856 81.04406861210737 49.79412281944935
73.94156913632459 81.04407143114615 49.79412570479745
73.94156910620265 81.04407150690304 49.7941257822916
73.94156744714488 81.04407371489837 49.79412806144886
73.94156772230119 81.04407452187826 49.79412887127157
73.94156564929837 81.04407626426163 49.794130689882685
73.94156716421375 81.04407575811433 49.79413013760607
73.9415663435017 81.0440776188573 49.79413204314494
73.93508051758727 81.07211068798719 49.819774986119874
73.93508120429136 81.07211008843633 49.81977445838366
73.93508096641636 81.07211032073755 49.81977467831436
73.93507672081796 81.07211444448816 49.8197785699127
73.93507693587492 81.07211426032677 49.81977841007145
73.93507215757549 81.07211887219012 49.819782745768336
73.93507461009955 81.07211653304873 49.8197805625765
73.93507276135628 81.07211833871405 49.81978227222185
73.93506743224015 81.07212345478763 49.819787066363034
73.9350683994162 81.07212259099659 49.81978629388003
73.93506849273241 81.072122508756 49.81978622100836
73.9350635624732 81.0721272824666 49.819790717482206
73.93506769689809 81.0721232857023 49.819786956445796
73.935064007719 81.07212688587582 49.81979036346475
73.93505855707106 81.0721321349964 49.819795291629745
73.9350604205794 81.07213038936385 49.81979368061006
73.93505953267379 81.07213125634756 49.81979450135957
73.9350547085645 81.07213594194882 49.81979892314611
73.93505511451168 81.07213557595205 49.81979859372444
73.93504960326464 81.07214088883711 49.819803584832115
73.93505188432962 81.07213873491222 49.8198015869707
73.93505065225342 81.07213993971858 49.81980272851665
73.93504571719237 81.07214473253757 49.8198072511747
73.93504630012723 81.07214420288749 49.819806771971415
73.91892833838708 81.08433224234155 49.828460209256676
73.91892858888188 81.08433214094015 49.828460196267685
73.91892860896392 81.08433213305524 49.828460195630996
73.88630142601552 81.10406088798896 49.84246974893672
73.91892848094952 81.08433231357724 49.82846041535297
73.91892801557732 81.08433296653945 49.82846120866136
73.88629923274763 81.10406180334218 49.84247001440359
73.88630070892975 81.10406118879644 49.842469836997694
73.88629226206145 81.10406470763127 49.84247085406528
73.88629730514208 81.10406260777455 49.84247024767622
73.88629666658332 81.1040628739789 49.84247032472101
73.88628984540351 81.10406571608121 49.84247114645967
73.88629256633936 81.10406458330144 49.84247081943286
73.88628234214816 81.10406884221305 49.84247205023243
73.88628736534908 81.1040667509534 49.84247144649758
73.886288169198 81.10406641629163 49.84247134988085
73.88627972217134 81.10406993539652 49.842472367136054
73.88628638063719 81.10406716183047 49.8424715656106
73.88628345679551 81.10406838058893 49.84247191826739
73.88627698529275 81.10407107728722 49.842472698121966
73.88627854789479 81.10407042673745 49.84247251030811
73.88626886938822 81.10407445862934 49.842473675654205
73.88627501275595 81.10407190023209 49.842472936635204
73.88627342616324 81.10407256153616 49.84247312796552
73.88626592455678 81.10407568716961 49.84247403169544
73.88626851192006 81.10407460996763 49.8424737206969
73.88626301903636 81.10407689932711 49.84247438299802
73.88626376490488 81.10407658879288 49.842474293340956
73.88625419024696 81.10408057761563 49.842475446341936
73.88626186473485 81.10407738088612 49.842474522558625
73.88625887288148 81.10407862803088 49.84247488344887
73.88625117742242 81.10408183449766 49.842475810584006
73.88625444653387 81.10408047340253 49.842475417590755
73.88624817781098 81.10408308588659 49.84247617324441
73.88625018588253 81.10408224981543 49.8424759318375
73.88623857365549 81.10408708713088 49.84247732990723
73.88624513557185 81.10408435504316 49.84247654104546
73.88624583950644 81.10408406195326 49.84247645641716
73.8862353637476 81.10408842614581 49.84247771790527
73.88624385824838 81.1040848878933 49.8424766954536
73.88624098443135 81.1040860859243 49.84247704217956
73.88623209437529 81.10408978993145 49.84247811306223
73.88623631274106 81.1040880335622 49.84247760591237
73.88622874749467 81.10409118600515 49.8424785175512
73.88623118106182 81.10409017274922 49.84247822496927
73.81920076371199 81.13138112902956 49.84907091836284
73.88622534051733 81.104092607105 49.84247892926869
73.88622594552693 81.10409235519693 49.842478856527926
73.81919160999308 81.13138476243475 49.84907171806185
73.88622440946764 81.10409299544604 49.84247904177072
73.88622019823922 81.10409475072815 49.84247954961896
73.8191823334375 81.1313884445735 49.84907252838315
73.81919272483117 81.1313843202782 49.849071622278714
73.81915131217488 81.13140075698541 49.84907523434549
73.81917293354071 81.13139217564085 49.849073349347165
73.81917784060323 81.13139022805271 49.84907292147177
73.81914150677939 81.13140464898244 49.84907609061929
73.81916473360332 81.13139543038709 49.84907406539487
73.81916262963006 81.13139626547863 49.84907424901124
73.8191316207124 81.13140857299062 49.84907695389607
73.81914784998358 81.13140213170705 49.84907553891318
73.81912160478592 81.1314125485132 49.8490778283782
73.81913324663222 81.13140792795238 49.849076813387015
73.72881626517515 81.15277712133391 49.847971119079126
73.81911841425065 81.1314138150673 49.84907810769032
73.72878113967535 81.15278384922944 49.84796945549358
73.72881168179046 81.15277853470965 49.84797122121317
73.72881418668925 81.15277809858688 49.847971365876106
73.72877619861075 81.15278534005658 49.847969546017865
73.72880987773476 81.15277908954776 49.847971260533136
73.72880305361215 81.15278065764412 49.84797109292836
73.72877116778099 81.152786849395 49.847969633076296
73.77653673566383 81.24400004926753 49.891078155431046
73.77652699949303 81.24407461597228 49.891106993192494
73.77653123667722 81.2440880108785 49.89111267261968
73.76845874475353 81.34188517314463 49.92729509871553
73.76846274954912 81.34190080274155 49.927301410329775
73.71394236269234 81.31972060492299 49.911687228474534
73.76847651724027 81.34196202586921 49.92732634019728
73.76847884154756 81.34197105852047 49.927329986743004
73.71394730922336 81.31978627563072 49.91171303927139
73.76849456502637 81.342040047486 49.92735805631009
73.76849519034843 81.34204246433711 49.927359031643235
73.7395462824842 81.40431457574421 49.94542692306889
73.7395680433907 81.40432432532445 49.945433754325485
73.73957325087488 81.40432732347371 49.94543583623103
73.73955955156761 81.40432164550629 49.94543184483268
73.73958103721048 81.40433179171117 49.9454389392839
73.73957311479577 81.40432885746154 49.94543686593285
73.73958879839127 81.40433625543902 49.945442038985775
73.73958676418908 81.40433611385257 49.94544191800294
73.73959674824185 81.40434081771008 49.94544520733768
73.73960080953287 81.40434355734378 49.94544710089443
73.73960418007714 81.40434514314882 49.945448209882066
73.73958235281923 81.40433571917697 49.945441596717885
73.73960790666106 81.40434731403792 49.94544971678263
73.73961162745523 81.40434948174978 49.945451221473505
73.73959639609521 81.40434318275044 49.945446793086106
73.73962103070836 81.40435474740158 49.94545488118752
73.7396104749503 81.40435066225591 49.94545200061768
73.73963075632749 81.40436016939107 49.94545865010609
73.73962436234903 81.40435805232995 49.94545714559052
73.73964198746083 81.40436630325068 49.945462916755375
73.739638120575 81.404365388518 49.945462252694135
73.7396541573624 81.40437288438363 49.94546749604189
73.73965180999777 81.40437269821524 49.94546734111374
73.73966772678075 81.40438012801371 49.9454725385181
73.73966569630598 81.40438009611393 49.9454724913339
73.73968073464167 81.4043871070695 49.945477395981705
73.73967964007603 81.40438751876667 49.94547765892656
73.73969320712591 81.40439383240393 49.945482076061865
73.73969367245735 81.40439497555208 49.945482850592526
73.73970498827235 81.40440022876456 49.9454865261834
73.7199313680928 81.4701409105669 49.95458959504639
73.75846594382168 81.44356801861635 49.95393845960278
73.71990094364848 81.47015895421185 49.954586271219014
73.71991462051368 81.47015084962528 49.9545877347941
73.71987002845798 81.47017729069572 49.95458288554401
73.71988181104007 81.47017030905914 49.954584144379155
73.71983874500808 81.47019584392694 49.95457946722509
73.71985305423127 81.4701873648518 49.95458099740589
73.71980703575002 81.4702146517582 49.95457599289783
73.71982335977336 81.47020497820623 49.954577741225634
73.80537672910377 81.52355850282933 49.97509258018196
73.80537937362651 81.52357127896678 49.9750941549413
73.73110608080133 81.56735822387162 49.968618869588866
73.80539627078527 81.52367231015073 49.975107558725455
73.73112812358605 81.56742975873445 49.968628415196974
73.8499159633008 81.61803576502017 49.99285411466248
73.73115019072637 81.56750203751253 49.9686380203716
73.84995652467077 81.6181330691866 49.99286778283451
73.84997115734585 81.61819061876264 49.99287475223623
73.84999861250549 81.61823287084007 49.99288185963874
73.85004055503659 81.6183326260927 49.992895914921895
73.85002897285537 81.61830352179544 49.99289189219273
73.85004314914713 81.61833653322174 49.99289657874118
73.85007738807116 81.61842515095587 49.992908704968826
74.13159849548582 81.65265420012406 50.07975876078591
73.85011466608802 81.61851906672449 49.99292167433599
74.1316513172835 81.65264225896962 50.07977442951492
73.94388482612055 81.70023586412006 50.01180069719685
74.13172565659397 81.6526253798064 50.0797965753336
74.13173398362477 81.65262345818421 50.07979909554855
74.13173744845022 81.65262266901804 50.07980013087226
74.13149910351747 81.65267767024899 50.07972799649801
74.13178610691614 81.65261169154306 50.07981453582393
74.1312706179366 81.65273040961533 50.07965882899093
74.13183036391851 81.65260172902163 50.07982760963575
73.94390976739834 81.70023244608863 50.01180344913119
74.1318677001419 81.65259335948039 50.079838594117504
74.13172907340001 81.65262545653515 50.07979650206593
74.13189119463337 81.6525880290358 50.07984558790559
74.13194424054049 81.65257598555796 50.07986138923172
74.13148779790689 81.65268115912764 50.07972344864645
74.13201207362312 81.65256061434374 50.079881557575334
73.94393541908488 81.70022892454786 50.0118062792982
74.13210128465276 81.652540333424 50.079908165765275
74.13193319820316 81.65257922183622 50.07985716659948
74.13212508809771 81.6525349115726 50.07991527879781
74.13220752381963 81.65251614129865 50.079939904097444
74.13168757264438 81.65263594254472 50.07978277836767
74.13231490957881 81.65249168717529 50.0799719861232
74.13235622082085 81.65248243544636 50.07998412870831
74.13241871815647 81.65246800086379 50.08000305933621
74.13245684927823 81.65245929467602 50.08001448048603
74.13210641323091 81.65254013289011 50.079908459852874
74.13260152483498 81.65242627353868 50.08005779939593
74.13274446945067 81.65239366219986 50.080100581180844
74.13277583884924 81.65238641568594 50.080110084777345
74.13280014415918 81.65238085758072 50.080117375860894
74.13248031015098 81.65245468431448 50.080020552409465
74.13298707386868 81.6523381260852 50.08017343122735
74.13310032732531 81.6523123587468 50.08020723683221
74.13317549530342 81.65229499111038 50.08023001388517
74.13324756005167 81.65227849084042 50.08025165816645
74.1328237462215 81.65237626286839 50.080123428785654
74.40594541387995 81.58507164995089 50.155341681437214
74.40587877114062 81.58508919586373 50.15532151803935
74.62623582506392 81.51843823235114 50.21998293180263
74.62623704033973 81.51843894179268 50.21998363472585
74.62623900757045 81.51844019638152 50.219984824001266
74.62623908284706 81.5184400502974 50.219984775520984
74.62623929905831 81.51844016264909 50.21998489386439
74.62623821437401 81.51844174633206 50.21998533999911
74.62624158126016 81.51844133843704 50.21998613812305
74.6262417176041 81.5184428456358 50.219986908299525
74.62624232313816 81.51844167957378 50.219986522703735
74.62624424652928 81.51844253516279 50.21998750580037
74.6262450842502 81.51844396957688 50.219988448140256
74.62624553584183 81.51844307287735 50.21998814745915
74.64961178654156 81.52769277451048 50.22386697646468
74.64961212934855 81.52769338095024 50.22386674341472
74.64961278475482 81.52769282422281 50.223866708461344
74.64961370795604 81.52769285532696 50.22386646415582
74.6496142818022 81.52769338499849 50.223866190196276
74.64961483128747 81.52769288529734 50.22386616877468
74.64961572599552 81.52769290225345 50.22386593516465
74.64961642637724 81.52769339370253 50.22386563788527
74.6496169478573 81.52769290835391 50.22386562021492
74.64961791782758 81.52769289443083 50.223865374683214
74.6496184456698 81.52769346124121 50.22386510364093
74.64961909959054 81.5276928569105 50.22386508045824
74.64962040752857 81.52769279920254 50.22386475869094
74.64962043560344 81.52769354948484 50.223864571975255
74.64962129788728 81.52769275581893 50.2238645406337
74.64962310442 81.52769263737665 50.223864105474455
74.64962235571754 81.52769368048146 50.22386404799393
74.64962352946662 81.52769260581613 50.22386400397243
74.64962557333914 81.52769257957097 50.22386348586039
74.64962577713258 81.52769239291973 50.22386347823177
74.6496262419806 81.52769234789822 50.22386336973868
74.64962743928345 81.52769273726182 50.223862969390424
74.64962806394016 81.5276921638534 50.22386294631745
74.64962947593105 81.52769201395965 50.22386261990995
74.64962923486704 81.52769295000385 50.22386245780117
74.6496303798844 81.5276919131456 50.223862412105575
74.6496324248785 81.5276918262654 50.223861908213316
74.64963268341849 81.52769158955644 50.22386189851531
74.6496333444497 81.52769149696923 50.223861751068554
74.64963401127636 81.5276921704033 50.22386141885657
74.64963501883634 81.52769125624172 50.223861379071664
74.64963724924793 81.52769098938526 50.22386087066842
74.6496373619022 81.52769088767892 50.22386086609923
74.64963763028916 81.5276908459424 50.223860807225726
74.6496397374905 81.52769054426426 50.22386033876567
74.64964141401654 81.5276902982554 50.22385996748351
74.64964215492888 81.52769026887069 50.223859784419986
74.64964425002323 81.52768997585727 50.22385931699306
74.64964465175927 81.52769017902966 50.22385916530957
74.64964582151615 81.52768996893329 50.22385891545553
74.64964598204483 81.52769031990323 50.223858790295985
74.64964603988356 81.52769043211117 50.223858748609565
73.94157255168281 81.04405845413302 49.79411247603548
73.9415721953392 81.04406157340689 49.79411564361254
73.94157175210148 81.04406476902798 49.79411889077343
73.94157167531677 81.04406558395601 49.794119717892265
73.94157188925473 81.04406320649417 49.794117305129795
73.94157093735488 81.0440670783451 49.79412125032935
73.94157084628954 81.04406699458693 49.794121167918746
73.94157000050214 81.0440684231917 49.79412263658388
73.94156936729271 81.04407110177851 49.79412536524853
73.94156891971521 81.04407268931233 49.794126984361995
73.94156873860008 81.04407385587953 49.79412817025136
73.94156870354135 81.04407394916292 49.79412826562054
73.94156757341213 81.04407681209685 49.794131193992285
73.93508372788264 81.0721076433043 49.819772154308254
73.93508368732932 81.07210768357251 49.81977219280542
73.93508089491769 81.07211039298696 49.8197747480781
73.93508359668783 81.07210777248089 49.81977227719858
73.93508009643679 81.07211120352996 49.81977553273024
73.93507645680208 81.0721147714693 49.819778918296095
73.93507644723996 81.07211478162567 49.81977892837092
73.93507269723725 81.07211842085549 49.819782360948345
73.9350763564384 81.0721148705297 49.81977901266983
73.93507255718484 81.0721185901365 49.81978253946275
73.93506922951121 81.07212184324779 49.81978562125363
73.93506841190492 81.07212264254304 49.81978637846011
73.93506413576229 81.07212680038872 49.81979030473267
73.93506421258627 81.07212674867637 49.81979026885883
73.93505959706823 81.07213120263285 49.81979445565285
73.93506177185473 81.07212913459608 49.81979252905859
73.93505991945666 81.07213094615278 49.819794245585015
73.93505555764663 81.0721351940563 49.81979826071074
73.93505572791875 81.07213505047599 49.819798137518994
73.93505078064491 81.07213982563249 49.81980262684682
73.93505271448072 81.07213800516527 49.8198009415227
73.93505160569775 81.07213909190666 49.819801972603884
73.93504692795321 81.07214363618235 49.819806261494236
73.93504750926215 81.07214311225846 49.81980579003505
73.91892881899928 81.08433205298402 49.82846019293874
73.91892887286917 81.08433203045104 49.82846018894305
73.91892809550588 81.08433292967933 49.82846119705866
73.9189284501447 81.08433264964413 49.82846095271334
73.91892833767226 81.0843328143759 49.8284611559028
73.88630377061699 81.1040599141456 49.84246946900847
73.91892778684714 81.08433361745398 49.82846214490965
73.88629695320382 81.10406275465121 49.84247029027082
73.88630173793366 81.10406076259177 49.84246971513148
73.88630335552588 81.10406008913219 49.84246952069495
73.88629472100712 81.1040636862359 49.842470560436865
73.88629974309146 81.10406159513528 49.84246995658363
73.88629936403744 81.10406175315757 49.842470002318976
73.88629238660153 81.10406466041695 49.842470842924264
73.88629516150051 81.10406350510314 49.84247050935542
73.88628481200737 81.10406781636338 49.842471755366006
73.88628996426964 81.10406567123667 49.84247113600687
73.88629067885809 81.10406537371844 49.84247105010393
73.88628221029933 81.10406890192583 49.842472070061234
73.88628925371839 81.1040659677145 49.84247122195346
73.88628552053099 81.10406752371887 49.842471672131836
73.88627416135652 81.10407225544574 49.84247303959107
73.88627961549088 81.10406998461751 49.842472383928595
73.88628083009527 81.10406947891771 49.84247223791684
73.88627142561316 81.10407339686307 49.84247337043991
73.88627818138113 81.10407058295985 49.84247255736156
73.88627575073464 81.10407159609052 49.84247285049324
73.88626870831507 81.10407453059817 49.842473699069274
73.88627123187672 81.10407347989825 49.84247339568958
73.88626011256396 81.10407811188692 49.84247473441998
73.88626596988976 81.10407567314611 49.842474030252085
73.88626685009235 81.10407530666507 49.84247392443227
73.88625725888555 81.1040793024645 49.84247507949415
73.88626446276842 81.10407630194693 49.8424742125117
73.88626239920268 81.10407716223574 49.84247446150871
73.88625440066684 81.1040804949481 49.84247542512708
73.88625846850123 81.10407880124176 49.84247493606424
73.88625148970506 81.10408170941434 49.8424757771195
73.88625434925984 81.10408051878282 49.84247543331501
73.88624199902794 81.10408566348357 49.842476920199815
73.88624848259718 81.1040829639328 49.84247614068801
73.88624993458983 81.10408235936137 49.842475966109944
73.88623884598985 81.10408697880159 49.84247730134547
73.88624602365286 81.10408398970847 49.84247643793441
73.88624498898545 81.10408442102428 49.84247656275524
73.88623560117301 81.10408833234716 49.84247769353698
73.88624024435669 81.10408639903562 49.84247713526081
73.88623229791541 81.10408971022866 49.842478092757304
73.88623503590635 81.10408857018386 49.84247776354467
73.88622187077539 81.10409405433089 49.84247934852638
73.88622895716077 81.10409110372802 49.84247849649021
73.88622988146054 81.1040907188643 49.842478385350454
73.81920293777054 81.13138026681715 49.849070731764655
73.88622751742096 81.10409170424978 49.84247867046399
73.88622425679822 81.10409306333364 49.8424790636946
73.81919387701137 81.13138386330775 49.8490715232709
73.81920527208999 81.13137934064163 49.84907052958914
73.81916341976094 81.13139595188179 49.84907418012442
73.8191847142448 81.13138750027375 49.84907232362313
73.81919136376358 81.13138486110469 49.84907174377287
73.81915385820842 81.1313997470926 49.849075015108355
73.81917544531139 81.13139117934871 49.84907313310621
73.81917726546831 81.13139045693819 49.849072974398354
73.81914416961826 81.13140359270085 49.849075861065224
73.81917269150921 81.13139227238486 49.84907337352347
73.81916154592224 81.13139669615866 49.84907434603379
73.81913437147529 81.13140748174857 49.849076716388026
73.81914605927484 81.13140284292676 49.84907569728921
73.81912448593016 81.13141140544035 49.84907757912764
73.8191301366304 81.13140916269676 49.84907708636777
73.72880702702761 81.1527799643059 49.84797132148605
73.77655066126755 81.24394568236652 49.891057698908526
73.77655075275351 81.24394602047762 49.89105784097761
73.77653911897269 81.2440090257895 49.8910819234294
73.77655045619642 81.24395017633027 49.89105946871973
73.77654489064842 81.24403094620584 49.89109112074935
73.77653483818926 81.24410024490635 49.891117837452555
73.77653969158047 81.24411712742057 49.89112495501553
73.76846959977344 81.341927569886 49.92731222045807
73.76847499983744 81.34194868128674 49.92732074676391
73.76848712093634 81.34200329281252 49.92734300159464
73.768490862161 81.34201784743381 49.9273488778305
73.76850476450025 81.34207954783955 49.92737399910578
74.05923408166217 81.45417530015641 50.043542790108894
73.73957718996586 81.40432918486056 49.94543713772114
74.05912894983328 81.45416584491892 50.04351166798871
74.05918283065182 81.45417084833797 50.04352778386004
73.73959059119474 81.40433630141015 49.945442092618926
74.0591559338028 81.45416842896576 50.043519821230774
74.05907924095227 81.4541615437142 50.04349713078162
73.73960416689967 81.40434350138298 49.94544710582044
74.05898612060832 81.4541532128049 50.043469610708996
73.73961786485751 81.40435076114777 49.94545216077453
74.05889343060944 81.454144925073 50.043442222732395
73.73963164958393 81.40435806101658 49.94545724379362
74.06565090652754 81.4656295587545 50.05100582888803
73.73961495862031 81.4043510469823 49.94545231612945
73.73964212510128 81.40436359840629 49.94546109980991
73.73964386406529 81.40436462036745 49.945461808999255
73.73962877684384 81.40435838182418 49.94545742308837
74.06553868776966 81.46561545304928 50.05097074695264
73.7396425969517 81.40436571693091 49.945462530249245
74.06553265332943 81.46561501435703 50.050969185818076
73.73965621826525 81.40437296047416 49.94546757332482
74.06556681800735 81.46561988392985 50.05098045149066
73.73966984396846 81.40438020998431 49.94547262046808
74.06561894779786 81.46562712706887 50.05099745081187
73.739683336122 81.40438740561375 49.94547762969021
74.06570959532071 81.46563945666576 50.05102674066296
74.06527351059952 81.46558224309626 50.05088797149049
74.06580203247744 81.46565202241604 50.05105660138431
74.06537973213108 81.46559663219102 50.05092223373666
74.06589589843765 81.46566477614213 50.051086917302115
74.06549702138724 81.46561247960804 50.05096002427473
74.06597913320869 81.46567612472003 50.05111383967109
74.06560722724952 81.46562739044728 50.05099555338896
74.0660774422229 81.46568946210915 50.051145570194926
74.0657198863455 81.465642621278 50.05103186126071
74.06616450841776 81.46570131162302 50.051173710014204
74.06583164586726 81.46565773133487 50.05106788007464
74.06626171600072 81.46571449827553 50.051205083706435
74.0659337909033 81.46567157145455 50.05110083072388
74.06638108884235 81.4657306086738 50.05124352671376
74.06603471614437 81.46568524780406 50.05113338941499
74.33138262513643 81.49336550540161 50.13368417858137
74.06613435131159 81.46569875080918 50.05116553342422
74.33148638528581 81.49337722259364 50.13371572388526
74.07742740867366 81.56280489303977 50.065196520780944
74.07796977063651 81.56279544788431 50.06536015983775
74.07738538012268 81.5628766879908 50.065187310188975
74.07802687705892 81.56286440060089 50.065380805326015
73.84996811097183 81.61815117646525 49.99287080733255
74.07811729247211 81.5629332330758 50.065411523109844
73.85000431941104 81.61824163270973 49.99288333511736
74.13250479949915 81.65244549073145 50.080032497808475
74.13237467652631 81.65247558719985 50.07999302832636
74.13251110013482 81.65244410015441 50.08003432356118
74.13252696303114 81.65244057915288 50.08003894578533
74.1321742557197 81.65252184804562 50.07993235735982
74.1325345408638 81.65243902332062 50.08004099236574
74.13195999786478 81.65257129925102 50.079867502135514
74.13255804659218 81.65243381161437 50.08004783426509
74.13259765682227 81.65242490320783 50.080059525025014
74.13241004537906 81.65246824266642 50.08000268656403
74.13260343347292 81.65242359811923 50.080061237538835
74.13265388675694 81.65241217910089 50.08007622071126
74.13218944461558 81.65251917171867 50.07993589358368
74.13269197218439 81.65240362776781 50.08008744333229
74.13196633107029 81.65257068290734 50.079868337200764
74.13274766045502 81.65239103460704 50.08010396747019
74.13263573828604 81.65241699064099 50.08006993007355
74.13278046386958 81.65238357191149 50.08011375821848
74.132835963793 81.65237094982743 50.0801303180001
74.13241173794638 81.65246871835726 50.08000209008963
74.13290775495332 81.6523546613198 50.080151689254535
74.13217732628549 81.65252284884791 50.07993109886287
74.13301201149761 81.65233091474529 50.080182842866236
74.13283265427839 81.65237239314789 50.08012844657142
74.13303036430355 81.65232672842632 50.08018833478769
74.13313259438237 81.65230341762131 50.080218915877865
74.1326013618349 81.65242581610623 50.08005838366462
74.3536193992143 81.58561677722602 50.144916658721655
74.13323475097786 81.65228040066094 50.080249120346174
74.62623043122119 81.51843062890097 50.21997765479898
74.62623102298355 81.51843116514368 50.21997808946747
74.13299871637703 81.65233492898739 50.08017760809342
74.62623244740551 81.51843242810283 50.2199791222783
74.62623352380311 81.51843373525968 50.219980073574995
74.62623366698038 81.51843337129903 50.21997993966795
74.62623411079858 81.51843370423512 50.219980232136066
74.38683786521963 81.58290730935404 50.14863572518565
74.62623572789633 81.51843493421471 50.2199813059542
74.62623666824865 81.51843624087289 50.21998221677848
74.62623689026802 81.51843571803543 50.2199820292507
74.6262375949926 81.51843617317188 50.21998245804855
74.6262361029386 81.51843762369643 50.219982719235425
74.62623941075984 81.51843736307153 50.21998357120804
74.62623969973487 81.51843871596891 50.219984311800076
74.62624010613621 81.51843777287141 50.219983975287334
74.62624149440501 81.51843856146616 50.2199847676973
74.62624318694554 81.51843978416628 50.21998586030008
74.62624329628339 81.51843953342527 50.21998577121245
74.62624368570465 81.51843973415146 50.219985983572165
74.62624253905977 81.51844124025428 50.2199863738161
74.6262459086433 81.51844086447115 50.21998718828779
74.62624589370415 81.51844234183216 50.21998789927839
74.62624646474502 81.51844111645495 50.21998747475914
74.64961389033579 81.52769137233761 50.2238667721832
74.64961360405772 81.52769216770808 50.22386665533249
74.64961452093951 81.5276914216232 50.22386659859865
74.64961561009338 81.52769149815063 50.22386630084709
74.64961567912407 81.52769219016449 50.223866117564796
74.64961648974148 81.52769153750671 50.22386606574156
74.64961752587763 81.52769156709954 50.22386579282222
74.64961774413256 81.5276922190433 50.22386558084098
74.64961851714318 81.52769157371327 50.22386553691318
74.64961964142891 81.52769157585954 50.22386524794438
74.64961980755128 81.52769225026603 50.22386504396425
74.64962060097764 81.5276915706904 50.223865002992035
74.64962189743633 81.52769153811948 50.223864678155664
74.64962179135944 81.52769232243246 50.223864517716805
74.64962273250974 81.52769150850756 50.223864470987834
74.64962437764622 81.52769143099803 50.22386406744407
74.6496237436786 81.52769241580393 50.22386399447491
74.64962490397556 81.5276914013297 50.22386393950344
74.64962703692726 81.52769128067212 50.223863421125685
74.64962709689448 81.52769122817409 50.22386341830072
74.6496272160535 81.52769121836893 50.22386339007436
74.64962891087589 81.52769140742433 50.223862910004456
74.64962932728344 81.52769103625052 50.223862891974846
74.64963019768516 81.52769095298812 50.22386268857932
74.6496307712994 81.52769155149547 50.223862398209604
74.64963158061317 81.52769080861486 50.22386236830754
74.64963345618912 81.52769059711056 50.22386193770005
74.64963384919312 81.52769055186977 50.2238618476923
74.6496357276076 81.52769062321852 50.2238613486811
74.64963613534995 81.5276902598138 50.223861331015854
74.64963697727788 81.52769015353662 50.22386114043229
74.6496384513176 81.52768998501159 50.22386080256277
74.64964023790087 81.527689755649 50.22386039906068
74.64964078881957 81.52768972774476 50.22386026438918
74.64964304949086 81.52768945386998 50.223859749901465
74.64964319436874 81.52768962911586 50.22385967080117
74.64964437285875 81.5276895268193 50.22385939291429
74.64964555252983 81.52768941820099 50.22385911623694
74.64964672378638 81.5276893075276 50.22385884221018
74.6496462794189 81.52769009715779 50.223858767293535
74.64964676935168 81.5276894275373 50.223858801806074
74.64964631438633 81.52768982442045 50.22385882357716
73.94157167062788 81.04406560911478 49.79411974348834
73.94157083897124 81.04406703467615 49.79412120870073
73.94156998976419 81.04406848332705 49.794122697752115
73.94156932471813 81.04407199904524 49.79412627483493
73.94156859042319 81.04407403824054 49.794128358782814
73.94156759522292 81.04407620650679 49.7941305802693
73.94156851033532 81.04407500947468 49.79412934424579
73.94156890901507 81.04407319119281 49.794127492788775
73.94156717960729 81.04407772541286 49.79413212905838
74.12473244323863 81.12980314104733 49.88107639824645
73.94156780676748 81.04407645743761 49.794130828773305
73.93508254834984 81.07210878990867 49.8197732368843
73.93508258840825 81.07210871977351 49.81977315307512
73.93508024523997 81.0721109961487 49.81977530155555
73.93507682584584 81.07211435251007 49.819778488776095
73.93507533528127 81.07211586108207 49.819779946725276
73.93507548749072 81.07211568099615 49.81977975858038
73.9350742210337 81.0721169419706 49.81978096598468
73.93507046882705 81.07212061869019 49.81978445389032
73.93506684590011 81.07212417075354 49.81978782467276
73.93506668335885 81.07212432952976 49.819787975018265
73.93506656519052 81.0721244452503 49.81978808475668
73.9350627366719 81.0721281953633 49.81979164151291
73.93505919595498 81.07213166446837 49.81979493225353
73.93505886648916 81.07213199168639 49.819795245118016
73.93505772103441 81.07213311624119 49.81979631312208
73.93505502701055 81.07213576181258 49.819798826047354
73.93505159431477 81.07213911083365 49.819801994907124
74.10045677250619 81.15177355070742 49.90104068052878
73.93504772274555 81.0721429383341 49.81980564476916
74.10047913216474 81.15178088759616 49.901048245858775
74.1004615449127 81.15177536557373 49.901042452423056
74.10051349509325 81.15179208367202 49.901059822292
73.91892835171248 81.08433280840165 49.82846115469346
74.10054240046998 81.15180153151509 49.90106957904993
74.10054562999217 81.15180257055297 49.90107065869973
73.9189278788868 81.08433357108196 49.8284621250476
74.10054703343212 81.15180303083372 49.901071133404045
74.10056770182527 81.15180983324936 49.90107813943284
74.10041697370995 81.15176153042667 49.90102787074004
74.1005856382468 81.15181577471455 49.90108424351848
73.88629953364983 81.10406168254174 49.8424699819311
74.10050552631948 81.15179019641232 49.90105758548226
74.1005935554645 81.15181850587489 49.90108700644632
73.88629726619577 81.10406262882098 49.84247025634809
74.1005776801826 81.15181355363748 49.90108179732489
74.1005717438204 81.15181170066892 49.90107984871851
73.88629493112374 81.10406360327731 49.8424705389138
74.10055806565575 81.15180751304709 49.901075410563706
73.88628739376055 81.10406674379041 49.842471446935846
74.10049936779365 81.15178886337452 49.90105593604863
74.10053319430145 81.15179973901242 49.901067239790365
73.88628488968388 81.10406778867304 49.84247174986882
74.10052592845707 81.15179746330347 49.90106484988401
74.10050515556222 81.15179095505243 49.90105801589961
73.88627690415225 81.10407111585539 49.84247271182835
73.88628235197447 81.10406884757177 49.842472056855755
73.88628384070856 81.10406822771063 49.842471877867105
73.88627428151342 81.10407221014631 49.84247302905126
73.88628058833717 81.10406958344345 49.84247227017551
73.88627899102005 81.10407024926057 49.84247246283465
73.88627162426977 81.10407331886381 49.84247335044974
73.88627444895185 81.1040721427499 49.84247301083607
73.8862631771542 81.104076838324 49.84247436797849
73.88626892370633 81.10407444563313 49.84247367706876
73.88627009333524 81.10407395862966 49.84247353643954
73.88626041506029 81.10407799075476 49.842474702030046
73.88626681830407 81.10407532407255 49.84247393169965
73.88626584711876 81.10407572898487 49.84247404891159
73.8862575576335 81.1040791829004 49.84247504756097
73.88626154027662 81.10407752461109 49.842474568696055
73.88625465114603 81.10408039548915 49.84247539900343
73.88625743156264 81.10407923776759 49.842475064680066
73.88624537476889 81.10408426039257 49.84247651636981
73.88625167133824 81.1040816386124 49.84247575926631
73.88625306672004 81.10408105759092 49.84247559147715
73.88624225013558 81.10408556386723 49.842476894086744
73.88624865579303 81.10408289663299 49.842476123840214
73.88624873895813 81.10408286200396 49.842476113839936
73.88623905306147 81.10408689750604 49.8424772805149
73.88624849953572 81.10408296181976 49.84247614273111
73.88624410075974 81.10408479569475 49.84247667354428
73.88623582798758 81.10408824281221 49.84247767031698
73.8862393346774 81.10408678265125 49.84247724863956
73.8862255554787 81.10409252258434 49.84247890753903
73.88623256206523 81.10408960513088 49.84247806503397
73.8862344765378 81.1040888079532 49.84247783481581
73.88622214473111 81.10409394522989 49.84247931968988
73.88622961124796 81.10409083594246 49.842478421612356
73.88622896753803 81.10409110425721 49.842478499248074
73.81920527330828 81.13137934046448 49.84907053086126
74.11023917200116 81.24364785096648 49.96538334092276
73.81919629332789 81.13138290485918 49.849071315165574
74.34391382740407 81.36933657536349 50.08040189457145
73.8191659954273 81.131394930175 49.84907395806563
74.3439112035768 81.36933602601064 50.08040117468195
74.3440136705944 81.36938398768768 50.08044710955013
73.8191564657726 81.1313987126386 49.84907478987621
74.34403615587509 81.36939477059263 50.08045736307092
74.60816290894303 81.5063917250254 50.20679585343041
74.0517845319566 81.266852691783 49.97051972737185
74.60816360425616 81.50639441237081 50.20679762554504
74.60816414886625 81.50639666842173 50.206799113136036
74.60816432468462 81.50639717971733 50.206799450427766
73.77654650260587 81.24403672209709 49.891093551785545
74.60816489505423 81.50639936310985 50.20680089023709
74.60816506525279 81.50640001422988 50.20680131960991
74.03391570379685 81.36961021947187 50.009888383579884
74.60816584644266 81.50640296681533 50.206803266682485
74.33183392136326 81.49339319605295 50.13380942330309
74.60816665860898 81.506406017089 50.20680527819038
74.33193578726105 81.49340453572418 50.13384030863894
74.6262291483927 81.51838323852823 50.21995432677528
74.33203885672853 81.49341601532221 50.133871561947764
74.62622862954768 81.5183842855002 50.21995468033745
74.33214347469374 81.49342767084732 50.13390328657865
74.62622811921031 81.51838535372497 50.21995504670709
74.05923606466527 81.45417610518946 50.043544035723166
74.6262274620227 81.51838642594116 50.219955371583424
74.62622758556037 81.51838644163537 50.21995541571553
74.05933680344954 81.45418577093317 50.043574493801856
74.62622747455978 81.51838660372567 50.21995546138257
74.33218586878466 81.49343376687196 50.133916847761895
74.33155384207367 81.49336918147223 50.13372818561422
74.3321043737708 81.49342620404829 50.13389291431627
74.3316700348343 81.49338210853898 50.13376341096186
74.3320410694825 81.49342053202174 50.13387442727142
74.06562540441111 81.46562654844968 50.05099805503657
74.33178693600635 81.49339511803576 50.13379885293155
74.33196011081449 81.49341305016651 50.13385066736998
74.06575739503738 81.46564433718244 50.051040536524766
74.33189302690072 81.49340700221727 50.13383105739132
74.33192760816596 81.49341058247788 50.133841403901826
74.06588597350145 81.46566167389592 50.0510819277834
74.33191263316134 81.49340918450845 50.13383700179298
74.33184120456858 81.49340256057184 50.13381602707429
74.06600416254513 81.46567763640854 50.05112000164225
74.33181549470692 81.49340081398736 50.13380880513265
74.06612306326426 81.46569369286122 50.05115830254698
74.33183522119225 81.49340377221992 50.133815177842905
74.06623351990615 81.46570863371369 50.05119390852472
74.33186888489712 81.4934081805951 50.13382572418544
74.06633721553004 81.46572268172076 50.05122735712591
74.33193044148177 81.49341548050725 50.13384461783334
74.33147347701144 81.49336910985816 50.133708379647814
74.33200487273685 81.49342412016512 50.13386736700505
74.33155509410203 81.49337850549131 50.13373328495215
74.3320800198237 81.49343284226327 50.13389033462943
74.33164052522328 81.49338830455062 50.13375933578695
74.33216471370861 81.49344255850201 50.13391616155081
74.33172673472535 81.49339818765444 50.13378562128534
74.33224996346948 81.49345233621949 50.13394215680543
74.3318113138273 81.49340790798415 50.13381142207326
74.33233604769725 81.49346220734255 50.133968405330755
74.33189666639247 81.49341771193164 50.13383745609579
74.33242265271855 81.49347213586805 50.13399481146463
74.3319800282364 81.49342731198008 50.13386289563878
74.33250965672109 81.49348210780353 50.134021338051866
74.3320639615325 81.4934369724897 50.13388850682375
74.62622136795302 81.51840842782121 50.21996422381764
74.33213264030304 81.49344505736015 50.13390955584052
74.62622153045297 81.51840974298247 50.21996490873521
74.33219956710627 81.49345296124595 50.1339300808844
74.62622183350899 81.51841107074138 50.21996564131801
74.35325153694752 81.58568746210668 50.14480459411876
74.62622219792983 81.51841240494167 50.219966395166665
74.13257315944637 81.65242977639342 50.08005310915415
74.62622240164308 81.51841375562907 50.21996710947515
74.62622254899952 81.5184131598786 50.21996686456032
74.62622284063468 81.51841377545205 50.21996724889175
74.6262220743551 81.51841508441811 50.21996765615323
74.62622350157804 81.51841514170616 50.21996810594918
74.3534985313598 81.58563129201534 50.14487609482099
74.62622424527838 81.51841651225394 50.21996898955847
74.35327689358891 81.58568741751836 50.144814393350146
74.62622493464103 81.51841786251615 50.219969847275934
74.13262693994517 81.65241817107916 50.08006835504492
74.62622519835745 81.51841922342152 50.21997058427643
74.62622538745808 81.51841854960031 50.21997031390051
74.62622584439737 81.51841923682679 50.219970781813
74.62622491350518 81.51842053801857 50.219971136631045
74.62622657069484 81.51842056194687 50.21997163827772
74.35349637417596 81.58563798324731 50.144878135015816
74.62622744524717 81.51842189813837 50.21997254394526
74.13286011892957 81.65236517777267 50.08013788181727
74.62622841571337 81.51842324152517 50.21997348146047
74.62622842892863 81.51842319276426 50.2199734617561
74.62622846835188 81.51842324193771 50.21997349722636
74.62622805309088 81.51842457311362 50.21997401904514
74.62622949963587 81.51842456646241 50.21997444359252
74.62622769666591 81.51842589760506 50.219974555025814
74.62623059876546 81.51842588064997 50.21997540501606
74.13306343612749 81.65231908975633 50.080198352720885
74.62623147195468 81.5184272000322 50.219976302140644
74.62623155722207 81.51842690795704 50.21997618591901
74.62623182253901 81.51842719312735 50.21997640247079
74.6262310930725 81.51842851992127 50.21997682925165
74.62623306226854 81.51842848009474 50.21997739229084
74.62623069157013 81.51842984593614 50.21997735263989
74.62623430460354 81.51842974146567 50.21997837048636
74.6262344465611 81.51843105136255 50.219979046779926
74.62623473406771 81.51843013004387 50.21997868565431
74.62623569930668 81.51843100112991 50.21997939291329
74.62623403300901 81.51843236835617 50.21997956223634
74.62623715743872 81.51843224061801 50.219980424327005
74.62623763445518 81.51843355684105 50.219981202766654
74.62623790450196 81.51843278762706 50.2199809101342
74.62623889690511 81.51843349834152 50.21998154776654
74.62623720753913 81.5184348651805 50.219981710080354
74.62624061280648 81.51843471531124 50.21998264450259
74.62624070299944 81.51843603136984 50.21998330847227
74.62624106615692 81.51843499892429 50.21998291590502
74.626242602265 81.5184359419454 50.219983826814165
74.62624027416916 81.51843732013866 50.219983805742864
74.62624414994332 81.51843713441272 50.21998486193854
74.62624421416406 81.5184369394672 50.21998478652784
74.62624450447828 81.51843711401747 50.21998495690427
74.62624370410526 81.51843843527556 50.21998536003615
74.6262464265078 81.51843824740502 50.21998607412149
74.62624707712085 81.51843949114954 50.219986868799126
74.62624734589119 81.51843874724352 50.219986588044506
74.62624852984209 81.51843936776048 50.2199872386429
74.62624659468696 81.51844080596864 50.21998736283299
74.64961612501844 81.52768997967327 50.22386653204498
74.6496162665436 81.52768984912171 50.22386652696997
74.64961644156782 81.52768987752584 50.22386647526845
74.64961500767939 81.52769100766054 50.223866572761686
74.64961781218227 81.52769008981366 50.22386607282121
74.64961714921174 81.52769098810319 50.223866027993154
74.64961815843898 81.52769012119685 50.223865976474215
74.6496194304157 81.52769022946276 50.22386562422248
74.6496192534724 81.52769098464785 50.223865488934784
74.64962012056945 81.52769026780564 50.223865437977466
74.64962123963434 81.52769031287217 50.223865140079056
74.64962129760143 81.52769100684031 50.22386495916774
74.64962213610544 81.52769032947265 50.22386490610181
74.64962325568004 81.52769033377598 50.2238646178256
74.64962332761547 81.52769103784212 50.22386443091442
74.64962420662661 81.52769033172814 50.2238643743335
74.64962542310195 81.52769030521617 50.223864068568616
74.64962525725485 81.52769111894389 50.223863916427064
74.64962631570937 81.52769027050556 50.22386384785932
74.64962782221167 81.527690205121 50.22386347698357
74.64962846225075 81.52769017061844 50.22386332102536
74.64963051739242 81.52769001511597 50.223862830948136
74.64963062995008 81.52769000640869 50.22386280415278
74.64963239895542 81.52769014279274 50.223862317652085
74.64963282082037 81.52768980256593 50.22386229081789
74.64963349060454 81.52768973782919 50.22386213446188
74.64963408189044 81.52769036038188 50.22386183380509
74.6496350333266 81.52768958384495 50.223861775491656
74.64963646297704 81.52768944234936 50.22386144254393
74.64963727993293 81.52768937442937 50.22386124919006
74.64963931741556 81.52768916010618 50.223860777717015
74.64963954433796 81.52768916034762 50.223860719438306
74.64964175755685 81.5276889677385 50.22386019768172
74.64964189106972 81.52768915099304 50.22386011958113
74.64964303531362 81.52768906423859 50.22385984676212
74.64964376626024 81.52768948625398 50.22385955825347
74.64964318441302 81.52768944255217 50.22385971799271
74.64964400569775 81.5276895602202 50.2238594791244
74.64964323865772 81.52768956381081 50.22385967506294
74.64964603460425 81.52768915513478 50.22385905549349
74.6496447413 81.52768943101621 50.22385932130606
74.64964680431204 81.52768908280414 50.22385887531726
74.12473419147611 81.12980389715754 49.88107716868096
73.93508251377477 81.07210879231836 49.81977322156605
73.93508010234345 81.07211113504412 49.81977543268812
73.93507586249791 81.07211529088016 49.81977937582616
73.93507484109486 81.07211629823237 49.819780335081745
73.9350710323384 81.07212000693517 49.81978384022201
73.9350685421251 81.07212242526487 49.819786122174264
73.93506682564197 81.07212406981817 49.81978766135311
73.93506730303753 81.07212366051898 49.81978730579354
73.9350659755042 81.07212491659834 49.81978847233705
73.9350703051381 81.07212073878699 49.81978454527635
73.9350656344225 81.07212534649561 49.81978893367943
73.93506337801932 81.07212750327594 49.81979094936521
73.935059504813 81.07213129764266 49.81979454836269
73.93505684536393 81.07213394393398 49.81979708132569
73.93505805286571 81.07213273801955 49.819795924638385
73.93505644057598 81.07213433082383 49.81979744289055
74.10048301104626 81.15178203227055 49.90104947737588
74.10050436693183 81.1517890410411 49.9010567038716
74.10055961208272 81.15180693481659 49.901075248254514
74.10062900780048 81.15182937697986 49.901098520552736
74.10069305911934 81.15185010938788 49.90112001231222
74.1006449540877 81.15183472324154 49.90110398779248
74.10074865252868 81.1518681326712 49.901138684146645
74.10073886538152 81.1518651172938 49.901135496509625
74.10079194993949 81.15188221476558 49.90115325470664
74.10080628212032 81.15188693764286 49.90115811662169
74.10081336053089 81.15188927648482 49.90116052181139
74.10060841962213 81.15182350406596 49.901092111976446
74.100827137209 81.15189389422423 49.90116524448325
74.10071557929693 81.151858193059 49.90112807024876
74.10083626047013 81.15189702447523 49.90116841758852
74.10081936674375 81.15189179139854 49.901162897562855
74.32139060399105 81.22913777326909 49.98269067441833
74.10060479247892 81.15182299685029 49.901091315997014
74.32139267556069 81.22913861184064 49.98269153155224
74.32140104656568 81.22914192718687 49.98269491779013
74.10070958691477 81.1518569272405 49.90112648505033
74.32141601331095 81.22914775978154 49.982700871793334
73.886279707699 81.10406995085904 49.84247237666974
74.10081064623293 81.15188965029817 49.90116040187573
74.3214329141319 81.22915431483722 49.98270756218959
74.1005993305382 81.15182195415085 49.901089941254014
74.32143363883654 81.22915470226576 49.98270796139987
74.32143398712438 81.22915504018188 49.982708313507146
74.10070010861016 81.151854593957 49.901123768625
74.3214462326245 81.22915989723646 49.98271327467068
73.88626617938422 81.10407559063697 49.84247400896107
74.10080169701979 81.15188749679265 49.901157868361125
74.32147197575267 81.22916974426354 49.98272332011426
73.88626336151022 81.10407676627909 49.842474349707686
74.32147959049861 81.22917273132488 49.982726370045526
74.32148878925149 81.22917630600813 49.982730018780046
74.10067291378877 81.15184659762375 49.90111515275947
74.51522558858274 81.31194310743301 50.06107000929674
74.10077617524685 81.15188005052138 49.901149819251216
74.5152275118005 81.31194545368399 50.06107190314259
74.5152282770736 81.3119470553562 50.06107303247409
74.51522963588333 81.31194795091481 50.06107394187876
73.8862455590639 81.10408418845702 49.84247649817567
74.51523116960055 81.31194977456623 50.06107542549965
74.51523177277137 81.3119504872588 50.061076006436934
74.09746961016289 81.17615345116852 49.914228685794356
74.55809407623235 81.38970060793258 50.12119584542876
74.52390655836909 81.39443723959045 50.114063587711584
74.58934536091722 81.43669004079159 50.15930307380234
73.88622921862009 81.10409099970506 49.84247846905284
74.55517360267078 81.44142701229711 50.15217564945975
74.62039603611944 81.49705415567007 50.20589134310081
74.55516525952856 81.44141886843468 50.152168185193574
74.6203960659362 81.49705475781487 50.20589176478185
74.62039607493983 81.49705483965471 50.205891823443714
74.62039331610495 81.49705431312604 50.20589070983581
74.62039623232914 81.49705558015145 50.20589237491804
74.62039465352456 81.49705559190954 50.205891952651996
74.62039625662902 81.49705628709098 50.205892867068464
74.60816310496716 81.5063922979795 50.20679623139411
74.60816392036956 81.50639466715573 50.206797794295554
74.60816395095281 81.50639475619926 50.206797853035724
74.60816404465301 81.50639569230961 50.20679846989647
74.60816401861804 81.50639501984885 50.2067980268924
74.6081646311095 81.50639739870701 50.20679959557259
74.608165012207 81.506399176692 50.20680076779543
74.62623551048524 81.51837984353136 50.219954564136614
74.60816511816782 81.50640016779076 50.20680142091135
74.62623430283675 81.51838072320928 50.219954632996036
74.62623480495247 81.51838079502855 50.219954816258586
74.6081660688009 81.50640361078106 50.20680369149682
74.62623435557569 81.51838142429378 50.21995498809026
74.62623410612308 81.51838176554705 50.219955079573886
74.62623105839162 81.51838241021643 50.21995449048686
74.626233538101 81.51838276009018 50.21995539320502
74.6262310311538 81.51838349466641 50.219955007574356
74.62623309450696 81.51838377780697 50.219955754853444
74.62623100271757 81.51838459568901 50.21995553233272
74.62623271013923 81.51838481816657 50.21995614498083
74.62623095485566 81.51838570597751 50.21995605583355
74.6262323510559 81.51838588044991 50.21995655320177
74.62623091840706 81.51838683721431 50.21995659285366
74.62623199065908 81.51838696350109 50.21995697109105
74.62622752457887 81.51838761887751 50.21995596775881
74.62623091508036 81.51838799255259 50.219957151339564
74.62623152293003 81.51838806054576 50.21995736401668
74.62622755379412 81.51838881367085 50.21995655497395
74.62623096655604 81.5183889853904 50.21995764734102
74.62623085296009 81.51838917006238 50.219957703175695
74.62622756358931 81.5183900135495 50.21995713890878
74.62623035402817 81.51839030217035 50.21995810385341
74.62622759104784 81.51839122794803 50.21995773509818
74.62622972885352 81.51839144366859 50.21995847174618
74.62622760737756 81.5183924484486 50.2199583309515
74.62622914126264 81.51839260011187 50.219958857990235
74.33200958173532 81.49341999044482 50.133866403235096
74.6262276299125 81.51839367836624 50.21995893320001
74.62622858665667 81.51839377044244 50.21995926071337
74.33211417654292 81.49343173188572 50.133898166319085
74.62622765887467 81.51839491373934 50.21995953999095
74.62622804499689 81.51839494982788 50.219959671649704
74.33221162678241 81.49344273558978 50.13392779279412
74.62622768602586 81.51839571415381 50.21995993561872
74.62622748883061 81.51839613997794 50.219960083508965
74.33230858221943 81.49345369576284 50.13395727518233
74.62622706851234 81.51839734836526 50.219960544372164
74.62622398717883 81.51839833111549 50.219960109063265
74.62622671388526 81.51839856969377 50.219961030928125
74.62622390149218 81.51839959185189 50.21996069423269
74.62622642668691 81.51839980353975 50.21996154348547
74.62622382251817 81.51840085954628 50.219961284756536
74.62622619061194 81.5184010477666 50.219962076187784
74.6262237340743 81.51840213227398 50.21996187491737
74.6262260467293 81.51840230554309 50.21996264271432
74.62622367579159 81.51840340685285 50.2199624748938
74.62622587728058 81.51840356118392 50.21996320064635
74.62622359478677 81.5184046870296 50.21996307086167
74.62622574479936 81.51840482514834 50.21996377354097
74.62622354101286 81.51840596820192 50.219963675364276
74.62622565533778 81.51840609387817 50.21996436146489
74.626223481423 81.51840724956386 50.21996427823885
74.62622560427116 81.51840736552325 50.21996496215456
74.62622336206185 81.51840853527125 50.21996486554228
74.62622571855303 81.51840865506799 50.21996562040848
74.62622320549771 81.51840982574774 50.21996544415359
74.6262258961182 81.51840994944085 50.219966299714365
74.62622298049293 81.51841112362828 50.219966006111214
74.62622623086827 81.51841125771026 50.21996703223189
74.62622274743839 81.51841242859592 50.21996656912029
74.62622673033933 81.5184125869426 50.2199678236115
74.62622652446856 81.51841391150103 50.21996840414607
74.62622682398589 81.51841277306343 50.21996794143294
74.62622746264273 81.51841394428978 50.219968697458164
74.62622619816244 81.51841523309733 50.21996894763145
74.62622821804742 81.5184152985167 50.2199695766253
74.62622586831304 81.51841655985099 50.21996949256646
74.62622898287484 81.51841664548985 50.21997045506628
74.626225571559 81.5184178806418 50.21997004440084
74.62622956789872 81.51841799826826 50.219971283147444
74.62622965654896 81.51841764144866 50.219971136573854
74.62622990197815 81.51841800590049 50.219971385636356
74.62622929085947 81.51841930917712 50.21997183602651
74.6262306778331 81.51841933092894 50.21997225671171
74.62622903859415 81.5184206075318 50.21997239015232
74.62623147178779 81.51842064136807 50.21997312607462
74.62622876190775 81.51842191329497 50.219972940643956
74.62623233851477 81.51842194919007 50.2199740156902
74.62623245882071 81.5184232663873 50.219974689116185
74.62623267226766 81.51842237613519 50.219974321133776
74.62623336486745 81.51842326491419 50.21997495633643
74.62623220576423 81.5184245486002 50.21997523519141
74.62623422019993 81.51842453119238 50.219975822464974
74.62623186956834 81.51842586232023 50.21997577193816
74.62623521475778 81.51842579842604 50.21997673022754
74.62623561158 81.5184270900453 50.219977473038064
74.62623578368361 81.51842643405577 50.219977206270784
74.6262363545818 81.51842706624116 50.21997768122938
74.62623525244155 81.5184284001491 50.21997800124916
74.62623750101343 81.51842830725049 50.21997862120456
74.62623487086124 81.51842971740638 50.21997852628783
74.62623872131257 81.51842953564207 50.21997957691352
74.62623852679151 81.5184308734328 50.21998016721212
74.62623890831608 81.51842969284968 50.219979708341064
74.62624023854079 81.51843078621195 50.21998063116931
74.62623811591233 81.51843219561047 50.21998068596931
74.62624182353315 81.51843201705447 50.21998169591118
74.62624162481319 81.51843335056759 50.21998228289666
74.62624201698748 81.51843215735441 50.219981821058845
74.62624357052434 81.5184332421823 50.21998280579156
74.62624118094331 81.51843468525236 50.21998279795447
74.62624504816624 81.5184344682058 50.21998383645447
74.6262451151738 81.51843426320502 50.219983756998644
74.62624540076958 81.51843444550022 50.219983929730205
74.62624459828739 81.51843581028508 50.2199843533161
74.62624716236769 81.51843559805344 50.21998500878605
74.62624802071696 81.51843680918236 50.21998584910081
74.62624820238042 81.51843625863147 50.21998563621894
74.62624894860721 81.51843671746782 50.219986079081366
74.62624758012501 81.51843812708888 50.21998635700314
74.62625061221722 81.51843777668475 50.219987083962565
74.62625092918903 81.51843906156202 50.21998779989518
74.62625125938732 81.5184381402631 50.21998745140378
74.6496188146885 81.52768845229394 50.22386620740363
74.64961975454673 81.52768878804154 50.22386588593545
74.64961987386775 81.52768868616332 50.22386587969696
74.64961999271691 81.52768870952471 50.22386584361466
74.649618478356 81.52768986797484 50.22386595497977
74.64962131355956 81.52768892262311 50.2238654537433
74.64962071894983 81.52768979445156 50.223865397707186
74.64962175125424 81.52768896421782 50.22386533149309
74.64962293423577 81.52768904900454 50.22386500769227
74.64962284306253 81.52768976628285 50.22386485946834
74.64962368805678 81.52768908319483 50.22386480610585
74.64962476714182 81.52768911340124 50.22386452202041
74.64962487699314 81.52768977657524 50.22386433516508
74.64962568180582 81.52768911933792 50.22386428592687
74.64962678745685 81.52768912012348 50.22386400206467
74.64962689370392 81.52768979516395 50.22386381329491
74.64962772376312 81.52768910917192 50.22386376445911
74.64962894986769 81.52768907970037 50.22386345693175
74.64962886038353 81.5276898387271 50.223863298285714
74.64962980411677 81.52768904989442 50.223863244890495
74.64963128692119 81.52768898229323 50.22386288062519
74.64963069935314 81.52768994949739 50.22386279996281
74.6496319176377 81.52768895005494 50.223862726517105
74.6496337448831 81.52768884026801 50.223862283972764
74.64963405986518 81.52768882048957 50.22386220789077
74.64963613579599 81.52768872547756 50.22386169800674
74.64963621909753 81.5276886590317 50.223861692532125
74.64963632675568 81.52768865146507 50.22386166672092
74.64963828133094 81.52768865374897 50.22386116469379
74.64963842224489 81.5276885513103 50.22386115304933
74.64963853121097 81.52768854469893 50.223861126673974
74.64964059451427 81.52768845995831 50.223860617572264
74.64964070717467 81.52768865369401 50.22386054231404
74.6496409849943 81.52768879920102 50.22386043622052
74.64964248327655 81.52768901848377 50.22385999934424
74.64964195768047 81.5276889699631 50.223860145804224
74.64964272588094 81.52768910034203 50.2238599175144
74.6496420086471 81.52768909528143 50.22386010274417
74.64964333290467 81.52768920893554 50.22385973578968
74.64964294904155 81.52768916864255 50.22385984391703
73.93506595450236 81.07212493699134 49.819788491578564
73.93506334053437 81.07212753965125 49.819790983673656
73.93505945594174 81.07213134703449 49.81979459605926
73.93505793565569 81.07213285167794 49.81979603179226
73.93505588410767 81.07213486630076 49.81979794538857
74.10050427676413 81.15178904123509 49.90105669216862
74.10054997442742 81.15180386860362 49.901072048123275
74.10052783190628 81.15179684869771 49.9010647114291
74.10043865891483 81.15176825871362 49.901034963315
74.10055929359365 81.1518070284835 49.90107526563057
74.10045920560391 81.15177490813983 49.90104185677741
74.10054000866315 81.15180067801555 49.90106872642417
74.10059465879304 81.15181847223536 49.90108712990597
74.10063658202063 81.15183201317949 49.901101178533736
74.10069996282412 81.15185252990113 49.90112244616051
74.10076662908969 81.15187410718114 49.901144814362624
74.10083575906035 81.15189648129157 49.90116800883632
74.3213931622765 81.22913817706258 49.98269106561894
74.32143534677375 81.22915387417385 49.98270706319573
74.3215067868242 81.22918050633304 49.98273420694518
74.32154700322123 81.22919562789632 49.982749623770026
74.32158827310842 81.22921114754385 49.98276544652423
74.32151882447579 81.22918560586754 49.98273942708688
74.51522183832071 81.31193404184643 50.061063790740455
74.51522323997875 81.31193580736715 50.06106520223662
74.51522360641029 81.31193607065018 50.06106545972475
74.51522386007275 81.31193636930698 50.06106570343803
74.51522533115889 81.31193810366204 50.0610671181352
74.32152859418647 81.22919006826152 49.98274400555802
74.51522722998209 81.3119402703199 50.06106890368775
74.51522581007605 81.31194020780634 50.061068444575525
74.51522916870327 81.31194249145143 50.0610707317909
74.51522960047174 81.3119437115856 50.061071546954636
74.51523129414764 81.31194485216437 50.061072694151036
74.51522511154792 81.31194173659289 50.061069095855046
74.51523337112953 81.31194720818112 50.061074639400054
74.51523347473781 81.31194727671388 50.061074708880454
74.51522898341908 81.31194534485559 50.06107228132615
74.51523360563509 81.3119474260151 50.06107483193584
74.51523567438194 81.31194974422608 50.06107675346274
74.51523281141405 81.31194892651034 50.061075438731535
74.51523801430427 81.31195232216191 50.061078902035185
74.51523664105942 81.3119525212926 50.061078604013076
74.55809224266638 81.38968423447693 50.121185085494275
74.51523227035847 81.31195081218242 50.06107633775409
74.58933962830176 81.43666413475898 50.1592852788464
74.58934063420494 81.43666851225557 50.15928828902959
74.58934144939072 81.43667253345932 50.159291044666745
74.62040045273568 81.49705483278484 50.20589301199996
74.6204006834215 81.49705493370823 50.20589314419328
74.62039775287496 81.4970542706372 50.20589189000374
74.6204007311087 81.49705509473868 50.20589326778749
74.62040089969543 81.4970556482849 50.205893693916096
74.62039894459052 81.49705542300964 50.20589300628549
74.62040125378502 81.49705642824637 50.205894326110254
74.62039621833439 81.4970549023396 50.20589190558143
74.62040020357702 81.49705662270023 50.20589417340173
74.62040150916712 81.49705718733397 50.20589491706312
74.62039748171114 81.49705612086629 50.205893086831
74.62040148571339 81.49705784175397 50.205895360126675
74.62040173331332 81.49705794811985 50.205895500668255
74.62039881873555 81.4970573890622 50.20589432226792
74.62040174709173 81.49705808630294 50.2058955993282
74.62040179857628 81.49705866557237 50.2058960112045
74.62624008634067 81.51837839883676 50.21995521770593
74.62624137524537 81.51837857276433 50.21995568308118
74.62623725922455 81.51837905001975 50.21995469701285
74.62624022573443 81.51837943213135 50.21995575929736
74.6262405637492 81.5183794765907 50.21995588078348
74.62623735303288 81.51838008943257 50.21995522808665
74.62624027723767 81.51837977057122 50.21995593841641
74.62623969253538 81.51838040092069 50.21995607075507
74.62623745020142 81.51838114597064 50.21995576844696
74.62623901711525 81.5183813463329 50.219956328835224
74.62623437994878 81.51838180104674 50.21995517773948
74.62623751931076 81.51838220037003 50.21995629947405
74.62623838814062 81.51838231071159 50.21995660983458
74.62623441963034 81.51838287749908 50.219955710743335
74.6262375720601 81.51838326423092 50.21995683024491
74.62623783329786 81.5183832983711 50.21995692402969
74.62623442329092 81.51838395356077 50.21995623290603
74.62623760395547 81.51838368831072 50.219957045036494
74.6262372244205 81.51838430563984 50.21995723174156
74.62623439709989 81.51838503381141 50.21995674826955
74.6262367606854 81.51838533527842 50.21995759320703
74.62623438295864 81.518386136446 50.219957278035764
74.62623642013916 81.51838638775514 50.21995800216088
74.62623436201093 81.51838725303858 50.21995781254834
74.62623606629532 81.51838745986055 50.21995841668753
74.62623435598799 81.51838838844114 50.2199583605831
74.62623574898402 81.5183885499191 50.21995885071125
74.62623097929755 81.51838918395907 50.21995774726529
74.62623436987602 81.51838954701037 50.21995892572427
74.62623537016574 81.51838965833315 50.2199592754349
74.62623099033952 81.51839037011345 50.21995832492288
74.62623440917284 81.5183907259069 50.2199595082227
74.62623494045634 81.51839078178921 50.21995969239323
74.62623104619479 81.51839157860931 50.21995892665133
74.62623448313148 81.51839159652101 50.21995995168625
74.62623430517077 81.5183919110221 50.21996005135658
74.62623109647811 81.51839279380253 50.21995952997524
74.62623385514702 81.51839306215494 50.21996047571001
74.62623113289666 81.51839401358265 50.219960131420315
74.6262333599707 81.51839422347423 50.21996089164382
74.62623115009518 81.51839523458662 50.21996072777432
74.62623300997195 81.51839540215678 50.21996135891725
74.62622770277157 81.51839615942875 50.21996015619399
74.62623115522459 81.51839646342157 50.21996132435142
74.62623268410076 81.51839659577286 50.219961840557154
74.62622769687378 81.51839740345034 50.21996075686425
74.62623115401776 81.51839769854585 50.21996192210038
74.62623237688723 81.5183978006496 50.21996233316737
74.6262276819363 81.5183986521844 50.21996135714332
74.62623114067077 81.5183989387262 50.21996251870767
74.62623209555366 81.51839901586914 50.219962838439216
74.62622766100174 81.51839990551456 50.2199619578746
74.62623114840744 81.518400185979 50.21996312497458
74.62623177828003 81.51840023507766 50.219963335014626
74.62622764880128 81.51840116348893 50.21996256343765
74.62623118593764 81.51840143779637 50.21996374226233
74.62623140157865 81.51840145390271 50.21996381383053
74.62622761533237 81.51840242386471 50.21996316387414
74.6262312118964 81.51840206287926 50.2199640526336
74.62623102314325 81.51840267499186 50.21996429323005
74.62622759700531 81.51840368397562 50.21996376866005
74.62623070667551 81.5184038999266 50.219964792816675
74.62622758754648 81.51840494757529 50.219964377757904
74.62623042959761 81.51840513127352 50.21996530715665
74.62622756875479 81.51840621103564 50.21996498402838
74.62623029745362 81.51840637659177 50.21996587112164
74.62622752524533 81.51840747522027 50.21996558334013
74.62623026454358 81.51840763100708 50.219966468837036
74.62622740701936 81.51840874628127 50.21996616388678
74.62623038435794 81.51840890061186 50.21996711907114
74.62622728782847 81.51841001871641 50.21996674481352
74.62623062444975 81.5184101816295 50.2199678104
74.62622711413606 81.51841129692006 50.2199673124166
74.62623093369359 81.51841147686545 50.21996852906348
74.62623097522425 81.51841120499564 50.219968409692534
74.62623107385765 81.5184114824846 50.21996857323346
74.62622686892396 81.5184125923804 50.2199678672266
74.62623074997529 81.51841275393399 50.21996909315206
74.62623152928899 81.51841278227037 50.21996933733033
74.62623051323382 81.51841404471142 50.21996964819928
74.62623206647999 81.51841408658697 50.21997012779897
74.62623022502743 81.51841535129742 50.219970195682706
74.6262327409933 81.51841540216601 50.21997096433002
74.62622992023428 81.51841666616103 50.21997074226954
74.62623349964812 81.51841672062078 50.2199718271357
74.62623360004042 81.51841804475555 50.21997249803238
74.62623381195733 81.51841718185804 50.219972142843886
74.62623441627655 81.51841805149044 50.21997274266877
74.62623331836289 81.51841935141275 50.21997304748096
74.62623528366811 81.51841936264427 50.21997363409431
74.6262330516365 81.51842064944213 50.21997359717287
74.6262361123961 81.5184206511233 50.21997450310615
74.62623277764557 81.51842195021212 50.21997414604364
74.62623669528105 81.51842195655314 50.219975307626385
74.62623679182684 81.51842153688513 50.21997513295345
74.62623711097297 81.5184219515944 50.21997542815237
74.62623646682025 81.51842322900508 50.219975856248254
74.62623791864107 81.51842320417276 50.21997627355162
74.62623622852266 81.5184244990814 50.219976400810836
74.62623873181403 81.51842443686895 50.21997711095088
74.62623595909007 81.51842577725358 50.21997694008668
74.6262396118743 81.51842565772296 50.21997796239532
74.62623962477495 81.51842694127174 50.21997858776554
74.62623986907698 81.51842594625437 50.21997817817517
74.62624071556456 81.5184268903811 50.2199788856871
74.62623931897785 81.51842821978686 50.21997911645383
74.62624179043256 81.51842809104333 50.21997978496171
74.62623896454251 81.51842952291128 50.219979642675945
74.62624284974818 81.51842935620749 50.21998071087211
74.62624293824848 81.5184290569899 50.2199805921478
74.62624327271797 81.51842933269121 50.219980824563834
74.62624249513392 81.5184306565906 50.219981235713846
74.6262446615723 81.51843053043011 50.21998181527399
74.62624206995892 81.51843200128276 50.219981761146094
74.6262458869717 81.51843179029598 50.219982787732526
74.62624598930643 81.51843146499769 50.21998266046979
74.62624642061283 81.51843175654986 50.21998292919791
74.62624550030276 81.51843310622739 50.21998331062437
74.62624792682148 81.51843290968459 50.21998393301227
74.62624886734197 81.51843414855963 50.21998481106249
74.6262490287408 81.51843364263934 50.21998461380025
74.62624968532236 81.51843406773992 50.2199850138166
74.6262484730033 81.51843545618677 50.21998532766492
74.62625117732729 81.51843514679648 50.21998597755851
74.62625182648264 81.51843636881668 50.21998676128513
74.62625204172163 81.51843569231407 50.2199864973403
74.62625289702417 81.51843622502791 50.21998700823329
74.62625142834791 81.51843766277665 50.21998727014672
74.64962128147779 81.52768702738695 50.22386591542873
74.64962092930853 81.52768776584634 50.22386582910012
74.64962164123574 81.52768713251878 50.22386579797265
74.64962232499182 81.52768731404102 50.22386557911199
74.64962329451573 81.52768762856243 50.22386525511115
74.64962340259842 81.52768753222549 50.22386525043021
74.64962352353604 81.52768755387773 50.22386521422103
74.64962212842735 81.52768865267907 50.22386530926145
74.64962490322368 81.52768773944439 50.22386481583919
74.64962423903879 81.52768861587522 50.223864776552645
74.64962525063066 81.52768776165044 50.2238647213928
74.64962662374667 81.52768782727668 50.22386435339399
74.64962626854907 81.52768861277433 50.22386425658797
74.64962716400943 81.52768783984972 50.223864211771854
74.6496285568961 81.52768785286942 50.22386385128715
74.64962826412952 81.52768862392693 50.22386374191831
74.64962912766316 81.52768785056897 50.223863705397235
74.64963061396524 81.52768783722038 50.22386332725404
74.64963027589525 81.52768862740834 50.22386322493148
74.64963113666309 81.52768783373659 50.223863193980264
74.64963270201325 81.52768780333383 50.22386279963628
74.64963226096714 81.52768864327706 50.22386271182958
74.6496331852695 81.5276877921163 50.22386267833231
74.64963479212429 81.52768775746581 50.2238622743559
74.64963424228394 81.52768866126652 50.22386219918373
74.6496352696329 81.52768774392462 50.22386215508255
74.6496369463233 81.5276876820905 50.22386173969255
74.64963737834454 81.52768768472598 50.223861628219325
74.6496387973427 81.52768767275023 50.22386126701569
74.64963954877553 81.52768778059415 50.223861048419636
74.64964003492119 81.52768780957577 50.223860916756266
74.64964163564808 81.52768783749873 50.22386049938078
74.64964178231014 81.52768801853668 50.223860418436885
74.6496420111123 81.52768817333427 50.223860322696794
74.64964213220495 81.52768874030087 50.2238601559759
74.64964215675931 81.52768834631686 50.22386024394067
74.64964184693608 81.52768860524539 50.22386026148001
74.10045984107558 81.15177511385495 49.90104207001784
74.10059543915145 81.15181872490868 49.901087391799926
74.1006459292839 81.1518350185696 49.901104302173636
74.10070930995153 81.1518555399881 49.90112557274841
74.10080607698967 81.1518868701771 49.90115804711771
74.32140226010195 81.22914161697662 49.98269457340054
74.32142509927984 81.22915013038298 49.98270325031483
74.32140312166227 81.22914239633069 49.98269538468038
74.32141300975357 81.2291461943085 49.98269925975235
74.32150120277451 81.22917887169628 49.98273255745078
74.3214514702917 81.2291602135455 49.98271353650636
74.51522072937385 81.31193235920088 50.06106251325329
74.51522342138145 81.31193484792152 50.06106471677274
74.51522425607983 81.31193630303983 50.061065784405905
74.51522673852529 81.31193873268337 50.061067892127674
74.51522930511793 81.31194119291459 50.061070042177526
74.51522957397171 81.31194139423276 50.06107023567985
74.51523095758466 81.31194271958381 50.06107139422092
74.51523235374253 81.31194405786263 50.061072563778666
74.51523542054947 81.31194691877474 50.061075088538686
74.51523814119506 81.3119496124896 50.061077415904904
74.51524127500744 81.31195257706496 50.06108001897522
74.51523718550104 81.31195075053347 50.06107777063268
74.51524447761678 81.31195561407559 50.061082683326944
74.51524085539731 81.31195418295337 50.06108079689828
74.58933611855502 81.43664799490264 50.15927419772943
74.58933784549433 81.43665591867439 50.15927963827891
74.60742085296631 81.44865661962129 50.17244977946878
74.62040302173175 81.49705535563824 50.205894071338506
74.62040550914584 81.49705644222729 50.205895495614214
74.62040417357554 81.49705644553455 50.205895133843555
74.62040597744614 81.4970572292762 50.205896163806955
74.62040166991616 81.4970559819608 50.20589413302745
74.62040538744 81.4970575816796 50.20589624501754
74.62040633920101 81.49705799315545 50.205896787045205
74.62040286481857 81.49705712467984 50.20589524354789
74.62040651741395 81.49705862364732 50.20589726864402
74.62040654263635 81.49705871430533 50.20589733778303
74.62040411065726 81.49705830552631 50.20589639413821
74.62040695525204 81.49705952652869 50.205898008087416
74.62040538210834 81.49705950770431 50.20589756636032
74.62040727046664 81.49706031613482 50.20589863630924
74.62040282395188 81.49705910071916 50.205896589554825
74.62624567611181 81.51837815447102 50.219956752363785
74.62624639878835 81.5183782546305 50.21995701457363
74.6262429814482 81.51837877327435 50.21995625515943
74.62624580918337 81.5183791257929 50.21995726207551
74.62624584706198 81.51837913175464 50.219957276163825
74.62624311049956 81.51837978030723 50.21995678097527
74.6262458176077 81.51837917199391 50.21995728693945
74.62624520771993 81.51838003057243 50.21995752234966
74.62624036423865 81.51838047939064 50.21995630738814
74.62624320978367 81.51838078427247 50.21995729650295
74.62624464709174 81.51838095095229 50.219957802253916
74.62624043806754 81.5183815033017 50.219956825046964
74.6262433123549 81.51838180763306 50.21995782239483
74.62624407019749 81.51838189241602 50.21995808755783
74.6262405199133 81.51838254646987 50.21995735440174
74.62624342723166 81.51838272974254 50.21995830289506
74.62624333673412 81.51838285071989 50.21995833471635
74.62624060568216 81.51838360970837 50.21995789463564
74.62624264827177 81.51838383073567 50.2199586056964
74.62623764466497 81.51838435341585 50.219957379150486
74.62624068757572 81.51838468650394 50.21995844028853
74.62624201225256 81.51838483069409 50.21995890184195
74.6262376899069 81.51838544480313 50.219957921030854
74.62624078327026 81.51838578466123 50.21995900036698
74.62624136611964 81.51838584894679 50.21995920385568
74.62623770935463 81.51838654065907 50.219958457447376
74.62624087312683 81.51838655201419 50.219959398527855
74.62624065256796 81.51838688317305 50.21995949366766
74.6262377484625 81.5183876599757 50.21995901103852
74.62624013903998 81.51838793956192 50.21995985336227
74.62623777237998 81.51838878559535 50.21995956318982
74.62623976093548 81.51838901508532 50.21996026236978
74.6262377982002 81.51838992826656 50.21996012416097
74.62623948244453 81.51839011359182 50.21996071196425
74.62623782392397 81.51839108444669 50.21996069164527
74.62623920263452 81.51839122923843 50.219961169468704
74.6262345111646 81.51839193163332 50.219960122253426
74.62623786303996 81.51839225673511 50.219961270890266
74.62623893749469 81.51839236153342 50.21996163937331
74.62623454808073 81.51839312863116 50.21996071281336
74.62623790900416 81.5183934414722 50.21996185818864
74.62623858807022 81.51839350462694 50.219962089582665
74.62623460846638 81.51839433930195 50.21996131693473
74.62623797082931 81.5183946389354 50.21996245633996
74.62623817548717 81.51839465734906 50.21996252577756
74.6262346326867 81.51839554777412 50.21996190929673
74.62623800280882 81.51839507024403 50.21996267465697
74.6262376882067 81.5183958142977 50.21996294192984
74.62623466010949 81.51839676676722 50.21996250770047
74.62623727239955 81.51839698721737 50.21996338695193
74.62623467324931 81.51839799078962 50.219963104315916
74.62623694094394 81.51839817442226 50.219963863835815
74.62623470723615 81.5183992228206 50.219963710974326
74.62623665628558 81.51839937265319 50.21996435989779
74.62623473187622 81.51840045821704 50.21996431649845
74.62623642997838 81.51840058192266 50.21996487856056
74.62623474447682 81.51840169658577 50.2199649199016
74.62623627547478 81.51840180257345 50.219965423968276
74.62623123955026 81.5184026904926 50.2199643647315
74.62623474475814 81.51840293781909 50.219965521048934
74.62623615868867 81.51840303097305 50.21996598428204
74.62623127283474 81.51840393944427 50.219964979376016
74.62623475854551 81.51840417810568 50.21996612573177
74.6262360284627 81.5184042583433 50.219966540122954
74.62623130240954 81.5184051901303 50.219965593763376
74.62623475981752 81.51840542235306 50.21996672863159
74.62623594882176 81.51840549468297 50.21996711526615
74.62623128870614 81.5184064417751 50.219966195816895
74.62623476161674 81.51840666636834 50.21996733157495
74.62623588524478 81.51840673253197 50.21996769589063
74.62623125957596 81.51840769388075 50.219966793531626
74.62623474560387 81.51840791106025 50.2199679295786
74.62623587344736 81.51840797411205 50.21996829363397
74.62623119776458 81.51840894871205 50.21996738290186
74.62623471157636 81.51840915673904 50.21996852273291
74.6262359140205 81.51840921835972 50.21996890815596
74.62623110566005 81.51841020728284 50.21996796512472
74.62623467261362 81.51841040132018 50.21996911389626
74.62623597178127 81.51841046002419 50.219969526509715
74.62623462049991 81.51841164278638 50.21996969966224
74.62623610662261 81.51841170187218 50.2199701677464
74.62623452869009 81.51841289287427 50.219970277864434
74.62623634235916 81.51841295164279 50.21997084265603
74.62623439391865 81.51841415157539 50.21997084753305
74.62623664414006 81.51841420135786 50.21997153706923
74.62623417990093 81.51841543154845 50.21997140406809
74.62623718660231 81.51841547303424 50.219972313290725
74.62623392582202 81.51841672517828 50.219971955369594
74.62623777184095 81.51841677093614 50.219973114861595
74.62623782791528 81.51841650079133 50.21997300062678
74.62623799716178 81.51841677084596 50.21997318144917
74.6262375078914 81.51841806530905 50.21997366360402
74.62623883547616 81.5184180619097 50.21997405454751
74.62623723219957 81.51841936570223 50.21997421178934
74.62623975026888 81.51841935101669 50.21997494931425
74.62623699371834 81.51842064766834 50.219974762055216
74.62624060483382 81.51842061522217 50.21997581421213
74.62624057451231 81.51842189612904 50.21997642552148
74.62624077882622 81.5184208598376 50.219975984119074
74.62624153405378 81.51842187627147 50.219976699658396
74.62624036956365 81.5184231509885 50.219976972577186
74.62624229382689 81.51842309470575 50.21997751436011
74.62624017076213 81.51842439410711 50.21997751576524
74.62624305626362 81.51842429311475 50.2199783201523
74.62623994051596 81.51842564603098 50.21997805391849
74.62624376778163 81.51842550608933 50.2199791179403
74.62624381301279 81.51842526455445 50.21997901435327
74.62624399572748 81.51842549574044 50.219979180336374
74.62624351458504 81.51842676125877 50.219979650878365
74.62624503003728 81.51842668905635 50.2199800640598
74.62624323667217 81.51842802182671 50.21998017912162
74.62624613338456 81.51842786591921 50.219980960231425
74.62624664434267 81.51842913444028 50.21998172560866
74.62624682921471 81.5184284428165 50.21998144536141
74.62624759583488 81.51842907222654 50.219981976854406
74.62624631601994 81.5184304231882 50.21998225259095
74.62624896109887 81.51843023578637 50.219982944037355
74.62624964850309 81.51843148403925 50.21998375177792
74.62624982126513 81.51843087767679 50.219983509237125
74.62625052571332 81.5184313987845 50.21998396989966
74.62624930113932 81.51843277837712 50.21998427583636
74.62625193787008 81.51843250765393 50.21998492446591
74.6262525898957 81.51843375131806 50.21998571952233
74.62625279033671 81.51843306983902 50.21998544879166
74.62625363453411 81.51843362410348 50.21998596683651
74.62625224943403 81.51843501793391 50.21998623219752
74.62625508295365 81.518434668327 50.21998690082168
74.64962287894804 81.5276859155679 50.223865771583505
74.64962352440197 81.52768533177868 50.22386574565837
74.64962408970813 81.52768553508119 50.22386555197695
74.64962200155608 81.52768679841697 50.22386578546334
74.64962497163197 81.52768585883581 50.22386524824232
74.64962427347372 81.52768669333419 50.223865227705005
74.64962512709414 81.52768589262911 50.223865200270396
74.64962614144 81.52768610021076 50.22386489035613
74.64962647268132 81.52768660813462 50.223864683844425
74.6496268563393 81.52768623674376 50.22386467426922
74.64962738009079 81.5276863180731 50.2238645204327
74.64962548453451 81.52768755161587 50.22386471163354
74.6496284881528 81.52768659133338 50.223864170759626
74.64962867658002 81.52768641818145 50.22386416384364
74.6496289684591 81.52768643671335 50.22386408452299
74.6496274852007 81.52768754751159 50.223864199309425
74.64963047489267 81.52768658308999 50.22386366299887
74.64963055916711 81.52768650610953 50.22386365979513
74.6496307027539 81.5276865090868 50.22386362224306
74.64962944167164 81.52768756262685 50.22386369372588
74.64963241099335 81.52768659632179 50.22386316309233
74.64963249077138 81.52768652155181 50.22386316051334
74.6496326380277 81.52768652182056 50.22386312266783
74.64963140736872 81.52768757345993 50.22386318679979
74.64963438616427 81.5276865910183 50.22386265759638
74.6496344644621 81.52768651604279 50.22386265544634
74.64963461461411 81.52768651483764 50.22386261721054
74.64963341652994 81.52768756326985 50.223862673752194
74.64963639990648 81.52768656487382 50.223862147190715
74.64963647371752 81.52768649113781 50.22386214589526
74.64963662629427 81.52768648848871 50.223862107382836
74.64963550659408 81.52768751062442 50.22386215010539
74.6496384803598 81.527686492461 50.2238616307393
74.64963760749342 81.52768744479627 50.22386162683275
74.64963851147905 81.52768649360084 50.22386162248239
74.64964016282539 81.52768652943355 50.22386119022708
74.64964015644601 81.52768712926417 50.223861048348326
74.6496405939809 81.5276866349181 50.223861054368314
74.64964123125705 81.52768671582959 50.22386087150502
74.64964260340055 81.52768680767772 50.223860497481866
74.64964178768686 81.52768746423806 50.22386054967892
74.64964232633776 81.52768777569041 50.22386033696044
74.6496421656198 81.52768758050053 50.223860424896614
74.64964193696287 81.52768773452765 50.22386044671002
74.64964261279046 81.52768784236152 50.223860247514224
74.32150180817727 81.22917909777364 49.98273278788537
74.51522075592645 81.31193238194389 50.061062533972816
74.51522345441902 81.31193487617959 50.06106474253038
74.51522464550195 81.31193654473994 50.06106603661951
74.51522702164205 81.31193893531741 50.0610680906287
74.51523115223674 81.3119427077836 50.06107144570284
74.51523197350629 81.31194357890642 50.06107218086641
74.51523375309256 81.3119452631799 50.06107365950716
74.51523597717357 81.31194722663614 50.06107542788657
74.51523700768527 81.3119482333902 50.06107630180907
74.51523489996191 81.31194633752428 50.06107460618669
74.51523863691693 81.31194902334109 50.06107723255815
74.51524101626535 81.3119509396422 50.06107902077521
74.51524123423354 81.31195208047704 50.06107972750215
74.51524184995384 81.31195253135607 50.06108016493309
74.51524449882157 81.31195512621662 50.061082415268814
74.51524494577595 81.3119554601854 50.06108273655549
74.55911770561016 81.37988075873234 50.11473180108723
74.60843390806187 81.4388274597964 50.1659768003246
74.60741487789537 81.44863904533078 50.172437071825414
74.60742161569938 81.44865471768803 50.172448797821886
74.62040591963299 81.49705613765215 50.20589539831989
74.6204076157018 81.497056981629 50.20589644026889
74.62040705863514 81.49705719772983 50.205896436845165
74.62040846486622 81.49705788420543 50.20589729161983
74.62040834319649 81.49705835833976 50.205897584091815
74.62040914127587 81.49705874024352 50.20589806391966
74.62040952133624 81.4970593979968 50.20589861926007
74.62040960091144 81.49705953284575 50.205898733564645
74.6204067038308 81.49705878815735 50.20589743244214
74.62041006386558 81.49706034141913 50.20589941508318
74.62040807758865 81.49706003558143 50.20589866362552
74.62041063207104 81.49706120317626 50.2059001618172
74.62624845635233 81.51837771218683 50.219957360353646
74.62624964910883 81.51837796366658 50.219957834850675
74.62624864016315 81.51837867882861 50.21995788280353
74.62624930404597 81.51837880997628 50.21995814263301
74.62624879097822 81.51837963474854 50.21995839030397
74.6262490294551 81.5183796788374 50.2199584821756
74.62624598499482 81.51838014556537 50.21995780788824
74.62624886612248 81.51838006509284 50.21995862091856
74.62624865111808 81.51838056969811 50.2199588016919
74.62624613029354 81.51838115884948 50.21995834153586
74.62624836582077 81.51838148293808 50.219959159558755
74.62624625740477 81.5183821760391 50.219958871696356
74.62624801676077 81.51838241749272 50.21995950889145
74.62624344668892 81.51838286432128 50.219958373818315
74.62624640298876 81.51838321947551 50.21995942002951
74.62624757096918 81.51838337001445 50.21995983831949
74.62624358441755 81.51838393916127 50.219958935035606
74.6262465477547 81.51838427916093 50.2199599759893
74.62624707926268 81.5183843439483 50.219960164538456
74.62624371651545 81.51838502469981 50.21995949976855
74.62624665862836 81.51838496162915 50.21996033926007
74.62624639737705 81.51838533396302 50.21996044230531
74.62624385719803 81.51838612766448 50.21996007547869
74.62624575166377 81.51838634236799 50.21996073967438
74.62624091871425 81.51838691361434 50.2199595871128
74.62624401174334 81.51838724892865 50.21996066414975
74.62624510035265 81.51838736770584 50.21996104358778
74.62624101449401 81.5183880367852 50.219960159329204
74.62624414946006 81.51838837304267 50.21996124922435
74.62624449223087 81.51838841049558 50.21996136872404
74.62624108808402 81.51838916119041 50.21996072558143
74.6262442175445 81.5183889375597 50.21996154272405
74.62624394626233 81.51838946861366 50.2199617196628
74.62624114098543 81.51839029309733 50.219961289348376
74.6262435830455 81.51839055061248 50.21996213620856
74.62624118489718 81.51839143531119 50.21996185544804
74.62624333688868 81.51839165303852 50.21996259726281
74.62624120338333 81.51839258304628 50.21996241670256
74.62624317103652 81.51839277443524 50.21996309125103
74.62624125954135 81.51839375343202 50.21996300006581
74.62624295369963 81.51839390837158 50.219963576086606
74.62624132714005 81.51839493615837 50.21996359278818
74.62624261627697 81.51839504953647 50.219964028911164
74.62623806486656 81.51839584695014 50.21996306912649
74.62624141662371 81.51839612835452 50.21996419656803
74.62624225965382 81.51839619836403 50.21996447976844
74.6262381430013 81.51839705935839 50.21996367933794
74.62624152594749 81.51839733116852 50.21996481135662
74.62624180903543 81.5183973535531 50.219964905910246
74.6262382188498 81.5183982759203 50.21996429088471
74.62624158390724 81.51839780240053 50.219965056689226
74.62624123646715 81.51839850851022 50.219965295877074
74.62623828080955 81.5183994945622 50.21996489933155
74.62624086039149 81.51839968210695 50.21996575297632
74.62623833573738 81.51840071575474 50.21996550693408
74.62624054046393 81.51840086506297 50.21996623121174
74.62623836944542 81.51840193873365 50.2199661091266
74.62624034722053 81.51840206214763 50.219966753751585
74.62623838405561 81.51840316427142 50.21996670691068
74.62624024153969 81.5184032702055 50.21996730749894
74.62623838165153 81.51840439001876 50.21996729976483
74.62624020749695 81.5184044845573 50.21996788547874
74.62623838076574 81.51840562046915 50.219967895345405
74.62624020557486 81.51840570643327 50.21996847660072
74.62623837434353 81.51840685213007 50.219968489874965
74.62624020668946 81.51840692893505 50.219969068923746
74.62623837181711 81.51840808281695 50.2199690850849
74.62624021087885 81.51840815035872 50.21996966163398
74.62623837323581 81.51840931077533 50.219969680140196
74.62624021817356 81.51840936897531 50.21997025390318
74.62623836908787 81.51841053623103 50.219970272337434
74.62624025842408 81.51841058629633 50.219970855290605
74.62623834497035 81.51841175899185 50.219970857324334
74.62624037308872 81.5184118028765 50.21997147832481
74.62623826704649 81.5184129943308 50.219971432490695
74.62624060415281 81.5184130282823 50.21997214005411
74.62623819260583 81.51841422565829 50.21997200674457
74.62624097165386 81.51841426166358 50.21997284599228
74.62623802915218 81.51841548187211 50.219972566726916
74.62624152946567 81.51841550926937 50.2199736150968
74.62624152086936 81.51841678157584 50.21997422866595
74.62624169743577 81.51841577465225 50.219973793279436
74.62624235895711 81.51841678119058 50.21997447631633
74.62624130773926 81.51841805103888 50.219974780374
74.62624315940141 81.51841803891801 50.21997532207281
74.62624106293487 81.51841933470864 50.219975329595
74.62624402051196 81.51841929183348 50.21997618343917
74.62624082909562 81.51842061018745 50.219975878092136
74.62624454915374 81.51842054842776 50.21997694827026
74.62624462938852 81.51842010720635 50.2199767583367
74.62624494743893 81.51842053705118 50.219977060540955
74.62624435934957 81.51842179602542 50.21997749628795
74.62624573059493 81.51842174967828 50.219977879345265
74.62624418128598 81.5184230294868 50.21997804093206
74.62624651540187 81.51842294441812 50.21997868997593
74.62624399258665 81.51842426063921 50.2199785813129
74.62624736316786 81.51842412793287 50.21997951378897
74.62624745168176 81.51842535295673 50.21998013317878
74.62624761215025 81.51842442496344 50.21997973125363
74.62624835287872 81.51842530964291 50.21998037870358
74.6262472367891 81.51842658033465 50.21998066398599
74.62624931658615 81.51842646489162 50.21998122311472
74.62624699116549 81.51842781883785 50.21998119109295
74.62625039661225 81.51842760995606 50.21998209699157
74.62625032456408 81.51842887001938 50.2199826858682
74.62625057375175 81.5184277719154 50.21998222780317
74.62625171021452 81.51842876355529 50.21998304407387
74.62625002173635 81.51843014757792 50.21998321497135
74.62625295589594 81.51842988028672 50.219983953217664
74.62625329901601 81.51843111657497 50.21998465335365
74.62625350123595 81.5184303016373 50.21998431852204
74.62625440814976 81.51843099605104 50.21998492298013
74.62625298339904 81.51843239487076 50.21998517903182
74.6262558386787 81.51843207789432 50.219985869892014
74.62625617490947 81.51843331362974 50.219986567723026
74.62625639652273 81.51843244759495 50.21998621388268
74.6496260346199 81.52768374453122 50.223865481382674
74.6496239079092 81.52768498981285 50.223865729081595
74.64962683023772 81.527684086046 50.22386519554209
74.64962614088661 81.52768489450334 50.2238651789757
74.6496269720744 81.52768412890008 50.22386514889812
74.64962779135848 81.5276843806019 50.22386487847419
74.64962526086703 81.5276857680098 50.22386519576503
74.64962831773207 81.52768481152395 50.22386464032135
74.64962855809149 81.52768458122254 50.22386463375484
74.64962885098454 81.52768464498322 50.223864543352576
74.64962739443291 81.527685704025 50.223864663670156
74.6496300479437 81.52768486799263 50.2238641828944
74.64962948825077 81.52768565015577 50.22386413935309
74.64963025760173 81.52768489903517 50.22386412167573
74.64963141537214 81.52768504014563 50.22386379086724
74.64963146423668 81.52768563928583 50.223863634979864
74.64963204219328 81.52768508717277 50.22386361879353
74.64963298409353 81.52768515253564 50.22386336149373
74.64963341187993 81.52768563691532 50.22386313584488
74.64963388874718 81.52768518951063 50.223863120542276
74.64963472353199 81.52768521170862 50.22386290105245
74.6496353740854 81.52768562714382 50.22386263474448
74.64963578399583 81.5276852354016 50.22386262330302
74.64963657055088 81.527685235674 50.223862421433296
74.64963733156259 81.52768561665766 50.22386213502818
74.64963771866269 81.52768523086675 50.22386212801518
74.6496385186367 81.52768522389624 50.22386192443554
74.64963935609543 81.527685569147 50.22386162696604
74.64963967970974 81.52768522900554 50.22386162531936
74.64964035344413 81.52768523218452 50.223861451700344
74.64963852627218 81.5276864766114 50.223861622751826
74.64964156513673 81.52768542091665 50.223861095663224
74.64964166984971 81.5276853021469 50.223861097214126
74.64964188513318 81.52768530995782 50.22386104011052
74.64964086548167 81.52768626653007 50.22386107285054
74.64964315812038 81.52768544456848 50.2238606812963
74.64964366838412 81.52768577775905 50.223860470659986
74.64964369522725 81.52768572922452 50.223860475385266
74.64964373574534 81.52768575165214 50.22386045962361
74.64964322276546 81.52768648742352 50.22386041519694
74.64964390125104 81.52768615422431 50.223860320840764
74.64964263601345 81.5276870800208 50.22386042395363
74.64964342571359 81.52768660235446 50.223860335628636
74.6496427334312 81.52768689006194 50.22386044440894
74.64964400817883 81.527686345059 50.22386024774745
74.51524104701073 81.31195096573384 50.06107904462996
74.51524215930357 81.31195273628427 50.061080372557015
74.55911590023777 81.37987609512993 50.11472841087824
74.60741725016176 81.44864286705112 50.17244013488384
74.60742436992737 81.44866081323826 50.17245339581444
74.62040829106598 81.49705701880609 50.205896649889056
74.60742088853944 81.44865222307655 50.172447027801994
74.62040829654516 81.49705759394827 50.205897046390874
74.62040903047517 81.4970584462606 50.20589783181042
74.62040998580235 81.49705939420203 50.20589874325533
74.62041043123018 81.49705986159498 50.205899185673516
74.62041089036857 81.49706033912422 50.20589963879049
74.62041192761134 81.49706134788448 50.20590061433391
74.62625091896399 81.51837770136969 50.21995808335204
74.62625078814904 81.51837851237902 50.219958437397054
74.62625068685813 81.51837934729531 50.21995881174971
74.62625062102428 81.51838020484121 50.21995920754597
74.62624901173527 81.51838066318595 50.21995895360385
74.62625059201436 81.51838108503061 50.21995962519674
74.6262491835526 81.51838166763291 50.219959490814105
74.62625053591378 81.51838198743808 50.2199600455954
74.62624936985631 81.51838269793775 50.21996004482986
74.6262503799752 81.51838291084941 50.21996044664131
74.62624953214385 81.51838372362737 50.219960589508695
74.62625022410072 81.51838385351279 50.219960857028916
74.62624969169525 81.51838476416688 50.21996114056944
74.62625001720201 81.51838481810437 50.21996126294647
74.62624674168246 81.5183853812436 50.21996056701785
74.62624980039695 81.51838536895198 50.21996146558007
74.62624963141802 81.51838579962572 50.21996162416278
74.6262469296988 81.518386490421 50.21996115973387
74.6262493373874 81.518386801805 50.21996202251568
74.62624709385558 81.51838759743573 50.21996174434696
74.62624898857479 81.51838782114723 50.21996241297972
74.62624721946891 81.51838869709135 50.219962313998465
74.62624874523033 81.5183888609947 50.21996284456212
74.62624428092494 81.51838950268214 50.21996183512585
74.62624733196822 81.51838980124536 50.21996288195025
74.62624845841603 81.5183899146003 50.219963269952075
74.62624436597437 81.5183906273607 50.21996240489922
74.62624742793462 81.51839091343987 50.21996344890657
74.62624819347228 81.51839098735842 50.21996371108409
74.62624442597564 81.51839175605465 50.21996296920983
74.62624752178358 81.5183920377779 50.21996402111719
74.62624794023756 81.51839207630336 50.21996416351708
74.62624448236443 81.51839289658196 50.21996353818246
74.62624761938841 81.51839293631514 50.219964485095026
74.62624753767966 81.51839317364427 50.219964575858384
74.62624454979901 81.51839405213357 50.21996411769699
74.62624724629849 81.5183942886031 50.21996502960799
74.62624465242268 81.51839522579834 50.2199647163888
74.62624685495229 81.51839541082774 50.21996545731467
74.62624475884752 81.51839640427622 50.219965318535415
74.6262464131492 81.5183965381278 50.219965872558134
74.6262448968393 81.51839759469668 50.219965935800076
74.62624596618186 81.518397675934 50.219966291362006
74.62624167989263 81.51839854191803 50.219965443183256
74.62624502726348 81.51839878585159 50.21996655118253
74.62624554314642 81.51839882254617 50.21996672150725
74.6262417893189 81.51839974780187 50.21996605948871
74.62624514706536 81.51839975571824 50.219967056265496
74.62624505303054 81.51839997063985 50.21996713253304
74.62624187887764 81.5184009531881 50.21996666967802
74.62624469097453 81.51840113160029 50.21996758765904
74.6262419506152 81.51840215888113 50.21996727474589
74.62624434356198 81.51840229708941 50.21996804930838
74.6262420083229 81.51840336532311 50.21996787602755
74.62624414995251 81.51840347673217 50.219968563293776
74.62624204371281 81.51840457044368 50.219968470069574
74.62624400217501 81.51840465917532 50.21996909218856
74.62624205008252 81.51840578150151 50.21996905840493
74.62624394758245 81.5184058530157 50.21996965415882
74.62624206919847 81.51840699158076 50.21996965003568
74.62624393480584 81.51840705032811 50.21997023017609
74.6262420800927 81.51840820155923 50.21997023918634
74.6262439228004 81.51840824605027 50.21997080565134
74.62624209324726 81.51840940865044 50.219970827607256
74.62624394161712 81.51840944148834 50.21997139010365
74.62624209806917 81.51841061374526 50.21997141259733
74.62624402659347 81.51841063894996 50.21997199510041
74.62624205177295 81.51841182547889 50.21997198568572
74.62624430273574 81.5184118480942 50.2199726622855
74.62624199242175 81.51841304117602 50.21997255683284
74.62624464693853 81.51841306111007 50.21997335147206
74.62624188744897 81.51841426916471 50.219973120441026
74.62624517876029 81.51841428765987 50.21997410269456
74.62624174233085 81.51841551028429 50.219973678536164
74.6262453058906 81.51841553272378 50.21997474320827
74.62624542021022 81.51841468459611 50.219974366310836
74.6262459363118 81.51841553192278 50.21997492924676
74.62624515101896 81.51841677174369 50.219975297402335
74.62624666249909 81.5184167635704 50.21997574041508
74.62624495945735 81.51841802785694 50.21997584902397
74.62624746533936 81.51841799343126 50.21997657338578
74.62624477020917 81.51841928168483 50.219976400223054
74.62624832341345 81.51841922384101 50.219977422955864
74.62624833111109 81.51841917531786 50.21997740173498
74.62624836842751 81.51841922277848 50.219977435752774
74.62624815311943 81.51842045964665 50.219977971032804
74.62624922563329 81.51842043046362 50.21997827406176
74.62624799818266 81.51842168174872 50.21997851701521
74.6262500159954 81.51842161644903 50.219979082095875
74.62624783574931 81.51842290066902 50.21997905923996
74.62625081226139 81.51842278544098 50.21997988364683
74.62624766411835 81.51842411646014 50.21997959722954
74.62625115411493 81.51842399846677 50.219980572143484
74.62625126399152 81.51842329820428 50.219980265535526
74.6262518532725 81.51842396582506 50.21998076308972
74.62625099873907 81.51842518872097 50.2199811025738
74.6262527185889 81.51842510346411 50.219981569877504
74.62625081746712 81.51842638851294 50.21998162996481
74.62625364203544 81.51842622589622 50.21998238649145
74.62625060968236 81.51842759710308 50.219982153776044
74.62625404877599 81.51842741165598 50.21998308097281
74.62625416980048 81.51842672859843 50.219982785992926
74.62625483914368 81.51842735724094 50.21998328834777
74.62625383550954 81.51842862060812 50.21998360333829
74.6262559550087 81.51842845506958 50.21998414994899
74.62625360778503 81.51842982859424 50.219984120960504
74.62625700152863 81.51842956471862 50.219984996767685
74.62625703460125 81.51842939499224 50.21998492435826
74.62625721185842 81.51842954372228 50.21998504879838
74.62625676607578 81.51843077827937 50.219985514803994
74.6262584837409 81.51843060574186 50.2199859391962
74.6262565000416 81.51843201376911 50.21998603441592
74.64962890593705 81.52768229645855 50.22386509116167
74.64962897227228 81.52768223583283 50.223865088647514
74.64962902043806 81.52768226192973 50.22386507004578
74.64962802903923 81.52768313646277 50.22386511516579
74.64962968932815 81.52768263093718 50.22386481014152
74.64962711821258 81.52768399738406 50.22386514287032
74.64963017992667 81.52768305691178 50.22386458235115
74.64963036289011 81.52768288865799 50.22386457566506
74.64963054122084 81.52768294600246 50.22386451619092
74.64962926739193 81.52768392147507 50.22386460962254
74.64963147581608 81.52768323685393 50.22386420681494
74.64963132785995 81.52768387167987 50.2238640928872
74.64963192123244 81.52768332680054 50.22386407101489
74.64963265991436 81.52768345615678 50.22386385054328
74.64963041755885 81.52768475095525 50.22386411606552
74.6496333701523 81.52768382301602 50.22386358054448
74.64963359157153 81.5276836111777 50.22386357441992
74.64963390129788 81.52768365598095 50.22386348423455
74.64963245268483 81.52768470990338 50.2238636037402
74.64963520942717 81.52768383278695 50.22386310630836
74.64963444338092 81.52768468198471 50.22386309967192
74.6496353316301 81.52768384397535 50.22386307227809
74.64963670568187 81.52768395295267 50.22386269366702
74.64963640801801 81.52768465994191 50.223862600883635
74.64963713782582 81.52768397838287 50.22386257670845
74.64963832516392 81.5276840322806 50.22386225918041
74.64963835090309 81.52768464469732 50.22386210604972
74.64963899187265 81.52768405294104 50.22386208318133
74.64964004081968 81.52768407918336 50.22386180777677
74.64964032690224 81.52768460887145 50.22386160764405
74.64964087771062 81.52768409695095 50.2238615888066
74.64964178183521 81.5276841104573 50.22386135360598
74.64964248037536 81.52768447926874 50.22386108614138
74.64964279099613 81.5276841757113 50.22386107907533
74.6496432886943 81.52768419440334 50.22386094690984
74.64964468117135 81.52768429813334 50.2238605648269
74.64964463203239 81.52768479493264 50.22386045857014
74.64964471213938 81.5276845228147 50.22386050312424
74.64964477318478 81.52768473747636 50.223860436102
74.64964568635507 81.5276849458943 50.22386015194601
74.64964570181017 81.52768538025987 50.22386004405442
74.64964570486617 81.52768542782172 50.22386003189068
74.62040830151149 81.49705702572899 50.2058966574909
74.62040851109346 81.49705767835339 50.20589716284074
74.62040916908182 81.49705851219922 50.20589791487775
74.62041063387629 81.49705979684018 50.20589919643597
74.62041083561157 81.49706011912482 50.20589947276929
74.62041143716037 81.49706069751691 50.20590003397638
74.62625086684776 81.51837744214305 50.21995794241053
74.62625058835349 81.51837784816624 50.2199580566707
74.62625097943094 81.5183782397428 50.219958361938986
74.62625094775012 81.51837762823308 50.21995805644838
74.62625105411405 81.51837903820352 50.21995877067667
74.62625112936448 81.51837986036047 50.21995919105696
74.62625031277246 81.51838070044997 50.2199593563879
74.62625082888754 81.51838156789881 50.21995992907193
74.62625102707543 81.51838245624783 50.21996041786028
74.62625108947498 81.51838336518347 50.21996087646271
74.62625119690256 81.5183842940736 50.219961358043605
74.62625133559484 81.51838524650944 50.219961860271965
74.62624993445597 81.51838587059825 50.21996174814458
74.62625141905417 81.51838621898101 50.21996235586924
74.62625012301424 81.51838695306134 50.219962328084534
74.62625141430102 81.51838720968941 50.21996283421172
74.62625028136839 81.518388029692 50.219962896268285
74.62625143371045 81.51838822023444 50.21996332930533
74.62625038536393 81.51838909096779 50.21996344094168
74.62625150476894 81.51838925099251 50.21996384946055
74.62625047811719 81.51839016021172 50.21996398614912
74.62625157518646 81.51839029785381 50.21996437722417
74.6262505838025 81.51839125230924 50.21996454624757
74.62625156908926 81.51839136177726 50.219964890623395
74.62625066954917 81.5183923504512 50.21996510337681
74.62625156133838 81.51839244217913 50.21996541151323
74.62624764941656 81.51839318452218 50.219964614168504
74.62625078803725 81.51839347361623 50.21996568230563
74.62625140770979 81.51839353216336 50.21996589390474
74.62624775837614 81.51839433429397 50.21996520316384
74.62625092920945 81.51839461343764 50.21996627600833
74.62625111724911 81.51839462973811 50.21996633950836
74.62624789598213 81.51839549908112 50.219965807901545
74.62625098332427 81.51839502309255 50.219966490385374
74.62625074202518 81.51839573489218 50.219966763716286
74.62624804405718 81.51839666817483 50.21996641782058
74.62625036601261 81.51839684739826 50.2199671912512
74.62624817468222 81.51839783944794 50.21996702363472
74.62625004019678 81.51839797343709 50.21996764018334
74.62624830081657 81.5183990129952 50.21996762922214
74.62624971469805 81.5183991073378 50.21996809301634
74.62624517223367 81.51839997854229 50.21996717161018
74.62624841086148 81.51840018703837 50.21996823029177
74.62624944678612 81.51840025112679 50.21996856766714
74.62624528175711 81.51840116823253 50.219967780102664
74.62624850792491 81.51840136222725 50.21996882807737
74.62624923196698 81.518401403772 50.21996906230699
74.6262453888833 81.51840235729506 50.219968387582284
74.62624861141563 81.51840253820002 50.219969428143216
74.62624895652333 81.51840255653826 50.21996953907774
74.62624546226463 81.51840354617636 50.219968984995184
74.62624869361436 81.51840329291825 50.2199698179212
74.62624854546445 81.51840370171702 50.219969972070515
74.62624553478838 81.51840473167871 50.21996958051825
74.62624831497583 81.51840485801118 50.21997046384362
74.62624558981676 81.51840592007783 50.21997017227038
74.62624812279293 81.51840601981841 50.21997096961408
74.62624563288041 81.51840710826048 50.21997076037952
74.6262480563112 81.51840719078184 50.2199715169904
74.62624566555758 81.51840829578046 50.2199713450963
74.62624799460075 81.51840835997055 50.21997206491825
74.62624568965762 81.51840948185801 50.21997192657818
74.62624802563973 81.51840953399595 50.21997264261587
74.62624568642644 81.5184106713617 50.219972501636846
74.62624821473246 81.51841071851621 50.21997327213481
74.62624563851652 81.51841186885191 50.21997306735069
74.62624852195749 81.51841190685154 50.21997393843493
74.6262455795332 81.51841307096393 50.219973632028044
74.62624895667577 81.51841311611223 50.21997465257006
74.6262489724325 81.51841289098343 50.21997454821154
74.62624908482732 81.51841311775146 50.21997469126047
74.62624546904085 81.51841429079862 50.21997419005544
74.62624885044517 81.51841432958577 50.21997520877737
74.6262497868557 81.51841433668699 50.2199754891288
74.62624874019309 81.51841554474254 50.21997576461055
74.62625052788616 81.51841555222582 50.21997629688586
74.62624860722889 81.5184167703168 50.21997631877203
74.62625133676701 81.51841676593885 50.21997712382333
74.62624848214985 81.5184179891119 50.219976871982475
74.6262518108407 81.51841798452898 50.219977854114276
74.62625186522175 81.51841746732802 50.21997761974241
74.6262522506124 81.51841798044299 50.21997798218368
74.62625170058612 81.51841918859093 50.21997840457408
74.62625297799077 81.51841916210572 50.21997876949918
74.62625158693118 81.51842038542452 50.21997895052803
74.62625369764561 81.51842032643944 50.219979546139164
74.62625147003568 81.51842157774414 50.21997949333782
74.6262543909067 81.51842147410815 50.21998030690408
74.62625134527093 81.51842276532852 50.2199800315275
74.62625469913749 81.51842264515223 50.219980965128386
74.62625476901638 81.51842200091461 50.21998067382232
74.62625522692795 81.51842262043286 50.219981109234794
74.62625455830575 81.51842383603957 50.21998150016623
74.62625613261889 81.51842375582542 50.21998192687417
74.62625441102 81.51842501957373 50.21998202973475
74.62625703321399 81.5184248702222 50.219982732839455
74.62625425743694 81.51842619386207 50.219982552963785
74.6262575466908 81.51842602581027 50.219983444273986
74.62625762472337 81.5184254663017 50.21998319640894
74.62625814157954 81.51842598648794 50.21998360115108
74.62625738752467 81.51842719358686 50.21998396269873
74.6262591693841 81.51842706819596 50.21998442890494
74.6262572158549 81.51842835974338 50.2199844766414
74.62626018133213 81.51842812531875 50.21998524006442
74.64963058496036 81.52768066893884 50.22386504977912
74.6262604266253 81.51842833460455 50.21998541394795
74.6496316192492 81.52768036524581 50.22386485707573
74.64962978825187 81.52768146460346 50.22386506381796
74.6496321010354 81.52768077864647 50.223864634554744
74.64963188604864 81.52768140233383 50.22386454048991
74.64963236312077 81.52768093719513 50.22386452937777
74.64963273176096 81.52768114926039 50.2238643840579
74.64963108076762 81.52768220891552 50.22386455411616
74.64963338811597 81.5276815111616 50.22386412906997
74.64963315079041 81.52768214858241 50.22386403745069
74.6496337016781 81.52768162374039 50.22386402168448
74.64963424918193 81.52768181297299 50.223863835936925
74.64963229882206 81.52768298243745 50.223864056529976
74.64963514289222 81.52768210416387 50.22386353696949
74.64963430386149 81.5276829429395 50.2238635515521
74.64963520442379 81.52768211718988 50.223863518065876
74.64963629110842 81.527682322106 50.22386319022958
74.64963631346143 81.5276828958663 50.2238630472166
74.64963683696557 81.52768240950502 50.22386302926922
74.64963756487312 81.52768250179719 50.223862820429915
74.64963541088852 81.52768376873313 50.22386306994541
74.64963827945239 81.5276828600247 50.223862551382496
74.64963854708617 81.52768260402406 50.22386254396706
74.64963894744764 81.5276826470664 50.22386243094897
74.64963741012104 81.52768372494916 50.22386256748287
74.6496402191465 81.5276828162311 50.22386206419789
74.64963941497084 81.52768367123866 50.223862065954165
74.64964029570262 81.52768282295713 50.223862042946806
74.6496415977577 81.52768294853573 50.223861678835725
74.6496414586175 81.52768359224271 50.22386156052122
74.64964208720903 81.52768299925619 50.223861541122986
74.64964294794957 81.52768308160819 50.223861300581305
74.64964369012736 81.52768341270716 50.22386103094377
74.64964390832368 81.52768321591661 50.22386102204578
74.64964415318462 81.52768324469568 50.223860952336736
74.64964531005286 81.52768341105055 50.22386061571976
74.64964522819874 81.52768402372133 50.22386049013322
74.6496457275615 81.52768372627642 50.22386043317961
74.64964576981522 81.52768375366284 50.223860415786184
74.64964665746955 81.5276839707402 50.22386013610491
74.64964584380078 81.52768476577234 50.22386015464654
74.64964632536548 81.52768428193545 50.223860146855465
74.64964585777369 81.52768453943435 50.223860205215175
74.64964578843524 81.5276853311575 50.22386003357745
74.62625098421162 81.51837824428019 50.21995836554994
74.62625106013571 81.51837904374266 50.2199587751397
74.62625113910705 81.51837986902656 50.21995919813454
74.62625048507503 81.51838072111829 50.219959417349315
74.62625124411112 81.51838188199503 50.21996020396098
74.62625134320783 81.51838285968716 50.21996070671055
74.62625142248255 81.51838376070623 50.21996116646967
74.62625166756997 81.51838425034177 50.21996147605101
74.62625208503877 81.51838471427233 50.21996182416092
74.62625149404167 81.5183840777515 50.21996134115932
74.62625130001787 81.51838563204865 50.21996203644764
74.6262512254799 81.51838657993106 50.21996247341517
74.62625125400965 81.51838754853085 50.21996295089393
74.62625229216938 81.51838856209814 50.219963748713006
74.62625277029301 81.51838958248666 50.21996438422297
74.62625319307378 81.5183906184385 50.219965010903586
74.62625359047573 81.51839167405066 50.21996563959971
74.62625382063223 81.51839274134292 50.21996622449454
74.62625404447226 81.51839382196111 50.21996681397455
74.62625403754339 81.51839364512597 50.21996672629357
74.62625407904876 81.51839382565001 50.21996682598575
74.62625407299163 81.51839409581048 50.21996695501908
74.62625404911239 81.51839491293936 50.21996734365018
74.6262510914556 81.51839576514587 50.219966881699136
74.6262538996404 81.51839600732433 50.21996782940194
74.62625125000633 81.51839691710076 50.21996748641658
74.6262537284008 81.51839710897778 50.21996831223637
74.62625138652854 81.51839807015536 50.219968085152345
74.6262535244399 81.51839822053631 50.21996879019106
74.62625151356366 81.51839922516433 50.21996868202901
74.62625335403632 81.51839934213267 50.21996928293002
74.62625162962011 81.51840038165142 50.219969276374876
74.62625324680249 81.5184004743869 50.21996979951041
74.62625171476003 81.51840153956758 50.219969862270204
74.6262532203944 81.51840161770747 50.2199703453512
74.62625178999392 81.51840270083679 50.219970446859875
74.62625328232052 81.51840277202058 50.21997092263706
74.62624873918 81.5184037112134 50.21997003395413
74.62625186800736 81.5184038640013 50.21997103318928
74.62625330797206 81.51840392831251 50.21997149015412
74.62624882097714 81.51840488192849 50.21997062505879
74.62625192863447 81.51840502719244 50.219971614390154
74.62625336520603 81.51840508698261 50.21997206816228
74.62624889760498 81.5184060536794 50.21997121513641
74.62625198622204 81.51840619378463 50.21997219633914
74.62625342022858 81.5184062496792 50.21997264746631
74.6262489427461 81.51840722825465 50.21997179727053
74.62625203913558 81.51840736012414 50.219972776783564
74.62625347280391 81.51840741221659 50.219973225969554
74.62624899707271 81.51840839793205 50.219972379749194
74.62625209582158 81.51840852250639 50.219973356427275
74.62625345876134 81.51840856787638 50.21997378144229
74.62624903434022 81.51840956756874 50.21997295716348
74.62625214618468 81.51840968199994 50.21997393280236
74.62625344125429 81.51840971978194 50.21997433407253
74.626249036489 81.51841074388325 50.21997352742626
74.62625218299647 81.51841084055211 50.21997450471422
74.626253509294 81.5184108741179 50.21997491317734
74.6262490260396 81.51841191839173 50.21997409308898
74.6262521860497 81.51841200474294 50.21997506937362
74.62625372132274 81.5184120327738 50.219975536954095
74.62625216372342 81.51841317877877 50.219975631295256
74.62625408492717 81.51841320135583 50.21997621036109
74.62625211415197 81.5184143626698 50.219976189932396
74.62625463049946 81.51841437965756 50.219976942285854
74.62625203529791 81.5184155594224 50.219976746138336
74.6262552354996 81.5184155594006 50.21997769248239
74.62625523866342 81.51841549341347 50.219977661463886
74.62625527635367 81.51841555932543 50.21997770452725
74.62625194276339 81.51841676097763 50.2199773006244
74.62625517233293 81.51841674051127 50.21997824575281
74.62625589748355 81.51841672699848 50.219978453648764
74.62625509833848 81.51841792309469 50.21997879653444
74.62625652200589 81.51841788372883 50.21997919847453
74.6262550236008 81.51841909756475 50.21997934316741
74.62625713808998 81.51841902655629 50.21997993407251
74.62625492758953 81.51842027834968 50.219979886567366
74.62625775626523 81.51842015305532 50.219980662381886
74.62625483083232 81.5184214510422 50.21998042582802
74.62625808101149 81.5184213032334 50.21998131538578
74.62625812954607 81.51842071929931 50.21998104696968
74.62625850207185 81.51842127911286 50.219981428220265
74.62625797936494 81.51842246795292 50.21998184933966
74.62625926650901 81.51842238989735 50.219982192172054
74.62625784718304 81.51842365469696 50.21998238492904
74.62626016970765 81.51842349656926 50.21998299516652
74.62625771387167 81.5184248268888 50.21998291313754
74.62626089689763 81.51842462677395 50.219983757507876
74.62626093664478 81.5184242915964 50.2199836069529
74.62626124137444 81.51842460086334 50.21998384682844
74.62626076048608 81.51842579537244 50.219984283059524
74.62626224970187 81.51842567682064 50.2199846660378
74.62626061601586 81.51842695266537 50.2199848007534
74.64963461656723 81.52767840166447 50.2238645578676
74.62626046255379 81.5184281023515 50.21998531210467
74.64963420599304 81.52767906237143 50.22386450512687
74.64963474288051 81.52767854097863 50.22386449212739
74.64963499675076 81.527678833618 50.22386435697561
74.6496334744175 81.52767982182677 50.22386451111814
74.6496353769466 81.52767926598918 50.223864155980536
74.64963271902555 81.52768059559557 50.22386451979526
74.64963552555966 81.52767976805909 50.223863997725964
74.64963575226845 81.52767954268668 50.22386399348244
74.64963591571657 81.52767965306585 50.22386392513762
74.64963479720811 81.52768053231863 50.2238640017406
74.64963643380291 81.52768004492667 50.223863698456825
74.64963401910991 81.52768132074934 50.22386401273541
74.64963683626353 81.52768047428745 50.22386349246959
74.6496370059406 81.52768030503834 50.223863489430485
74.6496371657814 81.52768037517548 50.223863431639515
74.6496360758788 81.52768125598688 50.22386350053024
74.64963790828105 81.52768069913138 50.223863163628465
74.64963525762278 81.52768206869592 50.22386351601941
74.64963808329661 81.52768120229808 50.22386299833745
74.64963844333448 81.52768084876976 50.22386299054861
74.64963886519378 81.52768096203023 50.22386285521446
74.64963726597185 81.52768201706576 50.22386301309517
74.64963975437814 81.5276812397223 50.22386256063795
74.64963927550636 81.52768195764816 50.22386251172996
74.64963998891508 81.52768128924221 50.22386248861524
74.64964084655347 81.52768145732827 50.22386222835674
74.64964140138983 81.527681841612 50.22386199405996
74.6496416204712 81.527681635044 50.22386198727425
74.64964186615182 81.52768168923484 50.22386191127487
74.6496403648037 81.52768276693075 50.223862038622585
74.6496428829108 81.52768191540639 50.22386159629363
74.64964267814155 81.52768255866724 50.22386149492418
74.64964328178762 81.52768204112508 50.22386146387531
74.64964376807012 81.52768216884253 50.223861308553296
74.64964498076837 81.52768232707754 50.22386095955491
74.64964497140684 81.52768256906585 50.22386090405864
74.64964498792814 81.5276828005646 50.2238608444314
74.64964580880067 81.52768304585855 50.223860575133074
74.64964621419588 81.52768351196116 50.22386035960207
74.6496457591293 81.52768351422652 50.2238604758154
74.64964635459359 81.52768365921885 50.223860288347694
74.64964574747833 81.5276836665625 50.223860442356745
74.64964681170954 81.52768380168763 50.22386013697946
74.64964636063904 81.52768374004475 50.22386026745819
74.62625208987006 81.51838471776283 50.21996182727989
74.62625148395712 81.51838564191169 50.2199620956178
74.62625135842015 81.51838659340982 50.21996251925493
74.62625140405261 81.51838758492771 50.219963012889295
74.62625277585198 81.51838883093819 50.21996402193139
74.62625302154821 81.51838953771119 50.21996443684104
74.62625304885954 81.5183898686094 50.21996460515409
74.62625278769265 81.51838927749458 50.219964241676685
74.62625313002216 81.51839086980013 50.219965113979384
74.62625421639494 81.51839192359611 50.21996594553654
74.62625442126573 81.51839293254446 50.219966494701055
74.62625446443681 81.51839244865329 50.2199662731444
74.6262545620364 81.51839297012532 50.2199665545278
74.6262546509624 81.51839402202849 50.219967090206225
74.62625430477631 81.518394968748 50.2199674462796
74.62625500521291 81.51839509850008 50.219967716242856
74.62625443970869 81.51839607856287 50.21996802360649
74.62625539470952 81.51839619033987 50.21996836014437
74.62625455484115 81.51839718874963 50.21996859525829
74.62625559634611 81.51839728389895 50.21996894932502
74.62625467059542 81.51839830845101 50.21996917170141
74.62625573188758 81.51839838718283 50.21996952366942
74.62625477231475 81.51839943265969 50.219969746176794
74.62625583825115 81.51839949853523 50.21997009329257
74.62625486222203 81.51840056195044 50.219970319620145
74.62625595832864 81.51840061875349 50.21997067126443
74.62625491394792 81.51840169711292 50.219970884615954
74.62625622747754 81.51840175467059 50.21997130092139
74.62625495805337 81.5184028405366 50.219971451358745
74.62625656896893 81.51840290150449 50.2199719572577
74.62625499684019 81.51840399141136 50.21997202013691
74.62625697823833 81.518404058191 50.21997263840824
74.62625503483241 81.51840514523147 50.21997259010635
74.6262573762935 81.51840521602931 50.21997331680029
74.6262550856691 81.51840630213891 50.21997316536916
74.62625767694595 81.51840637283962 50.21997396589089
74.62625513703871 81.51840745896232 50.219973740748884
74.6262578714388 81.51840752322508 50.21997458047703
74.62625519857133 81.5184086099764 50.219974316320815
74.62625793556353 81.51840866310123 50.21997515142198
74.62625526654026 81.51840975279546 50.21997488982767
74.62625780990022 81.51840978532454 50.219975657695024
74.62625532134021 81.5184108935876 50.21997545845868
74.62625772495137 81.51841090516017 50.21997617485178
74.62625535429963 81.51841203454548 50.21997602071134
74.6262577746711 81.51841202673488 50.21997673267451
74.62625535443892 81.51841318920576 50.21997657989388
74.62625794811643 81.51841315391063 50.2199773297973
74.62625530650695 81.51841436822527 50.21997713665682
74.62625837484893 81.51841429491672 50.219978008518765
74.6262584377976 81.51841546489696 50.21997859369377
74.6262584809149 81.51841448845354 50.21997813360402
74.62625900956633 81.51841544573695 50.21997875349742
74.62625837080907 81.51841664676955 50.21997914620296
74.62625974158837 81.5184165957847 50.219979526876664
74.62625830701467 81.51841781881662 50.21997969489871
74.62626047031182 81.51841773464727 50.21998029386405
74.6262582393903 81.51841898491315 50.21998023958034
74.62626116486783 81.51841885771815 50.21998104310045
74.6262581754 81.5184201328517 50.219980776543686
74.6262612826626 81.51842000205046 50.219981632074436
74.62626133438619 81.51841911076036 50.21998121576499
74.62626188381238 81.51841996696938 50.21998179285683
74.62626122859656 81.51842112330007 50.219982159048506
74.62626243012558 81.51842104665863 50.219982477247854
74.6262611468444 81.51842226565273 50.219982688054394
74.62626304595776 81.51842211572227 50.21998317705139
74.62626104370382 81.51842342126642 50.219983217156994
74.62626373644892 81.51842317345546 50.21998389344614
74.62626402094024 81.51842429111173 50.21998451879735
74.62626408610585 81.51842362115144 50.219984213641354
74.62626456685483 81.51842422489972 50.219984648170666
74.64963592429288 81.52767749529085 50.22386443920655
74.64963748758781 81.52767705543448 50.2238641433558
74.64963504704046 81.52767827859452 50.223864476867845
74.64963773465598 81.5276775121991 50.22386397068058
74.64963726145226 81.52767817890376 50.22386393257355
74.64963785306057 81.52767765012487 50.22386390730167
74.6496381168085 81.52767793225433 50.223863772130194
74.64963640012084 81.52767896626028 50.223863965180314
74.64963852362887 81.5276783455858 50.22386356885956
74.64963856538503 81.52767886811591 50.2238634331257
74.64963886767781 81.5276785958107 50.22386342071893
74.6496390597644 81.52767872195174 50.22386334125524
74.64963771537091 81.52767966094348 50.22386346151983
74.64963966270781 81.5276790785531 50.22386310123903
74.64963979041299 81.52767958082414 50.22386294830063
74.64964012928516 81.52767926921834 50.223862935911825
74.64964042682632 81.52767938849004 50.22386283103545
74.64963896562288 81.52768037505204 50.22386296988803
74.6496411635458 81.52767970266027 50.22386256684872
74.64964103799542 81.52768028627126 50.22386245942608
74.64964152438017 81.52767982632233 50.223862444682936
74.6496419923445 81.5276799893043 50.22386228562336
74.64964021545082 81.52768109293271 50.22386247746252
74.64964263398883 81.52768032309065 50.223862041136485
74.64964253386646 81.5276808959654 50.2238619297586
74.64964294914134 81.5276805052444 50.22386191669644
74.64964324090593 81.52768066103287 50.223861804565146
74.64964381988 81.52768100044622 50.223861574811124
74.64964436972798 81.52768134082149 50.223861352299735
74.64964434499076 81.52768158872344 50.22386129933347
74.64964435761237 81.52768182437299 50.22386123971367
74.64964510445387 81.52768209591014 50.22386098313035
74.64964543760347 81.52768257353904 50.22386078337744
74.64964501971295 81.52768258238817 50.22386088847736
74.64964556604703 81.52768273528535 50.22386071172353
74.64964499651393 81.5276827409809 50.22386085648456
74.64964598729073 81.5276828861169 50.22386056755811
74.64964555791462 81.52768280920925 50.223860696123026
74.64964581165947 81.5276834874822 50.22386046873669
74.62625305237489 81.51838987043702 50.219964607078666
74.62625313473444 81.51839087204213 50.21996511645857
74.62625408351359 81.51839192421355 50.219965906540224
74.62625447575815 81.51839245351486 50.21996627884651
74.62625465509092 81.51839298855958 50.21996659097236
74.62625495883779 81.51839411632571 50.219967226913454
74.62625540430523 81.5183952227564 50.2199678944321
74.62625585212574 81.51839578905702 50.21996830108999
74.6262558975706 81.51839631760188 50.219968570475345
74.6262555123121 81.51839572312987 50.2199681686762
74.62625552580893 81.5183973558018 50.219968963284735
74.6262555396387 81.51839842268444 50.21996948400969
74.62625561474142 81.51839950112803 50.21997002845245
74.6262563354047 81.51840062329322 50.21997078497065
74.62625725363202 81.5184017661912 50.21997160995173
74.6262580050602 81.51840290788427 50.21997238502395
74.62625837587036 81.51840403652794 50.219973041221756
74.62625837997342 81.51840389290982 50.219972972888385
74.62625841806869 81.51840403546916 50.219973053187815
74.62625826702245 81.51840519360644 50.21997356934593
74.62625899195606 81.51840517491244 50.21997377466873
74.62625822219405 81.51840635699324 50.219974119456545
74.62625945530084 81.51840631299642 50.21997446280206
74.62625824570281 81.51840750784179 50.219974683704024
74.62625970847358 81.51840743827577 50.21997508258329
74.62625830677484 81.5184086439527 50.21997525192293
74.62625981127479 81.51840855211597 50.2199756523577
74.62625841425714 81.51840975014413 50.21997581937772
74.62625981824839 81.5184096559874 50.21997618896688
74.62625849392454 81.5184108586291 50.2199763797178
74.62625989922978 81.51841076071125 50.21997674787423
74.62625853397878 81.51841197825289 50.21997693373754
74.62626007203217 81.51841186435534 50.21997733341175
74.62625854244546 81.51841311409783 50.21997748627135
74.62626040075867 81.51841297637407 50.2199779691141
74.62625849563096 81.51841428652631 50.21997804017306
74.62626091996043 81.51841409663562 50.21997866513483
74.62626161508095 81.51841524238571 50.21997942552053
74.62626162637892 81.51841509155233 50.21997935582084
74.62626172315974 81.51841523243365 50.21997945266202
74.62626152769823 81.51841644771497 50.219979983357625
74.62626252327513 81.51841635891154 50.21998023476398
74.62626143811909 81.51841765212438 50.21998054009978
74.62626331917329 81.51841747442332 50.219981010308516
74.62626135591373 81.51841883984753 50.2199810909422
74.6262639877771 81.5184185666817 50.219981736949535
74.62626437883468 81.51841967129428 50.21998238749786
74.62626440270404 81.51841926728649 50.21998219891667
74.6262646206964 81.51841964004853 50.21998244388985
74.62626432982303 81.5184207800909 50.21998290993626
74.62626499547349 81.51842067762306 50.219983057160746
74.6262642675314 81.51842189062214 50.219983429287524
74.6262653151881 81.51842169316723 50.21998364348055
74.62626415832544 81.5184230727548 50.21998396943822
74.64963953074175 81.52767546280242 50.223864000201914
74.64963942330141 81.52767600756864 50.223863897426845
74.64963949139695 81.52767650250932 50.223863761536194
74.64963851095136 81.52767729287902 50.223863823982875
74.64963951100904 81.52767662544554 50.22386372709063
74.64963956760403 81.52767699490549 50.223863624173205
74.6496398234077 81.52767743722524 50.22386345271282
74.64964027190834 81.52767782484442 50.2238632449003
74.64964028686761 81.5276778394346 50.22386323757141
74.64964071294742 81.52767821417126 50.223863038593606
74.64964144816979 81.52767852005094 50.223862776774595
74.64964146977015 81.52767853044153 50.223862768746585
74.64964207944564 81.52767885342786 50.22386253504588
74.6496427073175 81.52767918866337 50.22386229374585
74.64964276978321 81.52767915185765 50.2238622865253
74.64964278991548 81.52767916142693 50.223862279070474
74.64964351197514 81.52767946414468 50.2238620213851
74.64964408848928 81.52767980269091 50.22386179246967
74.64964404302191 81.5276800617697 50.22386174214791
74.64964399603367 81.5276803185183 50.223861692773895
74.64964401537125 81.52768079691873 50.223861573350376
74.64964454428505 81.5276811299527 50.22386135796651
74.64964484484953 81.52768144703758 50.223861204985674
74.64964450135754 81.52768129878159 50.223861328586324
74.64964451891862 81.52768136025993 50.22386130937141
74.64964490736592 81.52768158663048 50.223861155546984
74.64964535668963 81.52768198019956 50.223860946099734
74.64964503924034 81.52768257319028 50.22386088566796
74.62625610907904 81.51839632840799 50.219968638254855
74.62625565799964 81.51839736368437 50.21996900619292
74.6262556369447 81.51839842905758 50.21996951587093
74.62625573959738 81.51839950888694 50.21997006913175
74.6262566003694 81.51840061922735 50.21997086135638
74.62625708963128 81.51840170710418 50.21997153284114
74.62625703918584 81.51840223163958 50.21997177192853
74.62625748821534 81.51840279298482 50.219972176544275
74.62625736979177 81.51840228003343 50.21997189312897
74.62625860733264 81.51840399003635 50.219973087155694
74.62625756372472 81.51840386667804 50.21997271880696
74.62625885760522 81.51840448337079 50.21997340006156
74.62625895541481 81.51840502584179 50.21997369167576
74.62625902904706 81.51840610585333 50.219974236442965
74.62625909826613 81.5184071851107 50.21997477953992
74.62625915749811 81.51840826188057 50.21997531847894
74.62625921749006 81.51840933557821 50.21997585615499
74.62625927817912 81.51841040488624 50.21997639191151
74.62625933981202 81.51841146608331 50.21997692401945
74.62626042878642 81.51841260644667 50.21997779826597
74.626261866953 81.51841376974937 50.21997878688296
74.62626196468572 81.51841429975484 50.21997907243802
74.62626202749962 81.5184148221989 50.219979344005395
74.62626331829264 81.51841595848882 50.21998027596061
74.62626442746065 81.5184170698083 50.21998114211432
74.62626462121038 81.51841819063544 50.21998174216718
74.6262646654344 81.5184177194823 50.219981527090255
74.62626477863112 81.51841810636084 50.219981747909436
74.62626511098333 81.51841912542719 50.219982339672015
74.62626516948951 81.51842010757875 50.219982832577735
74.62626506216533 81.51842105763679 50.21998326090335
74.62626473952412 81.51842196885738 50.219983606749096
74.64963959878555 81.52767600056923 50.22386385407796
74.64963954905748 81.52767651301718 50.22386374422825
74.64964036810235 81.52767677470096 50.22386347147742
74.64963960069619 81.52767699578813 50.22386361547166
74.64964006553012 81.52767736187275 50.22386340862089
74.64963925863465 81.52767759214726 50.22386356054862
74.6496399328201 81.52767764945804 50.22386337386232
74.64964019692566 81.52767782303752 50.22386326457075
74.64964113248895 81.52767805808902 50.2238629682971
74.6496403254153 81.52767828388457 50.22386312134219
74.64964103339824 81.52767833237706 50.22386292809439
74.64964175199965 81.52767837955537 50.22386273243667
74.64964231952425 81.52767871782851 50.223862505892996
74.64964149513703 81.5276789446542 50.223862663133716
74.6496422367623 81.52767898371505 50.22386246351101
74.64964331572564 81.52767897229796 50.223862189415634
74.64964298498765 81.52767902101809 50.22386226261551
74.64964359831785 81.52767934269201 50.22386202829112
74.64964276719672 81.52767956777195 50.22386218767723
74.64964350248923 81.52767961092691 50.22386198869975
74.64964270002208 81.52767974730205 50.2238621619577
74.64964423372645 81.5276796528973 50.22386179104613
74.64964378137144 81.52767957635345 50.22386192541967
74.6496445412799 81.52767994370834 50.22386164255843
74.64964455061042 81.527680101885 50.22386160231916
74.64964461157842 81.5276805628923 50.223861476376115
74.64964457109349 81.52768111858046 50.22386135380927
74.62625749206468 81.5184027924823 50.21997217743926
74.62625756757481 81.51840386592073 50.21997271957876
74.6262588629364 81.51840448201398 50.21997340098104
74.6262590215446 81.51840502597777 50.21997371129733
74.6262591043245 81.51840610436021 50.21997425798076
74.62625917273209 81.51840718035024 50.21997479925554
74.62625923610514 81.51840825352448 50.219975337677965
74.62625929603139 81.51840932207273 50.219975872841005
74.62625937405048 81.51841038217566 50.21997640926478
74.62625948701074 81.51841141076113 50.219976940759
74.62626042571347 81.51841228803616 50.21997764316775
74.62626196344101 81.51841358491401 50.21997872591007
74.62626207634734 81.51841417138439 50.21997904329522
74.6262622316608 81.51841462617855 50.21997930945701
74.62626316697103 81.51841499212756 50.2199797632542
74.62626360881434 81.51841552860434 50.219980153702394
74.62626287386921 81.51841518651614 50.219979770711134
74.62626363304224 81.51841652081254 50.21998064134134
74.62626486299963 81.51841772883716 50.21998159004376
74.62626365046549 81.51841749904712 50.219981120201325
74.6262649138968 81.51841861345976 50.2199820334712
74.62626366106676 81.51841846040435 50.219981588871136
74.62626365832337 81.51841942031005 50.2199820528918
74.62626323740389 81.51841889901209 50.21998167598146
74.62626491614033 81.51841956540368 50.21998249511111
74.62626407515228 81.51841899463034 50.219981970020946
74.62626491240952 81.51842004065647 50.219982724147826
74.62626516373679 81.51842059049095 50.21998306472558
74.62626504532608 81.51842027294536 50.21998287593884
74.62626492816825 81.5184216750107 50.219983520239886
74.64964024889657 81.52767583323347 50.223863727317294
74.64963975740827 81.52767645468899 50.22386370472779
74.64963963969029 81.52767698495003 50.223863608060135
74.64963928216048 81.52767758533722 50.22386355614205
74.64963996630512 81.52767763956884 50.22386336763723
74.64964038224029 81.52767776974605 50.223863229775546
74.64964034829472 81.52767827672359 50.22386311718539
74.64964106342654 81.52767832278519 50.22386292268504
74.64964179124355 81.5276783667563 50.22386272543025
74.64964151230254 81.52767893885553 50.22386266011701
74.64964225609572 81.52767897704635 50.22386246014623
74.64964300629717 81.52767901351007 50.223862258944536
74.64964277902197 81.52767956346668 50.223862185673354
74.62626361059985 81.51841552588793 50.219980152914985
74.62626363482362 81.51841651791779 50.21998064046633
74.62626365224324 81.5184174959777 50.219981119240686
74.62626366284141 81.51841845716473 50.219981587827164
